treatment,replica,scenario,world_seed,agent_seed,collection_fraction,opponents_eliminated,self_kills,score,invalid_actions,decision_time_p95_ms,decision_time_max_ms,action_sequence_sha256,repeat_match
control,r1,peaceful,204101,304101,0.3333333333333333,0,0,3,2,0.906789302825927,2.1088123321533203,0177a071f3f6f4a1f88b6d10f080f8a7a5adfd8c2ae99cef9b63c21216f6677f,True
control,r1,peaceful,204102,304102,0.2222222222222222,0,0,2,4,1.1960983276367185,4.606962203979492,76300a178551d527987eb37c064bc460098998f5e3e7d8760e6502fb83d40a79,True
control,r1,peaceful,204103,304103,0.5555555555555556,0,0,5,6,1.1669874191284169,2.2199153900146484,0f095f49cd5eaf0fee21af9b6c5766ca4cfdb0609e1e211b03c3ad8aaf471143,True
control,r1,peaceful,204104,304104,0.5555555555555556,0,0,5,4,0.6274104118347167,1.399993896484375,e2ba2ae3f6909bdd55d6b04870734eb08909722a48729d81597dd10dae223f7b,True
control,r1,peaceful,204105,304105,0.2222222222222222,0,0,2,0,0.5356073379516596,0.9829998016357422,e554d15f5c863c64fa02b883f767075b9f094ee6351ea02b64d50d79be4a12e1,True
control,r1,peaceful,204106,304106,0.2222222222222222,1,0,7,0,0.6979584693908681,3.9141178131103516,4021a718fcbfa09351a1151edc88842c61265c7c46f67c24d520f54c42b246b9,False
control,r1,peaceful,204107,304107,0.3333333333333333,0,0,3,0,0.6106138229370104,1.4200210571289062,1abb396e4030923a8d628b9798775aa26cb2870c6d617dc31f7cc3eb2274e7b9,True
control,r1,peaceful,204108,304108,0.2222222222222222,0,0,2,1,0.6337881088256829,2.171754837036133,6de562604a2afcb32fb4b2dbcf0c2b4eaa65ee7c4cec3093a37c3626193ee48a,True
control,r1,peaceful,204109,304109,0.2222222222222222,0,0,2,0,0.7042407989501951,1.9268989562988281,622b056d4239f72fefb04cd904bea2d2e3d511afcf10060865bf12caa95490cc,True
control,r1,peaceful,204110,304110,0.1111111111111111,0,0,1,1,0.7285237312316891,3.306150436401367,c501c9ba85fe8f80ee9ff93353f137654720776dd27462e00ce106e1cac64e41,True
control,r1,peaceful,204111,304111,0.4444444444444444,1,0,9,3,0.44286251068115223,1.271963119506836,16089c2eb9c71cc8cfa7c1d1e4489f26b0bad36c27a9e5ccd735f02db0241ad8,False
control,r1,peaceful,204112,304112,0.2222222222222222,0,0,2,2,0.5934953689575191,1.0991096496582031,c0fd02344ad6803a70e8fc28a8f363c91d3aca16b05b9a1d13ca247c1778a652,True
control,r1,peaceful,204113,304113,0.0,0,0,0,0,0.6362080574035632,1.9860267639160156,ea965179539f728b46a90c99a061d923d494ee47a4ec2c805b9007460bd4088b,True
control,r1,peaceful,204114,304114,0.5555555555555556,0,0,5,3,1.1039018630981439,5.626201629638672,64d71001d2dc6867fceeedeeb3f734cb16982ae4eed719a6fe027774583a1933,True
control,r1,peaceful,204115,304115,0.0,0,0,0,0,0.7005691528320309,2.070903778076172,d880485ce172db56ee26f0787fee027c226b35aab8c4a0f4ffe9a0ccc0120520,True
control,r1,peaceful,204116,304116,0.0,0,0,0,0,0.5473852157592769,1.3210773468017578,2ee5fc63a420513d6e053ef9fdfbfe13f460ca25278b86e27d2fef44e987d874,True
control,r1,peaceful,204117,304117,0.2222222222222222,0,1,2,1,0.41961669921874967,0.7050037384033203,66757e1bb5ae0ddfc84bb3f95d91bce1799f0313d63878b505d7c7f9b1645be8,True
control,r1,peaceful,204118,304118,0.2222222222222222,0,0,2,0,1.0735869407653802,3.4890174865722656,4cb236dd19b614624da68cde42f3fd052e5bab28cdf1dcc7fcc07d002e35f1aa,True
control,r1,peaceful,204119,304119,0.2222222222222222,0,0,2,0,1.03318691253662,4.415035247802734,c08dbb38e9415a4463d00f43b6ee52974e414efd5db080ff452e756cdb9b7fc3,True
control,r1,peaceful,204120,304120,0.5555555555555556,0,0,5,19,1.1988401412963867,2.344846725463867,633f271f92d141fea2345a8cdb37acb233d6e49218c29c118b04cf93cfc31c29,True
control,r1,coincollector,204201,304201,0.1111111111111111,0,0,1,9,1.1245846748352046,4.009008407592773,75ab862109e06ba23d88f258a8d135a16f468d92ac50f06185c00d21493fb51c,False
control,r1,coincollector,204202,304202,0.6666666666666666,0,0,6,13,1.2721180915832517,4.189014434814453,2e6c166fece69c3c00be3c05142148e2f3445131bb85a9b968125af01846c21f,False
control,r1,coincollector,204203,304203,0.1111111111111111,0,1,1,4,0.6719231605529777,1.3408660888671875,262aa4e82f656b89d1a1f12c39f069ae3ce663eb56782e145d3626f05f3e0bd4,False
control,r1,coincollector,204204,304204,0.3333333333333333,0,0,3,14,2.3642778396606423,7.500886917114258,17fc644c0d1fc2be8bf905b958416ffacd91bbf3c1276202684867b73220086d,False
control,r1,coincollector,204205,304205,0.1111111111111111,0,1,1,6,1.5878200531005853,2.0492076873779297,5d23724218b5a93d5e08efcb1a68d8501be2a4750bc914f3d79d9a1e14206522,False
control,r1,coincollector,204206,304206,0.2222222222222222,0,0,2,9,1.1748671531677222,3.087282180786133,5e62bc85a6b6777d2e606b69ea09e2a9e693bf002ee7f797eb0aa2eb0e4ef0a0,False
control,r1,coincollector,204207,304207,0.3333333333333333,0,0,3,6,0.6993651390075678,2.3941993713378906,c9cf290c0f32615ee5cf9fb919b2215231759a7bd9c7a856a09173042ba02fb7,False
control,r1,coincollector,204208,304208,0.2222222222222222,0,0,2,18,0.9891390800476062,2.006053924560547,a124cbf30ddaa67697fa9910f15d750b05f17d87012b9873fd392f1f00086f99,False
control,r1,coincollector,204209,304209,0.4444444444444444,0,0,4,10,1.0681271553039549,3.9441585540771484,67baf241b6ac70bdb6194d5f324ebbd71bbc42ad1e0b12898e740deddad956d2,False
control,r1,coincollector,204210,304210,0.1111111111111111,0,0,1,12,1.0132908821105955,2.9449462890625,dd4ed4890c09c6e2b3c99d6ff4c73d84dfa79d375cd7efe46d7ccd2f9a0c33e8,False
control,r1,coincollector,204211,304211,0.1111111111111111,0,0,1,10,1.57222747802734,5.6171417236328125,2ec31467a07b6a1bbe81cea96bd431f4816f731434adaaa2f4acf7949125e231,False
control,r1,coincollector,204212,304212,0.3333333333333333,0,0,3,10,0.8202910423278809,1.7750263214111328,03065b4b287cf64719a46e2eb988b51f4ca0d65a1638540b359270aaec5ccb76,False
control,r1,coincollector,204213,304213,0.3333333333333333,0,0,3,6,1.1223077774047856,3.496885299682617,f60056a2e55a28a3824549ba0fc51e44a1c909663281e2f5412bf2a6b136cc03,False
control,r1,coincollector,204214,304214,0.4444444444444444,0,0,4,3,0.8910298347473145,3.384113311767578,0921a3a52e1052d4fd280d0a4739a52f777022871ec7a946515a314519b33600,False
control,r1,coincollector,204215,304215,0.5555555555555556,1,0,10,1,0.7650136947631835,2.0971298217773438,ddbdfd87e185440e87d6855f3e0f91895bacebcf7dae5a8c3dd435ea5686237e,False
control,r1,coincollector,204216,304216,0.2222222222222222,0,1,2,3,1.2097001075744627,2.089977264404297,57493155dc6b697439e86a7f0f6236686f91f68649d3655a9cf2f001381e1fa8,False
control,r1,coincollector,204217,304217,0.3333333333333333,0,1,3,4,1.9958019256591788,8.78000259399414,f1e69608cb338908f39909d071cca30f41dab774b4d359b1ec8222012753a2da,False
control,r1,coincollector,204218,304218,0.4444444444444444,0,0,4,7,1.2828230857849114,2.285003662109375,70addb3b0f7ea39bd44ffe07dcb7b12afdc05ed1049920565fc9525330bb58bd,False
control,r1,coincollector,204219,304219,0.2222222222222222,1,0,7,16,0.9885549545288089,7.706880569458008,0f9b16d006a303f2d3d5819ed50995d3413507fb03d780fc72aa3be3c0c21299,False
control,r1,coincollector,204220,304220,0.3333333333333333,0,1,3,14,0.4733562469482422,0.6380081176757812,20c6612648ba1bb6e14850817c8a7a0b8884172fb4e7540a18be0c840e969b95,False
control,r1,classic,204301,304301,0.0,0,0,0,0,0.11812448501586904,0.2601146697998047,245d699e2f89cf6739db1574bea80bfe69a3066523f26b994e9a4794df880474,True
control,r1,classic,204302,304302,0.0,0,0,0,0,0.1328110694885254,0.4296302795410156,b0d13ac8e8ae701568c57582cfb2b01a89daafbe459ba3ee1443bb7bfc5bdefe,True
control,r1,classic,204303,304303,0.1111111111111111,0,0,1,0,0.14691352844238276,0.2810955047607422,2af3a2b05001127fe000c50aa51b62821c9a1d8ea08ec6801b8a26d6f5579b6a,True
control,r1,classic,204304,304304,0.4444444444444444,0,0,4,4,0.1722216606140136,0.3612041473388672,369470549ebe511e8835fabf0974595851bd09e102aa68a22617307b868b634a,True
control,r1,classic,204305,304305,0.5555555555555556,0,0,5,1,0.1640677452087402,0.4420280456542969,c7c2f3f534e6c9502b544f628e9eff8ea474544d021819c384bb79293fb4c432,True
control,r1,classic,204306,304306,0.4444444444444444,0,0,4,3,0.1650810241699218,0.48995018005371094,6e0d0c95643fd8b8e7e3f905e6393caf0942456c4d40351a68f20e66ca95c23b,True
control,r1,classic,204307,304307,0.0,0,0,0,1,0.11516809463500975,0.29015541076660156,dd19d14be204d37989689e0897ae893e2931724a849b36c1b4f86444991861a6,True
control,r1,classic,204308,304308,0.4444444444444444,0,0,4,6,0.15922784805297832,0.33211708068847656,715bf4c98cbcf8ca400a161ec2ec7b5b0bf7ac7dd340f8da14b3f183e75c9168,True
control,r1,classic,204309,304309,0.1111111111111111,0,0,1,0,0.11806488037109371,0.4372596740722656,160f28b2145c29fea546119e522f072ec5d6544a6f906c3d5b155efacbc6b29e,True
control,r1,classic,204310,304310,0.5555555555555556,0,0,5,18,0.17503499984741208,0.27680397033691406,1daa3e9ee466d111959cd1dcf763e5beb0ce5607131a77190ad1ba95ef12558f,True
control,r1,classic,204311,304311,0.1111111111111111,0,0,1,0,0.14519691467285156,0.537872314453125,38bb094921d904abceec6923caa31ed4d562315feca0681cddb4cf8378d2668f,True
control,r1,classic,204312,304312,0.3333333333333333,0,0,3,1,0.1273393630981445,0.2758502960205078,1912004ff2a7f94f7dd2f271e6560e260b5b327ca285d05234d9a16a69e5414c,True
control,r1,classic,204313,304313,0.0,0,0,0,0,0.14213323593139646,0.3209114074707031,3341a52ab0761c4e4752a7d4dbef89cc963a0173f0636f58a8b488ae1610c380,True
control,r1,classic,204314,304314,0.2222222222222222,0,0,2,0,0.18888711929321284,0.5390644073486328,e450ef28b0f15200d30998e147fc40a9cdd4340b54be5efe8908edc78c59b7df,True
control,r1,classic,204315,304315,0.7777777777777778,0,0,7,1,0.30127763748168823,1.2478828430175781,a2ea159f920d12dca95d97ce7b6b0b93f94a6fd791c8697f0619b54260f000a8,True
control,r1,classic,204316,304316,0.0,0,0,0,0,0.20800828933715723,0.8919239044189453,914b632c7906ebf547421992aceb7161150ba5bdf1e09224b3c8ad118887efce,True
control,r1,classic,204317,304317,0.1111111111111111,0,0,1,1,0.19884109497070226,0.8211135864257812,1dc700b8fc06f7a1f21bd11d3679490609c97718dea5606e0bff5b43fa07a3a6,True
control,r1,classic,204318,304318,0.3333333333333333,0,0,3,4,0.4355311393737787,1.1839866638183594,9b899782570447b831279cf40ad8412d6be0ea61875fe0e6da510e90f63bf6fc,True
control,r1,classic,204319,304319,0.1111111111111111,0,0,1,1,0.5083799362182614,0.8721351623535156,4125646fde3ab4b40a2102a82bb8b62fb4a5fce93d33e8527079fc73ea14853b,True
control,r1,classic,204320,304320,0.0,0,0,0,0,0.16614198684692363,0.8378028869628906,19050ff7cf3551e8dc7074a7408a422feb81adf9797de4a5c807b9955719da6f,True
control,r1,coin-heaven,204401,304401,1.0,0,0,50,0,0.5930423736572265,0.9450912475585938,d3af018a7dcb008a38c31059721eb4d4d6779a9423f0e1fb5d8d67a0989d2c7d,True
control,r1,coin-heaven,204402,304402,1.0,0,0,50,1,0.5019903182983398,1.5671253204345703,786ad1c797a48010fda2fa69b902e5e44470798321e0a090e9065208f942a130,True
control,r1,coin-heaven,204403,304403,1.0,0,0,50,0,0.7984161376953123,2.8448104858398438,2bb7feb9edea2fa35d1a3cb7e9bfc1ef51ec1be63deb61cf6c16cc11cac649ee,True
control,r1,coin-heaven,204404,304404,1.0,0,0,50,0,0.6714463233947754,1.6138553619384766,0f882f16c072598953c7112599ef387f160d229cdf3c5266bf327faf20384b4c,True
control,r1,coin-heaven,204405,304405,1.0,0,0,50,0,0.31223297119140625,0.4360675811767578,0ca2ad51f6c7d73c368df1ab72c9e44b049aa82b9fd94930439a7716db20ebf7,True
control,r1,coin-heaven,204406,304406,1.0,0,0,50,0,0.6876587867736813,2.4862289428710938,95bc03856b22c2f9b3a230c7927ceabfa1afbc28027e69964ed0c6340a5e11cb,True
control,r1,coin-heaven,204407,304407,1.0,0,0,50,0,0.6187200546264647,1.9609928131103516,52746434755644d6f7f174693d797ffd55a1a97e8f434585f40b22f482ab4d54,True
control,r1,coin-heaven,204408,304408,1.0,0,0,50,0,0.7249116897583008,1.8630027770996094,f7b52603abecdefcf00b82cff72f66b49d2c230f78a65365fe862c84eaa89884,True
control,r1,coin-heaven,204409,304409,1.0,0,0,50,0,0.23784637451171875,0.6191730499267578,bf2fe2670f35bcb44bc81d59c032170c5b8854c1d00a0e8686cd78425d6b8ff2,True
control,r1,coin-heaven,204410,304410,1.0,0,0,50,0,0.4052639007568357,0.5619525909423828,3e0a00bb582a4dfd2bd54aa7c96a8554061f5a72ec553c2fd1a7bb5637c4760c,True
control,r1,coin-heaven,204411,304411,1.0,0,0,50,0,0.46753883361816373,2.1219253540039062,4b1b1d10924959a0cae2a4f69d197ff7d91f9e75a2fe243c2b1e0c60b8568cd3,True
control,r1,coin-heaven,204412,304412,1.0,0,0,50,0,0.4982233047485351,1.2917518615722656,c7f865b2ebf284eb24d7705156a8382af017ba62d93e2d9dad1cf8505b52bb64,True
control,r1,coin-heaven,204413,304413,1.0,0,0,50,0,0.6308555603027343,1.844167709350586,813c11dca782eb660faab0523cd94dfa343a1ac8814c31af3d57b3ecd781e320,True
control,r1,coin-heaven,204414,304414,1.0,0,0,50,0,0.49059391021728505,1.38092041015625,e09732464d1857b3ab604a263cd4248b6b7868b928d1e8b9cc79f432cb89487c,True
control,r1,coin-heaven,204415,304415,1.0,0,0,50,0,0.2974867820739746,0.4820823669433594,06bf1a2ba89a18a09b9663325edf01c4688afbe85e5c6e7385e5f0c3a68c3b92,True
control,r1,coin-heaven,204416,304416,1.0,0,0,50,0,0.5525350570678711,1.1749267578125,f593ca3873e24b562096d74676b00c1c5fdd0ffd09926ad39e79c9ed1824b364,True
control,r1,coin-heaven,204417,304417,1.0,0,0,50,0,0.47044754028320296,3.728151321411133,31f9f4ecd350465e02ccfd798734df41f52427b5ceb47903d120735242ef69c9,True
control,r1,coin-heaven,204418,304418,1.0,0,0,50,1,0.3785848617553711,0.5161762237548828,d03e30f242adb66f0cff1eff8358d0b4b61fdc1530febda2bca73667bf1f7408,True
control,r1,coin-heaven,204419,304419,1.0,0,0,50,0,0.9731769561767576,3.5037994384765625,bda13158a2e4568243bcdf4436aa639d673c1d4ee36ecea0ca7c8067f7a47f1b,True
control,r1,coin-heaven,204420,304420,1.0,0,0,50,0,0.8069157600402829,2.0580291748046875,a7cc0a1b472af91bae400ccc1ed5cb6640c0f0ce9a1668786badca720ca8e2d1,True
control,r1,loot-crate,204501,304501,0.38,0,0,19,4,0.7670402526855469,4.090070724487305,be01f9326102c00d1f56ef01b87fed468eed88d8d69f2374a802156f98f8f512,True
control,r1,loot-crate,204502,304502,0.48,0,0,24,5,0.597262382507324,2.207040786743164,bc350d747b69991c2b30b504eee7bb1663ff949e0197e9ee336ecd9b16abb65a,True
control,r1,loot-crate,204503,304503,0.64,0,0,32,10,0.49350261688232383,1.6200542449951172,b2b6a85c48e5f16506ac13706e5faa2f10d95d051acf89d90bc4f7341c7712e1,True
control,r1,loot-crate,204504,304504,0.64,0,0,32,8,0.5741000175476056,2.117156982421875,0726302663953575fc0d2f30a6e98cdba443555b36321e622c80509b0c1a546e,True
control,r1,loot-crate,204505,304505,0.16,0,0,8,5,0.8840203285217283,2.706766128540039,59726733b77cdc6c93ff2eea91fb6057e75a1ad9ba60e3670867e5340926d025,True
control,r1,loot-crate,204506,304506,0.2,0,0,10,38,0.7289648056030266,2.244234085083008,94c1122cced9223d7514ca24a50852991df71975277392130b423d48f3a21b4d,True
control,r1,loot-crate,204507,304507,0.64,0,0,32,14,1.0225892066955562,3.6139488220214844,9fa92df1b4a83c65df2b48805c3cdb519c4ac270c5384abc4b01b5a4b663850d,True
control,r1,loot-crate,204508,304508,0.32,0,0,16,4,0.49539804458618125,1.1630058288574219,d6aac38094ae8a49e4e3e0603d815224eedd4a260529878d1303dbb4a542a90c,True
control,r1,loot-crate,204509,304509,0.64,0,0,32,10,0.47308206558227534,0.9479522705078125,389e196960dfc1f658f8e15baa7bc2cccef516566bced047f3d061b5c3a74fef,True
control,r1,loot-crate,204510,304510,0.14,0,0,7,40,0.6571650505065909,1.7910003662109375,ba281886fd41bcab4156f89cfd119433c23d62676148499113132163286f8060,True
control,r1,loot-crate,204511,304511,0.24,0,0,12,29,0.8053302764892568,2.1729469299316406,531214cc928bb9a9113710314843ef98204530efba0d526f91c168f61fd26563,True
control,r1,loot-crate,204512,304512,0.28,0,0,14,4,0.3531932830810546,0.7879734039306641,5a8fb37f30dc4f116f6cc0cd4c75967a7331e836db11ccf7575d36954d6c891c,True
control,r1,loot-crate,204513,304513,0.42,0,1,21,10,0.819718837738037,2.3980140686035156,d5c47eb28c71b4354d09cd5a5241d8c068d983c8c7c5d032795f19a50650c3d0,True
control,r1,loot-crate,204514,304514,0.16,0,0,8,41,0.6730198860168447,5.0182342529296875,98d6097186e5eaf29499b9a967fd17b3a198e85565aad2bd1a30d4c3ce52064d,True
control,r1,loot-crate,204515,304515,0.18,0,0,9,2,0.9617209434509272,2.5420188903808594,5850e5339e21b487fa92b6691be53eca4d06fd330651705330a968079426d1e0,True
control,r1,loot-crate,204516,304516,0.3,0,0,15,3,0.8505702018737787,1.5261173248291016,db9c70222fa8062a290b5e2b68fd03504297242caad607df714dc9e0cedd2699,True
control,r1,loot-crate,204517,304517,0.14,0,0,7,10,0.9136199951171857,3.2901763916015625,52fb903c57202b6b93b90b7fcb87bff2b656f58c3596b7ae4ce12813c1c6e10b,True
control,r1,loot-crate,204518,304518,0.12,0,0,6,5,0.4303336143493648,0.9818077087402344,0ff848a207b6fdf14fb129501572c059ec0e02b7b113106ff9ebbbd1fecfc0ae,True
control,r1,loot-crate,204519,304519,0.12,0,1,6,4,0.7642269134521487,2.089977264404297,7a6d44b81c04f934573d3358aecb2099df5c2c5de476e5506f014c980f7f22ea,True
control,r1,loot-crate,204520,304520,0.38,0,1,19,5,0.6660223007202148,2.274036407470703,aee42b49fd6a74a14e918d60eaf7cee90dc26412aa2dc0fe50a202da9e7243d5,True
control,r2,peaceful,204101,304101,0.4444444444444444,0,0,4,9,2.0009160041809073,11.291265487670898,ac57bdb733cbcc19a9eae2bb03663e6c926e77907d344833e18230836a6bd225,True
control,r2,peaceful,204102,304102,0.0,0,0,0,3,0.7398366928100586,1.580953598022461,128d4dacf82bc125e167b9c26ffa9cd4695efa1c6da647abc6f7a332205578e2,True
control,r2,peaceful,204103,304103,0.3333333333333333,0,0,3,7,1.5180110931396484,5.962848663330078,a542f4580e0902d063194357395bdf927ac1db351864891ba7d0b6cbba2459a8,True
control,r2,peaceful,204104,304104,0.1111111111111111,0,0,1,0,0.8168816566467285,3.917217254638672,828b2b81ac085374afe5c96d161a40d99e4796d7dad0056f7112788f38469c38,True
control,r2,peaceful,204105,304105,0.3333333333333333,0,0,3,12,0.9361743927001952,2.09808349609375,2e15e4326dd3a82c61a729da993604135482c7de709a71938b957908f431b013,True
control,r2,peaceful,204106,304106,0.1111111111111111,0,0,1,0,0.6109356880187978,11.909723281860352,4783e0fdbdcb254835cecff0381d31f23aebc1a99d26afdcd6b9961ee0683e77,True
control,r2,peaceful,204107,304107,0.4444444444444444,0,0,4,3,0.38504600524902344,0.6539821624755859,c7b61869cb81e7c4468e28e3e1230870fe09096dd9d5b326efd1a3271f373429,True
control,r2,peaceful,204108,304108,0.3333333333333333,0,0,3,1,0.5232214927673339,0.8838176727294922,794cf7daed52fac38cd0e491f28e574ea57b1d6f2a2012055c1da23349fd7838,True
control,r2,peaceful,204109,304109,0.3333333333333333,1,0,8,3,0.2860546112060545,0.6160736083984375,812407cfdd2bdca9ddecc86c747dba70c91cdb9c9d4d96186cb9d65759b1f1f0,True
control,r2,peaceful,204110,304110,0.1111111111111111,0,0,1,6,0.34486055374145497,1.085042953491211,7ae056f276549cf7773b88e702ca4594d1adde626e372840560a5a4bc5094b15,False
control,r2,peaceful,204111,304111,0.4444444444444444,1,0,9,9,0.18898248672485338,0.7212162017822266,fff10a41c8bb2316b589ac0291af840a9ee8ec5ba3a1473bba1a6b23f230daf2,False
control,r2,peaceful,204112,304112,0.1111111111111111,0,0,1,2,0.22724866867065427,0.576019287109375,f00e907553c785653574697890e6550f0df2991fb804f7d01045cc6fa13fda1d,True
control,r2,peaceful,204113,304113,0.0,0,0,0,0,0.159168243408203,0.4360675811767578,ea965179539f728b46a90c99a061d923d494ee47a4ec2c805b9007460bd4088b,True
control,r2,peaceful,204114,304114,0.0,0,0,0,1,0.19034147262573234,0.28967857360839844,3d7f0e376b3666c6a82869da35eeb8e74768d9ba94b72cc684020398ec778a97,True
control,r2,peaceful,204115,304115,0.0,0,0,0,0,0.19607543945312492,0.42510032653808594,227f6535f7bdea5d444fdd209bf673a96ccdf8cf4ea92ffdaff2a4f40cb0c7e2,True
control,r2,peaceful,204116,304116,0.0,0,0,0,0,0.1788854598999023,0.3108978271484375,98ac391b185eaee3b430cac7815d28669ed003af0013e1311cfcbef486328e57,True
control,r2,peaceful,204117,304117,0.0,0,0,0,0,0.1747608184814453,0.3161430358886719,98ac391b185eaee3b430cac7815d28669ed003af0013e1311cfcbef486328e57,True
control,r2,peaceful,204118,304118,0.0,0,0,0,0,0.1760721206665038,0.3650188446044922,33d6787b085a21fa37387e3c6b479f8853985afaf336b5c7d1ce9a8916dcc557,True
control,r2,peaceful,204119,304119,0.3333333333333333,0,0,3,3,0.3020763397216797,0.4019737243652344,f735042a4a853e16efcb11a7f59017f0de270b8b692fafc31d8b91c2ff0d9196,True
control,r2,peaceful,204120,304120,0.1111111111111111,1,0,6,5,0.16498565673828125,0.28324127197265625,5625b28e797dadc89f8c7eb396697fba06851ea01c1b042d1758600d364689ca,False
control,r2,coincollector,204201,304201,0.1111111111111111,0,0,1,11,0.7040977478027344,1.7957687377929688,c5bd362c6cc9de0c28db4c5697b649361761d0c4c8295449aaed1a1d2a982716,False
control,r2,coincollector,204202,304202,0.3333333333333333,0,0,3,9,0.2358078956604004,0.4029273986816406,b3ad8dec297994d16d65b5fcd6d0b09dcd6413055b34d97dbb2fac96e3035027,False
control,r2,coincollector,204203,304203,0.1111111111111111,0,1,1,22,0.3567934036254883,0.5929470062255859,d87d5fb226b5a064ca7982f5051975e37388fa10240ca05599b5bfec64ae9f77,False
control,r2,coincollector,204204,304204,0.0,1,0,5,36,0.3393769264221188,0.8330345153808594,dd79b8aaaa25ed53b30952e40692ba90d86e005c2b138c5a7bd05a210c928b01,False
control,r2,coincollector,204205,304205,0.4444444444444444,0,0,4,10,0.5278348922729486,1.1260509490966797,d8aad5e028deb6cb936e7a51d8de8db8a5e2290501b03411b69d344a10720e8b,False
control,r2,coincollector,204206,304206,0.4444444444444444,0,0,4,7,0.500214099884033,1.0380744934082031,c7bfd9c585f4d33bcdac892a422c05974804c8c2c600db1ae28750316f8fbb05,False
control,r2,coincollector,204207,304207,0.2222222222222222,0,1,2,6,0.4327535629272461,0.5671977996826172,e4e26bcd7cb8b4a9f8a50cd802d53bbf65a3cc861f5452a30669368ef49d3938,False
control,r2,coincollector,204208,304208,0.4444444444444444,0,0,4,27,0.5719423294067384,0.7038116455078125,67b8766e418d6f60a5219785ef45b6fec3ad2c68420412c7d57741e75dc04e57,False
control,r2,coincollector,204209,304209,0.5555555555555556,0,0,5,5,0.32523870468139643,0.6411075592041016,c2885b2fd24b3a57f68e4780f90441d01cb40487589d0c6908399846c4f9dee7,False
control,r2,coincollector,204210,304210,0.3333333333333333,0,0,3,11,1.1241197586059553,2.038240432739258,136c58c855603417720ab1604b39afa18f905f5a057bfe6f7e8baea6137f0b87,False
control,r2,coincollector,204211,304211,0.3333333333333333,0,0,3,6,0.48804283142089844,0.9908676147460938,6671dfbe99591efe9b5bab2244c83a5b4586bb0bf8d4309729960ba638e0c007,False
control,r2,coincollector,204212,304212,0.4444444444444444,0,1,4,4,0.38182735443115207,0.8101463317871094,4f395373b51e49865f4f185d8c4513d0eb85ba91ead7322051e71227a3fe073e,False
control,r2,coincollector,204213,304213,0.4444444444444444,1,1,9,12,0.7272958755493164,1.374959945678711,c14eae3077a8eed21eddc770a2572c5172ae17483224ba55c179f0e2a1387a69,False
control,r2,coincollector,204214,304214,0.1111111111111111,0,1,1,2,0.7536292076110834,1.8820762634277344,84d1933f2b61c933ade911af8d957a0860e3bbb9d479f30b0e20c736a34e1c2f,False
control,r2,coincollector,204215,304215,0.2222222222222222,0,1,2,6,0.5557298660278318,0.7259845733642578,1494e70fec47bf3ee7299b94a5a19c89ac6c8fb491e33f6882ca780ac4c17a05,True
control,r2,coincollector,204216,304216,0.1111111111111111,0,0,1,13,0.9855031967163072,4.103899002075195,eab720675125a50ba6d299e41af9b2ddd32bd98c1327d47bde9deae3cd175ef5,False
control,r2,coincollector,204217,304217,0.5555555555555556,0,0,5,12,0.7853388786315914,1.4469623565673828,37fa28d7e9dcba2d84bd487ba0b84475ed68201fd34a0bdc9931764435d67145,False
control,r2,coincollector,204218,304218,0.4444444444444444,0,0,4,14,1.3121128082275382,3.3617019653320312,956b50e3c54df451a1fdc8c1a8cdb4df9acbd244e5bf883787361be0379b9c54,False
control,r2,coincollector,204219,304219,0.1111111111111111,0,1,1,7,0.8260250091552731,2.3491382598876953,811616874dbcb0c0c2c62c649b5dede976f22318bcc88599cde7c284cdead3d9,False
control,r2,coincollector,204220,304220,0.5555555555555556,0,0,5,10,0.9601593017578125,3.9911270141601562,d1c010e89f8007a724f73263bbd6fc4723273161660ddc85fcb8b54328564e86,False
control,r2,classic,204301,304301,0.1111111111111111,0,0,1,0,0.46443939208984353,3.5409927368164062,4330cf8749225e0049024308cf59966a4be0984482aae62c05e14d2aaa0682a4,True
control,r2,classic,204302,304302,0.0,0,0,0,3,0.6756424903869624,6.434917449951172,b7658104e41ee783dde216e9b78306f4f7c21080cd69180c82cb9e9136d53617,True
control,r2,classic,204303,304303,0.2222222222222222,0,0,2,1,0.8960962295532205,5.041837692260742,e0d622f0e70a5b19f6141dba63030ac9be05dfd94901a73c3069926edd32c91b,True
control,r2,classic,204304,304304,0.4444444444444444,0,0,4,7,0.9389400482177725,2.2029876708984375,c8330785296596c92ccbf4c6cb7b658a965774aa3bf892330e15cf79ff86d74a,True
control,r2,classic,204305,304305,0.7777777777777778,0,0,7,4,0.7929205894470207,2.054929733276367,48fc226702fc281d421d1ae83b09f8e03c90b4cad2eddb34a1b37610f083aabc,True
control,r2,classic,204306,304306,0.3333333333333333,0,0,3,1,0.6678104400634761,1.9578933715820312,4e095afc34450a6cd121a22ec7a6bf32390be262b93ac194af8a05904a86959a,True
control,r2,classic,204307,304307,0.1111111111111111,0,0,1,23,0.394141674041748,1.0221004486083984,0ac006dfcb573b25ceba6a969e7c9b44a6a0966f84f1b7bbcb56d25f8c7b0374,True
control,r2,classic,204308,304308,0.3333333333333333,0,1,3,2,0.8717298507690425,4.675865173339844,c22b998498a620a5522cd479822b4d7870dda5e4c7bfafdd85627998f86a7a5d,True
control,r2,classic,204309,304309,0.2222222222222222,0,0,2,14,0.8499860763549802,1.8649101257324219,90787479395ec9b65cc881e194e2da10621b5168a0637db59b5d767592191a08,True
control,r2,classic,204310,304310,0.7777777777777778,0,0,7,3,0.4304885864257809,1.0759830474853516,d2fcedfa8e7386a0cd073acfb8e3f36ab2836d8dccadb9079e73018fd13b2d99,True
control,r2,classic,204311,304311,0.2222222222222222,0,0,2,1,0.8064627647399897,3.3121109008789062,16d747050e57344be2ae68870bb6b4dc4fd4fc2530852b6398feef26d131c826,True
control,r2,classic,204312,304312,0.0,0,0,0,0,0.8456826210021959,4.149913787841797,31673b0bfd5487e91ad89e2787e6739218b37145900cfa2e17cf8e42a495ddf6,True
control,r2,classic,204313,304313,0.2222222222222222,0,0,2,9,1.0498523712158196,3.110170364379883,9f61216647f4f1c9c683a8461d0a02af3f86f062a5c461390b8f0799845fbf42,True
control,r2,classic,204314,304314,0.2222222222222222,0,0,2,2,0.9704947471618638,4.054069519042969,708734b98be73d65f1d51ec2a28b95bb0f3ee643b02574be305d6684360ae5d6,True
control,r2,classic,204315,304315,0.0,0,0,0,0,0.6120443344116209,1.4111995697021484,676d56fcf2a9023e18afec1eb063d775f5824c7797bc19a2f23377601cfa4afe,True
control,r2,classic,204316,304316,0.2222222222222222,0,0,2,3,0.2477645874023437,0.7610321044921875,f5286723fa8ffb64d7cabdc9d6c0ebefd3dd0b3a7989544d785feedbf9d64d80,True
control,r2,classic,204317,304317,0.5555555555555556,0,0,5,3,0.475728511810302,2.6922225952148438,3a9930d19d06a305c42938b4a7fdeaff3b3fe30c42cbb9e303f80f396317fb27,True
control,r2,classic,204318,304318,0.4444444444444444,0,0,4,4,1.1814951896667467,15.590190887451172,8831c7b45ebd7ccb72dd1b8b5e60f6202401cf12673e854833c51735770ab179,True
control,r2,classic,204319,304319,0.0,0,0,0,0,0.9074211120605467,3.4618377685546875,74dfd8175ea288e20ec20164227bbea045d4c165c398ab20ed0fb9ac2d94526f,True
control,r2,classic,204320,304320,0.0,0,0,0,0,0.46905279159545804,4.443883895874023,d1ee16aae8e4579dc2fcd27b6b5f7265edeebe84bde108103bd454dc8ce04b06,True
control,r2,coin-heaven,204401,304401,1.0,0,0,50,0,0.44869184494018544,0.7607936859130859,d3af018a7dcb008a38c31059721eb4d4d6779a9423f0e1fb5d8d67a0989d2c7d,True
control,r2,coin-heaven,204402,304402,1.0,0,0,50,1,0.2727508544921875,0.4572868347167969,786ad1c797a48010fda2fa69b902e5e44470798321e0a090e9065208f942a130,True
control,r2,coin-heaven,204403,304403,1.0,0,0,50,0,0.30970573425292963,0.4858970642089844,2bb7feb9edea2fa35d1a3cb7e9bfc1ef51ec1be63deb61cf6c16cc11cac649ee,True
control,r2,coin-heaven,204404,304404,1.0,0,0,50,0,0.657498836517334,1.132965087890625,0f882f16c072598953c7112599ef387f160d229cdf3c5266bf327faf20384b4c,True
control,r2,coin-heaven,204405,304405,1.0,0,0,50,0,0.5778312683105468,0.9160041809082031,0ca2ad51f6c7d73c368df1ab72c9e44b049aa82b9fd94930439a7716db20ebf7,True
control,r2,coin-heaven,204406,304406,1.0,0,0,50,0,0.9577155113220214,1.7812252044677734,95bc03856b22c2f9b3a230c7927ceabfa1afbc28027e69964ed0c6340a5e11cb,True
control,r2,coin-heaven,204407,304407,1.0,0,0,50,0,0.6305932998657218,3.773927688598633,52746434755644d6f7f174693d797ffd55a1a97e8f434585f40b22f482ab4d54,True
control,r2,coin-heaven,204408,304408,1.0,0,0,50,0,0.7359981536865234,4.270792007446289,f7b52603abecdefcf00b82cff72f66b49d2c230f78a65365fe862c84eaa89884,True
control,r2,coin-heaven,204409,304409,1.0,0,0,50,0,0.646901130676269,2.7098655700683594,bf2fe2670f35bcb44bc81d59c032170c5b8854c1d00a0e8686cd78425d6b8ff2,True
control,r2,coin-heaven,204410,304410,1.0,0,0,50,0,0.5452156066894531,0.9551048278808594,3e0a00bb582a4dfd2bd54aa7c96a8554061f5a72ec553c2fd1a7bb5637c4760c,True
control,r2,coin-heaven,204411,304411,1.0,0,0,50,0,0.7597446441650391,1.5048980712890625,4b1b1d10924959a0cae2a4f69d197ff7d91f9e75a2fe243c2b1e0c60b8568cd3,True
control,r2,coin-heaven,204412,304412,1.0,0,0,50,0,0.724208354949951,1.600027084350586,c7f865b2ebf284eb24d7705156a8382af017ba62d93e2d9dad1cf8505b52bb64,True
control,r2,coin-heaven,204413,304413,1.0,0,0,50,0,0.3279685974121092,0.6771087646484375,813c11dca782eb660faab0523cd94dfa343a1ac8814c31af3d57b3ecd781e320,True
control,r2,coin-heaven,204414,304414,1.0,0,0,50,0,0.36082267761230463,1.367807388305664,e09732464d1857b3ab604a263cd4248b6b7868b928d1e8b9cc79f432cb89487c,True
control,r2,coin-heaven,204415,304415,1.0,0,0,50,1,0.2109050750732421,0.27489662170410156,be96db932dcf67cf5ee03488c7780cf80d11a15dcd46c5ab812c51ce00d4c211,True
control,r2,coin-heaven,204416,304416,1.0,0,0,50,0,0.28955936431884766,0.7560253143310547,f593ca3873e24b562096d74676b00c1c5fdd0ffd09926ad39e79c9ed1824b364,True
control,r2,coin-heaven,204417,304417,1.0,0,0,50,0,0.16734600067138666,0.32591819763183594,31f9f4ecd350465e02ccfd798734df41f52427b5ceb47903d120735242ef69c9,True
control,r2,coin-heaven,204418,304418,1.0,0,0,50,1,0.20923614501953125,0.324249267578125,f1d13022760ab8819db2fd3ac3aea8170f6826112792c5485fc1bdc68984f9d9,True
control,r2,coin-heaven,204419,304419,1.0,0,0,50,1,0.2626776695251463,0.5230903625488281,12156d786340f9586c2e7663a2acf5f43710fe2d604c231f11fca9e30bde2f9a,True
control,r2,coin-heaven,204420,304420,1.0,0,0,50,0,0.1372814178466797,0.2281665802001953,a7cc0a1b472af91bae400ccc1ed5cb6640c0f0ce9a1668786badca720ca8e2d1,True
control,r2,loot-crate,204501,304501,0.24,0,0,12,4,0.1578927040100097,0.35309791564941406,8a84a41384ab6f3aea737136e79c7a2b64e3db420973915670ef6a2d005412e7,True
control,r2,loot-crate,204502,304502,0.1,0,0,5,0,0.182199478149414,0.6728172302246094,ce13d7331281f076680df98383953cfe5a925f07135967e80bdfb04557b919f2,True
control,r2,loot-crate,204503,304503,0.28,0,0,14,28,0.21516084671020497,0.3211498260498047,53802c581ae5f6efc79dcd7f72eed19535ce50dc533a25ebf66da97035fb9293,True
control,r2,loot-crate,204504,304504,0.04,0,0,2,0,0.17931461334228513,0.370025634765625,7aba01d7e9661c1fbabc71813c2149c33c7a3c25134b61e8a2dad1b981f650eb,True
control,r2,loot-crate,204505,304505,0.3,0,0,15,2,0.1759648323059082,0.7529258728027344,03ab810261bbef715d81546c5c2b370424e8b5d6f1b0942ab88111c7c8fae099,True
control,r2,loot-crate,204506,304506,0.36,0,0,18,33,0.1612186431884765,0.3008842468261719,fea01480280a5b0f928d4fe7d408d5806a7eeb8d160812ad49532c5cebb15997,True
control,r2,loot-crate,204507,304507,0.42,0,0,21,12,0.18005371093749994,1.1289119720458984,5661ee694a8cff64e8ccfe35c88b89f808178bbde4f0c51e0e9907d55e4a64f8,True
control,r2,loot-crate,204508,304508,0.18,0,1,9,4,0.24008750915527344,0.4239082336425781,79c8043c96944ea87d36e009a97efa299b464afb0772a18d9ea0b9ee5d324c96,True
control,r2,loot-crate,204509,304509,0.44,0,0,22,3,0.17795562744140617,0.7188320159912109,702f80846995d2e3a8ffe5015b65cef96aaa26d9107ee61d0aa6be9f8c91f9a0,True
control,r2,loot-crate,204510,304510,0.14,0,0,7,2,0.16500949859619116,0.5710124969482422,371477f44f402132af6b2b99f3c5c3fad02908662e7f4bae19327d5631d82b44,True
control,r2,loot-crate,204511,304511,0.34,0,0,17,38,0.19412040710449213,1.5859603881835938,3b5ae3195caa123a57ce140b4d6fea8b999f3a9d4ac41077de6b97f0c4f8f021,True
control,r2,loot-crate,204512,304512,0.68,0,0,34,17,0.2130150794982909,0.9441375732421875,da84b00574e49a524b60c435f5bc95fdcc2a2beec030cabce3514f68bdf7bbb5,True
control,r2,loot-crate,204513,304513,0.3,0,0,15,7,0.17104148864746085,0.47397613525390625,ad5644d9616d6958e3359bb5aa955f4c432358c1926864525eacd488726af189,True
control,r2,loot-crate,204514,304514,0.26,0,0,13,3,0.18005371093749994,0.3337860107421875,0f51a3f78811a9531bf63ca7c810593951bad32da8c0c829daa35fe68540a9bb,True
control,r2,loot-crate,204515,304515,0.26,0,0,13,6,0.18610954284667955,1.4531612396240234,11f66478c62a636fce482a398e6667d82dada52e52dd40eb298c57d18b6e78ef,True
control,r2,loot-crate,204516,304516,0.14,0,0,7,1,0.15926361083984353,0.7290840148925781,c9d2d8f7de7925d840a271d5eedef558d35f85b66d1bb024ce2efd4248a6130b,True
control,r2,loot-crate,204517,304517,0.3,0,0,15,32,0.1817941665649413,0.4029273986816406,93fc30b729c3aef54131404a7ded9067beb1a3bae2172c54575eda8309e61cc9,True
control,r2,loot-crate,204518,304518,0.14,0,0,7,4,0.1551628112792967,0.39386749267578125,41403f01f3ffc5d4f67f383384f1e533c212675ec15a48129bf4a52258fdadda,True
control,r2,loot-crate,204519,304519,0.12,0,0,6,2,0.16318559646606434,0.37670135498046875,5baacafa6e0e1682e270a674adff0bd43df714470769d44edbbdf07b98aef9ac,True
control,r2,loot-crate,204520,304520,0.16,0,0,8,1,0.1709461212158203,0.5309581756591797,d2d846557a43a8d9111351f3a516866597ebefb01dde289085c90ba5f6c6c1ca,True
control,r3,peaceful,204101,304101,0.4444444444444444,0,0,4,7,0.5995512008666987,1.2249946594238281,3724fce26f63fd46223fe092f519da5b2c6234932654fd60a58ae1c6bbd5e56a,True
control,r3,peaceful,204102,304102,0.4444444444444444,1,0,9,1,0.5881309509277342,1.1641979217529297,4b517c53907448300cf15bc0513e446117de2c985d40455c2921c93a130b2631,False
control,r3,peaceful,204103,304103,0.6666666666666666,0,0,6,5,0.6098151206970214,2.0570755004882812,fdca477598004296ce8d53d0c878cee6d5caf59d68a5969e5609c7ccf5ef44ae,True
control,r3,peaceful,204104,304104,0.1111111111111111,0,0,1,0,0.31341314315795843,0.6952285766601562,e41a711dbd8413a682dcfb48f3093c4917637b5b11f0db94e2766f8503d0fc27,True
control,r3,peaceful,204105,304105,0.3333333333333333,1,0,8,3,0.34816265106201144,0.9169578552246094,a8c2a49a2b8fc3cd24c9f6328de7d65227dda3fd62c18b61d665c95fd25e554d,True
control,r3,peaceful,204106,304106,0.2222222222222222,0,0,2,0,0.3772497177124001,0.8740425109863281,e2e8e0453213402c45377a6f92b40da9ff80bbd4c19dadd6b612a47eeb87dd0a,True
control,r3,peaceful,204107,304107,0.2222222222222222,1,0,7,3,0.2609848976135252,0.7569789886474609,6e5e7a0841732f7633b5f210d1b0b5dd08d312976d306b996114b8a50bbf5f39,False
control,r3,peaceful,204108,304108,0.5555555555555556,0,0,5,0,0.3964662551879879,0.8139610290527344,9e846a325b36d53953359cfc9d68c2776652cf22b24fb62b0f1f49c94bac534e,True
control,r3,peaceful,204109,304109,0.2222222222222222,0,0,2,2,0.6511926651000973,1.2559890747070312,6179afd2145632fe0c4493a352de4d6ba1a7ca0fa79430df0d333725fd1ee1c0,True
control,r3,peaceful,204110,304110,0.2222222222222222,1,0,7,3,0.831186771392822,1.6062259674072266,d45e2f3ffe82ee0fcacf8935a1565d0fd11e817dc6974d662d62d8ee18069f12,False
control,r3,peaceful,204111,304111,0.3333333333333333,0,0,3,0,0.4549622535705566,0.9827613830566406,d6be8195c488f6b2624c887cf1da0b3005f6e063594c3399c155fa8e1d80cfbe,True
control,r3,peaceful,204112,304112,0.3333333333333333,1,0,8,3,0.7169842720031738,1.544952392578125,99f32fbc6e308e69a271d9a74ddd263cfb519e07d4ef7f8ade40288517a62771,False
control,r3,peaceful,204113,304113,0.1111111111111111,0,0,1,30,0.8954644203186031,3.3309459686279297,7bf64842052d49d2e8574ec531a179e50e0516e3d5966cf8789355fe4d43f979,True
control,r3,peaceful,204114,304114,0.0,0,0,0,1,0.58213472366333,1.226186752319336,420da31861135953aaba0607b5bab23d9a8c3961c877f70105fe0414601eca96,True
control,r3,peaceful,204115,304115,0.3333333333333333,1,0,8,6,0.5164384841918941,1.1448860168457031,407a9ae21629b35f91312d8436edb3f649851aa2b419071f9551eca650804ac3,True
control,r3,peaceful,204116,304116,0.2222222222222222,0,0,2,29,0.6513357162475581,1.5532970428466797,f25283d5dc409c84f051dff7baa3e68ee1e5ed7646c582f4f673dee3e7be1897,True
control,r3,peaceful,204117,304117,0.5555555555555556,0,0,5,15,0.8952260017394998,1.7778873443603516,c2f6e364e761904718134b0be23de546d0da6ca6fac50f756c0c8964db410a1c,True
control,r3,peaceful,204118,304118,0.2222222222222222,0,0,2,3,0.7265806198120112,1.5082359313964844,4e14d678bb05901a2544442315c2d4bd91c05206010fca2b2144553faf3c6c7a,True
control,r3,peaceful,204119,304119,0.0,0,0,0,0,0.6839752197265606,1.4052391052246094,287ed0138500d6b6d7c5470a5d917ad8d67c3cb75aca88959cd9a3a87a6b70c2,True
control,r3,peaceful,204120,304120,0.0,0,0,0,1,0.8698582649230956,3.8597583770751953,427a04b6a4e65218afd3d84349ca2c91c999c7f41a744b443d173a98af680531,True
control,r3,coincollector,204201,304201,0.3333333333333333,0,0,3,8,1.6991257667541502,5.502939224243164,1d85799abc48e98231ba023a2eb05cc8a8433440b25bdb75f1fd163ce5335441,False
control,r3,coincollector,204202,304202,0.2222222222222222,0,0,2,11,1.5359997749328604,5.052089691162109,1dc48765d334fa694f22b473278a1e87932e9d48c148325fa5ef16d8b3769d60,False
control,r3,coincollector,204203,304203,0.4444444444444444,0,0,4,13,1.5215396881103511,5.176067352294922,ff0271f501de58c18d5b777862d64a3eb6ef755b6e831f90315bcc9480c05070,False
control,r3,coincollector,204204,304204,0.5555555555555556,0,0,5,3,0.5159497261047363,3.5021305084228516,36c2c809a2e2fe07ccd5911cd3aa7d818acae84d2bfc3392f0056450a2ff550c,False
control,r3,coincollector,204205,304205,0.2222222222222222,0,1,2,3,0.665128231048584,0.7910728454589844,0b0b86f329333c2c27f7f75278070776fb8b7a2572637c8d18d8a60e649041e2,False
control,r3,coincollector,204206,304206,0.3333333333333333,0,0,3,9,0.9370803833007811,4.4231414794921875,8d17bde66a6cbd2449d39240a135e014276b2be5fa460be9c76f8c075f0dd167,False
control,r3,coincollector,204207,304207,0.3333333333333333,0,0,3,7,2.031779289245605,6.473064422607422,66985c212f0484f305724d55ea381e90457f162e5fd64d7e7089fe19c90b0201,False
control,r3,coincollector,204208,304208,0.2222222222222222,0,0,2,2,0.9036183357238765,2.9990673065185547,ff68c386ce736a588897d05841d11458195d98bc5d67e6d01ae866935ae97b55,False
control,r3,coincollector,204209,304209,0.4444444444444444,0,0,4,4,0.7491469383239746,3.101825714111328,fa9a719776308ae3865fe7a2a80a423da0d45df93e1dd5b883c4cf3afa4ec08b,False
control,r3,coincollector,204210,304210,0.0,0,0,0,4,1.2428879737853988,4.855871200561523,1fc87d114edbfa7bcf1cdb50cba4a29943f2c1b6dc3c385c01d8311cd6a11f0f,False
control,r3,coincollector,204211,304211,0.3333333333333333,0,0,3,7,1.554644107818603,7.113933563232422,b5410924e157762415b5542d8a6ec8572f20e394d84162aa3a1549e070097c4a,False
control,r3,coincollector,204212,304212,0.4444444444444444,0,1,4,9,1.2333750724792485,6.2351226806640625,248202d417301dd21abd482126659f4203d4115e0cf70563c80cae654562c300,False
control,r3,coincollector,204213,304213,0.0,0,0,0,17,1.1119842529296875,3.9510726928710938,733c35d50fc3f0f6a1224284d39c3e777ffd071135660ca7a7ec8071057f92e4,False
control,r3,coincollector,204214,304214,0.4444444444444444,0,1,4,5,0.8130073547363281,1.583099365234375,bc7f33343996b8717ad8dd084aec0da06e59b493c618045a6792c9ee6f684106,False
control,r3,coincollector,204215,304215,0.3333333333333333,0,0,3,9,0.46647787094116155,2.910137176513672,27345ebf376de1672d0e5a9941a7fafaebac81cee973d2292e2039a91725fda9,False
control,r3,coincollector,204216,304216,0.2222222222222222,0,0,2,4,1.6274452209472654,6.147146224975586,1622fd83b9fdaaa6463adb9dd4fb5ab696094592a289f5d5af056b32583d36fb,False
control,r3,coincollector,204217,304217,0.4444444444444444,0,0,4,5,1.3930320739746067,7.210731506347656,bccecd54e5db540884d62e6be90f695fbc3b650aa5e714a6658f98ac2d319724,False
control,r3,coincollector,204218,304218,0.4444444444444444,0,0,4,15,0.7102608680725095,4.139900207519531,ee303f8bfd9b412719504e932f2c6490130ac9396e8cbe57e9f9ea9ca490f4f4,False
control,r3,coincollector,204219,304219,0.2222222222222222,0,1,2,14,1.1150836944580078,5.372047424316406,0ebfb901a8ff6634532e4125e6dd1936923a6347d933195161a1cdd401c3413f,False
control,r3,coincollector,204220,304220,0.3333333333333333,0,1,3,8,1.3685107231140126,2.6237964630126953,ca8f0e105228183af3c48a1a79ebf0c21f405cbc6650f33481a5b12353e1dda1,False
control,r3,classic,204301,304301,0.3333333333333333,0,0,3,1,0.14401674270629883,0.3211498260498047,8efef61576299cbbc3b8755b47166232a8ecf423a3310e712da1b025cb0dc04e,True
control,r3,classic,204302,304302,0.3333333333333333,0,0,3,0,0.14901161193847656,0.3211498260498047,88313b0e4488bf60c09f34b9a4ee40b970ceff9a6f6f59e65f366ef8ee030402,True
control,r3,classic,204303,304303,0.1111111111111111,0,0,1,0,0.1289844512939453,0.2760887145996094,0b720e42dc3cd47e87f6532c82fda885876deb221e738638dc83176239bed78b,True
control,r3,classic,204304,304304,0.0,0,0,0,1,0.13499259948730463,0.7009506225585938,42834c9ba7dc9ff86219192802cb37013f3d6896668dadf444b2cc4fe6fa56f2,True
control,r3,classic,204305,304305,0.4444444444444444,0,0,4,9,0.19912719726562494,0.34117698669433594,72c1208aee03d42eb2168ac2b31e69748bbad4e619560f0b21b68901288486a7,True
control,r3,classic,204306,304306,0.5555555555555556,0,0,5,3,0.14437437057495106,0.2827644348144531,9b7dc9891af1b3be309f1df28d7c0b73d52d5a39b77e00ab6504fc79323ee80f,True
control,r3,classic,204307,304307,0.0,0,0,0,48,0.15002489089965815,0.31185150146484375,3dd5d8f1f9399ef06a63e29feb4a8b9468e7579dfc00dc3eaf1a9f94a99189eb,True
control,r3,classic,204308,304308,0.0,0,0,0,44,0.14901161193847656,0.3490447998046875,5ac711e46531203f201c0efe32daa165b281d0188e23da168820a3b352ef9056,True
control,r3,classic,204309,304309,0.1111111111111111,0,0,1,0,0.10609626770019531,0.2639293670654297,71aa1ab5abf5959c7e7cee5250b69f5b144cb88b511e99e1fed1c438fbef2dbb,True
control,r3,classic,204310,304310,0.6666666666666666,0,0,6,2,0.15698671340942372,0.2892017364501953,33ab9eace2f603ac09c58eaab93c0e2c38a32689772ddd65035311a49663d12c,True
control,r3,classic,204311,304311,0.5555555555555556,0,0,5,16,0.24796724319458008,0.8280277252197266,7cb77a30238d253814bb77c68573eb4f8b50466eb048ada5a3d46f6352ef54dd,True
control,r3,classic,204312,304312,0.4444444444444444,0,0,4,26,0.18788576126098633,0.2810955047607422,29f81f768212bdfe9eed9055f4f150c30941e79ff6d73b6b82dd5936f8eaf1a0,True
control,r3,classic,204313,304313,0.1111111111111111,0,0,1,0,0.1359105110168457,0.3459453582763672,ff281fa6a605bf3e4e1dc7433fdeb9ec7ac1bc21392a5b9c2cb269c7ed97d067,True
control,r3,classic,204314,304314,0.5555555555555556,0,0,5,4,0.16412734985351554,0.2930164337158203,3f4b10327c6c5c25742a7bab4512f80262c488474bc3e05c1f8dd9d1f67063e9,True
control,r3,classic,204315,304315,0.0,0,0,0,90,0.12683868408203125,0.4432201385498047,cf037d9500fe4247f4b8d34884ba0224c67e978cfe768a595f5c6f2b45aa7354,True
control,r3,classic,204316,304316,0.3333333333333333,0,0,3,3,0.1352667808532714,0.37407875061035156,fd65bde9b95670845dbf8b5f7eb5503dae91f9f3f708fe5c1f0bb8ecca52b46a,True
control,r3,classic,204317,304317,0.2222222222222222,0,0,2,37,0.19415616989135734,0.28204917907714844,282f11f6baf6d98fa72e8616449802e03bfcae4e0a08fb441903c24e6d555537,True
control,r3,classic,204318,304318,0.1111111111111111,0,0,1,3,0.14814138412475578,0.47707557678222656,b82ab384dfa57c7de1cf223ccfcc9d20cfaa7ad5344ef6c7c2a4f024485a9997,True
control,r3,classic,204319,304319,0.0,0,0,0,90,0.12903213500976557,0.2658367156982422,c1168b3b85be9b0839ff04b93324dc5d122b0804d670bc16f66875398d144677,True
control,r3,classic,204320,304320,0.0,0,0,0,0,0.1499772071838379,0.308990478515625,3c49839f9dc338aea19cfd8e269b1fca9334a4f8a581534bec193b97775da2ec,True
control,r3,coin-heaven,204401,304401,1.0,0,0,50,0,0.2709150314331054,0.4451274871826172,d3af018a7dcb008a38c31059721eb4d4d6779a9423f0e1fb5d8d67a0989d2c7d,True
control,r3,coin-heaven,204402,304402,1.0,0,0,50,1,0.16677379608154297,0.28395652770996094,786ad1c797a48010fda2fa69b902e5e44470798321e0a090e9065208f942a130,True
control,r3,coin-heaven,204403,304403,1.0,0,0,50,0,0.2542018890380859,0.5340576171875,2bb7feb9edea2fa35d1a3cb7e9bfc1ef51ec1be63deb61cf6c16cc11cac649ee,True
control,r3,coin-heaven,204404,304404,1.0,0,0,50,0,0.2574324607849121,0.41103363037109375,0f882f16c072598953c7112599ef387f160d229cdf3c5266bf327faf20384b4c,True
control,r3,coin-heaven,204405,304405,1.0,0,0,50,0,0.4531383514404292,0.8199214935302734,0ca2ad51f6c7d73c368df1ab72c9e44b049aa82b9fd94930439a7716db20ebf7,True
control,r3,coin-heaven,204406,304406,1.0,0,0,50,0,0.3376603126525875,0.5218982696533203,95bc03856b22c2f9b3a230c7927ceabfa1afbc28027e69964ed0c6340a5e11cb,True
control,r3,coin-heaven,204407,304407,1.0,0,0,50,0,0.1847267150878906,0.28586387634277344,52746434755644d6f7f174693d797ffd55a1a97e8f434585f40b22f482ab4d54,True
control,r3,coin-heaven,204408,304408,1.0,0,0,50,0,0.2799034118652344,0.6368160247802734,f7b52603abecdefcf00b82cff72f66b49d2c230f78a65365fe862c84eaa89884,True
control,r3,coin-heaven,204409,304409,1.0,0,0,50,0,0.23179054260253903,0.4227161407470703,bf2fe2670f35bcb44bc81d59c032170c5b8854c1d00a0e8686cd78425d6b8ff2,True
control,r3,coin-heaven,204410,304410,1.0,0,0,50,0,0.2663612365722656,0.32901763916015625,3e0a00bb582a4dfd2bd54aa7c96a8554061f5a72ec553c2fd1a7bb5637c4760c,True
control,r3,coin-heaven,204411,304411,1.0,0,0,50,0,0.23250579833984372,0.3459453582763672,4b1b1d10924959a0cae2a4f69d197ff7d91f9e75a2fe243c2b1e0c60b8568cd3,True
control,r3,coin-heaven,204412,304412,1.0,0,0,50,0,0.2217054367065427,1.8260478973388672,c7f865b2ebf284eb24d7705156a8382af017ba62d93e2d9dad1cf8505b52bb64,True
control,r3,coin-heaven,204413,304413,1.0,0,0,50,0,0.5837440490722656,1.85394287109375,813c11dca782eb660faab0523cd94dfa343a1ac8814c31af3d57b3ecd781e320,True
control,r3,coin-heaven,204414,304414,1.0,0,0,50,0,0.5204677581787104,0.9732246398925781,e09732464d1857b3ab604a263cd4248b6b7868b928d1e8b9cc79f432cb89487c,True
control,r3,coin-heaven,204415,304415,1.0,0,0,50,0,0.5061030387878417,3.8042068481445312,bb028d7b20a91a1189b1ada988b262fae65af7c2c91c39ffefc8060e7e59594e,True
control,r3,coin-heaven,204416,304416,1.0,0,0,50,0,0.3311634063720703,1.3272762298583984,f593ca3873e24b562096d74676b00c1c5fdd0ffd09926ad39e79c9ed1824b364,True
control,r3,coin-heaven,204417,304417,1.0,0,0,50,0,0.4809617996215819,1.0459423065185547,31f9f4ecd350465e02ccfd798734df41f52427b5ceb47903d120735242ef69c9,True
control,r3,coin-heaven,204418,304418,1.0,0,0,50,1,0.4395484924316405,0.7109642028808594,6407894de32a13c45a27719578193f68ce5b578f52c9bb0e0e5b945bbda8cbc8,True
control,r3,coin-heaven,204419,304419,1.0,0,0,50,0,0.4383802413940429,1.0149478912353516,7359e234e68d92c2386b971090e8fafc7738cc127023aed0613edc066b97672e,True
control,r3,coin-heaven,204420,304420,1.0,0,0,50,0,0.37915706634521484,1.834869384765625,a7cc0a1b472af91bae400ccc1ed5cb6640c0f0ce9a1668786badca720ca8e2d1,True
control,r3,loot-crate,204501,304501,0.74,0,0,37,12,0.968849658966063,7.328033447265625,8008b0074bc9f5c38b5d0d280e59039212d4217ee61d11f567904d82bb586d72,True
control,r3,loot-crate,204502,304502,0.7,0,0,35,8,0.8012056350707996,1.5349388122558594,f8846968baaa54518af7ec0ddfc799b3c3dc237784b240ab79ae3b436b7d99f6,True
control,r3,loot-crate,204503,304503,0.32,0,0,16,2,0.734055042266845,1.7070770263671875,bc8f82189c910ae998b7369561bca3f3477c5e946cf5cbfba57aac8d21278d92,True
control,r3,loot-crate,204504,304504,0.32,0,1,16,6,0.4616975784301758,1.628875732421875,10d241a398e99782134e5464da5f0f1e67bb7e03901217c9ec8bac73c58555af,True
control,r3,loot-crate,204505,304505,0.48,0,0,24,10,0.651419162750243,2.1419525146484375,40df303ec0b21c3f535e5d9b7b1f0dff08957d8e12ce6f0a1905dfc0cefc6308,True
control,r3,loot-crate,204506,304506,0.24,0,1,12,4,1.1654973030090319,2.4008750915527344,2c0cf29733881f664fa964b4f7624fc3b699bcd183f0698d4800b11b396798b3,True
control,r3,loot-crate,204507,304507,0.62,0,0,31,10,1.0179638862609846,13.695001602172852,29650a948eaabafe78a3dc340e2d13321c70090f8cefbe93c8122bd17ed174ba,True
control,r3,loot-crate,204508,304508,0.02,0,0,1,0,0.4724383354187006,1.775979995727539,1505a303361824b7de1871e41c71e6d077291e8b2e9166a7accc0920f4d27a27,True
control,r3,loot-crate,204509,304509,0.22,0,0,11,33,0.5366086959838862,1.5690326690673828,417afc88866e10f3974771c87bd9d1a355e25e1032337df354d3a00debaa2b85,True
control,r3,loot-crate,204510,304510,0.06,0,0,3,2,0.8906483650207496,4.534006118774414,bfc5f02fa515b94b071b2aba3176e9c2800a43dc74ae381390eaddba31cd1b15,True
control,r3,loot-crate,204511,304511,0.34,0,0,17,10,0.33805370330810525,1.31988525390625,ad946b83609e79b71d79b6db60dc1668e7f150637b48020a1ef81e2934b2af3e,True
control,r3,loot-crate,204512,304512,0.22,0,0,11,44,1.0188341140747055,5.249977111816406,05c925651a8dc431f48690b15d530d7401cd6e0f512f9d161cc4ac796192b597,True
control,r3,loot-crate,204513,304513,0.76,0,0,38,12,0.7412910461425777,7.069826126098633,afc20ff1922e11b7768979a384ebb1d92e779694878e55a781bcf997018434b1,True
control,r3,loot-crate,204514,304514,0.28,0,0,14,3,0.7995963096618647,1.5990734100341797,d5b670e3b0fb50618ad7bf0d663baedc80b71f8ea4897e3c5f4ecf39f0ab6b66,True
control,r3,loot-crate,204515,304515,0.28,0,0,14,7,0.6895780563354479,2.012968063354492,1f0c0f6b6c3aed389261861beb1193e2e0271cc5cc3b4337b8e55d776a7212a3,True
control,r3,loot-crate,204516,304516,0.38,0,0,19,49,0.8280158042907706,1.7271041870117188,6e43525f53b4d0db1e0d233cbffc3ba535880a887f2d3931b8bfdaa92fef0fc8,True
control,r3,loot-crate,204517,304517,0.14,0,0,7,10,0.5923748016357421,1.9550323486328125,52fb903c57202b6b93b90b7fcb87bff2b656f58c3596b7ae4ce12813c1c6e10b,True
control,r3,loot-crate,204518,304518,0.06,0,0,3,2,0.667166709899902,2.1829605102539062,e1afb091893c7b65f9f6f9376c6648f75226bd706be1454421ce293f4f42748d,True
control,r3,loot-crate,204519,304519,0.58,0,0,29,15,0.8688092231750479,5.047798156738281,f581034845ceb430521713105640cc4aa3f71b67dbec840a30f256ef00d1f80e,True
control,r3,loot-crate,204520,304520,0.5,0,0,25,7,0.5380749702453611,1.5048980712890625,bf0e702611d8eeaccc95aed74d8acff25aa1b25944562cb932b60ed03aa85171,True
control,r4,peaceful,204101,304101,0.3333333333333333,0,0,3,4,0.5773305892944333,1.5170574188232422,904bcb0a082fad5b414771fb03d5e1520ccf726cb883993ccb4dff6008fe09ea,True
control,r4,peaceful,204102,304102,0.3333333333333333,0,0,3,7,1.183164119720458,3.27301025390625,6a7558baf51e9ed4b822b1b4609911f2fe60f21e088ae0d871df79f343dcb53e,True
control,r4,peaceful,204103,304103,0.4444444444444444,1,0,9,9,0.44394731521606445,1.6620159149169922,770447357788b31888ffbf454174b2f5e6ccbaffa9376748ae62b482eb4ee7c0,False
control,r4,peaceful,204104,304104,0.2222222222222222,0,0,2,0,0.5934596061706539,2.5398731231689453,be465e75bd55c0f994c27378fdf4a1030e80e61aa326278668bf0a1cfeef2900,True
control,r4,peaceful,204105,304105,0.3333333333333333,0,0,3,0,0.3673672676086424,1.1358261108398438,60467eeeda048dcac11ef852bf543397ea5a88f9d59e0aec3203361496087e06,True
control,r4,peaceful,204106,304106,0.1111111111111111,0,0,1,22,0.8085012435913081,1.7628669738769531,dcb41d3ccb871064512cd88b66d98c6895ef5a67192da4f4527736c4a13f7944,True
control,r4,peaceful,204107,304107,0.3333333333333333,0,0,3,3,0.7954239845275868,1.5590190887451172,88d2a53a8cb18cac45fa7ae2e12c60b1a703ccaf52b1fdc0062288b15c4aad82,True
control,r4,peaceful,204108,304108,0.1111111111111111,0,0,1,1,0.458252429962158,0.8609294891357422,3497f1bcfa6cc6b3cb20c77fa10243dec2b7784298f538ac1c983be0f8d509ee,True
control,r4,peaceful,204109,304109,0.2222222222222222,0,0,2,9,0.4064202308654782,0.6289482116699219,f84b7f53e1b040cb9a9490ba348c72df1793fb2c7d38fab7545882c111cd5081,False
control,r4,peaceful,204110,304110,0.0,0,0,0,2,0.3482937812805174,0.74005126953125,39fb2eeb7abd8c4f05efcca0dea5951f4e4f527b473ec93de6e7f48bb5fa1fb7,True
control,r4,peaceful,204111,304111,0.1111111111111111,0,0,1,0,0.16822814941406236,0.33211708068847656,9e6a627faceae67f4d9944bba4854bc4a0438a1d7f0168fbe1da92c9950234a0,True
control,r4,peaceful,204112,304112,0.2222222222222222,0,0,2,2,0.23727416992187494,0.5638599395751953,e59a33f6ea4088a80be645e54006ad7206a6f9acedc180355ad97b2c9d50491b,True
control,r4,peaceful,204113,304113,0.4444444444444444,0,0,4,5,0.35126209259033175,0.6220340728759766,0707b11f6a42fd901329d62046d11949d4fc1dd7da0bc7561aed26786c1c78a4,True
control,r4,peaceful,204114,304114,0.5555555555555556,0,0,5,4,0.250864028930664,0.3299713134765625,b14c071298969b3d3ebf2ce99f588b9586e6a97a0a7598aad5afdffe2317c1dd,True
control,r4,peaceful,204115,304115,0.0,0,0,0,0,0.17707347869873033,0.5822181701660156,7fde4745d0d45b5e2f26a829becf1119eedb14c59f3c82a28c7ffc64fb46905f,True
control,r4,peaceful,204116,304116,0.0,0,0,0,0,0.21924972534179674,0.4820823669433594,2ee5fc63a420513d6e053ef9fdfbfe13f460ca25278b86e27d2fef44e987d874,True
control,r4,peaceful,204117,304117,0.1111111111111111,0,0,1,1,0.2338886260986328,0.331878662109375,0c31f873b09038200238eff37694470143676f805d427c1af52c18148ef5d638,True
control,r4,peaceful,204118,304118,0.3333333333333333,0,0,3,2,0.32212734222412087,0.5729198455810547,236b2954a32282c8caeee942cb6fb5698dafd7cb02bc55742a0ebf78551b8bb6,True
control,r4,peaceful,204119,304119,0.2222222222222222,0,0,2,1,0.2561092376708984,0.3211498260498047,3462c51b888a12ff9df5569b1a80d1c792c484e88c25dece037b493a7c6997b8,True
control,r4,peaceful,204120,304120,0.1111111111111111,0,0,1,0,0.1819133758544922,0.392913818359375,28ce8e8ca00a329717ca19e3565480899f8d666f89d6f04f480f21322e989121,True
control,r4,coincollector,204201,304201,0.0,0,0,0,1,0.31862258911132796,0.5970001220703125,8db8a927829a90c7859667c47fd9702f5d3e8001da0ba9063aa38eabda84f2a7,False
control,r4,coincollector,204202,304202,0.1111111111111111,1,0,6,7,0.3213167190551754,0.5152225494384766,0dbabd8dc4fe55e507ef5815686706c7397e6832ba99231ceb2c6f922cbbd443,False
control,r4,coincollector,204203,304203,0.3333333333333333,0,0,3,12,0.5680203437805175,1.2660026550292969,777d3720cf2c72dadaedee27d04115491038fdff228171bb36e286afce5cef4d,False
control,r4,coincollector,204204,304204,0.4444444444444444,0,1,4,5,0.396442413330078,0.6232261657714844,bdc463b3b1b382833f63e6805999e40fe5fc202a5d8a656f0e938b93adb865d0,False
control,r4,coincollector,204205,304205,0.1111111111111111,0,0,1,1,0.2991199493408193,4.177331924438477,5480b1c353dac3d69970ad9b0fd094edd66a8c63a5071a0c976197a06e1a5b46,True
control,r4,coincollector,204206,304206,0.2222222222222222,0,0,2,5,0.5931019783020018,1.219034194946289,8cc173310e5d492f9ab356f290c17656ac668eedd91c0afe984d9caca6f795ea,False
control,r4,coincollector,204207,304207,0.1111111111111111,0,1,1,3,0.4233360290527344,0.8380413055419922,8a82ae0d98f794e454e1bec25d9bd1e2448cb2eddc9f426ab38b671d5670a3c8,False
control,r4,coincollector,204208,304208,0.2222222222222222,0,0,2,5,0.5486726760864253,1.2507438659667969,c7d43978f86684e2da920d18b5c5ee4851f61d6d8c397ae34dc0a8fed7d10205,False
control,r4,coincollector,204209,304209,0.3333333333333333,0,0,3,20,0.5350589752197266,1.0170936584472656,c9457e759922c95015cb0d44acaf03a318e46a12b3c023aa83719272b9286a81,False
control,r4,coincollector,204210,304210,0.0,0,0,0,1,0.3747820854187005,0.5328655242919922,9c9bce1c066eb72c92f10264eede0858696797fe3dc8ef39f2b3265bc6bcc10b,False
control,r4,coincollector,204211,304211,0.0,0,0,0,2,0.3516912460327148,0.5667209625244141,0525a1d10770b83b53491c1285fde0e2b46b57d9fdcadd5c6390077b20bebbac,False
control,r4,coincollector,204212,304212,0.5555555555555556,0,0,5,7,1.1709809303283691,2.6848316192626953,a14f670404b40d6b7828fd8fdedab1cd6037059d72fc93140538446eeb458c4b,False
control,r4,coincollector,204213,304213,0.2222222222222222,0,0,2,6,1.361119747161864,3.120899200439453,f8c57e0c778b74d9987764030f9ea139b655d4b43877444000adb811bba208a2,False
control,r4,coincollector,204214,304214,0.3333333333333333,0,0,3,7,1.3303756713867176,4.848003387451172,d13ac495edbd03af654f4761e6d4d165631633136f26dd8eedbc7036f39d0292,False
control,r4,coincollector,204215,304215,0.2222222222222222,0,0,2,3,0.5379915237426758,2.033233642578125,4c96cdf2b8c5e37436d9959bd03f0cb140a05f6d13bf51e5a0de3fc9bc7c80e2,False
control,r4,coincollector,204216,304216,0.1111111111111111,0,0,1,3,1.2927651405334462,3.612995147705078,1066971897e46c7038d4ed822bebbaabc5a4cf57f0fbf444402d4adce1bafbdd,False
control,r4,coincollector,204217,304217,0.5555555555555556,0,0,5,3,0.5186915397644037,1.2230873107910156,2ca2ea9a9645572e2c6d54ed8726e4ac9dfb3fd03804b988bac0b8b84e3b77db,True
control,r4,coincollector,204218,304218,0.3333333333333333,0,0,3,9,0.822508335113525,1.6429424285888672,1908996ae690a9f1f0373cc9c013ebd22540e55d397f93e9537e6610410aeb66,False
control,r4,coincollector,204219,304219,0.0,0,0,0,17,1.7148613929748509,4.616737365722656,b154e30c3534d055b55e72c932557cf585ffc6e284dcb7bc5c95bf94a694c0b5,False
control,r4,coincollector,204220,304220,0.4444444444444444,0,0,4,18,1.0032296180725095,2.1800994873046875,7cc37b8ea4be1801c8aebdc941c0b38b211dcb58977a35f1cd742c2eca499c6c,False
control,r4,classic,204301,304301,0.0,0,0,0,0,0.7228493690490714,3.529071807861328,1bad89c1b59d275240e30fc89c5d2fbca62450b53753db2d07d84a74b6465389,True
control,r4,classic,204302,304302,0.1111111111111111,0,0,1,0,0.7231593132019043,2.4619102478027344,61bcc7908444aaba91011088433d22957dc35509da107bcc38b549606c187c21,True
control,r4,classic,204303,304303,0.1111111111111111,0,0,1,0,0.6484985351562466,3.3490657806396484,344ce2cf064779fdb6894f5e912cb660a128811a05a57d121445aae147087d35,True
control,r4,classic,204304,304304,0.0,0,0,0,1,0.6798982620239248,1.5110969543457031,42834c9ba7dc9ff86219192802cb37013f3d6896668dadf444b2cc4fe6fa56f2,True
control,r4,classic,204305,304305,0.3333333333333333,0,0,3,2,0.6266593933105461,3.119230270385742,a3aa04946606149dd4f23e5559d3a1e0da14f97c211df0766bc1d6dc1c73b396,True
control,r4,classic,204306,304306,0.4444444444444444,0,0,4,3,0.5323410034179685,4.989862442016602,3bd3cfba81f5314ee0d1d7da3c8f73c8a2244d799f41f95d0651f54a72256e08,True
control,r4,classic,204307,304307,0.1111111111111111,0,0,1,1,0.6533265113830564,3.072023391723633,b3f620d3800e35a5312fb4e59ddb90630e9080b8095fdb3b03517c7fd283ceb5,True
control,r4,classic,204308,304308,0.0,0,0,0,2,0.4141807556152343,3.5750865936279297,d57ee4a50e2d52bf0018b4c197a6a6e400b675eb9b454684a8d91016cb1281dd,True
control,r4,classic,204309,304309,0.5555555555555556,0,0,5,1,0.6492137908935527,3.3059120178222656,8b79f3d4f3ede235708c6356dbbeceab7e33e28267ce80b7e99ca4a4e3d578ec,True
control,r4,classic,204310,304310,0.5555555555555556,0,0,5,5,0.3278851509094229,0.8120536804199219,f4663a35294e30a980c3a3dc8902983ae6d7dd2635af38b7f314ca453ef3946a,True
control,r4,classic,204311,304311,0.1111111111111111,0,0,1,0,0.45399665832519526,3.1969547271728516,f7e939079251cf43bdb931cdcd853ca3f9286326ef3faf0654ffe2b5da937ebb,True
control,r4,classic,204312,304312,0.0,0,0,0,0,0.38912296295165993,1.0170936584472656,1bad89c1b59d275240e30fc89c5d2fbca62450b53753db2d07d84a74b6465389,True
control,r4,classic,204313,304313,0.0,0,0,0,0,0.3710389137268066,2.130746841430664,dcbc275b4944c6bd5df904b52235da0a4bc1d197fe204427fe215bda3fd58877,True
control,r4,classic,204314,304314,0.1111111111111111,0,0,1,0,0.4676580429077143,1.2798309326171875,d2a425ba4dd17a5eb14d7257e7a52f20b5d963896bf469f875f70275e340155e,True
control,r4,classic,204315,304315,0.0,0,0,0,0,0.4653811454772947,3.072977066040039,1926afd23da0b4118e13494a14531dad1211f8eec8eee35b9efae6d3a3d2fd4f,True
control,r4,classic,204316,304316,0.3333333333333333,0,0,3,1,0.40938854217529275,1.0638236999511719,3a1009b25fb4e29ea25a16f207a46afe6c14ad816e86f6fb0bfc2872072913cb,True
control,r4,classic,204317,304317,0.1111111111111111,0,0,1,1,0.44258832931518505,0.9391307830810547,84d15b23e775f77fc142ad4a2418e844640f43befc8fc6eed8476069f3921521,True
control,r4,classic,204318,304318,0.0,0,0,0,0,0.4079818725585937,2.1071434020996094,2734db2e87a7cc1775a3b4c3e36017ddbd3000f16e6e8f3d1fd42a792711636b,True
control,r4,classic,204319,304319,0.0,0,0,0,0,0.2827763557434082,0.8728504180908203,0874fc02f69824f05de5a07aaae4a9c4a8d6bb8aebc7c9fe0d4976b18423243d,True
control,r4,classic,204320,304320,0.0,0,0,0,0,0.33376216888427673,1.3599395751953125,19050ff7cf3551e8dc7074a7408a422feb81adf9797de4a5c807b9955719da6f,True
control,r4,coin-heaven,204401,304401,1.0,0,0,50,0,0.21183490753173825,0.3039836883544922,d3af018a7dcb008a38c31059721eb4d4d6779a9423f0e1fb5d8d67a0989d2c7d,True
control,r4,coin-heaven,204402,304402,1.0,0,0,50,1,0.1506805419921875,0.4248619079589844,786ad1c797a48010fda2fa69b902e5e44470798321e0a090e9065208f942a130,True
control,r4,coin-heaven,204403,304403,1.0,0,0,50,0,0.7987976074218749,1.3072490692138672,2bb7feb9edea2fa35d1a3cb7e9bfc1ef51ec1be63deb61cf6c16cc11cac649ee,True
control,r4,coin-heaven,204404,304404,1.0,0,0,50,0,0.6949901580810547,1.4810562133789062,0f882f16c072598953c7112599ef387f160d229cdf3c5266bf327faf20384b4c,True
control,r4,coin-heaven,204405,304405,1.0,0,0,50,0,0.43392181396484225,1.8932819366455078,0ca2ad51f6c7d73c368df1ab72c9e44b049aa82b9fd94930439a7716db20ebf7,True
control,r4,coin-heaven,204406,304406,1.0,0,0,50,0,0.2913713455200195,0.5171298980712891,95bc03856b22c2f9b3a230c7927ceabfa1afbc28027e69964ed0c6340a5e11cb,True
control,r4,coin-heaven,204407,304407,1.0,0,0,50,0,0.35712718963623047,1.1751651763916016,52746434755644d6f7f174693d797ffd55a1a97e8f434585f40b22f482ab4d54,True
control,r4,coin-heaven,204408,304408,1.0,0,0,50,0,0.3724098205566406,0.9150505065917969,f7b52603abecdefcf00b82cff72f66b49d2c230f78a65365fe862c84eaa89884,True
control,r4,coin-heaven,204409,304409,1.0,0,0,50,0,0.2654790878295898,0.5860328674316406,bf2fe2670f35bcb44bc81d59c032170c5b8854c1d00a0e8686cd78425d6b8ff2,True
control,r4,coin-heaven,204410,304410,1.0,0,0,50,0,0.4021167755126951,0.8058547973632812,3e0a00bb582a4dfd2bd54aa7c96a8554061f5a72ec553c2fd1a7bb5637c4760c,True
control,r4,coin-heaven,204411,304411,1.0,0,0,50,0,0.3132343292236328,0.9479522705078125,4b1b1d10924959a0cae2a4f69d197ff7d91f9e75a2fe243c2b1e0c60b8568cd3,True
control,r4,coin-heaven,204412,304412,1.0,0,0,50,0,0.26271343231201166,0.6809234619140625,c7f865b2ebf284eb24d7705156a8382af017ba62d93e2d9dad1cf8505b52bb64,True
control,r4,coin-heaven,204413,304413,1.0,0,0,50,0,0.3417015075683593,0.6129741668701172,813c11dca782eb660faab0523cd94dfa343a1ac8814c31af3d57b3ecd781e320,True
control,r4,coin-heaven,204414,304414,1.0,0,0,50,0,0.36852359771728493,1.8031597137451172,e09732464d1857b3ab604a263cd4248b6b7868b928d1e8b9cc79f432cb89487c,True
control,r4,coin-heaven,204415,304415,0.04,0,1,2,0,0.6556510925292969,0.7197856903076172,ae50dce16d5d81688cb94e7d1cb17afa89e4f369d4720ccc774e519f993cab6e,True
control,r4,coin-heaven,204416,304416,1.0,0,0,50,0,0.8131265640258789,2.3779869079589844,f593ca3873e24b562096d74676b00c1c5fdd0ffd09926ad39e79c9ed1824b364,True
control,r4,coin-heaven,204417,304417,1.0,0,0,50,0,0.8059024810791015,2.1429061889648438,31f9f4ecd350465e02ccfd798734df41f52427b5ceb47903d120735242ef69c9,True
control,r4,coin-heaven,204418,304418,1.0,0,0,50,1,0.6978511810302729,1.5769004821777344,6407894de32a13c45a27719578193f68ce5b578f52c9bb0e0e5b945bbda8cbc8,True
control,r4,coin-heaven,204419,304419,0.02,0,1,1,0,0.3451704978942871,0.34689903259277344,ae50dce16d5d81688cb94e7d1cb17afa89e4f369d4720ccc774e519f993cab6e,True
control,r4,coin-heaven,204420,304420,1.0,0,0,50,0,0.39001703262329096,1.377105712890625,a7cc0a1b472af91bae400ccc1ed5cb6640c0f0ce9a1668786badca720ca8e2d1,True
control,r4,loot-crate,204501,304501,0.26,0,0,13,7,0.5853533744812012,1.5637874603271484,96cd03aa1e5aa180baf783e2cced7c6d7c1f4975b0a520a2b7bf3099f2fea670,True
control,r4,loot-crate,204502,304502,0.36,0,1,18,6,1.1241436004638672,2.288818359375,e0745bf68cade94b4b3b94adc87ca33eb49f23455f6ce719197c7e3c0aa6bf7f,True
control,r4,loot-crate,204503,304503,0.18,0,0,9,0,0.657999515533447,2.688884735107422,ce86cd1809a8157b6fdd8d42ee30ca1208ddd14d4b0dcb013fe5e7a7cf010b5f,True
control,r4,loot-crate,204504,304504,0.6,0,0,30,16,0.7453799247741694,2.076864242553711,9b5999723ada2086953430dbf38463cc1aa696bfef2a84119c30dfe1d8d46cbc,True
control,r4,loot-crate,204505,304505,0.24,0,1,12,5,0.919008255004882,1.1560916900634766,b32723a9b637b9e5904edca7598998ecb75cd409be614f9c09d1b7a4d995520f,True
control,r4,loot-crate,204506,304506,0.3,0,0,15,2,0.4451870918273923,2.019166946411133,b00070f0a2a193e21aacec63e0d4c407dc64e928c7c5f88a3f2a3418440e762d,True
control,r4,loot-crate,204507,304507,0.22,0,0,11,35,0.19599199295043945,0.4248619079589844,8f8bb9607ad315d73b6d8d766a146ec3ee151fc2bb1137e1d42d9f9d253a2d2b,True
control,r4,loot-crate,204508,304508,0.08,0,0,4,67,0.6390213966369629,5.077123641967773,078c00114fee16e7ce2dde5249d82609c56713997781e93ed0a9b315fdff5b9a,True
control,r4,loot-crate,204509,304509,0.48,0,0,24,6,0.21723508834838864,0.6411075592041016,1c183518d2987eac1678b64b186b40ec30ae080144c3c7a68af07cc5d942f363,True
control,r4,loot-crate,204510,304510,0.1,0,0,5,2,0.18383264541625977,0.6699562072753906,3b9f21d4230222d3c5ea759a0a2423bf09b27855cb123e37d2869ae6db884b43,True
control,r4,loot-crate,204511,304511,0.08,0,0,4,3,0.14905929565429682,0.3390312194824219,cc1b3870889fed5df0292215ddf38112af2b8d05803aef77f70814cca4b02c71,True
control,r4,loot-crate,204512,304512,0.04,0,0,2,0,0.12931823730468742,0.28586387634277344,91298dff82aa2ee8d1ac62b05c5b40f7009cd3073a57e4d7c4bae151d883b473,True
control,r4,loot-crate,204513,304513,0.04,0,0,2,1,0.16407966613769526,0.43487548828125,606471779ee08f986bf0f25982ba309228cef939e4f340731f46a66a10353658,True
control,r4,loot-crate,204514,304514,0.5,0,0,25,27,0.2771258354187011,0.47016143798828125,11de295da5283fdb6ad11463808ba66fa66604cf54624a59d8e5dae953cfff56,True
control,r4,loot-crate,204515,304515,0.12,0,0,6,3,0.1412510871887206,0.3762245178222656,96273830c228e971b15ceadbf67e9c37478486b756c8aee6e66c486b12977913,True
control,r4,loot-crate,204516,304516,0.1,0,0,5,0,0.13589859008789062,0.3921985626220703,8664e8bd7c77820ce26416ff51a135dbf94e07275de1d214adc96cbc7d547723,True
control,r4,loot-crate,204517,304517,0.14,0,0,7,10,0.17004013061523432,0.3948211669921875,52fb903c57202b6b93b90b7fcb87bff2b656f58c3596b7ae4ce12813c1c6e10b,True
control,r4,loot-crate,204518,304518,0.02,0,0,1,0,0.1499772071838379,0.2942085266113281,6b094d684811bd0dc953bec2c99d47ce3d2ccc91a0d890a9985531a53b41a2d1,True
control,r4,loot-crate,204519,304519,0.0,0,0,0,0,0.14500617980957026,0.3178119659423828,9d63f5b288c55ebee956d55d27438fa19963e723207f2c77aa4c04630fc3700e,True
control,r4,loot-crate,204520,304520,0.32,0,0,16,2,0.16837120056152338,0.27489662170410156,d8aad99ea095788ec3bcba18fca7fc4f31033027e69681734ee0b43ba943c0b3,True
control,r5,peaceful,204101,304101,0.0,0,0,0,0,0.318014621734619,1.0809898376464844,b24725d481f2cd87f6f1205b75b0c9719f87a751729c130032848672875f8f97,True
control,r5,peaceful,204102,304102,0.1111111111111111,0,0,1,30,0.3240704536437988,1.3742446899414062,89950097bf586168981d61d43cb74736d1f7c813626d648754154fd7298d6694,True
control,r5,peaceful,204103,304103,0.0,0,0,0,46,0.2000808715820312,1.25885009765625,aaa47c05c9d594b5bfb7b89d2e3d673ab04c476aab2b7ca3333ef3b444979d07,True
control,r5,peaceful,204104,304104,0.4444444444444444,0,0,4,4,0.4089951515197753,1.2080669403076172,da3abadb8899c23e9fb55f22e3b501109b033f4e6c6cabe8ff5413abea466c8b,True
control,r5,peaceful,204105,304105,0.3333333333333333,1,0,8,2,0.311934947967529,0.6349086761474609,5356282b48917a197201a89dc617920885e212f8f5cf0c59d91cfdf0ecf55b43,False
control,r5,peaceful,204106,304106,0.0,0,0,0,46,0.19804239273071275,0.8792877197265625,aaa47c05c9d594b5bfb7b89d2e3d673ab04c476aab2b7ca3333ef3b444979d07,True
control,r5,peaceful,204107,304107,0.2222222222222222,0,0,2,41,0.331878662109375,0.5257129669189453,fde3efbb3c2d2ce5cc4fe803520033fdcbf5126017f76420dbafd53f7a7c1c1a,True
control,r5,peaceful,204108,304108,0.0,0,0,0,0,0.2041578292846677,0.6110668182373047,7c1fee41ef498c89c3369a991faa44c9bae1c0a7d9935960995075a60d901eac,True
control,r5,peaceful,204109,304109,0.3333333333333333,1,0,8,6,0.29737949371337885,0.8821487426757812,ccaa0fdb728e59ad55e13c78cd44a25d543711a53b726effb73c319db246f4aa,False
control,r5,peaceful,204110,304110,0.1111111111111111,0,0,1,5,0.34422874450683577,0.6291866302490234,f0f39887e31287127f45b1c4dddb74b425c169621ef5bae2ed134a89e551e57f,False
control,r5,peaceful,204111,304111,0.1111111111111111,0,0,1,0,0.21032094955444333,0.5750656127929688,70d530ef1986b63b7074a5e1012921a334cc20b43b99a7162b0e5e13513d4159,True
control,r5,peaceful,204112,304112,0.2222222222222222,0,0,2,10,0.2339959144592284,0.47898292541503906,78b4986a1317da5d5225a7c9774e026bf96459e2eb275ffa7e71f5d1a6191131,True
control,r5,peaceful,204113,304113,0.0,0,0,0,0,0.266122817993164,0.6608963012695312,3f0044aec12d305da4b3251ea03f921cada784bafcfcb8541c646577145c23a7,True
control,r5,peaceful,204114,304114,0.0,0,0,0,1,0.44809579849243153,1.069784164428711,4e50f3642a91a27e1697397711302b2582b53c043997f3193b5721c124b2c9b4,True
control,r5,peaceful,204115,304115,0.1111111111111111,0,0,1,39,0.32382011413574213,0.4749298095703125,44acac7177e46e7cfb1a9e63fcb51be23bf8d01d51c42681b2876df589ce5293,True
control,r5,peaceful,204116,304116,0.0,0,0,0,0,0.3923058509826657,1.2178421020507812,98ac391b185eaee3b430cac7815d28669ed003af0013e1311cfcbef486328e57,True
control,r5,peaceful,204117,304117,0.0,0,0,0,0,0.25144815444946256,3.0798912048339844,98ac391b185eaee3b430cac7815d28669ed003af0013e1311cfcbef486328e57,True
control,r5,peaceful,204118,304118,0.0,0,0,0,0,0.404536724090576,1.5668869018554688,33d6787b085a21fa37387e3c6b479f8853985afaf336b5c7d1ce9a8916dcc557,True
control,r5,peaceful,204119,304119,0.2222222222222222,0,0,2,1,0.34762620925903276,0.7848739624023438,e19c03e66300a83991a8b23ed705c28dd6bc423533e18d15337f1058871b9e32,True
control,r5,peaceful,204120,304120,0.4444444444444444,0,0,4,4,0.3932833671569823,1.1379718780517578,cd7da50edc0504acf5e9650518c993635bf4bfac18f0ec812fd382705aee2679,True
control,r5,coincollector,204201,304201,0.0,0,0,0,1,0.792264938354492,2.3920536041259766,67cf3b8c8a68e61ba4d72271d48ee16920af26cb1ee6102e9aca3b15f462c0fc,False
control,r5,coincollector,204202,304202,0.2222222222222222,0,1,2,16,1.3700604438781727,4.041910171508789,a00855613feac8311b88b0084717afb401cc01979d27a82c35764e4646168220,False
control,r5,coincollector,204203,304203,0.2222222222222222,0,0,2,18,1.9682645797729479,3.9119720458984375,df27ccc49d3e0793a8dcc3daaf0a654d2cd8b7898fe79f2c9b66f4900233ffde,False
control,r5,coincollector,204204,304204,0.2222222222222222,0,0,2,3,1.3402104377746562,5.789995193481445,d1d327abac1e4219e00a3c7e1690cbaeba4532c98e36977941ac385ec2cc9db9,False
control,r5,coincollector,204205,304205,0.1111111111111111,0,1,1,2,0.8530616760253906,1.8088817596435547,3a9379b5d7e59b6d7184787de692e2389b139e2ae148f21ed171730cb7484dc4,False
control,r5,coincollector,204206,304206,0.1111111111111111,0,0,1,12,0.9788393974304194,2.6998519897460938,743c38f9fc4cf521f3fb33d0d89093b2fb036ba6a6a585ede4463a8ea6d5c7a0,False
control,r5,coincollector,204207,304207,0.2222222222222222,0,0,2,2,0.707960128784179,1.5139579772949219,f861f877626b1a1ae4a57242a201a0b16c2889f1fe0a0f63f2c9c963fc360a5c,False
control,r5,coincollector,204208,304208,0.1111111111111111,0,1,1,2,0.5941152572631835,1.0807514190673828,a4f276b2d4f1ac26e5c3f0928d9cd12bb1384a70751ef7e396163dee83ac6f62,False
control,r5,coincollector,204209,304209,0.4444444444444444,0,0,4,8,1.3924241065979002,3.529071807861328,4967e282a4036bfe24137109c672ceb4a6305d36af86117a0c9721ed14f75038,False
control,r5,coincollector,204210,304210,0.1111111111111111,0,0,1,24,0.847160816192625,3.0183792114257812,334d6e17d584ad833607527ea576ffe424e3c691b1953971e88b6889458c5eba,False
control,r5,coincollector,204211,304211,0.1111111111111111,0,0,1,14,1.1045694351196256,4.668235778808594,f68b6efb1c61e959dde0678e1437408ab0c37f2a40c9bc429bd5fe69c313cca9,False
control,r5,coincollector,204212,304212,0.3333333333333333,0,1,3,2,0.691533088684082,1.4750957489013672,b46fd68cde1c0356342282b38f5fee59456328fdbf0f0ef2bf3b1d03249ca153,False
control,r5,coincollector,204213,304213,0.2222222222222222,0,0,2,12,1.223921775817871,2.986907958984375,1bd854710b5ccc98fcccbfa0967306b8a968a8e950946fa947f0a1503748989f,False
control,r5,coincollector,204214,304214,0.1111111111111111,0,0,1,3,0.8004188537597655,2.435922622680664,fb8c174adec8fb0567537d5a2fecd1f625d86860a61070703fc0bd541732486b,False
control,r5,coincollector,204215,304215,0.3333333333333333,0,0,3,26,1.3874530792236317,6.90007209777832,e0a856bbbfe191700ff02d18f05906636cd532d46656efa61eb8ef6212da5465,False
control,r5,coincollector,204216,304216,0.1111111111111111,0,0,1,9,0.8933782577514644,2.783060073852539,377d2bf4b272c899936f66155f7ed7b27256e29ffd3702648b76d8a38896bc6a,False
control,r5,coincollector,204217,304217,0.4444444444444444,1,0,9,3,0.46409368515014615,2.202272415161133,e3c38a136d43de6a7533a68d69849bfdaad676ca7ae3ba61ccf1742c1b371a89,False
control,r5,coincollector,204218,304218,0.4444444444444444,0,1,4,12,0.7474422454833984,1.966238021850586,584e03e9ca9d6f3ccd7793f60087787098ebe85dedbe249e772ee69049c314a8,False
control,r5,coincollector,204219,304219,0.0,0,0,0,16,1.6706466674804645,5.759000778198242,c34c3177cf4975b32f015b2c94c13b1226de2a183b31eeb4ca164a5058bc7515,False
control,r5,coincollector,204220,304220,0.5555555555555556,0,0,5,13,1.1337637901306146,3.0570030212402344,f8970cd55c8ca3e2f74a4a58b4957c2f5878e245b1c4571d5cbb020841b8eb02,False
control,r5,classic,204301,304301,0.1111111111111111,0,0,1,0,0.6494283676147456,2.0270347595214844,aa44fdbe5e26b4230f53b1115a6f76e5e0785c19bce752229d33da3654e0142d,True
control,r5,classic,204302,304302,0.6666666666666666,0,0,6,5,0.8070468902587888,2.4018287658691406,b53e0d02e0063c1ad6361509896354cafc671c06f17123dac1d6e5fdc6726cfe,True
control,r5,classic,204303,304303,0.3333333333333333,0,0,3,1,0.482046604156494,1.580953598022461,437487ec702bd6f2c7bc35c1e94a2162ffaaf16272a655e1fb25b3dcdc1d1924,True
control,r5,classic,204304,304304,0.2222222222222222,0,0,2,0,0.42519569396972645,0.8678436279296875,1a7216c4becf0741c926bfc2c1958dae48c20b08e19c49cb165111725d7fec03,True
control,r5,classic,204305,304305,0.5555555555555556,0,0,5,12,0.6545066833496087,2.034902572631836,b85a9937726cf5da0682e7f41dd69e8685e878290904531ef45168f2eba29cbc,True
control,r5,classic,204306,304306,0.4444444444444444,0,0,4,5,0.49916505813598616,2.0508766174316406,e84db22d9eadf7040f8a44338a3af444b7ebb9ddb0e055c152423968224658f0,True
control,r5,classic,204307,304307,0.2222222222222222,0,0,2,1,0.5514979362487789,1.611948013305664,e9ddebfcb8c5e7e2bcc92811525495fb3b6729b3eb5eaee639584ab916a98eef,True
control,r5,classic,204308,304308,0.3333333333333333,0,0,3,2,0.21295547485351557,0.5381107330322266,118a66130f46331e01e2bb27da366a4b57ad77b5a0401f25868f022f768baf0e,True
control,r5,classic,204309,304309,0.1111111111111111,0,0,1,0,0.5118727684020987,3.0989646911621094,fa41682381bf399d8d4434483b32357f7726b13c102873cd778a5a1fffd4858f,True
control,r5,classic,204310,304310,0.3333333333333333,0,0,3,2,0.4702210426330555,2.4728775024414062,81e73e1b657e1f33a613939529b09d2b6192bb6f35e3d1e838aaa581dd4c4b68,True
control,r5,classic,204311,304311,0.4444444444444444,0,0,4,6,0.4313111305236814,1.680135726928711,df4814a1ca3528d5a1c46f3ce0d591fcb7925323f6cb5a0288bfed37215344ff,True
control,r5,classic,204312,304312,0.0,0,0,0,0,0.5320310592651359,2.6319026947021484,950e5fec04501e633c3c47d79f2914c5bb3dddc407894acf91a7c26c20d4061d,True
control,r5,classic,204313,304313,0.1111111111111111,0,0,1,6,0.679337978363037,3.155946731567383,387d34cfef7e6fba3d734601d89477ac1b77306a5d8a61ecd8a3f51068d77748,True
control,r5,classic,204314,304314,0.1111111111111111,0,1,1,1,0.7956504821777344,1.8589496612548828,b3f2b1106e6667fb2f3d4c646be171518ce2d397cd40ade6e3edcade590faf54,True
control,r5,classic,204315,304315,0.3333333333333333,0,0,3,6,0.9006738662719721,5.897998809814453,d45899cacf650181c103c7101bd42ae42b216c5ae9bac4494dc6f5510e35317c,True
control,r5,classic,204316,304316,0.3333333333333333,0,0,3,4,0.6941556930541989,2.0761489868164062,727a9cb97ed7a4279fbfec5025ba4ffdb35eb1ce232f2ca5f7cd04c3a836a7f1,True
control,r5,classic,204317,304317,0.1111111111111111,0,0,1,29,0.6945967674255363,1.2590885162353516,1cec16dd06be58c6555dcaba424809e4accb5dc83664e0a32b3bd4672f2bfd32,True
control,r5,classic,204318,304318,0.0,0,0,0,0,0.43870210647582963,1.5742778778076172,266d0480d65c07ad1a46db683d3077559db5c3a4f134924ae29f9dcd8e12ecd3,True
control,r5,classic,204319,304319,0.0,0,0,0,0,0.5121350288391111,2.0470619201660156,4eb7bd59e237c967697a1164a2279d5e51ddb96349f3dbd90e88f94b777fd9ce,True
control,r5,classic,204320,304320,0.0,0,0,0,0,0.2365350723266597,1.6319751739501953,17bf9a27f625aa027ad63872777e276a55099b8bc79714ab2eb9e83c62909317,True
control,r5,coin-heaven,204401,304401,1.0,0,0,50,0,0.1720905303955078,0.2582073211669922,d3af018a7dcb008a38c31059721eb4d4d6779a9423f0e1fb5d8d67a0989d2c7d,True
control,r5,coin-heaven,204402,304402,1.0,0,0,50,1,0.11241436004638672,0.32711029052734375,786ad1c797a48010fda2fa69b902e5e44470798321e0a090e9065208f942a130,True
control,r5,coin-heaven,204403,304403,1.0,0,0,50,0,0.1835823059082031,0.2541542053222656,2bb7feb9edea2fa35d1a3cb7e9bfc1ef51ec1be63deb61cf6c16cc11cac649ee,True
control,r5,coin-heaven,204404,304404,1.0,0,0,50,0,0.16266107559204102,0.2219676971435547,0f882f16c072598953c7112599ef387f160d229cdf3c5266bf327faf20384b4c,True
control,r5,coin-heaven,204405,304405,1.0,0,0,50,0,0.14986991882324174,0.3428459167480469,0ca2ad51f6c7d73c368df1ab72c9e44b049aa82b9fd94930439a7716db20ebf7,True
control,r5,coin-heaven,204406,304406,1.0,0,0,50,0,0.11394023895263666,0.2288818359375,95bc03856b22c2f9b3a230c7927ceabfa1afbc28027e69964ed0c6340a5e11cb,True
control,r5,coin-heaven,204407,304407,1.0,0,0,50,0,0.15077590942382804,0.2551078796386719,52746434755644d6f7f174693d797ffd55a1a97e8f434585f40b22f482ab4d54,True
control,r5,coin-heaven,204408,304408,1.0,0,0,50,0,0.31054019927978516,0.5869865417480469,f7b52603abecdefcf00b82cff72f66b49d2c230f78a65365fe862c84eaa89884,True
control,r5,coin-heaven,204409,304409,1.0,0,0,50,0,0.16295909881591797,0.20813941955566406,bf2fe2670f35bcb44bc81d59c032170c5b8854c1d00a0e8686cd78425d6b8ff2,True
control,r5,coin-heaven,204410,304410,1.0,0,0,50,0,0.17242431640624994,0.23126602172851562,3e0a00bb582a4dfd2bd54aa7c96a8554061f5a72ec553c2fd1a7bb5637c4760c,True
control,r5,coin-heaven,204411,304411,1.0,0,0,50,0,0.20160675048828122,0.2319812774658203,4b1b1d10924959a0cae2a4f69d197ff7d91f9e75a2fe243c2b1e0c60b8568cd3,True
control,r5,coin-heaven,204412,304412,1.0,0,0,50,0,0.1462340354919433,0.29397010803222656,c7f865b2ebf284eb24d7705156a8382af017ba62d93e2d9dad1cf8505b52bb64,True
control,r5,coin-heaven,204413,304413,1.0,0,0,50,0,0.22082328796386716,0.3058910369873047,813c11dca782eb660faab0523cd94dfa343a1ac8814c31af3d57b3ecd781e320,True
control,r5,coin-heaven,204414,304414,1.0,0,0,50,0,0.15642642974853513,0.43702125549316406,e09732464d1857b3ab604a263cd4248b6b7868b928d1e8b9cc79f432cb89487c,True
control,r5,coin-heaven,204415,304415,0.04,0,1,2,0,0.22083520889282227,0.22411346435546875,ae50dce16d5d81688cb94e7d1cb17afa89e4f369d4720ccc774e519f993cab6e,True
control,r5,coin-heaven,204416,304416,1.0,0,0,50,0,0.20694732666015625,0.5230903625488281,f593ca3873e24b562096d74676b00c1c5fdd0ffd09926ad39e79c9ed1824b364,True
control,r5,coin-heaven,204417,304417,1.0,0,0,50,0,0.1276731491088867,0.2238750457763672,31f9f4ecd350465e02ccfd798734df41f52427b5ceb47903d120735242ef69c9,True
control,r5,coin-heaven,204418,304418,1.0,0,0,50,1,0.20568370819091794,0.28896331787109375,6407894de32a13c45a27719578193f68ce5b578f52c9bb0e0e5b945bbda8cbc8,True
control,r5,coin-heaven,204419,304419,0.02,0,1,1,0,0.18405914306640625,0.1881122589111328,ae50dce16d5d81688cb94e7d1cb17afa89e4f369d4720ccc774e519f993cab6e,True
control,r5,coin-heaven,204420,304420,1.0,0,0,50,0,0.14978647232055659,0.32591819763183594,a7cc0a1b472af91bae400ccc1ed5cb6640c0f0ce9a1668786badca720ca8e2d1,True
control,r5,loot-crate,204501,304501,0.52,0,0,26,11,0.21834373474121077,0.43892860412597656,0305c30efb037b71ff8d4603358b491deb85b1ec5be09ab5c4c629785a299ba6,True
control,r5,loot-crate,204502,304502,0.24,0,0,12,0,0.1581192016601562,0.3669261932373047,0c6e590e0534348ff26b1b86dec408fa4e25d288c4a19cb8473d236d53891615,True
control,r5,loot-crate,204503,304503,0.22,0,0,11,4,0.15001296997070307,0.31113624572753906,d7b25aa9d6873b26b8d63ac03a710b483ad0aeb61c444f69a8dc7ceec444e8cd,True
control,r5,loot-crate,204504,304504,0.58,0,0,29,7,0.19625425338745114,1.116037368774414,b73b2c90c8f928ad8bffe2cac551bfc5afcd19212802ca5cf3d8cc0030358ceb,True
control,r5,loot-crate,204505,304505,0.28,0,0,14,3,0.17126798629760734,0.36787986755371094,108cbeb9371bd4afca4a4ef0f9ee02ebb8ef777de025142f7ec92c3273b718df,True
control,r5,loot-crate,204506,304506,0.36,0,0,18,31,0.19507408142089838,0.3132820129394531,b3029ed55f12170454e8c2f0430837a9c41f0ba29a8b29bd140c66dd1394174e,True
control,r5,loot-crate,204507,304507,0.24,0,0,12,11,0.1578927040100097,0.3349781036376953,598690b9fb2035f5777c9111fe7090d796b93664260002227050bc8daf412730,True
control,r5,loot-crate,204508,304508,0.1,0,1,5,1,0.16074180603027333,0.3139972686767578,a9248e42dc0af5e506ed21ffb8bb6a2f1763d51d5621702fff5f9efc601cd573,True
control,r5,loot-crate,204509,304509,0.52,0,0,26,7,0.20017623901367174,0.33092498779296875,1a8b0e1527ba9fc87aede1b25753cbbadee973418cb4ab6a2a88600214ebd431,True
control,r5,loot-crate,204510,304510,0.06,0,0,3,2,0.18161535263061507,0.2932548522949219,aaaf47dff9c5928dadaecaaf350d45f10acf72f9564c78227098b5acb6b761fb,True
control,r5,loot-crate,204511,304511,0.6,0,0,30,14,0.25068521499633734,0.3943443298339844,38039c4eea41224357601335d8f410ebbc353c8253ee220dd5d8f9b0baacbb83,True
control,r5,loot-crate,204512,304512,0.36,0,0,18,4,0.1850485801696777,0.5319118499755859,21ea966185fa64a5ef3656bc20e2f420885c6c98c6f4a19c7037dceb8acddbf8,True
control,r5,loot-crate,204513,304513,0.34,0,0,17,32,0.29375553131103516,0.8080005645751953,886e9e8ba0e986eb0f01e7e5d9dc8efa10884366b69729c839ca43027f799efb,True
control,r5,loot-crate,204514,304514,0.2,0,0,10,31,0.1892685890197752,0.5130767822265625,ea51b963f1d2c994cbc655ce625f2307aaad1c8dea8cbf6674aec30d47c8be16,True
control,r5,loot-crate,204515,304515,0.4,0,0,20,29,0.2781391143798827,0.7119178771972656,981db3b0ce2b914d06fef82e7aee69f5874a06f4b289a7a4e38e7c77b9c86951,True
control,r5,loot-crate,204516,304516,0.14,0,0,7,1,0.1919269561767578,0.6070137023925781,c9d2d8f7de7925d840a271d5eedef558d35f85b66d1bb024ce2efd4248a6130b,True
control,r5,loot-crate,204517,304517,0.42,0,0,21,10,0.2007603645324707,0.6227493286132812,4b76df1426d0f111f5a9fd9d66be093766799f2158215060cd29e96c1b7f0519,True
control,r5,loot-crate,204518,304518,0.06,0,0,3,2,0.23512840270996088,0.8139610290527344,e1afb091893c7b65f9f6f9376c6648f75226bd706be1454421ce293f4f42748d,True
control,r5,loot-crate,204519,304519,0.12,0,0,6,36,0.26397705078124994,0.7212162017822266,f46be4d6876e3043bafaad260e2f74fb68ae0009a909750658f1c4f5de00bea4,True
control,r5,loot-crate,204520,304520,0.12,0,0,6,2,0.5953550338745113,1.6679763793945312,dcafe272cecfe8a04e7e01993147df368f92d2699deaeef0fbd3e38fbc216235,True
candidate,r1,peaceful,204101,304101,0.1111111111111111,0,1,1,6,0.9130835533142093,1.9731521606445312,7004eeedb5cf54acee899f7eff87e5a5a614959fb5167d1a1607be303217dcc2,True
candidate,r1,peaceful,204102,304102,0.7777777777777778,0,0,7,3,0.9702324867248532,2.9897689819335938,20389d7495f2e89440685d0a6c74093f75a177bd0c69d969f2105fa173746ae4,True
candidate,r1,peaceful,204103,304103,0.6666666666666666,0,0,6,9,1.3373613357543934,4.231929779052734,b0b128996c430da5ea581f6bf6cbf9e63a5e20291f7487dbc7ba9a221191fd4a,True
candidate,r1,peaceful,204104,304104,0.5555555555555556,1,0,10,6,1.0339975357055662,1.4350414276123047,67cb4795fe57e56527f248b23cd7133b4e3b58856f6aa3a08972cddc83d8ee6e,False
candidate,r1,peaceful,204105,304105,0.4444444444444444,0,0,4,5,1.758527755737304,4.544973373413086,138dfd35bf6e5fc01ec3036bfeec21460b64bde79504f4ff21b2a85bb87cd359,True
candidate,r1,peaceful,204106,304106,0.2222222222222222,0,0,2,2,1.1712312698364256,2.552032470703125,85be4abd6a8dcabb7621c85d8020bbc1371fd5d6074fc64a3ed5d50a88e966e6,True
candidate,r1,peaceful,204107,304107,0.1111111111111111,0,0,1,1,0.8129358291625975,1.4650821685791016,e31da5161f180b95e7abef35e5ff20d474e3feefa64403b48b1851b1f101574e,True
candidate,r1,peaceful,204108,304108,0.4444444444444444,0,0,4,3,1.04994773864746,2.1991729736328125,e7e7f9a08b9627705bb58fc1264373fd7146d52df23588de4a419a5caead93b8,True
candidate,r1,peaceful,204109,304109,0.3333333333333333,1,0,8,6,0.9060502052307129,2.0558834075927734,3ea46186ca813b264826ea101df119ec9f6e13db2f540cae0d31490395feb20b,False
candidate,r1,peaceful,204110,304110,0.1111111111111111,0,0,1,18,0.7198214530944818,3.2787322998046875,6de2af92b0a64ef1cba892274595ec251108feafb05a8998f1f73e272f9ce6aa,False
candidate,r1,peaceful,204111,304111,0.4444444444444444,1,0,9,8,0.9287834167480461,2.79998779296875,507bebf161f625546fd8db57dd5725ca3d091a49edb65f26464136f5740e1b23,False
candidate,r1,peaceful,204112,304112,0.1111111111111111,0,0,1,2,0.8638262748718246,8.387088775634766,048ed805d893ce79ab05689a785767170dcd9016cfa0a68eacd2846a259acef7,True
candidate,r1,peaceful,204113,304113,0.3333333333333333,0,0,3,6,1.0454893112182613,6.851673126220703,7e510510ac277b932e1e3541fe0b96e529287153a955aa5180cde3c7ad62343e,True
candidate,r1,peaceful,204114,304114,0.4444444444444444,0,0,4,11,0.783586502075195,3.941059112548828,2d37a5fe0062658eae977090381fa6ec9a94b192f3f0e39b9ace95bc0f431840,True
candidate,r1,peaceful,204115,304115,0.5555555555555556,0,0,5,11,1.285266876220702,5.908966064453125,0d949af00d7eb3c7a913a849796756d9cbdd8bc15347b64bb44727347f20145e,True
candidate,r1,peaceful,204116,304116,0.4444444444444444,0,0,4,1,1.1946439743041977,3.4029483795166016,421875f2561cbd76a5d6803e85c8997f014e7d5f8f97ea4fc70b1eaaf71e3194,True
candidate,r1,peaceful,204117,304117,0.5555555555555556,1,0,10,3,1.5521645545959462,5.175113677978516,4b8a2a4d4e3c790ff7372877b0c6e8bd477adbb446cadf61a34d7e773338b675,False
candidate,r1,peaceful,204118,304118,0.5555555555555556,0,0,5,4,1.2972950935363767,4.930973052978516,380dafa9154f0e09423fa0b174431282f1fbad2919ef9f422524dcc6e7ebd78d,True
candidate,r1,peaceful,204119,304119,0.3333333333333333,0,0,3,5,1.1589169502258285,6.01506233215332,fe514dabd872549a14949bed397dcc7c636276218d95788957f31865ac98e2af,True
candidate,r1,peaceful,204120,304120,0.5555555555555556,1,0,10,1,1.2230634689331044,3.506898880004883,613e7bed10548598e3769354e8855a30fea0a3af0f2f2a4b9d89f63339f4c035,False
candidate,r1,coincollector,204201,304201,0.2222222222222222,0,0,2,14,1.4959335327148438,4.600048065185547,eb1e42b0bd0d33ecd9ae93b3edb112057e18ce48976903587b19bb7be054dc9f,False
candidate,r1,coincollector,204202,304202,0.3333333333333333,0,0,3,17,1.510500907897945,25.511980056762695,31d24552aa56537114c6370b7e75c5214bd0f649215f6d91da8eea55f0367350,True
candidate,r1,coincollector,204203,304203,0.3333333333333333,0,0,3,48,1.96156501770019,4.568815231323242,cf2b0559a6b65eaf6621ec56875a60343ff40d44e1441f86d1205a17594ca934,False
candidate,r1,coincollector,204204,304204,0.2222222222222222,1,0,7,25,0.719034671783447,2.668142318725586,171cdf6348f585b3b6fa7447cffd36ca627fe64de01517122e93a949e4e39565,False
candidate,r1,coincollector,204205,304205,0.1111111111111111,0,0,1,14,0.4749774932861328,0.5822181701660156,e83ee6cd3eca7e2c58a30ff4519a881311e201b5ea5a2033cf4b7f715a6cfa73,False
candidate,r1,coincollector,204206,304206,0.2222222222222222,0,0,2,25,0.9193658828735347,1.4069080352783203,d7806410275cdd4952a763ab1a00952415bce9b096a58314f852e4a91cb99a15,False
candidate,r1,coincollector,204207,304207,0.1111111111111111,0,1,1,6,0.3260374069213867,0.48613548278808594,6c2726d7366a51f6c36ec56250783c3be7dae83fedee3f0de10657f32ce804e4,False
candidate,r1,coincollector,204208,304208,0.6666666666666666,0,0,6,4,0.37913322448730463,1.3318061828613281,7c7e74a8243786296faa08461e1ca6093dba2afa71b8e6ad3a0a331674eb52cd,False
candidate,r1,coincollector,204209,304209,0.4444444444444444,0,1,4,10,0.3178119659423828,0.6768703460693359,43719a5c78849c6b679c5eab138028dd00c0797934e00171124677255afe9b01,False
candidate,r1,coincollector,204210,304210,0.0,0,0,0,3,0.3062009811401363,0.7789134979248047,9c8ca712120b05d9119ebe09cc73b4b53669a596dbd8eeba42aa7acc98655b36,False
candidate,r1,coincollector,204211,304211,0.0,0,0,0,24,1.3037443161010742,1.425027847290039,c43e2cad95739a84524be982f7173b5810b0ff5b14392733805bb91c0621064b,False
candidate,r1,coincollector,204212,304212,0.3333333333333333,0,1,3,5,0.318765640258789,0.4029273986816406,d9aa9419c0dd0570064120f33db71dc838a195d5b78b61e07bc8976c17688428,False
candidate,r1,coincollector,204213,304213,0.3333333333333333,0,0,3,9,0.5062580108642577,0.8141994476318359,06458cade186c7ef1bb4d20eb84eeb05fcdb221b299c521d3d9b4554576d7c32,False
candidate,r1,coincollector,204214,304214,0.3333333333333333,0,0,3,26,0.5067825317382812,0.6320476531982422,689d9936218416bab53db76f0a1f0fc6fcd04ef6507dffc961475bcaa7ad6202,False
candidate,r1,coincollector,204215,304215,0.6666666666666666,0,0,6,9,0.4132390022277829,0.5741119384765625,789f1a9c8d7a667e08016db99a8984d2293f40146eb212f930e4b7b21bef5264,False
candidate,r1,coincollector,204216,304216,0.1111111111111111,0,0,1,29,0.6649971008300781,0.9799003601074219,63cf1c8f07354067da9eeb7b87a78f0992bf4aeac74ae6ba2b39a2c6427401f5,False
candidate,r1,coincollector,204217,304217,0.4444444444444444,0,0,4,8,0.3479599952697753,0.926971435546875,79acf32c29232352718bcf1b0d909a76e60105ee48f139e557d2a8159cfb94cd,False
candidate,r1,coincollector,204218,304218,0.3333333333333333,0,0,3,33,0.5221843719482422,0.9257793426513672,9ab45542c6d5a2652b40bec3aeabb65ad68aeca33ecf8f63354cd99f117a49ca,False
candidate,r1,coincollector,204219,304219,0.0,0,1,0,3,0.3489851951599121,0.7293224334716797,f0c81089c86d5d7cb1497e711b1f28b079f2e8805161d7f6fbccaeef84b813c4,False
candidate,r1,coincollector,204220,304220,0.5555555555555556,0,0,5,32,0.7328391075134261,1.3768672943115234,f2773a3560bb11fd0a6649196c3e2f93157011e5186fe292f9acb95fb81e0d67,False
candidate,r1,classic,204301,304301,0.3333333333333333,0,0,3,3,0.4700183868408185,1.1661052703857422,197cb1e4158810564298a15733b4da15df8b87fbcd4fa19a66fac132a4796976,True
candidate,r1,classic,204302,304302,0.5555555555555556,0,0,5,2,0.8331775665283193,2.3682117462158203,91d83279cd8b6463db0d2496ece1d1cc0b2b617a853e343f750012a4c9958d5b,True
candidate,r1,classic,204303,304303,0.2222222222222222,0,0,2,21,0.5809664726257316,1.744985580444336,0475582313ee17f368b81f7d9f35f9fcf836744e2a293dd3acff8a5672f59733,True
candidate,r1,classic,204304,304304,0.1111111111111111,0,0,1,3,0.9235143661499018,19.989967346191406,571de21313be3b5d8f0c075275aca73adbe622fbca62be75faa6c60debb59024,True
candidate,r1,classic,204305,304305,0.3333333333333333,0,0,3,4,1.2100696563720694,3.2749176025390625,1a8cd9e0347b5366f8e1602db0bdbf5e396ee6bab0205e6bf502741f804dadd5,True
candidate,r1,classic,204306,304306,0.3333333333333333,0,0,3,2,1.3097286224365228,4.464149475097656,e0ccca856412e7d03a2891264f05d17b947f9810e85a9c2062540130f0bb1a95,True
candidate,r1,classic,204307,304307,0.0,0,0,0,47,0.2758622169494629,0.8640289306640625,d4229fc057a6668c18f6cfe771c29d2980bc7f79f3457a5c3f97463528801ecf,True
candidate,r1,classic,204308,304308,0.7777777777777778,0,0,7,4,1.049923896789549,1.8842220306396484,c3591454fe91d0e23d03e32cd795ab03ee60223ddf1102cb6fb9eea69410a082,True
candidate,r1,classic,204309,304309,0.1111111111111111,0,0,1,1,0.29222965240478477,0.9331703186035156,f221254b624040717668539b223f4157437b9a9a150634297137a85f768671bc,True
candidate,r1,classic,204310,304310,0.4444444444444444,0,0,4,2,0.7478833198547357,1.6350746154785156,b5ce92e516fc674d34884827bd102f30a7a82f5faf6c87291b123a742df9612d,True
candidate,r1,classic,204311,304311,0.5555555555555556,0,0,5,5,0.9521603584289539,1.554727554321289,cf15c4243a925fb5369bbacc68baea060387fe21c6d40ce70c5aa0c1e4d17c02,True
candidate,r1,classic,204312,304312,0.3333333333333333,0,0,3,2,1.12466812133789,6.139039993286133,86a0a237db198d336a90544261d1b275b2b7029e915b99c3e6de16f7ac91766b,True
candidate,r1,classic,204313,304313,0.1111111111111111,0,0,1,1,0.7918357849121094,1.8808841705322266,fe308b7ead694211b766b83d0ce956957f80326dd9cddee26e3dd5183d0be932,True
candidate,r1,classic,204314,304314,0.3333333333333333,0,0,3,2,1.208221912384033,6.506919860839844,5cd27eee443bee12177b2a424ee1661275178acc663eb1aa4c992dd7e73d7d80,True
candidate,r1,classic,204315,304315,0.0,0,1,0,3,0.6440758705139157,1.1920928955078125,223e37ac23ec970df1a5ce1467b801712aea5dc8575ec0db706df22d2c658ce2,True
candidate,r1,classic,204316,304316,0.5555555555555556,0,0,5,6,1.2248396873474114,2.2110939025878906,8f1c47865227860142d514893c9df18689159dd0e12f85b930ba6ec005f9fcbb,True
candidate,r1,classic,204317,304317,0.6666666666666666,0,0,6,7,0.7062196731567383,1.4426708221435547,0825ba409438cc8b7f68caf041e9cf09788a323942a6d98fdecaa212eba04b4d,True
candidate,r1,classic,204318,304318,0.2222222222222222,0,0,2,2,1.3685464859008785,2.6831626892089844,ec9ab43857c15965111bc550c56038cdd469202347ae110a6a1143b0eb95ffbd,True
candidate,r1,classic,204319,304319,0.7777777777777778,0,0,7,7,0.9493350982666013,2.6590824127197266,f2d228946aefb21fc1d2e35c8676ca426c551cca5f34238ef2d92f0c60aaa484,True
candidate,r1,classic,204320,304320,0.6666666666666666,0,0,6,15,0.7956624031066877,2.115964889526367,816815b6894543a6fc7fa8d0ce5cc6674f5c620333a56272a620b26252bbecdf,True
candidate,r1,coin-heaven,204401,304401,1.0,0,0,50,0,1.6150236129760736,4.625082015991211,d3af018a7dcb008a38c31059721eb4d4d6779a9423f0e1fb5d8d67a0989d2c7d,True
candidate,r1,coin-heaven,204402,304402,1.0,0,0,50,1,1.3890266418457031,1.9719600677490234,786ad1c797a48010fda2fa69b902e5e44470798321e0a090e9065208f942a130,True
candidate,r1,coin-heaven,204403,304403,1.0,0,0,50,0,1.0053634643554685,1.6298294067382812,2bb7feb9edea2fa35d1a3cb7e9bfc1ef51ec1be63deb61cf6c16cc11cac649ee,True
candidate,r1,coin-heaven,204404,304404,1.0,0,0,50,0,1.7667412757873535,3.1630992889404297,0f882f16c072598953c7112599ef387f160d229cdf3c5266bf327faf20384b4c,True
candidate,r1,coin-heaven,204405,304405,1.0,0,0,50,0,1.6774177551269522,2.231121063232422,0ca2ad51f6c7d73c368df1ab72c9e44b049aa82b9fd94930439a7716db20ebf7,True
candidate,r1,coin-heaven,204406,304406,1.0,0,0,50,0,1.987624168395996,2.852916717529297,95bc03856b22c2f9b3a230c7927ceabfa1afbc28027e69964ed0c6340a5e11cb,True
candidate,r1,coin-heaven,204407,304407,1.0,0,0,50,0,1.7284631729125968,6.682872772216797,52746434755644d6f7f174693d797ffd55a1a97e8f434585f40b22f482ab4d54,True
candidate,r1,coin-heaven,204408,304408,1.0,0,0,50,0,1.993417739868164,2.992868423461914,f7b52603abecdefcf00b82cff72f66b49d2c230f78a65365fe862c84eaa89884,True
candidate,r1,coin-heaven,204409,304409,1.0,0,0,50,0,1.2515783309936521,2.8200149536132812,bf2fe2670f35bcb44bc81d59c032170c5b8854c1d00a0e8686cd78425d6b8ff2,True
candidate,r1,coin-heaven,204410,304410,1.0,0,0,50,0,0.9850978851318355,1.7740726470947266,3e0a00bb582a4dfd2bd54aa7c96a8554061f5a72ec553c2fd1a7bb5637c4760c,True
candidate,r1,coin-heaven,204411,304411,1.0,0,0,50,0,1.1594533920288086,5.376100540161133,4b1b1d10924959a0cae2a4f69d197ff7d91f9e75a2fe243c2b1e0c60b8568cd3,True
candidate,r1,coin-heaven,204412,304412,1.0,0,0,50,0,1.521527767181396,3.991842269897461,c7f865b2ebf284eb24d7705156a8382af017ba62d93e2d9dad1cf8505b52bb64,True
candidate,r1,coin-heaven,204413,304413,1.0,0,0,50,0,2.1322727203369136,5.262851715087891,813c11dca782eb660faab0523cd94dfa343a1ac8814c31af3d57b3ecd781e320,True
candidate,r1,coin-heaven,204414,304414,1.0,0,0,50,0,1.2392759323120115,2.2630691528320312,e09732464d1857b3ab604a263cd4248b6b7868b928d1e8b9cc79f432cb89487c,True
candidate,r1,coin-heaven,204415,304415,0.04,0,1,2,0,0.8524060249328613,0.9031295776367188,ae50dce16d5d81688cb94e7d1cb17afa89e4f369d4720ccc774e519f993cab6e,True
candidate,r1,coin-heaven,204416,304416,1.0,0,0,50,0,1.1440515518188477,2.44903564453125,f593ca3873e24b562096d74676b00c1c5fdd0ffd09926ad39e79c9ed1824b364,True
candidate,r1,coin-heaven,204417,304417,1.0,0,0,50,0,1.5063762664794922,2.6628971099853516,31f9f4ecd350465e02ccfd798734df41f52427b5ceb47903d120735242ef69c9,True
candidate,r1,coin-heaven,204418,304418,1.0,0,0,50,1,1.8049240112304685,3.9119720458984375,d03e30f242adb66f0cff1eff8358d0b4b61fdc1530febda2bca73667bf1f7408,True
candidate,r1,coin-heaven,204419,304419,0.02,0,1,1,0,0.8794069290161133,0.9531974792480469,ae50dce16d5d81688cb94e7d1cb17afa89e4f369d4720ccc774e519f993cab6e,True
candidate,r1,coin-heaven,204420,304420,1.0,0,0,50,0,1.595497131347656,4.602909088134766,a7cc0a1b472af91bae400ccc1ed5cb6640c0f0ce9a1668786badca720ca8e2d1,True
candidate,r1,loot-crate,204501,304501,0.14,0,0,7,2,1.0022759437561033,4.75001335144043,ad6b70c15b93bc4347c3c4911b2a32066201de1f8153b4abb5be5f3c175a5bb3,True
candidate,r1,loot-crate,204502,304502,0.34,0,0,17,5,1.2764334678649896,4.729747772216797,09d0c5b4b0b64a028603dceef069c8ccb9f4c2119f523a935225804325bffc32,True
candidate,r1,loot-crate,204503,304503,0.24,0,0,12,4,0.748515129089354,4.780769348144531,58149f46f37702e1f8ad2e6c4ce590ffad2addae1487c699453a3f73a34a2fd0,True
candidate,r1,loot-crate,204504,304504,0.06,0,0,3,1,0.7414460182189937,1.898050308227539,a214aaf31f5525c784429d6dca1cc01414facd6fe5d882a41494acb3ce14c45f,True
candidate,r1,loot-crate,204505,304505,0.4,0,0,20,6,1.1449337005615217,3.480195999145508,96f8d20cafe6563e4c6823075051ae8e727ca9423d7acd6b07b9b249fea63a35,True
candidate,r1,loot-crate,204506,304506,0.28,0,0,14,3,1.1404991149902315,2.978086471557617,31e50827fd021a681c66070916b9c85de3213dee5adb1e413f28a6b8d8ca90b5,True
candidate,r1,loot-crate,204507,304507,0.04,0,0,2,52,0.805187225341796,3.0388832092285156,68cd05995e86dc1c4997b971d141982e67ed8b88c6fc4b16f4f1b9b6d101eebc,True
candidate,r1,loot-crate,204508,304508,0.16,0,0,8,5,0.8280038833618162,3.1642913818359375,960319f3c03fe2b068f654172d9b23a42e9978a0127c85d9c8be3408dca88ba6,True
candidate,r1,loot-crate,204509,304509,0.1,0,1,5,1,0.741147994995117,0.96893310546875,e551c4386a538719bef18a5af811ff7f7b598bd27920340151c38e86b5880c84,True
candidate,r1,loot-crate,204510,304510,0.28,0,0,14,11,1.1173129081726074,3.3206939697265625,e53b51d74716fc2024973930a09c0e1657071c8b43c3424bbcae15f32d799c02,True
candidate,r1,loot-crate,204511,304511,0.32,0,0,16,26,1.6842484474182118,7.261753082275391,3f1ef5993a677456ab21af35bf27bad62a4c392634e7c7c533299ecd7055f143,True
candidate,r1,loot-crate,204512,304512,0.02,0,0,1,56,0.655567646026611,1.5850067138671875,2278dc2245715bcedfdb789b8fff75beff5b7a684968d664c4458ed72fa37afb,True
candidate,r1,loot-crate,204513,304513,0.54,0,0,27,16,1.5581011772155753,21.81696891784668,ddb05f01faa9a86973d855545dab41e33b5c8197c27e11ac9668db1a3969975b,True
candidate,r1,loot-crate,204514,304514,0.12,0,0,6,2,1.3329148292541493,7.470130920410156,997ef21d36a6a1445dfadad504631f67980b9a7c27f0852072d5545cefb13653,True
candidate,r1,loot-crate,204515,304515,0.3,0,0,15,5,0.9180188179016103,3.268003463745117,44e5f6cd9533e3e0a27cc1fb9bca6f37601607f2fa0a093afbecd6da482b4a7e,True
candidate,r1,loot-crate,204516,304516,0.28,0,0,14,5,1.151692867279052,2.2950172424316406,40c70838edbb5611a9f9f00b23a9ad98d2b2393254181a9ff2e89aa017feae73,True
candidate,r1,loot-crate,204517,304517,0.1,0,0,5,132,0.54662227630615,2.958059310913086,c9b1d33612abdcce8c01ecbab3cd60760d4354778fbac6e2d3b50e6f174c7c68,True
candidate,r1,loot-crate,204518,304518,0.52,0,0,26,6,0.4932522773742674,1.2917518615722656,de5a282a96d56cd1f672066a8080870cb3fd6c7cfef48cea2f52df7f4243b12f,True
candidate,r1,loot-crate,204519,304519,0.0,0,0,0,142,0.27904510498046864,0.4420280456542969,5d0e9cd92b0879b0ddc2c089b64eea4895846cebc66a86d089bea38967b82f4f,True
candidate,r1,loot-crate,204520,304520,0.58,0,0,29,28,0.7754921913146969,1.3899803161621094,9d4e9383019a4165203cce9779476b17d554f20d2222a92a4c00aba2ad307752,True
candidate,r2,peaceful,204101,304101,0.1111111111111111,0,0,1,10,0.3511667251586912,0.5609989166259766,09c0ee5da976ace4d9b7ef931e00422a0dee9d5c324abf8ba07c0448cd8cca25,True
candidate,r2,peaceful,204102,304102,0.5555555555555556,0,0,5,21,0.3714084625244139,1.119375228881836,fbf0b89f610ed9daef8cd03f5cdbbb5086bbd0b6b95a75b4adb8cd01638cb853,True
candidate,r2,peaceful,204103,304103,0.0,0,0,0,0,0.2461910247802733,0.3790855407714844,7c6edd0e36e8079257c8d02934e4df5c6556168e1c4bbc90532cd28e4a1e2535,True
candidate,r2,peaceful,204104,304104,0.6666666666666666,0,0,6,33,0.3400325775146484,0.9310245513916016,164f88eebc744afe1194538fee81fc872bb720d14ae97fb8b585fe1a5f0532f5,True
candidate,r2,peaceful,204105,304105,0.4444444444444444,0,0,4,3,0.34621953964233393,0.5917549133300781,02d4e3725dafd5891d67c7ebb484232a3e9ef9bc79683b24c561834861c7f08e,True
candidate,r2,peaceful,204106,304106,0.1111111111111111,0,0,1,25,0.18318891525268546,0.3497600555419922,23ff6570f5fc1e8fd4f7f5c3596bc78d995b52cfa30768d0816e2386295995fb,True
candidate,r2,peaceful,204107,304107,0.3333333333333333,1,1,8,14,0.28023719787597656,1.0731220245361328,5c10be3fccf9861d1271abf4e28cc780ad7168f5be6dd8b862c9f8dad05d6d44,False
candidate,r2,peaceful,204108,304108,0.3333333333333333,0,0,3,22,0.34424066543579085,0.6301403045654297,95fb24390f5d0ee0f86cb4676cda52a9249fa19a1a2fcbe2fa13b9159de4153b,True
candidate,r2,peaceful,204109,304109,0.2222222222222222,0,0,2,50,0.23349523544311515,0.4010200500488281,f67905b3594497dcb68bf3f7388db164579ddc5acb9c067796fe02c3c2eb1d48,True
candidate,r2,peaceful,204110,304110,0.3333333333333333,0,0,3,41,0.28705596923828125,0.5450248718261719,d6848e0ad0eed41acb60ab2039405c2ff8329e9a6e3a3ff43e62e26a82a3786c,True
candidate,r2,peaceful,204111,304111,0.3333333333333333,0,0,3,50,0.247955322265625,0.5888938903808594,0a36df919d78ad2e02ec88ee88eb4821c926a25aa02ea8080d0801e8ecf0b902,True
candidate,r2,peaceful,204112,304112,0.1111111111111111,0,0,1,73,0.22840499877929665,0.3762245178222656,edf002f0a209dc66cad09c180383ffb21fa27ccf2cd8b419f05780079bc860ed,True
candidate,r2,peaceful,204113,304113,0.5555555555555556,0,0,5,17,0.3780364990234374,0.5309581756591797,6c1e412d4319fc511569acf6893f96ef054158b28e3f582888a2de151b894ae6,True
candidate,r2,peaceful,204114,304114,0.2222222222222222,0,0,2,41,0.2727508544921875,0.48804283142089844,8908ef1a2d670e531063a6cee3b476c351e57accaae9594ce08569d61606e6a1,True
candidate,r2,peaceful,204115,304115,0.0,0,0,0,1,0.1791000366210937,0.4038810729980469,35e6c8d54abbcfaeccc46f0d6247068a65e98f24a3406d523152eaf0cc9e367e,True
candidate,r2,peaceful,204116,304116,0.0,0,0,0,0,0.19793510437011713,0.49304962158203125,671e34d6572ac7fcddd52cfcce9baf5e570fd8aff5838c481aa5a16b68124228,True
candidate,r2,peaceful,204117,304117,0.0,0,0,0,0,0.18334388732910134,0.3840923309326172,671e34d6572ac7fcddd52cfcce9baf5e570fd8aff5838c481aa5a16b68124228,True
candidate,r2,peaceful,204118,304118,0.0,0,0,0,0,0.17309188842773438,0.5466938018798828,d6110c16b49564f50a070d4781da48fb1f8253972aab80d08c50e12a4d61f398,True
candidate,r2,peaceful,204119,304119,0.0,0,0,0,0,0.17790794372558588,0.4699230194091797,3e63c5139ad37862b2ea7d3c768000b5b6ae5474b0f88545a3c74b29b9aee4be,True
candidate,r2,peaceful,204120,304120,0.4444444444444444,0,0,4,44,0.2972126007080077,1.107931137084961,32c93f86b758afce2b28362f037200b7c95c754730baddd2654d0cd148c88399,True
candidate,r2,coincollector,204201,304201,0.0,0,1,0,2,1.0303735733032224,2.2399425506591797,e61c412b1eb2369d5cbeff14cfd263b5152a0e3ed59d192bd32a6542db658918,False
candidate,r2,coincollector,204202,304202,0.1111111111111111,0,1,1,2,0.6232261657714844,1.2860298156738281,54034a7f5fb3efcac1d4f450956f0f8f51a30aaa0ef34132eac60b8da94c9f7d,False
candidate,r2,coincollector,204203,304203,0.3333333333333333,1,0,8,46,0.7460594177246094,1.7228126525878906,2ea6621e00c87fe57ca8d5dfa963a60f20e32ae03b73e33bc35bc84f714fc72c,False
candidate,r2,coincollector,204204,304204,0.0,0,1,0,3,1.2438297271728513,2.8328895568847656,a075c525b1c87869f53c55d8d1873b4adbd5f93f120ac6afd0d8030fdf5c0c74,False
candidate,r2,coincollector,204205,304205,0.2222222222222222,0,1,2,16,1.1957883834838872,3.1821727752685547,2062b8a2f06d78139900037969e22bd034f46a6aedbadca8e672a52c41ac1bdc,False
candidate,r2,coincollector,204206,304206,0.1111111111111111,0,0,1,1,0.6205081939697248,1.3370513916015625,585eabea8b1bd36bbc51eb50d2c7105cc19d106d587ce1a78ed5bf7456c1a686,False
candidate,r2,coincollector,204207,304207,0.2222222222222222,0,0,2,12,1.3521909713745115,3.0901432037353516,5733df7dc3575f270d0159f12acb0152654a118ed01aa73669bf6b44005eaaa8,False
candidate,r2,coincollector,204208,304208,0.4444444444444444,0,0,4,15,1.567292213439941,4.081964492797852,bc4988d0fde0ca0eba617f5f42a5e4e9d88707957de59d59f47ab7f9f3e075b2,False
candidate,r2,coincollector,204209,304209,0.3333333333333333,0,0,3,8,0.7736682891845703,1.260995864868164,dec9df827d68bfa9e89c6cee4e953e0bd3cf055bc909025959338db07df1ba7a,False
candidate,r2,coincollector,204210,304210,0.0,0,0,0,3,0.7071256637573233,1.4328956604003906,35122593afa205b5d692df4bb2b39891ff0e22425e5a85c234592b93732e8d7d,False
candidate,r2,coincollector,204211,304211,0.0,0,0,0,6,1.0494709014892576,2.5038719177246094,1d9179d7925032c9f846e7c7783e1f49b8dd06e33381e50d5aeb6b87ea886b11,False
candidate,r2,coincollector,204212,304212,0.2222222222222222,0,0,2,8,1.1294007301330566,2.355813980102539,56039447842642da7350a23b074826ebeead76f765a1fb4baa9033d0b7fd86e0,False
candidate,r2,coincollector,204213,304213,0.0,0,0,0,2,1.1519908905029295,1.6558170318603516,67b23c76dc51c1ab3416ef007e3d08a5db5a2a97ea923985924a250d61eaa0f4,False
candidate,r2,coincollector,204214,304214,0.2222222222222222,0,1,2,15,1.089119911193846,1.8169879913330078,119657bcf7da09c1e5042670bf56f7ac180c83d3ddddc86198be67418218cf57,False
candidate,r2,coincollector,204215,304215,0.1111111111111111,0,1,1,3,0.8992433547973631,1.4307498931884766,6a0bb4c32469f6ee1710766fa3fbfb412ab59fc4d20d94aca446b175423aaa94,True
candidate,r2,coincollector,204216,304216,0.2222222222222222,0,0,2,6,2.043354511260986,4.214763641357422,02dcf05e25b4eda623c7367c02d195524c4047c007fe4c128e095ba001bb424e,False
candidate,r2,coincollector,204217,304217,0.3333333333333333,0,1,3,4,0.8771181106567384,1.1861324310302734,e38a9da42514b0a0b7c4405355c89f8807ecdf245ab2dd05b42996da02c922cc,False
candidate,r2,coincollector,204218,304218,0.2222222222222222,0,0,2,25,1.4045357704162593,5.069971084594727,2062e885897b60db37c18ea57982b31d0fd6d648c0cf4c9736402a6351fd2b14,False
candidate,r2,coincollector,204219,304219,0.1111111111111111,0,0,1,8,1.5746116638183554,7.537841796875,dd925f87c4d256dfcf9ca7c72aae7ec74041a8a35b878bdaec47e119d7dc3c87,False
candidate,r2,coincollector,204220,304220,0.3333333333333333,0,0,3,10,1.393020153045654,3.3538341522216797,983cc226b76e9c605f58fb13f8fe185536797ad097aca3dd3887d98350ffc609,False
candidate,r2,classic,204301,304301,0.2222222222222222,0,0,2,8,0.6960868835449218,1.8241405487060547,fa3fd5fd488472c209a1735b9465376a994b59ec5099fd4d35afc98b65c23064,True
candidate,r2,classic,204302,304302,0.1111111111111111,0,0,1,2,0.5677103996276849,1.528024673461914,1319148a858dfd9a5d6b02de3b098ab22f8aa34b00a3111d5b9d22a61c356b9b,True
candidate,r2,classic,204303,304303,0.1111111111111111,0,0,1,61,0.46328306198120073,2.694845199584961,9c48a6dd16b1f75477b932177baddf2fc6796277fc2ec45a7ca71c2458ff8fc0,True
candidate,r2,classic,204304,304304,0.3333333333333333,0,0,3,4,0.6735086441040035,1.2333393096923828,5ffd996caea9daf020cac51c64286793bf89fa4b6a9a86df70923065675ff524,True
candidate,r2,classic,204305,304305,0.2222222222222222,0,0,2,125,0.4442930221557614,1.8723011016845703,0693171cf139950f4169ab6dcf3a28fef5b1e7c532d3bac82ae634e94a698288,True
candidate,r2,classic,204306,304306,0.3333333333333333,0,0,3,5,0.7509112358093254,2.664327621459961,84a7c7cf947ac4026fbf6834c590ad87d73a17605caab386ff7dad39cff942a1,True
candidate,r2,classic,204307,304307,0.4444444444444444,0,0,4,4,0.6366133689880364,1.8107891082763672,8d7ba5578cde8df69b7f3b8affca9b2d48c693b4d80182c784519b41d7b0520b,True
candidate,r2,classic,204308,304308,0.7777777777777778,0,0,7,12,0.7693290710449217,1.4772415161132812,09473dcb52ec178322309df2d1ca62392edc4afd7269d6f83d26d2a81658d0d6,True
candidate,r2,classic,204309,304309,0.1111111111111111,0,0,1,0,1.122844219207763,5.075931549072266,cf9ed20c0eaa094b8148253b3f7e6e393dce371196f7fd897d5159138ee871bc,True
candidate,r2,classic,204310,304310,0.4444444444444444,0,0,4,4,1.3194203376769988,3.103971481323242,452dfb2d41274b91892107ba98177f0850e46154c5aabdfb930fcf50a9b6f6c5,True
candidate,r2,classic,204311,304311,0.0,0,0,0,0,1.2284278869628895,4.184246063232422,70f7d5a398dc3a8d2ae819b00385ad638f8e8badc1c0300da05ef89f149a311f,True
candidate,r2,classic,204312,304312,0.2222222222222222,0,0,2,59,1.501333713531494,4.659891128540039,e38bb951c8e4d401e3bca47e49a6356d4f6843150010bd6562a706f2dd4b9c90,True
candidate,r2,classic,204313,304313,0.4444444444444444,0,0,4,1,1.0042190551757801,4.662036895751953,078264f81cb3f64197959fa6eede918d7ebb6ce88c96edaabdb241f874abdf0a,True
candidate,r2,classic,204314,304314,0.0,0,0,0,0,0.6795763969421381,1.8548965454101562,8eeebe4305db55ea6b9f60743bbb59f3c87afa221f870a66da9b6deecabebfbc,True
candidate,r2,classic,204315,304315,0.6666666666666666,0,0,6,6,0.6008625030517578,1.1279582977294922,1510bbb96657ab893140819c8431b31cad7e22cda160e3c6db0f3d7e1ee788f0,True
candidate,r2,classic,204316,304316,0.3333333333333333,0,0,3,14,0.4260540008544922,0.6537437438964844,834d7db7735e904d21f7c6faf391e834e710112684ee781e61e89e04bd30f9c7,True
candidate,r2,classic,204317,304317,0.6666666666666666,0,0,6,6,0.42030811309814414,1.168966293334961,50d78793187b0b8b88b7905c84d834f6afe590539ddf4f8ad21efd54a72b7d79,True
candidate,r2,classic,204318,304318,0.0,0,0,0,0,0.18506050109863276,0.35309791564941406,671e34d6572ac7fcddd52cfcce9baf5e570fd8aff5838c481aa5a16b68124228,True
candidate,r2,classic,204319,304319,0.1111111111111111,0,0,1,33,0.2611279487609863,0.7460117340087891,bd528227feb8ab364f2b6b3d896bb3558ce876170dcf66658763594702641413,True
candidate,r2,classic,204320,304320,0.7777777777777778,0,0,7,6,0.4454135894775388,0.6439685821533203,f29ff30cd4ad9e5d9779014eaaffc2b8adfb35371d22d7e9f199339527887c50,True
candidate,r2,coin-heaven,204401,304401,1.0,0,0,50,0,0.5058288574218749,0.7278919219970703,d3af018a7dcb008a38c31059721eb4d4d6779a9423f0e1fb5d8d67a0989d2c7d,True
candidate,r2,coin-heaven,204402,304402,1.0,0,0,50,1,0.4947185516357422,0.8771419525146484,786ad1c797a48010fda2fa69b902e5e44470798321e0a090e9065208f942a130,True
candidate,r2,coin-heaven,204403,304403,1.0,0,0,50,0,0.5206108093261718,0.9789466857910156,2bb7feb9edea2fa35d1a3cb7e9bfc1ef51ec1be63deb61cf6c16cc11cac649ee,True
candidate,r2,coin-heaven,204404,304404,1.0,0,0,50,0,0.613868236541748,1.3401508331298828,0f882f16c072598953c7112599ef387f160d229cdf3c5266bf327faf20384b4c,True
candidate,r2,coin-heaven,204405,304405,1.0,0,0,50,0,0.5342483520507809,0.6618499755859375,0ca2ad51f6c7d73c368df1ab72c9e44b049aa82b9fd94930439a7716db20ebf7,True
candidate,r2,coin-heaven,204406,304406,1.0,0,0,50,0,0.501728057861328,0.7269382476806641,95bc03856b22c2f9b3a230c7927ceabfa1afbc28027e69964ed0c6340a5e11cb,True
candidate,r2,coin-heaven,204407,304407,1.0,0,0,50,0,0.4903316497802734,0.823974609375,52746434755644d6f7f174693d797ffd55a1a97e8f434585f40b22f482ab4d54,True
candidate,r2,coin-heaven,204408,304408,1.0,0,0,50,0,0.6767511367797852,1.4548301696777344,f7b52603abecdefcf00b82cff72f66b49d2c230f78a65365fe862c84eaa89884,True
candidate,r2,coin-heaven,204409,304409,1.0,0,0,50,0,0.47760009765625,0.6630420684814453,bf2fe2670f35bcb44bc81d59c032170c5b8854c1d00a0e8686cd78425d6b8ff2,True
candidate,r2,coin-heaven,204410,304410,1.0,0,0,50,0,0.5111217498779297,1.149892807006836,3e0a00bb582a4dfd2bd54aa7c96a8554061f5a72ec553c2fd1a7bb5637c4760c,True
candidate,r2,coin-heaven,204411,304411,1.0,0,0,50,0,0.5178689956665039,0.6480216979980469,4b1b1d10924959a0cae2a4f69d197ff7d91f9e75a2fe243c2b1e0c60b8568cd3,True
candidate,r2,coin-heaven,204412,304412,1.0,0,0,50,0,0.4920244216918945,1.0781288146972656,c7f865b2ebf284eb24d7705156a8382af017ba62d93e2d9dad1cf8505b52bb64,True
candidate,r2,coin-heaven,204413,304413,1.0,0,0,50,0,0.6069183349609375,0.8943080902099609,813c11dca782eb660faab0523cd94dfa343a1ac8814c31af3d57b3ecd781e320,True
candidate,r2,coin-heaven,204414,304414,1.0,0,0,50,0,0.4467725753784179,0.5488395690917969,e09732464d1857b3ab604a263cd4248b6b7868b928d1e8b9cc79f432cb89487c,True
candidate,r2,coin-heaven,204415,304415,0.04,0,1,2,0,0.680387020111084,0.6911754608154297,ae50dce16d5d81688cb94e7d1cb17afa89e4f369d4720ccc774e519f993cab6e,True
candidate,r2,coin-heaven,204416,304416,1.0,0,0,50,0,0.6403923034667969,1.2590885162353516,f593ca3873e24b562096d74676b00c1c5fdd0ffd09926ad39e79c9ed1824b364,True
candidate,r2,coin-heaven,204417,304417,1.0,0,0,50,0,0.5016326904296875,1.0797977447509766,31f9f4ecd350465e02ccfd798734df41f52427b5ceb47903d120735242ef69c9,True
candidate,r2,coin-heaven,204418,304418,1.0,0,0,50,1,0.5579948425292969,1.0499954223632812,d03e30f242adb66f0cff1eff8358d0b4b61fdc1530febda2bca73667bf1f7408,True
candidate,r2,coin-heaven,204419,304419,0.02,0,1,1,0,0.640571117401123,0.6418228149414062,ae50dce16d5d81688cb94e7d1cb17afa89e4f369d4720ccc774e519f993cab6e,True
candidate,r2,coin-heaven,204420,304420,1.0,0,0,50,0,0.46162605285644526,0.9791851043701172,a7cc0a1b472af91bae400ccc1ed5cb6640c0f0ce9a1668786badca720ca8e2d1,True
candidate,r2,loot-crate,204501,304501,0.24,0,0,12,5,0.34736394882202104,0.9541511535644531,e721e692689d37e0af3826f7ce15e00f05dc5ac40e3279088af1cfc697e821f9,True
candidate,r2,loot-crate,204502,304502,0.14,0,0,7,6,0.3294110298156735,0.9312629699707031,1b21490588994738c32d95f6f782e0e982a512f91ae265a5a60b852ef649df02,True
candidate,r2,loot-crate,204503,304503,0.56,0,0,28,7,0.4473209381103513,1.142740249633789,2d94a8d247bd006e8e460833525a64acb2cab09846b5d7f14003c419fb26abf6,True
candidate,r2,loot-crate,204504,304504,0.12,0,0,6,9,0.8543610572814938,2.2449493408203125,7cb23d1dae2ee2f4ffc1f1fd0b58c38ec3b9cd871076aa46f1a0cfc072251729,True
candidate,r2,loot-crate,204505,304505,0.52,0,0,26,10,0.4795908927917475,1.291036605834961,8c74cd9bcf16bd09ed5e4c140abe4299bc662c8c8bba65a071704a0258a67c6a,True
candidate,r2,loot-crate,204506,304506,0.3,0,0,15,10,0.5698323249816895,1.294851303100586,2ebc4671bb47c4a249fd2fb80691a7c3d3883da0a2c4fa0c42d1da0376db1095,True
candidate,r2,loot-crate,204507,304507,0.16,0,1,8,8,0.44357776641845703,1.0039806365966797,084c56b076748e68b4b6f0d5c20ede03745b9d30f2d04f29fab1c7de0e67a19d,True
candidate,r2,loot-crate,204508,304508,0.14,0,0,7,58,0.3090858459472655,0.7290840148925781,1864abe97e14e941bed58dd9dd483b83feea8f45629eb0c1d603ad4e0260f93f,True
candidate,r2,loot-crate,204509,304509,0.42,0,0,21,5,0.4060626029968261,0.7312297821044922,c8242d3e975b43c6ba93016a3aef943d0b1608da317d846919293a20af07b8a6,True
candidate,r2,loot-crate,204510,304510,0.7,0,0,35,22,0.6214261054992672,1.119852066040039,9164709a08bec5edc2731602794bfa5b18594760d0b93cd65c48a9cf586ca1bd,True
candidate,r2,loot-crate,204511,304511,0.18,0,0,9,112,0.5698919296264647,4.289150238037109,0d3a4152f5041d73952fc43238cb2a61315b8055adcfee51f11718cd3b23f77b,True
candidate,r2,loot-crate,204512,304512,0.02,0,1,1,3,0.6723165512084959,0.946044921875,6a0bb4c32469f6ee1710766fa3fbfb412ab59fc4d20d94aca446b175423aaa94,True
candidate,r2,loot-crate,204513,304513,0.46,0,0,23,8,0.4993796348571776,0.881195068359375,4f544b238de398d9308818ad8107cc77dabf72a5ac0ac0593ee6bb1a5df9be05,True
candidate,r2,loot-crate,204514,304514,0.44,0,0,22,11,0.5622029304504392,1.0409355163574219,20934ab9d0831f25511061182f2b17fed7a58196b9a2cf03a16f8c31f9d7be55,True
candidate,r2,loot-crate,204515,304515,0.5,0,1,25,5,1.0249614715576165,1.7969608306884766,76d4d3202de072c77acce206869e4e9a65f59cf9ad223c2d8c4c3b8d5ecafd57,True
candidate,r2,loot-crate,204516,304516,0.22,0,0,11,2,0.9465098381042478,2.5069713592529297,0cba24f9b6847d03214b55bf716ec6214f6e0634114365aaedb60bc990643f00,True
candidate,r2,loot-crate,204517,304517,0.2,0,0,10,39,0.5924701690673826,1.0318756103515625,b9375436bd7b36f255086de527821bb8386617d53a1bd1ee9f8f701b2647fe76,True
candidate,r2,loot-crate,204518,304518,0.24,0,0,12,29,1.0111808776855469,2.0220279693603516,1c0427089c7f9aa5d0e9d3c5eb2e20a9620e23f4b382179f40a4bf70a5417aee,True
candidate,r2,loot-crate,204519,304519,0.3,0,1,15,10,0.9901523590087885,1.8329620361328125,2f0f1b68010aec16f74b28ed12d34c3adb1c3c0ae4ad9999bbc3bed11da1516b,True
candidate,r2,loot-crate,204520,304520,0.4,0,0,20,8,0.5856037139892571,1.7399787902832031,09012fe628d88eb33f71f17affac15e04c0e906aa216d3c94b4f484b7760ae64,True
candidate,r3,peaceful,204101,304101,0.0,0,0,0,0,0.7970452308654774,2.009153366088867,12a230985a62add7cbdef96963b6ca95b5cadc3bad64ba2a10c1c4016107a39f,True
candidate,r3,peaceful,204102,304102,0.1111111111111111,0,0,1,0,1.1834859848022456,6.4258575439453125,486307a3dfb5c70eeec70b2d3cf9a7b865d8318a81bb12999ef5ddc14ed8f416,True
candidate,r3,peaceful,204103,304103,0.1111111111111111,0,0,1,4,1.1010408401489222,5.16819953918457,0187d356f86b3b1cf38077d0d42481ff27585002cf99eaab613954aff18d205a,False
candidate,r3,peaceful,204104,304104,0.0,0,0,0,0,0.8541464805603008,2.5620460510253906,6f6baadb949754c93968a01f04e185a6f291bc59973a086d8cbea12d748eee58,True
candidate,r3,peaceful,204105,304105,0.3333333333333333,0,0,3,3,0.7737517356872551,1.7306804656982422,e46ec7ec467b8b2f06f370bf506a91f1a0243d5d316d13e6726d1f4f0032aa7c,True
candidate,r3,peaceful,204106,304106,0.1111111111111111,0,0,1,0,0.5539059638977051,1.2831687927246094,c056de127e92ee34f2382ec651eac647b6c75e6bc98cd7f88fd2d8ba5f504f55,True
candidate,r3,peaceful,204107,304107,0.2222222222222222,0,0,2,26,0.9075522422790522,2.4917125701904297,a2c3ae5d77160cb4b4c1e685d762e75def9d6115966160e2da7d14128a1134e0,False
candidate,r3,peaceful,204108,304108,0.0,0,0,0,0,0.7822990417480458,3.396272659301758,48a590b141ca75c3571e2770f44b5ac6cd13eeb5d63e1a84e49236a4f8f5b51d,True
candidate,r3,peaceful,204109,304109,0.2222222222222222,0,0,2,4,0.9770631790161131,3.2570362091064453,9f88f5bdfc1f3a4e72e39d4975b981b04d985f9a3f31bb99470d6f57fcf7927a,True
candidate,r3,peaceful,204110,304110,0.0,0,0,0,1,0.587761402130127,5.20777702331543,abbada6e23c2cb72254c5423b6ec26c5b6bc8c51a1ee11523acc8345e9121e48,True
candidate,r3,peaceful,204111,304111,0.7777777777777778,0,0,7,1,0.9318947792053222,2.9420852661132812,ed488d34952851d243881c0d058bb3daa55802f9b58938c5712cdc4e23821787,True
candidate,r3,peaceful,204112,304112,0.1111111111111111,0,0,1,2,1.1042594909667967,4.261970520019531,4405305aeed3f8c364a28597dcbadb8fdce76f1bf3b303b8d75e3eae7f9c4213,True
candidate,r3,peaceful,204113,304113,0.0,0,0,0,46,0.9850263595581047,5.155086517333984,386905b3325bb44ad996a9eb1a54e8fb7fb6406698dd7c7b10631ffcf1e7dabf,True
candidate,r3,peaceful,204114,304114,0.0,0,0,0,1,0.9204387664794901,8.00466537475586,0272ca85a4508e5a8a51be1b6c16b5c9ffc9de6e61b2ece62a865c9983e95a09,True
candidate,r3,peaceful,204115,304115,0.2222222222222222,0,0,2,15,1.055705547332763,7.34710693359375,76789ef2825351e8f35ec20c7b3bc485eae9c5c36f84c3343c8dc26a290e1b4c,False
candidate,r3,peaceful,204116,304116,0.0,0,0,0,0,0.5498766899108879,1.667022705078125,76a1cda011ca8006e7fe896f50281d45d2177e68823afa7c4544341811f3aa56,True
candidate,r3,peaceful,204117,304117,0.0,0,0,0,0,0.5104064941406248,1.756906509399414,c2a180f37764a1c2f1eb3e58a1f91656b604ec517b94449d79f85d1fa9e63695,True
candidate,r3,peaceful,204118,304118,0.1111111111111111,1,1,6,5,0.7670879364013672,1.2099742889404297,3d18b9da45bd8a58d5f06d0ad4f0b869a6367d9a574aebfea87ec28596c37156,False
candidate,r3,peaceful,204119,304119,0.0,0,0,0,0,0.4671692848205563,1.8701553344726562,3e63c5139ad37862b2ea7d3c768000b5b6ae5474b0f88545a3c74b29b9aee4be,True
candidate,r3,peaceful,204120,304120,0.4444444444444444,0,0,4,0,0.710701942443847,2.1648406982421875,fee5af8eaba45878e9ae69761114267ee45cea5101067e3c8675aecae25480fa,True
candidate,r3,coincollector,204201,304201,0.0,0,0,0,7,1.357758045196532,5.013942718505859,fd2653e2826b37995bc01a0e9fca37c8ea372465ca889b986bf8f337fb07bab5,False
candidate,r3,coincollector,204202,304202,0.1111111111111111,0,1,1,8,0.8731603622436523,1.7309188842773438,64ce70e2ef4b4d1a25ac91bb5d1e23390195db6deca6de20c2d1ea5f91b87eb0,False
candidate,r3,coincollector,204203,304203,0.1111111111111111,0,0,1,6,1.8435955047607417,4.827260971069336,57a0ae1accbfdc99eb45d316bb1aa398361ca3af6f6cdb3578048c9529fec341,False
candidate,r3,coincollector,204204,304204,0.0,0,0,0,4,1.5417933464050286,3.657102584838867,edad3376aa05bd4cd48a7d375a46f8b552052532e301a44ca6197660315d857b,False
candidate,r3,coincollector,204205,304205,0.2222222222222222,1,0,7,8,0.9755611419677718,1.8768310546875,dc143adc659c5f3d0de716e3fc3e720ca94d0c5f6cde966828da4e3ebc8a057c,False
candidate,r3,coincollector,204206,304206,0.1111111111111111,0,1,1,4,1.0443329811096183,6.525993347167969,8f20bbc81a05f086e1d41b1d2b3da4155b7d22e7ab35c728f6e754d9e793c9a7,False
candidate,r3,coincollector,204207,304207,0.2222222222222222,0,0,2,9,0.4654884338378905,0.6189346313476562,8045510162fb1842457df08c60f27ad79a48db59ad7cc80a52f664192153ffa9,False
candidate,r3,coincollector,204208,304208,0.2222222222222222,0,0,2,24,0.9260773658752421,1.3723373413085938,550297fc90aeb8dba492fbbc48a70d9fec7d62d141a845d3d5d4ece27fdbe183,False
candidate,r3,coincollector,204209,304209,0.4444444444444444,0,0,4,13,0.7873654365539547,1.5702247619628906,8136f4d818cbc514b067bd940b87a16cb8435ceb57a2a32af2ffc6b778404990,False
candidate,r3,coincollector,204210,304210,0.0,0,0,0,27,0.5140304565429688,0.6909370422363281,d78c80c5c640c25bb3d2eb1c760e585c89c3d5d9c292b961aa2b77a549f1cec3,False
candidate,r3,coincollector,204211,304211,0.2222222222222222,0,0,2,18,0.8637785911560052,1.19781494140625,5f15db2635b83f3a6bd57210041a2be78269828c02b433fddadcff4d7a8a21f4,False
candidate,r3,coincollector,204212,304212,0.4444444444444444,0,0,4,11,0.8298754692077611,1.1997222900390625,6df22eb80339205e33633c8e21004f1e8efd019c8db394dd27c93250fa4780f2,False
candidate,r3,coincollector,204213,304213,0.1111111111111111,0,0,1,13,0.5028843879699707,0.6368160247802734,604ff71c36384d49c529cf24639668bbdd58f093fcf3b5d37573a0b2457523a1,False
candidate,r3,coincollector,204214,304214,0.3333333333333333,0,0,3,6,0.5347847938537598,0.8380413055419922,cd32670f809a1aa0c73410b51e42c2154730091ef571a7361cb624451ed78d22,False
candidate,r3,coincollector,204215,304215,0.2222222222222222,0,1,2,1,0.23102760314941406,0.3948211669921875,1b6a4d7738efefcdf139901811d58b503c8dc91f3955292a6ee1bf0c5768acdc,False
candidate,r3,coincollector,204216,304216,0.0,0,0,0,6,0.4703164100646971,0.7739067077636719,55e05448af9ea9f48b3aaa8c98b5ae6cef3fa8dba731d45cf424faad5b28e9c7,False
candidate,r3,coincollector,204217,304217,0.5555555555555556,0,0,5,7,0.48880577087402294,1.0671615600585938,9021920f5b7da50690a37c43fd64a21afb9ea72fe6831380cd1082baa5471fa7,False
candidate,r3,coincollector,204218,304218,0.3333333333333333,0,0,3,6,0.4495382308959961,0.5588531494140625,045a25cc6ab4362e44344abc5c2a845654a6967f66d8f33556a75ab2216da40c,False
candidate,r3,coincollector,204219,304219,0.0,0,0,0,14,0.5770325660705566,0.8897781372070312,8b4ac9e1e606e310a6cfa7b83790f9e2be529c9c4b18b0aaa10f48b4a196ab04,False
candidate,r3,coincollector,204220,304220,0.3333333333333333,0,0,3,17,0.527966022491455,0.9312629699707031,84afd58a11c81dfddaa8c71477afea2eb15136a373edb89c6a3381e111046629,False
candidate,r3,classic,204301,304301,0.3333333333333333,0,0,3,1,0.4441380500793444,0.9999275207519531,187cb73819543a2aa20df39e15fbe2630fc345eb873e468f9768a28d3f66fae9,True
candidate,r3,classic,204302,304302,0.0,0,1,0,1,0.667285919189453,0.9419918060302734,20a4a25112cb46ec9ff9e0621ddee816337e595fc835afc8e063a625a93cd8ac,True
candidate,r3,classic,204303,304303,0.1111111111111111,0,0,1,1,0.30761957168579074,1.065969467163086,d9967b20594b06ba9d08adf0e7db3d05c2a3bb30841e8ecc4f4992cc947af5b5,True
candidate,r3,classic,204304,304304,0.1111111111111111,0,0,1,4,0.598704814910888,1.5642642974853516,cdeb3fae222631455cad51db067ed1d6e63d5a876c493e1b63e674a739004076,True
candidate,r3,classic,204305,304305,0.1111111111111111,0,0,1,0,0.5698323249816895,1.7130374908447266,fea11909b627d191e076a9440b8ed8323c7ae45f8bd7682559fc9bf93711049f,True
candidate,r3,classic,204306,304306,0.3333333333333333,0,0,3,0,0.6080150604248047,1.3949871063232422,4c6ad9abfc6b1cf4876dc4105dd0028703824cfda6ebab46ca7ce5aa789bf125,True
candidate,r3,classic,204307,304307,0.6666666666666666,0,0,6,3,1.0006904602050763,3.6051273345947266,358947d4c6c4b4601dce825b74e3ab48fe60a6929a67c3613432166e456c5e8c,True
candidate,r3,classic,204308,304308,0.0,0,0,0,0,0.6079673767089844,0.9982585906982422,18bebd0d40b06ce5e95e31dec6145a4f64d173dbe7c7d8633271dd9413764ab4,True
candidate,r3,classic,204309,304309,0.1111111111111111,0,0,1,1,0.5276322364807124,1.6970634460449219,dfe5d31a7bb5a3750df64036ead1fd52e9a08b48350cf701c96ab39199b35d6c,True
candidate,r3,classic,204310,304310,0.0,0,0,0,46,0.6319165229797362,2.1860599517822266,c79d3bd296ad2e80b0c2a80d77a1097f228d0364966ae9339a5e9571e6f1c1ca,True
candidate,r3,classic,204311,304311,0.3333333333333333,0,0,3,4,1.1159539222717283,6.058931350708008,67ecfd2d237f895e1d4f1d16e23efcab6e5d2c1bc77521d94bbec236b9ae17fe,True
candidate,r3,classic,204312,304312,0.1111111111111111,0,0,1,1,0.8960127830505371,1.4846324920654297,ed1436fb92ac6476e984a62088610ed1ebfe5c85c1746a9a7ab614df52f0bc37,True
candidate,r3,classic,204313,304313,0.0,0,0,0,0,0.38948059082031217,0.8580684661865234,74c882f2d2544e288df58c395f02fec8742e94929ba40f415cc4ae3ebbdac8a5,True
candidate,r3,classic,204314,304314,0.0,0,0,0,48,0.47131776809692366,1.138925552368164,66d8d36ec21a919735ae4f208946796a40e7e7dfff68b57554f404fd7f3ac979,True
candidate,r3,classic,204315,304315,0.1111111111111111,0,0,1,36,0.39715766906738265,0.8878707885742188,ee3c8bf767e8445ab5eb94a6026c7e553e717b8375aa821484b4a8bac76cf009,True
candidate,r3,classic,204316,304316,0.3333333333333333,0,0,3,3,0.8399367332458487,2.1309852600097656,2cc9f985a82a8a7378c7bd381ffcc529010fa503acb39b637a2ded9805f5d211,True
candidate,r3,classic,204317,304317,0.1111111111111111,0,0,1,1,0.5213499069213864,0.9729862213134766,61eaf5f26c48aac76b634e9c68b921e40c1d17d00de8b273be06d465eebe9d38,True
candidate,r3,classic,204318,304318,0.0,0,0,0,0,0.4791378974914549,1.0488033294677734,76a1cda011ca8006e7fe896f50281d45d2177e68823afa7c4544341811f3aa56,True
candidate,r3,classic,204319,304319,0.5555555555555556,0,0,5,11,0.7649064064025879,2.9518604278564453,6d580dd8c0f8774e96d2bcff1b7535f39932769ccc431119884eeb7f993d1190,True
candidate,r3,classic,204320,304320,0.0,0,0,0,0,0.5400896072387689,1.8720626831054688,7725e67995151a096727f78624671c4d6638e15cb3490787d90265564d6b5c69,True
candidate,r3,coin-heaven,204401,304401,1.0,0,0,50,0,1.9881129264831543,4.797220230102539,d3af018a7dcb008a38c31059721eb4d4d6779a9423f0e1fb5d8d67a0989d2c7d,True
candidate,r3,coin-heaven,204402,304402,1.0,0,0,50,1,1.6105175018310547,3.057718276977539,786ad1c797a48010fda2fa69b902e5e44470798321e0a090e9065208f942a130,True
candidate,r3,coin-heaven,204403,304403,1.0,0,0,50,0,1.2967586517333984,2.7141571044921875,2bb7feb9edea2fa35d1a3cb7e9bfc1ef51ec1be63deb61cf6c16cc11cac649ee,True
candidate,r3,coin-heaven,204404,304404,1.0,0,0,50,0,1.5628337860107422,6.279230117797852,0f882f16c072598953c7112599ef387f160d229cdf3c5266bf327faf20384b4c,True
candidate,r3,coin-heaven,204405,304405,1.0,0,0,50,0,1.1840343475341797,2.396821975708008,0ca2ad51f6c7d73c368df1ab72c9e44b049aa82b9fd94930439a7716db20ebf7,True
candidate,r3,coin-heaven,204406,304406,1.0,0,0,50,0,1.2150049209594724,2.3870468139648438,95bc03856b22c2f9b3a230c7927ceabfa1afbc28027e69964ed0c6340a5e11cb,True
candidate,r3,coin-heaven,204407,304407,1.0,0,0,50,0,2.6342391967773433,4.924297332763672,52746434755644d6f7f174693d797ffd55a1a97e8f434585f40b22f482ab4d54,True
candidate,r3,coin-heaven,204408,304408,1.0,0,0,50,0,2.176523208618164,5.767822265625,f7b52603abecdefcf00b82cff72f66b49d2c230f78a65365fe862c84eaa89884,True
candidate,r3,coin-heaven,204409,304409,1.0,0,0,50,0,1.6919851303100586,2.5718212127685547,bf2fe2670f35bcb44bc81d59c032170c5b8854c1d00a0e8686cd78425d6b8ff2,True
candidate,r3,coin-heaven,204410,304410,1.0,0,0,50,0,1.7943859100341792,3.0760765075683594,3e0a00bb582a4dfd2bd54aa7c96a8554061f5a72ec553c2fd1a7bb5637c4760c,True
candidate,r3,coin-heaven,204411,304411,1.0,0,0,50,0,1.087236404418945,1.4619827270507812,4b1b1d10924959a0cae2a4f69d197ff7d91f9e75a2fe243c2b1e0c60b8568cd3,True
candidate,r3,coin-heaven,204412,304412,1.0,0,0,50,0,1.2114763259887695,3.1397342681884766,c7f865b2ebf284eb24d7705156a8382af017ba62d93e2d9dad1cf8505b52bb64,True
candidate,r3,coin-heaven,204413,304413,1.0,0,0,50,0,1.3686656951904292,3.2470226287841797,813c11dca782eb660faab0523cd94dfa343a1ac8814c31af3d57b3ecd781e320,True
candidate,r3,coin-heaven,204414,304414,1.0,0,0,50,0,1.3930559158325193,2.9027462005615234,e09732464d1857b3ab604a263cd4248b6b7868b928d1e8b9cc79f432cb89487c,True
candidate,r3,coin-heaven,204415,304415,0.04,0,1,2,0,0.6254315376281738,0.6299018859863281,ae50dce16d5d81688cb94e7d1cb17afa89e4f369d4720ccc774e519f993cab6e,True
candidate,r3,coin-heaven,204416,304416,1.0,0,0,50,0,2.8525590896606445,6.22105598449707,f593ca3873e24b562096d74676b00c1c5fdd0ffd09926ad39e79c9ed1824b364,True
candidate,r3,coin-heaven,204417,304417,1.0,0,0,50,0,1.084280014038086,1.5027523040771484,31f9f4ecd350465e02ccfd798734df41f52427b5ceb47903d120735242ef69c9,True
candidate,r3,coin-heaven,204418,304418,1.0,0,0,50,1,1.4617562294006345,2.6531219482421875,d03e30f242adb66f0cff1eff8358d0b4b61fdc1530febda2bca73667bf1f7408,True
candidate,r3,coin-heaven,204419,304419,0.02,0,1,1,0,0.878453254699707,0.8809566497802734,ae50dce16d5d81688cb94e7d1cb17afa89e4f369d4720ccc774e519f993cab6e,True
candidate,r3,coin-heaven,204420,304420,1.0,0,0,50,0,2.089989185333252,3.7670135498046875,a7cc0a1b472af91bae400ccc1ed5cb6640c0f0ce9a1668786badca720ca8e2d1,True
candidate,r3,loot-crate,204501,304501,0.02,0,0,1,1,0.6510853767395017,1.9168853759765625,7cf6b8c3ceed8a147ae85bd97689c31b1658e93285cdab1bc9a39a91dfeef342,True
candidate,r3,loot-crate,204502,304502,0.32,0,0,16,4,0.7242202758789061,4.122018814086914,e7d0fd3688d3dd96d66cfad308dfd953baa90e96247f4df6107339d273f5fb21,True
candidate,r3,loot-crate,204503,304503,0.18,0,1,9,6,0.2769947052001953,0.7250308990478516,34cef59a1f72367b6986f8ff0adf11c37573443532d1cba9d5f97a8e3dc4c7fc,True
candidate,r3,loot-crate,204504,304504,0.28,0,0,14,4,0.6713867187499998,1.2929439544677734,51fc98bf30b6214b74ffd662c0b77ff7d02f4035a9a4c29f80926252930f5a50,True
candidate,r3,loot-crate,204505,304505,0.22,0,0,11,57,0.3504276275634764,0.5829334259033203,f2c1cd269736bac0a13b87af84fb4763304e15942101ac86af6cb086a75f4a41,True
candidate,r3,loot-crate,204506,304506,0.0,0,0,0,0,0.19102096557617182,0.370025634765625,0f21aefd92f4c6c3fc72eacc005d457d0705d644da230a6a30f6a853736224af,True
candidate,r3,loot-crate,204507,304507,0.2,0,0,10,8,0.5549192428588859,0.8831024169921875,22861bb7bb78720bd05cb771f5ae128903266b1e371db42c1159a8c9347077ff,True
candidate,r3,loot-crate,204508,304508,0.02,0,0,1,3,0.23512840270996088,0.5390644073486328,bbb0e52d06e6e821ba10a49089ee54bf8e4804944d03c74b422cdf07b8817b89,True
candidate,r3,loot-crate,204509,304509,0.74,0,0,37,18,0.4832267761230467,0.6949901580810547,3c3ea6616c603a6dbd0c5ea379a46492ec0555d919e9ea5ee5d5b72fcda15eff,True
candidate,r3,loot-crate,204510,304510,0.62,0,0,31,6,0.42096376419067366,0.5040168762207031,2b24e800b8521bcfafdaa3d9cd6490b04a9607c54f5515ccf3014806b3903faa,True
candidate,r3,loot-crate,204511,304511,0.42,0,0,21,14,0.4039406776428222,0.6189346313476562,c2abd3b9a414c38dd16d96f0d159a5b99ae9dd890c7ef11c263be6cf84eae8ea,True
candidate,r3,loot-crate,204512,304512,0.08,0,0,4,1,0.182056427001953,0.40984153747558594,0147f768c50e7093c94011312e228dd07599243edab6c73851623ac40475b44e,True
candidate,r3,loot-crate,204513,304513,0.66,0,0,33,9,0.4179954528808593,0.7619857788085938,2eb514248cc6ff73e72e1defc25e76bd5e91209180086fbc19933e9e37091863,True
candidate,r3,loot-crate,204514,304514,0.56,0,0,28,8,0.36416053771972645,1.0461807250976562,e3d5be59ce654a0685676915ac01e80e5fe7dee62817dd0d91749c2a735ab420,True
candidate,r3,loot-crate,204515,304515,0.1,0,0,5,1,0.214254856109619,0.3540515899658203,b5565930f4a6ddaa21908fb3d77f4a6f6f4dc547e6369acc162962bf60d9e611,True
candidate,r3,loot-crate,204516,304516,0.22,0,0,11,14,0.29217004776000965,0.46706199645996094,d2e97144a6912f11940c777a527ae001627fbf1ea3d16a199cf23676161962e0,True
candidate,r3,loot-crate,204517,304517,0.14,0,0,7,48,0.26807785034179676,0.5209445953369141,566140a7a9c16d8a03915174b2ae4caf593197869a6e5192ea40dcb798961c2c,True
candidate,r3,loot-crate,204518,304518,0.42,0,1,21,13,0.3688812255859375,0.4818439483642578,697920ff875da11bb80aa798706ec92f0e7ef02eeb5b034dee7fb741751b0953,True
candidate,r3,loot-crate,204519,304519,0.04,0,0,2,67,0.2172827720642089,1.130819320678711,401fc5c40ade2a8220984ff5ddd81495126693feb35539e6b6a5c3f87501a4c6,True
candidate,r3,loot-crate,204520,304520,0.32,0,0,16,10,0.3493070602416992,0.6268024444580078,b5403dc71925d073cb4834c252a300082f5805ecbf5307907b3d1c2553ff2b64,True
candidate,r4,peaceful,204101,304101,0.5555555555555556,0,0,5,21,0.41533708572387673,0.5021095275878906,772613804a8a1fbb3f7919a72341a2f82a827c72abd16b7a0f7a80e9dc36b87c,True
candidate,r4,peaceful,204102,304102,0.4444444444444444,0,0,4,3,0.3860950469970702,0.8749961853027344,2d497393bbf351193f6c734b75f4b2d0e7fa95c71b580cc4e6736b35f7014c3d,True
candidate,r4,peaceful,204103,304103,0.2222222222222222,0,0,2,2,0.31143426895141574,0.7791519165039062,9ab698520964d8e3918e3d9906403884d11f8a62b17e77267abe1690593f512c,True
candidate,r4,peaceful,204104,304104,0.5555555555555556,1,0,10,5,0.2971649169921874,0.6299018859863281,fc3ae42f0ef8218c64247e1657d3d7b6e5b7647ac1d097b81340f6a0c63b7740,True
candidate,r4,peaceful,204105,304105,0.3333333333333333,1,0,8,0,0.29908418655395497,0.4489421844482422,97a484290ab256b262ee844195754f8f6cba2fbff9baa7bbb5df077d392087e4,True
candidate,r4,peaceful,204106,304106,0.2222222222222222,0,1,2,2,0.5730628967285152,0.9920597076416016,643466a2d1bbc395819dcba22da93b496fc28d26615fea3a56ef1f32c219c336,True
candidate,r4,peaceful,204107,304107,0.3333333333333333,0,0,3,1,0.3231525421142577,0.7367134094238281,d91f89a46ae63c1e3c822223f21aa78ae9ad6ecdb8508f28e61beacb6a940010,True
candidate,r4,peaceful,204108,304108,0.1111111111111111,0,0,1,1,0.27230978012084955,0.41484832763671875,61109edbddd2a93d5b1e9973dc042704aad2df69869da6772009f725c5f4effc,True
candidate,r4,peaceful,204109,304109,0.2222222222222222,0,0,2,2,0.324428081512451,0.8399486541748047,73777a6e90d67c3c88fc9ce9eba47854568de640ed957ca8ba2b465e844f5ed4,True
candidate,r4,peaceful,204110,304110,0.1111111111111111,1,0,6,8,0.28806924819946284,0.392913818359375,ab2b987b48cdf5770ff1ceda4b8df22645056e547f4660b13ae453673371f154,False
candidate,r4,peaceful,204111,304111,0.5555555555555556,0,0,5,3,0.4233837127685545,0.7658004760742188,601b33a89e1942e41e83b510f52457083715ff848dedd2c407dc7174255dad07,True
candidate,r4,peaceful,204112,304112,0.1111111111111111,0,0,1,4,0.300526618957519,1.107931137084961,279996af121eb980aad99812eafb75918afdb64e855e36dc0c7096f41eca6ea0,True
candidate,r4,peaceful,204113,304113,0.1111111111111111,0,0,1,0,0.27844905853271446,0.7469654083251953,b50c97a6dfa8112a693fa69b7251324a3808aa1fdf10a921bd0b2de7d9faad06,True
candidate,r4,peaceful,204114,304114,0.4444444444444444,0,0,4,2,0.3253221511840817,0.8218288421630859,17126a759b309c0ea9c179e6dde00bbc303841e7b0df3e684bca69d40e19e972,True
candidate,r4,peaceful,204115,304115,0.1111111111111111,0,0,1,2,0.2781271934509276,0.5929470062255859,6ad885cab2a06724b5b38c8f11b119025d58f1be32375f12cf1b3d37da1c0706,True
candidate,r4,peaceful,204116,304116,0.1111111111111111,0,0,1,2,0.23080110549926758,0.46825408935546875,dacacfbb95e4c00c8188e43301a330f4122d2098e6f54d7a35d66f9cc9adeeb5,True
candidate,r4,peaceful,204117,304117,0.3333333333333333,0,0,3,2,0.44116973876953114,1.338958740234375,29c83c7cb216d8d7da466289d502f31d499e5d363f6efd8ac8183cf14acb5c4e,True
candidate,r4,peaceful,204118,304118,0.0,0,0,0,0,0.2451419830322265,0.6279945373535156,33d6787b085a21fa37387e3c6b479f8853985afaf336b5c7d1ce9a8916dcc557,True
candidate,r4,peaceful,204119,304119,0.1111111111111111,0,0,1,0,0.3698468208312988,0.8931159973144531,d12ee15e452de817aae07d3d255550ed4ed3ca7fa3285afd0c8e0945d7b74215,True
candidate,r4,peaceful,204120,304120,0.3333333333333333,0,0,3,0,0.8882761001586911,2.0112991333007812,d731e885eab107f4b0e91a431230c7ec813c1d5a86d5b14f5b4637480639c3d2,True
candidate,r4,coincollector,204201,304201,0.3333333333333333,0,0,3,37,1.017153263092041,2.7031898498535156,b7468e9d078afc0240cff47bf03542de0ced4ce6e1e408d332cbb642208288a7,False
candidate,r4,coincollector,204202,304202,0.2222222222222222,0,0,2,38,1.4681577682495113,10.554075241088867,87397f2df1346c3b7d5436aafedab7456f98baf25384e93d235b8e79d2ca136e,False
candidate,r4,coincollector,204203,304203,0.4444444444444444,0,0,4,38,1.7697095870971673,13.323068618774414,145c803ea3e99799d9845a20fd3065a775d78be79a53ca896d1c030120deb537,False
candidate,r4,coincollector,204204,304204,0.0,0,1,0,1,0.722217559814453,1.8181800842285156,22bc34af8b5c2c456b73f3409ed07220387138c8836170f44b788da6a4a6f02e,False
candidate,r4,coincollector,204205,304205,0.0,0,1,0,0,1.397132873535156,1.9371509552001953,9fd15f22b80641f61ff411946c94fa069153d79c232d241424ee907c4199c254,False
candidate,r4,coincollector,204206,304206,0.0,0,0,0,5,0.8120536804199219,6.136178970336914,9822e2bffbebd632727b491587c5e62347e6501b57519df4cfe6b9cbd54cd07e,False
candidate,r4,coincollector,204207,304207,0.2222222222222222,0,1,2,13,1.3033032417297368,1.9598007202148438,541f4102ddd93c62d5f25f202eea01970fd942255febed76ba5fac3061a316e3,False
candidate,r4,coincollector,204208,304208,0.3333333333333333,0,0,3,36,0.9148716926574707,2.457857131958008,7d2a5e79c8042f4f4c6c79f03414d5b1ca7d2d7f3ac40982890b43ba0a9272eb,False
candidate,r4,coincollector,204209,304209,0.4444444444444444,0,0,4,13,1.0209083557128906,7.287025451660156,752598e130380eb8daaec80c8476b4dbf54a7aea812dd4fcecabacb5a6d6dbed,False
candidate,r4,coincollector,204210,304210,0.3333333333333333,0,0,3,28,0.7841467857360819,2.769947052001953,092f1c83c9e9b5d547cf0c8adc239c8573d73ec179aaeccf9b08186e92720c85,False
candidate,r4,coincollector,204211,304211,0.2222222222222222,0,0,2,3,1.3701081275939921,3.4990310668945312,3f8e26761511c0ff8b2738f3941e9660c14d79ac772c66c297a87a8bc9a3b186,False
candidate,r4,coincollector,204212,304212,0.2222222222222222,0,0,2,17,0.8551120758056631,2.343893051147461,04d25bb5f7abbdf37e773af352bbae00fe878ca1b92f7f09ac21cc8a0341e640,False
candidate,r4,coincollector,204213,304213,0.0,0,0,0,4,1.0475158691406248,1.5797615051269531,9ada14ec9289e148bdab60073f88689bc9ea66a1bc2aef32aaadf6349b2fd559,False
candidate,r4,coincollector,204214,304214,0.2222222222222222,0,0,2,29,1.933372020721435,11.314153671264648,c0370049e1202096c866634c194bc4f1c9be6e62acfe158faf64fbaf75ee3034,False
candidate,r4,coincollector,204215,304215,0.0,0,1,0,51,1.0080337524414062,9.438276290893555,1c73bfcf428925f8c6e9eceb30b11255be4daef3b7919c54a6c0e1d058a3395f,False
candidate,r4,coincollector,204216,304216,0.0,0,0,0,8,0.6603240966796875,3.7450790405273438,63dda0a46d61e7b615063f21a86258ea88cca2e5a5b6b2272a848fd939634221,False
candidate,r4,coincollector,204217,304217,0.2222222222222222,0,1,2,3,0.859725475311279,1.8439292907714844,840ded1f570ad4b4dbe979fb60e6652e4e11c0dbd121a6b0ca8dd62ea8c16b93,False
candidate,r4,coincollector,204218,304218,0.2222222222222222,0,1,2,16,1.1722803115844715,4.719972610473633,9e03b55e01c5af1cb3c9607d327a4e0ba06fedf17588cc491885fe07f71c6648,False
candidate,r4,coincollector,204219,304219,0.0,0,1,0,8,0.8699417114257814,2.0830631256103516,80525057889fa10d83b2d512fdfe0be0a46ef6edd7ee0f4f68023e437ea6175a,False
candidate,r4,coincollector,204220,304220,0.2222222222222222,0,1,2,1,0.8031845092773435,2.079010009765625,d1116fc92eab5fb1cb2e97128483c494a7fa62fa537594750a217343dcb7d185,False
candidate,r4,classic,204301,304301,0.5555555555555556,0,0,5,4,0.6928563117980957,1.850128173828125,7e255509bafcfc38ea505185648c28b4ed24a4a72a0d4c61cc9ea1dd4f85b113,True
candidate,r4,classic,204302,304302,0.0,0,1,0,1,0.6520748138427734,0.9820461273193359,47c88273cd61c2f9f30bbb92d6c662de70a374c0ecad00fdd181c5c23405e14a,True
candidate,r4,classic,204303,304303,0.3333333333333333,0,0,3,34,0.7292747497558592,2.6750564575195312,157d02a779794adc6b7141ffba51ffe861c9c0b5804f6dac0d53157721aed37a,True
candidate,r4,classic,204304,304304,0.2222222222222222,0,0,2,1,0.708496570587157,2.457857131958008,90e25b4662c457f61b9e4a72bc9f434bd1aac8a65ecb7c6aaf9107e1856deff1,True
candidate,r4,classic,204305,304305,0.4444444444444444,0,0,4,9,1.900017261505127,5.049228668212891,e544c64d29c3122f0e3460b50f8bd0e20436e842608db793643371974a38f6c3,True
candidate,r4,classic,204306,304306,0.2222222222222222,0,0,2,0,1.05462074279785,3.3822059631347656,49e10b9eee094e96cf1e87895e0abbfb246558aa2e130cfb822897489ec374e8,True
candidate,r4,classic,204307,304307,0.5555555555555556,0,0,5,5,0.9276628494262681,2.7060508728027344,db869148858e802d6ccd11b5ee87e78434efb45e473e79dc73981145cff7a173,True
candidate,r4,classic,204308,304308,0.2222222222222222,0,0,2,73,1.4261841773986794,5.867958068847656,40dc072fb5cfca1fa5414d39c59ceeda1f523869cd3fda1d8b6f86ea56eadb89,True
candidate,r4,classic,204309,304309,0.1111111111111111,0,0,1,2,0.7793664932250972,1.5590190887451172,bf2b880c94fcaa159505a872d79416a5c8926fd9069988e251b89c4f8a684255,True
candidate,r4,classic,204310,304310,0.1111111111111111,0,0,1,20,1.1870265007019034,5.277156829833984,525e918ea846f280bcb9bb04ea17ab0444ff23be3d1d197ab2f753bcb093d08e,True
candidate,r4,classic,204311,304311,0.6666666666666666,0,0,6,1,1.2652635574340807,3.5228729248046875,01b312c01c834a62240bf476c78492908ede04663020943c83e5e357881a8127,True
candidate,r4,classic,204312,304312,0.1111111111111111,0,0,1,1,0.7323861122131343,1.5749931335449219,5adfabf943a3ed30fdd52e3bd10a555f458c843d001a0516b7e421ded3f916bd,True
candidate,r4,classic,204313,304313,0.5555555555555556,0,0,5,15,0.618338584899902,2.077817916870117,6ea38dc24d28556a1b7a68689edce9bc8db9aa58a1cfecb65cc535e10d0ad383,True
candidate,r4,classic,204314,304314,0.2222222222222222,0,1,2,1,0.5447983741760254,0.6039142608642578,25e121df43d07e488f7b541e826413e8597dfe3c5de629129a10b4ef9c60badb,True
candidate,r4,classic,204315,304315,0.0,0,0,0,0,0.6428241729736321,2.443075180053711,ffe60932a7b22e47a069dce18fe41e6c4c5ac51d1bfbb44c73d0bc57430b4522,True
candidate,r4,classic,204316,304316,0.5555555555555556,0,0,5,4,0.8179306983947753,3.0570030212402344,747bea2bc75c52675314ab6cde90754b84a0ba9e6b408f49a193ccd3ea2e18f8,True
candidate,r4,classic,204317,304317,0.1111111111111111,0,0,1,4,0.8215069770812985,2.747058868408203,ed98d4e6228d474c7b07431adfc0737527b0fe3c8ccf0048003fa321ce0eb392,True
candidate,r4,classic,204318,304318,0.1111111111111111,0,0,1,0,1.385223865509033,3.068208694458008,98a096daeef368cfd79c41a6cdec4f341b938aa6ed3ae11d5667c9c115fb0ec2,True
candidate,r4,classic,204319,304319,0.3333333333333333,0,0,3,6,1.3520121574401833,2.6369094848632812,9d6a4e5ad1348ae13205d6ee37751900105b7345db8f17e09d2a46353fefff3d,True
candidate,r4,classic,204320,304320,0.2222222222222222,0,0,2,40,1.2327075004577621,5.33294677734375,7449a2dafd6bb39963d7dd6a8684d92166ff37e8aaaf643955d5711c8c7227be,True
candidate,r4,coin-heaven,204401,304401,1.0,0,0,50,0,0.5433797836303711,0.9012222290039062,d3af018a7dcb008a38c31059721eb4d4d6779a9423f0e1fb5d8d67a0989d2c7d,True
candidate,r4,coin-heaven,204402,304402,1.0,0,0,50,1,0.849604606628418,1.4548301696777344,786ad1c797a48010fda2fa69b902e5e44470798321e0a090e9065208f942a130,True
candidate,r4,coin-heaven,204403,304403,1.0,0,0,50,0,0.6008148193359375,1.355886459350586,2bb7feb9edea2fa35d1a3cb7e9bfc1ef51ec1be63deb61cf6c16cc11cac649ee,True
candidate,r4,coin-heaven,204404,304404,1.0,0,0,50,0,0.4998445510864258,0.7648468017578125,0f882f16c072598953c7112599ef387f160d229cdf3c5266bf327faf20384b4c,True
candidate,r4,coin-heaven,204405,304405,1.0,0,0,50,0,0.6102561950683592,0.8261203765869141,0ca2ad51f6c7d73c368df1ab72c9e44b049aa82b9fd94930439a7716db20ebf7,True
candidate,r4,coin-heaven,204406,304406,1.0,0,0,50,0,0.5906105041503904,0.8790493011474609,95bc03856b22c2f9b3a230c7927ceabfa1afbc28027e69964ed0c6340a5e11cb,True
candidate,r4,coin-heaven,204407,304407,1.0,0,0,50,0,0.49405097961425776,0.6561279296875,52746434755644d6f7f174693d797ffd55a1a97e8f434585f40b22f482ab4d54,True
candidate,r4,coin-heaven,204408,304408,1.0,0,0,50,0,0.6480216979980469,1.116037368774414,f7b52603abecdefcf00b82cff72f66b49d2c230f78a65365fe862c84eaa89884,True
candidate,r4,coin-heaven,204409,304409,1.0,0,0,50,0,0.5086660385131834,0.6108283996582031,bf2fe2670f35bcb44bc81d59c032170c5b8854c1d00a0e8686cd78425d6b8ff2,True
candidate,r4,coin-heaven,204410,304410,1.0,0,0,50,0,0.6277561187744141,1.3570785522460938,3e0a00bb582a4dfd2bd54aa7c96a8554061f5a72ec553c2fd1a7bb5637c4760c,True
candidate,r4,coin-heaven,204411,304411,1.0,0,0,50,0,0.5284786224365234,0.8099079132080078,4b1b1d10924959a0cae2a4f69d197ff7d91f9e75a2fe243c2b1e0c60b8568cd3,True
candidate,r4,coin-heaven,204412,304412,1.0,0,0,50,0,0.5384922027587891,0.8580684661865234,c7f865b2ebf284eb24d7705156a8382af017ba62d93e2d9dad1cf8505b52bb64,True
candidate,r4,coin-heaven,204413,304413,1.0,0,0,50,0,0.5393981933593749,0.6270408630371094,813c11dca782eb660faab0523cd94dfa343a1ac8814c31af3d57b3ecd781e320,True
candidate,r4,coin-heaven,204414,304414,1.0,0,0,50,0,0.5650043487548826,0.6330013275146484,e09732464d1857b3ab604a263cd4248b6b7868b928d1e8b9cc79f432cb89487c,True
candidate,r4,coin-heaven,204415,304415,0.04,0,1,2,0,0.5674362182617188,0.5931854248046875,ae50dce16d5d81688cb94e7d1cb17afa89e4f369d4720ccc774e519f993cab6e,True
candidate,r4,coin-heaven,204416,304416,1.0,0,0,50,0,0.5376338958740234,0.5807876586914062,f593ca3873e24b562096d74676b00c1c5fdd0ffd09926ad39e79c9ed1824b364,True
candidate,r4,coin-heaven,204417,304417,1.0,0,0,50,0,0.45478343963623047,1.0018348693847656,31f9f4ecd350465e02ccfd798734df41f52427b5ceb47903d120735242ef69c9,True
candidate,r4,coin-heaven,204418,304418,1.0,0,0,50,1,0.5155324935913086,0.5900859832763672,d03e30f242adb66f0cff1eff8358d0b4b61fdc1530febda2bca73667bf1f7408,True
candidate,r4,coin-heaven,204419,304419,0.02,0,1,1,0,0.589907169342041,0.598907470703125,ae50dce16d5d81688cb94e7d1cb17afa89e4f369d4720ccc774e519f993cab6e,True
candidate,r4,coin-heaven,204420,304420,1.0,0,0,50,0,0.4560232162475586,0.8919239044189453,a7cc0a1b472af91bae400ccc1ed5cb6640c0f0ce9a1668786badca720ca8e2d1,True
candidate,r4,loot-crate,204501,304501,0.44,0,0,22,7,0.40616989135742176,0.9799003601074219,619081e0007950b72bcfac025bc0f9b7f1212cdeeb7f7f966af2557e7f97da5b,True
candidate,r4,loot-crate,204502,304502,0.4,0,1,20,2,0.2822756767272949,0.3399848937988281,bbe3b0e183c62cf568dfc22c4727fe71efd318946a95739a2617c511f410d2f7,True
candidate,r4,loot-crate,204503,304503,0.22,0,0,11,1,0.2823829650878905,0.3819465637207031,85d6bf794583c6728aa3162a8edf8e09832518d2737e18e6dbced1e01781b67a,True
candidate,r4,loot-crate,204504,304504,0.04,0,1,2,2,0.21135807037353516,0.3762245178222656,a69f956eafb64152a8d6f6cdeebc7c0351417d453be3d16661c60a615684070f,True
candidate,r4,loot-crate,204505,304505,0.2,0,0,10,42,0.2909302711486816,3.4618377685546875,2ddd157ff2d12d5066db26250603940bcca86f9bdbea82b6d8d5b8e79dab7de9,True
candidate,r4,loot-crate,204506,304506,0.4,0,1,20,9,0.3186464309692383,0.49567222595214844,f3e52efd4647482107d2d0e41277c7caad9fd86ead9edfb6fe7d0f23e5d3658d,True
candidate,r4,loot-crate,204507,304507,0.18,0,0,9,3,0.2246022224426265,0.37789344787597656,9054fafee13cbdfc6b47c3eee5242de905e5b5670555eb7d7a972e8943556279,True
candidate,r4,loot-crate,204508,304508,0.3,0,1,15,6,0.2879023551940918,0.4279613494873047,575a30f6fe031679a701c89eee6ff0ec0c15810316a780904e87e17839c1a08b,True
candidate,r4,loot-crate,204509,304509,0.02,0,0,1,0,0.15597343444824213,0.40221214294433594,0f88435c685b96e2b97f6d681ac23f45afb5f9cf609813aa5997c7006d1a8203,True
candidate,r4,loot-crate,204510,304510,0.2,0,0,10,4,0.6049156188964844,0.8990764617919922,421a3bd86ed827c92f8aa753d2288e44fd74f48c9a0b3a303021c23141c4dca0,True
candidate,r4,loot-crate,204511,304511,0.32,0,0,16,5,0.3402471542358396,5.349159240722656,c35b203f131beb067faf23b2e1901118867d6cf5a61cb6eb9c23b4ad7b52188a,True
candidate,r4,loot-crate,204512,304512,0.0,0,0,0,98,0.4182577133178708,1.2888908386230469,c26e55bb840d257d9f27140833ce1c8ba85dd36e8957214647aaab15e18bf2a2,True
candidate,r4,loot-crate,204513,304513,0.18,0,0,9,63,0.3653645515441891,1.0039806365966797,5cd8de6c0a1999f14f7ee3ea3c36ffb9df9358261fff3bebadb57594e9bee9ae,True
candidate,r4,loot-crate,204514,304514,0.24,0,0,12,63,0.45313835144042675,2.4292469024658203,9ae577d93b70a2ba34367e14382388bb38dced846eff1ae7da2d895806e975a2,True
candidate,r4,loot-crate,204515,304515,0.06,0,1,3,3,0.3479480743408201,0.5218982696533203,94ef7dcf01a4e127a90630665f8cde78fff877e4ee2661f9c625833d5048cb90,True
candidate,r4,loot-crate,204516,304516,0.04,0,0,2,0,0.28623342514038075,0.6859302520751953,42597aa30a84b948ed6b24da7c8c281936e0594a5db1e8508960316c61fb2d6b,True
candidate,r4,loot-crate,204517,304517,0.18,0,0,9,4,0.3110408782958983,1.2369155883789062,393eaedf42f6be848d801120c57472137148220d0039f138ea5f3d4d0b23b2d0,True
candidate,r4,loot-crate,204518,304518,0.08,0,0,4,89,0.4625082015991207,1.397848129272461,7a75ca8add09147930f86ca7a7c48aabaec1a6412d4fc96d2d8657ebcd7e3841,True
candidate,r4,loot-crate,204519,304519,0.1,0,0,5,1,0.49301385879516585,0.8969306945800781,df2ac8d037b41c55b958666711519ca58008f91908f154e1bb6e837e731b067b,True
candidate,r4,loot-crate,204520,304520,0.24,0,0,12,1,0.4308700561523437,1.2810230255126953,0edcb5c686dcb7396b2951f362d73a9f21fe1229a85890182cf3619b489a8ca3,True
candidate,r5,peaceful,204101,304101,0.0,0,0,0,22,1.0654568672180171,5.138874053955078,301929e5dce92bebb3526bf6175ae0cc38e30774830c12f0de0adc7fdd0876e9,True
candidate,r5,peaceful,204102,304102,0.5555555555555556,0,0,5,2,0.7833003997802733,1.4102458953857422,9d4124e86a5c477f92d62a9f9e434b893af013524f0b52bf9b0837516aaf546b,True
candidate,r5,peaceful,204103,304103,0.1111111111111111,1,0,6,1,0.7164120674133296,1.7180442810058594,e286327c475ea8c7af16288ea1bc88ff3a91d4d4d4b325b8e92f31848f3d10d0,False
candidate,r5,peaceful,204104,304104,0.0,0,0,0,0,0.47864913940429654,1.3730525970458984,32bfce4196e4174696d9a98c7d132d2ed88a326819313d056de1a5ac94f693ab,True
candidate,r5,peaceful,204105,304105,0.4444444444444444,0,1,4,5,0.690650939941406,1.1980533599853516,254d8ea8dd3c9ff05c56b77a2e043d1a08fa4b46c80994baf49470807b100999,True
candidate,r5,peaceful,204106,304106,0.4444444444444444,1,0,9,14,0.8847594261169427,2.079010009765625,f481ef368dd28bdea84c18f4b5c250b8067c99ce084fc1af3e19cb59e45e92fc,False
candidate,r5,peaceful,204107,304107,0.1111111111111111,0,0,1,0,1.0262131690979002,3.2329559326171875,931e90b2c3aef7bb63eda8b0bd19765e71acdd026f658987c36ec8deecc1e9b2,True
candidate,r5,peaceful,204108,304108,0.2222222222222222,0,0,2,0,1.3138890266418437,9.279966354370117,fcf9c816c1cdc330de8f89a2537c69abe78d262b87b244d4e0b3d286ff09f834,True
candidate,r5,peaceful,204109,304109,0.1111111111111111,0,0,1,2,1.2390971183776838,3.328084945678711,4f67d0365ddd74d6ab2bb2f8f1f6eb8f11d0a653b3b767f24512fae2906e09de,True
candidate,r5,peaceful,204110,304110,0.0,0,0,0,1,0.854718685150143,3.172159194946289,321f3464fe366b532806d27191ba73e981d99dea5fc9dac80a0aea7b7ec1106f,True
candidate,r5,peaceful,204111,304111,0.4444444444444444,1,0,9,1,1.1762261390686033,8.659839630126953,b11d160713a13336ae4353e72bf212f0b3b22767630f855f0c65511c3380560e,False
candidate,r5,peaceful,204112,304112,0.1111111111111111,0,0,1,2,0.7301926612853994,4.33802604675293,8c4d7f56bddae79454106998051d2777a2fe21a97d5ed45587dda8167750554d,True
candidate,r5,peaceful,204113,304113,0.0,0,0,0,0,0.5231380462646473,1.3687610626220703,ea965179539f728b46a90c99a061d923d494ee47a4ec2c805b9007460bd4088b,True
candidate,r5,peaceful,204114,304114,0.0,0,0,0,0,0.5052924156188964,1.2316703796386719,17bdfcb9475d6ea4451bdd05f9a723aac8f6d5704f1a9b8d69641c7a2837c3c5,True
candidate,r5,peaceful,204115,304115,0.0,0,0,0,82,1.1127233505249017,4.077911376953125,bff0e1f1792378e680ab52afac56ec8218674809adf3b8fd7a2b628a636bec15,True
candidate,r5,peaceful,204116,304116,0.5555555555555556,0,0,5,22,1.4289498329162589,3.445863723754883,703cef58b8633837c1904f4698dae8afad88f9d9b8a9ed082cd066f672b8945d,True
candidate,r5,peaceful,204117,304117,0.2222222222222222,0,0,2,41,1.184284687042236,2.7251243591308594,515f4fa5acc3c38467408a8a5362274ddfd190d9a7b71aed65845963a7d1c662,True
candidate,r5,peaceful,204118,304118,0.0,0,1,0,1,0.6816387176513669,2.9518604278564453,1f331b6a2301f111c4844bfc1fbfa73cf3032df7e3abbfb33f6c87294ba64164,False
candidate,r5,peaceful,204119,304119,0.2222222222222222,0,0,2,0,0.7470726966857909,1.7130374908447266,25ba4bdba4f3b2440326bd81243fa70338e364a412cf9bbc4813dae9e3c83c72,True
candidate,r5,peaceful,204120,304120,0.1111111111111111,1,0,6,0,0.5472064018249512,3.6537647247314453,1f25877bb93ae8acbed644f4b852a2922641ba2a8dcdb65be2cac02d97a949ee,False
candidate,r5,coincollector,204201,304201,0.1111111111111111,0,0,1,17,1.5172719955444292,4.426002502441406,46ba04edf4dcfcf5d57d0c0d41c9704f166f4ecd018552d44519de20ac5450e8,False
candidate,r5,coincollector,204202,304202,0.1111111111111111,0,1,1,31,1.3317584991455074,4.080295562744141,85c1c1b15e20644cfc3d42451eef2c945b1a73db83da36f6ab0c30f4f6521e26,False
candidate,r5,coincollector,204203,304203,0.0,0,1,0,1,0.5340218544006348,0.6887912750244141,ef2e62ea7c92de203ef144dd028302cc0956b7650c6d00870a2a7fa215999327,True
candidate,r5,coincollector,204204,304204,0.0,0,1,0,2,0.8035659790039054,1.2061595916748047,41fdb23d3f11787af486aa1865722858c31b53ab614e3a35ae85bcadf6e80822,False
candidate,r5,coincollector,204205,304205,0.2222222222222222,0,0,2,17,1.0151505470275868,1.672983169555664,b59db0cb13fc71078e09821ba297de9a8c5cd1a589530270e0c4d495e457c9c7,False
candidate,r5,coincollector,204206,304206,0.2222222222222222,0,0,2,10,0.959360599517822,3.1332969665527344,401cd30efa12a6e2fa6ac48908f57803a57c4ac0d2bfc4d563c274b1ccd16976,False
candidate,r5,coincollector,204207,304207,0.1111111111111111,0,0,1,8,1.7597079277038568,5.845069885253906,8b8dfd1a06a5f696a7d452d0c7936b91b6bb3fb123337c5979239084705257e9,False
candidate,r5,coincollector,204208,304208,0.2222222222222222,1,0,7,13,1.0159850120544431,2.1851062774658203,c412ed705c72aea208e7de1ca9a64b99f6407d3c9a22cd43b2c5500d923ac34f,False
candidate,r5,coincollector,204209,304209,0.3333333333333333,0,0,3,6,0.6054759025573725,2.473115921020508,2c3275482a199a6d7921a39d1d0c1bb5bb3c9365803acc48b99e636f27286dc5,False
candidate,r5,coincollector,204210,304210,0.0,0,0,0,1,0.6185054779052741,2.8519630432128906,f26435e4f0498c53bb5b004581b80c6b8ea5d4f916b1be5ce6c0f0f59cf3cc4b,False
candidate,r5,coincollector,204211,304211,0.0,0,1,0,0,0.33655166625976557,0.4458427429199219,ca3826b2d9d62de8e3fff9e20b5ee4e1a1e0f8d4ed53cee735e747258235a90c,False
candidate,r5,coincollector,204212,304212,0.2222222222222222,0,0,2,15,0.7683753967285146,2.2580623626708984,253a3310bf9947a41c17bd68aa0aa7b21c23759d615e0aa4a3e8eccb36da48fe,False
candidate,r5,coincollector,204213,304213,0.2222222222222222,1,0,7,2,1.1059522628784169,2.396821975708008,b428117eb1ff82c602fb2b562a4578429d989a8fb9a53d1771e9319cd79c81db,False
candidate,r5,coincollector,204214,304214,0.1111111111111111,0,0,1,11,1.2188076972961426,4.464149475097656,0b8d1214ebc5657df43eb43e0bd437ce419c5cdb504947b470c5a384f672b2a5,False
candidate,r5,coincollector,204215,304215,0.0,0,1,0,0,0.7255554199218749,3.030061721801758,c8ea6cb779a88ee5f5ff8354ee51022df8055f5f6c4e91e1c989a74b9bbcd38a,False
candidate,r5,coincollector,204216,304216,0.1111111111111111,0,1,1,6,0.8833527565002439,2.0711421966552734,5967d7bce04fa38bba4bb45970e8fed02fe317da3681aa6331016b96a7778f72,False
candidate,r5,coincollector,204217,304217,0.1111111111111111,0,1,1,2,0.6548881530761718,0.9121894836425781,5aa982ea31fea7d223d6212d05663ebddfb132a0ffe7c0bb0cbbe9e1931cd2e0,False
candidate,r5,coincollector,204218,304218,0.2222222222222222,0,1,2,10,1.1030077934265132,2.0470619201660156,80cda6c58993ca803aa4aad6e8022b1bc95e48dbac27b4ed24042a10dd15f9b9,False
candidate,r5,coincollector,204219,304219,0.0,0,1,0,7,0.5599975585937499,1.2500286102294922,a2bed11e61ee0732a8546f6bcffc08bf999b73a99fddb7c94c3f0a83d7eb6e50,False
candidate,r5,coincollector,204220,304220,0.2222222222222222,0,1,2,2,1.1257052421569824,2.285003662109375,7d726b0a56165183b79f842b7d5a47897c65272f99ed45b853d3095307d6d935,False
candidate,r5,classic,204301,304301,0.5555555555555556,0,0,5,3,0.45399665832519526,0.9858608245849609,19fb2dca155c0a7457cb4e14aa2e44054a1883bc667add4148e7e3a9784a4b7d,True
candidate,r5,classic,204302,304302,0.5555555555555556,0,0,5,3,0.3540515899658203,0.5390644073486328,a723dc74fec52cb5092e131c2e5171b0a00f881d8d78d7609af82d851f0e6113,True
candidate,r5,classic,204303,304303,0.1111111111111111,0,0,1,46,0.16809701919555664,0.38123130798339844,7bc2fddb5cb9b207279bc3207a25253e24e37efc4c6bd407ecc006b494d8aae8,True
candidate,r5,classic,204304,304304,0.1111111111111111,0,0,1,3,0.33955574035644503,0.4851818084716797,a273e931551a0a2b6fe39a3afed0dd35826936ad581d426b935b370a2ac9c2c5,True
candidate,r5,classic,204305,304305,0.4444444444444444,0,0,4,5,0.4344463348388669,0.5660057067871094,1ed05ee86fa8c6cff3bdc5fcf27febcd679a03b195f62e492b09cf114097bdce,True
candidate,r5,classic,204306,304306,0.1111111111111111,0,0,1,6,0.2377033233642578,0.7770061492919922,a554e2f69d387bc19c7e1be5a51ba9301a33344ff84a776c00201effc4359d2f,True
candidate,r5,classic,204307,304307,0.0,0,0,0,0,0.18911361694335932,0.38886070251464844,8fa3565f34c5277cec10c6e2fb51f73e69adc3b441f41348881e6d17655b4bf9,True
candidate,r5,classic,204308,304308,0.0,0,0,0,33,0.21536350250244113,0.41222572326660156,1be813ecb4cdc6142d75207a9165671b60da0c760f182e4533a151aa21b671cf,True
candidate,r5,classic,204309,304309,0.1111111111111111,0,0,1,2,0.3415703773498532,0.698089599609375,e63f27a6a6698534b9c6ba16ab76e4ff25f8570e918821a8b2612e0dd9f7093d,True
candidate,r5,classic,204310,304310,0.3333333333333333,0,0,3,2,0.25620460510253895,0.4889965057373047,b10eec1c569c521d5de8dda5dd2fbd71cb3310ec06a6dab2861ddc0c4ab3553a,True
candidate,r5,classic,204311,304311,0.4444444444444444,0,0,4,9,0.42296648025512695,0.5469322204589844,932ff66240230b3f91c6493e5a496ea9f08286e6e410d62004d5c7baf37ec85a,True
candidate,r5,classic,204312,304312,0.0,0,0,0,0,0.17733573913574202,0.38504600524902344,953ef0d49ea71d808c0e5c9ae4e219edba170322271d0931bcfc313128adf991,True
candidate,r5,classic,204313,304313,0.0,0,0,0,1,0.2111077308654784,0.576019287109375,73d861a365d33166acd08f4a465168519a0218eb894ea8b12ac85ae76ef22a97,True
candidate,r5,classic,204314,304314,0.4444444444444444,0,1,4,12,0.4001736640930175,0.5269050598144531,d5e0c1227b1f9e085e4518bbcbfda033319ac3cc7e6f81d99b40412b9030d5bc,True
candidate,r5,classic,204315,304315,0.0,0,1,0,3,0.4739880561828613,0.5779266357421875,fd579a5a90eabe01eb6fe4cfd48f4446d17b1e4f792cbe25d6029579e8f268f4,True
candidate,r5,classic,204316,304316,0.0,0,0,0,0,0.16498565673828125,0.4138946533203125,5c557e3817bc29aad70dd253a89c28c22c048c4cf80589bf9414551d6d092b10,True
candidate,r5,classic,204317,304317,0.3333333333333333,0,1,3,1,0.27260780334472645,0.3838539123535156,483ddb57dc286262add80f5b38959032c0750741241914c9e5ab6739313e10dc,True
candidate,r5,classic,204318,304318,0.7777777777777778,0,0,7,13,0.39914846420288064,0.6060600280761719,7afb8e4f3a3527ce9bc89d6254f2396dd7525d35455864bae59beb0be2bd4702,True
candidate,r5,classic,204319,304319,0.3333333333333333,0,0,3,5,0.30740499496459955,0.6258487701416016,c2e86949fefaa9fd3281cabfe8b2ce9aed01f93641be1e911906130c38555bea,True
candidate,r5,classic,204320,304320,0.2222222222222222,0,0,2,15,0.28183460235595703,0.42700767517089844,7c920068e37e0e52cfa8675839c3c8e05307f5776e00f37d8219410da4b3e9a6,True
candidate,r5,coin-heaven,204401,304401,1.0,0,0,50,0,0.7736802101135253,1.779317855834961,d3af018a7dcb008a38c31059721eb4d4d6779a9423f0e1fb5d8d67a0989d2c7d,True
candidate,r5,coin-heaven,204402,304402,1.0,0,0,50,1,0.9534358978271484,2.804994583129883,786ad1c797a48010fda2fa69b902e5e44470798321e0a090e9065208f942a130,True
candidate,r5,coin-heaven,204403,304403,1.0,0,0,50,0,1.5505313873291013,1.795053482055664,2bb7feb9edea2fa35d1a3cb7e9bfc1ef51ec1be63deb61cf6c16cc11cac649ee,True
candidate,r5,coin-heaven,204404,304404,1.0,0,0,50,0,0.7948875427246094,1.081228256225586,0f882f16c072598953c7112599ef387f160d229cdf3c5266bf327faf20384b4c,True
candidate,r5,coin-heaven,204405,304405,1.0,0,0,50,0,0.8004188537597654,1.0418891906738281,0ca2ad51f6c7d73c368df1ab72c9e44b049aa82b9fd94930439a7716db20ebf7,True
candidate,r5,coin-heaven,204406,304406,1.0,0,0,50,0,1.0256648063659664,1.7209053039550781,95bc03856b22c2f9b3a230c7927ceabfa1afbc28027e69964ed0c6340a5e11cb,True
candidate,r5,coin-heaven,204407,304407,1.0,0,0,50,0,0.6056070327758788,0.9639263153076172,52746434755644d6f7f174693d797ffd55a1a97e8f434585f40b22f482ab4d54,True
candidate,r5,coin-heaven,204408,304408,1.0,0,0,50,0,0.9496212005615234,2.5010108947753906,f7b52603abecdefcf00b82cff72f66b49d2c230f78a65365fe862c84eaa89884,True
candidate,r5,coin-heaven,204409,304409,1.0,0,0,50,0,0.7809638977050779,1.4929771423339844,bf2fe2670f35bcb44bc81d59c032170c5b8854c1d00a0e8686cd78425d6b8ff2,True
candidate,r5,coin-heaven,204410,304410,1.0,0,0,50,0,0.8952140808105464,1.2211799621582031,3e0a00bb582a4dfd2bd54aa7c96a8554061f5a72ec553c2fd1a7bb5637c4760c,True
candidate,r5,coin-heaven,204411,304411,1.0,0,0,50,0,0.6339788436889648,1.4200210571289062,4b1b1d10924959a0cae2a4f69d197ff7d91f9e75a2fe243c2b1e0c60b8568cd3,True
candidate,r5,coin-heaven,204412,304412,1.0,0,0,50,0,1.197493076324463,6.3629150390625,c7f865b2ebf284eb24d7705156a8382af017ba62d93e2d9dad1cf8505b52bb64,True
candidate,r5,coin-heaven,204413,304413,1.0,0,0,50,0,1.2608051300048824,1.5251636505126953,813c11dca782eb660faab0523cd94dfa343a1ac8814c31af3d57b3ecd781e320,True
candidate,r5,coin-heaven,204414,304414,1.0,0,0,50,0,1.018929481506347,1.2850761413574219,e09732464d1857b3ab604a263cd4248b6b7868b928d1e8b9cc79f432cb89487c,True
candidate,r5,coin-heaven,204415,304415,0.04,0,1,2,0,0.5399584770202637,0.5509853363037109,ae50dce16d5d81688cb94e7d1cb17afa89e4f369d4720ccc774e519f993cab6e,True
candidate,r5,coin-heaven,204416,304416,1.0,0,0,50,0,0.7724761962890625,1.4369487762451172,f593ca3873e24b562096d74676b00c1c5fdd0ffd09926ad39e79c9ed1824b364,True
candidate,r5,coin-heaven,204417,304417,1.0,0,0,50,0,1.3567686080932615,1.7931461334228516,31f9f4ecd350465e02ccfd798734df41f52427b5ceb47903d120735242ef69c9,True
candidate,r5,coin-heaven,204418,304418,1.0,0,0,50,1,1.4146685600280762,2.0279884338378906,d03e30f242adb66f0cff1eff8358d0b4b61fdc1530febda2bca73667bf1f7408,True
candidate,r5,coin-heaven,204419,304419,0.02,0,1,1,0,0.9804964065551758,1.0399818420410156,ae50dce16d5d81688cb94e7d1cb17afa89e4f369d4720ccc774e519f993cab6e,True
candidate,r5,coin-heaven,204420,304420,1.0,0,0,50,0,0.8321404457092284,1.155853271484375,a7cc0a1b472af91bae400ccc1ed5cb6640c0f0ce9a1668786badca720ca8e2d1,True
candidate,r5,loot-crate,204501,304501,0.38,0,0,19,11,0.5679011344909666,2.4509429931640625,44ab369a653b39b8518e8dae510e9d13e259f857f5fbeb814d3d25217c29d6b7,True
candidate,r5,loot-crate,204502,304502,0.52,0,0,26,24,0.8951783180236806,3.640890121459961,a9170fd0bf3555a37125a53410a5f23c7b23741e875ec5c47b2d0868b7cd7466,True
candidate,r5,loot-crate,204503,304503,0.44,0,0,22,19,0.6624817848205563,1.6970634460449219,70b033b83d6674d319654ce78859f94365d6d24d76ee81238e0430fd137e98cc,True
candidate,r5,loot-crate,204504,304504,0.28,0,0,14,19,0.8105397224426266,2.2296905517578125,8e337d427b2c82b7bbc5cbddd4e180279a6ad13edc19a52a593f4a87e30d6125,True
candidate,r5,loot-crate,204505,304505,0.32,0,0,16,6,0.5338311195373535,4.119157791137695,b58cc37de05778b4dd95a7ecb89e6d992d2bc333e65469acc052f3a22dd217dc,True
candidate,r5,loot-crate,204506,304506,0.16,0,0,8,2,0.7486462593078609,7.004976272583008,a11a7a91e21abd54de607d388d7e45b5510b3f8555f20a8a2d4965fa2bc9510b,True
candidate,r5,loot-crate,204507,304507,0.32,0,0,16,8,0.9069919586181641,1.519918441772461,92f9835722713d6af5aca7d10c34875ff480751d52d53a58ebf75a71193c3256,True
candidate,r5,loot-crate,204508,304508,0.06,0,0,3,1,0.5665540695190425,1.2199878692626953,671b0ec32b2adbf253a1a70e9e82cda77c5e08a4fc9aff02353817ec38920647,True
candidate,r5,loot-crate,204509,304509,0.18,0,0,9,40,0.6915807723999018,3.1011104583740234,9332b414c9ae88c1087361c442e0d08dc264bcf903989dfed21eb13ae125038f,True
candidate,r5,loot-crate,204510,304510,0.32,0,0,16,9,0.9470105171203607,2.630949020385742,61613f3c8935fcbfbffc79100e875dd4ae18cee8fae0554eaad5d17d6178cb62,True
candidate,r5,loot-crate,204511,304511,0.16,0,0,8,3,0.5010604858398436,4.24504280090332,2cfa28830dd174a048a1dba226b999c360ba9b6c7779ddb129a7fbd8f4ac6488,True
candidate,r5,loot-crate,204512,304512,0.0,0,0,0,0,0.5428314208984367,1.9841194152832031,6e7b297818e82f600541f66bb7917756fe88f825b909038d17e4b1a0d0ceb60a,True
candidate,r5,loot-crate,204513,304513,0.06,0,0,3,1,0.8104205131530757,1.6031265258789062,560abd50ad16af921a81217b8f47c7dd79585182841be9e5d64bea59b5e6808e,True
candidate,r5,loot-crate,204514,304514,0.02,0,0,1,0,0.5973696708679185,2.0678043365478516,6b58cdccd00dc68653ae5da10149669a45fbfe76d65015bc4b73e688fbe56f7b,True
candidate,r5,loot-crate,204515,304515,0.38,0,0,19,11,0.6014704704284662,2.3679733276367188,eac175d24ef612b72313657eb19a78746eb0a09bdd7d917c7ff60ce2c40c5752,True
candidate,r5,loot-crate,204516,304516,0.28,0,0,14,10,0.5640506744384763,1.6236305236816406,a26f943c7a9dbc09db3f172951e1643b52d6880cea3524816a7bb4a280603065,True
candidate,r5,loot-crate,204517,304517,0.18,0,0,9,6,0.43163299560546714,1.725912094116211,491fa47a2e551e8ac2c158eeaa83b4271c7f9e007a0cd01f3369f5ec22d387d6,True
candidate,r5,loot-crate,204518,304518,0.22,0,0,11,11,0.7398009300231927,2.701997756958008,58a66676c4f5c5da1684c9dc500ccb1eb3d34d210ad151f92ef36972b3efc1f8,True
candidate,r5,loot-crate,204519,304519,0.26,0,0,13,7,0.7994532585144039,1.954793930053711,eab583924c848eec4a04ceaa78253838b3e896631b3c6af29b0d965eeebde53f,True
candidate,r5,loot-crate,204520,304520,0.1,0,0,5,2,0.8258581161499021,2.8672218322753906,30edc1cf4c08ff9a02d5a560367b9eacc628cb99bb3539280b95afd1cb08bbd3,True
