treatment,replica,scenario,world_seed,agent_seed,collection_fraction,opponents_eliminated,self_kills,score,invalid_actions,decision_time_p95_ms,decision_time_max_ms,action_sequence_sha256,repeat_match
control,r1,peaceful,224101,324101,0.5555555555555556,0,0,5,2,0.437366962432861,0.8528232574462891,8b5a81c52102737406c13206cf600d24aed6e66ae15109714431b85b9daefcee,True
control,r1,peaceful,224102,324102,0.1111111111111111,0,0,1,1,0.17882585525512695,0.44798851013183594,56235fc8f54ff44ae25170b1fc8cee76a5be086e0979be84b1ca90e55f8f75a0,True
control,r1,peaceful,224103,324103,0.4444444444444444,0,0,4,4,0.3729462623596191,0.7991790771484375,923712627edf6db2f61f2fa54cf93a41e01363bc505b76d28bbfa7a8ec17dc8c,True
control,r1,peaceful,224104,324104,0.5555555555555556,0,0,5,7,0.26035308837890603,0.42700767517089844,bd72ad6ee21afb1cf55225da403fe809c360a44a90ba2ac157aa1e5baeab6e7d,True
control,r1,peaceful,224105,324105,0.1111111111111111,0,0,1,4,0.247049331665039,0.30493736267089844,ec621d5d289d61bee2405924c6914ad19e4faf0ec91fb48ee50ab7fd81fa0a3a,True
control,r1,peaceful,224106,324106,0.2222222222222222,0,0,2,1,0.25190114974975575,0.396728515625,8bc2708c377b8e3940fa3efb84fa440bd64b2950e34d48752317624a1205b5aa,True
control,r1,peaceful,224107,324107,0.3333333333333333,0,0,3,2,0.3850936889648437,0.9338855743408203,f4dbe91d126dfcd1a144cc828e0c6cfc735714b0be409d9f66de04ffc2f7f63d,True
control,r1,peaceful,224108,324108,0.6666666666666666,1,0,11,6,0.22912025451660156,0.5497932434082031,d362ef0e69112ae898c9468bb14226369a190780c057fbb785ecf28a33ef45cd,False
control,r1,peaceful,224109,324109,0.5555555555555556,1,0,10,12,0.29908418655395497,0.6918907165527344,7f4353676c3d42a5cb6d741fd79d5bb0b67090920348f4916da224ca77cf8444,False
control,r1,peaceful,224110,324110,0.2222222222222222,1,0,7,2,0.16217231750488276,0.4100799560546875,c3a3ef67f4e8b0381928916604fb19c4a2479b76e7fda3651c10623b05760d39,False
control,r1,peaceful,224111,324111,0.5555555555555556,0,0,5,0,0.42512416839599587,0.8068084716796875,ff10d9a99968123f96cc6a9ecb2dbaf5a6d2f7ea50e9ea663ca5af64a1d2889c,True
control,r1,peaceful,224112,324112,0.3333333333333333,0,0,3,2,0.1932024955749511,0.5171298980712891,9b942c2e155be270a981d94bbbbd2e674a3a219d3a0a9beb5c4febd7f9620696,True
control,r1,peaceful,224113,324113,0.3333333333333333,1,0,8,4,0.19676685333251948,0.5128383636474609,3d2114eca1a1bf341440d9d3ebd33ba22661ad2c33a5c0c0053297d7714736df,False
control,r1,peaceful,224114,324114,0.6666666666666666,0,0,6,19,0.3092527389526365,0.4279613494873047,7f471b34f388eedd2f884953c365dc550a7aa5c9fc31e0f7bbec80620c8ee8c4,False
control,r1,peaceful,224115,324115,0.3333333333333333,0,0,3,4,0.29306411743164057,0.7653236389160156,87c669dfdc8424449e8e1dae52bcd9f9c8750d0dd06c3f7989a0e9807447b25f,True
control,r1,peaceful,224116,324116,0.3333333333333333,0,0,3,2,0.24700164794921875,0.2911090850830078,ff2d8fee6bed024237c420d4c49b53cbb4f145e702f6c737be0c2f24cc6edb12,True
control,r1,peaceful,224117,324117,0.1111111111111111,0,1,1,4,0.5427956581115723,1.3079643249511719,2eb52d0624536054f6e4266a3ebe16b6804f904a830b1eb472761b94f90b91fe,False
control,r1,peaceful,224118,324118,0.0,0,0,0,76,0.46117305755615207,0.9450912475585938,1891a26dbdd8a2a3b5f3bc6f4e37bc36e2499c590a2f9f16595845a4ee8dced8,True
control,r1,peaceful,224119,324119,0.4444444444444444,0,0,4,1,0.5366325378417961,2.201080322265625,5940fc00efaf11c88561570ad0f78257546de96dc2042d98d3b8e621379539db,True
control,r1,peaceful,224120,324120,0.2222222222222222,0,0,2,5,0.31666755676269465,0.6551742553710938,2765376ec41948a49e63cf4b9abc850e075289803264784b1beee9ef5f37f0b6,False
control,r1,coincollector,224201,324201,0.3333333333333333,0,0,3,3,0.7454156875610342,1.7578601837158203,6557d60f4de191a8fb1cd6080fabe42dac230b3c710dd4ddc8d759b68ffe07b4,False
control,r1,coincollector,224202,324202,0.2222222222222222,0,0,2,14,0.8612871170043945,2.4068355560302734,c2044c5a1ceae26ef9799c64e4854cd5880ae9ae7466a90c0226126a8208254b,False
control,r1,coincollector,224203,324203,0.0,0,0,0,7,1.4270544052124008,2.582073211669922,7a117b66464e32e615b3fec8ccbeec19e7a13b645e063103f5fd89fdc7e88cf1,False
control,r1,coincollector,224224,324224,0.2222222222222222,0,1,2,9,1.1595487594604492,1.5599727630615234,cfc157611dc3a53ef4fce26d0b907c832f2aa5de7214f50b69226bc777328245,False
control,r1,coincollector,224205,324205,0.4444444444444444,0,0,4,11,0.8832693099975583,2.744913101196289,ce1a8ede623107ee02a6db38a7f633c1696e1a878cbd2a74b033cfc3e432b2c0,False
control,r1,coincollector,224206,324206,0.1111111111111111,0,0,1,15,1.0608553886413568,3.4880638122558594,426e8a0b208d57753e880ce215d88529ddf34366fd57699de8cc05cc1cd1a398,False
control,r1,coincollector,224207,324207,0.3333333333333333,0,0,3,22,1.4433860778808594,5.383729934692383,537047144996344c027063f197ac5ac81537bf2dc1ea2256bf8a452655b06d4b,False
control,r1,coincollector,224208,324208,0.6666666666666666,0,0,6,10,1.1861443519592283,4.943132400512695,41489c19dfe22d6a56b6e3127576987f0e8fab11f681adb55232b7925082ef1e,False
control,r1,coincollector,224209,324209,0.4444444444444444,0,0,4,23,1.0892510414123533,2.6781558990478516,d51019127b7f51b1c4aec2db5f2cc36af85acaaa9c6a39414fc16a4514b2c539,False
control,r1,coincollector,224210,324210,0.4444444444444444,0,1,4,12,1.1197328567504876,1.7659664154052734,08516089c031d75c5c2c0c8a22ef4c5c73babc91985ff1da0a07fdb38ba02fea,False
control,r1,coincollector,224211,324211,0.1111111111111111,0,0,1,13,1.652526855468746,6.010293960571289,3d340530c74102e19703777e3eef1edb706bef5f9974fa796af5861bc63b48e0,False
control,r1,coincollector,224212,324212,0.2222222222222222,0,0,2,16,0.9294390678405748,1.7101764678955078,736c0e1837e35ec65816e5de6b8364d87d53617a96e44ab53750197dc839eb2b,False
control,r1,coincollector,224213,324213,0.1111111111111111,0,1,1,2,0.5643367767333983,1.161336898803711,e10fb7f0e5abb961e00730e97289cb756182f57ff3c7e3567bfc473efed6973e,False
control,r1,coincollector,224214,324214,0.3333333333333333,0,0,3,2,1.8618345260620088,5.190849304199219,7debdafc1e09c407a0a6d93ae68ea43b8e9e65a99c9ff188446fa6dd728d3646,False
control,r1,coincollector,224215,324215,0.1111111111111111,0,1,1,4,1.0805964469909666,4.5719146728515625,dc0797b85fa8812877d10a7709f3385d00be99053c243413e60d50c9b6d761e6,False
control,r1,coincollector,224216,324216,0.3333333333333333,0,1,3,2,0.8621692657470704,1.338958740234375,11dc1f61ab141a9f037bc3c4291dbf63e82813dcfb817da6a5beb303c48830e3,False
control,r1,coincollector,224217,324217,0.3333333333333333,0,0,3,13,0.8502840995788573,2.046823501586914,c91fd1d6b3c0f2d9c16a514e1f24ebfeb349681f9c311f1e0463bb2b0b8c6e35,False
control,r1,coincollector,224218,324218,0.1111111111111111,0,1,1,3,0.6977081298828125,1.0538101196289062,71f05e31e7092837ed32abfd40a781652b930d59d7613413cb4eb84b2ae51f9a,False
control,r1,coincollector,224219,324219,0.3333333333333333,0,0,3,6,1.349699497222899,7.7991485595703125,43eb1870790abd8655524f234d7fad2426225b62f8c340f8c522d6617df2c026,False
control,r1,coincollector,224220,324220,0.1111111111111111,0,1,1,41,0.509762763977051,0.7970333099365234,cafb88364ff5c314dd54c0f69078688eb65b6fd979714132257a053d87ab7e3c,False
control,r1,classic,224301,324301,0.0,0,0,0,1,0.3347516059875484,1.3151168823242188,fde7fa2fd1932781afa347480ed3f3e594a7d251eda896869556f6b36837ffff,True
control,r1,classic,224302,324302,0.0,0,0,0,0,0.48500299453735346,1.8618106842041016,d3f6ec51d0a318891fa88f0c0bd2550c84a012a4b3735042ac2ae8ad9f68876a,True
control,r1,classic,224303,324303,0.0,0,0,0,2,0.7803916931152342,2.299070358276367,4a99ae6244e16f918868550ac08975c43faf939bef70ea71db272082c8a67fd8,True
control,r1,classic,224324,324324,0.0,0,0,0,0,0.7102131843566892,4.3201446533203125,02ae7ebb960e462255e40b2435854f9bae0efffcd3f9521e9bd532a7fc1a6964,True
control,r1,classic,224305,324305,0.5555555555555556,0,0,5,3,0.6007671356201164,3.997802734375,0b53704abb81514e563f150837b7a9b33ea728a7cc5cee7fb3880fb83c44045f,True
control,r1,classic,224306,324306,0.3333333333333333,0,0,3,10,0.7457613945007318,2.137899398803711,0f8c1deef6a5171d8b445c71ed1a5bc0cb3872370cff3bf2ca5b85ad6309c6ff,True
control,r1,classic,224307,324307,0.0,0,0,0,0,0.6682991981506345,4.144191741943359,a3a73c4b89f8fc31318e18cbad1a336193de288dab2a5ff1b727178e3439d3b8,True
control,r1,classic,224308,324308,0.2222222222222222,0,0,2,2,0.7091045379638663,4.451990127563477,1ded0e4e06df0fd5d8f6a60ab3fe327ba9e8c057c8f564e6cfd95eb94e28c850,True
control,r1,classic,224309,324309,0.2222222222222222,0,0,2,3,0.644612312316894,1.4047622680664062,dfb52aefec462d8d90b548606977abc7fc7e57e01b55c29a1a5ef16fc8e7aaec,True
control,r1,classic,224310,324310,0.0,0,0,0,0,0.5248069763183587,1.6207695007324219,61dffdfb87e60929a0eba90eb20c46c5730c3c8bf75e31470b06882e858baa33,True
control,r1,classic,224311,324311,0.0,0,0,0,0,0.5187749862670892,1.5788078308105469,0b030ab7c26125f8f4ef340a0a4b57799fdfb5b171fe7baf3bc0880567bb8d99,True
control,r1,classic,224312,324312,0.5555555555555556,0,0,5,1,0.6211757659912108,1.3699531555175781,4f9460cd0f95e592d0812ea9d735c4d59de8d86f50c9f8cc30898eeb97cd10ec,True
control,r1,classic,224313,324313,0.1111111111111111,0,0,1,2,0.794088840484619,1.558065414428711,f517b3ba958c81cc7444f2d5402d97df26cf50304ba878b7155b8eac902ff82e,True
control,r1,classic,224314,324314,0.0,0,0,0,0,0.6220698356628416,1.6901493072509766,833658c872169b2cdd7e2076232a6c8cfffb828e53f4ef35b008da1a2badbdf8,True
control,r1,classic,224315,324315,0.2222222222222222,0,0,2,59,0.6650328636169416,3.328084945678711,8870c8bf806602304d793ab4e19eeb74ff4224fd48fecb0badf57abe2b73897e,True
control,r1,classic,224316,324316,0.1111111111111111,0,0,1,2,0.673830509185791,1.9519329071044922,2288b564349d8f4a2cb1f6d8413fe5d50a4fe9cb2e5ec4dbb9d18ace2f89d0d0,True
control,r1,classic,224317,324317,0.3333333333333333,0,0,3,7,0.8111238479614231,2.858877182006836,246ab3b04bf7bd21af50b7470def00ce9bc08a08b3388c359cbe695f149367b1,True
control,r1,classic,224318,324318,0.3333333333333333,0,0,3,1,0.7027268409729001,2.6061534881591797,a18d3f79f083b1cef431dc1123f7c1c17b5ca4699998bef5d43ef03f0751e286,True
control,r1,classic,224319,324319,0.1111111111111111,0,0,1,0,0.6672620773315417,1.9741058349609375,362dfdc00f5eccfa749bc62327d0c423d87cf1c0c0e4069ec3b7e0f048d41c89,True
control,r1,classic,224320,324320,0.2222222222222222,0,0,2,1,0.6743669509887692,1.25885009765625,a384ccb0cb1a1ef29e5c20ef1c0ecc82dc43d6a0f82c850ba5ca175567956b74,True
control,r1,coin-heaven,224401,324401,1.0,0,0,50,0,0.21340847015380843,0.2579689025878906,8529fb259bdadc554f554290e25ed9f6a3c3a2fddc10a6bc5d73c5e30323a942,True
control,r1,coin-heaven,224402,324402,1.0,0,0,50,0,0.1404762268066406,0.2200603485107422,8407c61071e0109d916f22a96c889b258907f6a1de729d4d1a047393c3e9bc1f,True
control,r1,coin-heaven,224403,324403,1.0,0,0,50,0,0.1268863677978515,0.2219676971435547,ed784568977cb2eb5073dfc54d10c4beb9c89f3091efad58665fdff219ac2dd8,True
control,r1,coin-heaven,224404,324404,1.0,0,0,50,0,0.23055076599121094,0.2930164337158203,b241c90f50ed3da1527ebbf173f2b07d2829e2130ff8abbde9f1c7c3aaa585b3,True
control,r1,coin-heaven,224405,324405,1.0,0,0,50,0,0.17936229705810533,0.33402442932128906,dc3ac7ea72cb8467e6c637efb8c0572c51686132b4e73393daa9f5a16a91feb0,True
control,r1,coin-heaven,224406,324406,1.0,0,0,50,0,0.23331642150878912,0.3190040588378906,5acade4be9656c3826c2dd11a08828796b0d2f8dbf166adc727668f9a2c20ef9,True
control,r1,coin-heaven,224407,324407,1.0,0,0,50,0,0.15220642089843747,0.3292560577392578,da8241a8dc5c114468d20ef4bd6e7836ebc5673c0ef4b86a3968e2966f09ebbe,True
control,r1,coin-heaven,224408,324408,1.0,0,0,50,0,0.2658843994140622,0.41222572326660156,b95612ce97d136b067b7b3ce149addbf7d29feaf590ae8e18a5cc716f59981e8,True
control,r1,coin-heaven,224409,324409,1.0,0,0,50,0,0.12224912643432616,0.2040863037109375,891cddb783b1c07249601581700d1fadd87edcf0201852b9f0b4bb69b3743d40,True
control,r1,coin-heaven,224410,324410,1.0,0,0,50,0,0.17905235290527335,0.24819374084472656,28557865f6bc5fd7e3a93f4de99c7e06775957527a020eb51513f71f2d19ea8f,True
control,r1,coin-heaven,224411,324411,1.0,0,0,50,0,0.129246711730957,0.21409988403320312,4e7b73e1060f5b07ece88de854edcc46d6e55cf5b0784100d7d1dfcff378625b,True
control,r1,coin-heaven,224412,324412,1.0,0,0,50,0,0.17818212509155273,0.2300739288330078,0f933a69d0a97ab67462e9a309e588a627d9f37b9fe416b3cf931d7dbf279178,True
control,r1,coin-heaven,224413,324413,1.0,0,0,50,0,0.23097991943359367,0.3287792205810547,25ef0d2238373ad3fadbe2bf0e55c5d5c48f2f626251506debd99bcccdaf98bc,True
control,r1,coin-heaven,224414,324414,1.0,0,0,50,0,0.30770301818847656,0.6451606750488281,eb47993aca868a8708483fa09cb18a88ac0807c9aba7497fc3d16178bb9005f2,True
control,r1,coin-heaven,224415,324415,1.0,0,0,50,0,0.2208709716796874,0.3688335418701172,1bfbc11b9845d88d2f83309f33e8d4165b3b651dfb26737237de13906a495220,True
control,r1,coin-heaven,224416,324416,1.0,0,0,50,0,0.21051168441772455,0.2491474151611328,f7d926803ff0b0e49244729778c7e74d7905183c1dd1dd2950bca18e0bd3fa5e,True
control,r1,coin-heaven,224417,324417,1.0,0,0,50,0,0.16431808471679676,0.26988983154296875,e0e841f5255d37540f85f0d93e14175d85ff9b05e1f04fb66dd50b15ab84e297,True
control,r1,coin-heaven,224418,324418,1.0,0,0,50,0,0.2180814743041992,0.3440380096435547,3b1771362b3b595dca4d0f68a355c46af26a9f530bf70aa501902aaef3c90b3c,True
control,r1,coin-heaven,224419,324419,1.0,0,0,50,0,0.22660493850708,0.4410743713378906,d817b8b94864d719ce35101dca6b01deeb5b024bd1bd2f289f15a14f025ee0c4,True
control,r1,coin-heaven,224420,324420,1.0,0,0,50,0,0.2350330352783202,0.30612945556640625,d636cc5d249aec43cce8a9dee3df04030532e3cdac9caa1590bed8c0e9937a03,True
control,r1,loot-crate,224501,324501,0.04,0,0,2,0,0.1340031623840332,0.4658699035644531,0874fc02f69824f05de5a07aaae4a9c4a8d6bb8aebc7c9fe0d4976b18423243d,True
control,r1,loot-crate,224502,324502,0.14,0,0,7,4,0.19812583923339844,0.5848407745361328,734d172215e6aae1898a34f2a634e8a43b9a9e424054ff0d866e1b4abc001ff0,True
control,r1,loot-crate,224503,324503,0.58,0,0,29,11,0.2572655677795408,0.4990100860595703,f8b99033bb44fe74eb2b0b76d54239d427de381ee92c4132404efd79f401fe15,True
control,r1,loot-crate,224504,324504,0.4,0,0,20,5,0.27017593383789057,0.5047321319580078,fbb569b5f1ff669f62c07f481505241b143d27053db2ae5c04c4bca54c0d5130,True
control,r1,loot-crate,224505,324505,0.42,0,0,21,3,0.1811981201171875,0.4589557647705078,bee01c3b688e89493c0827e59f8a65c59c74f48e57fbb55904e82e33e4e201b4,True
control,r1,loot-crate,224506,324506,0.08,0,0,4,3,0.1390457153320312,0.2760887145996094,f679c700da9f0b014f9bc724e1e56cd85dd66492b973a1bbc9e2b8d5897e9dea,True
control,r1,loot-crate,224507,324507,0.04,0,0,2,0,0.17790794372558588,0.4200935363769531,580700a4b88a1e5c42bff2ecbd3b5a1f0cd97d083030948aeeda324854f3fc45,True
control,r1,loot-crate,224508,324508,0.1,0,1,5,5,0.4041671752929687,0.5860328674316406,97ea91aa9bfb19970455fb49b14cd904db9007d19779027464122a9e2b4bc8aa,True
control,r1,loot-crate,224509,324509,0.22,0,0,11,11,0.3910183906555176,2.6450157165527344,cee9523289ef90313edccb1258b51bea27e455f9fc2698e7cc52828206429bf9,True
control,r1,loot-crate,224510,324510,0.56,0,0,28,7,0.25593042373657215,0.6897449493408203,bd47dfc462e675a04ef5ff7e893ed0e47e26ca27b53650ee369214dc06788b43,True
control,r1,loot-crate,224511,324511,0.02,0,0,1,0,0.17225742340087857,0.5509853363037109,0874fc02f69824f05de5a07aaae4a9c4a8d6bb8aebc7c9fe0d4976b18423243d,True
control,r1,loot-crate,224512,324512,0.0,0,0,0,0,0.22754669189453094,0.8370876312255859,833658c872169b2cdd7e2076232a6c8cfffb828e53f4ef35b008da1a2badbdf8,True
control,r1,loot-crate,224513,324513,0.06,0,0,3,5,0.26247501373290977,0.782012939453125,a730d5c227f120841dfee043088f44146cbea8dd2f87d9edff6c9970218eec67,True
control,r1,loot-crate,224514,324514,0.42,0,0,21,25,0.4710793495178212,0.7801055908203125,4b7608031913b0915c2b5a24a8d40825511e2dd8338a549e02f5b95592f3d9f1,True
control,r1,loot-crate,224515,324515,0.3,0,1,15,3,0.3768324851989745,0.7638931274414062,e9d3791e7654f5e47db92a61be01286b5908ffeaa2c30b76f086dafccfbf44e0,True
control,r1,loot-crate,224516,324516,0.4,0,0,20,5,0.223636627197265,0.6508827209472656,b598f14bcd8a511d6fd94faf31d55dbcd03295ddc99c76aabbbc6e7c51d76992,True
control,r1,loot-crate,224517,324517,0.38,0,0,19,3,0.19303560256957994,0.37598609924316406,f83af9367e5b530fd03694cc3ad098143b8b224bd385326ae133f742b520b52b,True
control,r1,loot-crate,224518,324518,0.04,0,0,2,0,0.27205944061279275,0.7801055908203125,abc096e38a264e61d69df7456124c0664f95c7a1d0e8e3a9686212fd2839be75,True
control,r1,loot-crate,224519,324519,0.18,0,0,9,1,0.3516077995300287,2.0558834075927734,ac7f381c8af55a52e58a7d8e9fe07c2cd2f1a58720281ca6cc97de9c6f811209,True
control,r1,loot-crate,224520,324520,0.02,0,0,1,1,0.17168521881103513,0.6299018859863281,d5a985cdf265193f5181b625fd8e69a29a29566130e5462a33252dad456095d5,True
control,r2,peaceful,224101,324101,0.2222222222222222,1,0,7,3,1.1240839958190882,6.994009017944336,fcdb2a280379a5bdd5f3ef263b124042f3873b9b7d403cfaa73f3257fb490f1d,False
control,r2,peaceful,224102,324102,0.1111111111111111,0,0,1,38,0.6397247314453118,1.9648075103759766,d55a79274aa7eb55d042bf9cf42ca3ec3e3129e662c474825c515bccf8718e7c,True
control,r2,peaceful,224103,324103,0.4444444444444444,0,0,4,7,1.1129140853881834,3.622293472290039,e2e4ae8c66c1f0be4ce64a18f4ca6f196d9e66439e8daf6e98e28c38372c48c8,True
control,r2,peaceful,224104,324104,0.3333333333333333,0,0,3,3,1.0123372077941892,2.666950225830078,10d33a3bf1df735fe79f60de7ddb3929fdfa9c85201d6ac914f4b56f23d80344,True
control,r2,peaceful,224105,324105,0.2222222222222222,0,0,2,24,1.0458230972290015,3.2501220703125,84dc7bb94219f61ef02a0afb6db8fb08701cb4f8a3c652af5878d331b2f3319b,True
control,r2,peaceful,224106,324106,0.4444444444444444,0,0,4,7,1.2758374214172359,3.7720203399658203,f776786c5185ddaae83618e977c5c1f5be9c34c6b6b13e4f936256a6458eb98f,True
control,r2,peaceful,224107,324107,0.0,0,0,0,39,0.6869912147521963,2.287149429321289,058d107a7a66697941994acd8f3bf23163bbd43f54d08ade786337fd6c35843c,True
control,r2,peaceful,224108,324108,0.4444444444444444,0,0,4,8,0.8831262588500974,2.208232879638672,2b3e5b5beade8c892602d4dc630a3dca989301aa72fd2279ffd83e014eca68c6,True
control,r2,peaceful,224109,324109,0.7777777777777778,1,0,12,5,0.6407737731933586,3.921031951904297,b4e5c5f1ae4a8ef8907c324260dfb5f4c5d23eb89e05c259d5d0260175f70ccb,False
control,r2,peaceful,224110,324110,0.5555555555555556,0,0,5,11,1.2163758277893062,4.142999649047852,36ed47ef41c5e82b93070528cadb3bf84afcdb3c8f8ebc34515009ef815b29d3,True
control,r2,peaceful,224111,324111,0.0,0,0,0,0,0.7971882820129393,2.355337142944336,1189c2b1f0800bb7bc02f066c45c9071a0a0487c0458a818be8ba76e6f424a46,True
control,r2,peaceful,224112,324112,0.2222222222222222,0,0,2,4,1.2400031089782688,3.1239986419677734,1dbc4dcc0620ee038642e8b263509ca73383dd001cb518cba27be11ef41b286c,True
control,r2,peaceful,224113,324113,0.1111111111111111,0,0,1,43,0.9864807128906244,2.6581287384033203,ac6b2b119ece1360d2592cd3e55707701875fbe0a45be1c98e73e8e7c44a8fcf,True
control,r2,peaceful,224114,324114,0.0,0,0,0,26,0.8750915527343749,2.162933349609375,dd14993ae69a76adb2fa41e408c0f2271f3ce424143b194f07b401dbd92bb9fb,True
control,r2,peaceful,224115,324115,0.3333333333333333,0,0,3,4,0.6594061851501462,2.2237300872802734,ec1406cf2aea6945f6163633f15513a5fddec8c98b7f54903925ad99db5bb495,False
control,r2,peaceful,224116,324116,0.2222222222222222,0,0,2,3,0.7827520370483392,2.966165542602539,3046870e2724e6134accce6d03cd188ec398e51e08f781ce9a7499a30cd8a388,True
control,r2,peaceful,224117,324117,0.3333333333333333,0,1,3,1,0.8372664451599121,2.1271705627441406,7ff653dc6fedfae8d46eef8e0d3e6edc924d23e13eb6dba88e8cca28ee0173fc,False
control,r2,peaceful,224118,324118,0.5555555555555556,1,0,10,20,0.9908676147460929,8.224010467529297,f665c0ebd3b49d2a81a6f5eea9e55a6ed8603fa6273738e2005c7a67748bc249,False
control,r2,peaceful,224119,324119,0.4444444444444444,0,0,4,0,1.2726902961730953,4.575014114379883,627536bf88fae3501a72b789ba4d7d44e0bb51f7bb962043a93cbcc8e9d244b9,True
control,r2,peaceful,224120,324120,0.1111111111111111,0,1,1,8,0.9704828262329102,8.219003677368164,d46db3980227e676147663edfd0b635d0a7dc8415c152486950f4d62e97b7735,False
control,r2,coincollector,224201,324201,0.4444444444444444,0,0,4,8,0.8743882179260251,2.233266830444336,e946b1b626526d4f6e989db76a32b7f2802c193abf46aed1e2300147359252d0,False
control,r2,coincollector,224202,324202,0.4444444444444444,0,0,4,11,0.8846521377563471,4.203081130981445,409b7e35d7dcd0a6c66fe284021d1bee073dcbb79189094c460cc710c77be4c5,False
control,r2,coincollector,224203,324203,0.2222222222222222,0,1,2,14,0.8173704147338866,2.346038818359375,1ef012c9892ca8f0c78a591fad617df21db78bee831d82f3af0981547525f5a8,False
control,r2,coincollector,224224,324224,0.1111111111111111,0,0,1,11,1.1286497116088852,2.3381710052490234,9a4826b9f495fe119f530ccf07045f33388482f501eb9d9429d89b1d87cf5cae,False
control,r2,coincollector,224205,324205,0.2222222222222222,0,0,2,10,1.1018633842468255,4.742145538330078,887ca704850e96a09ef3ba74386bdd4b4dda29fd4005155caa51bf9b3e960269,False
control,r2,coincollector,224206,324206,0.4444444444444444,0,0,4,11,1.3126730918884215,5.322933197021484,a2fce9c3281021ccc53d08434f4efdf8c98bd3f2c349307f7f365c437d54bbfd,False
control,r2,coincollector,224207,324207,0.3333333333333333,0,0,3,2,0.7581472396850584,5.280971527099609,fb15908e6f7e6d2a2e2568303d9375745cc999c2cd3bc35353d1048ccca867ae,False
control,r2,coincollector,224208,324208,0.2222222222222222,0,1,2,7,0.6899833679199219,2.8290748596191406,e75bf6a3c706483eb35013daa60d1eeaf32a3f9100817ed7467627b9462874f2,False
control,r2,coincollector,224209,324209,0.5555555555555556,0,0,5,9,0.8890748023986814,3.392934799194336,94449120d76fa36bd547db57b717c014f3d494490529fee525770c16bac82a14,False
control,r2,coincollector,224210,324210,0.3333333333333333,0,0,3,39,0.9625911712646477,4.182100296020508,9fdc7824a80a57f531e80f7ed1d2b9faeb1a1447b6abb9685174bb5e9706157f,False
control,r2,coincollector,224211,324211,0.2222222222222222,0,0,2,15,0.781679153442382,7.510900497436523,33a0dfe66ad365f7dab6bae4a67cf4f07c0d8b4005bf672b96f9871fab5cc2c7,False
control,r2,coincollector,224212,324212,0.2222222222222222,0,1,2,9,0.5329728126525879,1.0762214660644531,ccbb06332aa24d11450cd21ae87861dc585fa17187a45f0b7f82ab92a8cbebe0,False
control,r2,coincollector,224213,324213,0.1111111111111111,0,0,1,3,0.6045103073120117,1.0848045349121094,8bf819ffd85b507597dbfaacee3d8b19366768ec6a42a56f43d27d8f08001b1d,False
control,r2,coincollector,224214,324214,0.1111111111111111,0,0,1,20,0.6794095039367672,1.0747909545898438,5c95fd94bf72aadfd34ad9a341b53aaffdb9da00026341df4dce3adf9b30076f,False
control,r2,coincollector,224215,324215,0.2222222222222222,0,1,2,12,0.6899833679199219,1.9309520721435547,0e0e053f478e7f7b571bf2234edc1345f5b8b8d88181987b956cd1dd04d3d4ba,False
control,r2,coincollector,224216,324216,0.1111111111111111,0,0,1,0,0.6175041198730468,0.8342266082763672,0e9a46a3cde6af5382c6eec313dee4b72e45f719aa6a3442b98bb52f682df74b,False
control,r2,coincollector,224217,324217,0.2222222222222222,0,0,2,18,1.1896967887878411,5.980968475341797,ccfa6245dde02396ebfafb9442a322973934549d1214fed3c3742f353a3eeb6a,False
control,r2,coincollector,224218,324218,0.3333333333333333,0,0,3,15,0.9349703788757316,2.2499561309814453,2e4af45ce0b9789afaa7a6d0460ffbe82437dcfd8bf4ba55684c01382465f467,False
control,r2,coincollector,224219,324219,0.6666666666666666,0,0,6,16,1.1095166206359852,9.519815444946289,5329597054eb97f4d5556ee098986eff3193e0152a9a0fd8f57ed95ea4b409f2,False
control,r2,coincollector,224220,324220,0.3333333333333333,0,0,3,5,1.5408992767333984,5.082845687866211,113830f9945857e8e86e486fe96fc3bb23b3242ac133639ee051e884757cdd49,False
control,r2,classic,224301,324301,0.0,0,1,0,0,0.206494331359863,0.3209114074707031,798dca28cdd5b0f5f3937a34f514632001c1707c2f3346c17f26a503044d7129,True
control,r2,classic,224302,324302,0.0,0,0,0,0,0.14495849609375,0.4200935363769531,b8fe5d04fad5d8f06368f9d1fc945bc10fb7d11f814e7aa780131bd78ead4969,True
control,r2,classic,224303,324303,0.1111111111111111,0,0,1,1,0.14519691467285156,0.2789497375488281,bb03445e26e59968549730e5f371c1f989ef5ffdc1795bdb1c7370537ad5b98d,True
control,r2,classic,224324,324324,0.0,0,0,0,1,0.13408660888671867,0.27108192443847656,13d51540094df324c102ef3a2cb1fb0e1b94e207aa0444f48048a55b1404a5cf,True
control,r2,classic,224305,324305,0.5555555555555556,0,0,5,9,0.17733573913574202,0.3478527069091797,8dfcf1d0c8b271b65bd0cd4d705625d553d7dfa820c77dae15483f827b0ea35a,True
control,r2,classic,224306,324306,0.1111111111111111,0,0,1,4,0.1957535743713379,0.4470348358154297,4cf3374421dae8ee8ded01fc9fdc339fc8e08cf702d39a1c97cd8e2e7836a4ba,True
control,r2,classic,224307,324307,0.0,0,0,0,0,0.125885009765625,0.2810955047607422,9ba91bfbaf3a95974881f1f5c4cdcfdcf6420d1b85729bd4bc1e4f31fc516302,True
control,r2,classic,224308,324308,0.6666666666666666,0,0,6,2,0.1602530479431152,0.3330707550048828,9745d3990e78d44252a940384763868ddd13100bb1fc72f158a547ee1e47d5d4,True
control,r2,classic,224309,324309,0.2222222222222222,0,0,2,2,0.14618635177612302,0.34999847412109375,867e6e9ddef2bed46da79e743b8e1cbf8bb6ddafe03873148a9ff7f54cf66a25,True
control,r2,classic,224310,324310,0.1111111111111111,0,0,1,0,0.12497901916503902,0.2751350402832031,9456ad95b44a7e200c6672129a01d175051090acba97df3d5ecea1c7e4d8bdd7,True
control,r2,classic,224311,324311,0.0,0,0,0,0,0.13408660888671867,0.3199577331542969,125ff1064795412c1376907d995badbc7fb9b1767b61c91d08091029758d9d45,True
control,r2,classic,224312,324312,0.0,0,0,0,0,0.12875795364379883,0.8308887481689453,be7e9433a888eaddc20e6b6e24622774372f351a018915be909c3b68cc4c4048,True
control,r2,classic,224313,324313,0.1111111111111111,0,0,1,5,0.15318393707275357,0.39505958557128906,9a6c46b1cec7bf26d4ccd27425b770f7687e224023b4eb2e1bcdabf6ea2b1727,True
control,r2,classic,224314,324314,0.0,0,0,0,0,0.125885009765625,0.2837181091308594,833658c872169b2cdd7e2076232a6c8cfffb828e53f4ef35b008da1a2badbdf8,True
control,r2,classic,224315,324315,0.2222222222222222,0,0,2,1,0.13308525085449213,0.308990478515625,e4c14d9a274095d5b65aff761cb4c85f89e4bf787f9426fba51391c54d74c479,True
control,r2,classic,224316,324316,0.4444444444444444,0,0,4,5,0.19621849060058594,0.2849102020263672,488ea8ad08f84314fef3433e19ce1b2249c11337b40a55c6f67c33373db9a0a2,True
control,r2,classic,224317,324317,0.4444444444444444,0,0,4,5,0.15592575073242188,0.3230571746826172,54cb1201dbc622c577ba73b4b6acb2164330e71d88ab27f11f472ce055d49242,True
control,r2,classic,224318,324318,0.6666666666666666,0,0,6,8,0.18005371093749994,0.2830028533935547,a1a77aeeda0ea11cfe4c21a5f078a8574c65912659842b967305b583341b1e90,True
control,r2,classic,224319,324319,0.2222222222222222,0,0,2,27,0.21419525146484367,0.32591819763183594,28bd7b1d59b2d840bcbf53009cb391a3b58167b96d4ccad0ba2844f1b2b32168,True
control,r2,classic,224320,324320,0.4444444444444444,0,0,4,7,0.15807151794433594,0.36787986755371094,575b8ba9564518e2b34ab4184fea1ae21fcd92b1d14258bfabf4c68a473f9cfa,True
control,r2,coin-heaven,224401,324401,1.0,0,0,50,0,0.2252697944641113,0.3838539123535156,8529fb259bdadc554f554290e25ed9f6a3c3a2fddc10a6bc5d73c5e30323a942,True
control,r2,coin-heaven,224402,324402,1.0,0,0,50,0,0.13127326965332026,0.20575523376464844,8407c61071e0109d916f22a96c889b258907f6a1de729d4d1a047393c3e9bc1f,True
control,r2,coin-heaven,224403,324403,1.0,0,0,50,0,0.11749267578124986,0.2357959747314453,ed784568977cb2eb5073dfc54d10c4beb9c89f3091efad58665fdff219ac2dd8,True
control,r2,coin-heaven,224404,324404,1.0,0,0,50,0,0.23639202117919922,0.35500526428222656,b241c90f50ed3da1527ebbf173f2b07d2829e2130ff8abbde9f1c7c3aaa585b3,True
control,r2,coin-heaven,224405,324405,1.0,0,0,50,0,0.15909671783447257,0.8020401000976562,dc3ac7ea72cb8467e6c637efb8c0572c51686132b4e73393daa9f5a16a91feb0,True
control,r2,coin-heaven,224406,324406,1.0,0,0,50,0,0.3855228424072267,0.8382797241210938,5acade4be9656c3826c2dd11a08828796b0d2f8dbf166adc727668f9a2c20ef9,True
control,r2,coin-heaven,224407,324407,1.0,0,0,50,0,0.13046264648437497,0.19884109497070312,da8241a8dc5c114468d20ef4bd6e7836ebc5673c0ef4b86a3968e2966f09ebbe,True
control,r2,coin-heaven,224408,324408,1.0,0,0,50,0,0.2297520637512206,0.39076805114746094,f0529a2f760c7c984e2e6d2ba68ff76bca0a12b641ef549805b7d0c8f22a6dea,True
control,r2,coin-heaven,224409,324409,1.0,0,0,50,0,0.13475418090820307,0.24080276489257812,891cddb783b1c07249601581700d1fadd87edcf0201852b9f0b4bb69b3743d40,True
control,r2,coin-heaven,224410,324410,1.0,0,0,50,0,0.17824172973632804,0.2799034118652344,28557865f6bc5fd7e3a93f4de99c7e06775957527a020eb51513f71f2d19ea8f,True
control,r2,coin-heaven,224411,324411,1.0,0,0,50,0,0.12907981872558583,0.2040863037109375,4e7b73e1060f5b07ece88de854edcc46d6e55cf5b0784100d7d1dfcff378625b,True
control,r2,coin-heaven,224412,324412,1.0,0,0,50,0,0.5614519119262694,3.6170482635498047,0f933a69d0a97ab67462e9a309e588a627d9f37b9fe416b3cf931d7dbf279178,True
control,r2,coin-heaven,224413,324413,1.0,0,0,50,0,0.1252651214599609,0.2689361572265625,25ef0d2238373ad3fadbe2bf0e55c5d5c48f2f626251506debd99bcccdaf98bc,True
control,r2,coin-heaven,224414,324414,1.0,0,0,50,0,0.2713680267333983,0.31876564025878906,eb47993aca868a8708483fa09cb18a88ac0807c9aba7497fc3d16178bb9005f2,True
control,r2,coin-heaven,224415,324415,1.0,0,0,50,0,0.21901130676269506,0.3592967987060547,1bfbc11b9845d88d2f83309f33e8d4165b3b651dfb26737237de13906a495220,True
control,r2,coin-heaven,224416,324416,1.0,0,0,50,0,0.1778364181518554,0.30493736267089844,f7d926803ff0b0e49244729778c7e74d7905183c1dd1dd2950bca18e0bd3fa5e,True
control,r2,coin-heaven,224417,324417,1.0,0,0,50,0,0.1659870147705078,0.24700164794921875,e0e841f5255d37540f85f0d93e14175d85ff9b05e1f04fb66dd50b15ab84e297,True
control,r2,coin-heaven,224418,324418,1.0,0,0,50,0,0.2161741256713867,0.3199577331542969,3b1771362b3b595dca4d0f68a355c46af26a9f530bf70aa501902aaef3c90b3c,True
control,r2,coin-heaven,224419,324419,1.0,0,0,50,0,0.1980781555175779,0.25177001953125,d817b8b94864d719ce35101dca6b01deeb5b024bd1bd2f289f15a14f025ee0c4,True
control,r2,coin-heaven,224420,324420,1.0,0,0,50,0,0.27834177017211903,0.3490447998046875,a7e4406a9f18762e94b436514fd2f78e47ea15efd3073242c02d514b470b60d8,True
control,r2,loot-crate,224501,324501,0.2,0,0,10,4,0.29863119125366155,1.280069351196289,70d1937ec3c39715ff32d1d3a28a4a5b58bac2a1744646b31aa1c44a77d93e50,True
control,r2,loot-crate,224502,324502,0.22,0,0,11,9,0.5383133888244627,2.0411014556884766,c2628d5b130da3623b7aa1db20146b197493e28d9020b82de4068cb7a8939b23,True
control,r2,loot-crate,224503,324503,0.36,0,0,18,6,0.3952026367187499,1.7900466918945312,b79b3e610066e69178eab9a499adee720f924e17d8e2fb9c4f8341fa3ea80152,True
control,r2,loot-crate,224504,324504,0.32,0,0,16,12,0.8343338966369617,2.2878646850585938,37f1029fd05f9bf5e62c8674a1db6ef3caa4513a45902489b8ef6dca21b5fdab,True
control,r2,loot-crate,224505,324505,0.4,0,0,20,53,0.4861831665039062,0.9829998016357422,5d17dee76469ec0bbaff8a3781c0f3c2e8e0e23664f6840002c3d60645973148,True
control,r2,loot-crate,224506,324506,0.04,0,0,2,2,0.3961086273193358,1.7590522766113281,bb647e77502b338a6b3f84353f5764f4f13be02bd6dd266917b0520f4a35224c,True
control,r2,loot-crate,224507,324507,0.04,0,0,2,0,0.7314443588256831,6.653070449829102,580700a4b88a1e5c42bff2ecbd3b5a1f0cd97d083030948aeeda324854f3fc45,True
control,r2,loot-crate,224508,324508,0.1,0,1,5,4,1.0311603546142565,1.322031021118164,8632f17892c11def02114138918cd1adc032939a6251fc3a680eb19ed3c3336e,True
control,r2,loot-crate,224509,324509,0.18,0,0,9,9,0.47917366027832015,1.2600421905517578,6f3ac22eacd5a529c99d8b46bf6d9f230913f983bedba8ecaf1584a5b27ebf81,True
control,r2,loot-crate,224510,324510,0.42,0,0,21,11,0.7864713668823239,2.2516250610351562,da48d8cea023c7690d5e3d7ceb8cc732bb6377362dc3a7d72599a6545c4b4f1b,True
control,r2,loot-crate,224511,324511,0.32,0,0,16,31,0.46120882034301747,0.9930133819580078,7b8b5ac421e52166329dfa91bc9b21488ff2c1dbb88956af22a1115e6c50d002,True
control,r2,loot-crate,224512,324512,0.0,0,0,0,0,0.5827307701110833,1.8317699432373047,833658c872169b2cdd7e2076232a6c8cfffb828e53f4ef35b008da1a2badbdf8,True
control,r2,loot-crate,224513,324513,0.06,0,0,3,2,0.5772233009338377,1.3158321380615234,2e81584a2f4aac1b42c017c95911d3b00b4a00e2d4ea1461879a320a31df2605,True
control,r2,loot-crate,224514,324514,0.08,0,0,4,1,0.4354357719421382,1.035928726196289,1ce12af669b21e05cf4edc81a502b0374a5f54cb639170a657556b0d4d63a4ee,True
control,r2,loot-crate,224515,324515,0.12,0,0,6,5,0.5726575851440425,1.5990734100341797,506b581d7f568545d0c822bfada55fd8b6f62d843b8be6455b39993aeca1b8fc,True
control,r2,loot-crate,224516,324516,0.18,0,0,9,3,0.516211986541748,1.5590190887451172,baa5e0741d798b995049dce6f0ba55524adec4c7b9023f34efc8db71c6c4fa24,True
control,r2,loot-crate,224517,324517,0.34,0,0,17,8,0.5711078643798827,1.348257064819336,72751732f6343bc01ee7145c9e18247da10715d6f3fd53db3552d1e0fc2f1953,True
control,r2,loot-crate,224518,324518,0.08,0,0,4,0,0.35790205001830877,0.8690357208251953,4cfcf5fe98f576b9082472191122572432cf6159cc94e086261bb889656c724d,True
control,r2,loot-crate,224519,324519,0.42,0,0,21,4,0.6407141685485832,2.0940303802490234,ef5db56b3ce6606ab54000c70d967f026a1872800e6da0890372e2f3b915e7dd,True
control,r2,loot-crate,224520,324520,0.02,0,0,1,0,0.6952047348022444,4.01616096496582,833658c872169b2cdd7e2076232a6c8cfffb828e53f4ef35b008da1a2badbdf8,True
control,r3,peaceful,224101,324101,0.4444444444444444,0,0,4,1,0.9360432624816892,2.197742462158203,54f4064949890aa5ec6e9242c3e1089c497a524c5ba1d0c633c56ec4cc5ef5dc,True
control,r3,peaceful,224102,324102,0.1111111111111111,0,0,1,1,0.7782936096191405,3.4079551696777344,4dc41fc34147faf2897a7fc688e7ed4898855466bfcf51389e3b43b1e07245b4,True
control,r3,peaceful,224103,324103,0.0,0,0,0,3,0.6294250488281248,3.261089324951172,85c39666363fbcdb557969fc379cbff0baaffd98d40e4d5d3a33107076a1e785,True
control,r3,peaceful,224104,324104,0.3333333333333333,0,0,3,1,0.6171464920043933,1.3821125030517578,d54746bd0fc2f65bd1ec1e4e151b0a94d941cf0e6dd2fd72d01d47e29644d4d1,True
control,r3,peaceful,224105,324105,0.1111111111111111,1,0,6,10,0.8994698524475094,2.608776092529297,4e4a084a7b3c63e5f33e945ce02deffc31fd9c87790035bc8ad61e361ce7da6f,False
control,r3,peaceful,224106,324106,0.2222222222222222,0,0,2,1,1.0241627693176267,2.270936965942383,7d0c29f48d1514bb75d8cc3cc2024d930bb13444e7bca91fcb7afdfa1aa47d88,True
control,r3,peaceful,224107,324107,0.1111111111111111,0,0,1,2,1.0804772377014142,2.949953079223633,143c7cb8da085779de285b077bfcec7a059c6ff829f6fa4b2f80b45a9d27f1da,True
control,r3,peaceful,224108,324108,0.2222222222222222,0,0,2,28,1.165151596069336,7.230281829833984,8d56dd8afbe596e3f7665fa57b61c46fc09107a2eddc5353b4151ef107d8dadf,True
control,r3,peaceful,224109,324109,0.1111111111111111,0,0,1,0,0.8774518966674801,1.9190311431884766,b65f4ad0316cf633dc5886129585c5ba9863eeb2e60b7e4de8b39a371f9b9750,True
control,r3,peaceful,224110,324110,0.3333333333333333,1,0,8,6,0.9401440620422334,5.525827407836914,d9d0b97b76f4d7a93fb99a4c25e88baab7b8c6e53f0604be55ce708937742111,True
control,r3,peaceful,224111,324111,0.0,0,0,0,0,0.6037235260009759,1.3079643249511719,b97c6f825079e0f0eaff6ca86dc356f808e4a8b445e7e219f5613f188224f39c,True
control,r3,peaceful,224112,324112,0.4444444444444444,1,0,9,10,0.8488774299621581,3.088235855102539,132f1c7f42738d0d5d57e29168ab7bf3aa0a2a5a37ac702db168fb393bfe1bc3,False
control,r3,peaceful,224113,324113,0.0,0,0,0,0,0.8063912391662595,1.8029212951660156,fad0e57b5d555389d680e2aae64a0e4d08a587f93a4c0f2396b6f0e9f8b4a7dc,True
control,r3,peaceful,224114,324114,0.0,0,0,0,40,0.6422162055969237,3.0498504638671875,3274c60b0a83cfa4b45d1ab4ee7230141a3a9d586387ac02f90820198218dc48,True
control,r3,peaceful,224115,324115,0.1111111111111111,0,0,1,0,0.734102725982666,1.7142295837402344,0ec1d6dba33a68f3e132e9ab910bfa395dbd284eae059447e3c00dcd8a97903d,True
control,r3,peaceful,224116,324116,0.4444444444444444,0,0,4,3,0.8871197700500486,1.3470649719238281,9a87a244ea97db52d7a1f1fe72b5b1efd0c0855d7299298e81174a63d6fcae0c,True
control,r3,peaceful,224117,324117,0.4444444444444444,1,0,9,6,0.533497333526611,1.6319751739501953,20bdc5b4b59836424e187daa858b7f8a63b401d7d001e145050abe3cde2ec3fa,False
control,r3,peaceful,224118,324118,0.5555555555555556,1,0,10,2,0.5281925201416015,6.040096282958984,dd0ae1420a0ed457c3adf1915dee5acd699b0bbd43598d9d647c397e18f1e385,False
control,r3,peaceful,224119,324119,0.2222222222222222,0,0,2,1,0.8398890495300287,2.3031234741210938,fea94cedaf19d58a2f927bbcf00d61ad1e7d07c4c884527dfc066f5a016e31cd,True
control,r3,peaceful,224120,324120,0.4444444444444444,0,0,4,4,1.3178586959838843,5.019903182983398,b31c1406ecef08d0ee4e7b72d3b9ed82592fdfb75966de91c17924b17140d922,True
control,r3,coincollector,224201,324201,0.4444444444444444,0,0,4,5,0.9498834609985355,1.8918514251708984,20e90616d908ea24c12539a6c8d23c295acb6b1a46ec193efcef4a38f045135b,False
control,r3,coincollector,224202,324202,0.0,0,0,0,0,0.6819248199462891,0.7488727569580078,7474ba418b0635d0b269420f3e0ab0de4c1815d2b72fb9bc62ba4624f0d8c2aa,False
control,r3,coincollector,224203,324203,0.4444444444444444,0,0,4,0,0.49021244049072243,0.8928775787353516,073399edf6528f6972dbdc9a76ece72492d10778d3edd76a89b76ef77a599784,False
control,r3,coincollector,224224,324224,0.2222222222222222,0,0,2,5,1.5578269958496094,6.8111419677734375,fadd24dd869e456c59cb77e6537f9b632964188d5b5a233fe4dd57f2c4378705,False
control,r3,coincollector,224205,324205,0.2222222222222222,0,0,2,25,1.9305348396301238,3.3431053161621094,6767cdced054648a93a6746055faf70498abc5b39293b3f16cb8149a31078335,False
control,r3,coincollector,224206,324206,0.0,0,1,0,8,1.1918067932128902,4.32896614074707,4d5c08178f21819286c1b50f6cfee7fde9a22cd6d4d43865c24535d7441e6641,False
control,r3,coincollector,224207,324207,0.2222222222222222,0,1,2,1,1.1214494705200195,1.4448165893554688,f8abd9f25903c2d0e96d8170b27f9b3cd9147a0f12f476484962bb3f8e7c1b8e,False
control,r3,coincollector,224208,324208,0.2222222222222222,0,0,2,3,0.9821295738220215,1.1298656463623047,d4c7f1924485012b566a7ed5b30f2c981b0339c074c60277299c2840a5c7ea82,False
control,r3,coincollector,224209,324209,0.6666666666666666,0,0,6,9,1.6901016235351562,2.704143524169922,c1536094f8c0de0b9d3b830b31ee397e6ff1d026842a5a157f165c9032c28eaa,False
control,r3,coincollector,224210,324210,0.2222222222222222,0,1,2,4,0.29730796813964844,0.4630088806152344,c88a1b6e7e20967ea0b6096bccf0f5bb7eb467b9227ab064317e88ef21e12d24,False
control,r3,coincollector,224211,324211,0.2222222222222222,0,0,2,8,0.6016254425048825,1.3589859008789062,1fbea7b4ff3719f97c3996c01a52e0f42583614f78bc879db8e47fc56a0a6c8b,False
control,r3,coincollector,224212,324212,0.3333333333333333,0,0,3,10,0.539803504943847,0.8399486541748047,fb3114333954ca45c52bcbd97e99c8946a3272579d287bb18359f6b6f522f444,False
control,r3,coincollector,224213,324213,0.2222222222222222,0,1,2,3,0.4630088806152344,0.5519390106201172,f492fbc9b8315bc98ddb2af2d8140c972bb47404b1647b8ae01208a5db539e18,False
control,r3,coincollector,224214,324214,0.3333333333333333,0,1,3,9,0.4100322723388672,0.7772445678710938,bee1c6838b7d2c22f2faed29b48a8c1e71c2c81c5599ba3376a2936d47a1a85f,False
control,r3,coincollector,224215,324215,0.1111111111111111,0,0,1,5,0.2829074859619139,0.3418922424316406,0dc2c3d70bcaae085caedd8f531548ab723fd586417a4f19e670c7cda58d41eb,False
control,r3,coincollector,224216,324216,0.3333333333333333,0,0,3,17,0.5051136016845702,0.7700920104980469,565732baa94000c3f7768c99a057cf820403361136cfcb88b80dd0b0474bdf37,False
control,r3,coincollector,224217,324217,0.2222222222222222,0,0,2,9,0.6907105445861808,0.8959770202636719,09965e77ef265656852ece18dd95848a350e94df371241698b6982b42b963edb,False
control,r3,coincollector,224218,324218,0.0,0,0,0,2,0.5427718162536613,0.8556842803955078,3601d3ab1fbde8b502d5fa287e97483bb1e01bd6b51230bc83ed0cd6148c7e71,False
control,r3,coincollector,224219,324219,0.2222222222222222,0,1,2,1,0.2658367156982422,0.47779083251953125,84d2e9d0addf1e6e8dac6d8a73dd5a722a0ab588fd52823e127ad81c00c245b2,False
control,r3,coincollector,224220,324220,0.0,0,1,0,5,0.26190280914306635,0.3540515899658203,d0892a81e6d78abf6953d6876819067500aecb36aab07ff34a56a0b54588513d,False
control,r3,classic,224301,324301,0.2222222222222222,0,0,2,0,0.29758214950561457,1.3277530670166016,0096a36addcb1e0c2da42777e46d0bed6b1d3526b3aa1f2f653db706148c32c8,True
control,r3,classic,224302,324302,0.0,0,0,0,0,0.15119314193725583,0.8020401000976562,dca5af7a8ac2249fa39f9254dab96752800d66923583b8f277e0cb1bfa38d6d1,True
control,r3,classic,224303,324303,0.1111111111111111,0,0,1,0,0.5468726158142082,1.6698837280273438,63c7c723bb5635a8de7edd4527febaf50ac8ea4fdef0bdb82d44230edc225526,True
control,r3,classic,224324,324324,0.0,0,0,0,0,0.22212266921997056,0.9210109710693359,d79cdb62129299d27d1ac396fca9792738435ef44aab794cac0672d598bb861a,True
control,r3,classic,224305,324305,0.4444444444444444,0,0,4,5,0.26117563247680653,1.6558170318603516,abc6ca3e1a829f49a3660761f7982048d58ce6297d52005e696a33c176839ab1,True
control,r3,classic,224306,324306,0.2222222222222222,0,0,2,0,0.5270004272460936,1.341104507446289,2d6a03e2cfc8a6a81920907f7f14b3aa449813f7e22a5afcb6681a9d8449a398,True
control,r3,classic,224307,324307,0.3333333333333333,0,0,3,2,0.4883646965026855,1.2640953063964844,39ec1c8af018246247c2db46364f7af7c6287b30e5eaf5f252c8188390958232,True
control,r3,classic,224308,324308,0.2222222222222222,0,0,2,3,0.4050374031066884,1.1239051818847656,fbdf5c2181ec4a15c73cd3f8a349b04bee1b23533bc2aee46cb30b8b41618e5e,True
control,r3,classic,224309,324309,0.2222222222222222,0,0,2,2,0.477087497711181,1.1601448059082031,0b8aac8a3075d5a661d8589110998e03869b151bee2587a5a0c83b278c513ff9,True
control,r3,classic,224310,324310,0.0,0,0,0,0,0.4337072372436519,0.9579658508300781,d3298e09b87b38a79040ea50991a578eb18408f2aefdc642b4d984e59c81c6d6,True
control,r3,classic,224311,324311,0.3333333333333333,0,0,3,12,0.3512501716613767,0.8459091186523438,50304b322c35e2ef19101a52be080832befc5cf6c5c368335468f4bdc2bacc85,True
control,r3,classic,224312,324312,0.0,0,0,0,0,0.31388998031616133,0.7429122924804688,698412c5f625a20ba68c2c6e5696a572bf056916037dda1356a37bd1537a61c7,True
control,r3,classic,224313,324313,0.0,0,0,0,1,0.34627914428710926,0.7810592651367188,307d7ad98cb9040a575861d297be2d87168a836b1a018010190698a5bf885fab,True
control,r3,classic,224314,324314,0.4444444444444444,0,0,4,0,0.16843080520629852,0.7069110870361328,719bf272c47e0bbb02737d70c2699f625c5217e8eaaa79d875baabfaa4dd8be9,True
control,r3,classic,224315,324315,0.3333333333333333,0,0,3,3,0.3445744514465327,0.8111000061035156,f6a25a78ce53e3be95f3b9eaced702fa4630033ab17599ad3f2726d17c07d018,True
control,r3,classic,224316,324316,0.3333333333333333,0,0,3,3,0.3730416297912596,1.622915267944336,25c8576999ef7081bfc316abf323bbcc4139c62180640d378d82cd571c7774ba,True
control,r3,classic,224317,324317,0.4444444444444444,0,0,4,1,0.3812670707702636,1.0528564453125,4da1adbae83294c3fde41166c0e4883171eb9e3f8142ad7ac56d735d62f021d2,True
control,r3,classic,224318,324318,0.1111111111111111,0,0,1,2,0.5181074142456052,1.2967586517333984,9fda3f1a88c6b0318772301a63a2f0951b5b950f9aee0472bb46a847090d750c,True
control,r3,classic,224319,324319,0.1111111111111111,0,0,1,1,0.5233526229858385,3.5791397094726562,8efeb713e763305c0ab04dc37e7b1a80dd9bd5afefc295ef9dc215db9d31d130,True
control,r3,classic,224320,324320,0.1111111111111111,0,0,1,0,0.8473753929138168,2.2552013397216797,1672977d73e753f8ab9e9a1ec8f77ba83337bc00ee9b507f64a0b64c3a185ec0,True
control,r3,coin-heaven,224401,324401,1.0,0,0,50,0,0.39441585540771446,0.5128383636474609,8529fb259bdadc554f554290e25ed9f6a3c3a2fddc10a6bc5d73c5e30323a942,True
control,r3,coin-heaven,224402,324402,1.0,0,0,50,0,0.35915374755859336,0.6389617919921875,8407c61071e0109d916f22a96c889b258907f6a1de729d4d1a047393c3e9bc1f,True
control,r3,coin-heaven,224403,324403,1.0,0,0,50,0,0.4702091217041011,0.8487701416015625,ed784568977cb2eb5073dfc54d10c4beb9c89f3091efad58665fdff219ac2dd8,True
control,r3,coin-heaven,224404,324404,1.0,0,0,50,0,0.9911060333251953,2.6428699493408203,b241c90f50ed3da1527ebbf173f2b07d2829e2130ff8abbde9f1c7c3aaa585b3,True
control,r3,coin-heaven,224405,324405,1.0,0,0,50,0,1.352691650390623,7.1468353271484375,dc3ac7ea72cb8467e6c637efb8c0572c51686132b4e73393daa9f5a16a91feb0,True
control,r3,coin-heaven,224406,324406,1.0,0,0,50,0,0.8780002593994143,1.5168190002441406,5acade4be9656c3826c2dd11a08828796b0d2f8dbf166adc727668f9a2c20ef9,True
control,r3,coin-heaven,224407,324407,1.0,0,0,50,0,0.89724063873291,2.9261112213134766,da8241a8dc5c114468d20ef4bd6e7836ebc5673c0ef4b86a3968e2966f09ebbe,True
control,r3,coin-heaven,224408,324408,1.0,0,0,50,0,0.5666613578796387,1.5778541564941406,9cfb42ac42c4cf8a815820ec2a99b8c84f49954bc54df5bb74c27f92bc900c9a,True
control,r3,coin-heaven,224409,324409,1.0,0,0,50,0,0.5491614341735839,3.300905227661133,891cddb783b1c07249601581700d1fadd87edcf0201852b9f0b4bb69b3743d40,True
control,r3,coin-heaven,224410,324410,1.0,0,0,50,0,0.4161834716796875,0.6480216979980469,28557865f6bc5fd7e3a93f4de99c7e06775957527a020eb51513f71f2d19ea8f,True
control,r3,coin-heaven,224411,324411,1.0,0,0,50,0,0.4092693328857421,0.6740093231201172,4e7b73e1060f5b07ece88de854edcc46d6e55cf5b0784100d7d1dfcff378625b,True
control,r3,coin-heaven,224412,324412,1.0,0,0,50,0,0.4042387008666991,0.7338523864746094,0f933a69d0a97ab67462e9a309e588a627d9f37b9fe416b3cf931d7dbf279178,True
control,r3,coin-heaven,224413,324413,1.0,0,0,50,0,0.3087043762207031,0.507354736328125,25ef0d2238373ad3fadbe2bf0e55c5d5c48f2f626251506debd99bcccdaf98bc,True
control,r3,coin-heaven,224414,324414,1.0,0,0,50,0,0.31924247741699213,0.6821155548095703,eb47993aca868a8708483fa09cb18a88ac0807c9aba7497fc3d16178bb9005f2,True
control,r3,coin-heaven,224415,324415,1.0,0,0,50,0,0.4507064819335937,1.5327930450439453,1bfbc11b9845d88d2f83309f33e8d4165b3b651dfb26737237de13906a495220,True
control,r3,coin-heaven,224416,324416,1.0,0,0,50,0,0.6619811058044434,0.9610652923583984,f7d926803ff0b0e49244729778c7e74d7905183c1dd1dd2950bca18e0bd3fa5e,True
control,r3,coin-heaven,224417,324417,1.0,0,0,50,0,1.1286258697509761,2.647876739501953,e0e841f5255d37540f85f0d93e14175d85ff9b05e1f04fb66dd50b15ab84e297,True
control,r3,coin-heaven,224418,324418,1.0,0,0,50,0,0.6527900695800781,1.0690689086914062,3b1771362b3b595dca4d0f68a355c46af26a9f530bf70aa501902aaef3c90b3c,True
control,r3,coin-heaven,224419,324419,1.0,0,0,50,0,0.5869865417480469,1.0581016540527344,e544c00a08d4907221b3a5cc8434e425dbcaa02ddfce0cd3b63c179d7bd16df6,True
control,r3,coin-heaven,224420,324420,1.0,0,0,50,0,0.4594564437866209,0.7181167602539062,7938357f9dc8a162bb4bb756a755de6ea4bc280bdfe59de596cb6e021e387258,True
control,r3,loot-crate,224501,324501,0.52,0,0,26,10,0.6063103675842272,6.156682968139648,4be97a23154b9da1f03a919f4c2d3b0df5a5adb73cff24380e6002048bfca836,True
control,r3,loot-crate,224502,324502,0.12,0,0,6,35,0.4095196723937985,1.0187625885009766,4fb2cd9d680ab6f0e7f6fb90f39630613916e9fa695eb5a69179280e43803b83,True
control,r3,loot-crate,224503,324503,0.66,0,0,33,16,0.6561398506164549,5.714893341064453,08d543f033d6a81affa788a4284731b05ad5b3e2db855f2776a44e5be1623b0f,True
control,r3,loot-crate,224504,324504,0.22,0,0,11,5,0.8494615554809566,5.00798225402832,b2b70b1dcde967f08a1e4ea8ddf770c04a353614204ae1851f270c0b96dea746,True
control,r3,loot-crate,224505,324505,0.22,0,0,11,4,0.8507370948791491,6.42085075378418,59b7c865ccd09e7e456bd02561e260a63cd32e34efa7d2f58333a3cb2488dbfe,True
control,r3,loot-crate,224506,324506,0.28,0,0,14,2,0.7279515266418457,3.108978271484375,732b641ff6f3003e446b09bcf0a5f153fac3145c723f327b8676433ab52f211d,True
control,r3,loot-crate,224507,324507,0.16,0,0,8,3,0.5100250244140625,1.3899803161621094,0b6af8523b687ea6764350f1c033813a36ccaaa17cba034b1238d1750840a578,True
control,r3,loot-crate,224508,324508,0.26,0,0,13,34,0.4441857337951658,0.9086132049560547,74823c6b4947f63efd92533bb30a6bc70dbf629847ab26abc4192f258dd00402,True
control,r3,loot-crate,224509,324509,0.46,0,0,23,20,0.4614949226379391,1.065969467163086,2f5602ca0142803c1544fb073afd546223a0b5bbded2cf31ce095706edb49247,True
control,r3,loot-crate,224510,324510,0.6,0,0,30,12,1.1090874671936033,5.729198455810547,bc550365911bd116b0ee36c3b27087e64f67e340cdb5cb77c07ebd76ca27cf87,True
control,r3,loot-crate,224511,324511,0.2,0,0,10,36,1.0864138603210418,8.704662322998047,2a1259d863b59a2d89ca5cb26a1316736aeb37c6cd9d7b47b03baccf54a5167b,True
control,r3,loot-crate,224512,324512,0.18,0,0,9,1,0.6349682807922363,2.1431446075439453,0e275f514fa17066496263fe67433443534cfa978164fc2865819ee2a96fd2e9,True
control,r3,loot-crate,224513,324513,0.38,0,0,19,6,0.6615877151489251,2.2678375244140625,b4ceb6641a11c1f6f54cfc1cf4eb00a2cc7a71af40b92f2eb3680f7cdbaae3d8,True
control,r3,loot-crate,224514,324514,0.16,0,0,8,2,0.3623843193054197,1.6028881072998047,17b5066224985dd61e07ecaf969aff4de08a1b815f4118abf3eb2135c68fa977,True
control,r3,loot-crate,224515,324515,0.14,0,0,7,46,0.8294820785522456,3.3168792724609375,24c54909f97a478500a6ba4c4167c545ddf1b448a12fa04104fed8b78c50389e,True
control,r3,loot-crate,224516,324516,0.62,0,0,31,9,0.6881356239318845,2.891063690185547,e0731ffd0d6e586ceab677199a702fa0f25b663430e49d2d27ea1ec655230a75,True
control,r3,loot-crate,224517,324517,0.4,0,0,20,7,0.37928819656372054,1.425027847290039,5ca9528a34d8ca3d58be5e151e0895724c73061bbd61a197b3e535d28b686ce5,True
control,r3,loot-crate,224518,324518,0.1,0,0,5,37,0.8232712745666502,3.777027130126953,3d97d567843c56909c959bba66c6db3d3a6f5a31ec26667598aeb150aa7625dc,True
control,r3,loot-crate,224519,324519,0.18,0,0,9,0,0.9911179542541502,2.7990341186523438,4e483d5b4541318200dfe2667717bd60262de696fe00ffef8660f8beef5941f9,True
control,r3,loot-crate,224520,324520,0.42,0,0,21,10,0.5172729492187499,1.8260478973388672,a123c43e9885b6fa3942ca0eb56bbb68714da91442e208b092d7c441f9ea7bb5,True
control,r4,peaceful,224101,324101,0.1111111111111111,0,0,1,0,0.3710031509399412,2.2592544555664062,9e6a627faceae67f4d9944bba4854bc4a0438a1d7f0168fbe1da92c9950234a0,True
control,r4,peaceful,224102,324102,0.1111111111111111,0,0,1,2,0.7774114608764645,8.146286010742188,8a488eaa603e584946b7d8039c07b2300856a3d9c88ce2d6261255f4a574bd3a,True
control,r4,peaceful,224103,324103,0.0,0,0,0,2,0.7553458213806143,1.2385845184326172,efbb3000cd5b11e0160ed02a2f8f388682115fd4bacce36f73e32f4d6e0fe3db,True
control,r4,peaceful,224104,324104,0.4444444444444444,0,0,4,2,0.8334398269653317,3.949880599975586,108968da654b1b4591b0416d4d89cd6275f9373baffa4b775473af59f5555369,True
control,r4,peaceful,224105,324105,0.2222222222222222,0,0,2,12,1.0818839073181135,4.572868347167969,2c2dba04d8dadcf5b95f37db179792644421c42562c53ec4bda71108681458ff,True
control,r4,peaceful,224106,324106,0.0,0,0,0,0,0.7749199867248535,1.4503002166748047,178923f4a1f40cf9b3578c433e0f03892fce0d148bf9554d9c0bd55b454f6ed2,True
control,r4,peaceful,224107,324107,0.0,0,0,0,0,0.23394823074340815,0.5037784576416016,0d54d8d473f7d2f3ba2d2215d5434ebd2cb4c3b61291ee03e02703bc37185419,True
control,r4,peaceful,224108,324108,0.0,0,0,0,0,0.49244165420532193,0.9090900421142578,b39676a9b882e62ac75cc325f11c139224b695ce5e22c8fd424a0d8573908d2f,True
control,r4,peaceful,224109,324109,0.1111111111111111,0,0,1,0,0.19412040710449213,0.2892017364501953,b475e74285fc914e64bcad71112df420ea4458f2bb291a3ba570d01c4a9d70db,True
control,r4,peaceful,224110,324110,0.2222222222222222,0,0,2,18,0.23412704467773438,0.4119873046875,04c50b82fddad4fb0409388f3f8ef0d4d12eb7e725f1a3429e694fc217630618,True
control,r4,peaceful,224111,324111,0.0,0,0,0,0,0.2714276313781735,0.5381107330322266,b9835b2b4660aa1757d4abc8feede4f3b78d1851361cae73309c25b8bd7ceeab,True
control,r4,peaceful,224112,324112,0.1111111111111111,0,0,1,0,0.18807649612426738,0.5481243133544922,9e6a627faceae67f4d9944bba4854bc4a0438a1d7f0168fbe1da92c9950234a0,True
control,r4,peaceful,224113,324113,0.1111111111111111,0,0,1,4,0.21831989288330042,0.5991458892822266,ff594d3207e0fac878373e787f88ab77dbf552ca2977cd68b6ced5b37e0edde4,True
control,r4,peaceful,224114,324114,0.2222222222222222,0,0,2,1,0.23130178451538083,0.3337860107421875,aa26a8fbfccf2407090b0a066565daa0f83eb852be85bc3ecccbb07ad53ff7d7,True
control,r4,peaceful,224115,324115,0.1111111111111111,0,0,1,46,0.19578933715820307,0.6871223449707031,7eae241047d7bbba11bb12d5240101fea1e77648452d6b5adc20cae3df071bd7,True
control,r4,peaceful,224116,324116,0.1111111111111111,0,0,1,1,0.2410411834716797,0.4699230194091797,7156542e480cd0c1ff9947a1b6293312a63a32ca7f88ccba9feab27bd190dc7c,True
control,r4,peaceful,224117,324117,0.1111111111111111,0,0,1,5,0.27179718017578125,0.5371570587158203,4b36b355ac05ac7317585e7cb3660de00d8e2de41401ea6cae41145e95cd7a88,True
control,r4,peaceful,224118,324118,0.4444444444444444,0,0,4,3,0.37025213241577104,0.7441043853759766,9d75dbcfc74d962333682dd5d5be74382d0935923d66b686d414e27d456b81c6,True
control,r4,peaceful,224119,324119,0.1111111111111111,0,0,1,0,0.2160906791687011,0.5502700805664062,71a9105d321e064fbcec3c8d5281ed99b9db165eeb5119279108cd662a28fbb3,True
control,r4,peaceful,224120,324120,0.2222222222222222,1,0,7,1,0.19990205764770497,0.3368854522705078,337673f1b9f9ae99728b68e7108b1aaa9fb1e1c3c0b7c3d6657b2a3c41b582fe,True
control,r4,coincollector,224201,324201,0.2222222222222222,0,0,2,3,0.4183053970336911,0.5567073822021484,e1a2484af510988d0c639b96dce8461f6ef6cf000cd64d7c0951d6ef89f62e32,False
control,r4,coincollector,224202,324202,0.2222222222222222,0,0,2,6,0.3130912780761718,0.4971027374267578,3c1dc8008742f26d3ac1bf0325f725fcbdaa587dc4cb337b50f999ab22b1e5c4,False
control,r4,coincollector,224203,324203,0.2222222222222222,0,1,2,11,0.3704547882080078,0.5991458892822266,1f9410b83e3985c6fee710bcfb593b034e9aef1e1e5117f4dbf8e4e0935297eb,False
control,r4,coincollector,224224,324224,0.4444444444444444,0,1,4,11,0.553131103515625,0.9400844573974609,0a7b6fc31a7dd2a02b576a36b9ddb985753ee3cceea21394a680ce6312561e7a,False
control,r4,coincollector,224205,324205,0.3333333333333333,0,0,3,6,0.37155151367187494,0.6089210510253906,5ff796c0ff4ea16bc7504b004a2131d66d03a93c95cd82d6c1d56d3e82a58dea,False
control,r4,coincollector,224206,324206,0.0,0,1,0,1,0.24992227554321284,0.3409385681152344,4e7f6cddc5fd38e6770731e1e5980418adca420890218affaafe822b750b0406,True
control,r4,coincollector,224207,324207,0.2222222222222222,0,1,2,2,0.5358219146728516,0.7600784301757812,3abd3f1f1816b0b2f4749e4ef2f92b9ab94bb58b9bddcde7e9c42e1905495c1b,False
control,r4,coincollector,224208,324208,0.0,0,0,0,3,0.6785511970520015,1.4519691467285156,1c4caee96bd95c7b57f461f7756d006fcdf3c1eeaf9600136c365095a35061c3,False
control,r4,coincollector,224209,324209,0.1111111111111111,0,0,1,1,0.33003091812133784,0.6151199340820312,e91573b442a6e9eaba1f2dce7827a0a05125f076c3b6b3e831504a925f2b1ffb,False
control,r4,coincollector,224210,324210,0.2222222222222222,0,0,2,3,0.35840272903442383,0.8640289306640625,7f38d5a74f0fdbc41b57057fefc737ef41c1d5604ff0c22c6dcfe2e43270d9e4,False
control,r4,coincollector,224211,324211,0.1111111111111111,0,0,1,8,0.5225777626037593,1.275777816772461,0e6228290e1b50e95148d27bc4e65cff56307d4614962e7b5fdb4809cc5ba75d,False
control,r4,coincollector,224212,324212,0.0,0,1,0,9,0.8374691009521484,1.2450218200683594,b14a8ee1f5e2bb69517ad693d662c43d83e0e83b6ebdfa45b19535e44595d453,False
control,r4,coincollector,224213,324213,0.1111111111111111,0,1,1,1,0.6769895553588867,1.425027847290039,08496c4fc79f55544c6bd98755a11e22227b14b86a8afb7bd0a6b8bd9a1fe2bf,False
control,r4,coincollector,224214,324214,0.2222222222222222,0,1,2,1,0.7280111312866211,1.0159015655517578,dedc44825a4eed74588721072a80f730459d5a4f5ef8fb42a80e756268e21adc,False
control,r4,coincollector,224215,324215,0.0,0,0,0,6,1.242434978485107,8.124113082885742,453bdfda4c7d7f7b2221a721cb7cff727197c4767fbbc1e32e90e6790f24daa6,False
control,r4,coincollector,224216,324216,0.2222222222222222,0,1,2,5,0.5576968193054199,0.7250308990478516,8820acccf8384984f9bf5b05e7cc5b9d78017ad71dafdfb4e1b14e622d8da627,False
control,r4,coincollector,224217,324217,0.1111111111111111,0,0,1,2,1.0897278785705566,1.6789436340332031,2cc51e0e490c01ff7f9051d7e511461970625249edd87905f3295cd5a09a89a9,False
control,r4,coincollector,224218,324218,0.2222222222222222,0,1,2,11,0.984525680541992,1.661062240600586,fa5c88d32acbf946f12c23b0355e67b91a67dc36c6f471e527cbdd1bd661a4e9,False
control,r4,coincollector,224219,324219,0.0,0,1,0,4,0.5600452423095703,0.9150505065917969,cbc1ea82625a5acf0b350f06cd836dc69dfc2da1fa00f7797441e94df1c46640,True
control,r4,coincollector,224220,324220,0.0,0,0,0,0,0.38018226623535145,0.7169246673583984,181ea3215aff33a2a1167ee6fe60d6fd50879995766a1c638c23d73b8bc208b6,False
control,r4,classic,224301,324301,0.0,0,0,0,43,0.9166240692138655,2.576112747192383,1a2a6427d609badaf19d0671b503c06416eff5d304758288ac43903644ffc4f5,True
control,r4,classic,224302,324302,0.0,0,0,0,0,0.6492733955383299,2.019166946411133,266aae6996a9e9587345d49ac5b55e909c55ab2c4190d38dbd8e0079685c6967,True
control,r4,classic,224303,324303,0.1111111111111111,0,0,1,2,0.6642222404479976,3.4830570220947266,a34ebc1bcd2035195799100602846e5420cfa59ed4f27ade45a33386a789099f,True
control,r4,classic,224324,324324,0.0,0,0,0,0,0.41714906692504866,0.6747245788574219,9723f8d671ad03336fc566b52ff1477f6d7d48ca80f600e1e418c8ae8ccd46af,True
control,r4,classic,224305,324305,0.1111111111111111,0,0,1,1,0.3302216529846189,1.9309520721435547,cfad3084c765f4ff21e45a13318f1bfbcf31f53482b72c8c38aedd4910080bcf,True
control,r4,classic,224306,324306,0.3333333333333333,0,0,3,3,0.5410671234130849,2.3851394653320312,2b29652e8443ea254c8e5b7ee771b82039ff4b02070dcd5b60c3ddeec088ec37,True
control,r4,classic,224307,324307,0.0,0,0,0,0,0.3666043281555168,1.7979145050048828,3d653539af1ba67e56b69444ddc5dc7ff14f2611bc0a0aa943355d3a2834204b,True
control,r4,classic,224308,324308,0.0,0,0,0,0,0.428330898284912,1.3439655303955078,f47b133e9697aff3ca4d544f99b20863b1d82e6eec97ab71dd5ca7a608d429fb,True
control,r4,classic,224309,324309,0.2222222222222222,0,0,2,5,0.5391597747802733,2.1162033081054688,4a1b0ce90db418d9da44a2a4b4c395d9e6d2a9c530dbdf7d3f4492abd29713fa,True
control,r4,classic,224310,324310,0.0,0,0,0,0,0.3868818283081053,2.2280216217041016,e7a8a926e586e58356bfc2c300e18e5152d93b5e2e8b0a6f9746fa0b5380533b,True
control,r4,classic,224311,324311,0.0,0,0,0,0,0.7361292839050292,3.6401748657226562,1cb80f7cc7f3d99d5b75dd5ee5fbddf7863c6fb71b3f4bee3396970183f4c11a,True
control,r4,classic,224312,324312,0.0,0,0,0,0,0.7546901702880852,4.725933074951172,266aae6996a9e9587345d49ac5b55e909c55ab2c4190d38dbd8e0079685c6967,True
control,r4,classic,224313,324313,0.0,0,0,0,1,0.502657890319822,0.9598731994628906,223ae1a665646cf8cb1d72cc4374e323e6900a8f1ffdfc613fc9b9301536727c,True
control,r4,classic,224314,324314,0.2222222222222222,0,0,2,2,0.4136204719543453,1.7540454864501953,e7b3d67da6400d927a493983746acc7a4b2c7f55d8c32efa5c8042beda58b7d6,True
control,r4,classic,224315,324315,0.2222222222222222,0,0,2,69,0.46333074569702143,1.1141300201416016,ad5c783aac3fff69bc1a8fbe51e30a6e0281be9aea63e017aa77861f3975c36e,True
control,r4,classic,224316,324316,0.1111111111111111,0,0,1,0,1.0909438133239737,7.233142852783203,677ace138d454a2660b8c2823527700c0eb69eccefe5df77ea18dae82a92a497,True
control,r4,classic,224317,324317,0.2222222222222222,0,0,2,42,0.7966637611389146,7.09080696105957,669a1caf8c4043f121faa58dc3f35d57ad1a0759ecd806db75c04d67a3103f70,True
control,r4,classic,224318,324318,0.2222222222222222,0,0,2,1,0.6894826889038081,3.3233165740966797,3a051fa0a6d1b7dee7dfd5dd00ea97df708feae92e4a02154206e1fe6624d756,True
control,r4,classic,224319,324319,0.2222222222222222,0,0,2,1,0.7148981094360344,4.770994186401367,9a1a8982883ce5f090b59eb7feeee6b5cf3d375aa2ef6d3bf8994024e615af56,True
control,r4,classic,224320,324320,0.4444444444444444,0,0,4,4,0.7237672805786127,5.158901214599609,d148ab30c35e9e67f72fb4325690f96b3b500251fb26f8f6b029ea5e4d4f1caa,True
control,r4,coin-heaven,224401,324401,1.0,0,0,50,0,0.39277076721191384,0.8790493011474609,8529fb259bdadc554f554290e25ed9f6a3c3a2fddc10a6bc5d73c5e30323a942,True
control,r4,coin-heaven,224402,324402,1.0,0,0,50,0,0.4712104797363281,1.1899471282958984,8407c61071e0109d916f22a96c889b258907f6a1de729d4d1a047393c3e9bc1f,True
control,r4,coin-heaven,224403,324403,1.0,0,0,50,0,0.5301952362060544,0.6649494171142578,ed784568977cb2eb5073dfc54d10c4beb9c89f3091efad58665fdff219ac2dd8,True
control,r4,coin-heaven,224404,324404,1.0,0,0,50,0,0.6835460662841797,2.4399757385253906,b241c90f50ed3da1527ebbf173f2b07d2829e2130ff8abbde9f1c7c3aaa585b3,True
control,r4,coin-heaven,224405,324405,1.0,0,0,50,0,0.25784969329833973,0.41103363037109375,dc3ac7ea72cb8467e6c637efb8c0572c51686132b4e73393daa9f5a16a91feb0,True
control,r4,coin-heaven,224406,324406,1.0,0,0,50,0,0.30725002288818365,0.4401206970214844,5acade4be9656c3826c2dd11a08828796b0d2f8dbf166adc727668f9a2c20ef9,True
control,r4,coin-heaven,224407,324407,1.0,0,0,50,0,0.18186569213867182,0.26106834411621094,da8241a8dc5c114468d20ef4bd6e7836ebc5673c0ef4b86a3968e2966f09ebbe,True
control,r4,coin-heaven,224408,324408,1.0,0,0,50,0,0.331282615661621,0.6949901580810547,9cfb42ac42c4cf8a815820ec2a99b8c84f49954bc54df5bb74c27f92bc900c9a,True
control,r4,coin-heaven,224409,324409,1.0,0,0,50,0,0.3609180450439453,0.47516822814941406,891cddb783b1c07249601581700d1fadd87edcf0201852b9f0b4bb69b3743d40,True
control,r4,coin-heaven,224410,324410,1.0,0,0,50,0,0.2575397491455078,0.4239082336425781,28557865f6bc5fd7e3a93f4de99c7e06775957527a020eb51513f71f2d19ea8f,True
control,r4,coin-heaven,224411,324411,1.0,0,0,50,0,0.20761489868164054,0.3027915954589844,4e7b73e1060f5b07ece88de854edcc46d6e55cf5b0784100d7d1dfcff378625b,True
control,r4,coin-heaven,224412,324412,1.0,0,0,50,0,0.21228790283203125,0.7936954498291016,0f933a69d0a97ab67462e9a309e588a627d9f37b9fe416b3cf931d7dbf279178,True
control,r4,coin-heaven,224413,324413,1.0,0,0,50,0,0.30479431152343744,0.7429122924804688,25ef0d2238373ad3fadbe2bf0e55c5d5c48f2f626251506debd99bcccdaf98bc,True
control,r4,coin-heaven,224414,324414,1.0,0,0,50,0,0.3944396972656248,0.7250308990478516,eb47993aca868a8708483fa09cb18a88ac0807c9aba7497fc3d16178bb9005f2,True
control,r4,coin-heaven,224415,324415,1.0,0,0,50,0,0.2965450286865233,2.0589828491210938,1bfbc11b9845d88d2f83309f33e8d4165b3b651dfb26737237de13906a495220,True
control,r4,coin-heaven,224416,324416,1.0,0,0,50,0,0.24756193161010734,0.41174888610839844,f7d926803ff0b0e49244729778c7e74d7905183c1dd1dd2950bca18e0bd3fa5e,True
control,r4,coin-heaven,224417,324417,1.0,0,0,50,0,0.644302368164062,1.3010501861572266,e0e841f5255d37540f85f0d93e14175d85ff9b05e1f04fb66dd50b15ab84e297,True
control,r4,coin-heaven,224418,324418,1.0,0,0,50,0,0.28531551361083984,0.5300045013427734,3b1771362b3b595dca4d0f68a355c46af26a9f530bf70aa501902aaef3c90b3c,True
control,r4,coin-heaven,224419,324419,1.0,0,0,50,0,0.2664327621459961,0.5350112915039062,145aac212d5dc124287cafcf38faa4c4f23d080b2be0924f25b3247595f4cc30,True
control,r4,coin-heaven,224420,324420,1.0,0,0,50,0,0.3596901893615723,1.0309219360351562,2d7e7f002ea21d91a8282056bb18b9520dd5da0b18ba176f5df71f491a97d24c,True
control,r4,loot-crate,224501,324501,0.44,0,0,22,8,0.4369854927062978,1.482248306274414,5ad953be432f8dfad6feaac853cb23b5f323c032c8358ec8c0911d4e7d15cc3d,True
control,r4,loot-crate,224502,324502,0.48,0,0,24,5,0.40613412857055653,3.131866455078125,c03f4053cc1d1b801ecfcd2d6ee569af36bac7c8b78171c6ecc78eeb83c2fa8c,True
control,r4,loot-crate,224503,324503,0.06,0,0,3,4,0.15405416488647458,0.5040168762207031,5932fa187eb5311b6c67865090af73aad56ef3f894752d586aab14b87e8be980,True
control,r4,loot-crate,224504,324504,0.4,0,0,20,4,0.23741722106933577,0.392913818359375,eff787d361e1a624b5a1c7a4821d620357ce67279e9b2dbf57cfa139e3aa793c,True
control,r4,loot-crate,224505,324505,0.62,0,0,31,4,0.186920166015625,1.3608932495117188,39f762d005ea9324f573fb3cb48b9233fdffa95b1560ab4cded1f5ca4ea883d5,True
control,r4,loot-crate,224506,324506,0.04,0,0,2,2,0.17911195755004877,0.2841949462890625,bb647e77502b338a6b3f84353f5764f4f13be02bd6dd266917b0520f4a35224c,True
control,r4,loot-crate,224507,324507,0.22,0,0,11,5,0.15739202499389646,0.3819465637207031,848e66214cbe6c3e8edf8646b8eb2afba4b002652f7180b3b9238867da5e8e4b,True
control,r4,loot-crate,224508,324508,0.1,0,0,5,3,0.16881227493286133,0.26702880859375,9ea22db78f1cb555df73e7855adf88cda5d9d382e4c8b5c800971e8d7b0816d8,True
control,r4,loot-crate,224509,324509,0.3,0,0,15,35,0.24199485778808594,0.3662109375,3f389fa614907f06ed2f1fdce1c338a391e4b09714837492c13f837c6ca68249,True
control,r4,loot-crate,224510,324510,0.62,0,0,31,36,0.2990722656249999,0.6222724914550781,fd7c41d60851d7a27b40995d190afc01aad15680dd07825cb8cda18c004db728,True
control,r4,loot-crate,224511,324511,0.1,0,0,5,1,0.2189278602600097,0.36787986755371094,43656e24d1afc3df4417049421e4aa0b313d8a76dca578fd4dba2a7fff46b076,True
control,r4,loot-crate,224512,324512,0.34,0,0,17,11,0.21328926086425767,1.001119613647461,79c963cc6f9b068c425758bbc70c93204c882f9af18ab2d83e56f4b7933d79df,True
control,r4,loot-crate,224513,324513,0.06,0,0,3,0,0.1350045204162597,0.3821849822998047,a12bb4ade06a247e00e4265c98a747a697135aa1f29d8bee2dc9c66a0986c455,True
control,r4,loot-crate,224514,324514,0.24,0,0,12,17,0.1801490783691405,0.2949237823486328,0799da23dbafc3887195a7a7b263ab555a1788ea8a03a3d9e7f1bb5ecbf94637,True
control,r4,loot-crate,224515,324515,0.12,0,0,6,3,0.163125991821289,0.26226043701171875,2906eebebd0fc5f72546672579c37ee40a7e95043a0b7a0ba4785f865a8a08d1,True
control,r4,loot-crate,224516,324516,0.16,0,0,8,41,0.16380548477172852,0.5850791931152344,fc2dc6af3c8e11292c240f1c140aa77c3fd054c5877f418753f6c22ef330a99e,True
control,r4,loot-crate,224517,324517,0.06,0,1,3,2,0.3139972686767578,0.3178119659423828,b75dd24ff1e7380ce7b7c00c72a3e7616929b0e63ec1d9d0bc910572a63afcaf,True
control,r4,loot-crate,224518,324518,0.26,0,0,13,9,0.17546415328979473,0.431060791015625,261e7e565c22e3a12d22e5a5e818390cd5b60b8e00f2b72b9f8c20c7be650548,True
control,r4,loot-crate,224519,324519,0.16,0,1,8,1,0.18066167831420898,0.2541542053222656,3d8646ec8a52b4cf1ab226af8ca3c3bae600a028bdd6ccd641a193e1eeca0f9b,True
control,r4,loot-crate,224520,324520,0.42,0,0,21,41,0.4145264625549313,1.9519329071044922,7cea9ec71c7399d3c42b222b79b6d5eb3cf42cf7e05f8632030a54d4e677f883,True
control,r5,peaceful,224101,324101,0.1111111111111111,0,0,1,0,0.21245479583740232,0.6558895111083984,6971ab26ae35b2d709772d787099501385710944dba1d6f450b0cf0cf1218ea9,True
control,r5,peaceful,224102,324102,0.2222222222222222,0,0,2,35,0.31737089157104487,0.5128383636474609,31b20634b621017c6cfe5fc889dd446e08a9e692b1f509031aa31ff7d3a837fd,True
control,r5,peaceful,224103,324103,0.5555555555555556,1,0,10,8,0.27904510498046864,0.4222393035888672,42ea96a7c95817335e613554ece1c0ab78a99155dda113130a4891b03eef7626,False
control,r5,peaceful,224104,324104,0.7777777777777778,1,0,12,6,0.31460523605346646,0.7340908050537109,b3688b0d0df96a1266d9a30a6e5f107ee9df2c4a6d4e566828c689e0fef7f25c,True
control,r5,peaceful,224105,324105,0.1111111111111111,0,0,1,2,0.31213760375976474,1.344919204711914,db03cbac2fc58931560af7af37a4fe4cececdb07594c3a9811088cddc39c1435,True
control,r5,peaceful,224106,324106,0.0,0,0,0,0,0.19097328186035156,1.1587142944335938,7866e3116ae5f85c9ffdda018c9747b14f4483873831f84f9f8370fbb082152b,True
control,r5,peaceful,224107,324107,0.0,0,0,0,0,0.17509460449218742,0.3299713134765625,20f1e2b4f349fe0d0faf2e2b3b8f8dfb72de924c12b0b16e9796681f3fa7038c,True
control,r5,peaceful,224108,324108,0.0,0,0,0,0,0.2858757972717285,0.9291172027587891,a60bab6dfce98a5bd7e2fe62f25b1a868f59c1d9dacdaf793adf69c7ef28befd,True
control,r5,peaceful,224109,324109,0.3333333333333333,0,0,3,18,0.27731657028198237,0.3440380096435547,ee036201251952f2ef0b374207a73546102990fb974616d284689324fd280234,True
control,r5,peaceful,224110,324110,0.3333333333333333,0,0,3,63,0.27818679809570296,0.6959438323974609,c5ac739d7d283ab97a366c53b9962e899c00faaf0c45fac5a88af781081deaaf,False
control,r5,peaceful,224111,324111,0.0,0,0,0,0,0.2270102500915527,0.2970695495605469,e721930cb5e65ff766aaca92fe0c11f7fb14aba2bd96c3e9c796663faeacbe5a,True
control,r5,peaceful,224112,324112,0.1111111111111111,0,0,1,0,0.4653930664062498,0.9610652923583984,d9b430973cb34f7500c0a66ed524481fe3b96a2b8ee61bc95e9b3e146f9de952,True
control,r5,peaceful,224113,324113,0.0,0,0,0,142,0.36350488662719693,0.8020401000976562,5d0e9cd92b0879b0ddc2c089b64eea4895846cebc66a86d089bea38967b82f4f,True
control,r5,peaceful,224114,324114,0.2222222222222222,0,0,2,1,0.44937133789062483,1.9724369049072266,1d45aa2862e0ae38303f66b5660f665f22a2476f2e8ddf5dd518b9e288f5526a,True
control,r5,peaceful,224115,324115,0.0,0,0,0,0,0.28446912765502885,0.5271434783935547,ce351f2867da62345bdd5aa6de5130bdad26bd97527d995d4a08916f01336c76,True
control,r5,peaceful,224116,324116,0.2222222222222222,0,0,2,2,0.7888317108154289,2.329111099243164,924f637465b1037d94d41399e3a106bc48cbe70f3adc2911a29915ca843df15e,True
control,r5,peaceful,224117,324117,0.0,0,0,0,0,0.5042076110839842,2.131938934326172,c2a73f09c4a90b6ee540b4636811cf31a04f0845b49de6b4aeea318b5d403910,True
control,r5,peaceful,224118,324118,0.0,0,0,0,0,0.32602548599243153,1.0800361633300781,c2a73f09c4a90b6ee540b4636811cf31a04f0845b49de6b4aeea318b5d403910,True
control,r5,peaceful,224119,324119,0.1111111111111111,0,0,1,0,0.7516026496887201,3.582000732421875,59100c4d3d937f284ba545f7265ec87a7aa66615c0d20f9bba46b3050e81ca39,True
control,r5,peaceful,224120,324120,0.4444444444444444,0,0,4,9,0.7163166999816891,1.3980865478515625,d29fa422dd5b1aa0a526ccf95a7464db62a6d3fbd93ec13ab2f677cd941ad1b2,False
control,r5,coincollector,224201,324201,0.2222222222222222,0,1,2,9,1.3709068298339844,6.665945053100586,cdd5fe2fe94a05a51d150ed6092d74f40a178a4a7accb309c21f304e9b64c09a,False
control,r5,coincollector,224202,324202,0.0,0,1,0,1,1.006937026977539,1.6970634460449219,4323398a6c7e4420b43355b6a93ac4dabb6de3146993b20397a8f2242d875dc9,False
control,r5,coincollector,224203,324203,0.0,0,1,0,13,1.444196701049804,10.255098342895508,328a4c0e3887faba259feea22ada03960dc0c630bd1c11e224b6610cd60ee8e7,False
control,r5,coincollector,224224,324224,0.3333333333333333,0,0,3,12,1.2504220008850093,2.1779537200927734,4a7b9db4b25af7685bff0dc805c4225477fd6ea5a93dce05b7c45b8a8efe9d08,False
control,r5,coincollector,224205,324205,0.4444444444444444,0,0,4,11,0.9602189064025878,2.1109580993652344,7b158964f6f92ad81a1bf18ed1ecdf27ba1cdf0e70ed7e13f6560ddcd82ab777,False
control,r5,coincollector,224206,324206,0.0,0,1,0,1,0.5242228507995604,0.8130073547363281,dec57b1498441f8243ea6299c7b979eb8c14cdf62bd9e0b7f242d12cf634b66c,False
control,r5,coincollector,224207,324207,0.2222222222222222,0,1,2,1,1.0404586791992188,1.9252300262451172,c8701d4cb2246f4ce24b8568c5d08252343db43e2caff1950bbc34c8aa55a495,False
control,r5,coincollector,224208,324208,0.0,0,1,0,5,0.9939670562744141,2.9969215393066406,64263d36e5033d73c62c08a61dfccb05ffbac25a8c523e8d75fffc3649bea443,False
control,r5,coincollector,224209,324209,0.4444444444444444,0,0,4,8,1.1459350585937482,4.853010177612305,8c5ebb66546ddf8db53bd81b5b42c69ca27ced1c3860821099875c38c568be66,False
control,r5,coincollector,224210,324210,0.3333333333333333,0,0,3,1,0.7059931755065914,1.5518665313720703,9b0bee8223053075f4961d87c8a768207dc752c0cb9eec6f590d298995a984d1,False
control,r5,coincollector,224211,324211,0.1111111111111111,0,0,1,12,1.3095259666442867,8.584976196289062,b104b481176623538f94e1f15f51387f32c37221b50adb33815a74e6bbcfd5e5,False
control,r5,coincollector,224212,324212,0.2222222222222222,0,0,2,15,1.654648780822754,3.2510757446289062,1d4b37227908fc882c6bfc749b7d6ad5dc6b43c48c86ec3e7468b19b06053c04,False
control,r5,coincollector,224213,324213,0.1111111111111111,0,0,1,21,0.9084939956665034,6.189823150634766,2a69d28d419f4a6f2152cda4b1563e984583be22284daae1c10bd182f2f14d42,False
control,r5,coincollector,224214,324214,0.0,0,1,0,0,0.5791425704956052,2.0890235900878906,62b95d5463d4c2647d51d2179334482b318190d6a43f458bdc49a745c70ad7d7,True
control,r5,coincollector,224215,324215,0.2222222222222222,0,0,2,10,1.7144441604614253,8.693933486938477,e28c7f47255d1d7c7511289843e190b76fd6fe92de564f9d24ef1cc07ba5a9b8,False
control,r5,coincollector,224216,324216,0.1111111111111111,0,1,1,1,1.0121822357177725,2.0558834075927734,f7950ec6d62ec780bf77b2bf39ff90b772a65d69dc10bfb87e9ccec11b6e5827,False
control,r5,coincollector,224217,324217,0.1111111111111111,0,0,1,1,1.4961242675781228,4.033088684082031,490163459187b649dfbc4c6b4b9de41c3c893173f7d72e24a977279aaf6bbb8f,False
control,r5,coincollector,224218,324218,0.2222222222222222,0,0,2,3,0.839424133300781,4.225015640258789,0aa1cbfa91820fe45f1f416c40ef78594aedc1b01271b1649eb30de75ffc725b,True
control,r5,coincollector,224219,324219,0.1111111111111111,0,0,1,2,0.5583047866821288,1.0874271392822266,599dda75e4ab6b83d1ba3d48a709616cf9b4f671c2df065e0fc3ea3e543e1b2b,True
control,r5,coincollector,224220,324220,0.1111111111111111,0,0,1,1,0.9306550025939927,3.122091293334961,718d7e053b0b9804435643c27175634c4e84294414bbdd49a502f40edd72e5bc,False
control,r5,classic,224301,324301,0.0,0,1,0,0,0.6932020187377926,0.7910728454589844,798dca28cdd5b0f5f3937a34f514632001c1707c2f3346c17f26a503044d7129,True
control,r5,classic,224302,324302,0.2222222222222222,0,0,2,1,0.2595543861389157,0.5168914794921875,3899154a57ac5e65efaf6ca7cfc5c133c1e94f764eb853ea6eda096f3e0da5c4,True
control,r5,classic,224303,324303,0.0,0,0,0,0,0.5729198455810538,1.2030601501464844,ae8be99dfacc978c628dd41477bb1045c28fca8b82eaba47eb9455b42081e850,True
control,r5,classic,224324,324324,0.0,0,0,0,0,0.5874991416931148,2.1200180053710938,155f1d013c26c7ee635cb686ebf238af3b8e1443ea5f85146bfe89622326c38a,True
control,r5,classic,224305,324305,0.1111111111111111,0,0,1,1,0.5119442939758301,1.7590522766113281,eba6b0eabbeba8a0bd8fb9e222fb3b04dccdcf351e580415e60d5e78d7442685,True
control,r5,classic,224306,324306,0.5555555555555556,0,0,5,3,0.6567120552062983,2.704143524169922,20383519d603df9c510e75965faa4c59c759e2bae3349043d50cb76f2d08c58e,True
control,r5,classic,224307,324307,0.0,0,0,0,2,0.2973914146423335,0.926971435546875,68f3cdf348bef231bff936877841acaa18eb8414885173632112aac0a1147a34,True
control,r5,classic,224308,324308,0.0,0,0,0,0,0.431418418884277,2.446889877319336,f47b133e9697aff3ca4d544f99b20863b1d82e6eec97ab71dd5ca7a608d429fb,True
control,r5,classic,224309,324309,0.3333333333333333,0,0,3,2,0.19798278808593742,0.6771087646484375,51a7b65eee56a335eb9879677889c0c7862a3a27bd5997e2a0e862760f4acdab,True
control,r5,classic,224310,324310,0.0,0,0,0,0,0.41568279266357366,1.0218620300292969,61dffdfb87e60929a0eba90eb20c46c5730c3c8bf75e31470b06882e858baa33,True
control,r5,classic,224311,324311,0.0,0,0,0,0,0.1669883728027343,0.43392181396484375,963bfa91faddba7b86ec8d5efee70f94bcae0ccaeb57ca2656f2e921893e0613,True
control,r5,classic,224312,324312,0.3333333333333333,0,0,3,2,0.1759648323059082,0.45490264892578125,b7c449cda2ff118fd8e246eda17c720fa84ca31f2360581aae34283af1542677,True
control,r5,classic,224313,324313,0.0,0,0,0,3,0.1640677452087402,0.41222572326660156,c57383344458aa50824a1f1de61b883aa2b80024e1fd6f3917342cacd27ec3a8,True
control,r5,classic,224314,324314,0.0,0,0,0,0,0.14810562133789057,0.5898475646972656,833658c872169b2cdd7e2076232a6c8cfffb828e53f4ef35b008da1a2badbdf8,True
control,r5,classic,224315,324315,0.2222222222222222,0,0,2,1,0.1239776611328125,0.2899169921875,9a797a921b6f2a4aa76b678dd08ad3a82a68764120d70b4887c2d857dd9c8c79,True
control,r5,classic,224316,324316,0.1111111111111111,0,0,1,0,0.1639127731323241,0.4451274871826172,d7978a066f86f50f2bedd3192cc5050560954f982beb242d01e9bf9416ef1a30,True
control,r5,classic,224317,324317,0.2222222222222222,0,0,2,0,0.13446807861328103,0.331878662109375,b31c0019ead2bdc946c9b8b0060f197312f8714a98ecf27519b143e4c1d845d0,True
control,r5,classic,224318,324318,0.4444444444444444,0,0,4,2,0.13594627380371088,0.6160736083984375,075dd1fb49b9222a2b84f6df49a212945f564f7b0a7c46aa90e11efa722910b9,True
control,r5,classic,224319,324319,0.0,0,0,0,0,0.1437664031982422,0.41103363037109375,61dffdfb87e60929a0eba90eb20c46c5730c3c8bf75e31470b06882e858baa33,True
control,r5,classic,224320,324320,0.3333333333333333,0,0,3,3,0.14528036117553703,0.2689361572265625,b1cfc7f706a41ddba38280f007cffb7cac6d38201c075da46f633dc111c3a3d9,True
control,r5,coin-heaven,224401,324401,1.0,0,0,50,0,0.1837849617004392,0.3771781921386719,8529fb259bdadc554f554290e25ed9f6a3c3a2fddc10a6bc5d73c5e30323a942,True
control,r5,coin-heaven,224402,324402,1.0,0,0,50,0,0.14939308166503903,0.2951622009277344,8407c61071e0109d916f22a96c889b258907f6a1de729d4d1a047393c3e9bc1f,True
control,r5,coin-heaven,224403,324403,1.0,0,0,50,0,0.11057853698730459,0.2808570861816406,ed784568977cb2eb5073dfc54d10c4beb9c89f3091efad58665fdff219ac2dd8,True
control,r5,coin-heaven,224404,324404,1.0,0,0,50,0,0.2065896987915039,0.26488304138183594,b241c90f50ed3da1527ebbf173f2b07d2829e2130ff8abbde9f1c7c3aaa585b3,True
control,r5,coin-heaven,224405,324405,1.0,0,0,50,0,0.11141300201416013,0.21076202392578125,dc3ac7ea72cb8467e6c637efb8c0572c51686132b4e73393daa9f5a16a91feb0,True
control,r5,coin-heaven,224406,324406,1.0,0,0,50,0,0.25115013122558594,0.4432201385498047,5acade4be9656c3826c2dd11a08828796b0d2f8dbf166adc727668f9a2c20ef9,True
control,r5,coin-heaven,224407,324407,1.0,0,0,50,0,0.10766983032226558,0.2162456512451172,da8241a8dc5c114468d20ef4bd6e7836ebc5673c0ef4b86a3968e2966f09ebbe,True
control,r5,coin-heaven,224408,324408,1.0,0,0,50,0,0.21092891693115223,0.34880638122558594,9cfb42ac42c4cf8a815820ec2a99b8c84f49954bc54df5bb74c27f92bc900c9a,True
control,r5,coin-heaven,224409,324409,1.0,0,0,50,0,0.1639723777770996,0.3871917724609375,891cddb783b1c07249601581700d1fadd87edcf0201852b9f0b4bb69b3743d40,True
control,r5,coin-heaven,224410,324410,1.0,0,0,50,0,0.19259452819824216,0.3330707550048828,28557865f6bc5fd7e3a93f4de99c7e06775957527a020eb51513f71f2d19ea8f,True
control,r5,coin-heaven,224411,324411,1.0,0,0,50,0,0.16181468963623027,0.308990478515625,4e7b73e1060f5b07ece88de854edcc46d6e55cf5b0784100d7d1dfcff378625b,True
control,r5,coin-heaven,224412,324412,1.0,0,0,50,0,0.15810728073120106,0.21386146545410156,0f933a69d0a97ab67462e9a309e588a627d9f37b9fe416b3cf931d7dbf279178,True
control,r5,coin-heaven,224413,324413,1.0,0,0,50,0,0.11262893676757811,0.19407272338867188,25ef0d2238373ad3fadbe2bf0e55c5d5c48f2f626251506debd99bcccdaf98bc,True
control,r5,coin-heaven,224414,324414,1.0,0,0,50,0,0.28896331787109375,0.4940032958984375,eb47993aca868a8708483fa09cb18a88ac0807c9aba7497fc3d16178bb9005f2,True
control,r5,coin-heaven,224415,324415,1.0,0,0,50,0,0.178718566894531,0.2989768981933594,1bfbc11b9845d88d2f83309f33e8d4165b3b651dfb26737237de13906a495220,True
control,r5,coin-heaven,224416,324416,1.0,0,0,50,0,0.18866062164306632,0.24390220642089844,f7d926803ff0b0e49244729778c7e74d7905183c1dd1dd2950bca18e0bd3fa5e,True
control,r5,coin-heaven,224417,324417,1.0,0,0,50,0,0.14133453369140625,0.23412704467773438,e0e841f5255d37540f85f0d93e14175d85ff9b05e1f04fb66dd50b15ab84e297,True
control,r5,coin-heaven,224418,324418,1.0,0,0,50,0,0.2342462539672851,0.2779960632324219,3b1771362b3b595dca4d0f68a355c46af26a9f530bf70aa501902aaef3c90b3c,True
control,r5,coin-heaven,224419,324419,1.0,0,0,50,0,0.18770694732665996,0.2560615539550781,d817b8b94864d719ce35101dca6b01deeb5b024bd1bd2f289f15a14f025ee0c4,True
control,r5,coin-heaven,224420,324420,1.0,0,0,50,0,0.23758411407470711,0.3020763397216797,2d7e7f002ea21d91a8282056bb18b9520dd5da0b18ba176f5df71f491a97d24c,True
control,r5,loot-crate,224501,324501,0.04,0,0,2,0,0.1764774322509763,0.4119873046875,0874fc02f69824f05de5a07aaae4a9c4a8d6bb8aebc7c9fe0d4976b18423243d,True
control,r5,loot-crate,224502,324502,0.1,0,0,5,4,0.17604827880859367,0.6420612335205078,ba4b467d78b1e93ef5a4d454f1b26f72bf8c13de5ce7025796870c66a8a37733,True
control,r5,loot-crate,224503,324503,0.1,0,0,5,3,0.4031300544738768,1.055002212524414,a7b437c49413d704f6b314ccaf066aeeaca77d4a9e44abe70c981fad35c7eeba,True
control,r5,loot-crate,224504,324504,0.32,0,0,16,7,0.24000406265258775,0.7517337799072266,6941bdae19dd76875f427780e28c8d1850e5c057a2750c366131a0ec160358fc,True
control,r5,loot-crate,224505,324505,0.4,0,0,20,3,0.22543668746948187,0.63323974609375,8a642e2c7a65da66c2caa50d2b4105bddddaa24867a408977368996e598c0e14,True
control,r5,loot-crate,224506,324506,0.04,0,0,2,3,0.21009445190429682,0.4742145538330078,d4b9cead7801195b3f2b659adbc200be73532b8ecabb68a2e727f5b42963be97,True
control,r5,loot-crate,224507,324507,0.04,0,0,2,0,0.20068883895873965,0.6718635559082031,580700a4b88a1e5c42bff2ecbd3b5a1f0cd97d083030948aeeda324854f3fc45,True
control,r5,loot-crate,224508,324508,0.1,0,1,5,5,0.4177570343017578,0.43702125549316406,97ea91aa9bfb19970455fb49b14cd904db9007d19779027464122a9e2b4bc8aa,True
control,r5,loot-crate,224509,324509,0.08,0,1,4,8,0.2254486083984375,0.37407875061035156,4fb79e49909475a52b43d26ada086ff411db95e14b1873eee782271a9a7c7b67,True
control,r5,loot-crate,224510,324510,0.08,0,1,4,2,0.29025077819824197,0.3619194030761719,66e1464816a19d828b662c353448dfdd8a2347e5adf51989549cadc71827fc4c,True
control,r5,loot-crate,224511,324511,0.02,0,0,1,0,0.17595291137695312,0.5881786346435547,0874fc02f69824f05de5a07aaae4a9c4a8d6bb8aebc7c9fe0d4976b18423243d,True
control,r5,loot-crate,224512,324512,0.0,0,0,0,0,0.1690387725830078,0.4978179931640625,833658c872169b2cdd7e2076232a6c8cfffb828e53f4ef35b008da1a2badbdf8,True
control,r5,loot-crate,224513,324513,0.06,0,0,3,0,0.16307830810546875,0.4818439483642578,5ebbbab2aff96883404cabe96981f8a3babb3867773381c8a57a69342cb31fed,True
control,r5,loot-crate,224514,324514,0.08,0,0,4,1,0.3379940986633299,0.6740093231201172,80a82773be803bc36ae7362428abe566ae86b8835d9ca1734d6227e2a5867038,True
control,r5,loot-crate,224515,324515,0.14,0,0,7,42,0.8441567420959472,1.641988754272461,f94fb67b9b792fd483ace6318b820355717fc79ca1d3859a63f1039762c62def,True
control,r5,loot-crate,224516,324516,0.18,0,0,9,3,0.3266692161560052,0.8671283721923828,baa5e0741d798b995049dce6f0ba55524adec4c7b9023f34efc8db71c6c4fa24,True
control,r5,loot-crate,224517,324517,0.18,0,0,9,0,0.22484064102172852,0.5660057067871094,5d94fff9f120a78160e2239136d7c5ce479a975d67f29db46a957ce366ebf873,True
control,r5,loot-crate,224518,324518,0.1,0,0,5,83,0.8263707160949705,1.5900135040283203,8b3c30755165ddfa6962c6f1f462545120286f51d80929054bd085c1aea72d52,True
control,r5,loot-crate,224519,324519,0.46,0,0,23,12,0.8531689643859862,2.6569366455078125,1267bda87e5b0bfac7dee81440a4ed9dd8fe1b442d6d471ef181db59257b04f8,True
control,r5,loot-crate,224520,324520,0.02,0,0,1,1,0.26359558105468717,0.885009765625,d5a985cdf265193f5181b625fd8e69a29a29566130e5462a33252dad456095d5,True
candidate,r1,peaceful,224101,324101,0.1111111111111111,0,0,1,1,1.0175228118896478,3.1769275665283203,ea848124248889f29980058bcb70df35ddf3a7332c68d17c8b84e98d0317448e,True
candidate,r1,peaceful,224102,324102,0.2222222222222222,0,0,2,3,1.506602764129638,4.092931747436523,f9e7a466b282b503b04c5672168db8c22f3cc490fc4b25e20f50e7887e24cdda,True
candidate,r1,peaceful,224103,324103,0.2222222222222222,0,0,2,4,1.8875479698181146,15.492916107177734,8285388eea12b1e19fb3c0af071ddad73e0af8b2c95641c334b02f5b96e3a634,True
candidate,r1,peaceful,224104,324104,0.7777777777777778,0,0,7,8,2.2210597991943306,27.61220932006836,bc13c66eebb11487249e12a9abadf58ec042aa4b5d46cf39608b2e0a39c8b67a,False
candidate,r1,peaceful,224105,324105,0.2222222222222222,1,1,7,6,2.5942325592041002,6.820201873779297,29d847b2c2464d7a56971f95fe1c7b3fa91c5632fe4e977e1fd1e0d1cae125d3,False
candidate,r1,peaceful,224106,324106,0.0,0,0,0,0,1.7994165420532204,3.947019577026367,b0b6af7a71cc67a62f675531ecd037511b4106c5222900a99b43f3a346ccdef0,True
candidate,r1,peaceful,224107,324107,0.0,0,0,0,0,1.7966032028198191,7.983207702636719,5c557e3817bc29aad70dd253a89c28c22c048c4cf80589bf9414551d6d092b10,True
candidate,r1,peaceful,224108,324108,0.7777777777777778,0,0,7,7,1.292085647583006,3.0672550201416016,fd60f79f514c3729aa3b76491ed7db7097dbf771645cb6429724fcc92c1086a3,True
candidate,r1,peaceful,224109,324109,0.1111111111111111,0,0,1,2,1.764452457427978,6.713151931762695,91efa115bb714d5c16f4bd0a6c1bde9b951cef4308d02f74e363c745c86d58a7,False
candidate,r1,peaceful,224110,324110,0.6666666666666666,1,0,11,12,0.46529769897460926,1.6989707946777344,b9606ba2e8e04bb6491032724587096860b9c427d789dcd33103c3ee4f213f05,True
candidate,r1,peaceful,224111,324111,0.0,0,0,0,0,0.4791855812072752,1.6171932220458984,4ad7a46e598edc4c444ac4797e94c9460a55d3af0f238049d6787d8ece74a455,True
candidate,r1,peaceful,224112,324112,0.3333333333333333,0,0,3,2,0.7949829101562499,4.057884216308594,f8a295d98f1db4eeda5b03b753e403e14abbfe46586b97a4f84eeb590c7b3f9e,True
candidate,r1,peaceful,224113,324113,0.0,0,0,0,0,0.7134795188903803,4.903078079223633,650916168729cdcdd9a5b5d74ec61ba1f61ac9426911cf70d564cf393be24d72,True
candidate,r1,peaceful,224114,324114,0.2222222222222222,0,0,2,0,0.4606246948242181,1.4407634735107422,e035b36802892bfaa226f1b594e92fc191560359fdf324dbac8a13b34487e5ad,True
candidate,r1,peaceful,224115,324115,0.6666666666666666,0,0,6,14,0.922787189483642,2.852201461791992,cc2e8775fd4de8a8d86b187048000a94ba590570960a0741ce9814969a77a5c9,False
candidate,r1,peaceful,224116,324116,0.2222222222222222,0,0,2,75,1.4319300651550275,10.515928268432617,fe9485e1cfe0c0996489625f197c3b3fa86ac71f3092106c8fe4936a61570a2d,True
candidate,r1,peaceful,224117,324117,0.3333333333333333,1,0,8,5,0.5632638931274411,1.3401508331298828,09011e688d65000aabc09b82e6311b43844c0efb4d64dfafcc7ad7bd899151ff,False
candidate,r1,peaceful,224118,324118,0.6666666666666666,1,0,11,9,0.8430957794189435,3.4439563751220703,7cf0fb32daf09b37bc82149a52e242c8a682c6cef1c65e7751a9d411d0ec8d39,True
candidate,r1,peaceful,224119,324119,0.1111111111111111,0,0,1,0,0.9720325469970703,4.456043243408203,7bdeb63b8d91a3a2258069a8216be0f55e252a75281595d7ea324c4ecf0a988c,True
candidate,r1,peaceful,224120,324120,0.5555555555555556,0,0,5,14,0.8976340293884271,1.7859935760498047,d09a22819ac8d5ce2a334f6d40c31fe4d69399afd3aa116d6a4cd456c93db6ed,True
candidate,r1,coincollector,224201,324201,0.3333333333333333,0,0,3,16,0.5759716033935545,1.3828277587890625,ee9b7e96655bae4207457c2a034e8ce7a1295232e3051b4250b1b5a5cbc9a64b,False
candidate,r1,coincollector,224202,324202,0.1111111111111111,0,0,1,20,0.4122495651245117,0.9338855743408203,b263daf243641878ca0a74067fc21e7e206bab564bcd76e367aef4bd51742336,False
candidate,r1,coincollector,224203,324203,0.1111111111111111,0,0,1,75,0.2969384193420409,0.4889965057373047,b4758917e48ab9913bf9aeceaef68e9ce6ea82e532b0caaf23bba42d87e6cbc5,False
candidate,r1,coincollector,224224,324224,0.2222222222222222,0,0,2,5,0.4391312599182127,0.8172988891601562,ac3805ffbb076c83330e119a482664efb00dc21649a82a08d2838d9bdf019a65,False
candidate,r1,coincollector,224205,324205,0.3333333333333333,0,0,3,11,0.48542022705078125,0.7932186126708984,42b0dfc0610f52829d7f74bb8c6387ce4c9e9ada1b362ffa106726a063ca41a8,False
candidate,r1,coincollector,224206,324206,0.2222222222222222,0,0,2,11,0.537002086639404,0.6959438323974609,7e674d30926be3c64d712b47ada96891de9466762bc5d25adff0254bf42a4bb7,False
candidate,r1,coincollector,224207,324207,0.2222222222222222,0,0,2,6,1.0550975799560538,1.4889240264892578,a9d3345285d12b137ce9fe28d2859961922fe47b76d868eeb3b8afb00a61457a,False
candidate,r1,coincollector,224208,324208,0.0,0,1,0,4,0.3619194030761719,0.5891323089599609,9f55d1307f6bdc743601f7c593c5805a70d839b5dac24eac3b28a147aa787e1f,False
candidate,r1,coincollector,224209,324209,0.1111111111111111,0,1,1,2,0.25067329406738276,0.44798851013183594,9ef2081d83b6c350bca1532870a185e04b8822bb05740dc73ca0404ce5c40a53,False
candidate,r1,coincollector,224210,324210,0.4444444444444444,0,0,4,13,0.4603862762451172,0.7359981536865234,63744769de0b11adff91b667e5a94bd42ed29610c80b552fdbe35391cf84258f,False
candidate,r1,coincollector,224211,324211,0.1111111111111111,0,1,1,1,0.304567813873291,0.44417381286621094,8f2c6449d470051e5f47e86d2f29a98047cf3e504d70131de2ff51a7f2536437,False
candidate,r1,coincollector,224212,324212,0.3333333333333333,0,0,3,11,0.42700767517089844,0.7569789886474609,a1aa5122a8edc4f28661292bdab0b8c6a7f48febf58ad29e1d4c185ebab993b3,False
candidate,r1,coincollector,224213,324213,0.1111111111111111,0,1,1,0,0.36296844482421864,0.5388259887695312,2384a87eaa62597b2482a593571dfd4fb1b5430d2214d6027c5de8160f0700fd,False
candidate,r1,coincollector,224214,324214,0.1111111111111111,0,0,1,8,0.6349563598632812,1.3930797576904297,aefb595868b3632d87ca13841d1f4ff6857b9d5fbcfa2c1ccbcde2c7cb956723,False
candidate,r1,coincollector,224215,324215,0.1111111111111111,0,0,1,13,0.48028230667114225,1.0149478912353516,6fbfde66cc9ee28dfad70e83a44d91f0424fae27b3ef9af389b8fdcf0f38103b,False
candidate,r1,coincollector,224216,324216,0.1111111111111111,0,0,1,12,0.5409717559814453,0.8521080017089844,5e93ec4a46cef412d9d644f4a558993817c5873d70cf6283b505a76e5083b503,False
candidate,r1,coincollector,224217,324217,0.1111111111111111,0,0,1,3,0.3418922424316406,0.40793418884277344,97d6230c05f9d20f57a5159fc7a0103b55ad017d09d282c4c96405c4293d284b,False
candidate,r1,coincollector,224218,324218,0.2222222222222222,0,0,2,1,0.247049331665039,0.67901611328125,a120f2d78415a866adcc741a329470805f20dd1a69e6e4df1bb7539fed328053,True
candidate,r1,coincollector,224219,324219,0.3333333333333333,0,0,3,6,0.6782531738281248,1.3518333435058594,44fac216a023674a8b5406e7e24c57f9264c3f87b4fd99a53e46be3971dc967c,False
candidate,r1,coincollector,224220,324220,0.2222222222222222,0,1,2,11,0.4471302032470703,0.6110668182373047,6cdc3bf27ccdf63c2037c10a2d5d9f47321645ff61b82c014287476ee65aa308,False
candidate,r1,classic,224301,324301,0.1111111111111111,0,0,1,3,0.28512477874755776,0.5981922149658203,d7cad929a02ad91e2d6e0e30e4726ca6b2800d706c998c7d0eee9a8f62075091,True
candidate,r1,classic,224302,324302,0.0,0,0,0,0,0.3590226173400877,0.6721019744873047,b0b6af7a71cc67a62f675531ecd037511b4106c5222900a99b43f3a346ccdef0,True
candidate,r1,classic,224303,324303,0.1111111111111111,0,0,1,1,0.7023692131042476,1.5668869018554688,5b4a252b3eee2b12bd606014dad78275b46d0a26fab2c744dddd8fb4df3d9134,True
candidate,r1,classic,224324,324324,0.0,0,0,0,0,0.4967093467712395,1.027822494506836,d1b8c1579b7d2ee1adb59c9c6047fac48077a1d3217a2531d1f5dff0698f017f,True
candidate,r1,classic,224305,324305,0.0,0,0,0,0,0.451219081878662,1.383066177368164,b0b6af7a71cc67a62f675531ecd037511b4106c5222900a99b43f3a346ccdef0,True
candidate,r1,classic,224306,324306,0.5555555555555556,0,0,5,11,0.5003571510314938,8.66389274597168,5db8d516afa4d46ab3e6c0eb1fffee014284b9d6a3c7a8eed695f278cb126c9e,True
candidate,r1,classic,224307,324307,0.4444444444444444,0,0,4,7,0.4761934280395505,0.9920597076416016,0b1c223bafdfd854c19c7c591c7a7b9baf41d9f5988b68059758ed9bc746ee53,True
candidate,r1,classic,224308,324308,0.0,0,0,0,0,0.4467606544494625,1.0547637939453125,f47b133e9697aff3ca4d544f99b20863b1d82e6eec97ab71dd5ca7a608d429fb,True
candidate,r1,classic,224309,324309,0.2222222222222222,0,0,2,3,0.8225679397583003,5.507230758666992,bc5fa495f050fc923eff10fdf9d6cc01944274f321234a8214b087cb333f1281,True
candidate,r1,classic,224310,324310,0.0,0,0,0,0,0.6233811378478992,2.012968063354492,24bf59ec31d3a5bde14295454b470af79b8113b66f5dece23e90598edbfbe990,True
candidate,r1,classic,224311,324311,0.2222222222222222,0,0,2,2,0.5123615264892576,1.6200542449951172,9eccb497b2ccb0ae18ab7dfb0e1594257fb0a446baeb166e752bcebb286ab52c,True
candidate,r1,classic,224312,324312,0.0,0,0,0,0,0.5774974822998045,3.1728744506835938,b0b6af7a71cc67a62f675531ecd037511b4106c5222900a99b43f3a346ccdef0,True
candidate,r1,classic,224313,324313,0.4444444444444444,0,0,4,3,0.81946849822998,4.3239593505859375,8101ba213fdf29f4da355b4a8f30febe95bc1286e1aca01914397726ccca62c3,True
candidate,r1,classic,224314,324314,0.3333333333333333,0,0,3,6,0.8363366127014158,7.269144058227539,908bf733e2847831ce8cae99fb8aa2ae71bbbb825262d039c21dee33e4b2dd30,True
candidate,r1,classic,224315,324315,0.2222222222222222,0,0,2,5,0.6443977355957029,2.1889209747314453,2d391dcc9cdbd9a5dbb18bccb474115c33e1a51846c6eb780e219e17332e4fd8,True
candidate,r1,classic,224316,324316,0.3333333333333333,0,0,3,1,0.41521787643432606,1.2400150299072266,63cf34461ae7d20d1a7511ddcac6207316fdc1bca692b8eebc9f73d2ce045c88,True
candidate,r1,classic,224317,324317,0.5555555555555556,0,0,5,5,0.3765106201171872,2.473115921020508,07e427e60a61bb381c7cf943d7cc1ffe3bd084f749889bf0f9bd692b032bff5a,True
candidate,r1,classic,224318,324318,0.1111111111111111,0,0,1,0,0.5051016807556149,2.969980239868164,a368b8b02867bef4b3d7a1eebada624adc9984534d75499e5b11d0b5880d151c,True
candidate,r1,classic,224319,324319,0.0,0,0,0,0,0.4611015319824219,1.3930797576904297,9474b2d8655634ba23527d6cf71f9f257bd9a3462a72dbfbb60350a02c962929,True
candidate,r1,classic,224320,324320,0.1111111111111111,0,0,1,0,0.6847023963928199,5.333900451660156,16434f533b9e0c8ef7c90745c4433195a846747d6484332157f3cbda71288b9c,True
candidate,r1,coin-heaven,224401,324401,1.0,0,0,50,0,0.3189563751220701,1.6880035400390625,8529fb259bdadc554f554290e25ed9f6a3c3a2fddc10a6bc5d73c5e30323a942,True
candidate,r1,coin-heaven,224402,324402,1.0,0,0,50,0,0.9008884429931617,5.591869354248047,8407c61071e0109d916f22a96c889b258907f6a1de729d4d1a047393c3e9bc1f,True
candidate,r1,coin-heaven,224403,324403,1.0,0,0,50,0,0.8511543273925755,5.645990371704102,ed784568977cb2eb5073dfc54d10c4beb9c89f3091efad58665fdff219ac2dd8,True
candidate,r1,coin-heaven,224404,324404,1.0,0,0,50,0,0.5060434341430664,0.7302761077880859,b241c90f50ed3da1527ebbf173f2b07d2829e2130ff8abbde9f1c7c3aaa585b3,True
candidate,r1,coin-heaven,224405,324405,1.0,0,0,50,0,0.3818511962890625,0.6079673767089844,dc3ac7ea72cb8467e6c637efb8c0572c51686132b4e73393daa9f5a16a91feb0,True
candidate,r1,coin-heaven,224406,324406,1.0,0,0,50,0,0.513434410095215,1.1501312255859375,5acade4be9656c3826c2dd11a08828796b0d2f8dbf166adc727668f9a2c20ef9,True
candidate,r1,coin-heaven,224407,324407,1.0,0,0,50,0,0.4716157913208007,1.0640621185302734,da8241a8dc5c114468d20ef4bd6e7836ebc5673c0ef4b86a3968e2966f09ebbe,True
candidate,r1,coin-heaven,224408,324408,1.0,0,0,50,0,0.6118535995483385,1.049041748046875,9cfb42ac42c4cf8a815820ec2a99b8c84f49954bc54df5bb74c27f92bc900c9a,True
candidate,r1,coin-heaven,224409,324409,1.0,0,0,50,0,0.5330920219421384,3.2320022583007812,891cddb783b1c07249601581700d1fadd87edcf0201852b9f0b4bb69b3743d40,True
candidate,r1,coin-heaven,224410,324410,1.0,0,0,50,0,0.3674507141113281,1.5158653259277344,28557865f6bc5fd7e3a93f4de99c7e06775957527a020eb51513f71f2d19ea8f,True
candidate,r1,coin-heaven,224411,324411,1.0,0,0,50,0,0.38323402404785134,2.02178955078125,4e7b73e1060f5b07ece88de854edcc46d6e55cf5b0784100d7d1dfcff378625b,True
candidate,r1,coin-heaven,224412,324412,1.0,0,0,50,0,0.4470229148864745,1.5642642974853516,0f933a69d0a97ab67462e9a309e588a627d9f37b9fe416b3cf931d7dbf279178,True
candidate,r1,coin-heaven,224413,324413,1.0,0,0,50,0,0.3495216369628906,0.5507469177246094,07c36aee690b1f27086b47bbac3d510edf3728f0c13b100bf0893b78994d8233,True
candidate,r1,coin-heaven,224414,324414,1.0,0,0,50,0,0.8153915405273434,1.275777816772461,eb47993aca868a8708483fa09cb18a88ac0807c9aba7497fc3d16178bb9005f2,True
candidate,r1,coin-heaven,224415,324415,1.0,0,0,50,0,0.4731178283691406,1.497030258178711,1bfbc11b9845d88d2f83309f33e8d4165b3b651dfb26737237de13906a495220,True
candidate,r1,coin-heaven,224416,324416,1.0,0,0,50,0,0.6295323371887193,1.260995864868164,f7d926803ff0b0e49244729778c7e74d7905183c1dd1dd2950bca18e0bd3fa5e,True
candidate,r1,coin-heaven,224417,324417,1.0,0,0,50,0,0.8884906768798823,2.3260116577148438,e0e841f5255d37540f85f0d93e14175d85ff9b05e1f04fb66dd50b15ab84e297,True
candidate,r1,coin-heaven,224418,324418,1.0,0,0,50,0,0.5897760391235349,1.7879009246826172,3b1771362b3b595dca4d0f68a355c46af26a9f530bf70aa501902aaef3c90b3c,True
candidate,r1,coin-heaven,224419,324419,1.0,0,0,50,0,0.6063818931579583,2.1088123321533203,d817b8b94864d719ce35101dca6b01deeb5b024bd1bd2f289f15a14f025ee0c4,True
candidate,r1,coin-heaven,224420,324420,1.0,0,0,50,0,0.7051467895507812,4.554986953735352,2d7e7f002ea21d91a8282056bb18b9520dd5da0b18ba176f5df71f491a97d24c,True
candidate,r1,loot-crate,224501,324501,0.36,0,0,18,19,0.6287455558776849,1.8200874328613281,6e90669295e333d1d1a7e0336c9106da51ff969272c87e95f04ed94bb0423300,True
candidate,r1,loot-crate,224502,324502,0.66,0,0,33,25,0.6403565406799314,2.7289390563964844,411bc5e03554477262266f36e02c7286b334ebb53440cfcd26b809fe8940e28c,True
candidate,r1,loot-crate,224503,324503,0.16,0,0,8,1,0.5029559135437004,2.335071563720703,6b022ffb15faa9a32ff49f5235fe985f5298524dfbb53e8bc8361a5f5ec15d6a,True
candidate,r1,loot-crate,224504,324504,0.14,0,0,7,3,0.5123138427734365,1.306295394897461,7b8e6edeb9db74cebde97d6da6cda17f630746d472aaf4f98eae1711f92358d4,True
candidate,r1,loot-crate,224505,324505,0.3,0,0,15,4,0.4329562187194816,1.6481876373291016,e15eeef1410bb1a77acfef04cf4df4d77d1430aff8e679d0fefe1f2b9ce4d95f,True
candidate,r1,loot-crate,224506,324506,0.04,0,0,2,3,0.4611372947692862,2.1398067474365234,d4b9cead7801195b3f2b659adbc200be73532b8ecabb68a2e727f5b42963be97,True
candidate,r1,loot-crate,224507,324507,0.22,0,0,11,5,0.37518739700317366,2.6581287384033203,14d67d4bc5a9fc334079624766c387af944dae898e5c28f8e203a104a6cd99cb,True
candidate,r1,loot-crate,224508,324508,0.6,0,0,30,21,0.6408452987670892,2.0608901977539062,1297195fa74b5b0e3b501be8d3e4bee90e608db82b5bf46289c7bf509cbc38f9,True
candidate,r1,loot-crate,224509,324509,0.42,0,0,21,20,0.688505172729492,1.7478466033935547,474a19171ca459def53093d0a9aa0bcde2bff80e09ef0a4bf1650ad10786a3a8,True
candidate,r1,loot-crate,224510,324510,0.76,0,0,38,15,0.48043727874755815,2.610921859741211,b63465f275942b26182f08ee1b3271d9f44aa6cdba611b81d85769b57f1fe045,True
candidate,r1,loot-crate,224511,324511,0.08,0,0,4,2,0.49233436584472634,1.3911724090576172,8b7c3dc9b32732c1280064535e8b8cdc096bb2b7edcc01be0bf32d4788e6009e,True
candidate,r1,loot-crate,224512,324512,0.12,0,0,6,3,0.6230950355529784,2.485036849975586,c2caf88e026e7643076a60240542f2c4882149cfeb803036364537c2fb9dac56,True
candidate,r1,loot-crate,224513,324513,0.36,0,0,18,5,0.5342960357666013,1.1599063873291016,dadab104c0a90f4866489117290393b4ca47d77469e8cdd4d3369e1c4d30d1f0,True
candidate,r1,loot-crate,224514,324514,0.14,0,0,7,2,0.4277467727661126,1.4562606811523438,9a6e5c52ab9e49dd5cd33179dd273880b2e4648f8f51bf4cb5ca3d3d7dca1280,True
candidate,r1,loot-crate,224515,324515,0.16,0,0,8,45,0.9251117706298828,1.8422603607177734,941a4a11de39c491ec5242f9a6591cb65b28c1388971e471ba5114395d883db6,True
candidate,r1,loot-crate,224516,324516,0.18,0,0,9,6,0.3493785858154292,1.8298625946044922,8db940ff075832480d73a6d66283b98719a3e669571ea6f870345b8ff1e42042,True
candidate,r1,loot-crate,224517,324517,0.3,0,0,15,37,0.44778585433959894,2.386808395385742,52d95b07a93e4259289f45c3bc14cd2fdcae9b88e7a9355fee365b3db5c812d4,True
candidate,r1,loot-crate,224518,324518,0.12,0,0,6,4,0.44798851013183594,5.548954010009766,e32fcb88c7fadcebe42f884a0aa8aa10482e035d158fad73d56af7f82ebe911b,True
candidate,r1,loot-crate,224519,324519,0.48,0,0,24,19,0.3972411155700683,1.2631416320800781,fe373972e35605c6c16ed1960c09777891af0b68fff2117641b59abaa5cee158,True
candidate,r1,loot-crate,224520,324520,0.12,0,0,6,6,0.23113489151000965,4.0130615234375,3db7290610f11dedfe44276a6b54bb2d0954f8328f1b88927702cc561c85760b,True
candidate,r2,peaceful,224101,324101,0.1111111111111111,0,0,1,0,0.31101703643798817,0.6971359252929688,9e6a627faceae67f4d9944bba4854bc4a0438a1d7f0168fbe1da92c9950234a0,True
candidate,r2,peaceful,224102,324102,0.1111111111111111,0,0,1,1,0.2871990203857421,0.5137920379638672,2cb16e057f077f4aa1e704bff3b09c162c4a1819429427aeca2020201de482c6,True
candidate,r2,peaceful,224103,324103,0.0,0,0,0,0,0.44232606887817355,1.8739700317382812,cdea9cb48d6b46452ea95d1217c8ed312e5f7cfe5b092663e795a73947bb3d51,True
candidate,r2,peaceful,224104,324104,0.3333333333333333,0,0,3,1,0.3120899200439444,1.5270709991455078,b64a0ae8e352ace43fabee0f4e3077cbe85f7092f72285ba9ef0e49478ffa89c,True
candidate,r2,peaceful,224105,324105,0.2222222222222222,1,0,7,2,0.46842098236083946,1.096963882446289,e0b1eeeb83ab716214401ed673615fe910b633fb46738bac633eef0245b84506,False
candidate,r2,peaceful,224106,324106,0.0,0,0,0,0,0.6889462471008291,2.490997314453125,0d4f242c3d4282b59c062cee34f1b81c63ccccc0b3ff0591ed5f126eab7bb92f,True
candidate,r2,peaceful,224107,324107,0.1111111111111111,0,0,1,0,0.4287719726562495,0.9698867797851562,b52a51fb434a4a5f2cc1be15a54a25966b305bfe99dd86c9bc710b630d84211c,True
candidate,r2,peaceful,224108,324108,0.4444444444444444,0,0,4,6,1.055502891540527,3.8802623748779297,db463c2d0b9bbeb592a66f5815b8de304923513cb1192fcd625a08658152fa81,True
candidate,r2,peaceful,224109,324109,0.3333333333333333,0,0,3,2,0.7171511650085445,5.18488883972168,902963557aacd08b7f0963636560e4c7d83b1d2cba2083cad9bf460e2c6956af,True
candidate,r2,peaceful,224110,324110,0.2222222222222222,1,0,7,13,0.8542060852050771,1.7249584197998047,15ef1132e74983f2ac25cafea4c9a944865fafeda732797f19a7c49b578cc093,False
candidate,r2,peaceful,224111,324111,0.0,0,0,0,0,0.34025907516479487,2.185821533203125,1c3807987496c708f0145c1a582d003a178b8468cd73a15f9e91901f24260e13,True
candidate,r2,peaceful,224112,324112,0.5555555555555556,0,0,5,0,0.9285211563110337,5.334138870239258,763c4addc3e02c6991948d79fa61589b54649f23066eaa2fa881a1942a56011a,True
candidate,r2,peaceful,224113,324113,0.0,0,0,0,142,0.857806205749511,2.894163131713867,5d0e9cd92b0879b0ddc2c089b64eea4895846cebc66a86d089bea38967b82f4f,True
candidate,r2,peaceful,224114,324114,0.2222222222222222,0,0,2,1,0.9427309036254878,5.59687614440918,49219c7712fdd6762f1398795f1a531b605c1802f328eb9107b4ad205da08344,True
candidate,r2,peaceful,224115,324115,0.1111111111111111,0,0,1,0,0.7277846336364745,1.8432140350341797,74df59bf51bdf3ccc7354231e6db8aec0e654aeb986307d51b1404fc3d0cd7e2,True
candidate,r2,peaceful,224116,324116,0.5555555555555556,0,0,5,4,1.8280625343322754,4.227876663208008,8bc4dd5741b5ae99c7596aaef9f937d87810917e2b5e75d1e88dd2977e13e524,True
candidate,r2,peaceful,224117,324117,0.5555555555555556,1,0,10,6,1.0108113288879377,2.344846725463867,f93fbcdbb9c66c7c6816230891ee8354219c8a658b41bd60f4ba75fa6b0f5ab2,False
candidate,r2,peaceful,224118,324118,0.8888888888888888,0,0,8,10,0.9609103202819809,1.9500255584716797,c6fddd0be6fca90768f85094f872f373167385202dd4c137d73ad9ea40b7cadf,True
candidate,r2,peaceful,224119,324119,0.3333333333333333,0,0,3,3,1.030802726745605,6.535053253173828,fe44f383cbae3f3ca4dd61161c21f9d8fc488fb636742a37d87da328e592b110,True
candidate,r2,peaceful,224120,324120,0.3333333333333333,0,0,3,0,1.110970973968505,1.9850730895996094,912bae0e9e62a716d818bb406ae4e91c219b4029760c6d63eab3bf3dae06cf09,False
candidate,r2,coincollector,224201,324201,0.4444444444444444,0,0,4,10,0.5432605743408202,1.0559558868408203,369a2445672dc1a32480bcd49f3bb8cb7610780bfd2d77c75dfb649de0e64b52,False
candidate,r2,coincollector,224202,324202,0.6666666666666666,0,0,6,11,0.26017427444458,0.8990764617919922,951a7ec6aeedc14e0f34f000335d469c951fc64b9054014a76f9b37bd9fc732b,True
candidate,r2,coincollector,224203,324203,0.0,0,0,0,0,0.2921104431152343,0.4172325134277344,56de80fb6efd9cc0c13cff7680a41c8dab173783af438ac019d6887213068f73,False
candidate,r2,coincollector,224224,324224,0.2222222222222222,0,0,2,19,0.7579445838928223,0.9832382202148438,60777a60e5a64ea18d6c08fbf77ed22d9fc7a304b69074c2e873a451678a2d4b,False
candidate,r2,coincollector,224205,324205,0.2222222222222222,0,1,2,8,0.3619194030761719,0.47898292541503906,d9360d3753645a87af486e7b732cdfd2eed9b57435260eb302bc072e21610963,False
candidate,r2,coincollector,224206,324206,0.0,0,1,0,2,0.2599120140075683,0.2999305725097656,41048c680057b0d584fff865095e04c70232e2c3313e5d6e0f44db3c15863e02,False
candidate,r2,coincollector,224207,324207,0.4444444444444444,0,0,4,1,0.3400444984436035,0.4680156707763672,98ed9b1a4d3c8ab6ae0caa0e1b9b8207be05c61502bfdf868463dd6286cec2b2,False
candidate,r2,coincollector,224208,324208,0.0,0,1,0,4,0.23984909057617188,0.29969215393066406,9f55d1307f6bdc743601f7c593c5805a70d839b5dac24eac3b28a147aa787e1f,False
candidate,r2,coincollector,224209,324209,0.5555555555555556,0,0,5,12,0.35190582275390625,0.7092952728271484,29f1c907a123cbe82c461b968063e08773d8fd6e379b567da127662eaa7c0536,False
candidate,r2,coincollector,224210,324210,0.3333333333333333,0,0,3,3,0.2599239349365234,0.5919933319091797,495ee80e8b27bf5b5b73919532f84848c8c3789ae260d1d35d81288aa35d9cd6,False
candidate,r2,coincollector,224211,324211,0.4444444444444444,0,0,4,8,0.5392670631408689,1.1279582977294922,554e977d11a69067cc6af1516f6bf94e361594a65eeb153a93551ddfb4fd4ffc,False
candidate,r2,coincollector,224212,324212,0.2222222222222222,0,1,2,8,0.6260871887207031,1.0039806365966797,f03996e674e5242403064b96e856f7c9222c16eb1777d9e227d699c2ab59c81e,False
candidate,r2,coincollector,224213,324213,0.0,0,1,0,3,0.2964019775390624,0.5099773406982422,77824120528adff8cc3e3d85805e0207cdabaf0ff2431bdf93c673ddd44ee5c0,False
candidate,r2,coincollector,224214,324214,0.1111111111111111,0,0,1,8,0.4239320755004883,0.6067752838134766,b239e6803ed79a003ada356f06aaf5fbb36a0fac33640e8c3792251dfe8564dd,False
candidate,r2,coincollector,224215,324215,0.1111111111111111,0,1,1,5,0.34713745117187483,0.5679130554199219,dfbc534c91b9a5738cbef48cbd6b60dd90801adb7a9a7a03ab96523eee4234be,False
candidate,r2,coincollector,224216,324216,0.1111111111111111,0,0,1,1,0.2613544464111325,0.3902912139892578,15c76f4026fd273d9b90bea310294af3082b8fd363f7fee4ab86def7287d1013,True
candidate,r2,coincollector,224217,324217,0.2222222222222222,0,0,2,5,0.6593465805053708,1.8622875213623047,9fdfc0a172ee2074de1a598783fd606fecbf4fb2e22cf1dfac27c4c94437348b,False
candidate,r2,coincollector,224218,324218,0.0,0,0,0,29,0.7621049880981444,2.2110939025878906,a992188872daed0d9e6241048a1bfe76915230eba259cf80556b9b98f3141ab7,False
candidate,r2,coincollector,224219,324219,0.1111111111111111,0,0,1,2,0.30560493469238265,0.8780956268310547,599dda75e4ab6b83d1ba3d48a709616cf9b4f671c2df065e0fc3ea3e543e1b2b,True
candidate,r2,coincollector,224220,324220,0.2222222222222222,0,0,2,43,0.9259700775146322,3.0341148376464844,74e9c597ff0993ceb48efc648d8e3f27ebf7c4d7ad754114896fa2cf4efb843c,False
candidate,r2,classic,224301,324301,0.3333333333333333,0,0,3,34,0.6916403770446771,2.1059513092041016,2619a0c17711dcb2ce6899002a43397f746fec1ce0f553a6d2b215d675756034,True
candidate,r2,classic,224302,324302,0.0,0,0,0,0,0.6516933441162085,1.7669200897216797,9850775d72f003053e32acac9db877cf777f4d06b91dc22dd7baa82743864b3c,True
candidate,r2,classic,224303,324303,0.0,0,0,0,0,0.6243586540222158,3.3919811248779297,00518d41516abd8c4133acadce0807489a678ef80040f9e57e13e36c97ce7e02,True
candidate,r2,classic,224324,324324,0.0,0,0,0,0,0.7068037986755363,3.226041793823242,be4fe80f32d46ae07115a2d5468785906cbb0023c60166405ff9c69465b71b45,True
candidate,r2,classic,224305,324305,0.0,0,0,0,0,0.32879114151000977,0.7309913635253906,9850775d72f003053e32acac9db877cf777f4d06b91dc22dd7baa82743864b3c,True
candidate,r2,classic,224306,324306,0.4444444444444444,0,0,4,16,0.6919026374816895,1.3270378112792969,dc6f3f08d156fce512d8240999e86a538808d0c2b71efa032f45091a80e00a6f,True
candidate,r2,classic,224307,324307,0.4444444444444444,0,0,4,1,0.43530464172363265,1.2030601501464844,60d7b12254b3b3e282e7c348ce76106e294338e89119491ad6387ad8c1190764,True
candidate,r2,classic,224308,324308,0.0,0,0,0,0,0.6146192550659175,1.3051033020019531,f47b133e9697aff3ca4d544f99b20863b1d82e6eec97ab71dd5ca7a608d429fb,True
candidate,r2,classic,224309,324309,0.4444444444444444,0,0,4,2,0.5920886993408202,2.063274383544922,4930814175822297824df83f468ddb57d02414f186dbe41e907025e92d9835a1,True
candidate,r2,classic,224310,324310,0.0,0,0,0,0,0.5196213722229001,3.1578540802001953,2e49624fc605f12809be39a9ba603f43cef2f603fecffe78c673b9be897d6d69,True
candidate,r2,classic,224311,324311,0.0,0,0,0,0,0.5622982978820797,1.2900829315185547,0fd9da995f11a2350dc2fef7d509cbb557708b6a9af818dbf0e6e2e5369f4d5f,True
candidate,r2,classic,224312,324312,0.0,0,0,0,0,0.5132198333740224,2.5048255920410156,9850775d72f003053e32acac9db877cf777f4d06b91dc22dd7baa82743864b3c,True
candidate,r2,classic,224313,324313,0.1111111111111111,0,0,1,0,0.45570135116577076,2.6769638061523438,ef15c74e64b11f5b5078c4dead387efee95ec1c86c42d667d8fafd93f06155fd,True
candidate,r2,classic,224314,324314,0.2222222222222222,0,0,2,2,0.6474614143371579,3.049135208129883,5849b9e3a576f0eb2d6ee919a1611b6259e4162d3c71fbed41cf1ebe8c32463b,True
candidate,r2,classic,224315,324315,0.3333333333333333,0,0,3,1,0.6453394889831542,2.476930618286133,d0dacabb6288db4d4511b62ef3718b076f0037bf3d90f0ff1f6e02bb7ad1e318,True
candidate,r2,classic,224316,324316,0.3333333333333333,0,0,3,4,0.9790420532226561,3.3731460571289062,fe25375ab7c3de9077f0924c8d46e2cda5b8e2a492048a3826f20c1e04ae2b2a,True
candidate,r2,classic,224317,324317,0.3333333333333333,0,0,3,0,0.4954814910888669,1.5070438385009766,46de711c342e1a64fb5fee9e94489ae344db2d5af127de0c20c0754b6b36af71,True
candidate,r2,classic,224318,324318,0.4444444444444444,0,0,4,0,0.4903554916381832,1.007080078125,5fb9b3d1bb49d0e5e2dd41a0f12d273551712d6d05d3cf96f37db77f89bafddc,True
candidate,r2,classic,224319,324319,0.0,0,0,0,0,0.638067722320556,6.268978118896484,50c97cca08ed143b4c13d62301d4382de39a08c37405d9d814d3f33bfbec3e7e,True
candidate,r2,classic,224320,324320,0.1111111111111111,0,0,1,0,0.3713250160217282,1.3091564178466797,45461f1def9e6bb80644c41764ee26b6945bdf5e29cb55852ef056a4921da334,True
candidate,r2,coin-heaven,224401,324401,1.0,0,0,50,0,0.33006668090820307,0.46372413635253906,8529fb259bdadc554f554290e25ed9f6a3c3a2fddc10a6bc5d73c5e30323a942,True
candidate,r2,coin-heaven,224402,324402,1.0,0,0,50,0,0.3911495208740234,0.9889602661132812,8407c61071e0109d916f22a96c889b258907f6a1de729d4d1a047393c3e9bc1f,True
candidate,r2,coin-heaven,224403,324403,1.0,0,0,50,0,0.7315635681152342,1.3477802276611328,ed784568977cb2eb5073dfc54d10c4beb9c89f3091efad58665fdff219ac2dd8,True
candidate,r2,coin-heaven,224404,324404,1.0,0,0,50,0,0.5350112915039062,1.1377334594726562,b241c90f50ed3da1527ebbf173f2b07d2829e2130ff8abbde9f1c7c3aaa585b3,True
candidate,r2,coin-heaven,224405,324405,1.0,0,0,50,0,0.6626844406127929,1.8029212951660156,dc3ac7ea72cb8467e6c637efb8c0572c51686132b4e73393daa9f5a16a91feb0,True
candidate,r2,coin-heaven,224406,324406,1.0,0,0,50,0,0.7464647293090821,1.543283462524414,5acade4be9656c3826c2dd11a08828796b0d2f8dbf166adc727668f9a2c20ef9,True
candidate,r2,coin-heaven,224407,324407,1.0,0,0,50,0,0.7243633270263672,1.4190673828125,da8241a8dc5c114468d20ef4bd6e7836ebc5673c0ef4b86a3968e2966f09ebbe,True
candidate,r2,coin-heaven,224408,324408,1.0,0,0,50,0,1.0150909423828116,1.9299983978271484,9cfb42ac42c4cf8a815820ec2a99b8c84f49954bc54df5bb74c27f92bc900c9a,True
candidate,r2,coin-heaven,224409,324409,1.0,0,0,50,0,0.8291959762573229,2.613067626953125,891cddb783b1c07249601581700d1fadd87edcf0201852b9f0b4bb69b3743d40,True
candidate,r2,coin-heaven,224410,324410,1.0,0,0,50,0,0.7201194763183592,1.4109611511230469,28557865f6bc5fd7e3a93f4de99c7e06775957527a020eb51513f71f2d19ea8f,True
candidate,r2,coin-heaven,224411,324411,1.0,0,0,50,0,0.858092308044433,1.4190673828125,4e7b73e1060f5b07ece88de854edcc46d6e55cf5b0784100d7d1dfcff378625b,True
candidate,r2,coin-heaven,224412,324412,1.0,0,0,50,0,0.5286455154418943,1.0297298431396484,0f933a69d0a97ab67462e9a309e588a627d9f37b9fe416b3cf931d7dbf279178,True
candidate,r2,coin-heaven,224413,324413,1.0,0,0,50,0,0.7075309753417968,1.6601085662841797,25ef0d2238373ad3fadbe2bf0e55c5d5c48f2f626251506debd99bcccdaf98bc,True
candidate,r2,coin-heaven,224414,324414,1.0,0,0,50,0,0.6550312042236328,1.7650127410888672,eb47993aca868a8708483fa09cb18a88ac0807c9aba7497fc3d16178bb9005f2,True
candidate,r2,coin-heaven,224415,324415,1.0,0,0,50,0,0.4018306732177734,0.6589889526367188,1bfbc11b9845d88d2f83309f33e8d4165b3b651dfb26737237de13906a495220,True
candidate,r2,coin-heaven,224416,324416,1.0,0,0,50,0,0.37093162536621044,0.5500316619873047,f7d926803ff0b0e49244729778c7e74d7905183c1dd1dd2950bca18e0bd3fa5e,True
candidate,r2,coin-heaven,224417,324417,1.0,0,0,50,0,0.6260871887207031,0.9069442749023438,e0e841f5255d37540f85f0d93e14175d85ff9b05e1f04fb66dd50b15ab84e297,True
candidate,r2,coin-heaven,224418,324418,1.0,0,0,50,0,0.2959728240966797,0.453948974609375,3b1771362b3b595dca4d0f68a355c46af26a9f530bf70aa501902aaef3c90b3c,True
candidate,r2,coin-heaven,224419,324419,1.0,0,0,50,0,0.2158045768737793,0.30493736267089844,d817b8b94864d719ce35101dca6b01deeb5b024bd1bd2f289f15a14f025ee0c4,True
candidate,r2,coin-heaven,224420,324420,1.0,0,0,50,0,0.539374351501464,1.4121532440185547,7938357f9dc8a162bb4bb756a755de6ea4bc280bdfe59de596cb6e021e387258,True
candidate,r2,loot-crate,224501,324501,0.34,0,0,17,2,0.5813241004943828,3.91387939453125,7518ff42ff5494cd6c9a4c8bf7be099bf3b6f8c3caf2f8b4a950b1b103b9dc2f,True
candidate,r2,loot-crate,224502,324502,0.16,0,0,8,2,0.851285457611083,2.6259422302246094,d26dfca707c9bd4584104a3c13f043c2d4945d73bd8330e507f00868bc303ae2,True
candidate,r2,loot-crate,224503,324503,0.48,0,0,24,12,0.9708523750305176,2.6047229766845703,0d36a2c09133066dadf4a3212a8b6149f7f47deab89d06163137aeab5c937323,True
candidate,r2,loot-crate,224504,324504,0.18,0,0,9,10,0.6478071212768548,1.920938491821289,d0eb4a31dbc3192c356b50481747f6cef63d1040ccf723f39e7f4a1ec0a9f215,True
candidate,r2,loot-crate,224505,324505,0.18,0,0,9,4,0.9495615959167475,7.457256317138672,e83f1e76989a3f844253363967c6c130ecf25751e2b66942c00271559f6b8bd9,True
candidate,r2,loot-crate,224506,324506,0.2,0,0,10,38,0.6769061088561996,11.455059051513672,7df5575cb8c64bd851951546c7a3b082723dea17f7f5e3b3a8dd5c136e7316df,True
candidate,r2,loot-crate,224507,324507,0.4,0,0,20,13,0.793874263763427,3.100872039794922,f2f3061a8f17e3b4aa78313f7eca6d042180e4d71c3fb863ff81a0f3d94eb7a0,True
candidate,r2,loot-crate,224508,324508,0.28,0,0,14,1,0.7749915122985832,1.3897418975830078,546732a2d1fd5dad4d7d37f0a59790d4b6422c65e2ba3ef3c64733ec436b5b31,True
candidate,r2,loot-crate,224509,324509,0.36,0,0,18,16,1.0524988174438472,2.7120113372802734,60359099604bd001511f47cd38367440b7638aed69c6333ccc99d8db80e49dfb,True
candidate,r2,loot-crate,224510,324510,0.38,0,1,19,4,0.699949264526367,1.6109943389892578,083af3a5f50d5b56f1aff11c10c50d7766e58d12937990eb450f627ad7052591,True
candidate,r2,loot-crate,224511,324511,0.08,0,0,4,0,0.6646871566772454,3.267049789428711,587a9a3b17d0cb0e79ae16415df47ef8900faa6010a47ccd6d5a40434b0badb5,True
candidate,r2,loot-crate,224512,324512,0.32,0,0,16,5,0.6787896156311031,2.0689964294433594,bfc2baa175478bbc56e15201486135efd02d0e55a64d62694ca359c472b06128,True
candidate,r2,loot-crate,224513,324513,0.48,0,0,24,8,0.6182909011840817,2.351999282836914,ed8cd249c15fb7f519fdc153d1b89093207a8f8751d2c74d69cfc0352b9e2177,True
candidate,r2,loot-crate,224514,324514,0.16,0,0,8,2,0.6136178970336909,1.7049312591552734,1ba4c8dd2905bdd53774eec2c17e8e59216ca3545a9fa20c33cc9fbc8d9c09de,True
candidate,r2,loot-crate,224515,324515,0.14,0,0,7,48,0.611114501953125,1.7118453979492188,30a09b28b39b08be90b70c343f986cbaa09fece49078797e92ab171f70c47ef1,True
candidate,r2,loot-crate,224516,324516,0.36,0,0,18,8,0.7875919342041008,1.7583370208740234,194f4790295df712485bd30b2fbbf3f9dff54f1b99b85bf03f6f476fd180ecc5,True
candidate,r2,loot-crate,224517,324517,0.2,0,0,10,2,0.6020545959472656,1.995086669921875,f826d228c90d2b708d27494f366c96c562d305c43ac4f7748a80b6ceb8b6e0d3,True
candidate,r2,loot-crate,224518,324518,0.08,0,0,4,4,0.17100572586059565,0.3409385681152344,328a0e7232ea311b46463c802efc819a4597045b136bf270f78d1deddba25548,True
candidate,r2,loot-crate,224519,324519,0.42,0,0,21,26,0.5099773406982422,1.325845718383789,dc2c3dd2c6d091195307e30415e1d4ee69c2e8ae829dc1272aef159f27b7e6fb,True
candidate,r2,loot-crate,224520,324520,0.18,0,1,9,2,0.2116680145263672,0.324249267578125,2b85e8b0a1a68d562f8f6d78ba781c8bfe0fe6c409d062c29dc89d12bb35d900,True
candidate,r3,peaceful,224101,324101,0.2222222222222222,0,0,2,43,0.2212882041931152,0.3750324249267578,178e35812d8111eb3a5d5db3406844d05103212b9fa97d76b7b8e179a85e30ff,True
candidate,r3,peaceful,224102,324102,0.4444444444444444,0,0,4,7,0.31307935714721674,0.4239082336425781,6ab2a429c4e47efb82e1842e45abd9b72ce4813e43e135816bf6461ff2ad9c8e,True
candidate,r3,peaceful,224103,324103,0.0,0,0,0,54,0.19316673278808588,0.8339881896972656,f7febd3d6d69c68c874594f43ef5848a6d2a021aed3976c43a2775faef13201d,True
candidate,r3,peaceful,224104,324104,0.5555555555555556,0,0,5,29,0.33831596374511697,1.0161399841308594,2503961a181bfcd69820acabd7154255729a3bc3e45f08f866b537661ca1f714,False
candidate,r3,peaceful,224105,324105,0.1111111111111111,0,0,1,3,0.20817518234252927,0.5829334259033203,2f1626b80db6408a51716d11f48af54bb91b07885e2d77062ed2863a572745b5,True
candidate,r3,peaceful,224106,324106,0.2222222222222222,0,0,2,18,0.3486156463623044,0.5691051483154297,3a4f7018f5e4e996fad56277b3fb4e172a8a942600bf523735f6afa0f313c94b,True
candidate,r3,peaceful,224107,324107,0.1111111111111111,0,0,1,29,0.38795471191406244,1.026153564453125,517b2eb6d34b6525ea9c214915a5ac9d7517537d7ab00a78370860e75d71024c,True
candidate,r3,peaceful,224108,324108,0.2222222222222222,0,0,2,42,0.24209022521972648,0.4069805145263672,21651cfa50995b0830f817d3d7cc4a403acf39227b2f966e816ba2b816bb5823,True
candidate,r3,peaceful,224109,324109,0.1111111111111111,0,1,1,3,0.1942396163940428,0.3199577331542969,9ff26cc41766ae47479f0cd9752903e558d61894fe600bc2c5a20705f25bb747,True
candidate,r3,peaceful,224110,324110,0.1111111111111111,0,0,1,54,0.1762270927429199,0.392913818359375,52298c28b93b9bd610ebcc4328eca3846501dc7f7a897e1dbcc70418fbb31201,True
candidate,r3,peaceful,224111,324111,0.0,0,0,0,19,0.3214001655578611,0.5128383636474609,0d04b7390951d548d72b5a824dfac727ff1d3dad8db2da300b25218b9ddcee8d,True
candidate,r3,peaceful,224112,324112,0.2222222222222222,0,0,2,52,0.323200225830078,0.8511543273925781,7c87311e46782bc16f386c866a57a18525e03ba70eef1d36fa2c612c373299c5,True
candidate,r3,peaceful,224113,324113,0.1111111111111111,0,0,1,17,0.22302865982055653,0.6661415100097656,5738bdeb0904e3a2802e2585b7d85731a4f3a813918fb1f6f5dfa35531bdd47d,True
candidate,r3,peaceful,224114,324114,0.5555555555555556,0,0,5,12,0.43611526489257807,0.6988048553466797,31b2a95f1a452c7c0a8cc97e67a598b048c274c6583991598335b177d64e35cf,True
candidate,r3,peaceful,224115,324115,0.3333333333333333,1,0,8,11,0.2803444862365721,0.5235671997070312,16c6a001796b8b183c9e64bb6a1a6337a481ec1bd070d45192848f896457f2db,False
candidate,r3,peaceful,224116,324116,0.2222222222222222,0,0,2,45,0.4412055015563955,1.4450550079345703,37e507be531db496b1c132fa7540763816b4fc2dadadec2a77441fdd6baa8814,True
candidate,r3,peaceful,224117,324117,0.1111111111111111,0,0,1,0,0.1850128173828125,0.39076805114746094,9843d8518033efaab0b01f22ca2c8a67f69153e8f7cbae3c9d7dd175f49b1efe,True
candidate,r3,peaceful,224118,324118,0.4444444444444444,0,0,4,43,0.2130150794982909,0.29587745666503906,fd2ad663859655e540ad396deecf337b78caff6ac05672a24f96159693409534,True
candidate,r3,peaceful,224119,324119,0.1111111111111111,0,0,1,36,0.24509429931640625,0.3027915954589844,7da2a0cad5d8f4287703dc5d5e584c8d634e119798a2faa14b26d4c6a3a19a25,True
candidate,r3,peaceful,224120,324120,0.4444444444444444,1,0,9,11,0.2031803131103515,0.4248619079589844,46152cc5779869c2620f2d778675e0e5e0921616611c71a98b5b0626d905f22c,True
candidate,r3,coincollector,224201,324201,0.3333333333333333,0,1,3,23,0.7350444793701169,1.4982223510742188,4c7e5ca97548b08ee5a7f12ed9096b3cec037e8b53bfe035d48b7c225aa464a8,False
candidate,r3,coincollector,224202,324202,0.1111111111111111,0,0,1,2,0.7205605506896973,0.9579658508300781,5582f7c6822c80f2122567498be6155a9326a4cdd838213559d1d7a631118677,True
candidate,r3,coincollector,224203,324203,0.0,0,0,0,46,1.1675953865051265,6.074190139770508,238e482952b3ee4b2dbcd1337816523d3582af8194800c4d89d479e3c474d81e,False
candidate,r3,coincollector,224224,324224,0.2222222222222222,0,0,2,9,1.4686346054077133,3.97491455078125,4a9cc30662c809734d5f7b282dad59982c62e9d367e494366d2901ff92416ec9,False
candidate,r3,coincollector,224205,324205,0.2222222222222222,0,0,2,12,1.207649707794189,3.3690929412841797,cf7651c0a8f7782ff460b32780f1dd0edf60bb4d99728823d39ba4b634673c4e,False
candidate,r3,coincollector,224206,324206,0.3333333333333333,0,0,3,6,0.4642844200134277,1.251220703125,498bb4b096ccf81a9825afa4f3e61172221af3a6ac2fa7b37ace48044bb2eee4,True
candidate,r3,coincollector,224207,324207,0.3333333333333333,0,0,3,12,1.68514251708984,8.972883224487305,a20ca35f95d63889df51a03bc032b4b72956d0eef9955b990de742e238ce179c,False
candidate,r3,coincollector,224208,324208,0.3333333333333333,0,0,3,8,1.2971162796020508,4.120826721191406,bf61926565058de81f42d5b60500cda504471650e98b9092076252edc2ba5342,False
candidate,r3,coincollector,224209,324209,0.3333333333333333,0,0,3,7,0.874257087707519,1.5511512756347656,2019a3fa34bd7899d0ba0bc8c5b92bc814b5aa7f234e6abc4a46df854b63c632,False
candidate,r3,coincollector,224210,324210,0.5555555555555556,0,0,5,18,0.5963802337646481,1.5308856964111328,1703d63adc0b4b96565bb16212398e1e16ff1c65b7c4de146dc0881698624d98,False
candidate,r3,coincollector,224211,324211,0.2222222222222222,0,1,2,13,0.7697343826293945,1.5947818756103516,cf3ab81e1e78ea9b329e1ecf18fbf8912e045907b74eb6e1d063317756a3e24a,False
candidate,r3,coincollector,224212,324212,0.2222222222222222,0,0,2,15,0.932097434997559,1.6100406646728516,660aa1b8d4fbfdd70ce5aaf5dc9c666ffdad71e2eb5beafc2e89f82f36a73766,False
candidate,r3,coincollector,224213,324213,0.1111111111111111,0,1,1,8,1.3883590698242185,4.800081253051758,8cf20c79c3f929e1e319a6511590f14e83e55bb60b4fb3c80bed8def936d96fd,False
candidate,r3,coincollector,224214,324214,0.4444444444444444,0,0,4,8,1.440846920013427,3.8290023803710938,20710fc25c573b6ec28a7f2de190f2c7c20d6f0383fbc8513b154659a065ca10,False
candidate,r3,coincollector,224215,324215,0.1111111111111111,0,1,1,11,0.9765267372131343,2.0580291748046875,72da6c0f5961d5e153da7c06bf1034d16796028586904c19d2a8db55f03aa432,False
candidate,r3,coincollector,224216,324216,0.0,0,1,0,2,0.5890369415283202,0.8308887481689453,34cccce054051f3a595a821892f8445e53803604b3fe69129ed615f4547d4ebe,False
candidate,r3,coincollector,224217,324217,0.2222222222222222,0,0,2,12,1.1257171630859366,2.1071434020996094,e35c5c94bc491a2b1183289314d81b934807a47e35c555543c904f8c1177c4cc,False
candidate,r3,coincollector,224218,324218,0.3333333333333333,0,0,3,7,1.4988422393798793,7.23719596862793,831cffb342e6084ce911d03f7074ed886cf7a96dcf8bd4480f9bbf97f50a0db2,False
candidate,r3,coincollector,224219,324219,0.5555555555555556,0,1,5,16,0.9210586547851562,2.4819374084472656,98ca3e1e4008b72e2f98e397d737c05267c813dc0cd4dec27834506aeca91805,False
candidate,r3,coincollector,224220,324220,0.1111111111111111,0,0,1,28,0.8130669593811033,2.972126007080078,67aa398569fae8491c576b15e3ca02ee8b9a9e17aa04723b04822a66f9234915,False
candidate,r3,classic,224301,324301,0.0,0,1,0,0,0.42848587036132774,0.7407665252685547,ec30808185e1b958a2f633663613211b97d6a122e805dd06ab2848cad482b6ca,True
candidate,r3,classic,224302,324302,0.0,0,1,0,2,0.3695368766784667,0.7138252258300781,3e57991f239555e81a7bf39d79e4fa463bb54fb22bed855d9ce7abba3e9dcabe,True
candidate,r3,classic,224303,324303,0.0,0,0,0,3,0.3202080726623533,0.6160736083984375,65a98160aefbcc064cbc3612936f9e14f1c4676c5896bcb3610b449103041138,True
candidate,r3,classic,224324,324324,0.0,0,0,0,6,0.5191326141357421,1.506805419921875,a737c5ed5f3cdacfa629ccb930c7a1cee8275c7f4b1f9560d5ee8c3aaec44dbf,True
candidate,r3,classic,224305,324305,0.3333333333333333,0,0,3,7,0.5972981452941892,1.4560222625732422,3d8ad70096730ff4232e3c5999300e991de36ed477089bf3de4557c4655880b5,True
candidate,r3,classic,224306,324306,0.3333333333333333,0,0,3,19,0.5000591278076171,2.585172653198242,3f707ccdd16eb7d6cb5bc4052e51746d18d8202594e6ea79d887a85f1bfbfc41,True
candidate,r3,classic,224307,324307,0.2222222222222222,0,0,2,41,0.20028352737426736,0.5259513854980469,ee62d1965031fbb4854cb2e9e33ff2e9bb741f407afe50664333275d6cecbb77,True
candidate,r3,classic,224308,324308,0.6666666666666666,0,0,6,21,0.5910754203796387,4.173994064331055,726cf71010f3027c7f862aa59a58394a68323cd171931bd9910b5f62c925b580,True
candidate,r3,classic,224309,324309,0.2222222222222222,0,0,2,5,0.655758380889892,1.7538070678710938,cd8f60c9b545614b8eae5bcbdd7b6aa4e27401447c8fa1138fbabf1fdc7a067a,True
candidate,r3,classic,224310,324310,0.0,0,0,0,0,0.7800340652465819,4.445791244506836,ff1f9873e824868b58a9fc91eac532e04cd46253d6fe5183863a7b5c3fe06981,True
candidate,r3,classic,224311,324311,0.2222222222222222,0,0,2,7,0.35601854324340815,1.7209053039550781,e1917bfaa789fb127dbf215a3cda8f8eec1bd4f926bc992d6e5a97fdf83c4651,True
candidate,r3,classic,224312,324312,0.3333333333333333,0,0,3,0,0.35692453384399414,1.3689994812011719,f79e544a14c79df9462abc111255cbec25482cbd09e811e600d318675698ac18,True
candidate,r3,classic,224313,324313,0.0,0,0,0,25,0.5500078201293934,3.1027793884277344,0af47ccc842dbc8e6aacf56a3b78719a36bdf14c23c75ec8b03d552aed250865,True
candidate,r3,classic,224314,324314,0.2222222222222222,0,0,2,24,0.5839586257934546,1.4891624450683594,dcdc988b07153da6fcd396a6162f684b0cd8ef4f4a7c6a9bcac608a8a8d1fcd1,True
candidate,r3,classic,224315,324315,0.2222222222222222,0,0,2,64,1.1477828025817864,5.176067352294922,d162bb6caa3edddf29293657050fc99f1665c21b371628f6ef042f507fc776c1,True
candidate,r3,classic,224316,324316,0.5555555555555556,0,0,5,12,0.8093118667602536,3.5698413848876953,8774eb96d015f49db6a23401c0cf9e457a214bf91e4cdbedab477e5d0ab6709c,True
candidate,r3,classic,224317,324317,0.3333333333333333,0,0,3,4,0.4328370094299311,9.317874908447266,bc9f2373f35404cdc14f0e76eec9ec0090cef7bee4cf0fc759bad801ebcdb530,True
candidate,r3,classic,224318,324318,0.3333333333333333,0,0,3,6,0.2671241760253905,1.1560916900634766,54b84d3e34fd8646d29d393ccff197634aa8b7922747e22b281f8855918a3b70,True
candidate,r3,classic,224319,324319,0.3333333333333333,0,0,3,17,0.4563331604003904,1.4362335205078125,73d2db97b6d18be834a67b1fb9c94026e78eaf147d1cab161af71b7b14da0579,True
candidate,r3,classic,224320,324320,0.1111111111111111,0,0,1,47,0.3923296928405756,1.7290115356445312,6dfc175f7b754970ec6dd192e677f0835fdaf45b5e66d3ced811078e98ebe0b0,True
candidate,r3,coin-heaven,224401,324401,1.0,0,0,50,0,0.181770324707031,0.2377033233642578,8529fb259bdadc554f554290e25ed9f6a3c3a2fddc10a6bc5d73c5e30323a942,True
candidate,r3,coin-heaven,224402,324402,1.0,0,0,50,0,0.1379013061523437,0.49376487731933594,8407c61071e0109d916f22a96c889b258907f6a1de729d4d1a047393c3e9bc1f,True
candidate,r3,coin-heaven,224403,324403,1.0,0,0,50,0,0.12693405151367176,0.2791881561279297,ed784568977cb2eb5073dfc54d10c4beb9c89f3091efad58665fdff219ac2dd8,True
candidate,r3,coin-heaven,224404,324404,1.0,0,0,50,0,0.22304058074951172,0.35309791564941406,b241c90f50ed3da1527ebbf173f2b07d2829e2130ff8abbde9f1c7c3aaa585b3,True
candidate,r3,coin-heaven,224405,324405,1.0,0,0,50,0,0.12068748474121092,0.21600723266601562,dc3ac7ea72cb8467e6c637efb8c0572c51686132b4e73393daa9f5a16a91feb0,True
candidate,r3,coin-heaven,224406,324406,1.0,0,0,50,0,0.22897720336914068,0.3638267517089844,5acade4be9656c3826c2dd11a08828796b0d2f8dbf166adc727668f9a2c20ef9,True
candidate,r3,coin-heaven,224407,324407,1.0,0,0,50,0,0.1341581344604492,0.4630088806152344,da8241a8dc5c114468d20ef4bd6e7836ebc5673c0ef4b86a3968e2966f09ebbe,True
candidate,r3,coin-heaven,224408,324408,1.0,0,0,50,0,0.2517700195312498,0.32329559326171875,9cfb42ac42c4cf8a815820ec2a99b8c84f49954bc54df5bb74c27f92bc900c9a,True
candidate,r3,coin-heaven,224409,324409,1.0,0,0,50,0,0.13180971145629883,0.21791458129882812,891cddb783b1c07249601581700d1fadd87edcf0201852b9f0b4bb69b3743d40,True
candidate,r3,coin-heaven,224410,324410,1.0,0,0,50,0,0.18754005432128898,0.24700164794921875,28557865f6bc5fd7e3a93f4de99c7e06775957527a020eb51513f71f2d19ea8f,True
candidate,r3,coin-heaven,224411,324411,1.0,0,0,50,0,0.20723342895507804,0.45609474182128906,4e7b73e1060f5b07ece88de854edcc46d6e55cf5b0784100d7d1dfcff378625b,True
candidate,r3,coin-heaven,224412,324412,1.0,0,0,50,0,0.17794370651245117,0.2601146697998047,0f933a69d0a97ab67462e9a309e588a627d9f37b9fe416b3cf931d7dbf279178,True
candidate,r3,coin-heaven,224413,324413,1.0,0,0,50,0,0.11358261108398438,0.2219676971435547,25ef0d2238373ad3fadbe2bf0e55c5d5c48f2f626251506debd99bcccdaf98bc,True
candidate,r3,coin-heaven,224414,324414,1.0,0,0,50,0,0.26602745056152327,0.2999305725097656,eb47993aca868a8708483fa09cb18a88ac0807c9aba7497fc3d16178bb9005f2,True
candidate,r3,coin-heaven,224415,324415,1.0,0,0,50,0,0.20637512207031244,0.35381317138671875,1bfbc11b9845d88d2f83309f33e8d4165b3b651dfb26737237de13906a495220,True
candidate,r3,coin-heaven,224416,324416,1.0,0,0,50,0,0.19836425781249983,0.31304359436035156,f7d926803ff0b0e49244729778c7e74d7905183c1dd1dd2950bca18e0bd3fa5e,True
candidate,r3,coin-heaven,224417,324417,1.0,0,0,50,0,0.16818046569824197,0.6151199340820312,e0e841f5255d37540f85f0d93e14175d85ff9b05e1f04fb66dd50b15ab84e297,True
candidate,r3,coin-heaven,224418,324418,1.0,0,0,50,0,0.20769834518432617,0.263214111328125,3b1771362b3b595dca4d0f68a355c46af26a9f530bf70aa501902aaef3c90b3c,True
candidate,r3,coin-heaven,224419,324419,1.0,0,0,50,0,0.20918846130371094,0.2560615539550781,d817b8b94864d719ce35101dca6b01deeb5b024bd1bd2f289f15a14f025ee0c4,True
candidate,r3,coin-heaven,224420,324420,1.0,0,0,50,0,0.27509927749633784,0.31280517578125,7938357f9dc8a162bb4bb756a755de6ea4bc280bdfe59de596cb6e021e387258,True
candidate,r3,loot-crate,224501,324501,0.48,0,0,24,8,0.24623870849609358,1.1248588562011719,5a590e82cddcc0cf3f59ccff18cca09981743e7398c819326eac28a6762674a2,True
candidate,r3,loot-crate,224502,324502,0.4,0,0,20,29,0.27904510498046864,0.5440711975097656,e962169bf3e6d20c4d2fb6a1d190046e6da0ba5c03ebfa438697688dc708ee7f,True
candidate,r3,loot-crate,224503,324503,0.22,0,0,11,18,0.17100572586059565,0.4138946533203125,551c7d0baf5ae7be6aebfd357d636d587906cc5dc98f496101a3bba6bfdc5e7b,True
candidate,r3,loot-crate,224504,324504,0.34,0,0,17,7,0.19894838333129872,0.3459453582763672,05ea6ecc42594574aa4d7691f6ade89bad6dfdbdddd483f3ebd2871b3979a468,True
candidate,r3,loot-crate,224505,324505,0.28,0,0,14,7,0.16621351242065427,0.39005279541015625,fea9be92e5419a5b39e0422639cc5611199343cfb667b11f308165c66138b1d7,True
candidate,r3,loot-crate,224506,324506,0.06,0,0,3,2,0.1600265502929687,0.4520416259765625,38905351b96274dd68094cf3bec252ba7288972c8a3cc730231ff000253055a6,True
candidate,r3,loot-crate,224507,324507,0.52,0,0,26,11,0.26702880859375,0.3447532653808594,47001f4597e8142fac76ea8d5b12bb5f6821a352fb81c7ccbfda070840195f95,True
candidate,r3,loot-crate,224508,324508,0.12,0,1,6,0,0.14930963516235352,0.26702880859375,ad1fcf80859f51d647ee5ea090dec1690120d2af2d765a84872e0d5fc6e1a126,True
candidate,r3,loot-crate,224509,324509,0.24,0,0,12,7,0.19220113754272458,0.3199577331542969,b5e0345bdaac25e8fc04caa05add1ecf20d4e62741b0a3e6ae5e7e537a41db7e,True
candidate,r3,loot-crate,224510,324510,0.42,0,0,21,5,0.15816688537597648,0.5602836608886719,c3a5fe36a0042236bbc130914a3d01328317849f8e1de6feca52474a11765ec9,True
candidate,r3,loot-crate,224511,324511,0.26,0,0,13,2,0.15178918838500963,0.33593177795410156,480bc1232569635896661b5179f3e6ab99e102b8a82d1bcaaf36329f998c47c8,True
candidate,r3,loot-crate,224512,324512,0.26,0,0,13,32,0.21414756774902338,0.6558895111083984,8cc59b2b0f8ad91ebf57b9c474a26bf2f10732396298bcffee9d8b854e60dd56,True
candidate,r3,loot-crate,224513,324513,0.46,0,0,23,21,0.3190040588378906,0.9820461273193359,2c624fa8c2c8c4ad22e7acc253c5b8eb359f1ea9c9f498e618c8fb5875380457,True
candidate,r3,loot-crate,224514,324514,0.16,0,0,8,2,0.16098022460937494,0.701904296875,1ba4c8dd2905bdd53774eec2c17e8e59216ca3545a9fa20c33cc9fbc8d9c09de,True
candidate,r3,loot-crate,224515,324515,0.08,0,0,4,49,0.2796292304992672,0.7281303405761719,551bf4821b794a473e500c03f06179b2ddb07d177d2bcb02a6d6d22c540a3220,True
candidate,r3,loot-crate,224516,324516,0.36,0,0,18,5,0.1981735229492187,0.6971359252929688,34202a0dc2c639b47682d12eaf75979e2d8b9a8ec6ff5223c5fa7966d9d88528,True
candidate,r3,loot-crate,224517,324517,0.2,0,0,10,34,0.2754330635070798,0.7741451263427734,6002af30c0d657bc493f8d916d59c9f756c58bdfce39bab4b89cafee100e628d,True
candidate,r3,loot-crate,224518,324518,0.16,0,0,8,2,0.8240222930908203,2.565145492553711,4c350ad3e3ff5c843780adadef0602669e94dc27136e6c36c502788d2fec50b4,True
candidate,r3,loot-crate,224519,324519,0.22,0,0,11,2,0.29110908508300737,0.8032321929931641,6e8fa1beafb9ed5f5846c977eb695c7a35617e7157a1f401c4dfab778240e0fd,True
candidate,r3,loot-crate,224520,324520,0.22,0,0,11,5,0.2794027328491198,0.6620883941650391,44e86149394f119abc97eb8f596ec641ed932f4564640a61264c41a9f9155720,True
candidate,r4,peaceful,224101,324101,0.0,0,0,0,0,0.9032726287841787,2.130746841430664,396bdc517608212c38dd12a00d5f720c45d3a718001b22ac658bc205fe40ba9c,True
candidate,r4,peaceful,224102,324102,0.2222222222222222,0,0,2,1,0.7869839668273924,2.919912338256836,4d30765f6edd54fa028207ced70ae9e70624cb017a12bcfbb4d320fadc40eeb3,True
candidate,r4,peaceful,224103,324103,0.5555555555555556,0,0,5,6,1.3814568519592263,1.989126205444336,b84b356c2d660456cd608c41a0485038cc9f6399e01900acd3b1f6c73b926d35,True
candidate,r4,peaceful,224104,324104,0.5555555555555556,0,0,5,4,0.6882309913635253,1.566171646118164,505899f5ec820b0fd9f6cb3fd9989f20459e1dc2f11262777ec8155a6f24fbf1,True
candidate,r4,peaceful,224105,324105,0.1111111111111111,0,0,1,3,0.6159424781799315,1.3060569763183594,3e1aa4722c306695ed8bf3343e13b57e2496c453dcb704879f842556bbe5c7de,False
candidate,r4,peaceful,224106,324106,0.0,0,0,0,46,0.6367325782775876,1.313924789428711,ac9ff660e40cb1374fab07490f836982ae132eae715b6f5f49feaacf0ab26494,True
candidate,r4,peaceful,224107,324107,0.0,0,0,0,0,0.8558154106140129,1.4069080352783203,cdb2b7d266681ebf2d07170b625e11d9c0efbd2313db88a2d5a9e870f4f0a22d,True
candidate,r4,peaceful,224108,324108,0.2222222222222222,0,0,2,0,0.7590055465698241,3.2880306243896484,04c529bd4eaf1b374e49a413a5c8218dbff270badcf4aa0108a1e0daa7752ef9,True
candidate,r4,peaceful,224109,324109,0.0,0,0,0,0,0.9161949157714825,2.4907588958740234,cb83a7c921be30aba660c9adbc040adc3db828a0473222a7cb621eb69d60b8f9,True
candidate,r4,peaceful,224110,324110,0.1111111111111111,0,0,1,1,1.0439157485961914,10.734796524047852,8a39bbdafcad78c9878f378f5752e121299e16ed81ace7d4409db8448809f0fd,True
candidate,r4,peaceful,224111,324111,0.0,0,0,0,1,1.0322928428649898,3.6869049072265625,f788ef67a5341d81c54a3a502b1b6ccd0c0dfc7cdcb7f5466bce96a97a289e9c,True
candidate,r4,peaceful,224112,324112,0.0,0,0,0,0,0.5918145179748535,4.582881927490234,396bdc517608212c38dd12a00d5f720c45d3a718001b22ac658bc205fe40ba9c,True
candidate,r4,peaceful,224113,324113,0.0,0,0,0,142,0.9176135063171381,2.580881118774414,5d0e9cd92b0879b0ddc2c089b64eea4895846cebc66a86d089bea38967b82f4f,True
candidate,r4,peaceful,224114,324114,0.0,0,0,0,1,0.8775830268859859,21.975994110107422,48bed72037c352640490dc4832c8a06f4c460fc1954fa741582b7193aa78ef95,True
candidate,r4,peaceful,224115,324115,0.0,0,0,0,0,0.5477190017700191,1.4388561248779297,cc35a9652c8a83b52468d6afd03ecbdfb00e702ac416bbea53e9345db0f47f92,True
candidate,r4,peaceful,224116,324116,0.0,0,0,0,0,0.6215810775756831,1.302957534790039,204bb332e8ba0935e729dd54bef108c155339ec9252fc041f2414d1d82491154,True
candidate,r4,peaceful,224117,324117,0.5555555555555556,1,0,10,16,0.5429863929748534,1.8787384033203125,fdae52cee7201f65d4e831df8ef79d83ed33a0ee4dccac5960eb80fb06cf2b34,False
candidate,r4,peaceful,224118,324118,0.8888888888888888,1,0,13,13,0.591003894805908,2.4268627166748047,cde87c21ffb09a89aac4fb941c69d28842b6bf77a70c32bc5642f92501ac62c3,False
candidate,r4,peaceful,224119,324119,0.0,0,0,0,0,0.5827426910400386,1.3589859008789062,b4dd3ab453fabce7315db8b2d9c30ee79e219455ecd01fba4660a48b19013495,True
candidate,r4,peaceful,224120,324120,0.1111111111111111,0,0,1,0,0.5723118782043426,2.3000240325927734,dea42a66b56517ca2cc50e642a3c6f75de2502e148e86e644d30a04906c43de2,True
candidate,r4,coincollector,224201,324201,0.5555555555555556,1,0,10,6,1.1659622192382795,4.110097885131836,63688f4b338cd0c51ee723c43f3ec8d0097fc6e1856724885f35dc9895ae98d1,False
candidate,r4,coincollector,224202,324202,0.4444444444444444,0,0,4,8,1.224410533905029,2.662181854248047,59c4f70ae418ebb0f211ac1fc3812151e0855c6f23148ca369127fd51757e586,False
candidate,r4,coincollector,224203,324203,0.0,0,0,0,0,1.0975360870361317,2.2690296173095703,ed6f8c161c30cee8fe0ab761b486dd0914c537149e9dea9c23c03c2bc974e29e,False
candidate,r4,coincollector,224224,324224,0.2222222222222222,0,0,2,8,1.3751745223999021,3.3690929412841797,c05fe0f39d27e0faf973061f6b07aee7b6c91a91cf7446cafb7f3ef40688d832,False
candidate,r4,coincollector,224205,324205,0.4444444444444444,0,0,4,8,1.041281223297118,3.6792755126953125,a25770998450b839918ecfe678bfb8f285d4b777f8cd70cdd5ba2a6370b2f429,False
candidate,r4,coincollector,224206,324206,0.4444444444444444,0,0,4,16,1.1600136756896964,4.256010055541992,5e5e3e35b2b50468c9f46884ace8b17a35da848fae5bdfeba2c5f58d3bcf49ca,False
candidate,r4,coincollector,224207,324207,0.1111111111111111,0,1,1,5,0.690627098083496,1.2998580932617188,750b68e789181bc8d2a3b0948427021a0efe301ac2db672f4fcae44990540022,False
candidate,r4,coincollector,224208,324208,0.3333333333333333,0,0,3,8,0.5560517311096191,2.1681785583496094,0ba7e298ebd643fb9d2c2dcc8209e2b1af9c0a9d83027f7caf18c57cb5f58983,False
candidate,r4,coincollector,224209,324209,0.2222222222222222,0,1,2,6,1.8329739570617654,8.014678955078125,6531b0d3e9f711841074fe8dd6f2ab909203134b8477f1ecfe25ce3bb37106d5,False
candidate,r4,coincollector,224210,324210,0.2222222222222222,0,1,2,4,0.6922483444213856,0.9958744049072266,99e1ba7644ddc95f1fd5f53c55a143759352fef8b6ac32786a21fb3a7e10adc7,False
candidate,r4,coincollector,224211,324211,0.2222222222222222,0,0,2,12,1.3860225677490232,7.348060607910156,8e39c12c48bdb8b7ac36728e47fe9b3e9ed9ab86bc567d05b5d70193b853337d,False
candidate,r4,coincollector,224212,324212,0.0,0,0,0,8,1.0663747787475581,3.6191940307617188,edc52066dab456c1a5472b3ea5bbabf24e7d185d064ca1777195c265356e5411,False
candidate,r4,coincollector,224213,324213,0.0,0,0,0,1,0.7177233695983879,2.245187759399414,6582105ed949a525cefce514510ecd5d757947dfaaf0eb3bdbd68a018d05b2fa,False
candidate,r4,coincollector,224214,324214,0.0,0,1,0,4,1.2852668762207025,4.771709442138672,4ff9dd9c83a2234dea2a0e69402e59413fd67f0c746741837a3c9241bbc9ad8d,False
candidate,r4,coincollector,224215,324215,0.1111111111111111,0,0,1,9,0.5190491676330564,1.9190311431884766,ada54b1a6d873f32e6c2b4d8537512618eeb8bd03a8aa3010c1812b1518e9aea,False
candidate,r4,coincollector,224216,324216,0.2222222222222222,0,0,2,10,0.41420459747314453,1.4929771423339844,97eec04afe69233fa87d1cc732ba728af3704eaf63b7bf4c556d66957fa91dad,False
candidate,r4,coincollector,224217,324217,0.2222222222222222,0,1,2,5,0.6301164627075194,1.1057853698730469,459438a0c3ccf73733c34fd4fa0fde197e5225032fb0882f1aa32a673cb02327,False
candidate,r4,coincollector,224218,324218,0.1111111111111111,0,1,1,20,0.38455724716186507,0.6451606750488281,5bf5b236ca143a833b0427222be87b1622f84fc1865b6f3c6c1777b50f6e4089,False
candidate,r4,coincollector,224219,324219,0.1111111111111111,0,0,1,2,0.3513097763061523,0.6630420684814453,3e27f73fc81ef2fc81bfa5386a6c0c2d5f44ed668513607e018f832bb22652a8,True
candidate,r4,coincollector,224220,324220,0.3333333333333333,0,0,3,8,0.6413340568542476,1.0669231414794922,048018bf4bb27b294ec0a5572a8077a805c8df36a0f3d0a4609eef8e96b5fbbf,False
candidate,r4,classic,224301,324301,0.1111111111111111,0,0,1,1,0.19602775573730463,0.40793418884277344,6bc9fc597120bc7cf973d04f69304fcd56e8a1e1e74cbd6bcf380976a4a4ea93,True
candidate,r4,classic,224302,324302,0.0,0,0,0,46,0.13723373413085924,1.5349388122558594,07d6a82f4dc3271da82c000dbb24e1033d24badecab5dbd17db23443062493c8,True
candidate,r4,classic,224303,324303,0.1111111111111111,0,0,1,21,0.15428066253662084,0.45108795166015625,634c01ccefbd932e16eb1e9c281661f1479d0156e2c746565752e570da9ddebd,True
candidate,r4,classic,224324,324324,0.0,0,0,0,47,0.12317895889282213,0.3750324249267578,5c743aef947b5b8a708c5a805c9c057c2131dcc5ce6265ede133af5cc3b15eb9,True
candidate,r4,classic,224305,324305,0.3333333333333333,0,0,3,1,0.1638412475585937,0.30803680419921875,71535af74a456138eb271491d79af80267e6cce8011ee9f044bbabf2c13eb22a,True
candidate,r4,classic,224306,324306,0.2222222222222222,0,0,2,4,0.20014047622680653,0.6110668182373047,31648d7942cbac71546dc7b196beae7691c455d5158707b0f3ceb42b0ae2481d,True
candidate,r4,classic,224307,324307,0.4444444444444444,0,0,4,14,0.1800060272216797,0.3402233123779297,a6268e51b8f5749a73f018de57151180f4b7b7024b99863b95a76f47bda2db18,True
candidate,r4,classic,224308,324308,0.2222222222222222,0,0,2,3,0.1480579376220703,0.6060600280761719,837f2e7fcd38e8c46a0b6fa4a85b58c5942ad843456db24f97ab3556d9fc9bb1,True
candidate,r4,classic,224309,324309,0.3333333333333333,0,0,3,10,0.17077922821044916,0.6098747253417969,8293957728d5ccdf7d493dbc39d3cf957588b29e096826b033182c72696bc383,True
candidate,r4,classic,224310,324310,0.0,0,0,0,0,0.1380443572998047,0.29087066650390625,2e49624fc605f12809be39a9ba603f43cef2f603fecffe78c673b9be897d6d69,True
candidate,r4,classic,224311,324311,0.3333333333333333,0,0,3,11,0.1690387725830078,0.5228519439697266,b529417c19bfbfc8f313a5924cf10eac26e2d3c092ab5313c3ab6866cd0e6b87,True
candidate,r4,classic,224312,324312,0.1111111111111111,0,0,1,1,0.12099742889404286,0.29015541076660156,f85f6bc1ee64fd693965c3cc7c08d578f7bb5276c8ef86815ea62aa10eefeb0b,True
candidate,r4,classic,224313,324313,0.0,0,0,0,1,0.15809535980224584,0.3173351287841797,890dc1feda9a48a505ec3f5ce93ec04a12e0ba11d71c4829a29ad2ce76d82cef,True
candidate,r4,classic,224314,324314,0.3333333333333333,0,0,3,4,0.15311241149902338,0.331878662109375,f5ebfa6501558746379bbb011097492c9cd27298f0ba9c5d0e56db10aab64a23,True
candidate,r4,classic,224315,324315,0.3333333333333333,0,0,3,4,0.15093088150024414,0.3192424774169922,cfc5a5e8ad1f32f2a75d96ca3cf3c6db5ef0257163fef96d5778e7ab990692b8,True
candidate,r4,classic,224316,324316,0.2222222222222222,0,1,2,1,0.25157928466796853,0.6022453308105469,f42bd4ddcc8820e696addc58265f6375afbacf4d29de3ba13e2db9222a0fc9cf,True
candidate,r4,classic,224317,324317,0.3333333333333333,0,0,3,1,0.18630027770996085,0.3447532653808594,21de6ac1db97bbd1078d4bd25794362d769de6f4fc302075c38cfaadbbd3a05a,True
candidate,r4,classic,224318,324318,0.1111111111111111,0,0,1,20,0.15385150909423823,0.6830692291259766,e5f5f9c7c5823b738b7bafed86f025f6b5c02425e9ef46f308e188fe8af2c848,True
candidate,r4,classic,224319,324319,0.0,0,0,0,0,0.11588335037231444,0.3159046173095703,8037b84ac71e20887fdf80db20e9d2bff93893596ca9bbd1b47bba5d7e932db0,True
candidate,r4,classic,224320,324320,0.1111111111111111,0,0,1,0,0.13910531997680653,0.30612945556640625,1672977d73e753f8ab9e9a1ec8f77ba83337bc00ee9b507f64a0b64c3a185ec0,True
candidate,r4,coin-heaven,224401,324401,1.0,0,0,50,0,0.24286508560180653,1.1799335479736328,8529fb259bdadc554f554290e25ed9f6a3c3a2fddc10a6bc5d73c5e30323a942,True
candidate,r4,coin-heaven,224402,324402,1.0,0,0,50,0,0.21553039550781247,0.4467964172363281,8407c61071e0109d916f22a96c889b258907f6a1de729d4d1a047393c3e9bc1f,True
candidate,r4,coin-heaven,224403,324403,1.0,0,0,50,0,0.17886161804199213,0.3399848937988281,ed784568977cb2eb5073dfc54d10c4beb9c89f3091efad58665fdff219ac2dd8,True
candidate,r4,coin-heaven,224404,324404,1.0,0,0,50,0,0.27632713317871094,0.7388591766357422,b241c90f50ed3da1527ebbf173f2b07d2829e2130ff8abbde9f1c7c3aaa585b3,True
candidate,r4,coin-heaven,224405,324405,1.0,0,0,50,0,0.28593540191650385,0.4558563232421875,dc3ac7ea72cb8467e6c637efb8c0572c51686132b4e73393daa9f5a16a91feb0,True
candidate,r4,coin-heaven,224406,324406,1.0,0,0,50,0,0.516200065612793,1.3780593872070312,5acade4be9656c3826c2dd11a08828796b0d2f8dbf166adc727668f9a2c20ef9,True
candidate,r4,coin-heaven,224407,324407,1.0,0,0,50,0,0.4767894744873045,0.7259845733642578,da8241a8dc5c114468d20ef4bd6e7836ebc5673c0ef4b86a3968e2966f09ebbe,True
candidate,r4,coin-heaven,224408,324408,1.0,0,0,50,0,0.339102745056152,0.640869140625,9cfb42ac42c4cf8a815820ec2a99b8c84f49954bc54df5bb74c27f92bc900c9a,True
candidate,r4,coin-heaven,224409,324409,1.0,0,0,50,0,0.3123164176940917,0.7622241973876953,891cddb783b1c07249601581700d1fadd87edcf0201852b9f0b4bb69b3743d40,True
candidate,r4,coin-heaven,224410,324410,1.0,0,0,50,0,0.2694606781005859,0.7061958312988281,28557865f6bc5fd7e3a93f4de99c7e06775957527a020eb51513f71f2d19ea8f,True
candidate,r4,coin-heaven,224411,324411,1.0,0,0,50,0,0.35226345062255787,0.9598731994628906,4e7b73e1060f5b07ece88de854edcc46d6e55cf5b0784100d7d1dfcff378625b,True
candidate,r4,coin-heaven,224412,324412,1.0,0,0,50,0,0.39613246917724604,0.9579658508300781,0f933a69d0a97ab67462e9a309e588a627d9f37b9fe416b3cf931d7dbf279178,True
candidate,r4,coin-heaven,224413,324413,1.0,0,0,50,0,0.411224365234375,0.9582042694091797,25ef0d2238373ad3fadbe2bf0e55c5d5c48f2f626251506debd99bcccdaf98bc,True
candidate,r4,coin-heaven,224414,324414,1.0,0,0,50,0,0.42982101440429654,1.135110855102539,eb47993aca868a8708483fa09cb18a88ac0807c9aba7497fc3d16178bb9005f2,True
candidate,r4,coin-heaven,224415,324415,1.0,0,0,50,0,0.4304409027099608,0.8480548858642578,1bfbc11b9845d88d2f83309f33e8d4165b3b651dfb26737237de13906a495220,True
candidate,r4,coin-heaven,224416,324416,1.0,0,0,50,0,0.5888819694519033,1.2369155883789062,f7d926803ff0b0e49244729778c7e74d7905183c1dd1dd2950bca18e0bd3fa5e,True
candidate,r4,coin-heaven,224417,324417,1.0,0,0,50,0,0.37961006164550753,0.7078647613525391,e0e841f5255d37540f85f0d93e14175d85ff9b05e1f04fb66dd50b15ab84e297,True
candidate,r4,coin-heaven,224418,324418,1.0,0,0,50,0,0.33749341964721674,0.5557537078857422,3b1771362b3b595dca4d0f68a355c46af26a9f530bf70aa501902aaef3c90b3c,True
candidate,r4,coin-heaven,224419,324419,1.0,0,0,50,0,0.30626058578491194,1.2788772583007812,d817b8b94864d719ce35101dca6b01deeb5b024bd1bd2f289f15a14f025ee0c4,True
candidate,r4,coin-heaven,224420,324420,1.0,0,0,50,0,0.2581954002380372,0.37789344787597656,2d7e7f002ea21d91a8282056bb18b9520dd5da0b18ba176f5df71f491a97d24c,True
candidate,r4,loot-crate,224501,324501,0.28,0,1,14,7,0.6320476531982422,1.149892807006836,2ca203a60538ea626d02280a7c22624d6afeceee257ba39a097908788c9051bb,True
candidate,r4,loot-crate,224502,324502,0.26,0,0,13,5,0.8334875106811519,2.4819374084472656,f2d23bd78d285fe07a950d7562b8c613a121624a3836180f465359695b2b7d2e,True
candidate,r4,loot-crate,224503,324503,0.18,0,0,9,2,0.5005598068237299,1.6109943389892578,1152c6f7e361e1b1856e0450b84897bd0d54c2a602164e54a9007b305723c94c,True
candidate,r4,loot-crate,224504,324504,0.64,0,0,32,10,0.4476666450500485,1.088857650756836,17c1d42b87e61420c430ebeb6e1a22e6c2045d973a48f704e5d7c42ddabc8c53,True
candidate,r4,loot-crate,224505,324505,0.5,0,0,25,10,0.6076574325561518,1.7511844635009766,4b6759827456387d0f58c8396ed0f3ce82333bb9f823fd90547802e6d361a7d3,True
candidate,r4,loot-crate,224506,324506,0.04,0,0,2,2,0.45517683029174716,0.8339881896972656,bb647e77502b338a6b3f84353f5764f4f13be02bd6dd266917b0520f4a35224c,True
candidate,r4,loot-crate,224507,324507,0.26,0,0,13,7,0.7860302925109853,2.988100051879883,8ba0faa13eb1a10e735dc5e31a023b4dfcfd0fd725ac1ae7cbfbcb2232e45706,True
candidate,r4,loot-crate,224508,324508,0.1,0,1,5,4,0.7630348205566384,1.3599395751953125,8632f17892c11def02114138918cd1adc032939a6251fc3a680eb19ed3c3336e,True
candidate,r4,loot-crate,224509,324509,0.36,0,0,18,14,0.8619427680969232,3.8809776306152344,a52c6938070f71a4926e437b822fa7ee19387189e72ca5550559c6efced9fc92,True
candidate,r4,loot-crate,224510,324510,0.52,0,0,26,8,1.0755777359008785,1.9578933715820312,a7b8b82a8b1e578e114e158667ceceb4811f06439b8c75946e14f1e0738043bc,True
candidate,r4,loot-crate,224511,324511,0.54,0,0,27,12,0.5920886993408202,3.348112106323242,78a3fa8f8c24c550a88bc67831cd8d362e3780fb1896add7f8342bfacd8d7588,True
candidate,r4,loot-crate,224512,324512,0.24,0,0,12,12,0.8700847625732421,3.233194351196289,735a43d6a4bb8ce948a6be13da8f881f7f9e3024beca7dce19c5e00623608690,True
candidate,r4,loot-crate,224513,324513,0.28,0,0,14,11,0.5613803863525387,2.4709701538085938,9df2d2cb54a9f44affbeb2437ff6600425d316f42677776bc5bbc3a395f336e9,True
candidate,r4,loot-crate,224514,324514,0.08,0,0,4,1,0.5810379981994618,2.5861263275146484,0f33e25dd8bfc672e7e5cdc6f7274b20ac5d151a0d60ff0c7157fd9c1e630f69,True
candidate,r4,loot-crate,224515,324515,0.14,0,0,7,44,0.8822083473205564,9.886026382446289,ad0127d9437dd12f72e8d109fb517bcc0747d15a6a09a89fb78b7d1394e82bf7,True
candidate,r4,loot-crate,224516,324516,0.32,0,0,16,12,0.9153008460998505,3.4182071685791016,a534630bb0636b779dc0e542d3526a96c11f780c4a5e3088de3b76cccdc59908,True
candidate,r4,loot-crate,224517,324517,0.38,0,0,19,7,0.5324125289916988,1.7168521881103516,8c2444bc005e43e800f14034da2520da0e32adde76c9bdceb4ff244f8e7d7295,True
candidate,r4,loot-crate,224518,324518,0.1,0,0,5,80,0.43379068374633734,1.0340213775634766,ef86315bb33dc471f04790eea6ce9c56fe9edafe9331e96f559d3a4413c792c3,True
candidate,r4,loot-crate,224519,324519,0.5,0,0,25,10,0.5519390106201163,1.9190311431884766,4e4918617ffe974f529d99bb5f7d24c3a436810a1e91bb7e34b2bd955865645a,True
candidate,r4,loot-crate,224520,324520,0.38,0,1,19,12,0.6183385848999019,1.0581016540527344,d54abcb3d8b0d01b317aa90d25cc45e5846ed2c3dfdeac6c4847eb40fd945c19,True
candidate,r5,peaceful,224101,324101,0.2222222222222222,1,0,7,4,0.7074117660522456,3.0698776245117188,a969077b5eedc34788a5930782b41c9452431299bac625ef06ae040f7d94a342,False
candidate,r5,peaceful,224102,324102,0.0,0,0,0,1,0.8621931076049801,2.939939498901367,06aa0cb440b1ae99db3e9a45ae9d6afaf322cffd84994848734db1cda56b43db,True
candidate,r5,peaceful,224103,324103,0.6666666666666666,0,0,6,21,1.2889623641967767,8.028745651245117,c4889c81087045633a5f248c9dc56e41548b0c9e483901807b82af095dbc19c5,True
candidate,r5,peaceful,224104,324104,0.4444444444444444,0,0,4,3,1.2997865676879865,6.103038787841797,82d35e168288e981bcc73709ce909a9a1043375cc2cef1547abb6e28925ccf0e,True
candidate,r5,peaceful,224105,324105,0.1111111111111111,0,0,1,2,0.8479833602905272,3.3419132232666016,24a0ed74812fb1375bbfcac3f0981872a475d5de0ddf4b603efccc99b51888fe,True
candidate,r5,peaceful,224106,324106,0.0,0,0,0,56,0.7012486457824705,4.269123077392578,9cf00d090161fb8f861ae1f629f6c7ab05486cfb9112d1f43f3ed33c242cd1c8,True
candidate,r5,peaceful,224107,324107,0.0,0,0,0,15,0.6482005119323723,1.893758773803711,a080e318943b4af0bc31ba80a98d6309a7a566d1d6f3c49bcef916d3a2ec48fc,True
candidate,r5,peaceful,224108,324108,0.6666666666666666,0,0,6,11,0.9087204933166498,2.740144729614258,b16e2545aab2760aa5357fb64c5e1d7933dfb8e388889ba9adad7210bed3d250,True
candidate,r5,peaceful,224109,324109,0.3333333333333333,0,1,3,14,0.7363319396972655,1.4221668243408203,a37cce4899cd2b2c5393ab0a95f1a515f69c88fef533ed3736f38ac11ffb445a,False
candidate,r5,peaceful,224110,324110,0.1111111111111111,0,0,1,49,0.7552623748779295,2.7408599853515625,c7604744cf23245b6382fb84c5ba5ceefd5e2ed3b16192962d4ffd3d10235fb3,True
candidate,r5,peaceful,224111,324111,0.0,0,0,0,0,0.40512084960937494,3.222227096557617,fd6b3275be81f84160b79ca9389dfa200401d6316dd2a9c9c8f746074f0cb9ef,True
candidate,r5,peaceful,224112,324112,0.1111111111111111,0,0,1,11,0.5144715309143062,1.940011978149414,367f369efff4c15095e72da77b7d712e48fe1990345f1b0f18d0fe7dfe50b204,True
candidate,r5,peaceful,224113,324113,0.0,0,0,0,142,0.36935806274414057,1.6188621520996094,743022439a30126b1274e8d2b6725cae49455607ff3c7f6e863750bf854e3545,True
candidate,r5,peaceful,224114,324114,0.2222222222222222,0,0,2,5,0.44199228286743103,2.2771358489990234,51f5e6f6fcadacb3f68e9e7ae04c567a567cce42fea8e1658a410e612da15775,True
candidate,r5,peaceful,224115,324115,0.1111111111111111,0,1,1,4,0.9006261825561522,1.531839370727539,96393e496506b8cb159a15a4c8b6ea2f7666688700978409edfbea754ab4216a,True
candidate,r5,peaceful,224116,324116,0.0,0,0,0,0,0.7212877273559567,2.9129981994628906,18f2e0657b8e844eee79e36f66ec1ba0ea165efebff04e6c1345f0b8b8459ffb,True
candidate,r5,peaceful,224117,324117,0.6666666666666666,1,0,11,3,0.7581949234008789,2.2368431091308594,6d12affab90d449cc42feab9b2f120c5cd8a1ae325e70e5f6b2da7af773e809f,False
candidate,r5,peaceful,224118,324118,0.3333333333333333,0,1,3,3,0.9360313415527344,2.087831497192383,811664b8ef7941ad84d5737e9a00b973dc1441654769d4d04c20c121c396dff5,True
candidate,r5,peaceful,224119,324119,0.1111111111111111,0,0,1,0,0.8654952049255342,5.582094192504883,f891e870da1c1d0189df03e2ee982f0f6091faee382b11cf62dfb364897fecae,True
candidate,r5,peaceful,224120,324120,0.1111111111111111,0,0,1,2,1.0215520858764633,3.4170150756835938,9d4e0cec3b21f191ae6b9d25e33e61d5a0d46f1a26c960323a2da5b702968aa6,True
candidate,r5,coincollector,224201,324201,0.3333333333333333,0,1,3,4,0.31484365463256825,0.4050731658935547,5c4135aa75fa43d05d67ac559ee543e6c2c415c421ce0936d07f5f087abc47e1,False
candidate,r5,coincollector,224202,324202,0.2222222222222222,0,0,2,8,0.5166649818420406,1.33514404296875,a1f521ab7bc42e992803ab5c09bf746df6242200b5c74d54a2316cd0d2181757,False
candidate,r5,coincollector,224203,324203,0.2222222222222222,0,0,2,7,0.5209922790527344,1.0995864868164062,033fb8e2eb4ce5f00de914b579eb7021670c7d1ed191fb2336403ada87beee73,False
candidate,r5,coincollector,224224,324224,0.1111111111111111,0,0,1,4,0.6490826606750487,0.8168220520019531,c9df18e81235872a6d7c3d530136141fa5e0ef5642d8eb73c092373ae9f29239,False
candidate,r5,coincollector,224205,324205,0.4444444444444444,0,0,4,33,0.4221200942993164,0.6268024444580078,6f120c78da80cb9e3564aefa7da1493492d1a8688622b89c989f7673b8bd5fec,False
candidate,r5,coincollector,224206,324206,0.0,0,1,0,3,0.21623373031616208,0.3261566162109375,8614ce5ba9ead2f5e83eb87ab6f3d18a17ab68aa4507e9d894e51185704ade0a,False
candidate,r5,coincollector,224207,324207,0.4444444444444444,0,0,4,16,0.42541027069091786,0.8032321929931641,a95ae5a23d7da989c996409a961ec95bd0002bfbbf2e8d51f72b0bcc8a534ed5,False
candidate,r5,coincollector,224208,324208,0.3333333333333333,0,0,3,15,0.502383708953857,1.065969467163086,f3f282e7f609fabb81bdc7a5f368c2534915073de838d816858a2a1d193abc1e,False
candidate,r5,coincollector,224209,324209,0.3333333333333333,0,1,3,2,0.359666347503662,0.4627704620361328,13de019e820550c81c09fa912509d456cfae399d2af789bfc6210db399560abb,False
candidate,r5,coincollector,224210,324210,0.5555555555555556,0,0,5,8,0.4313230514526367,0.8976459503173828,9b0b73c62bea3b684892f8d4628444833e491f8bb06fc91b57636e91f3ae5eec,False
candidate,r5,coincollector,224211,324211,0.1111111111111111,0,0,1,4,0.21104812622070307,0.43320655822753906,7e19a0efa628634a4a030506de60699d9e5bab15f8d24854008d936a6777fcd7,False
candidate,r5,coincollector,224212,324212,0.2222222222222222,0,0,2,23,0.5460262298583984,0.8068084716796875,6578012bdb994b4c58223fbd8081b6cd50afb5975c581a30160217e52471bf5f,False
candidate,r5,coincollector,224213,324213,0.0,0,0,0,5,0.40389299392700195,0.9291172027587891,31e94a03886b0953c82b9655032bc6bfa3ccdfdce99a9b91f6db1ae401fa135b,False
candidate,r5,coincollector,224214,324214,0.4444444444444444,0,0,4,9,0.6099104881286614,1.0690689086914062,047b1182e5cb5320837e19c63e1453995203a9ab91e379208405c2c5ea8cf806,False
candidate,r5,coincollector,224215,324215,0.1111111111111111,0,1,1,4,0.33237934112548817,0.5609989166259766,439769d39af951149cc2c0c6f76d8198dd32095aa4721c0143c8cb582e7d35c9,True
candidate,r5,coincollector,224216,324216,0.1111111111111111,0,0,1,4,0.24244785308837877,0.4391670227050781,3600683902edb6275445ab91cb1169634f39e1e3b297ad6607c14376877a1b18,True
candidate,r5,coincollector,224217,324217,0.3333333333333333,0,0,3,15,0.43489933013916016,0.9200572967529297,cc9f64dc21280c2834cbabee9489a8167b8ca77ebc5fe0962a98417e60f3a17a,False
candidate,r5,coincollector,224218,324218,0.2222222222222222,0,0,2,24,0.5288600921630859,0.7669925689697266,0ab148c3c55d334227c1023851eb44e0319ca2f7fcfb82387c0df463c745d801,False
candidate,r5,coincollector,224219,324219,0.0,0,1,0,4,0.3478527069091797,0.39196014404296875,8671f6088ddf6c49ed82aadc7200e38de6f4afea88213b8d54d019ec64a954a6,True
candidate,r5,coincollector,224220,324220,0.2222222222222222,1,0,7,11,0.40342807769775346,0.7970333099365234,82b2fe100f40ab8b94c4e5e8f3d95fe60834c69a4f9715e4bcf938e8ec237d92,False
candidate,r5,classic,224301,324301,0.0,0,1,0,0,0.6492137908935546,0.7033348083496094,ec30808185e1b958a2f633663613211b97d6a122e805dd06ab2848cad482b6ca,True
candidate,r5,classic,224302,324302,0.0,0,0,0,56,0.38013458251953114,1.332998275756836,b2436b72b606ddbefd7147c445d8ca009b3e9223bd79ce6a79c2271dbe3d3a52,True
candidate,r5,classic,224303,324303,0.1111111111111111,0,0,1,2,0.5464315414428706,1.6887187957763672,b153c1d2f43a283d873448dd15586d55ce319acf5f99617f9fb4265d84298fb0,True
candidate,r5,classic,224324,324324,0.2222222222222222,0,0,2,7,0.38323402404785145,1.2447834014892578,c5f4deceb6df117243e8bf7c7da8b3571f974f21f0bc0deac207ac5f3fb5c910,True
candidate,r5,classic,224305,324305,0.4444444444444444,0,0,4,8,0.46932697296142545,1.9459724426269531,fee08fefd6e2472a241222619c62666c0870a36f420869bd4a07034d4458767e,True
candidate,r5,classic,224306,324306,0.1111111111111111,0,0,1,3,0.6125807762145988,1.9690990447998047,853ff07726a064857dbed9e48a5338e61c979398e109f22187e0c7a65b212e23,True
candidate,r5,classic,224307,324307,0.1111111111111111,0,0,1,1,0.4380822181701659,1.0433197021484375,4e907bff25fc0a6924ca6aa399ba29abf0384a64ad0a933d1b86a60b6af810dc,True
candidate,r5,classic,224308,324308,0.1111111111111111,0,0,1,4,0.5340814590454099,1.6939640045166016,33ec0baadf18e5297cb1a70aaa38e94f96cf3e4822add1e7c77c8bcb967b4cf8,True
candidate,r5,classic,224309,324309,0.3333333333333333,0,0,3,2,0.7982730865478513,1.9578933715820312,e77351b72e66df009a1a59adae585dc02a1abdd144863bfe68bec87c51de7b99,True
candidate,r5,classic,224310,324310,0.0,0,0,0,0,0.9681820869445799,3.4630298614501953,7a86164b4b0bbdcc8b0bef5c6a6b3da316191028d2875b7df7853977e61de94b,True
candidate,r5,classic,224311,324311,0.1111111111111111,0,0,1,1,0.5213856697082517,1.6779899597167969,992a04d22250cf66e89b08cba3416de68854a45ffff48bba2c3cec8cb61d09ab,True
candidate,r5,classic,224312,324312,0.0,0,0,0,5,0.7494807243347154,2.4137496948242188,7755f4f1b579c65dd35d0e70a45963b26f43a8327b36b286ba5592b1efee2414,True
candidate,r5,classic,224313,324313,0.0,0,0,0,0,0.805580615997314,2.602100372314453,18a98ba05ba3d0fb90d383bedc7e5725274d68263e041da59cee7178c07f87cd,True
candidate,r5,classic,224314,324314,0.5555555555555556,0,0,5,6,0.5242466926574705,1.4090538024902344,4e3adcac7587a1d6322df400810d3a06f9c8c937f4bd3cee3d6e621b6ed14c77,True
candidate,r5,classic,224315,324315,0.2222222222222222,0,0,2,2,0.612366199493407,1.1608600616455078,600180371f1482824d60239be03dc1ec3d6379510eaf4879c4a979d6eb7dd87e,True
candidate,r5,classic,224316,324316,0.3333333333333333,0,0,3,4,0.8284211158752438,2.048015594482422,51cb486f565266854943d189bdcc23c4c1d5dbf236c55236546afe0a45352b6a,True
candidate,r5,classic,224317,324317,0.5555555555555556,0,0,5,21,0.5480527877807609,2.0449161529541016,e85a15318a0101e835ab4a98ffd7d6a2f0a58e4143cc94be2d06b34ee70dd489,True
candidate,r5,classic,224318,324318,0.1111111111111111,0,1,1,0,0.5137920379638672,0.5810260772705078,ef1d762f338077125c1b49220542db6d02ef1ae7c678076089574cfe8518dd47,True
candidate,r5,classic,224319,324319,0.0,0,0,0,54,0.5007743835449211,2.3870468139648438,8a2f6f30f770a95fa19b18b1dfff25e04f9525ca9780b67517671d58947d6ce3,True
candidate,r5,classic,224320,324320,0.1111111111111111,0,0,1,0,0.4578471183776848,1.0280609130859375,45461f1def9e6bb80644c41764ee26b6945bdf5e29cb55852ef056a4921da334,True
candidate,r5,coin-heaven,224401,324401,1.0,0,0,50,0,0.4030942916870116,5.238056182861328,8529fb259bdadc554f554290e25ed9f6a3c3a2fddc10a6bc5d73c5e30323a942,True
candidate,r5,coin-heaven,224402,324402,1.0,0,0,50,0,0.2727508544921873,1.0938644409179688,8407c61071e0109d916f22a96c889b258907f6a1de729d4d1a047393c3e9bc1f,True
candidate,r5,coin-heaven,224403,324403,1.0,0,0,50,0,0.4822731018066406,0.9589195251464844,ed784568977cb2eb5073dfc54d10c4beb9c89f3091efad58665fdff219ac2dd8,True
candidate,r5,coin-heaven,224404,324404,1.0,0,0,50,0,0.704646110534668,2.3801326751708984,b241c90f50ed3da1527ebbf173f2b07d2829e2130ff8abbde9f1c7c3aaa585b3,True
candidate,r5,coin-heaven,224405,324405,1.0,0,0,50,0,0.45814514160156217,0.6859302520751953,dc3ac7ea72cb8467e6c637efb8c0572c51686132b4e73393daa9f5a16a91feb0,True
candidate,r5,coin-heaven,224406,324406,1.0,0,0,50,0,0.3127574920654297,0.5869865417480469,5acade4be9656c3826c2dd11a08828796b0d2f8dbf166adc727668f9a2c20ef9,True
candidate,r5,coin-heaven,224407,324407,1.0,0,0,50,0,0.4590511322021483,0.9131431579589844,da8241a8dc5c114468d20ef4bd6e7836ebc5673c0ef4b86a3968e2966f09ebbe,True
candidate,r5,coin-heaven,224408,324408,1.0,0,0,50,0,0.4588961601257316,1.3937950134277344,9cfb42ac42c4cf8a815820ec2a99b8c84f49954bc54df5bb74c27f92bc900c9a,True
candidate,r5,coin-heaven,224409,324409,1.0,0,0,50,0,0.41836500167846624,0.6067752838134766,891cddb783b1c07249601581700d1fadd87edcf0201852b9f0b4bb69b3743d40,True
candidate,r5,coin-heaven,224410,324410,1.0,0,0,50,0,0.32143592834472656,1.4820098876953125,28557865f6bc5fd7e3a93f4de99c7e06775957527a020eb51513f71f2d19ea8f,True
candidate,r5,coin-heaven,224411,324411,1.0,0,0,50,0,0.4683732986450193,1.0340213775634766,4e7b73e1060f5b07ece88de854edcc46d6e55cf5b0784100d7d1dfcff378625b,True
candidate,r5,coin-heaven,224412,324412,1.0,0,0,50,0,0.2270698547363281,0.3178119659423828,0f933a69d0a97ab67462e9a309e588a627d9f37b9fe416b3cf931d7dbf279178,True
candidate,r5,coin-heaven,224413,324413,1.0,0,0,50,0,0.6521224975585938,16.901016235351562,25ef0d2238373ad3fadbe2bf0e55c5d5c48f2f626251506debd99bcccdaf98bc,True
candidate,r5,coin-heaven,224414,324414,1.0,0,0,50,0,0.7021903991699215,1.3380050659179688,eb47993aca868a8708483fa09cb18a88ac0807c9aba7497fc3d16178bb9005f2,True
candidate,r5,coin-heaven,224415,324415,1.0,0,0,50,0,0.44813156127929676,1.055002212524414,1bfbc11b9845d88d2f83309f33e8d4165b3b651dfb26737237de13906a495220,True
candidate,r5,coin-heaven,224416,324416,1.0,0,0,50,0,0.46256780624389593,0.743865966796875,f7d926803ff0b0e49244729778c7e74d7905183c1dd1dd2950bca18e0bd3fa5e,True
candidate,r5,coin-heaven,224417,324417,1.0,0,0,50,0,0.6002902984619141,1.0061264038085938,e0e841f5255d37540f85f0d93e14175d85ff9b05e1f04fb66dd50b15ab84e297,True
candidate,r5,coin-heaven,224418,324418,1.0,0,0,50,0,0.44105052947998047,1.1508464813232422,3b1771362b3b595dca4d0f68a355c46af26a9f530bf70aa501902aaef3c90b3c,True
candidate,r5,coin-heaven,224419,324419,1.0,0,0,50,0,0.34360885620117176,1.1661052703857422,d817b8b94864d719ce35101dca6b01deeb5b024bd1bd2f289f15a14f025ee0c4,True
candidate,r5,coin-heaven,224420,324420,1.0,0,0,50,0,0.40568113327026367,0.8399486541748047,2d7e7f002ea21d91a8282056bb18b9520dd5da0b18ba176f5df71f491a97d24c,True
candidate,r5,loot-crate,224501,324501,0.52,0,1,26,17,0.3419160842895508,0.7529258728027344,a2f49c4067b8419473a1aff049f3030ae58c038ac26c2d407d6af4131324be63,True
candidate,r5,loot-crate,224502,324502,0.18,0,0,9,8,0.6469488143920897,1.7437934875488281,27a2880a3a97019318f6c2477a61461cad4b0c9b759b69f59f3b1ef3a8d699f7,True
candidate,r5,loot-crate,224503,324503,0.22,0,0,11,38,0.7871150970458983,2.0558834075927734,7fe32dd4b4d27066e7085747cc90692f72dc22f19bcb88886235db04899739e3,True
candidate,r5,loot-crate,224504,324504,0.1,0,1,5,1,0.37387609481811523,1.9083023071289062,ad31dafd86b6f9dc30b8477a675e28a5afb0c922370da0af45bcf8de5b4b93b5,True
candidate,r5,loot-crate,224505,324505,0.24,0,0,12,2,0.26522874832153287,1.2941360473632812,8b7b6dc75681aee17e4d3db0df71d0452a5fcab78a1eb999b5e97825d02d612c,True
candidate,r5,loot-crate,224506,324506,0.04,0,0,2,3,0.2209901809692381,0.9038448333740234,d4b9cead7801195b3f2b659adbc200be73532b8ecabb68a2e727f5b42963be97,True
candidate,r5,loot-crate,224507,324507,0.4,0,0,20,14,0.5220055580139159,2.179861068725586,10c97e10db71bf2da726f0090e1afe57bb13d2b368dffc6c99b738e3c76d7b8e,True
candidate,r5,loot-crate,224508,324508,0.56,0,0,28,16,0.5719900131225559,1.3608932495117188,b7f3656df55dd541512ef6e839b8ff25425dfbb1311978244f014e9061971d2d,True
candidate,r5,loot-crate,224509,324509,0.3,0,0,15,13,0.4274129867553707,1.6798973083496094,9143bf7dfa28c62f6a7484f09e5026ee8117d57bd8790466b8ac14061ebf3afa,True
candidate,r5,loot-crate,224510,324510,0.4,0,0,20,11,0.6112575531005849,1.8301010131835938,2257bc4e4317153b168ddbeb4e5820f8a96e202aa8b90d3d088df81949bd04a0,True
candidate,r5,loot-crate,224511,324511,0.04,0,1,2,2,1.043033599853515,4.761219024658203,e54d2c8960edbeb0b358301c8501a8e5b31b00d26b2374e5e1f765d251a7f438,True
candidate,r5,loot-crate,224512,324512,0.2,0,0,10,7,0.7805347442626948,4.611015319824219,b1c5a528bb8d77201e6a2cda43d49a889198dacf2ff69f2b191934368262a2e9,True
candidate,r5,loot-crate,224513,324513,0.3,0,0,15,9,0.7063508033752438,1.1830329895019531,71b92f1011893acf67fcff686ea43faa457cbdc72cfb584da6cd3a4a4ffde672,True
candidate,r5,loot-crate,224514,324514,0.62,0,0,31,12,0.47725439071655235,2.2139549255371094,73d6838a3e541053999af1c1ffd60ba432a929872230c97cb4dcbbd132bcd3c1,True
candidate,r5,loot-crate,224515,324515,0.14,0,0,7,42,0.22022724151611292,0.6539821624755859,215acea7b7cd86325c982aa149e7482f31f0bc76553d2147c1d6891efa981de9,True
candidate,r5,loot-crate,224516,324516,0.16,0,0,8,41,0.5194902420043941,1.0411739349365234,e860966269def89c55fcbeeb73219e10d99fc82db2b6391c65e4d5be040ebb4b,True
candidate,r5,loot-crate,224517,324517,0.34,0,0,17,5,0.31110048294067366,1.4019012451171875,c81be3295b9d7bf2951b44f3de6dd87a510f278575285dc0bf06b8907fac98a5,True
candidate,r5,loot-crate,224518,324518,0.1,0,0,5,82,0.5712628364562986,0.9860992431640625,a349b6e261952137bc7bc98a83b74eb47abcac41e3f9f90bddaa6626e2d185d8,True
candidate,r5,loot-crate,224519,324519,0.22,0,0,11,4,0.6912827491760251,2.975940704345703,93bfec206e1278ce02831c3c104eb1eacb985739008c8378983729a0205ba946,True
candidate,r5,loot-crate,224520,324520,0.08,0,0,4,4,0.26895999908447243,1.1601448059082031,3f7862beacd1167ab615515ecfb04adc370f1cf6485aef1150efefb05ad5371d,True
