treatment,model,scenario,world_seed,coins_collected,initially_available_coins,collection_fraction,self_kills,evaluation_decisions,evaluation_unseen_decisions,decision_time_p95_ms,decision_time_max_ms,action_sequence_sha256,repeat_match,repeat_decision_time_p95_ms,repeat_decision_time_max_ms,repeat_action_sequence_sha256
control,r1,classic,172001,4,9,0.4444444444444444,0,400,0,0.31927824020385737,1.172780990600586,c0de1441fd78cd3dbba4bae63859be298c80ca23e3bd68b84c37ea1bf0f91e65,True,0.7311940193176267,1.6338825225830078,c0de1441fd78cd3dbba4bae63859be298c80ca23e3bd68b84c37ea1bf0f91e65
control,r1,classic,172002,0,9,0.0,0,400,0,0.32782554626464844,0.8442401885986328,f19b9f0fc460806fd016798379ad1cf622f69539986bf185b5bba7c8fd62dbc9,True,0.585949420928955,2.706289291381836,f19b9f0fc460806fd016798379ad1cf622f69539986bf185b5bba7c8fd62dbc9
control,r1,classic,172003,2,9,0.2222222222222222,0,400,2,0.5349397659301757,1.4719963073730469,ace197e356b7eb4eee41ad798b6cc5eccc93523ba80c5ce56cb5347e628d3457,True,1.1937141418457022,3.2129287719726562,ace197e356b7eb4eee41ad798b6cc5eccc93523ba80c5ce56cb5347e628d3457
control,r1,classic,172004,1,9,0.1111111111111111,0,400,0,0.5110740661621084,1.6939640045166016,87cd37e1a08f4816fc72cd32f3f4f755cb00bcfa04637f1c270433d9edf38f29,True,0.7903695106506337,2.732992172241211,87cd37e1a08f4816fc72cd32f3f4f755cb00bcfa04637f1c270433d9edf38f29
control,r1,classic,172005,3,9,0.3333333333333333,0,400,0,0.3733515739440916,1.6100406646728516,aa4c1ee84790b99a415c3e0643a72b0a2d2e8fc3fdf8a02b24dbeb7d2e27d60a,True,0.8348107337951659,3.220081329345703,aa4c1ee84790b99a415c3e0643a72b0a2d2e8fc3fdf8a02b24dbeb7d2e27d60a
control,r1,classic,172006,5,9,0.5555555555555556,0,400,0,0.2869009971618645,0.7228851318359375,499eeb32d12e996f29ae51489185102e0578a8b35e40827a4cb95095a1b738a3,True,0.4909634590148925,2.9120445251464844,499eeb32d12e996f29ae51489185102e0578a8b35e40827a4cb95095a1b738a3
control,r1,classic,172007,1,9,0.1111111111111111,0,400,0,1.0791063308715818,2.2039413452148438,bb8e1618a192462fb75be97498aca615512f6c264bcc2c54baee7b0a142a3115,True,0.796949863433836,1.978158950805664,bb8e1618a192462fb75be97498aca615512f6c264bcc2c54baee7b0a142a3115
control,r1,classic,172008,0,9,0.0,0,400,0,0.3723859786987301,0.6189346313476562,abb6213b855a1cf39de6b6bf19cfc8b5471dfe733437c10832b35cdc2c00dd27,True,0.5254149436950682,2.0799636840820312,abb6213b855a1cf39de6b6bf19cfc8b5471dfe733437c10832b35cdc2c00dd27
control,r1,classic,172009,0,9,0.0,0,400,0,0.25802850723266596,0.48279762268066406,2ecb1a9554d36a9d16e7b9e771c8ed39ab319da769f7146ad85a8ce5f29bb496,True,0.42591094970703114,1.255035400390625,2ecb1a9554d36a9d16e7b9e771c8ed39ab319da769f7146ad85a8ce5f29bb496
control,r1,classic,172010,2,9,0.2222222222222222,0,400,0,0.5977511405944818,1.293182373046875,13053fb85b522ed24dde1203e013d3975905f1abc88cbab487c78a0c6b9909f1,True,0.6677508354187006,2.402067184448242,13053fb85b522ed24dde1203e013d3975905f1abc88cbab487c78a0c6b9909f1
control,r1,classic,172011,5,9,0.5555555555555556,0,400,1,0.49122571945190424,0.8749961853027344,67a78485bcf2d2495088d86a4ec04f7d4c15477d7a6ef12091acc5af8962a4c6,True,0.5588769912719711,2.010822296142578,67a78485bcf2d2495088d86a4ec04f7d4c15477d7a6ef12091acc5af8962a4c6
control,r1,classic,172012,0,9,0.0,0,400,0,0.6690263748168943,1.567840576171875,0dda2932c0fef8a406d242d43c44b362b8f42a3d8849e62cad2f220553efa11f,True,0.4612565040588377,1.0619163513183594,0dda2932c0fef8a406d242d43c44b362b8f42a3d8849e62cad2f220553efa11f
control,r1,classic,172013,1,9,0.1111111111111111,0,400,0,0.6439685821533203,3.1728744506835938,1db1dc8a5bfdeafc8c51537805b0961454b8ea94e07a3ed3da6cf028393dc7aa,True,0.5346059799194331,1.506805419921875,1db1dc8a5bfdeafc8c51537805b0961454b8ea94e07a3ed3da6cf028393dc7aa
control,r1,classic,172014,1,9,0.1111111111111111,1,222,0,0.7012128829956051,1.7359256744384766,337b8b61c71764654ef97ae068eb36f544fb384b60b8e14d2c4ae600192a66e7,True,0.7749199867248524,1.489877700805664,337b8b61c71764654ef97ae068eb36f544fb384b60b8e14d2c4ae600192a66e7
control,r1,classic,172015,1,9,0.1111111111111111,0,400,0,0.6921410560607908,1.8281936645507812,b984768e3138cb01b252a1ed17acc7a5af300e65a4b756a058cd9273bb7a076b,True,0.7992386817932127,3.8399696350097656,b984768e3138cb01b252a1ed17acc7a5af300e65a4b756a058cd9273bb7a076b
control,r1,classic,172016,0,9,0.0,0,400,0,0.31094551086425776,0.6051063537597656,278228172c5299b52daf160d2e1eedcf580e28d308101a313027774230614307,True,0.7361888885498045,2.346038818359375,278228172c5299b52daf160d2e1eedcf580e28d308101a313027774230614307
control,r1,classic,172017,2,9,0.2222222222222222,0,400,0,0.5171537399291974,1.1358261108398438,e49f21ffa2e4f92038bcd997c7eeccf0a65eac2872bd2145410a0ad28868c15b,True,0.8335351943969722,1.8529891967773438,e49f21ffa2e4f92038bcd997c7eeccf0a65eac2872bd2145410a0ad28868c15b
control,r1,classic,172018,3,9,0.3333333333333333,0,400,0,0.35610198974609364,0.865936279296875,13ade5d79f321602050884e1104afb538cb401a88a575187e75e299111de972a,True,0.6062150001525878,2.0041465759277344,13ade5d79f321602050884e1104afb538cb401a88a575187e75e299111de972a
control,r1,classic,172019,1,9,0.1111111111111111,0,400,0,0.3672122955322265,1.2049674987792969,b129fd1ef7971cdbfe3168530425fc7f1e16c22c53e467d01fe3873100dce816,True,0.5825519561767563,1.3082027435302734,b129fd1ef7971cdbfe3168530425fc7f1e16c22c53e467d01fe3873100dce816
control,r1,classic,172020,0,9,0.0,0,400,0,0.36650896072387623,1.138925552368164,5be64b36fc308a9b7b0c621c22963712f4dbe262073192033ddb5832944e1d6f,True,0.7919669151306145,3.448963165283203,5be64b36fc308a9b7b0c621c22963712f4dbe262073192033ddb5832944e1d6f
control,r1,classic,172021,5,9,0.5555555555555556,0,400,0,0.6471872329711911,1.6980171203613281,260ded6ddee5374ecf4c778d2d5958fc9a455fbae392c882d61498f810a36a50,True,0.42598247528076155,2.288818359375,260ded6ddee5374ecf4c778d2d5958fc9a455fbae392c882d61498f810a36a50
control,r1,classic,172022,3,9,0.3333333333333333,0,400,0,0.38514137268066395,1.4238357543945312,69355fc3bf4f5300779fe843ede5af6d6dda56d8787da515a3a0919cf44b7ae6,True,0.7971763610839843,2.84576416015625,69355fc3bf4f5300779fe843ede5af6d6dda56d8787da515a3a0919cf44b7ae6
control,r1,classic,172023,2,9,0.2222222222222222,0,400,0,0.40538311004638644,1.2469291687011719,96c1f32b6cea9ce88fed7ddadbf09ee70e6eab5e3c7be6f629957879a6511217,True,0.5442261695861815,1.97601318359375,96c1f32b6cea9ce88fed7ddadbf09ee70e6eab5e3c7be6f629957879a6511217
control,r1,classic,172024,2,9,0.2222222222222222,1,149,1,0.460672378540039,0.7841587066650391,1f9fde7d4e90ea98deb57b1d52ba3a087f37bc61359ecd93f5ccb19432974146,True,0.4842758178710936,0.9832382202148438,1f9fde7d4e90ea98deb57b1d52ba3a087f37bc61359ecd93f5ccb19432974146
control,r1,classic,172025,3,9,0.3333333333333333,0,400,1,0.9154319763183564,2.930879592895508,00b35a5879d12d4afc6c2223f5968dfb06fff661e917ce5d0e643402a3fbb112,True,0.8505105972290035,2.710103988647461,00b35a5879d12d4afc6c2223f5968dfb06fff661e917ce5d0e643402a3fbb112
control,r1,classic,172026,1,9,0.1111111111111111,0,400,0,0.6212234497070311,2.307891845703125,2e5ad87bb30b6a872fe7f5ff8ac11a78095556b1486c117736a11d81bbe80179,True,0.6665229797363278,2.599000930786133,2e5ad87bb30b6a872fe7f5ff8ac11a78095556b1486c117736a11d81bbe80179
control,r1,classic,172027,1,9,0.1111111111111111,0,400,0,0.6342411041259766,3.693103790283203,d05af8307254351755201c52974efa7dc94487be10a1a56448b966c6d3ef133a,True,0.6674170494079584,2.034902572631836,d05af8307254351755201c52974efa7dc94487be10a1a56448b966c6d3ef133a
control,r1,classic,172028,7,9,0.7777777777777778,0,400,0,0.900125503540039,2.798795700073242,e8a0742cba20e98abd95db880263224538264f8564299dbf1ee60b0cd2f4574f,True,0.841593742370605,2.6481151580810547,e8a0742cba20e98abd95db880263224538264f8564299dbf1ee60b0cd2f4574f
control,r1,classic,172029,1,9,0.1111111111111111,0,400,0,0.421023368835449,1.0759830474853516,2de541e11e4dd5dfa930ce6cc2baa46bde5c27810dc995423f7644fb1cc0123b,True,0.6189942359924316,1.641988754272461,2de541e11e4dd5dfa930ce6cc2baa46bde5c27810dc995423f7644fb1cc0123b
control,r1,classic,172030,1,9,0.1111111111111111,0,400,0,0.6140828132629393,1.750946044921875,9008162a2fcb1baf6e2f7d54a1aa9cc06d9385eafc738a09fba8b216aeb13e22,True,0.4974007606506345,1.4119148254394531,9008162a2fcb1baf6e2f7d54a1aa9cc06d9385eafc738a09fba8b216aeb13e22
control,r1,classic,172031,0,9,0.0,0,400,0,0.8257031440734854,2.7151107788085938,d419b7373b692c10fc554cbee2dda345533173b537457aa958e7b567e045a6a7,True,0.7273316383361813,4.41288948059082,d419b7373b692c10fc554cbee2dda345533173b537457aa958e7b567e045a6a7
control,r1,classic,172032,0,9,0.0,0,400,0,0.5862593650817862,1.226186752319336,dc3377a0c90213f95f9bdcab13ad3948a59ff0c306d18e44457d7e21d57c292e,True,0.34576654434204096,0.9679794311523438,dc3377a0c90213f95f9bdcab13ad3948a59ff0c306d18e44457d7e21d57c292e
control,r1,classic,172033,3,9,0.3333333333333333,0,400,0,0.7192611694335935,1.917123794555664,ba41f555003a6c9fad9987b09a502b547c64a418b3b374e60966a507ca2b247a,True,0.34786462783813477,1.3806819915771484,ba41f555003a6c9fad9987b09a502b547c64a418b3b374e60966a507ca2b247a
control,r1,classic,172034,3,9,0.3333333333333333,0,400,0,0.43927431106567266,0.9369850158691406,90670bafb37b95255e010850d5110973f9857a7a6a96c42e98bc9a1b42646604,True,0.331830978393553,1.0209083557128906,90670bafb37b95255e010850d5110973f9857a7a6a96c42e98bc9a1b42646604
control,r1,classic,172035,3,9,0.3333333333333333,0,400,0,0.6511807441711424,2.3849010467529297,7e81f579ca8d98d6e2228ce8f88a0ca0d89c7983a50cbeaedc80b0101e3d0093,True,0.7685542106628412,1.795053482055664,7e81f579ca8d98d6e2228ce8f88a0ca0d89c7983a50cbeaedc80b0101e3d0093
control,r1,classic,172036,3,9,0.3333333333333333,0,400,0,0.5846381187438958,1.7039775848388672,bf6979394daa8a112447df7c9b8c47b23e821220b6bcef90ce7e43b8cf689d8f,True,0.6510853767395017,1.8742084503173828,bf6979394daa8a112447df7c9b8c47b23e821220b6bcef90ce7e43b8cf689d8f
control,r1,classic,172037,2,9,0.2222222222222222,0,400,0,0.7666110992431633,5.381107330322266,71fc934dadc8e5dd443e36b8dae75897018d8f454882454b985b0386f19a8857,True,0.38962364196777316,1.1038780212402344,71fc934dadc8e5dd443e36b8dae75897018d8f454882454b985b0386f19a8857
control,r1,classic,172038,3,9,0.3333333333333333,0,400,0,0.8869290351867676,1.6150474548339844,bb1495cae7c9d2686da2db4363e7b4f22e617ea4a24f5341df07b56ca26db5d9,True,1.0542035102844218,2.1910667419433594,bb1495cae7c9d2686da2db4363e7b4f22e617ea4a24f5341df07b56ca26db5d9
control,r1,classic,172039,3,9,0.3333333333333333,0,400,0,0.7303357124328611,2.070188522338867,17e99300113951d90d629ca78ca5f29834289052b9df4cc73cd3a8ae2b0c7232,True,1.130759716033933,7.528781890869141,17e99300113951d90d629ca78ca5f29834289052b9df4cc73cd3a8ae2b0c7232
control,r1,classic,172040,0,9,0.0,0,400,0,0.7802486419677733,2.904176712036133,81913cbd66813dba74a42c477f56ad0fa5f9f1e967a942bab5bfdb77b76fac03,True,0.8550524711608869,2.396821975708008,81913cbd66813dba74a42c477f56ad0fa5f9f1e967a942bab5bfdb77b76fac03
control,r1,coin-heaven,173001,50,50,1.0,0,123,0,0.31697750091552723,0.3859996795654297,39ccdaf19d9e2e3859f6c11725b9a190a3893f33ea99741ca42f0bf8c689a92c,True,0.18610954284667963,0.3170967102050781,39ccdaf19d9e2e3859f6c11725b9a190a3893f33ea99741ca42f0bf8c689a92c
control,r1,coin-heaven,173002,50,50,1.0,0,128,0,0.9167432785034177,2.5222301483154297,c5a8218d48d7c8da53c0f5870913b6cdfdc75ded5880de8fa97f93af82cb34d3,True,0.1692414283752441,0.47588348388671875,c5a8218d48d7c8da53c0f5870913b6cdfdc75ded5880de8fa97f93af82cb34d3
control,r1,coin-heaven,173003,50,50,1.0,0,151,0,0.7129907608032227,1.2853145599365234,0d1ba7cfe6adf7f1207d98c0dc690a314196fc3b099dd13b226d9099472daaed,True,0.29647350311279297,2.893209457397461,0d1ba7cfe6adf7f1207d98c0dc690a314196fc3b099dd13b226d9099472daaed
control,r1,coin-heaven,173004,50,50,1.0,0,122,0,1.319444179534912,5.240917205810547,659ed76d94cc4ac51dfdfc938b81bbef81e041453377d21cfb8f69c8f096d7cf,True,0.1553416252136229,0.26106834411621094,659ed76d94cc4ac51dfdfc938b81bbef81e041453377d21cfb8f69c8f096d7cf
control,r1,coin-heaven,173005,50,50,1.0,0,118,0,0.7971525192260742,2.432107925415039,cbecf1fbcd7c5b7ec15050c6353c5d0229023f040e6500b22edb5d123104cd84,True,0.17709732055664026,0.44727325439453125,cbecf1fbcd7c5b7ec15050c6353c5d0229023f040e6500b22edb5d123104cd84
control,r1,coin-heaven,173006,50,50,1.0,0,111,0,0.5180835723876953,1.2087821960449219,904e57c39c4756d074a0f80bd9f67e24bd4bc065f68a7da79131e29c55d5f316,True,0.1544952392578125,0.5977153778076172,904e57c39c4756d074a0f80bd9f67e24bd4bc065f68a7da79131e29c55d5f316
control,r1,coin-heaven,173007,50,50,1.0,0,126,0,0.8501410484313965,1.5888214111328125,1119b0bb97a3bb3f06179b337b6227939f1d7eccc4c1948a098f046c6c9c0cfb,True,0.20587444305419922,0.41294097900390625,1119b0bb97a3bb3f06179b337b6227939f1d7eccc4c1948a098f046c6c9c0cfb
control,r1,coin-heaven,173008,50,50,1.0,0,135,0,0.8971691131591796,3.992795944213867,4bdbc59eaeb980cdb1c1711ade44338853a6635938e26ca5ac1f837c4d72767b,True,0.3086090087890625,0.3628730773925781,4bdbc59eaeb980cdb1c1711ade44338853a6635938e26ca5ac1f837c4d72767b
control,r1,coin-heaven,173009,50,50,1.0,0,131,0,0.7364749908447266,2.1550655364990234,6f22382964b99070fd01ac6994559df4e79465f29c5f69d6b90e29d07dccd044,True,0.20003318786621094,0.7648468017578125,6f22382964b99070fd01ac6994559df4e79465f29c5f69d6b90e29d07dccd044
control,r1,coin-heaven,173010,50,50,1.0,0,110,0,0.3774046897888183,1.27410888671875,5dc44785fb0af3bf3831425ed763a2cf5127eb0b4a14f2560a9c7c05bd5957bd,True,0.21526813507080061,0.5040168762207031,5dc44785fb0af3bf3831425ed763a2cf5127eb0b4a14f2560a9c7c05bd5957bd
control,r1,coin-heaven,173011,50,50,1.0,0,128,0,0.4149794578552243,0.9500980377197266,4c3c58c50bbae84eb1ba6878fcec8fe1c0003959d31772d8646f3412fce5045e,True,0.29959678649902344,0.40411949157714844,4c3c58c50bbae84eb1ba6878fcec8fe1c0003959d31772d8646f3412fce5045e
control,r1,coin-heaven,173012,50,50,1.0,0,116,0,0.9242892265319824,1.443624496459961,a8a6565d7dde18f43ddc6b77d920f0e58192d7cd81b45a56bd96c5388f23431e,True,0.21010637283325195,0.46706199645996094,a8a6565d7dde18f43ddc6b77d920f0e58192d7cd81b45a56bd96c5388f23431e
control,r1,coin-heaven,173013,50,50,1.0,0,134,0,0.5877852439880371,0.9698867797851562,d957fc33a7c126fef0e690e9353caaba8abdf37fc0377ce6d2ffd057b0568a3c,True,0.21828413009643552,0.3192424774169922,d957fc33a7c126fef0e690e9353caaba8abdf37fc0377ce6d2ffd057b0568a3c
control,r1,coin-heaven,173014,50,50,1.0,0,120,0,0.6360411643981929,1.6241073608398438,c5d6218882421ecf3f45af9fd1f035507afe19b6ff3cd7e8363cb77d67ff7da7,True,0.2656340599060058,0.51116943359375,c5d6218882421ecf3f45af9fd1f035507afe19b6ff3cd7e8363cb77d67ff7da7
control,r1,coin-heaven,173015,50,50,1.0,0,128,0,0.42954683303832986,0.6451606750488281,c24ca44f829f5f3dc4c22666a57dfbaf962f0380ebe8185206516097d0654fb6,True,0.19186735153198226,0.23174285888671875,c24ca44f829f5f3dc4c22666a57dfbaf962f0380ebe8185206516097d0654fb6
control,r1,coin-heaven,173016,50,50,1.0,0,118,0,0.8435130119323723,2.3300647735595703,4b9ce1c3d3a160b66517bce49e85d70ec59bf9bea4626371959b1a463311819b,True,0.3161072731018066,0.9760856628417969,4b9ce1c3d3a160b66517bce49e85d70ec59bf9bea4626371959b1a463311819b
control,r1,coin-heaven,173017,50,50,1.0,0,128,0,0.5835652351379389,1.8718242645263672,6942650f3125721ea41e1408c8cc0c0428a2b888f85451295dce3535c71a38e2,True,0.21325349807739252,0.3750324249267578,6942650f3125721ea41e1408c8cc0c0428a2b888f85451295dce3535c71a38e2
control,r1,coin-heaven,173018,50,50,1.0,0,116,0,0.7523298263549805,1.9109249114990234,e7634f579038c00dca1c34877c5475f8f32c39d25da109beed7545ab33aaa07a,True,0.15097856521606445,0.4286766052246094,e7634f579038c00dca1c34877c5475f8f32c39d25da109beed7545ab33aaa07a
control,r1,coin-heaven,173019,50,50,1.0,0,117,0,0.6699085235595689,1.2137889862060547,7c7c4c886b34318481f0be45b0f0d2a4a492cd050a1a4d23f861b5f9ca3ba8b4,True,0.20661354064941373,0.7848739624023438,7c7c4c886b34318481f0be45b0f0d2a4a492cd050a1a4d23f861b5f9ca3ba8b4
control,r1,coin-heaven,173020,50,50,1.0,0,115,0,0.9219646453857416,4.732847213745117,95e3c919aa0fab094fb887d45d2b68395a1b7401e3aac9459609817542616d6e,True,0.17950534820556635,0.3859996795654297,95e3c919aa0fab094fb887d45d2b68395a1b7401e3aac9459609817542616d6e
control,r1,coin-heaven,173021,50,50,1.0,0,129,0,1.3197422027587882,2.312898635864258,68608e0771f41d1aa88b994a8c99d225c970648b59e1c4c77b3e0df698b7df84,True,0.1961231231689453,0.3330707550048828,68608e0771f41d1aa88b994a8c99d225c970648b59e1c4c77b3e0df698b7df84
control,r1,coin-heaven,173022,50,50,1.0,0,113,0,0.7652282714843749,1.6798973083496094,f9f18acf3783d55ea488b0d65a5b14f074c668e0830ce9aa62122f9571c6ac6a,True,0.20470619201660145,0.3261566162109375,f9f18acf3783d55ea488b0d65a5b14f074c668e0830ce9aa62122f9571c6ac6a
control,r1,coin-heaven,173023,50,50,1.0,0,109,0,0.5764007568359374,0.9400844573974609,6383560ff9dff67d6fc32ec56dfb4b5a91d404f74dc5b872a23613860cdcaf7f,True,0.2576351165771482,0.44798851013183594,6383560ff9dff67d6fc32ec56dfb4b5a91d404f74dc5b872a23613860cdcaf7f
control,r1,coin-heaven,173024,50,50,1.0,0,128,0,0.35067796707153315,0.4971027374267578,52ddfac6e4c7f9f7b27a7a9a6178acb1b77f7450749948eb04a8cb3f38bbb667,True,0.21505355834960938,0.28896331787109375,52ddfac6e4c7f9f7b27a7a9a6178acb1b77f7450749948eb04a8cb3f38bbb667
control,r1,coin-heaven,173025,50,50,1.0,0,129,0,0.3818035125732417,1.5881061553955078,93faa3e0b4fb1755640a5733b3e4f23ffe6a9ba498ecd3093fb9215391f9c0a7,True,0.2326488494873047,0.7648468017578125,93faa3e0b4fb1755640a5733b3e4f23ffe6a9ba498ecd3093fb9215391f9c0a7
control,r1,coin-heaven,173026,50,50,1.0,0,117,0,0.30822753906249944,0.6821155548095703,3f301a5bfc34f9f5925ad968282612dff88c1e9bb0fa7df54f26075dda2bbeaa,True,0.21748542785644517,0.3349781036376953,3f301a5bfc34f9f5925ad968282612dff88c1e9bb0fa7df54f26075dda2bbeaa
control,r1,coin-heaven,173027,50,50,1.0,0,121,0,0.20599365234375,0.3352165222167969,2baca998680d6546acd4fecc41cbbecf9614a5cca4093b7f29e6edd168b4d01d,True,0.2799034118652344,0.4878044128417969,2baca998680d6546acd4fecc41cbbecf9614a5cca4093b7f29e6edd168b4d01d
control,r1,coin-heaven,173028,50,50,1.0,0,115,0,0.2143144607543945,0.3561973571777344,84cf87a4113ed7c76aceaf67bb5d859491b5fd6197fce9c394f517d17a527dfb,True,0.2591848373413085,0.396728515625,84cf87a4113ed7c76aceaf67bb5d859491b5fd6197fce9c394f517d17a527dfb
control,r1,coin-heaven,173029,50,50,1.0,0,123,0,0.22678375244140606,0.3948211669921875,48db79c397905d48b3ee9bf75536ce440a3a91886cfd26b62282c2e821c388d7,True,0.2310752868652342,0.5059242248535156,48db79c397905d48b3ee9bf75536ce440a3a91886cfd26b62282c2e821c388d7
control,r1,coin-heaven,173030,50,50,1.0,0,133,0,0.4612922668457026,1.3020038604736328,fa25d869aac3ed9eeea4acb4ad069e7efabdec05cc49e6aba4f55e9e125a2876,True,0.31361579895019526,0.3502368927001953,fa25d869aac3ed9eeea4acb4ad069e7efabdec05cc49e6aba4f55e9e125a2876
control,r1,coin-heaven,173031,50,50,1.0,0,131,0,0.18393993377685547,0.3039836883544922,b3eb04fc5de54f2b766ba6af47b3ad635b717b0952075a0a9e2bd371600b1c74,True,0.2067089080810547,0.3390312194824219,b3eb04fc5de54f2b766ba6af47b3ad635b717b0952075a0a9e2bd371600b1c74
control,r1,coin-heaven,173032,50,50,1.0,0,108,0,0.23360252380371058,0.35309791564941406,f1316b35e8af56cd3e067f04f70979baa2146a37fab3bf2585cdac87715b9213,True,0.16243457794189445,0.43487548828125,f1316b35e8af56cd3e067f04f70979baa2146a37fab3bf2585cdac87715b9213
control,r1,coin-heaven,173033,50,50,1.0,0,112,0,0.25177001953125,1.3370513916015625,2c36a1c754fa6a5fca6347b1d4a3d95f4a5f23f9cf1711e50757272eb230b102,True,0.1992344856262206,0.6787776947021484,2c36a1c754fa6a5fca6347b1d4a3d95f4a5f23f9cf1711e50757272eb230b102
control,r1,coin-heaven,173034,50,50,1.0,0,127,0,0.20475387573242188,0.335693359375,786e28a890d5820430295decfbcd3dd915b014facd314f455e2efac1928c99f8,True,0.2121925354003903,0.33974647521972656,786e28a890d5820430295decfbcd3dd915b014facd314f455e2efac1928c99f8
control,r1,coin-heaven,173035,50,50,1.0,0,134,0,0.23406744003295887,0.3609657287597656,726ef3a46e160bf50a2dd839df73c3f3f882411cf4b77faac0329d101c2933dc,True,0.23243427276611325,0.39196014404296875,726ef3a46e160bf50a2dd839df73c3f3f882411cf4b77faac0329d101c2933dc
control,r1,coin-heaven,173036,50,50,1.0,0,130,0,0.1440763473510742,0.24080276489257812,bb1b33afdc727fad2c4ceeeebcee972c73b39f5d56b126e83140f04e97e87d83,True,0.20245313644409177,0.35309791564941406,bb1b33afdc727fad2c4ceeeebcee972c73b39f5d56b126e83140f04e97e87d83
control,r1,coin-heaven,173037,50,50,1.0,0,129,0,0.17766952514648432,0.2770423889160156,a8602317ce23b658941139a68e90f82fc25c5cff6a74a8eb90b362f9b11f45ff,True,0.2769947052001952,0.5419254302978516,a8602317ce23b658941139a68e90f82fc25c5cff6a74a8eb90b362f9b11f45ff
control,r1,coin-heaven,173038,50,50,1.0,0,117,0,0.15745162963867168,0.2880096435546875,68ae999be6b145c61aae4eea76360641d89785029ad6f63a56e73e66aab101bc,True,0.22830963134765567,0.5109310150146484,68ae999be6b145c61aae4eea76360641d89785029ad6f63a56e73e66aab101bc
control,r1,coin-heaven,173039,50,50,1.0,0,116,0,0.12642145156860352,0.2570152282714844,45a5dd2038ff94bbe726530e9ac12f4c724e54e238ff4bda4ab0337f4b3e7280,True,0.23216009140014648,0.41413307189941406,45a5dd2038ff94bbe726530e9ac12f4c724e54e238ff4bda4ab0337f4b3e7280
control,r1,coin-heaven,173040,50,50,1.0,0,113,0,0.1657962799072265,0.5941390991210938,45d4747d7066e227a13898afc15a778e2ba52f5a4dae786f443e5694e65243d7,True,0.16832351684570307,0.347137451171875,45d4747d7066e227a13898afc15a778e2ba52f5a4dae786f443e5694e65243d7
control,r1,loot-crate,174001,21,50,0.42,0,400,0,0.26311874389648426,0.45800209045410156,24673f5a0e21ba9cddf6c095fb66ae8fcd50fba78dca43f9d9b6bddebe9460e2,True,0.43265819549560486,1.1930465698242188,24673f5a0e21ba9cddf6c095fb66ae8fcd50fba78dca43f9d9b6bddebe9460e2
control,r1,loot-crate,174002,26,50,0.52,1,322,0,0.21970272064208976,0.7140636444091797,b64e168925f51aa1b148a7832202c0197f09d25c566e987aa66a18427e30761b,True,0.5064368247985839,2.0368099212646484,b64e168925f51aa1b148a7832202c0197f09d25c566e987aa66a18427e30761b
control,r1,loot-crate,174003,12,50,0.24,0,400,0,0.2210617065429687,0.5991458892822266,a1c315b7e67cc9c96681ba3ebd893106b9e23571c105db57cf153bde987a2822,True,0.5591154098510724,1.6608238220214844,a1c315b7e67cc9c96681ba3ebd893106b9e23571c105db57cf153bde987a2822
control,r1,loot-crate,174004,3,50,0.06,0,400,0,0.1957535743713379,0.5497932434082031,a2c9816b1634bca24a28016df00e0b665d271bcfe0774a27c0cf0617620c5223,True,0.6763577461242671,3.0062198638916016,a2c9816b1634bca24a28016df00e0b665d271bcfe0774a27c0cf0617620c5223
control,r1,loot-crate,174005,8,50,0.16,0,400,0,0.3369569778442382,0.9052753448486328,ed22c07207aafa5d1b1d5f5f8120ca518c9dbc530a546601285c5a0e2761dff4,True,0.9392380714416501,2.9549598693847656,ed22c07207aafa5d1b1d5f5f8120ca518c9dbc530a546601285c5a0e2761dff4
control,r1,loot-crate,174006,4,50,0.08,0,400,0,0.20231008529663075,0.4532337188720703,dcb76cb5dac54a375423962c4704a18a282be2bd56fe62e071313572a21bd96a,True,0.3960132598876953,0.9620189666748047,dcb76cb5dac54a375423962c4704a18a282be2bd56fe62e071313572a21bd96a
control,r1,loot-crate,174007,4,50,0.08,1,70,0,0.3142833709716796,0.43582916259765625,26e8ec69cc048c92da0aa767b39fc5c832371ba88ac2f8863804738c3ff9e648,True,0.4858851432800293,0.6818771362304688,26e8ec69cc048c92da0aa767b39fc5c832371ba88ac2f8863804738c3ff9e648
control,r1,loot-crate,174008,14,50,0.28,0,400,0,0.224161148071289,0.6856918334960938,6d85acc7649af08f836cab16159d884da0028253658a25e6a52711905955eafe,True,0.6722688674926746,3.439188003540039,6d85acc7649af08f836cab16159d884da0028253658a25e6a52711905955eafe
control,r1,loot-crate,174009,19,50,0.38,0,400,1,0.224161148071289,0.5631446838378906,6045079f8517f4dbde97f0d57394e81bf95f9599777e066700186468a350bca4,True,0.6980657577514635,1.7590522766113281,6045079f8517f4dbde97f0d57394e81bf95f9599777e066700186468a350bca4
control,r1,loot-crate,174010,10,50,0.2,0,400,0,0.18999576568603496,1.1181831359863281,c0df16761626c86aadf380bcdedd3601d23231ff4f685ce7a6fed6a497434975,True,0.5464196205139158,2.1660327911376953,c0df16761626c86aadf380bcdedd3601d23231ff4f685ce7a6fed6a497434975
control,r1,loot-crate,174011,0,50,0.0,0,400,0,0.1468658447265625,0.4248619079589844,089b4c8b9c06183be8cff5150f60902028d2f30e9ea9033d4f777babdfcde05c,True,0.5112409591674801,2.0020008087158203,089b4c8b9c06183be8cff5150f60902028d2f30e9ea9033d4f777babdfcde05c
control,r1,loot-crate,174012,24,50,0.48,0,400,0,0.2717018127441403,0.5791187286376953,fb7dbbf3a05aabf1be2b4089899be52e0ea94755849af4149012b1d12ea821db,True,0.749754905700683,1.9538402557373047,fb7dbbf3a05aabf1be2b4089899be52e0ea94755849af4149012b1d12ea821db
control,r1,loot-crate,174013,18,50,0.36,0,400,0,0.23236274719238267,0.5707740783691406,702456ab860fa6793cdac16d72c09ce8cadba02659dc22660eb5ca8cce9e1af6,True,0.7380723953247069,2.688169479370117,702456ab860fa6793cdac16d72c09ce8cadba02659dc22660eb5ca8cce9e1af6
control,r1,loot-crate,174014,6,50,0.12,0,400,0,0.1684069633483886,0.5540847778320312,b9ed65a6e438ae7ea7f1e419bd6ceffff634b66ed0bb6bf41486acf57def9ef5,True,0.8290290832519531,4.896879196166992,b9ed65a6e438ae7ea7f1e419bd6ceffff634b66ed0bb6bf41486acf57def9ef5
control,r1,loot-crate,174015,2,50,0.04,1,42,0,0.22729635238647447,0.5247592926025391,4d2b3880e5c0626675958c45327dc4c7584784077a6b0ca81a510fe08a92a99a,True,0.9447216987609852,2.3949146270751953,4d2b3880e5c0626675958c45327dc4c7584784077a6b0ca81a510fe08a92a99a
control,r1,loot-crate,174016,0,50,0.0,0,400,0,0.1762270927429199,0.6630420684814453,134d9bbe38b19b81e8d1cc6f78a96267214ed21abb26ebc94bc7f840f5e56e86,True,0.6802201271057127,4.875898361206055,134d9bbe38b19b81e8d1cc6f78a96267214ed21abb26ebc94bc7f840f5e56e86
control,r1,loot-crate,174017,21,50,0.42,0,400,0,0.2302646636962889,1.1830329895019531,89bb955a2788fc8f93fd5b7e6eb3e88baff6b3f9d335a5a9843b4b459331e062,True,0.922143459320068,2.7167797088623047,89bb955a2788fc8f93fd5b7e6eb3e88baff6b3f9d335a5a9843b4b459331e062
control,r1,loot-crate,174018,17,50,0.34,0,400,1,0.3291726112365721,0.8761882781982422,4dfd1a708ad1a63f0b2908741e6334934a924e691c624c95feb621e0e0e48fb1,True,0.8033156394958483,3.5779476165771484,4dfd1a708ad1a63f0b2908741e6334934a924e691c624c95feb621e0e0e48fb1
control,r1,loot-crate,174019,5,50,0.1,1,95,1,0.5994796752929688,0.9391307830810547,5d04ad67b2861332159162efbbd739ff159670c1f5edd4fc4b9bd235578f75a4,True,0.45368671417236317,4.261970520019531,5d04ad67b2861332159162efbbd739ff159670c1f5edd4fc4b9bd235578f75a4
control,r1,loot-crate,174020,2,50,0.04,0,400,0,0.3042459487915039,0.9698867797851562,a7dfacaa2e73260ef1c61d28a99ff8f9a5f98a33f94767722ce315448c0682cb,True,0.8584737777709958,5.017757415771484,a7dfacaa2e73260ef1c61d28a99ff8f9a5f98a33f94767722ce315448c0682cb
control,r1,loot-crate,174021,14,50,0.28,0,400,0,0.49405097961425776,1.499176025390625,e0a06e77c4cbcc5d7c941aec026d43fd927c8ebec70756f029569df7fcb3246b,True,0.999319553375244,2.2268295288085938,e0a06e77c4cbcc5d7c941aec026d43fd927c8ebec70756f029569df7fcb3246b
control,r1,loot-crate,174022,29,50,0.58,0,400,0,0.5573511123657223,1.6012191772460938,9c88ce7d55e1a9b43d6ae2507ded102da34f89047ba6cc980bbca8302db13b88,True,0.7585287094116197,4.749059677124023,9c88ce7d55e1a9b43d6ae2507ded102da34f89047ba6cc980bbca8302db13b88
control,r1,loot-crate,174023,6,50,0.12,1,69,0,0.38285255432128906,0.45108795166015625,dc2b1c4f719f90010444ca18def44e4961bc1d67b075a8b6affcfc05c423022d,True,0.46248435974121055,0.7979869842529297,dc2b1c4f719f90010444ca18def44e4961bc1d67b075a8b6affcfc05c423022d
control,r1,loot-crate,174024,6,50,0.12,0,400,0,0.8971929550170896,10.437965393066406,c89384cc4ca07b596d4d5f71e7d97c1b0131ce850b727262a02621a66a7b553a,True,0.7589578628540032,2.2783279418945312,c89384cc4ca07b596d4d5f71e7d97c1b0131ce850b727262a02621a66a7b553a
control,r1,loot-crate,174025,3,50,0.06,0,400,0,0.3196239471435539,0.8220672607421875,b82769432514ec34614846bb03ae1920b901238521dd529a221a37dde8bbe25b,True,0.7460594177246094,1.680135726928711,b82769432514ec34614846bb03ae1920b901238521dd529a221a37dde8bbe25b
control,r1,loot-crate,174026,13,50,0.26,0,400,0,0.5199909210205078,3.014802932739258,dae9426d88086620ca0d2fcdffae76d2801a0833e9f021c4432d4f1eddb3d8be,True,0.6337642669677734,1.7809867858886719,dae9426d88086620ca0d2fcdffae76d2801a0833e9f021c4432d4f1eddb3d8be
control,r1,loot-crate,174027,9,50,0.18,1,122,1,0.43176412582397455,0.7288455963134766,07c9ac96e42cbd634fce916795f53a5b15ef90b8f869e3b09b5742c161e61921,True,0.6945371627807609,2.4979114532470703,07c9ac96e42cbd634fce916795f53a5b15ef90b8f869e3b09b5742c161e61921
control,r1,loot-crate,174028,4,50,0.08,0,400,0,0.7893800735473628,1.6787052154541016,2adc20bbbb7840f79bb4d17fc9aa1671a069feea2e36ed267b477bb274a5b40c,True,0.7253170013427714,2.830028533935547,2adc20bbbb7840f79bb4d17fc9aa1671a069feea2e36ed267b477bb274a5b40c
control,r1,loot-crate,174029,6,50,0.12,0,400,0,0.8182883262634277,2.2788047790527344,ed71394db370859e57940a262cda6564f14d12703dc367bd46755a5109668798,True,0.6142497062683104,1.8911361694335938,ed71394db370859e57940a262cda6564f14d12703dc367bd46755a5109668798
control,r1,loot-crate,174030,15,50,0.3,1,190,0,0.4261851310729978,0.9260177612304688,4d30beafdcb287d369d4380ae7dd35bd578f2cc19c67cea006b5221f39d688f5,True,0.521695613861084,1.6241073608398438,4d30beafdcb287d369d4380ae7dd35bd578f2cc19c67cea006b5221f39d688f5
control,r1,loot-crate,174031,2,50,0.04,0,400,0,0.2704977989196772,0.5538463592529297,4bb561a4552c16c73e741033b9f3db67ddb30ae0daea3f400c0cccff8a532b7e,True,0.7904648780822732,2.576112747192383,4bb561a4552c16c73e741033b9f3db67ddb30ae0daea3f400c0cccff8a532b7e
control,r1,loot-crate,174032,16,50,0.32,0,400,0,0.44314861297607383,1.7993450164794922,e85927e4e4564e873f71cda12aa3d752b66969a7cecfd665d311dc8f4ee94a56,True,0.7940053939819333,1.9252300262451172,e85927e4e4564e873f71cda12aa3d752b66969a7cecfd665d311dc8f4ee94a56
control,r1,loot-crate,174033,4,50,0.08,0,400,0,0.43331384658813443,0.8540153503417969,47e099225ee1c7af40b7ba285a26aa4201b186f60be9fb415514e9de05f57bc7,True,0.9319901466369627,2.9010772705078125,47e099225ee1c7af40b7ba285a26aa4201b186f60be9fb415514e9de05f57bc7
control,r1,loot-crate,174034,6,50,0.12,0,400,0,0.5459785461425781,1.232147216796875,630753bad2cc3c2e0b23c5fc9357c3f531cd4f3c8aed16158dc3221d56ed3d93,True,0.5686640739440911,2.604961395263672,630753bad2cc3c2e0b23c5fc9357c3f531cd4f3c8aed16158dc3221d56ed3d93
control,r1,loot-crate,174035,22,50,0.44,0,400,0,0.32131671905517456,1.0149478912353516,0d54f3d02989aa5e7f67ae5b6a39424866428f87440686d86858b6bd1aef4532,True,0.7601737976074218,3.4089088439941406,0d54f3d02989aa5e7f67ae5b6a39424866428f87440686d86858b6bd1aef4532
control,r1,loot-crate,174036,28,50,0.56,0,400,0,0.5266785621643062,1.1048316955566406,07ae0ff79986859e9e40bdd51d2e63578c71958e24c3204b3363b2dbd0811050,True,0.5496144294738765,2.412080764770508,07ae0ff79986859e9e40bdd51d2e63578c71958e24c3204b3363b2dbd0811050
control,r1,loot-crate,174037,6,50,0.12,1,108,0,0.6873846054077147,0.949859619140625,6a13798106002f39705a8c4d7c24a5aa0dfadadc73ee3b4228ca5ebd31af2258,True,0.8213162422180176,1.922607421875,6a13798106002f39705a8c4d7c24a5aa0dfadadc73ee3b4228ca5ebd31af2258
control,r1,loot-crate,174038,8,50,0.16,0,400,0,0.5899190902709958,3.031015396118164,725c6c24e97ac04b9b550a6763946c3ef08ea6149786c43bf2618c3e0cf1d481,True,0.6165742874145503,1.3699531555175781,725c6c24e97ac04b9b550a6763946c3ef08ea6149786c43bf2618c3e0cf1d481
control,r1,loot-crate,174039,7,50,0.14,0,400,0,0.4686594009399408,0.8580684661865234,b927752b759b4c64c6d47ad041e8fa894feccbe804d27d2fc7deb6908ca56b76,True,0.6280064582824707,2.2728443145751953,b927752b759b4c64c6d47ad041e8fa894feccbe804d27d2fc7deb6908ca56b76
control,r1,loot-crate,174040,14,50,0.28,0,400,0,0.8268952369689941,7.872104644775391,5667333e51768eb3c4ed2ad502368a645782d73acfb77cc12ac192e6f7581f4f,True,0.8362293243408202,2.270221710205078,5667333e51768eb3c4ed2ad502368a645782d73acfb77cc12ac192e6f7581f4f
control,r2,classic,172001,6,9,0.6666666666666666,0,400,0,0.6580591201782224,1.3649463653564453,43dd8f0eb069cc66501c9cbd2e62100025c2467ff30e7d21e9ab090bde76ddf1,True,0.4613399505615232,3.961801528930664,43dd8f0eb069cc66501c9cbd2e62100025c2467ff30e7d21e9ab090bde76ddf1
control,r2,classic,172002,8,9,0.8888888888888888,0,400,0,0.8600354194641084,4.405021667480469,6b9f330276a4d517e8b44d263d04ec435e9521b9ca396a4621ac699c9236fbd0,True,0.45422315597534174,1.5017986297607422,6b9f330276a4d517e8b44d263d04ec435e9521b9ca396a4621ac699c9236fbd0
control,r2,classic,172003,1,9,0.1111111111111111,0,400,0,0.46715736389160145,1.4638900756835938,ce70c50df65449e221d176727d0375c7a3f34b3e17a4e324d7cdc26b740c0058,True,0.41798353195190424,0.7762908935546875,ce70c50df65449e221d176727d0375c7a3f34b3e17a4e324d7cdc26b740c0058
control,r2,classic,172004,3,9,0.3333333333333333,0,400,0,0.5581736564636222,1.9099712371826172,c88f0e2213d5df11eaeb14c95846893a4acfb6eb446f155bf591269c307d5fb9,True,0.5071520805358873,3.809690475463867,c88f0e2213d5df11eaeb14c95846893a4acfb6eb446f155bf591269c307d5fb9
control,r2,classic,172005,5,9,0.5555555555555556,0,400,0,0.48451423645019465,2.104043960571289,6d37f5cdafca28b394109f57b639bae590a248004c0585c88d41000f4174c1c7,True,0.6091833114624021,2.045154571533203,6d37f5cdafca28b394109f57b639bae590a248004c0585c88d41000f4174c1c7
control,r2,classic,172006,2,9,0.2222222222222222,0,400,0,0.7437348365783677,3.4868717193603516,3a75332d45967244acf8693af2d9e6aefddaf073060a71da491791795a20e0e0,True,0.6883621215820301,2.1820068359375,3a75332d45967244acf8693af2d9e6aefddaf073060a71da491791795a20e0e0
control,r2,classic,172007,2,9,0.2222222222222222,0,400,0,0.47800540924072243,2.1867752075195312,93b6c22bc875e8488f9a107fc90b0ea51db448b814c39c268c308f07c741fbbc,True,0.8228182792663539,5.089044570922852,93b6c22bc875e8488f9a107fc90b0ea51db448b814c39c268c308f07c741fbbc
control,r2,classic,172008,1,9,0.1111111111111111,0,400,0,0.5702614784240718,2.4356842041015625,870c0e3fe15d5b4c244a679108f3ae909a505f4b602b43beb45954763ea669ce,True,0.9921550750732421,4.68897819519043,870c0e3fe15d5b4c244a679108f3ae909a505f4b602b43beb45954763ea669ce
control,r2,classic,172009,6,9,0.6666666666666666,0,400,0,0.8302211761474609,4.147052764892578,9397d4762b41fed5d63edd216cbd6b4f23f3c596d01995a7e59f20f62bab694d,True,0.4013061523437495,0.888824462890625,9397d4762b41fed5d63edd216cbd6b4f23f3c596d01995a7e59f20f62bab694d
control,r2,classic,172010,2,9,0.2222222222222222,0,400,0,0.39662122726440374,1.8398761749267578,c5c93f809414a54b4bbcb60231fbf7154e71763ebd2de6ef8815cc506bd86d3e,True,0.42802095413208,0.7932186126708984,c5c93f809414a54b4bbcb60231fbf7154e71763ebd2de6ef8815cc506bd86d3e
control,r2,classic,172011,3,9,0.3333333333333333,0,400,0,0.5363583564758289,2.096891403198242,abea857d0f3fc47b92485d87a5c773fca4d75940d234e693136402145d3b05cd,True,0.2981305122375487,0.7448196411132812,abea857d0f3fc47b92485d87a5c773fca4d75940d234e693136402145d3b05cd
control,r2,classic,172012,1,9,0.1111111111111111,0,400,0,0.39063692092895475,2.379179000854492,411b386c64b9d5b9012657cd9d47870770556ea62cbcd61808c368f041b08dd5,True,0.6618499755859366,2.1948814392089844,411b386c64b9d5b9012657cd9d47870770556ea62cbcd61808c368f041b08dd5
control,r2,classic,172013,1,9,0.1111111111111111,0,400,0,0.8830070495605441,2.6998519897460938,cdd0d7aa73d67847fa88e4ab19d2a44551fcae32a16e34296090d41000018cc3,True,0.6871938705444333,1.405954360961914,cdd0d7aa73d67847fa88e4ab19d2a44551fcae32a16e34296090d41000018cc3
control,r2,classic,172014,3,9,0.3333333333333333,0,400,0,0.8938193321228021,2.218961715698242,962d0881cf949b0a9636648c41c8c9a7911ce1e96d0574cb90aa753eecb4c6c1,True,0.7236123085021968,2.702951431274414,962d0881cf949b0a9636648c41c8c9a7911ce1e96d0574cb90aa753eecb4c6c1
control,r2,classic,172015,0,9,0.0,1,5,0,0.5677223205566406,0.5838871002197266,3caaa21047d4fdf0ef958dc96c9ace2216132dee038c7e812c23a9021cc32c71,True,1.146697998046875,1.2738704681396484,3caaa21047d4fdf0ef958dc96c9ace2216132dee038c7e812c23a9021cc32c71
control,r2,classic,172016,5,9,0.5555555555555556,0,400,0,1.4541387557983387,7.002830505371094,5a9f7616ff175428d912772c39561a1afe044168ae27cfac364d35e938860a77,True,1.2987971305847124,8.188009262084961,5a9f7616ff175428d912772c39561a1afe044168ae27cfac364d35e938860a77
control,r2,classic,172017,0,9,0.0,0,400,0,0.7033824920654286,3.284931182861328,b71b2dc23e6299afa0c6b4eb173a1a9a083800fdb6f54ab890a56581d83b902d,True,1.104903221130369,10.744094848632812,b71b2dc23e6299afa0c6b4eb173a1a9a083800fdb6f54ab890a56581d83b902d
control,r2,classic,172018,1,9,0.1111111111111111,0,400,0,0.6879687309265129,1.7390251159667969,05efa26e46f3246356a85fe3a514283b46b241f89d19f9316381107ee6b91d6a,True,0.44083595275878906,2.1758079528808594,05efa26e46f3246356a85fe3a514283b46b241f89d19f9316381107ee6b91d6a
control,r2,classic,172019,1,9,0.1111111111111111,0,400,0,0.6723165512084956,3.580808639526367,3b20251a50649e8eeb436fd8b826b193ebc9fed4c51254133ef52c812d786a5a,True,0.7889747619628906,4.2018890380859375,3b20251a50649e8eeb436fd8b826b193ebc9fed4c51254133ef52c812d786a5a
control,r2,classic,172020,0,9,0.0,0,400,0,0.5981206893920891,2.3450851440429688,f47b133e9697aff3ca4d544f99b20863b1d82e6eec97ab71dd5ca7a608d429fb,True,0.8373260498046873,3.3349990844726562,f47b133e9697aff3ca4d544f99b20863b1d82e6eec97ab71dd5ca7a608d429fb
control,r2,classic,172021,0,9,0.0,0,400,0,0.8641958236694324,4.986047744750977,ed4f9110e5cc72c27b2e1882d23c3a3fa6f3ea7c30f3829fc99776378d93290e,True,0.6393551826477047,1.7859935760498047,ed4f9110e5cc72c27b2e1882d23c3a3fa6f3ea7c30f3829fc99776378d93290e
control,r2,classic,172022,6,9,0.6666666666666666,0,400,0,0.5954265594482419,2.579927444458008,d882df0789b4a31c911caefb6c9e7975f8bc2bca693a672a2013c26687c846e4,True,0.8318424224853498,2.187967300415039,d882df0789b4a31c911caefb6c9e7975f8bc2bca693a672a2013c26687c846e4
control,r2,classic,172023,3,9,0.3333333333333333,0,400,0,0.731027126312255,3.877878189086914,8f36ee34c4fe65695cc360a6ee4efa00eb3891410756417367024ddbbf02cf38,True,0.7444739341735834,2.6061534881591797,8f36ee34c4fe65695cc360a6ee4efa00eb3891410756417367024ddbbf02cf38
control,r2,classic,172024,0,9,0.0,0,400,0,0.4451990127563474,2.061128616333008,d5f5ab5b397539b1264804360a0ba4e37c2afeee34a953e059901b94b00be577,True,0.5169391632080078,4.001617431640625,d5f5ab5b397539b1264804360a0ba4e37c2afeee34a953e059901b94b00be577
control,r2,classic,172025,3,9,0.3333333333333333,0,400,0,0.6268620491027832,4.746913909912109,9af047ff57670747a72f56c1f7da326c4787874e312e961ba4de9c7448e4260a,True,0.6842613220214842,3.9451122283935547,9af047ff57670747a72f56c1f7da326c4787874e312e961ba4de9c7448e4260a
control,r2,classic,172026,2,9,0.2222222222222222,0,400,0,1.0884046554565425,2.8028488159179688,defce4bdb8db97f7332764611c64bf59f5568c91d20c77c75d5058b3e420a8ad,True,0.7291674613952623,1.367807388305664,defce4bdb8db97f7332764611c64bf59f5568c91d20c77c75d5058b3e420a8ad
control,r2,classic,172027,3,9,0.3333333333333333,0,400,0,0.48781633377075106,1.3630390167236328,46b796682061a11ad50bcaf04ee2a3285b6bc88d11dee4cad4d0dd37a2cfba95,True,0.4451513290405271,1.9903182983398438,46b796682061a11ad50bcaf04ee2a3285b6bc88d11dee4cad4d0dd37a2cfba95
control,r2,classic,172028,2,9,0.2222222222222222,0,400,0,0.7410645484924316,1.4388561248779297,a1ce6ab70688c48ba4a4606dce711e18bf36d822002e89de8c23773c57477e16,True,0.5782842636108395,2.5179386138916016,a1ce6ab70688c48ba4a4606dce711e18bf36d822002e89de8c23773c57477e16
control,r2,classic,172029,0,9,0.0,0,400,0,0.6482720375061033,2.8450489044189453,80f0d5f4c8d8b44414ce6bde35be54117849ed931f783dd7166865e09821e1fb,True,0.6402969360351561,2.526998519897461,80f0d5f4c8d8b44414ce6bde35be54117849ed931f783dd7166865e09821e1fb
control,r2,classic,172030,4,9,0.4444444444444444,0,400,0,0.9913444519042967,2.7039051055908203,517cd78d141ae931203ae8d3850dcfaa30341f505bfa13ae8bc05b5a27ddb036,True,0.5491137504577637,2.0270347595214844,517cd78d141ae931203ae8d3850dcfaa30341f505bfa13ae8bc05b5a27ddb036
control,r2,classic,172031,0,9,0.0,0,400,0,0.39466619491577076,1.9080638885498047,54a7705df399445ff9d4646cb9610deb1df20cac6545393f562b410e3a655c63,True,0.35724639892578114,4.162788391113281,54a7705df399445ff9d4646cb9610deb1df20cac6545393f562b410e3a655c63
control,r2,classic,172032,3,9,0.3333333333333333,0,400,0,0.3695607185363765,0.9577274322509766,a8b5502d043ac28915a6af1b6bd74628df2061daa51e9b9a28cd731b7a7f7592,True,0.5445122718811031,1.7430782318115234,a8b5502d043ac28915a6af1b6bd74628df2061daa51e9b9a28cd731b7a7f7592
control,r2,classic,172033,2,9,0.2222222222222222,0,400,0,0.5723237991333004,1.4328956604003906,5bba5f0d930fc0f3cd779b9348eed9c89625972b354cd8b9b4ce0a34c27485b8,True,0.4410862922668446,2.474069595336914,5bba5f0d930fc0f3cd779b9348eed9c89625972b354cd8b9b4ce0a34c27485b8
control,r2,classic,172034,3,9,0.3333333333333333,0,400,0,0.6753206253051754,4.657983779907227,b86d30121257b727aeb7a37c0f4ef473cc9647a789b959d791822a2deb6e3468,True,0.7698416709899868,4.056692123413086,b86d30121257b727aeb7a37c0f4ef473cc9647a789b959d791822a2deb6e3468
control,r2,classic,172035,1,9,0.1111111111111111,0,400,0,0.4045009613037106,1.1730194091796875,32b5cb12a2a068c213084e78ea5a36310dca2af28bf687dee7e5fa44cb71baae,True,0.6613969802856432,3.094196319580078,32b5cb12a2a068c213084e78ea5a36310dca2af28bf687dee7e5fa44cb71baae
control,r2,classic,172036,2,9,0.2222222222222222,0,400,0,0.4164814949035632,1.3561248779296875,5861c1a1d5a1b3d530348f4cc333175669a614376f5397df15bc0693d8ad4def,True,0.5743622779846189,1.7621517181396484,5861c1a1d5a1b3d530348f4cc333175669a614376f5397df15bc0693d8ad4def
control,r2,classic,172037,1,9,0.1111111111111111,0,400,0,0.2906441688537593,0.7278919219970703,784087e04200c92dc2be5c7e34ff91df87b73c23dd2c9a77bc8ff041de734303,True,0.6099224090576172,2.454996109008789,784087e04200c92dc2be5c7e34ff91df87b73c23dd2c9a77bc8ff041de734303
control,r2,classic,172038,0,9,0.0,0,400,0,0.24086236953735346,1.322031021118164,8e8f071511a89ccdd57a6845a265e96b9bfec2c2272d913d08071eb4b5b06587,True,0.673246383666992,7.467985153198242,8e8f071511a89ccdd57a6845a265e96b9bfec2c2272d913d08071eb4b5b06587
control,r2,classic,172039,4,9,0.4444444444444444,0,400,0,0.3736734390258784,0.8051395416259766,b2f6d6f65db9051ddc95c52e330d5dc2e31312cc09eba0bf299cd9cd50cd1014,True,0.43666362762451116,1.508951187133789,b2f6d6f65db9051ddc95c52e330d5dc2e31312cc09eba0bf299cd9cd50cd1014
control,r2,classic,172040,4,9,0.4444444444444444,0,400,0,0.34004449844360346,0.7991790771484375,796e2862f5fc2a0d5f3732ab9155aed6dee9f3db1fd39b4e98326125f6957b16,True,0.6015896797180171,2.2749900817871094,796e2862f5fc2a0d5f3732ab9155aed6dee9f3db1fd39b4e98326125f6957b16
control,r2,coin-heaven,173001,50,50,1.0,0,123,0,0.4201173782348632,0.8792877197265625,39ccdaf19d9e2e3859f6c11725b9a190a3893f33ea99741ca42f0bf8c689a92c,True,0.16758441925048823,0.2522468566894531,39ccdaf19d9e2e3859f6c11725b9a190a3893f33ea99741ca42f0bf8c689a92c
control,r2,coin-heaven,173002,50,50,1.0,0,128,0,0.7986664772033686,4.115819931030273,c5a8218d48d7c8da53c0f5870913b6cdfdc75ded5880de8fa97f93af82cb34d3,True,0.185394287109375,0.24700164794921875,c5a8218d48d7c8da53c0f5870913b6cdfdc75ded5880de8fa97f93af82cb34d3
control,r2,coin-heaven,173003,50,50,1.0,0,151,0,0.628352165222168,1.9998550415039062,0d1ba7cfe6adf7f1207d98c0dc690a314196fc3b099dd13b226d9099472daaed,True,0.25260448455810547,0.3762245178222656,0d1ba7cfe6adf7f1207d98c0dc690a314196fc3b099dd13b226d9099472daaed
control,r2,coin-heaven,173004,50,50,1.0,0,122,0,0.574660301208496,1.650094985961914,22547ffcca159f1084f63944fd61f97ba19a0de1ebff38b9638f1b348ab775e9,True,0.25713443756103455,0.476837158203125,22547ffcca159f1084f63944fd61f97ba19a0de1ebff38b9638f1b348ab775e9
control,r2,coin-heaven,173005,50,50,1.0,0,118,0,0.5900382995605463,2.2411346435546875,cbecf1fbcd7c5b7ec15050c6353c5d0229023f040e6500b22edb5d123104cd84,True,0.20543336868286102,0.45990943908691406,cbecf1fbcd7c5b7ec15050c6353c5d0229023f040e6500b22edb5d123104cd84
control,r2,coin-heaven,173006,50,50,1.0,0,111,0,0.7632970809936523,1.538991928100586,904e57c39c4756d074a0f80bd9f67e24bd4bc065f68a7da79131e29c55d5f316,True,0.19752979278564453,0.5991458892822266,904e57c39c4756d074a0f80bd9f67e24bd4bc065f68a7da79131e29c55d5f316
control,r2,coin-heaven,173007,50,50,1.0,0,126,0,0.405728816986084,0.942230224609375,1119b0bb97a3bb3f06179b337b6227939f1d7eccc4c1948a098f046c6c9c0cfb,True,0.20366907119750977,0.4322528839111328,1119b0bb97a3bb3f06179b337b6227939f1d7eccc4c1948a098f046c6c9c0cfb
control,r2,coin-heaven,173008,50,50,1.0,0,137,0,0.8588790893554686,2.5637149810791016,8422e1a544acd697cd00decafe1d680e0638b86142b69281fc246f822cbdfc1e,True,0.2993583679199219,0.5939006805419922,8422e1a544acd697cd00decafe1d680e0638b86142b69281fc246f822cbdfc1e
control,r2,coin-heaven,173009,50,50,1.0,0,131,0,0.5104541778564453,1.4538764953613281,6f22382964b99070fd01ac6994559df4e79465f29c5f69d6b90e29d07dccd044,True,0.2535581588745117,0.6711483001708984,6f22382964b99070fd01ac6994559df4e79465f29c5f69d6b90e29d07dccd044
control,r2,coin-heaven,173010,50,50,1.0,0,110,0,0.32165050506591786,0.4551410675048828,5dc44785fb0af3bf3831425ed763a2cf5127eb0b4a14f2560a9c7c05bd5957bd,True,0.25178194046020497,0.3459453582763672,5dc44785fb0af3bf3831425ed763a2cf5127eb0b4a14f2560a9c7c05bd5957bd
control,r2,coin-heaven,173011,50,50,1.0,0,128,0,0.6609201431274414,1.77001953125,4c3c58c50bbae84eb1ba6878fcec8fe1c0003959d31772d8646f3412fce5045e,True,0.2907395362854004,0.5629062652587891,4c3c58c50bbae84eb1ba6878fcec8fe1c0003959d31772d8646f3412fce5045e
control,r2,coin-heaven,173012,50,50,1.0,0,116,0,0.6365180015563965,1.2538433074951172,a8a6565d7dde18f43ddc6b77d920f0e58192d7cd81b45a56bd96c5388f23431e,True,0.25850534439086914,0.49304962158203125,a8a6565d7dde18f43ddc6b77d920f0e58192d7cd81b45a56bd96c5388f23431e
control,r2,coin-heaven,173013,50,50,1.0,0,134,0,0.5568742752075195,1.528024673461914,d957fc33a7c126fef0e690e9353caaba8abdf37fc0377ce6d2ffd057b0568a3c,True,0.3214478492736816,0.4780292510986328,d957fc33a7c126fef0e690e9353caaba8abdf37fc0377ce6d2ffd057b0568a3c
control,r2,coin-heaven,173014,50,50,1.0,0,128,0,0.8035182952880854,1.4188289642333984,718062afa6c79d21d9f382e313420555af5f28cffeb5c14cf6cd16a1f17f0bb4,True,0.20935535430908192,0.6442070007324219,718062afa6c79d21d9f382e313420555af5f28cffeb5c14cf6cd16a1f17f0bb4
control,r2,coin-heaven,173015,50,50,1.0,0,128,0,0.7123231887817372,1.600027084350586,0f5e00a9e5d5349bd32852cb0ad152c36fd89ed7395d4fe6b594bf27ebcc5022,True,0.20924806594848627,0.32901763916015625,0f5e00a9e5d5349bd32852cb0ad152c36fd89ed7395d4fe6b594bf27ebcc5022
control,r2,coin-heaven,173016,50,50,1.0,0,118,0,0.8173108100891112,2.4662017822265625,4b9ce1c3d3a160b66517bce49e85d70ec59bf9bea4626371959b1a463311819b,True,0.31833648681640625,0.45990943908691406,4b9ce1c3d3a160b66517bce49e85d70ec59bf9bea4626371959b1a463311819b
control,r2,coin-heaven,173017,50,50,1.0,0,127,0,0.7907390594482414,1.3341903686523438,2fd416ac4367a857f8c5261da70ae0a2713605270293a423ea865120195e9984,True,0.19683837890624992,0.38909912109375,2fd416ac4367a857f8c5261da70ae0a2713605270293a423ea865120195e9984
control,r2,coin-heaven,173018,50,50,1.0,0,116,0,0.951230525970459,2.4487972259521484,e7634f579038c00dca1c34877c5475f8f32c39d25da109beed7545ab33aaa07a,True,0.18918514251708984,0.4317760467529297,e7634f579038c00dca1c34877c5475f8f32c39d25da109beed7545ab33aaa07a
control,r2,coin-heaven,173019,50,50,1.0,0,117,0,0.7461547851562498,2.2890567779541016,7c7c4c886b34318481f0be45b0f0d2a4a492cd050a1a4d23f861b5f9ca3ba8b4,True,0.28281211853027316,0.3910064697265625,7c7c4c886b34318481f0be45b0f0d2a4a492cd050a1a4d23f861b5f9ca3ba8b4
control,r2,coin-heaven,173020,50,50,1.0,0,115,0,0.4167795181274414,1.0027885437011719,95e3c919aa0fab094fb887d45d2b68395a1b7401e3aac9459609817542616d6e,True,0.1514434814453125,0.3132820129394531,95e3c919aa0fab094fb887d45d2b68395a1b7401e3aac9459609817542616d6e
control,r2,coin-heaven,173021,50,50,1.0,0,129,0,0.21266937255859375,0.5021095275878906,68608e0771f41d1aa88b994a8c99d225c970648b59e1c4c77b3e0df698b7df84,True,0.1862049102783203,0.31685829162597656,68608e0771f41d1aa88b994a8c99d225c970648b59e1c4c77b3e0df698b7df84
control,r2,coin-heaven,173022,50,50,1.0,0,114,0,0.18939971923828125,0.3058910369873047,e0f0ed89a38077024fe7d859a1880cd7c7b7f9500a4105b5f6402bd40a58accd,True,0.37094354629516585,0.4673004150390625,e0f0ed89a38077024fe7d859a1880cd7c7b7f9500a4105b5f6402bd40a58accd
control,r2,coin-heaven,173023,50,50,1.0,0,109,0,0.2194881439208984,0.5850791931152344,6383560ff9dff67d6fc32ec56dfb4b5a91d404f74dc5b872a23613860cdcaf7f,True,0.1745223999023436,0.2949237823486328,6383560ff9dff67d6fc32ec56dfb4b5a91d404f74dc5b872a23613860cdcaf7f
control,r2,coin-heaven,173024,50,50,1.0,0,132,0,0.2013325691223144,0.2608299255371094,508e046781d677eac37269ddeeed733bcf1a41187de92d7ca557ad84a6b06d77,True,0.20066499710083002,0.3528594970703125,508e046781d677eac37269ddeeed733bcf1a41187de92d7ca557ad84a6b06d77
control,r2,coin-heaven,173025,50,50,1.0,0,129,0,0.3113269805908203,0.5872249603271484,fb29e70d8194b1da61696851f69232452347fa996659288f2a0a156827a6200c,True,0.20108222961425778,0.4773139953613281,fb29e70d8194b1da61696851f69232452347fa996659288f2a0a156827a6200c
control,r2,coin-heaven,173026,50,50,1.0,0,117,0,0.22583007812499994,0.3008842468261719,3f301a5bfc34f9f5925ad968282612dff88c1e9bb0fa7df54f26075dda2bbeaa,True,0.24323463439941398,0.3979206085205078,3f301a5bfc34f9f5925ad968282612dff88c1e9bb0fa7df54f26075dda2bbeaa
control,r2,coin-heaven,173027,50,50,1.0,0,121,0,0.18286705017089844,0.2818107604980469,2baca998680d6546acd4fecc41cbbecf9614a5cca4093b7f29e6edd168b4d01d,True,0.2231597900390625,0.6880760192871094,2baca998680d6546acd4fecc41cbbecf9614a5cca4093b7f29e6edd168b4d01d
control,r2,coin-heaven,173028,50,50,1.0,0,115,0,0.1624345779418945,0.3268718719482422,84cf87a4113ed7c76aceaf67bb5d859491b5fd6197fce9c394f517d17a527dfb,True,0.2282857894897461,0.30303001403808594,84cf87a4113ed7c76aceaf67bb5d859491b5fd6197fce9c394f517d17a527dfb
control,r2,coin-heaven,173029,50,50,1.0,0,123,0,0.21808147430419914,0.5140304565429688,48db79c397905d48b3ee9bf75536ce440a3a91886cfd26b62282c2e821c388d7,True,0.20654201507568357,0.2791881561279297,48db79c397905d48b3ee9bf75536ce440a3a91886cfd26b62282c2e821c388d7
control,r2,coin-heaven,173030,50,50,1.0,0,133,0,0.3100395202636719,0.34308433532714844,fa25d869aac3ed9eeea4acb4ad069e7efabdec05cc49e6aba4f55e9e125a2876,True,0.32482147216796864,0.5509853363037109,fa25d869aac3ed9eeea4acb4ad069e7efabdec05cc49e6aba4f55e9e125a2876
control,r2,coin-heaven,173031,50,50,1.0,0,131,0,0.19991397857666016,0.3898143768310547,b3eb04fc5de54f2b766ba6af47b3ad635b717b0952075a0a9e2bd371600b1c74,True,0.20396709442138672,0.3838539123535156,b3eb04fc5de54f2b766ba6af47b3ad635b717b0952075a0a9e2bd371600b1c74
control,r2,coin-heaven,173032,50,50,1.0,0,111,0,0.19490718841552734,0.3418922424316406,e949443b24a5366c2824044a61d344aca9974ede229a31fa5bfec04b2a050d92,True,0.2186298370361328,0.39315223693847656,e949443b24a5366c2824044a61d344aca9974ede229a31fa5bfec04b2a050d92
control,r2,coin-heaven,173033,50,50,1.0,0,115,0,0.23224353790283203,0.31375885009765625,5ec96e28745f6b175103a8ab1d4d5baf9013820f8990619a8da178e02ae97d9d,True,0.2735137939453125,0.5021095275878906,5ec96e28745f6b175103a8ab1d4d5baf9013820f8990619a8da178e02ae97d9d
control,r2,coin-heaven,173034,50,50,1.0,0,127,0,0.1417160034179687,0.30612945556640625,786e28a890d5820430295decfbcd3dd915b014facd314f455e2efac1928c99f8,True,0.26319026947021457,0.5128383636474609,786e28a890d5820430295decfbcd3dd915b014facd314f455e2efac1928c99f8
control,r2,coin-heaven,173035,50,50,1.0,0,133,0,0.236845016479492,0.30112266540527344,0829fd425a3acea6d72aae6998f25f6d846c0b5b1b77eb076ac89eafd7b80ce1,True,0.26497840881347656,0.4570484161376953,0829fd425a3acea6d72aae6998f25f6d846c0b5b1b77eb076ac89eafd7b80ce1
control,r2,coin-heaven,173036,50,50,1.0,0,125,0,0.13508796691894528,0.24509429931640625,a4a985476689bf2d3e661b56ca37b5dc332fc459b347bfd2832ff2a0ba043712,True,0.170135498046875,0.3600120544433594,a4a985476689bf2d3e661b56ca37b5dc332fc459b347bfd2832ff2a0ba043712
control,r2,coin-heaven,173037,50,50,1.0,0,129,0,0.1490592956542968,0.2791881561279297,a8602317ce23b658941139a68e90f82fc25c5cff6a74a8eb90b362f9b11f45ff,True,0.23198127746582028,0.2930164337158203,a8602317ce23b658941139a68e90f82fc25c5cff6a74a8eb90b362f9b11f45ff
control,r2,coin-heaven,173038,50,50,1.0,0,117,0,0.1803874969482422,0.3077983856201172,68ae999be6b145c61aae4eea76360641d89785029ad6f63a56e73e66aab101bc,True,0.1781463623046875,0.40030479431152344,68ae999be6b145c61aae4eea76360641d89785029ad6f63a56e73e66aab101bc
control,r2,coin-heaven,173039,50,50,1.0,0,115,0,0.14214515686035148,0.33402442932128906,f566a0dec7b79a3ae7744dda9cbe793270b7613cb0815226879ca5a0c8e5e821,True,0.148630142211914,0.4177093505859375,f566a0dec7b79a3ae7744dda9cbe793270b7613cb0815226879ca5a0c8e5e821
control,r2,coin-heaven,173040,50,50,1.0,0,113,0,0.13928413391113278,0.18310546875,45d4747d7066e227a13898afc15a778e2ba52f5a4dae786f443e5694e65243d7,True,0.17833709716796875,0.2551078796386719,45d4747d7066e227a13898afc15a778e2ba52f5a4dae786f443e5694e65243d7
control,r2,loot-crate,174001,8,50,0.16,0,400,0,0.2319812774658203,0.5681514739990234,fb50bc945b515704b7872f5ec1bfb81db9f84dbbf2dba6980430832d80c6d6d4,True,0.9049415588378905,3.7670135498046875,fb50bc945b515704b7872f5ec1bfb81db9f84dbbf2dba6980430832d80c6d6d4
control,r2,loot-crate,174002,3,50,0.06,1,56,0,0.23365020751953125,0.3440380096435547,f549b62b085a5183ef2f610b718fba59601848995b2d57ac2a825e28077de8e4,True,0.6082653999328613,0.8618831634521484,f549b62b085a5183ef2f610b718fba59601848995b2d57ac2a825e28077de8e4
control,r2,loot-crate,174003,2,50,0.04,1,34,0,0.1919269561767578,0.3020763397216797,2f1719e9becb334d6f115800494ebb2319f8e0013bc5360a2446c35f00e08162,True,1.7726182937622057,3.133058547973633,2f1719e9becb334d6f115800494ebb2319f8e0013bc5360a2446c35f00e08162
control,r2,loot-crate,174004,13,50,0.26,1,194,0,0.2780437469482422,0.5838871002197266,ca55ea5e1114666ee77be1bd64c95f8e65e1aecc43f192616fbc21c228399856,True,1.122307777404785,2.371072769165039,ca55ea5e1114666ee77be1bd64c95f8e65e1aecc43f192616fbc21c228399856
control,r2,loot-crate,174005,6,50,0.12,0,400,0,0.18292665481567377,0.49376487731933594,c2d0c87b7645498c68e3f0419517e560931101cc0801500efdbc470463234ad1,True,0.8762121200561523,3.5278797149658203,c2d0c87b7645498c68e3f0419517e560931101cc0801500efdbc470463234ad1
control,r2,loot-crate,174006,5,50,0.1,1,56,0,0.2060532569885254,0.3762245178222656,2b87b0eed4f627585e31471bd9a96b68edcfd3510f9fc4bbc4274d960d716849,True,0.49227476119995117,0.5619525909423828,2b87b0eed4f627585e31471bd9a96b68edcfd3510f9fc4bbc4274d960d716849
control,r2,loot-crate,174007,5,50,0.1,0,400,0,0.1621842384338376,0.4057884216308594,42d426883beea7cd7d56fa84bbc53cdcfb495e1f80c94cbe8c94140f0f249e98,True,0.47215223312377924,2.907276153564453,42d426883beea7cd7d56fa84bbc53cdcfb495e1f80c94cbe8c94140f0f249e98
control,r2,loot-crate,174008,7,50,0.14,0,400,0,0.2530574798583983,0.6949901580810547,f4931b916c81cf1fd7055430bfb37475b4f42ffd022db8d5fd63990bf40294d7,True,0.5983948707580564,1.2500286102294922,f4931b916c81cf1fd7055430bfb37475b4f42ffd022db8d5fd63990bf40294d7
control,r2,loot-crate,174009,3,50,0.06,0,400,0,0.18320083618164054,0.6721019744873047,f20b55d5621ae549026f3813325a66bca3b8993b1912ed48c44ced2e9b7a02c7,True,0.7282614707946776,4.541873931884766,f20b55d5621ae549026f3813325a66bca3b8993b1912ed48c44ced2e9b7a02c7
control,r2,loot-crate,174010,0,50,0.0,0,400,0,0.40433406829833946,1.5249252319335938,ef15dfde37b48a04de3e9807a2384130cea31b64b8296d5b9e3ac65cbc404cc4,True,0.446498394012451,0.9491443634033203,ef15dfde37b48a04de3e9807a2384130cea31b64b8296d5b9e3ac65cbc404cc4
control,r2,loot-crate,174011,26,50,0.52,0,400,0,0.23703575134277338,0.6189346313476562,4becc23ddd039603b781bc75c04079ebacd72c6a716d66e8fb75569ff55d4845,True,0.6667256355285639,1.4472007751464844,4becc23ddd039603b781bc75c04079ebacd72c6a716d66e8fb75569ff55d4845
control,r2,loot-crate,174012,23,50,0.46,1,295,0,0.22394657135009777,0.5409717559814453,2717ab7d89f30c98aa4596875c36b87907ecf1e900bdac5fb378df87ced7c36a,True,0.6062507629394533,2.7556419372558594,2717ab7d89f30c98aa4596875c36b87907ecf1e900bdac5fb378df87ced7c36a
control,r2,loot-crate,174013,17,50,0.34,0,400,0,0.23416280746459958,0.7009506225585938,1978ee982d9234412231301e057a9af065198b43e0c84064d5f80242baa63989,True,0.6904840469360347,1.1320114135742188,1978ee982d9234412231301e057a9af065198b43e0c84064d5f80242baa63989
control,r2,loot-crate,174014,18,50,0.36,0,400,0,0.29745101928710904,0.5660057067871094,e3900f73d1ab094cbbb1950f2241602bc409b191b1adb453d61ba8dd37dd48ac,True,0.8623838424682613,4.396200180053711,e3900f73d1ab094cbbb1950f2241602bc409b191b1adb453d61ba8dd37dd48ac
control,r2,loot-crate,174015,6,50,0.12,0,400,0,0.2160191535949707,0.4329681396484375,be33d3740f19aedefd4254ddc23d5038907cd5842bf2b14fcb626edabf672c98,True,0.45118331909179676,1.470804214477539,be33d3740f19aedefd4254ddc23d5038907cd5842bf2b14fcb626edabf672c98
control,r2,loot-crate,174016,14,50,0.28,0,400,0,0.23794174194335938,0.47397613525390625,b6a34a77738d1872b519dd8e12c62d00ad18b46a6956986b02d74e4250ff6d39,True,0.6142020225524902,1.4278888702392578,b6a34a77738d1872b519dd8e12c62d00ad18b46a6956986b02d74e4250ff6d39
control,r2,loot-crate,174017,10,50,0.2,0,400,0,0.28320550918579085,0.6957054138183594,e1e8a235a46185ae3c21d7976bd7801404cccadc1734ccffc2f6c2a8241a291c,True,0.48900842666625954,2.7000904083251953,e1e8a235a46185ae3c21d7976bd7801404cccadc1734ccffc2f6c2a8241a291c
control,r2,loot-crate,174018,23,50,0.46,0,400,1,0.25802850723266596,0.5009174346923828,47104571642978ffb469c66c99cf41128945dae2ca659c608b70e6aed2d50778,True,0.667297840118408,3.6458969116210938,47104571642978ffb469c66c99cf41128945dae2ca659c608b70e6aed2d50778
control,r2,loot-crate,174019,7,50,0.14,0,400,0,0.552999973297119,1.6050338745117188,e0775d836ae93e178ee6c739068126f1cb347aeda4aabad706e4ff67b8034e42,True,0.5803108215332029,2.6199817657470703,e0775d836ae93e178ee6c739068126f1cb347aeda4aabad706e4ff67b8034e42
control,r2,loot-crate,174020,3,50,0.06,0,400,0,0.28915405273437483,1.2540817260742188,6d63ec82d81a9a728fad0ee59d46f276de255a2032e7b6d7044d0084fbf09973,True,0.6518959999084473,1.9919872283935547,6d63ec82d81a9a728fad0ee59d46f276de255a2032e7b6d7044d0084fbf09973
control,r2,loot-crate,174021,11,50,0.22,0,400,0,0.4022479057312011,0.9248256683349609,65d2408b0907cd3187b704da84f20427d87a2f23d34e54b3eda59bd80fc643cd,True,0.6731033325195312,3.507852554321289,65d2408b0907cd3187b704da84f20427d87a2f23d34e54b3eda59bd80fc643cd
control,r2,loot-crate,174022,10,50,0.2,0,400,0,0.2941131591796874,0.6604194641113281,a280efc71d51a53fd93661ebc009e713887b46b1dd403dd1b7b3bdc262d698b6,True,0.5730390548706054,2.1789073944091797,a280efc71d51a53fd93661ebc009e713887b46b1dd403dd1b7b3bdc262d698b6
control,r2,loot-crate,174023,11,50,0.22,0,400,0,0.36725997924804676,0.8978843688964844,ee4b231ae3cf7aae6ebc1eca63ca4fb3c8aa3d121b2b7a7cc61b17d3cdaefba4,True,0.6636500358581537,1.4069080352783203,ee4b231ae3cf7aae6ebc1eca63ca4fb3c8aa3d121b2b7a7cc61b17d3cdaefba4
control,r2,loot-crate,174024,25,50,0.5,1,263,0,0.3679513931274412,0.6840229034423828,f4edb8d64c38209283cf7be85686dc78278c69e84cec8c7c9722e03d253b3a3a,True,0.6619215011596675,2.1469593048095703,f4edb8d64c38209283cf7be85686dc78278c69e84cec8c7c9722e03d253b3a3a
control,r2,loot-crate,174025,4,50,0.08,0,400,0,0.3531455993652343,0.5047321319580078,a2951a92600989253403f49d8bf8f06f8eb73df8e41a410a331a79e6577b0ba0,False,0.9458065032958959,701.4918327331543,1b508db7750da1c20da109263fbad638dbdf0af02d6510d264f51713a5e3ec51
control,r2,loot-crate,174026,17,50,0.34,0,400,0,0.39615631103515614,1.1849403381347656,0325ced6fdb3d354d7018486c290206708e1d4d9ee107951e6a842a4cec0216d,True,0.9647369384765617,2.6750564575195312,0325ced6fdb3d354d7018486c290206708e1d4d9ee107951e6a842a4cec0216d
control,r2,loot-crate,174027,34,50,0.68,0,400,1,0.692903995513916,1.9419193267822266,92390a13c3249a101e44e4fd2f81ce1ade46e12f518c860879eb1f9aea64b1c6,True,0.7128596305847159,4.2781829833984375,92390a13c3249a101e44e4fd2f81ce1ade46e12f518c860879eb1f9aea64b1c6
control,r2,loot-crate,174028,6,50,0.12,0,400,0,0.7056832313537593,4.009008407592773,a1b51505bcac8b726b73e3e4739f476b009d01feac7074bda5542d0e4d21fe6d,True,0.7441759109497059,2.721071243286133,a1b51505bcac8b726b73e3e4739f476b009d01feac7074bda5542d0e4d21fe6d
control,r2,loot-crate,174029,18,50,0.36,0,400,0,0.4041671752929687,0.8630752563476562,e5c71e473545254b3ead5ac636f58e2f98d0308f147c88ca0e07c724f20467c1,True,0.7188558578491211,2.3338794708251953,e5c71e473545254b3ead5ac636f58e2f98d0308f147c88ca0e07c724f20467c1
control,r2,loot-crate,174030,21,50,0.42,0,400,0,0.47851800918579057,1.2671947479248047,e7442a643540ea21f0fd028f4538e5457de06c4dbf21e757d9fe1d5bd05d1bdf,True,0.99736452102661,3.7827491760253906,e7442a643540ea21f0fd028f4538e5457de06c4dbf21e757d9fe1d5bd05d1bdf
control,r2,loot-crate,174031,11,50,0.22,0,400,0,0.5012512207031249,4.0149688720703125,95160a9b981ef5955e2176122c133055951a8a06b0fee640e0532cc142a803ea,True,0.9104490280151355,3.780841827392578,95160a9b981ef5955e2176122c133055951a8a06b0fee640e0532cc142a803ea
control,r2,loot-crate,174032,19,50,0.38,0,400,0,0.35754442214965787,0.7648468017578125,ed109fd06c62dc97a35807669f17d22e499bdaf6cedad7577d39f8b3cf699b6c,True,0.8453607559204098,1.9788742065429688,ed109fd06c62dc97a35807669f17d22e499bdaf6cedad7577d39f8b3cf699b6c
control,r2,loot-crate,174033,28,50,0.56,0,400,1,0.44513940811157204,0.7889270782470703,013b1b449d384b819cd718aa1a9ffc09bbcf269ec6dee927f9fbdc14f0418950,True,0.8356690406799312,3.4749507904052734,013b1b449d384b819cd718aa1a9ffc09bbcf269ec6dee927f9fbdc14f0418950
control,r2,loot-crate,174034,7,50,0.14,0,400,0,0.2213597297668454,0.5130767822265625,84f9928c4ce88498759965ee704b9065a767948b18f24f4c27ef3f1a52d155bc,True,0.6252527236938473,2.074003219604492,84f9928c4ce88498759965ee704b9065a767948b18f24f4c27ef3f1a52d155bc
control,r2,loot-crate,174035,3,50,0.06,1,42,0,1.2567281723022456,1.7900466918945312,11a478a82388f4c8cb6809c7d7d0ac51bf0de6bad39abbd215c998a503c7402f,True,0.49103498458862294,0.9489059448242188,11a478a82388f4c8cb6809c7d7d0ac51bf0de6bad39abbd215c998a503c7402f
control,r2,loot-crate,174036,8,50,0.16,0,400,0,0.41294097900390625,1.0077953338623047,f52d6519c7d29fb645edb8c5a97c03e52382d7e20ec670302482609073e7cb5e,True,0.6942272186279295,6.658077239990234,f52d6519c7d29fb645edb8c5a97c03e52382d7e20ec670302482609073e7cb5e
control,r2,loot-crate,174037,37,50,0.74,0,400,1,1.0160088539123526,2.4230480194091797,8ef1ba2d1692d3584481966525330d3cbdf4861142fb4a2f86e7d38ca076b14b,True,0.6054520606994617,3.0510425567626953,8ef1ba2d1692d3584481966525330d3cbdf4861142fb4a2f86e7d38ca076b14b
control,r2,loot-crate,174038,27,50,0.54,0,400,0,0.3735065460205075,1.0101795196533203,c7d1e0cd0b6676eb44370f2faf9052ac38a7f680378e3e3d015565a75aa07b86,True,0.4383563995361327,0.9288787841796875,c7d1e0cd0b6676eb44370f2faf9052ac38a7f680378e3e3d015565a75aa07b86
control,r2,loot-crate,174039,26,50,0.52,0,400,0,0.39516687393188465,0.6477832794189453,8004c64d06de321133e6e4333ce85b524004eb404c30323bf1e409387e6726c3,True,0.6925821304321282,2.493143081665039,8004c64d06de321133e6e4333ce85b524004eb404c30323bf1e409387e6726c3
control,r2,loot-crate,174040,25,50,0.5,1,360,0,0.44142007827758795,1.4259815216064453,dc666763800785c076a7cd9c06e2a836ac0ebacafa1b5d3288550883e557f041,True,0.7740020751953125,1.9478797912597656,dc666763800785c076a7cd9c06e2a836ac0ebacafa1b5d3288550883e557f041
control,r3,classic,172001,6,9,0.6666666666666666,0,400,0,0.8729219436645492,2.2001266479492188,b3d69ffc643ba75903369fa5aa51f359458dc5a7e63d80c2c2aa5adcc9e937f7,True,0.7285833358764644,4.198789596557617,b3d69ffc643ba75903369fa5aa51f359458dc5a7e63d80c2c2aa5adcc9e937f7
control,r3,classic,172002,3,9,0.3333333333333333,0,400,0,0.9375333786010738,1.569986343383789,e9b6af339b301317af12971a3bb6d6b8af157df80ea394ba19bb8a7b820502ba,True,0.7857918739318839,1.917123794555664,e9b6af339b301317af12971a3bb6d6b8af157df80ea394ba19bb8a7b820502ba
control,r3,classic,172003,0,9,0.0,0,400,0,0.4874587059020995,2.4650096893310547,2a413107eeb6562126b9d9ad6ba28366b8850365559f8a60ddc63a03193de892,True,0.747263431549072,5.836963653564453,2a413107eeb6562126b9d9ad6ba28366b8850365559f8a60ddc63a03193de892
control,r3,classic,172004,2,9,0.2222222222222222,0,400,0,0.6713151931762683,2.090930938720703,d6f53d038771cb9a31a7dd55142db66d9c5dc37f0cc47d44855aea984fd3a253,True,0.8045554161071772,3.064870834350586,d6f53d038771cb9a31a7dd55142db66d9c5dc37f0cc47d44855aea984fd3a253
control,r3,classic,172005,0,9,0.0,0,400,0,0.6981611251831051,5.387067794799805,c821375a7321263b417894ae1fa910d047bbf1a798405bc9f8b6642181097adf,True,0.6389021873474113,1.3391971588134766,c821375a7321263b417894ae1fa910d047bbf1a798405bc9f8b6642181097adf
control,r3,classic,172006,3,9,0.3333333333333333,0,400,0,0.5524873733520503,2.201080322265625,b063d54b7e1362ee8d0f474ef2f90f784160a6eb9044f7b2bb9bb2a63e99c900,True,0.4705667495727535,1.6400814056396484,b063d54b7e1362ee8d0f474ef2f90f784160a6eb9044f7b2bb9bb2a63e99c900
control,r3,classic,172007,0,9,0.0,0,400,0,0.40428638458251914,0.7319450378417969,818658ff9abb7ba73c549fc3abe40d6acbefaee638426744b93d38a58ff3802f,True,0.6252765655517577,2.841949462890625,818658ff9abb7ba73c549fc3abe40d6acbefaee638426744b93d38a58ff3802f
control,r3,classic,172008,1,9,0.1111111111111111,0,400,0,0.6254315376281736,1.1501312255859375,5f3bebb7bb137b3d513bb07d693e6754b4f721b1af910ae68115ad45c0eef557,True,0.5181312561035156,1.3790130615234375,5f3bebb7bb137b3d513bb07d693e6754b4f721b1af910ae68115ad45c0eef557
control,r3,classic,172009,1,9,0.1111111111111111,0,400,0,0.6425142288207993,2.721071243286133,c0edbb846228ad8d1dd3cdf37ee7c9eb41cc969580521f032f5cf9df314f7c6e,True,0.649666786193847,6.412982940673828,c0edbb846228ad8d1dd3cdf37ee7c9eb41cc969580521f032f5cf9df314f7c6e
control,r3,classic,172010,1,9,0.1111111111111111,0,400,0,0.7874727249145503,1.6241073608398438,f3b3fb423d06dfa773a3a581bb886445a4646d45aff09895ad7556f25972ffd4,True,0.7821083068847655,2.810955047607422,f3b3fb423d06dfa773a3a581bb886445a4646d45aff09895ad7556f25972ffd4
control,r3,classic,172011,3,9,0.3333333333333333,0,400,0,0.4950165748596191,1.4028549194335938,6fe3e4322eefdd720ee2d617b579c7a15a0156c459ae5d2c085470722c9b01a0,True,0.6780743598937977,1.9598007202148438,6fe3e4322eefdd720ee2d617b579c7a15a0156c459ae5d2c085470722c9b01a0
control,r3,classic,172012,0,9,0.0,0,400,0,0.42228698730468744,1.512289047241211,de400e286fe399205c815f9f7537fe29329efab88f8b389e5b90b807174c0fd5,True,0.2523541450500485,0.6248950958251953,de400e286fe399205c815f9f7537fe29329efab88f8b389e5b90b807174c0fd5
control,r3,classic,172013,1,9,0.1111111111111111,0,400,0,0.46712160110473605,1.825094223022461,4c16b7a91884fe65b2cb91a073098ba9185adf4f9aae4f6dcd59cddf8a12ff97,True,0.6594061851501464,3.412961959838867,4c16b7a91884fe65b2cb91a073098ba9185adf4f9aae4f6dcd59cddf8a12ff97
control,r3,classic,172014,0,9,0.0,0,400,0,0.40476322174072205,2.1910667419433594,2ce42b7a98fe518c45fccbfc1e1f058270fd1cd7ee072ce921b02ecc81258c3d,True,0.7202625274658201,1.589059829711914,2ce42b7a98fe518c45fccbfc1e1f058270fd1cd7ee072ce921b02ecc81258c3d
control,r3,classic,172015,2,9,0.2222222222222222,0,400,0,0.4991054534912108,3.713846206665039,e2a6aacefe37a2e2c9783b3ededbac75f77e3ae8feca75c957b4094eb7524c67,True,0.5013346672058102,1.528024673461914,e2a6aacefe37a2e2c9783b3ededbac75f77e3ae8feca75c957b4094eb7524c67
control,r3,classic,172016,1,9,0.1111111111111111,0,400,0,0.3261208534240721,1.127004623413086,4f54f440dab8123b3165dc539c8d7325650537b9a63b9b3585e51580413e7ac0,True,0.27109384536743164,0.6439685821533203,4f54f440dab8123b3165dc539c8d7325650537b9a63b9b3585e51580413e7ac0
control,r3,classic,172017,0,9,0.0,0,400,0,0.7571220397949218,2.596139907836914,6aa918931b8b9af93d6e0f1c2b6a7cb9feaf8f2ed45d5e87d2e582f256475c58,True,0.2912163734436034,0.4706382751464844,6aa918931b8b9af93d6e0f1c2b6a7cb9feaf8f2ed45d5e87d2e582f256475c58
control,r3,classic,172018,1,9,0.1111111111111111,0,400,0,0.2565145492553707,0.49591064453125,7347acecc377ed20caf13aa4de5f088afd603c789a87a27a9b778a8e1baeaa9e,True,0.29871463775634705,1.6777515411376953,7347acecc377ed20caf13aa4de5f088afd603c789a87a27a9b778a8e1baeaa9e
control,r3,classic,172019,1,9,0.1111111111111111,0,400,0,0.24299621582031244,0.858306884765625,b23ade0560b4d4e8d9945ab3bb4cd9f1349bf8efecb7b50e01fccd69e9d6286c,True,0.15306472778320312,0.2880096435546875,b23ade0560b4d4e8d9945ab3bb4cd9f1349bf8efecb7b50e01fccd69e9d6286c
control,r3,classic,172020,0,9,0.0,0,400,0,0.5171060562133787,2.156972885131836,f228a4e595a5b396f4fd59086f675a07d1fa7e3dbff1a9a7cc7593d7d4da9710,True,0.17231702804565413,0.4858970642089844,f228a4e595a5b396f4fd59086f675a07d1fa7e3dbff1a9a7cc7593d7d4da9710
control,r3,classic,172021,5,9,0.5555555555555556,0,400,0,0.777530670166015,2.8519630432128906,db3639d81c43dd961667827b8449a7c20ba3d175873cdfdd2944b59999ebc889,True,0.2587914466857909,0.4839897155761719,db3639d81c43dd961667827b8449a7c20ba3d175873cdfdd2944b59999ebc889
control,r3,classic,172022,1,9,0.1111111111111111,1,62,0,0.46792030334472645,1.0380744934082031,3eef3b97d28ff93b6b9ca345b89e3db84c26579a2b42df4be925050c0c61cbb4,True,0.21185874938964844,0.3750324249267578,3eef3b97d28ff93b6b9ca345b89e3db84c26579a2b42df4be925050c0c61cbb4
control,r3,classic,172023,1,9,0.1111111111111111,0,400,0,0.6260395050048818,1.7740726470947266,24115b19402a41721a312460e272524b721c5f36548e3073f3d4b69c8f974331,True,0.16939640045165982,0.5180835723876953,24115b19402a41721a312460e272524b721c5f36548e3073f3d4b69c8f974331
control,r3,classic,172024,0,9,0.0,0,400,0,0.30092000961303644,0.8797645568847656,ccac9f14771b4da81c750422e2c701a649fa85a7b0fa8dd1bacfa784a92cd7a4,True,0.16790628433227534,0.4229545593261719,ccac9f14771b4da81c750422e2c701a649fa85a7b0fa8dd1bacfa784a92cd7a4
control,r3,classic,172025,3,9,0.3333333333333333,0,400,0,0.6282687187194824,1.7490386962890625,b16aa3b65232b9a0c08369d7381524724c5b12578dab211b62b73a0f6e643924,True,0.1863956451416014,1.028299331665039,b16aa3b65232b9a0c08369d7381524724c5b12578dab211b62b73a0f6e643924
control,r3,classic,172026,3,9,0.3333333333333333,0,400,0,0.524330139160156,7.760286331176758,c70edb03c63ce3abbd3761a7c498e9e089212a09d6ecba61fdd5d979b8751a7d,True,0.3240585327148437,1.3070106506347656,c70edb03c63ce3abbd3761a7c498e9e089212a09d6ecba61fdd5d979b8751a7d
control,r3,classic,172027,0,9,0.0,0,400,0,0.7007360458374019,3.1158924102783203,75da957a6e647f6a5db16d7a941adb910011677d08e42a5b7265ba84615cadae,True,0.1612663269042968,0.3001689910888672,75da957a6e647f6a5db16d7a941adb910011677d08e42a5b7265ba84615cadae
control,r3,classic,172028,2,9,0.2222222222222222,0,400,0,0.9401321411132812,5.596160888671875,111f2c3c549712e48ed49554414dce67af8de7ad35fab5b1f1b202a9c4031dae,True,0.1621246337890625,0.4239082336425781,111f2c3c549712e48ed49554414dce67af8de7ad35fab5b1f1b202a9c4031dae
control,r3,classic,172029,0,9,0.0,0,400,0,0.7133245468139618,3.2148361206054688,5c3a38527e3570f56c8b84e2a6e874b6e823a45562d0856384e2e454c12fdd44,True,0.15255212783813438,0.4317760467529297,5c3a38527e3570f56c8b84e2a6e874b6e823a45562d0856384e2e454c12fdd44
control,r3,classic,172030,0,9,0.0,0,400,0,0.3529667854309081,1.3058185577392578,62d009ca4efc426bee964502dc25007ca09f955e994a2bc7e649d466d4c26598,True,0.1752853393554687,0.5488395690917969,62d009ca4efc426bee964502dc25007ca09f955e994a2bc7e649d466d4c26598
control,r3,classic,172031,0,9,0.0,0,400,0,0.25159120559692333,0.5178451538085938,fefa1585a3408d9ce9c95e27ab78140971c820c53d5614eec8c6d81441e81436,True,0.29726028442382796,0.9679794311523438,fefa1585a3408d9ce9c95e27ab78140971c820c53d5614eec8c6d81441e81436
control,r3,classic,172032,0,9,0.0,0,400,0,0.2653837203979488,0.6899833679199219,5201d89911eb82f591a3bf5753d75048c67a5d5c3c8a084291fa4e24f158fca1,True,0.163125991821289,0.33402442932128906,5201d89911eb82f591a3bf5753d75048c67a5d5c3c8a084291fa4e24f158fca1
control,r3,classic,172033,0,9,0.0,0,400,0,0.5910634994506825,2.019166946411133,cc07cd10eac4757bf4c30ff5321849caf6a298e64312214b56313025abe37569,True,0.4152774810791005,2.4518966674804688,cc07cd10eac4757bf4c30ff5321849caf6a298e64312214b56313025abe37569
control,r3,classic,172034,0,9,0.0,0,400,0,0.670206546783447,1.8627643585205078,e9e1457568ba1134fce72ef56f07cfed70fe5a6e9884294823712ee64a570c53,True,0.22983551025390625,1.055002212524414,e9e1457568ba1134fce72ef56f07cfed70fe5a6e9884294823712ee64a570c53
control,r3,classic,172035,1,9,0.1111111111111111,0,400,0,0.6712198257446286,2.000093460083008,70cd8c4a95c6d87c651162fb24f85c8b36bc1874cac23e4698298e165e30f5ed,True,0.1609683036804199,0.30517578125,70cd8c4a95c6d87c651162fb24f85c8b36bc1874cac23e4698298e165e30f5ed
control,r3,classic,172036,3,9,0.3333333333333333,0,400,0,0.8242368698120115,8.616924285888672,89dcbff20c18c5fedce166e0eba3ca1fbdb0af6afb25049c85e8b1c0cc96cd9b,True,0.19410848617553708,0.4520416259765625,89dcbff20c18c5fedce166e0eba3ca1fbdb0af6afb25049c85e8b1c0cc96cd9b
control,r3,classic,172037,2,9,0.2222222222222222,0,400,0,0.31296014785766585,5.466938018798828,851c9ad16e4cac398c9026be13d496cdab917260d747242c6eac0c996f1138ca,True,0.16430616378784177,0.29587745666503906,851c9ad16e4cac398c9026be13d496cdab917260d747242c6eac0c996f1138ca
control,r3,classic,172038,0,9,0.0,0,400,0,0.7136821746826169,3.532886505126953,03d78a4cb5bde4da73656d663eaaad53d6d930ecb78e4d1a06648ced8963318c,True,0.16409158706665034,0.35381317138671875,03d78a4cb5bde4da73656d663eaaad53d6d930ecb78e4d1a06648ced8963318c
control,r3,classic,172039,0,9,0.0,0,400,0,0.6559610366821274,2.115964889526367,a4b80aaa7cb8f3dd0cf36dd28c69d1482046196e002946111b9e32dc314c5b16,True,0.16094446182250977,0.3399848937988281,a4b80aaa7cb8f3dd0cf36dd28c69d1482046196e002946111b9e32dc314c5b16
control,r3,classic,172040,0,9,0.0,0,400,0,0.7683157920837401,5.290985107421875,1d157ef92931aa81b52992aad01cabdeb4aa1ea2742a62e5e4ffeaeb0152cfd4,True,0.2111434936523436,0.37598609924316406,1d157ef92931aa81b52992aad01cabdeb4aa1ea2742a62e5e4ffeaeb0152cfd4
control,r3,coin-heaven,173001,50,50,1.0,0,123,0,0.16336441040039054,0.3039836883544922,39ccdaf19d9e2e3859f6c11725b9a190a3893f33ea99741ca42f0bf8c689a92c,True,0.18062591552734364,0.4260540008544922,39ccdaf19d9e2e3859f6c11725b9a190a3893f33ea99741ca42f0bf8c689a92c
control,r3,coin-heaven,173002,50,50,1.0,0,128,0,0.18078088760375977,0.44798851013183594,c5a8218d48d7c8da53c0f5870913b6cdfdc75ded5880de8fa97f93af82cb34d3,True,0.18666982650756836,0.22792816162109375,c5a8218d48d7c8da53c0f5870913b6cdfdc75ded5880de8fa97f93af82cb34d3
control,r3,coin-heaven,173003,50,50,1.0,0,151,0,0.26738643646240234,0.3578662872314453,0d1ba7cfe6adf7f1207d98c0dc690a314196fc3b099dd13b226d9099472daaed,True,0.2938508987426758,0.4458427429199219,0d1ba7cfe6adf7f1207d98c0dc690a314196fc3b099dd13b226d9099472daaed
control,r3,coin-heaven,173004,50,50,1.0,0,130,0,0.17457008361816406,0.4467964172363281,02420cf0d87d4feff04e34c67a6277b0ea59503795f86dbe4c2cfc6dd5b4f263,True,0.3421545028686523,0.6158351898193359,02420cf0d87d4feff04e34c67a6277b0ea59503795f86dbe4c2cfc6dd5b4f263
control,r3,coin-heaven,173005,50,50,1.0,0,118,0,0.21903514862060536,0.5991458892822266,cbecf1fbcd7c5b7ec15050c6353c5d0229023f040e6500b22edb5d123104cd84,True,0.2867579460144041,0.8759498596191406,cbecf1fbcd7c5b7ec15050c6353c5d0229023f040e6500b22edb5d123104cd84
control,r3,coin-heaven,173006,50,50,1.0,0,111,0,0.20301342010498047,0.2560615539550781,904e57c39c4756d074a0f80bd9f67e24bd4bc065f68a7da79131e29c55d5f316,True,0.24950504302978516,0.5300045013427734,904e57c39c4756d074a0f80bd9f67e24bd4bc065f68a7da79131e29c55d5f316
control,r3,coin-heaven,173007,50,50,1.0,0,126,0,0.18274784088134766,0.36597251892089844,1119b0bb97a3bb3f06179b337b6227939f1d7eccc4c1948a098f046c6c9c0cfb,True,0.29778480529785156,0.7109642028808594,1119b0bb97a3bb3f06179b337b6227939f1d7eccc4c1948a098f046c6c9c0cfb
control,r3,coin-heaven,173008,50,50,1.0,0,136,0,0.2983212471008301,0.41294097900390625,9f3949f473d3a8b9faf5dace5a067cfdfdf66af2e7f9bc94af2a33b85fa55b6b,True,0.35262107849121094,0.5679130554199219,9f3949f473d3a8b9faf5dace5a067cfdfdf66af2e7f9bc94af2a33b85fa55b6b
control,r3,coin-heaven,173009,50,50,1.0,0,131,0,0.14519691467285156,0.38504600524902344,6f22382964b99070fd01ac6994559df4e79465f29c5f69d6b90e29d07dccd044,True,0.32806396484375,0.6558895111083984,6f22382964b99070fd01ac6994559df4e79465f29c5f69d6b90e29d07dccd044
control,r3,coin-heaven,173010,50,50,1.0,0,110,0,0.19128322601318357,0.7631778717041016,5dc44785fb0af3bf3831425ed763a2cf5127eb0b4a14f2560a9c7c05bd5957bd,True,0.2432584762573242,0.5960464477539062,5dc44785fb0af3bf3831425ed763a2cf5127eb0b4a14f2560a9c7c05bd5957bd
control,r3,coin-heaven,173011,50,50,1.0,0,128,0,0.28696060180664057,0.3452301025390625,4c3c58c50bbae84eb1ba6878fcec8fe1c0003959d31772d8646f3412fce5045e,True,0.38629770278930653,1.249074935913086,4c3c58c50bbae84eb1ba6878fcec8fe1c0003959d31772d8646f3412fce5045e
control,r3,coin-heaven,173012,50,50,1.0,0,116,0,0.17338991165161133,0.2968311309814453,a8a6565d7dde18f43ddc6b77d920f0e58192d7cd81b45a56bd96c5388f23431e,True,0.5024075508117676,1.2769699096679688,a8a6565d7dde18f43ddc6b77d920f0e58192d7cd81b45a56bd96c5388f23431e
control,r3,coin-heaven,173013,50,50,1.0,0,134,0,0.20503997802734375,0.38695335388183594,d957fc33a7c126fef0e690e9353caaba8abdf37fc0377ce6d2ffd057b0568a3c,True,0.31681060791015625,1.5380382537841797,d957fc33a7c126fef0e690e9353caaba8abdf37fc0377ce6d2ffd057b0568a3c
control,r3,coin-heaven,173014,50,50,1.0,0,121,0,0.14591217041015625,0.2410411834716797,1801ae59a0579028b6b605f5eb3735394c26911d0e2bfa6211abe20533bd47bb,True,0.29087066650390625,0.7867813110351562,1801ae59a0579028b6b605f5eb3735394c26911d0e2bfa6211abe20533bd47bb
control,r3,coin-heaven,173015,50,50,1.0,0,126,0,0.17279386520385742,0.2219676971435547,39404e265488bcbea52e92dca07f48062ed3618a9e2a3975a13c58b41a8fe226,True,0.3362894058227539,0.9112358093261719,39404e265488bcbea52e92dca07f48062ed3618a9e2a3975a13c58b41a8fe226
control,r3,coin-heaven,173016,50,50,1.0,0,118,0,0.25180578231811523,0.3299713134765625,4b9ce1c3d3a160b66517bce49e85d70ec59bf9bea4626371959b1a463311819b,True,0.30975341796874944,0.9119510650634766,4b9ce1c3d3a160b66517bce49e85d70ec59bf9bea4626371959b1a463311819b
control,r3,coin-heaven,173017,50,50,1.0,0,127,0,0.1924037933349608,0.3199577331542969,c2044a93c77be487b0154dcaffe6e72329ed894a16058e2bcc8421250f2aafa5,True,0.4688978195190429,1.0402202606201172,c2044a93c77be487b0154dcaffe6e72329ed894a16058e2bcc8421250f2aafa5
control,r3,coin-heaven,173018,50,50,1.0,0,116,0,0.1933574676513672,0.34928321838378906,e7634f579038c00dca1c34877c5475f8f32c39d25da109beed7545ab33aaa07a,True,0.4811882972717285,2.8989315032958984,e7634f579038c00dca1c34877c5475f8f32c39d25da109beed7545ab33aaa07a
control,r3,coin-heaven,173019,50,50,1.0,0,117,0,0.24218559265136694,0.5371570587158203,7c7c4c886b34318481f0be45b0f0d2a4a492cd050a1a4d23f861b5f9ca3ba8b4,True,0.3162384033203123,0.4489421844482422,7c7c4c886b34318481f0be45b0f0d2a4a492cd050a1a4d23f861b5f9ca3ba8b4
control,r3,coin-heaven,173020,50,50,1.0,0,115,0,0.12748241424560547,0.1919269561767578,95e3c919aa0fab094fb887d45d2b68395a1b7401e3aac9459609817542616d6e,True,0.3037691116333007,0.4982948303222656,95e3c919aa0fab094fb887d45d2b68395a1b7401e3aac9459609817542616d6e
control,r3,coin-heaven,173021,50,50,1.0,0,129,0,0.15730857849121094,0.24771690368652344,68608e0771f41d1aa88b994a8c99d225c970648b59e1c4c77b3e0df698b7df84,True,0.31909942626953125,0.44417381286621094,68608e0771f41d1aa88b994a8c99d225c970648b59e1c4c77b3e0df698b7df84
control,r3,coin-heaven,173022,50,50,1.0,0,112,0,0.16552209854125977,0.3781318664550781,a481ea07d1d26ed72486ff750285a76679886b91432e92340340fb6abab11f20,True,0.29230117797851557,0.8370876312255859,a481ea07d1d26ed72486ff750285a76679886b91432e92340340fb6abab11f20
control,r3,coin-heaven,173023,50,50,1.0,0,109,0,0.15521049499511716,0.2827644348144531,6383560ff9dff67d6fc32ec56dfb4b5a91d404f74dc5b872a23613860cdcaf7f,True,0.4635334014892576,1.3549327850341797,6383560ff9dff67d6fc32ec56dfb4b5a91d404f74dc5b872a23613860cdcaf7f
control,r3,coin-heaven,173024,50,50,1.0,0,128,0,0.1751542091369629,0.26488304138183594,52ddfac6e4c7f9f7b27a7a9a6178acb1b77f7450749948eb04a8cb3f38bbb667,True,1.0612010955810542,3.484964370727539,52ddfac6e4c7f9f7b27a7a9a6178acb1b77f7450749948eb04a8cb3f38bbb667
control,r3,coin-heaven,173025,50,50,1.0,0,130,0,0.16474723815917966,0.3199577331542969,cb5af5b548cf189da144535ff2d9187a51f7f2e7c50c372085123fc15ed8c43a,True,0.4760026931762694,0.9398460388183594,cb5af5b548cf189da144535ff2d9187a51f7f2e7c50c372085123fc15ed8c43a
control,r3,coin-heaven,173026,50,50,1.0,0,117,0,0.22339820861816395,0.7238388061523438,3f301a5bfc34f9f5925ad968282612dff88c1e9bb0fa7df54f26075dda2bbeaa,True,1.0118007659912103,2.8908252716064453,3f301a5bfc34f9f5925ad968282612dff88c1e9bb0fa7df54f26075dda2bbeaa
control,r3,coin-heaven,173027,50,50,1.0,0,121,0,0.14591217041015625,0.2582073211669922,2baca998680d6546acd4fecc41cbbecf9614a5cca4093b7f29e6edd168b4d01d,True,0.23698806762695312,0.7371902465820312,2baca998680d6546acd4fecc41cbbecf9614a5cca4093b7f29e6edd168b4d01d
control,r3,coin-heaven,173028,50,50,1.0,0,115,0,0.2286672592163086,0.286102294921875,84cf87a4113ed7c76aceaf67bb5d859491b5fd6197fce9c394f517d17a527dfb,True,0.45709609985351557,0.9951591491699219,84cf87a4113ed7c76aceaf67bb5d859491b5fd6197fce9c394f517d17a527dfb
control,r3,coin-heaven,173029,50,50,1.0,0,123,0,0.2191066741943358,0.4181861877441406,48db79c397905d48b3ee9bf75536ce440a3a91886cfd26b62282c2e821c388d7,True,0.5490779876708983,1.1179447174072266,48db79c397905d48b3ee9bf75536ce440a3a91886cfd26b62282c2e821c388d7
control,r3,coin-heaven,173030,50,50,1.0,0,133,0,0.31390190124511713,1.1091232299804688,fa25d869aac3ed9eeea4acb4ad069e7efabdec05cc49e6aba4f55e9e125a2876,True,0.5787372589111328,2.8350353240966797,fa25d869aac3ed9eeea4acb4ad069e7efabdec05cc49e6aba4f55e9e125a2876
control,r3,coin-heaven,173031,50,50,1.0,0,131,0,0.2110004425048828,0.2791881561279297,b3eb04fc5de54f2b766ba6af47b3ad635b717b0952075a0a9e2bd371600b1c74,True,0.5879402160644531,0.9379386901855469,b3eb04fc5de54f2b766ba6af47b3ad635b717b0952075a0a9e2bd371600b1c74
control,r3,coin-heaven,173032,50,50,1.0,0,109,0,0.19149780273437483,0.3063678741455078,73ee8e2c2c8aec537098eff6da93caea99d4f0cab0c82de9477c71a83f0e7878,True,2.1604537963867165,11.255979537963867,73ee8e2c2c8aec537098eff6da93caea99d4f0cab0c82de9477c71a83f0e7878
control,r3,coin-heaven,173033,50,50,1.0,0,113,0,0.1712799072265622,0.2689361572265625,dc396e45f906432ffd5865d25b8c4042fa0b15616b6975fa9cf1e343d74581c1,True,0.2988338470458984,0.6458759307861328,dc396e45f906432ffd5865d25b8c4042fa0b15616b6975fa9cf1e343d74581c1
control,r3,coin-heaven,173034,50,50,1.0,0,127,0,0.17955303192138664,0.5669593811035156,786e28a890d5820430295decfbcd3dd915b014facd314f455e2efac1928c99f8,True,0.536203384399413,1.9488334655761719,786e28a890d5820430295decfbcd3dd915b014facd314f455e2efac1928c99f8
control,r3,coin-heaven,173035,50,50,1.0,0,131,0,0.16939640045166016,0.3371238708496094,1e75456602e83023785886456c458c7ea7c5d6b5066a0c0d9e1c528ca5481a54,True,0.4420280456542969,1.9388198852539062,1e75456602e83023785886456c458c7ea7c5d6b5066a0c0d9e1c528ca5481a54
control,r3,coin-heaven,173036,50,50,1.0,0,129,0,0.15163421630859372,0.23508071899414062,168ca1f93018d1dfbb89dc09b18aee9a392dd59e051b3c061847c42ad761f082,True,0.7797241210937498,2.3801326751708984,168ca1f93018d1dfbb89dc09b18aee9a392dd59e051b3c061847c42ad761f082
control,r3,coin-heaven,173037,50,50,1.0,0,129,0,0.1649856567382812,0.4367828369140625,a8602317ce23b658941139a68e90f82fc25c5cff6a74a8eb90b362f9b11f45ff,True,0.31719207763671875,0.6048679351806641,a8602317ce23b658941139a68e90f82fc25c5cff6a74a8eb90b362f9b11f45ff
control,r3,coin-heaven,173038,50,50,1.0,0,117,0,0.25815963745117165,0.5071163177490234,68ae999be6b145c61aae4eea76360641d89785029ad6f63a56e73e66aab101bc,True,0.39992332458496055,1.4417171478271484,68ae999be6b145c61aae4eea76360641d89785029ad6f63a56e73e66aab101bc
control,r3,coin-heaven,173039,50,50,1.0,0,115,0,0.27475357055664057,0.44989585876464844,2c664c0017ce9723cbf6e3d5e5601458161c20e13e978a82e63d1e791d23be74,True,0.4657268524169922,1.2640953063964844,2c664c0017ce9723cbf6e3d5e5601458161c20e13e978a82e63d1e791d23be74
control,r3,coin-heaven,173040,50,50,1.0,0,113,0,0.18196105957031233,0.35881996154785156,45d4747d7066e227a13898afc15a778e2ba52f5a4dae786f443e5694e65243d7,True,0.45776367187499994,0.6148815155029297,45d4747d7066e227a13898afc15a778e2ba52f5a4dae786f443e5694e65243d7
control,r3,loot-crate,174001,0,50,0.0,0,400,0,0.7052063941955556,1.4078617095947266,f245b8cfb1473550d8fe4e576b937ccb82990e75e25a90b5327229a4e9bbd7e7,True,0.6123661994934079,3.1800270080566406,f245b8cfb1473550d8fe4e576b937ccb82990e75e25a90b5327229a4e9bbd7e7
control,r3,loot-crate,174002,6,50,0.12,1,72,0,1.309740543365479,2.959012985229492,0c6c05a3766d0abc0c9f3fda814615915f899504e54b6498ce8081e3fbcf80e6,True,0.39505958557128906,0.9162425994873047,0c6c05a3766d0abc0c9f3fda814615915f899504e54b6498ce8081e3fbcf80e6
control,r3,loot-crate,174003,0,50,0.0,0,400,0,0.7906794548034652,2.5472640991210938,f245b8cfb1473550d8fe4e576b937ccb82990e75e25a90b5327229a4e9bbd7e7,True,0.5691409111022949,4.966020584106445,f245b8cfb1473550d8fe4e576b937ccb82990e75e25a90b5327229a4e9bbd7e7
control,r3,loot-crate,174004,10,50,0.2,0,400,0,0.8248090744018538,3.381013870239258,80d0b3a7b1495fbaaed09dc77e189b97e04e778e391583ee120f8fa227fc6f1e,True,0.5501389503479003,1.5337467193603516,80d0b3a7b1495fbaaed09dc77e189b97e04e778e391583ee120f8fa227fc6f1e
control,r3,loot-crate,174005,11,50,0.22,0,400,0,0.859630107879637,2.8417110443115234,4be10093a2507ceb99161e9fbfcf84968033c6fd0692317fe9c24d239a93ef94,True,0.8304834365844722,1.4510154724121094,4be10093a2507ceb99161e9fbfcf84968033c6fd0692317fe9c24d239a93ef94
control,r3,loot-crate,174006,2,50,0.04,0,400,0,0.46328306198120073,3.840923309326172,4fc8ed4db5d96f824088ce104adfe266704ee035800bce7e2e9d07d3712ebd29,True,1.0094761848449685,4.75001335144043,4fc8ed4db5d96f824088ce104adfe266704ee035800bce7e2e9d07d3712ebd29
control,r3,loot-crate,174007,15,50,0.3,0,400,1,0.71195363998413,1.5978813171386719,4d08ff6644455b87cdb9e48a233fc1d3a06b3569af88baa7baa513f4a0b416e3,True,0.5828380584716789,1.1801719665527344,4d08ff6644455b87cdb9e48a233fc1d3a06b3569af88baa7baa513f4a0b416e3
control,r3,loot-crate,174008,4,50,0.08,0,400,0,0.6622910499572752,2.7370452880859375,62df1825c74c486aadbfa8c3075cee2e8166071017c6109c80c97633dc8ab740,True,0.5462765693664549,1.0449886322021484,62df1825c74c486aadbfa8c3075cee2e8166071017c6109c80c97633dc8ab740
control,r3,loot-crate,174009,0,50,0.0,0,400,0,0.7124781608581537,2.8030872344970703,f245b8cfb1473550d8fe4e576b937ccb82990e75e25a90b5327229a4e9bbd7e7,True,0.2601146697998047,1.065969467163086,f245b8cfb1473550d8fe4e576b937ccb82990e75e25a90b5327229a4e9bbd7e7
control,r3,loot-crate,174010,0,50,0.0,0,400,0,0.8515715599060053,2.7611255645751953,24fda683a0b31dc8c1d92f0a7b62ec174bba2f9933ebe6ce3332ed8f9c9fa789,True,0.3870129585266113,2.1941661834716797,24fda683a0b31dc8c1d92f0a7b62ec174bba2f9933ebe6ce3332ed8f9c9fa789
control,r3,loot-crate,174011,0,50,0.0,0,400,0,0.4994153976440426,1.672983169555664,54232232a20e356eebeb99408774044153e1b44dd1dbec7334bb18231b311474,True,0.42519569396972645,1.199960708618164,54232232a20e356eebeb99408774044153e1b44dd1dbec7334bb18231b311474
control,r3,loot-crate,174012,20,50,0.4,0,400,0,0.5739331245422363,1.6181468963623047,6333c20c5e93a507ffd69621571cf6536475fbdc3a880404a8f606b775ae8143,True,0.6699323654174798,2.8841495513916016,6333c20c5e93a507ffd69621571cf6536475fbdc3a880404a8f606b775ae8143
control,r3,loot-crate,174013,9,50,0.18,0,400,0,0.5219101905822754,2.9048919677734375,fbeafd6ed4c71609a393f43da25c1dab2e7b76eedc8863aa83927ae71be9db6d,True,0.5714654922485347,2.0148754119873047,fbeafd6ed4c71609a393f43da25c1dab2e7b76eedc8863aa83927ae71be9db6d
control,r3,loot-crate,174014,10,50,0.2,0,400,0,0.5622267723083496,1.0197162628173828,5ff09674f527f92ea323b1ff4d41c897fccd7b99e0fbbf3587195d587d9c2ab8,True,0.4890918731689452,1.3179779052734375,5ff09674f527f92ea323b1ff4d41c897fccd7b99e0fbbf3587195d587d9c2ab8
control,r3,loot-crate,174015,0,50,0.0,0,400,0,0.6452083587646484,2.966165542602539,61b16218e3c9f3d073b9dfd3a03248fb61bb4592fe29109b843fe52a8ba57c23,True,0.2630233764648437,0.9620189666748047,61b16218e3c9f3d073b9dfd3a03248fb61bb4592fe29109b843fe52a8ba57c23
control,r3,loot-crate,174016,0,50,0.0,0,400,0,0.5862355232238767,2.2420883178710938,f245b8cfb1473550d8fe4e576b937ccb82990e75e25a90b5327229a4e9bbd7e7,True,0.32694339752197193,1.1119842529296875,f245b8cfb1473550d8fe4e576b937ccb82990e75e25a90b5327229a4e9bbd7e7
control,r3,loot-crate,174017,13,50,0.26,0,400,0,0.7439255714416504,1.6911029815673828,dfa7db3734745fc6e00b7e98595676176991ff4c1b32d9995c79e3b3b29bd907,True,0.5320072174072265,2.255678176879883,dfa7db3734745fc6e00b7e98595676176991ff4c1b32d9995c79e3b3b29bd907
control,r3,loot-crate,174018,0,50,0.0,0,400,0,0.6967544555664047,1.9459724426269531,f245b8cfb1473550d8fe4e576b937ccb82990e75e25a90b5327229a4e9bbd7e7,True,0.3565430641174313,1.360177993774414,f245b8cfb1473550d8fe4e576b937ccb82990e75e25a90b5327229a4e9bbd7e7
control,r3,loot-crate,174019,9,50,0.18,0,400,0,0.9308695793151848,5.3958892822265625,0acc269a912c2e4c66f2c71345cbf9ecf353c0c6d41035d552882befa7d0838f,True,0.35531520843505854,1.3508796691894531,0acc269a912c2e4c66f2c71345cbf9ecf353c0c6d41035d552882befa7d0838f
control,r3,loot-crate,174020,0,50,0.0,0,400,0,0.4360318183898915,2.105236053466797,5c3a38527e3570f56c8b84e2a6e874b6e823a45562d0856384e2e454c12fdd44,True,0.2930521965026855,0.90789794921875,5c3a38527e3570f56c8b84e2a6e874b6e823a45562d0856384e2e454c12fdd44
control,r3,loot-crate,174021,2,50,0.04,1,91,0,0.6209611892700195,1.3051033020019531,d4e7bc4738d90572cfd98d93dfd6c1be11d2f225b080e8248a68ef9fc8b719d3,True,0.3420114517211914,0.8738040924072266,d4e7bc4738d90572cfd98d93dfd6c1be11d2f225b080e8248a68ef9fc8b719d3
control,r3,loot-crate,174022,6,50,0.12,0,400,0,0.9061694145202629,9.396076202392578,c65b12e992f3fe32d7ebc6b6d70cfe7e85c8482285810edcb0740185932413f9,True,0.3890633583068846,2.017974853515625,c65b12e992f3fe32d7ebc6b6d70cfe7e85c8482285810edcb0740185932413f9
control,r3,loot-crate,174023,2,50,0.04,1,41,0,0.7250308990478516,1.4379024505615234,2a311185c9d7fccf874344f2342f9997cb60057a3d18df810013ce136c77c1f5,True,0.43010711669921875,0.4889965057373047,2a311185c9d7fccf874344f2342f9997cb60057a3d18df810013ce136c77c1f5
control,r3,loot-crate,174024,5,50,0.1,0,400,0,0.4979252815246581,1.934051513671875,57bbca818d0c6b305865fa7ee2e039704e7640f4449b5898b24e5fdd4a1940da,True,0.3750324249267578,1.5339851379394531,57bbca818d0c6b305865fa7ee2e039704e7640f4449b5898b24e5fdd4a1940da
control,r3,loot-crate,174025,11,50,0.22,0,400,0,0.5281090736389158,1.5540122985839844,584c89936d30d0ed22a5d57b1096b8262365bed0ada47b4a6f9c96a5ccc47914,True,0.38642883300781233,1.683950424194336,584c89936d30d0ed22a5d57b1096b8262365bed0ada47b4a6f9c96a5ccc47914
control,r3,loot-crate,174026,5,50,0.1,0,400,0,0.5451083183288573,1.3990402221679688,3b22a13fb6f956abe0dfc43abf1b5534fcc0747bc8085b2a1105d84949a98c47,True,0.2807974815368644,0.8487701416015625,3b22a13fb6f956abe0dfc43abf1b5534fcc0747bc8085b2a1105d84949a98c47
control,r3,loot-crate,174027,21,50,0.42,0,400,0,0.5003094673156726,1.9299983978271484,595c628b02bfc703254af34c350f5ae4f84ffcd43b870b05dd1b62bc9badbe0d,True,0.5440235137939445,2.2940635681152344,595c628b02bfc703254af34c350f5ae4f84ffcd43b870b05dd1b62bc9badbe0d
control,r3,loot-crate,174028,4,50,0.08,0,400,0,0.4722118377685546,1.3320446014404297,091a9eb6f41eb0e0f8a3ef437ab9abf80d3e2a581e0bf551626681815194ca48,True,0.33594369888305664,1.0988712310791016,091a9eb6f41eb0e0f8a3ef437ab9abf80d3e2a581e0bf551626681815194ca48
control,r3,loot-crate,174029,0,50,0.0,0,400,0,0.42273998260498047,2.627134323120117,25137ced47b6c40c2871a8a3db68f4e66d2b458c48d38440d4228028b9a45936,True,0.20583868026733326,0.38504600524902344,25137ced47b6c40c2871a8a3db68f4e66d2b458c48d38440d4228028b9a45936
control,r3,loot-crate,174030,14,50,0.28,0,400,0,0.7153630256652829,3.373861312866211,452f8f870eac67f47a525855baaf2f6110124eed0e3c4578093f4f99e40b8854,True,0.4497051239013665,0.8959770202636719,452f8f870eac67f47a525855baaf2f6110124eed0e3c4578093f4f99e40b8854
control,r3,loot-crate,174031,11,50,0.22,0,400,0,0.4862904548645016,1.661062240600586,7dd0a56298a90c337aede5af1eca2e1290006acea131d20e10d375165962c0f7,True,0.44718980789184554,1.9180774688720703,7dd0a56298a90c337aede5af1eca2e1290006acea131d20e10d375165962c0f7
control,r3,loot-crate,174032,5,50,0.1,0,400,0,0.5271434783935547,1.8668174743652344,613a0273e83713fce254dda51b51d4bfdb896dc5f6df23f7bd7f2e90b4fff032,True,0.5395174026489253,3.9479732513427734,613a0273e83713fce254dda51b51d4bfdb896dc5f6df23f7bd7f2e90b4fff032
control,r3,loot-crate,174033,9,50,0.18,0,400,1,0.4459023475646972,4.782915115356445,e19e238cf548f5fcf7ebf403132c333ac2ceccb161e4e92ecfd049a71549a7a8,True,0.451934337615966,2.362966537475586,e19e238cf548f5fcf7ebf403132c333ac2ceccb161e4e92ecfd049a71549a7a8
control,r3,loot-crate,174034,1,50,0.02,0,400,0,1.0085701942443843,2.074003219604492,18f9bc61b7b2d061131bd864028c712aa60b8a139a91b70a3db56e03411f15b6,True,0.5543708801269529,3.116130828857422,18f9bc61b7b2d061131bd864028c712aa60b8a139a91b70a3db56e03411f15b6
control,r3,loot-crate,174035,7,50,0.14,0,400,0,0.8812665939331051,1.728057861328125,54ff41e5ba3acc7ecada3a873ba1f85daa7ba63f8bab8b789d8994127acadde0,True,0.805580615997314,2.2950172424316406,54ff41e5ba3acc7ecada3a873ba1f85daa7ba63f8bab8b789d8994127acadde0
control,r3,loot-crate,174036,0,50,0.0,0,400,0,0.7802128791809079,2.4492740631103516,f245b8cfb1473550d8fe4e576b937ccb82990e75e25a90b5327229a4e9bbd7e7,True,0.5167365074157707,0.9469985961914062,f245b8cfb1473550d8fe4e576b937ccb82990e75e25a90b5327229a4e9bbd7e7
control,r3,loot-crate,174037,4,50,0.08,0,400,0,0.822508335113525,3.584146499633789,502228bdaef769dcfbdd484f5ed0aa16764d5f470bcc656ceef72b2d7aee79a2,True,0.5610942840576171,2.6068687438964844,502228bdaef769dcfbdd484f5ed0aa16764d5f470bcc656ceef72b2d7aee79a2
control,r3,loot-crate,174038,4,50,0.08,0,400,0,0.7841944694519025,4.459857940673828,aab56ac5cfdd252b7fcdf30707722b212a9b1c8ff747db6c7e5707c8add79f08,True,0.46828985214233354,1.2679100036621094,aab56ac5cfdd252b7fcdf30707722b212a9b1c8ff747db6c7e5707c8add79f08
control,r3,loot-crate,174039,6,50,0.12,0,400,0,0.5015611648559565,2.494335174560547,c04ace05379c104de5867d060a63bc0703ced3e067ad76a2ae2143c5d3ac85fc,True,0.5861520767211911,1.9848346710205078,c04ace05379c104de5867d060a63bc0703ced3e067ad76a2ae2143c5d3ac85fc
control,r3,loot-crate,174040,1,50,0.02,0,400,0,0.7166147232055659,6.1702728271484375,d864ccafb0fb87a90142a8a0bf59cbb13466605a04e1accaeb45d09b9985496b,True,0.9314894676208489,3.907918930053711,d864ccafb0fb87a90142a8a0bf59cbb13466605a04e1accaeb45d09b9985496b
control,r4,classic,172001,1,9,0.1111111111111111,0,400,0,0.9756922721862769,6.078958511352539,25ddc60a8a030f19e0a327b76e8dcbbf474f7bf2d20904e12e539a00512a1ebb,True,0.37699937820434565,0.7050037384033203,25ddc60a8a030f19e0a327b76e8dcbbf474f7bf2d20904e12e539a00512a1ebb
control,r4,classic,172002,0,9,0.0,0,400,0,0.6246447563171371,1.7690658569335938,8698b1a903c5918eb367988990e986532821b3373c71e97290496773a57ade54,True,0.7035493850707994,4.36711311340332,8698b1a903c5918eb367988990e986532821b3373c71e97290496773a57ade54
control,r4,classic,172003,0,9,0.0,0,400,0,0.27810335159301747,0.6649494171142578,32c8ec62fd9f7d0986c119a188247671c114f53ce2044692874b0cf847a65f8b,True,0.7465600967407222,1.7421245574951172,32c8ec62fd9f7d0986c119a188247671c114f53ce2044692874b0cf847a65f8b
control,r4,classic,172004,2,9,0.2222222222222222,0,400,0,0.23106336593627927,0.9431838989257812,feebe7ed19b0d5ff1db3aeeccf775f717acbc70930cc086205104ee7da761037,True,0.780069828033447,2.3648738861083984,feebe7ed19b0d5ff1db3aeeccf775f717acbc70930cc086205104ee7da761037
control,r4,classic,172005,0,9,0.0,0,400,0,0.2101778984069821,0.4341602325439453,6b7fe8cde967d3d8c97bb3c0fd686f2828cd660cbb31fc5622fceb5f9baf5787,True,0.47112703323364236,0.9288787841796875,6b7fe8cde967d3d8c97bb3c0fd686f2828cd660cbb31fc5622fceb5f9baf5787
control,r4,classic,172006,0,9,0.0,0,400,0,0.15903711318969727,0.5538463592529297,c89ef01b7e8fac9f64dd19d7bc22f63bc53b0af4233369d4a6937cad4e467891,True,0.23951530456542935,1.0039806365966797,c89ef01b7e8fac9f64dd19d7bc22f63bc53b0af4233369d4a6937cad4e467891
control,r4,classic,172007,0,9,0.0,0,400,0,0.1801490783691405,0.4420280456542969,2967c6b9ab2a7420caedbc94a182b29fc0969ebf65178cba7876dd5c729114ef,True,0.3366470336914056,0.5996227264404297,2967c6b9ab2a7420caedbc94a182b29fc0969ebf65178cba7876dd5c729114ef
control,r4,classic,172008,0,9,0.0,0,400,0,0.28327703475952143,0.7140636444091797,fa915cbc2f4cabbf39807bd43431b88f0da6a228210bc1d828b9c8f3cbc4558a,True,0.19625425338745114,0.38695335388183594,fa915cbc2f4cabbf39807bd43431b88f0da6a228210bc1d828b9c8f3cbc4558a
control,r4,classic,172009,0,9,0.0,0,400,0,0.3144741058349607,1.0957717895507812,c34d5d9001e4e7f632d277ae8db1d1d5bda2e3f5a1acad7794d643793639db80,True,0.17518997192382796,0.843048095703125,c34d5d9001e4e7f632d277ae8db1d1d5bda2e3f5a1acad7794d643793639db80
control,r4,classic,172010,3,9,0.3333333333333333,0,400,0,0.3372430801391598,0.8761882781982422,ece73991f901b4f40f387bf3ddb16d4575980e774a3252f6093d358f398f7a38,True,0.1860618591308593,0.5681514739990234,ece73991f901b4f40f387bf3ddb16d4575980e774a3252f6093d358f398f7a38
control,r4,classic,172011,3,9,0.3333333333333333,1,147,0,0.4771947860717772,1.3620853424072266,9b37f8af8b1601918788b2166a33767fd6b5a1ccd793422924f699b805dcbcb1,True,0.22909641265869107,0.431060791015625,9b37f8af8b1601918788b2166a33767fd6b5a1ccd793422924f699b805dcbcb1
control,r4,classic,172012,0,9,0.0,0,400,0,0.3562927246093749,1.2998580932617188,c1c5a12a640b320d9f97cd1b371f47f347533ad7e77df4e2c390a373d05dc10e,True,0.1581192016601562,0.5571842193603516,c1c5a12a640b320d9f97cd1b371f47f347533ad7e77df4e2c390a373d05dc10e
control,r4,classic,172013,1,9,0.1111111111111111,0,400,0,0.5541563034057614,2.889871597290039,a5218f15495f8cea4b7ff82cf0ae30cccf506aa7069366a0f794b8606041c167,True,0.1719951629638671,0.46062469482421875,a5218f15495f8cea4b7ff82cf0ae30cccf506aa7069366a0f794b8606041c167
control,r4,classic,172014,0,9,0.0,0,400,0,0.3458380699157707,2.2258758544921875,357de662b842362c65e0e9691fb72644314e1bcdc675dc24747864dba0d13336,True,0.141143798828125,0.3299713134765625,357de662b842362c65e0e9691fb72644314e1bcdc675dc24747864dba0d13336
control,r4,classic,172015,1,9,0.1111111111111111,0,400,0,0.9436011314392075,5.220890045166016,cac5468bf140a23a08a6df134f9a7f66347cae618f35649a17e1486fa6e66f45,True,0.1362681388854977,0.32782554626464844,cac5468bf140a23a08a6df134f9a7f66347cae618f35649a17e1486fa6e66f45
control,r4,classic,172016,0,9,0.0,0,400,0,0.6027460098266602,2.312898635864258,c3b9e35d19bb65e736946b46364585fa8e07bbc3ded18684a66dbd1cb7bc7eaa,True,0.15006065368652335,0.37384033203125,c3b9e35d19bb65e736946b46364585fa8e07bbc3ded18684a66dbd1cb7bc7eaa
control,r4,classic,172017,0,9,0.0,0,400,0,0.4060745239257812,0.8027553558349609,152b01f97d394ea81dfd159c5357093b7877653acfd65e4469ab08ac5b85ed55,True,0.1829147338867187,0.4181861877441406,152b01f97d394ea81dfd159c5357093b7877653acfd65e4469ab08ac5b85ed55
control,r4,classic,172018,3,9,0.3333333333333333,0,400,0,0.5247712135314933,2.9342174530029297,5dba5ab5fada13886e180efe6e6bbb3065e804cc79ffaecc03dd83aa30c0af26,True,0.1742362976074217,0.6570816040039062,5dba5ab5fada13886e180efe6e6bbb3065e804cc79ffaecc03dd83aa30c0af26
control,r4,classic,172019,2,9,0.2222222222222222,0,400,0,0.3122806549072264,0.9090900421142578,59c29161d64a44a5b35b2176a68ae0c1be10deb19b9c066dd1f204c7f162e63d,True,0.19102096557617182,1.6701221466064453,59c29161d64a44a5b35b2176a68ae0c1be10deb19b9c066dd1f204c7f162e63d
control,r4,classic,172020,0,9,0.0,0,400,0,0.7541418075561521,2.5131702423095703,270d8c9df19707b780503a45622cd02b97fc33c033c1a25876f57d475506c96d,True,0.1460075378417968,0.5161762237548828,270d8c9df19707b780503a45622cd02b97fc33c033c1a25876f57d475506c96d
control,r4,classic,172021,0,9,0.0,0,400,0,0.5796670913696285,2.341032028198242,2e2620984e022bdf6a109410d64d926c7b1710be85b645cbb3efbd6c7d7da44c,True,0.14516115188598613,0.4909038543701172,2e2620984e022bdf6a109410d64d926c7b1710be85b645cbb3efbd6c7d7da44c
control,r4,classic,172022,0,9,0.0,0,400,0,0.4396677017211914,1.667022705078125,6b7fe8cde967d3d8c97bb3c0fd686f2828cd660cbb31fc5622fceb5f9baf5787,True,0.16165971755981445,0.885009765625,6b7fe8cde967d3d8c97bb3c0fd686f2828cd660cbb31fc5622fceb5f9baf5787
control,r4,classic,172023,0,9,0.0,0,400,0,0.6862044334411617,1.8930435180664062,3befce7582aa4a1d7d341d33d562c83589e5b7ed893f423d51b1deda23978126,True,0.16881227493286133,0.47087669372558594,3befce7582aa4a1d7d341d33d562c83589e5b7ed893f423d51b1deda23978126
control,r4,classic,172024,1,9,0.1111111111111111,0,400,0,0.830090045928955,3.902912139892578,78ee000b00e2d2ef6488fa4351e2215c3f093a1257be4792948a5c94be1c9d6a,True,0.1870274543762206,0.3809928894042969,78ee000b00e2d2ef6488fa4351e2215c3f093a1257be4792948a5c94be1c9d6a
control,r4,classic,172025,3,9,0.3333333333333333,0,400,0,0.8771538734436033,2.2127628326416016,99c229d4104dda73b73c64f2c1f526fd2d8c9393461ff39e8cdcc29d9b984a7d,True,0.1632094383239745,0.31280517578125,99c229d4104dda73b73c64f2c1f526fd2d8c9393461ff39e8cdcc29d9b984a7d
control,r4,classic,172026,1,9,0.1111111111111111,0,400,0,0.5143761634826657,5.042076110839844,0bd4c6be6fb0ad06aa2dceaf6f5ed33991222557336d91dec59f9cb6a4b464e4,True,0.18259286880493125,0.41604042053222656,0bd4c6be6fb0ad06aa2dceaf6f5ed33991222557336d91dec59f9cb6a4b464e4
control,r4,classic,172027,1,9,0.1111111111111111,0,400,0,0.7682561874389645,4.643917083740234,2ecfe3b9016f22256d4f24c173535aa24b975ef3e985f89174f86f30e3806f7f,True,0.1961827278137205,0.43201446533203125,2ecfe3b9016f22256d4f24c173535aa24b975ef3e985f89174f86f30e3806f7f
control,r4,classic,172028,2,9,0.2222222222222222,0,400,0,0.6826639175415006,3.5037994384765625,75dcb1d2262c0e9a70df53810de95d579220eac5e6edddc7473f58daaf8ee1eb,True,0.15311241149902338,0.4630088806152344,75dcb1d2262c0e9a70df53810de95d579220eac5e6edddc7473f58daaf8ee1eb
control,r4,classic,172029,0,9,0.0,0,400,0,0.4116296768188471,1.161813735961914,e7f6afc7d8a1ce539944aebc0404ca827d5ca3b3fd9c7c9b180fc676a6043b1d,True,0.186014175415039,0.6642341613769531,e7f6afc7d8a1ce539944aebc0404ca827d5ca3b3fd9c7c9b180fc676a6043b1d
control,r4,classic,172030,1,9,0.1111111111111111,0,400,0,0.6325006484985347,1.89208984375,d14533334daf342ad0edceeeb057f8fbf301d6448351ac09d41f5e6eafef3b11,True,0.18409490585327146,0.3371238708496094,d14533334daf342ad0edceeeb057f8fbf301d6448351ac09d41f5e6eafef3b11
control,r4,classic,172031,0,9,0.0,0,400,0,0.24639368057250946,0.8139610290527344,b5f574550dcce3bf31490237a9f7e7cd18b73896de75e79725eff666da28e5df,True,0.1519799232482909,0.5240440368652344,b5f574550dcce3bf31490237a9f7e7cd18b73896de75e79725eff666da28e5df
control,r4,classic,172032,0,9,0.0,0,400,0,0.6110668182373047,2.8960704803466797,2967c6b9ab2a7420caedbc94a182b29fc0969ebf65178cba7876dd5c729114ef,True,0.15306472778320312,0.4668235778808594,2967c6b9ab2a7420caedbc94a182b29fc0969ebf65178cba7876dd5c729114ef
control,r4,classic,172033,0,9,0.0,0,400,0,0.6724953651428219,4.381895065307617,2659b60e11c03baf2dc0915fb2ace1f92677d4a2b332cf2cf5f6ee61957c9eee,True,0.25916099548339844,0.7643699645996094,2659b60e11c03baf2dc0915fb2ace1f92677d4a2b332cf2cf5f6ee61957c9eee
control,r4,classic,172034,0,9,0.0,0,400,0,0.8080720901489247,4.005908966064453,d2237779e3155abe67ce1185d24157003266b396f66bb5bf2b62948a0a913972,True,0.1632094383239745,0.43702125549316406,d2237779e3155abe67ce1185d24157003266b396f66bb5bf2b62948a0a913972
control,r4,classic,172035,2,9,0.2222222222222222,0,400,0,0.6666898727416977,2.9120445251464844,610f5e42744457fc6c5dceedbdce9f73e0a27b11336751f4c31088e5e8be7495,True,0.2163052558898923,0.46515464782714844,610f5e42744457fc6c5dceedbdce9f73e0a27b11336751f4c31088e5e8be7495
control,r4,classic,172036,1,9,0.1111111111111111,0,400,0,0.5329251289367676,2.567768096923828,22980ac42c4cd3cf5fd8be4135204bee3f91ce8de581cc7f0bdaab240ab7efa7,True,0.16790628433227534,0.5779266357421875,22980ac42c4cd3cf5fd8be4135204bee3f91ce8de581cc7f0bdaab240ab7efa7
control,r4,classic,172037,3,9,0.3333333333333333,0,400,0,0.5219459533691406,1.0628700256347656,af29b3ddc2e1f4edba99b99715105575dedb7b44b4d9fa311615b8baa0bcfc19,True,0.1650333404541015,0.4868507385253906,af29b3ddc2e1f4edba99b99715105575dedb7b44b4d9fa311615b8baa0bcfc19
control,r4,classic,172038,0,9,0.0,0,400,0,0.780200958251953,2.1390914916992188,d23b06de6fa1de5cdc34ac1936b8ded93ad22844eeda43e3a664c89c450eb38a,True,0.16736984252929665,0.3650188446044922,d23b06de6fa1de5cdc34ac1936b8ded93ad22844eeda43e3a664c89c450eb38a
control,r4,classic,172039,0,9,0.0,1,64,0,0.2988576889038082,0.8909702301025391,dd49a167faa52b551c234117b98e35e7b7c099e7c61102738cb3021fbe56a268,True,0.18620491027832028,0.2911090850830078,dd49a167faa52b551c234117b98e35e7b7c099e7c61102738cb3021fbe56a268
control,r4,classic,172040,6,9,0.6666666666666666,0,400,0,0.3841876983642577,0.8089542388916016,afd20659119b6c2fed503014ad0ede354b6d9b5e3b9f5093e3b104b2b2772e1d,True,0.1988530158996582,0.6186962127685547,afd20659119b6c2fed503014ad0ede354b6d9b5e3b9f5093e3b104b2b2772e1d
control,r4,coin-heaven,173001,50,50,1.0,0,123,0,0.14455318450927732,0.22220611572265625,39ccdaf19d9e2e3859f6c11725b9a190a3893f33ea99741ca42f0bf8c689a92c,True,0.2450227737426757,0.5438327789306641,39ccdaf19d9e2e3859f6c11725b9a190a3893f33ea99741ca42f0bf8c689a92c
control,r4,coin-heaven,173002,50,50,1.0,0,128,0,0.16365051269531233,0.22983551025390625,c5a8218d48d7c8da53c0f5870913b6cdfdc75ded5880de8fa97f93af82cb34d3,True,0.25286674499511713,0.43511390686035156,c5a8218d48d7c8da53c0f5870913b6cdfdc75ded5880de8fa97f93af82cb34d3
control,r4,coin-heaven,173003,50,50,1.0,0,151,0,0.2529621124267578,0.3838539123535156,0d1ba7cfe6adf7f1207d98c0dc690a314196fc3b099dd13b226d9099472daaed,True,0.32198429107666016,0.5431175231933594,0d1ba7cfe6adf7f1207d98c0dc690a314196fc3b099dd13b226d9099472daaed
control,r4,coin-heaven,173004,50,50,1.0,0,122,0,0.14253854751586903,0.2510547637939453,ff39b6b6a01b29b2a1ccb62e147c18dfdb682df6bee1f40bf3de6157ab7db146,True,0.19570589065551758,0.46324729919433594,ff39b6b6a01b29b2a1ccb62e147c18dfdb682df6bee1f40bf3de6157ab7db146
control,r4,coin-heaven,173005,50,50,1.0,0,118,0,0.1457929611206052,0.3101825714111328,cbecf1fbcd7c5b7ec15050c6353c5d0229023f040e6500b22edb5d123104cd84,True,0.45857429504394526,0.6468296051025391,cbecf1fbcd7c5b7ec15050c6353c5d0229023f040e6500b22edb5d123104cd84
control,r4,coin-heaven,173006,50,50,1.0,0,111,0,0.1455545425415039,0.4253387451171875,904e57c39c4756d074a0f80bd9f67e24bd4bc065f68a7da79131e29c55d5f316,True,0.5165338516235352,1.0678768157958984,904e57c39c4756d074a0f80bd9f67e24bd4bc065f68a7da79131e29c55d5f316
control,r4,coin-heaven,173007,50,50,1.0,0,126,0,0.1742243766784668,0.27632713317871094,1119b0bb97a3bb3f06179b337b6227939f1d7eccc4c1948a098f046c6c9c0cfb,True,0.36787986755371094,0.5192756652832031,1119b0bb97a3bb3f06179b337b6227939f1d7eccc4c1948a098f046c6c9c0cfb
control,r4,coin-heaven,173008,50,50,1.0,0,135,0,0.3132343292236328,0.3712177276611328,c23ed10744c9c30c49de2be413f3df2cbf2cd1821c791a732ff27de05266031e,True,0.4288434982299804,0.7500648498535156,c23ed10744c9c30c49de2be413f3df2cbf2cd1821c791a732ff27de05266031e
control,r4,coin-heaven,173009,50,50,1.0,0,131,0,0.15497207641601562,0.26798248291015625,6f22382964b99070fd01ac6994559df4e79465f29c5f69d6b90e29d07dccd044,True,0.2626180648803711,0.47206878662109375,6f22382964b99070fd01ac6994559df4e79465f29c5f69d6b90e29d07dccd044
control,r4,coin-heaven,173010,50,50,1.0,0,110,0,0.1470804214477539,0.23818016052246094,5dc44785fb0af3bf3831425ed763a2cf5127eb0b4a14f2560a9c7c05bd5957bd,True,0.2984523773193358,0.4191398620605469,5dc44785fb0af3bf3831425ed763a2cf5127eb0b4a14f2560a9c7c05bd5957bd
control,r4,coin-heaven,173011,50,50,1.0,0,128,0,0.32057762145996094,0.4291534423828125,4c3c58c50bbae84eb1ba6878fcec8fe1c0003959d31772d8646f3412fce5045e,True,0.5168914794921872,0.988006591796875,4c3c58c50bbae84eb1ba6878fcec8fe1c0003959d31772d8646f3412fce5045e
control,r4,coin-heaven,173012,50,50,1.0,0,116,0,0.14829635620117188,0.4429817199707031,a8a6565d7dde18f43ddc6b77d920f0e58192d7cd81b45a56bd96c5388f23431e,True,0.33348798751831055,0.6859302520751953,a8a6565d7dde18f43ddc6b77d920f0e58192d7cd81b45a56bd96c5388f23431e
control,r4,coin-heaven,173013,50,50,1.0,0,134,0,0.22677183151245117,0.4527568817138672,d957fc33a7c126fef0e690e9353caaba8abdf37fc0377ce6d2ffd057b0568a3c,True,0.32924413681030273,0.44536590576171875,d957fc33a7c126fef0e690e9353caaba8abdf37fc0377ce6d2ffd057b0568a3c
control,r4,coin-heaven,173014,50,50,1.0,0,126,0,0.1513361930847168,0.21696090698242188,233c225bac249b9be0f5071d5a3098e7b06f85953791c725c115312e3b1e2e43,True,0.29033422470092773,0.4630088806152344,233c225bac249b9be0f5071d5a3098e7b06f85953791c725c115312e3b1e2e43
control,r4,coin-heaven,173015,50,50,1.0,0,128,0,0.19298791885375974,0.4150867462158203,4cb83ba2693f6d86611659f6f12b2df5c34ddef0b32cc56ee7157b2957cb3cdd,True,0.2776145935058593,0.4818439483642578,4cb83ba2693f6d86611659f6f12b2df5c34ddef0b32cc56ee7157b2957cb3cdd
control,r4,coin-heaven,173016,50,50,1.0,0,118,0,0.23084878921508778,0.2810955047607422,4b9ce1c3d3a160b66517bce49e85d70ec59bf9bea4626371959b1a463311819b,True,0.34503936767578103,1.0952949523925781,4b9ce1c3d3a160b66517bce49e85d70ec59bf9bea4626371959b1a463311819b
control,r4,coin-heaven,173017,50,50,1.0,0,128,0,0.18963813781738278,0.37097930908203125,6942650f3125721ea41e1408c8cc0c0428a2b888f85451295dce3535c71a38e2,True,0.38975477218627863,0.7410049438476562,6942650f3125721ea41e1408c8cc0c0428a2b888f85451295dce3535c71a38e2
control,r4,coin-heaven,173018,50,50,1.0,0,116,0,0.1373887062072754,0.28014183044433594,e7634f579038c00dca1c34877c5475f8f32c39d25da109beed7545ab33aaa07a,True,0.3331303596496582,2.3119449615478516,e7634f579038c00dca1c34877c5475f8f32c39d25da109beed7545ab33aaa07a
control,r4,coin-heaven,173019,50,50,1.0,0,117,0,0.24333000183105438,0.4200935363769531,7c7c4c886b34318481f0be45b0f0d2a4a492cd050a1a4d23f861b5f9ca3ba8b4,True,1.0360240936279292,1.972198486328125,7c7c4c886b34318481f0be45b0f0d2a4a492cd050a1a4d23f861b5f9ca3ba8b4
control,r4,coin-heaven,173020,50,50,1.0,0,115,0,0.21259784698486328,0.37980079650878906,95e3c919aa0fab094fb887d45d2b68395a1b7401e3aac9459609817542616d6e,True,0.5882024765014646,1.3229846954345703,95e3c919aa0fab094fb887d45d2b68395a1b7401e3aac9459609817542616d6e
control,r4,coin-heaven,173021,50,50,1.0,0,129,0,0.1558780670166015,0.6480216979980469,68608e0771f41d1aa88b994a8c99d225c970648b59e1c4c77b3e0df698b7df84,True,0.2742767333984375,0.5002021789550781,68608e0771f41d1aa88b994a8c99d225c970648b59e1c4c77b3e0df698b7df84
control,r4,coin-heaven,173022,50,50,1.0,0,113,0,0.18730163574218736,0.2779960632324219,f9f18acf3783d55ea488b0d65a5b14f074c668e0830ce9aa62122f9571c6ac6a,True,0.3351211547851562,0.5271434783935547,f9f18acf3783d55ea488b0d65a5b14f074c668e0830ce9aa62122f9571c6ac6a
control,r4,coin-heaven,173023,50,50,1.0,0,109,0,0.22807121276855466,0.2987384796142578,6383560ff9dff67d6fc32ec56dfb4b5a91d404f74dc5b872a23613860cdcaf7f,True,0.3981590270996093,0.5848407745361328,6383560ff9dff67d6fc32ec56dfb4b5a91d404f74dc5b872a23613860cdcaf7f
control,r4,coin-heaven,173024,50,50,1.0,0,128,0,0.2246618270874022,0.5331039428710938,52ddfac6e4c7f9f7b27a7a9a6178acb1b77f7450749948eb04a8cb3f38bbb667,True,1.015543937683105,2.2292137145996094,52ddfac6e4c7f9f7b27a7a9a6178acb1b77f7450749948eb04a8cb3f38bbb667
control,r4,coin-heaven,173025,50,50,1.0,0,131,0,0.1678466796875,0.2868175506591797,ba24a14e091627f6541d18959f60c2134d28d45a06a11ec136ccad73b991aa2f,True,0.4805326461791992,3.6880970001220703,ba24a14e091627f6541d18959f60c2134d28d45a06a11ec136ccad73b991aa2f
control,r4,coin-heaven,173026,50,50,1.0,0,117,0,0.20523071289062494,0.29087066650390625,3f301a5bfc34f9f5925ad968282612dff88c1e9bb0fa7df54f26075dda2bbeaa,True,0.6139278411865234,1.9252300262451172,3f301a5bfc34f9f5925ad968282612dff88c1e9bb0fa7df54f26075dda2bbeaa
control,r4,coin-heaven,173027,50,50,1.0,0,121,0,0.14901161193847656,0.2276897430419922,2baca998680d6546acd4fecc41cbbecf9614a5cca4093b7f29e6edd168b4d01d,True,0.3857612609863281,0.6320476531982422,2baca998680d6546acd4fecc41cbbecf9614a5cca4093b7f29e6edd168b4d01d
control,r4,coin-heaven,173028,50,50,1.0,0,115,0,0.18141269683837885,0.3609657287597656,84cf87a4113ed7c76aceaf67bb5d859491b5fd6197fce9c394f517d17a527dfb,True,0.6574392318725585,1.5599727630615234,84cf87a4113ed7c76aceaf67bb5d859491b5fd6197fce9c394f517d17a527dfb
control,r4,coin-heaven,173029,50,50,1.0,0,123,0,0.19767284393310544,0.40435791015625,48db79c397905d48b3ee9bf75536ce440a3a91886cfd26b62282c2e821c388d7,True,0.9142875671386714,1.1029243469238281,48db79c397905d48b3ee9bf75536ce440a3a91886cfd26b62282c2e821c388d7
control,r4,coin-heaven,173030,50,50,1.0,0,133,0,0.30879974365234375,0.3998279571533203,fa25d869aac3ed9eeea4acb4ad069e7efabdec05cc49e6aba4f55e9e125a2876,True,0.6172180175781247,1.6231536865234375,fa25d869aac3ed9eeea4acb4ad069e7efabdec05cc49e6aba4f55e9e125a2876
control,r4,coin-heaven,173031,50,50,1.0,0,131,0,0.19097328186035156,0.2541542053222656,b3eb04fc5de54f2b766ba6af47b3ad635b717b0952075a0a9e2bd371600b1c74,True,0.5151033401489258,0.8690357208251953,b3eb04fc5de54f2b766ba6af47b3ad635b717b0952075a0a9e2bd371600b1c74
control,r4,coin-heaven,173032,3,50,0.06,1,6,0,0.2307295799255371,0.24127960205078125,395e0d174a6e5e8ce2b75ee3cb9ea406e37529a27edcc0fc10560003846d056a,True,0.2549886703491211,0.2627372741699219,395e0d174a6e5e8ce2b75ee3cb9ea406e37529a27edcc0fc10560003846d056a
control,r4,coin-heaven,173033,50,50,1.0,0,120,0,0.3243207931518554,0.614166259765625,04f8a7d06ca5e40dffe18b0c12c48484db2deb0f6c915af6d0d13d42988a8b85,True,0.40624141693115223,1.1131763458251953,04f8a7d06ca5e40dffe18b0c12c48484db2deb0f6c915af6d0d13d42988a8b85
control,r4,coin-heaven,173034,50,50,1.0,0,127,0,0.40109157562255815,0.6530284881591797,786e28a890d5820430295decfbcd3dd915b014facd314f455e2efac1928c99f8,True,0.5279302597045897,1.1987686157226562,786e28a890d5820430295decfbcd3dd915b014facd314f455e2efac1928c99f8
control,r4,coin-heaven,173035,50,50,1.0,0,134,0,0.3600001335144042,0.6430149078369141,726ef3a46e160bf50a2dd839df73c3f3f882411cf4b77faac0329d101c2933dc,True,0.27008056640624983,0.8697509765625,726ef3a46e160bf50a2dd839df73c3f3f882411cf4b77faac0329d101c2933dc
control,r4,coin-heaven,173036,50,50,1.0,0,134,0,0.28810501098632807,0.8041858673095703,4fdae86014e425b6b3e89c37365c14ca4c77f3848b93cd0d9043ffa39706951a,True,0.4414558410644531,0.8370876312255859,4fdae86014e425b6b3e89c37365c14ca4c77f3848b93cd0d9043ffa39706951a
control,r4,coin-heaven,173037,50,50,1.0,0,129,0,0.2744197845458984,0.3528594970703125,a8602317ce23b658941139a68e90f82fc25c5cff6a74a8eb90b362f9b11f45ff,True,0.5399703979492186,1.2547969818115234,a8602317ce23b658941139a68e90f82fc25c5cff6a74a8eb90b362f9b11f45ff
control,r4,coin-heaven,173038,50,50,1.0,0,117,0,0.31967163085937456,0.5769729614257812,68ae999be6b145c61aae4eea76360641d89785029ad6f63a56e73e66aab101bc,True,0.8339405059814445,4.868268966674805,68ae999be6b145c61aae4eea76360641d89785029ad6f63a56e73e66aab101bc
control,r4,coin-heaven,173039,50,50,1.0,0,116,0,0.26935338973999023,0.5381107330322266,45a5dd2038ff94bbe726530e9ac12f4c724e54e238ff4bda4ab0337f4b3e7280,True,0.4436969757080078,0.6821155548095703,45a5dd2038ff94bbe726530e9ac12f4c724e54e238ff4bda4ab0337f4b3e7280
control,r4,coin-heaven,173040,50,50,1.0,0,113,0,0.24046897888183563,0.37407875061035156,45d4747d7066e227a13898afc15a778e2ba52f5a4dae786f443e5694e65243d7,True,0.6670951843261713,1.1332035064697266,45d4747d7066e227a13898afc15a778e2ba52f5a4dae786f443e5694e65243d7
control,r4,loot-crate,174001,3,50,0.06,0,400,0,0.8138656616210921,5.27191162109375,fc9e8d431427613d4e814e76776668c2db6284461391a00ace8fc2311564542a,True,0.5276441574096675,1.7428398132324219,fc9e8d431427613d4e814e76776668c2db6284461391a00ace8fc2311564542a
control,r4,loot-crate,174002,31,50,0.62,0,400,0,1.3069868087768537,5.324840545654297,3522eec4cc40ca89fa435f6810102e01f7defe9e36b0b8cd7700b1106ed18188,True,0.739169120788572,3.844022750854492,3522eec4cc40ca89fa435f6810102e01f7defe9e36b0b8cd7700b1106ed18188
control,r4,loot-crate,174003,17,50,0.34,0,400,0,0.6810307502746581,5.990266799926758,32296e957cabb7b89baf455e74ce836ae37bb9e8306796e19f478e681d099f7b,True,0.5520939826965331,2.428770065307617,32296e957cabb7b89baf455e74ce836ae37bb9e8306796e19f478e681d099f7b
control,r4,loot-crate,174004,3,50,0.06,1,48,0,0.8259654045104977,1.7337799072265625,20e0f1bb2d8ad291dc3cec84ccf165f383212d2f1d5695a452826e1641cddcfc,True,0.923490524291992,1.2900829315185547,20e0f1bb2d8ad291dc3cec84ccf165f383212d2f1d5695a452826e1641cddcfc
control,r4,loot-crate,174005,13,50,0.26,1,135,0,0.6973743438720702,1.6131401062011719,8329b49de552f78ac17a7289af5092bb1dcfb1b31a7f744ff55ff7ddbf0760ff,True,0.6424188613891602,1.585245132446289,8329b49de552f78ac17a7289af5092bb1dcfb1b31a7f744ff55ff7ddbf0760ff
control,r4,loot-crate,174006,13,50,0.26,0,400,0,1.1141657829284668,4.302978515625,beab2a2d6a413bc5fbcbaf439477390a30e2c5fbd05521164f74148bf10735f5,True,0.653994083404541,4.515171051025391,beab2a2d6a413bc5fbcbaf439477390a30e2c5fbd05521164f74148bf10735f5
control,r4,loot-crate,174007,24,50,0.48,0,400,1,0.5078434944152832,1.7931461334228516,3a368642c4d267bf60ca81f51068fbb95f0a61838c254e559db90348f698773b,True,0.45448541641235324,1.2710094451904297,3a368642c4d267bf60ca81f51068fbb95f0a61838c254e559db90348f698773b
control,r4,loot-crate,174008,27,50,0.54,0,400,0,0.5607128143310539,1.8162727355957031,f9d9dac96ff03de058592dc594d3d805da0e267e2081a2d2ad1f5255494ef1bc,True,0.6421685218811034,2.9001235961914062,f9d9dac96ff03de058592dc594d3d805da0e267e2081a2d2ad1f5255494ef1bc
control,r4,loot-crate,174009,3,50,0.06,1,42,0,0.778591632843017,0.9768009185791016,9dd0610ef59e604b6eab0efde07a4e6a2391f168f609d5b20ca6762f08b9c7f7,True,1.9076228141784655,2.727031707763672,9dd0610ef59e604b6eab0efde07a4e6a2391f168f609d5b20ca6762f08b9c7f7
control,r4,loot-crate,174010,6,50,0.12,0,400,0,0.4534363746643065,1.3840198516845703,ab4830fec1e385ae356a03cc9e64a0988e3375b1f159fc2fbf5de3ecf4da70b0,True,0.8412837982177733,3.061056137084961,ab4830fec1e385ae356a03cc9e64a0988e3375b1f159fc2fbf5de3ecf4da70b0
control,r4,loot-crate,174011,5,50,0.1,0,400,0,0.8122920989990232,3.8993358612060547,4e721ff7276ac71323223b601cdaa2acd1fede12ce040552ce5b06f4e30a1769,True,0.5600929260253897,2.8378963470458984,4e721ff7276ac71323223b601cdaa2acd1fede12ce040552ce5b06f4e30a1769
control,r4,loot-crate,174012,18,50,0.36,0,400,0,0.9932875633239746,4.452228546142578,c075ba717bf8ddd6b39acfab350e4c65906f15a81af79cd485d432f99e63784f,True,0.5372047424316406,1.2578964233398438,c075ba717bf8ddd6b39acfab350e4c65906f15a81af79cd485d432f99e63784f
control,r4,loot-crate,174013,0,50,0.0,0,400,0,0.508439540863037,1.4190673828125,3befce7582aa4a1d7d341d33d562c83589e5b7ed893f423d51b1deda23978126,True,0.6271600723266589,1.5859603881835938,3befce7582aa4a1d7d341d33d562c83589e5b7ed893f423d51b1deda23978126
control,r4,loot-crate,174014,2,50,0.04,1,56,0,0.5025863647460938,0.6959438323974609,b6fc2799d1c2d040cc8e3638ec1f1f31e9c4e77b0bd85464ccacd9fdda94d96b,True,0.3737807273864746,0.8077621459960938,b6fc2799d1c2d040cc8e3638ec1f1f31e9c4e77b0bd85464ccacd9fdda94d96b
control,r4,loot-crate,174015,19,50,0.38,1,211,0,0.5745887756347656,1.171112060546875,ea4ed9dc79a3d6cc79af941dd2dc21f95725e3837cc6583d9d0df20e4a69ec9c,True,0.698089599609375,2.249002456665039,ea4ed9dc79a3d6cc79af941dd2dc21f95725e3837cc6583d9d0df20e4a69ec9c
control,r4,loot-crate,174016,6,50,0.12,0,400,0,0.4792928695678708,1.2552738189697266,d6cfa67a63bf8303ad43f8b88db1118bfac7c8681f06b78c02add48ad5f49e72,True,0.3609657287597656,3.4029483795166016,d6cfa67a63bf8303ad43f8b88db1118bfac7c8681f06b78c02add48ad5f49e72
control,r4,loot-crate,174017,4,50,0.08,0,400,0,0.4855155944824216,1.0690689086914062,48e2529affc86489ee04ac2891555c1bc08eccd0acc4bd24b54f6c52d68f0356,True,0.3391265869140624,1.6758441925048828,48e2529affc86489ee04ac2891555c1bc08eccd0acc4bd24b54f6c52d68f0356
control,r4,loot-crate,174018,2,50,0.04,1,42,0,0.5927205085754395,1.0962486267089844,cdef627a5684bc5dd81cf054665becfcc7ee5924a32d36ff1ee47455e870fb42,True,0.4662394523620604,0.5011558532714844,cdef627a5684bc5dd81cf054665becfcc7ee5924a32d36ff1ee47455e870fb42
control,r4,loot-crate,174019,9,50,0.18,0,400,0,0.6049275398254386,2.608060836791992,8381a3c42e52eab33af9e311d1923b26001ca55bdd0ec2a651e07586c5a267b1,True,0.31222105026245106,0.9047985076904297,8381a3c42e52eab33af9e311d1923b26001ca55bdd0ec2a651e07586c5a267b1
control,r4,loot-crate,174020,34,50,0.68,0,400,0,0.673842430114746,2.502918243408203,64ea3a48e2d80c9352b823d18cc9377e313ba7a7a095372526cbfa27ec2a7ceb,True,0.44058561325073176,1.3110637664794922,64ea3a48e2d80c9352b823d18cc9377e313ba7a7a095372526cbfa27ec2a7ceb
control,r4,loot-crate,174021,1,50,0.02,1,49,0,0.7905960083007807,1.138925552368164,f97c2fd5883d7df544b7efd74ff36febc2967845637eb24564db843a92347478,True,0.2540588378906246,0.6511211395263672,f97c2fd5883d7df544b7efd74ff36febc2967845637eb24564db843a92347478
control,r4,loot-crate,174022,2,50,0.04,0,400,0,0.6797313690185512,3.242015838623047,37173447ecbc70e83948868f2d8e0d63f4929c7e2b8fb2177d68149ef28f51d5,True,0.5838871002197257,1.8990039825439453,37173447ecbc70e83948868f2d8e0d63f4929c7e2b8fb2177d68149ef28f51d5
control,r4,loot-crate,174023,0,50,0.0,1,20,0,0.669097900390625,0.7071495056152344,4d6c0f63171f02799658efc68204633516223bf7054507827f53aa59fa400af7,True,0.4812002182006837,0.6592273712158203,4d6c0f63171f02799658efc68204633516223bf7054507827f53aa59fa400af7
control,r4,loot-crate,174024,23,50,0.46,1,226,0,0.45043230056762695,1.2040138244628906,032a208180597d7bb5bd44445be9e1bb22f672fce9b1bcd93036d69faae14416,True,0.2917051315307617,0.9899139404296875,032a208180597d7bb5bd44445be9e1bb22f672fce9b1bcd93036d69faae14416
control,r4,loot-crate,174025,6,50,0.12,0,400,0,0.8822083473205566,2.0079612731933594,5c91d5e29a35df94df226eff31ef3d7ef16744d6cbc03bf3afd36050422bf21c,True,0.8518815040588379,2.6769638061523438,5c91d5e29a35df94df226eff31ef3d7ef16744d6cbc03bf3afd36050422bf21c
control,r4,loot-crate,174026,0,50,0.0,0,400,0,0.8273959159851073,2.747058868408203,3befce7582aa4a1d7d341d33d562c83589e5b7ed893f423d51b1deda23978126,True,0.47589540481567383,1.6949176788330078,3befce7582aa4a1d7d341d33d562c83589e5b7ed893f423d51b1deda23978126
control,r4,loot-crate,174027,16,50,0.32,0,400,0,0.5632877349853515,1.9099712371826172,5eec54e424a9dd8d8e5aa8fbf7cebce0226fb41bf8f4f1a3f293d3a453b781d1,True,0.6584048271179194,3.081083297729492,5eec54e424a9dd8d8e5aa8fbf7cebce0226fb41bf8f4f1a3f293d3a453b781d1
control,r4,loot-crate,174028,27,50,0.54,0,400,0,0.6032347679138184,0.9410381317138672,9697366af1188a8704ad94d09c78ab048b129ecef1575eca761851c71f0c1566,True,0.5777001380920406,1.5118122100830078,9697366af1188a8704ad94d09c78ab048b129ecef1575eca761851c71f0c1566
control,r4,loot-crate,174029,12,50,0.24,1,125,0,0.5658626556396484,1.1589527130126953,50af6eaacf29e5143e47f0f96e5dec56e1a0a8a099dfa23ed39da200fe40321a,True,0.7224082946777344,0.9858608245849609,50af6eaacf29e5143e47f0f96e5dec56e1a0a8a099dfa23ed39da200fe40321a
control,r4,loot-crate,174030,31,50,0.62,0,400,0,0.7818341255187979,4.756927490234375,8eace73951b047200ea31d38ac25df3fbd8165394c1191e2d532a5524b9ecff4,True,0.4732847213745115,1.3110637664794922,8eace73951b047200ea31d38ac25df3fbd8165394c1191e2d532a5524b9ecff4
control,r4,loot-crate,174031,1,50,0.02,0,400,0,0.5683779716491695,1.2309551239013672,f3aef84ae0252b93736d29dbe4f91bc21b6fa5c4cc46b368105c32a024602821,True,0.3671169281005849,1.0840892791748047,f3aef84ae0252b93736d29dbe4f91bc21b6fa5c4cc46b368105c32a024602821
control,r4,loot-crate,174032,15,50,0.3,1,127,0,0.45487880706787104,1.1980533599853516,2635363c69015d4a86afe0eaa31d5a833139a1b166b7b97434da132dbf75d5e0,True,0.5863428115844725,0.8478164672851562,2635363c69015d4a86afe0eaa31d5a833139a1b166b7b97434da132dbf75d5e0
control,r4,loot-crate,174033,1,50,0.02,0,400,0,0.7684469223022456,3.470897674560547,c5c150812e45ed80e3d7c6a8154ce7aeb72dd7d86ea36c58115797c26d9675f5,True,0.6534695625305171,1.9412040710449219,c5c150812e45ed80e3d7c6a8154ce7aeb72dd7d86ea36c58115797c26d9675f5
control,r4,loot-crate,174034,1,50,0.02,1,49,0,0.6846427917480464,0.9679794311523438,463c232037c6fe7ef93a656245873fe4f48d009d14afed12ffb906b9e9483d3f,True,0.8301258087158192,0.9768009185791016,463c232037c6fe7ef93a656245873fe4f48d009d14afed12ffb906b9e9483d3f
control,r4,loot-crate,174035,5,50,0.1,0,400,0,0.6088137626647941,2.5968551635742188,39befdd97750e11f663f45338fd07954faa22b7332a45d8c073bd90c9c7274f4,True,0.3603577613830555,1.8532276153564453,39befdd97750e11f663f45338fd07954faa22b7332a45d8c073bd90c9c7274f4
control,r4,loot-crate,174036,7,50,0.14,0,400,0,0.44121742248535145,1.2040138244628906,c818b60b0926091a111bf34533d2137dd824118ae4c0ef948c97c9cf26585ffc,True,0.6121277809143065,2.5637149810791016,c818b60b0926091a111bf34533d2137dd824118ae4c0ef948c97c9cf26585ffc
control,r4,loot-crate,174037,8,50,0.16,1,119,0,0.5976200103759762,1.5418529510498047,4221948f7043d5e8a3122be37e7da0d5f5a3dcd63eea5436e5875c3e44360aea,True,1.9484996795654284,4.658222198486328,4221948f7043d5e8a3122be37e7da0d5f5a3dcd63eea5436e5875c3e44360aea
control,r4,loot-crate,174038,10,50,0.2,1,128,0,0.5604624748229979,2.0139217376708984,b967761fb6602f8542110773d24c3ab8faecd6752dbd5eb9471c1188698489cb,True,0.5092740058898924,1.474142074584961,b967761fb6602f8542110773d24c3ab8faecd6752dbd5eb9471c1188698489cb
control,r4,loot-crate,174039,12,50,0.24,0,400,0,0.7459998130798331,1.5358924865722656,ba6a9fa1e5d5a4470d6f13c5d4fcc230e76b6729bdb27ecdf73dec7d4ae91a0b,True,0.7225990295410148,4.387140274047852,ba6a9fa1e5d5a4470d6f13c5d4fcc230e76b6729bdb27ecdf73dec7d4ae91a0b
control,r4,loot-crate,174040,7,50,0.14,1,117,0,0.8951187133789055,1.4290809631347656,1a2bbe418b48ee166bc6fd8f75c391cc24f87b95501ae14e75e478733dc65870,True,0.8673667907714837,1.6279220581054688,1a2bbe418b48ee166bc6fd8f75c391cc24f87b95501ae14e75e478733dc65870
control,r5,classic,172001,2,9,0.2222222222222222,0,400,0,0.32116174697875866,1.4650821685791016,20821a3173e5707d1d4431d71825f400a13c58a96be5a804e15225522ce48113,True,0.674307346343993,2.341032028198242,20821a3173e5707d1d4431d71825f400a13c58a96be5a804e15225522ce48113
control,r5,classic,172002,0,9,0.0,0,400,0,0.3405094146728513,0.9169578552246094,999b3507de5fbd7fe373f2366e4e329582afac961264c9d1705c4e2a6eacc316,True,0.7138371467590332,3.7610530853271484,999b3507de5fbd7fe373f2366e4e329582afac961264c9d1705c4e2a6eacc316
control,r5,classic,172003,1,9,0.1111111111111111,0,400,0,0.4485130310058591,1.219034194946289,8db0cd170d20e40d6d0b12aaee9cca901aaaf38eb49407c8b7b30ebd435ea10c,True,0.7695913314819329,5.956172943115234,8db0cd170d20e40d6d0b12aaee9cca901aaaf38eb49407c8b7b30ebd435ea10c
control,r5,classic,172004,0,9,0.0,0,400,0,0.5100011825561497,1.627206802368164,56a4407c1b2b0e3295909d8301a717ec4d5aa924c4a218d55d914043044bb305,True,0.8604884147644036,6.52313232421875,56a4407c1b2b0e3295909d8301a717ec4d5aa924c4a218d55d914043044bb305
control,r5,classic,172005,5,9,0.5555555555555556,0,400,0,0.4202842712402342,1.1391639709472656,ab466559f58c5e66d4394558df01827213b14d9796521fc3bf5acc79a40006df,True,0.8060812950134268,5.5789947509765625,ab466559f58c5e66d4394558df01827213b14d9796521fc3bf5acc79a40006df
control,r5,classic,172006,0,9,0.0,0,400,0,0.48609972000122054,3.553152084350586,a8abd5406008c1fbd5ccb1575c0a9163e811f123bc123c7e90f2f92894685437,True,0.7288932800292951,2.3491382598876953,a8abd5406008c1fbd5ccb1575c0a9163e811f123bc123c7e90f2f92894685437
control,r5,classic,172007,1,9,0.1111111111111111,0,400,0,0.8418440818786612,2.2509098052978516,87fb74b1478251e72eb3fb3e7f72b530a9c20d913542b2a55745837816e42307,True,0.599229335784912,1.542806625366211,87fb74b1478251e72eb3fb3e7f72b530a9c20d913542b2a55745837816e42307
control,r5,classic,172008,0,9,0.0,0,400,0,0.4750967025756828,2.9077529907226562,38515bfd30668bb71a79c87eb5364c7d81498fec4c148771f387b64a9ca2051a,True,0.7298946380615227,1.8329620361328125,38515bfd30668bb71a79c87eb5364c7d81498fec4c148771f387b64a9ca2051a
control,r5,classic,172009,0,9,0.0,0,400,0,0.492453575134277,4.179239273071289,4ecccbfd8f86178e5d1e9198e3b6086f82eecb06f69e217238fad447c266c250,True,0.5319595336914062,3.871917724609375,4ecccbfd8f86178e5d1e9198e3b6086f82eecb06f69e217238fad447c266c250
control,r5,classic,172010,2,9,0.2222222222222222,0,400,0,0.5185008049011225,2.357006072998047,7bebe827677c432943ba0a7af31033f0020b1c659a1c5990ea3a540b132af831,True,0.6164550781249999,2.8448104858398438,7bebe827677c432943ba0a7af31033f0020b1c659a1c5990ea3a540b132af831
control,r5,classic,172011,1,9,0.1111111111111111,0,400,0,0.391602516174315,1.9631385803222656,d24f01c2cd5a63993cb5044a71a38150b6d5c736c89a14c26cad6d5ab61df9cd,True,0.6983041763305651,3.628969192504883,d24f01c2cd5a63993cb5044a71a38150b6d5c736c89a14c26cad6d5ab61df9cd
control,r5,classic,172012,1,9,0.1111111111111111,0,400,1,0.6602168083190918,1.5537738800048828,e4a8c7a4c99b3cad591c7706c4e939160bbeb9b9823b31c24fb8a0571f78b3cb,True,0.7824540138244624,4.336118698120117,e4a8c7a4c99b3cad591c7706c4e939160bbeb9b9823b31c24fb8a0571f78b3cb
control,r5,classic,172013,0,9,0.0,0,400,0,0.71038007736206,2.4139881134033203,a35cc7009272a1f2dea856d61cae35d76ba519b3f9ad4e33c72e2dadfcd5b816,True,0.8313655853271482,3.345966339111328,a35cc7009272a1f2dea856d61cae35d76ba519b3f9ad4e33c72e2dadfcd5b816
control,r5,classic,172014,0,9,0.0,0,400,0,0.2859115600585937,0.6477832794189453,b1511f949dc0881e6d95ae63396d9db13cefd1a2b970bed102abb538006dfcfd,True,0.9662508964538571,4.488229751586914,b1511f949dc0881e6d95ae63396d9db13cefd1a2b970bed102abb538006dfcfd
control,r5,classic,172015,0,9,0.0,1,5,0,0.5331516265869141,0.5869865417480469,6e5474a175188846ffafdf0d198e62ebb571dde40963e725ce6aa682839e7497,True,0.9169578552246093,1.0008811950683594,6e5474a175188846ffafdf0d198e62ebb571dde40963e725ce6aa682839e7497
control,r5,classic,172016,0,9,0.0,0,400,0,0.24830102920532196,1.2500286102294922,cdc8851d259bdc9939ed352325701c5bf25c6b84783bc74933a023ee0aac0d26,True,0.7985472679138178,2.3012161254882812,cdc8851d259bdc9939ed352325701c5bf25c6b84783bc74933a023ee0aac0d26
control,r5,classic,172017,0,9,0.0,0,400,0,0.21419525146484367,0.6549358367919922,7027ac541cb64260dba7cde53a7ef0883ac4c1be74ea599fd1f016c2dd83bc06,True,0.7780194282531738,1.4209747314453125,7027ac541cb64260dba7cde53a7ef0883ac4c1be74ea599fd1f016c2dd83bc06
control,r5,classic,172018,1,9,0.1111111111111111,0,400,0,0.4462718963623045,7.04193115234375,3f8be9dca3176d55e8bf62bc1a8c960672a610a3908ba1934a8dbff8eabd5257,True,0.7171392440795896,2.202749252319336,3f8be9dca3176d55e8bf62bc1a8c960672a610a3908ba1934a8dbff8eabd5257
control,r5,classic,172019,3,9,0.3333333333333333,1,68,0,0.33836364746093744,1.1458396911621094,83daeca7e764c4158ac64ce792839a5a5d9e5bc93cde5b4e75c7c3998738030c,True,0.642085075378418,2.0601749420166016,83daeca7e764c4158ac64ce792839a5a5d9e5bc93cde5b4e75c7c3998738030c
control,r5,classic,172020,0,9,0.0,0,400,0,0.19718408584594704,0.4889965057373047,0ad9e51b2015c505db3c9927ef638179c800dc81a140660bc8c66a2bb9415f2f,True,0.5569815635681152,1.2280941009521484,0ad9e51b2015c505db3c9927ef638179c800dc81a140660bc8c66a2bb9415f2f
control,r5,classic,172021,2,9,0.2222222222222222,0,400,0,0.20219087600707986,0.5168914794921875,1bd53d180b9c34f5947f56a4fed62146296203264e866033b9af754330cdd1ac,True,0.3848671913146972,3.8340091705322266,1bd53d180b9c34f5947f56a4fed62146296203264e866033b9af754330cdd1ac
control,r5,classic,172022,1,9,0.1111111111111111,1,150,0,0.20203590393066403,0.7178783416748047,a0f77729c1cd8929defcb351dbc58b7780588d8c4781802f073d4f446fc3ce1b,True,0.34923553466796764,0.8440017700195312,a0f77729c1cd8929defcb351dbc58b7780588d8c4781802f073d4f446fc3ce1b
control,r5,classic,172023,1,9,0.1111111111111111,0,400,0,0.16800165176391588,0.5700588226318359,2f23c67da2ad1d58da97629e5006319efdc99630b525c887f5cd76838e3330ad,True,0.2740383148193358,1.232147216796875,2f23c67da2ad1d58da97629e5006319efdc99630b525c887f5cd76838e3330ad
control,r5,classic,172024,0,9,0.0,0,400,0,0.39932727813720664,4.523754119873047,e923e43bef6cbbf8d7966b67233cdd965e3ab0fdc97844b81388ac111a8d2ee8,True,0.2605319023132318,0.7278919219970703,e923e43bef6cbbf8d7966b67233cdd965e3ab0fdc97844b81388ac111a8d2ee8
control,r5,classic,172025,3,9,0.3333333333333333,0,400,0,0.21752119064331005,0.9598731994628906,213b37853c19e4288bff6508aeb5178438dc6743c236c7b5a1c8c9e449e4c278,True,0.2885699272155757,1.035928726196289,213b37853c19e4288bff6508aeb5178438dc6743c236c7b5a1c8c9e449e4c278
control,r5,classic,172026,3,9,0.3333333333333333,0,400,0,0.24609565734863276,1.302957534790039,8801a06b07b39ce5f9ca781f9963ab30f70204fbaed3c454a1bb1e08a5b78d7f,True,0.6995439529418921,7.031917572021484,8801a06b07b39ce5f9ca781f9963ab30f70204fbaed3c454a1bb1e08a5b78d7f
control,r5,classic,172027,2,9,0.2222222222222222,0,400,0,0.28825998306274303,1.2500286102294922,164ffffc23f29b2de277364cad3b67321d6ab1f875eaa5af2e6f816537d45f70,True,0.22525787353515608,0.6878376007080078,164ffffc23f29b2de277364cad3b67321d6ab1f875eaa5af2e6f816537d45f70
control,r5,classic,172028,2,9,0.2222222222222222,0,400,0,0.23499727249145494,0.8471012115478516,f02ca9c012d891a2c7b1e33fba769fe69fb650853e10ce9415ee266da547f1d0,True,0.646424293518066,1.3420581817626953,f02ca9c012d891a2c7b1e33fba769fe69fb650853e10ce9415ee266da547f1d0
control,r5,classic,172029,0,9,0.0,0,400,0,0.20815134048461892,0.6022453308105469,b0fa60f72b46c8c02f56beb37c76c101cfb2ac96fc732ebf21baef2564c94617,True,0.7172584533691405,2.9227733612060547,b0fa60f72b46c8c02f56beb37c76c101cfb2ac96fc732ebf21baef2564c94617
control,r5,classic,172030,2,9,0.2222222222222222,0,400,0,0.26717185974120994,0.7569789886474609,bb9e8cadeae45e4d58f0af2cf465b0352e145435cf08a26bb3e798a232e33a7d,True,0.9622216224670408,2.2118091583251953,bb9e8cadeae45e4d58f0af2cf465b0352e145435cf08a26bb3e798a232e33a7d
control,r5,classic,172031,0,9,0.0,0,400,0,0.2288818359375,0.9658336639404297,2f23c67da2ad1d58da97629e5006319efdc99630b525c887f5cd76838e3330ad,True,0.6318688392639145,2.7189254760742188,2f23c67da2ad1d58da97629e5006319efdc99630b525c887f5cd76838e3330ad
control,r5,classic,172032,0,9,0.0,0,400,0,0.2611160278320312,1.4162063598632812,9e163804c952bb8bb7b0c2a47dd2a256de50dbe12d7c01fd349a3b5619b60998,True,0.5305171012878407,2.476215362548828,9e163804c952bb8bb7b0c2a47dd2a256de50dbe12d7c01fd349a3b5619b60998
control,r5,classic,172033,1,9,0.1111111111111111,0,400,0,0.25727748870849587,0.6928443908691406,d5d33905946d8ece08e91743e30dd4f859886ed3aa1549f208be817f28349f91,True,0.1969456672668457,1.2288093566894531,d5d33905946d8ece08e91743e30dd4f859886ed3aa1549f208be817f28349f91
control,r5,classic,172034,0,9,0.0,0,400,0,0.29507875442504866,0.9441375732421875,39b414245e23f8ffca59ca1ccff5783249bab8667c4caf317e2c23ecb3a41560,True,0.2535343170166013,1.435995101928711,39b414245e23f8ffca59ca1ccff5783249bab8667c4caf317e2c23ecb3a41560
control,r5,classic,172035,1,9,0.1111111111111111,0,400,0,0.2921104431152343,1.6338825225830078,282f17de532bc69ed5b512429874d02eb0ce293d528471a27241cead236b2cc3,True,0.16288757324218744,0.5381107330322266,282f17de532bc69ed5b512429874d02eb0ce293d528471a27241cead236b2cc3
control,r5,classic,172036,1,9,0.1111111111111111,0,400,0,0.3310799598693846,0.7181167602539062,3517cf7fc48146e490fb8bc1166118b22b6d63735790d42322839feb46058003,True,0.1554965972900388,0.5528926849365234,3517cf7fc48146e490fb8bc1166118b22b6d63735790d42322839feb46058003
control,r5,classic,172037,3,9,0.3333333333333333,0,400,0,0.4908919334411613,1.4891624450683594,2a73e74c7d5468cf70e169c5c5d2d28958b42ec0c4b67a96b84a165a6c43d53e,True,0.19818544387817377,0.3299713134765625,2a73e74c7d5468cf70e169c5c5d2d28958b42ec0c4b67a96b84a165a6c43d53e
control,r5,classic,172038,2,9,0.2222222222222222,0,400,0,0.2991199493408193,0.8749961853027344,6a9d56233a0d9c68c28751f9981bb066a541fc56f0b0296d9ef24435f3425fd1,True,0.2271175384521483,0.5500316619873047,6a9d56233a0d9c68c28751f9981bb066a541fc56f0b0296d9ef24435f3425fd1
control,r5,classic,172039,2,9,0.2222222222222222,0,400,0,0.4129886627197265,0.9858608245849609,f7809be46bba49f5ccde1daac625988aa345fb6f6602608758e7d904fe6ed391,True,0.20194053649902344,0.4279613494873047,f7809be46bba49f5ccde1daac625988aa345fb6f6602608758e7d904fe6ed391
control,r5,classic,172040,6,9,0.6666666666666666,0,400,0,0.40529966354370073,1.5099048614501953,c129ee78f70d1f6f491adcb417fd9e78b19ba7e9dff705582dcb439a7d2dba02,True,0.3002285957336423,0.6120204925537109,c129ee78f70d1f6f491adcb417fd9e78b19ba7e9dff705582dcb439a7d2dba02
control,r5,coin-heaven,173001,50,50,1.0,0,123,0,0.18219947814941398,0.5950927734375,39ccdaf19d9e2e3859f6c11725b9a190a3893f33ea99741ca42f0bf8c689a92c,True,0.1415967941284179,0.2110004425048828,39ccdaf19d9e2e3859f6c11725b9a190a3893f33ea99741ca42f0bf8c689a92c
control,r5,coin-heaven,173002,50,50,1.0,0,128,0,0.1610875129699707,0.2319812774658203,c5a8218d48d7c8da53c0f5870913b6cdfdc75ded5880de8fa97f93af82cb34d3,True,0.17986297607421856,0.2460479736328125,c5a8218d48d7c8da53c0f5870913b6cdfdc75ded5880de8fa97f93af82cb34d3
control,r5,coin-heaven,173003,50,50,1.0,0,151,0,0.25844573974609375,0.31685829162597656,0d1ba7cfe6adf7f1207d98c0dc690a314196fc3b099dd13b226d9099472daaed,True,0.2485513687133789,0.35190582275390625,0d1ba7cfe6adf7f1207d98c0dc690a314196fc3b099dd13b226d9099472daaed
control,r5,coin-heaven,173004,50,50,1.0,0,122,0,0.16393661499023435,0.3077983856201172,ff39b6b6a01b29b2a1ccb62e147c18dfdb682df6bee1f40bf3de6157ab7db146,True,0.31583309173583957,0.6337165832519531,ff39b6b6a01b29b2a1ccb62e147c18dfdb682df6bee1f40bf3de6157ab7db146
control,r5,coin-heaven,173005,50,50,1.0,0,118,0,0.17818212509155268,0.25010108947753906,cbecf1fbcd7c5b7ec15050c6353c5d0229023f040e6500b22edb5d123104cd84,True,0.18720626831054685,0.2639293670654297,cbecf1fbcd7c5b7ec15050c6353c5d0229023f040e6500b22edb5d123104cd84
control,r5,coin-heaven,173006,50,50,1.0,0,111,0,0.11849403381347656,0.2429485321044922,904e57c39c4756d074a0f80bd9f67e24bd4bc065f68a7da79131e29c55d5f316,True,0.1609325408935547,0.3402233123779297,904e57c39c4756d074a0f80bd9f67e24bd4bc065f68a7da79131e29c55d5f316
control,r5,coin-heaven,173007,50,50,1.0,0,126,0,0.18960237503051758,0.2918243408203125,1119b0bb97a3bb3f06179b337b6227939f1d7eccc4c1948a098f046c6c9c0cfb,True,0.20641088485717773,0.33211708068847656,1119b0bb97a3bb3f06179b337b6227939f1d7eccc4c1948a098f046c6c9c0cfb
control,r5,coin-heaven,173008,50,50,1.0,0,135,0,0.3056764602661133,0.4208087921142578,121ecf00b8cfe4e663e75b14d76efae0c70f9a8f2eaf162fda90f6b80e1f85b5,True,0.30257701873779297,0.40531158447265625,121ecf00b8cfe4e663e75b14d76efae0c70f9a8f2eaf162fda90f6b80e1f85b5
control,r5,coin-heaven,173009,50,50,1.0,0,131,0,0.1474618911743164,0.2281665802001953,6f22382964b99070fd01ac6994559df4e79465f29c5f69d6b90e29d07dccd044,True,0.15592575073242188,0.24700164794921875,6f22382964b99070fd01ac6994559df4e79465f29c5f69d6b90e29d07dccd044
control,r5,coin-heaven,173010,50,50,1.0,0,110,0,0.1258730888366699,0.2980232238769531,5dc44785fb0af3bf3831425ed763a2cf5127eb0b4a14f2560a9c7c05bd5957bd,True,0.1820087432861328,0.33473968505859375,5dc44785fb0af3bf3831425ed763a2cf5127eb0b4a14f2560a9c7c05bd5957bd
control,r5,coin-heaven,173011,50,50,1.0,0,128,0,0.27980804443359375,0.34499168395996094,4c3c58c50bbae84eb1ba6878fcec8fe1c0003959d31772d8646f3412fce5045e,True,0.29768943786621094,0.3497600555419922,4c3c58c50bbae84eb1ba6878fcec8fe1c0003959d31772d8646f3412fce5045e
control,r5,coin-heaven,173012,50,50,1.0,0,116,0,0.20629167556762695,0.2810955047607422,a8a6565d7dde18f43ddc6b77d920f0e58192d7cd81b45a56bd96c5388f23431e,True,0.16641616821289062,0.37026405334472656,a8a6565d7dde18f43ddc6b77d920f0e58192d7cd81b45a56bd96c5388f23431e
control,r5,coin-heaven,173013,50,50,1.0,0,134,0,0.23993253707885742,0.4730224609375,d957fc33a7c126fef0e690e9353caaba8abdf37fc0377ce6d2ffd057b0568a3c,True,0.20714998245239255,0.5309581756591797,d957fc33a7c126fef0e690e9353caaba8abdf37fc0377ce6d2ffd057b0568a3c
control,r5,coin-heaven,173014,50,50,1.0,0,120,0,0.1591801643371582,0.2849102020263672,621af1827a4fb1c4417048363134c7c56ae97d8b39eeccf37fb79270991d6e70,True,0.1676678657531738,0.28586387634277344,621af1827a4fb1c4417048363134c7c56ae97d8b39eeccf37fb79270991d6e70
control,r5,coin-heaven,173015,50,50,1.0,0,128,0,0.20155906677246077,0.4909038543701172,4cb83ba2693f6d86611659f6f12b2df5c34ddef0b32cc56ee7157b2957cb3cdd,True,0.36458969116210926,0.8699893951416016,4cb83ba2693f6d86611659f6f12b2df5c34ddef0b32cc56ee7157b2957cb3cdd
control,r5,coin-heaven,173016,50,50,1.0,0,118,0,0.24459362030029289,0.3719329833984375,4b9ce1c3d3a160b66517bce49e85d70ec59bf9bea4626371959b1a463311819b,True,0.2453684806823728,0.3139972686767578,4b9ce1c3d3a160b66517bce49e85d70ec59bf9bea4626371959b1a463311819b
control,r5,coin-heaven,173017,50,50,1.0,0,128,0,0.19977092742919916,0.3619194030761719,6942650f3125721ea41e1408c8cc0c0428a2b888f85451295dce3535c71a38e2,True,0.1928091049194335,0.29397010803222656,6942650f3125721ea41e1408c8cc0c0428a2b888f85451295dce3535c71a38e2
control,r5,coin-heaven,173018,50,50,1.0,0,116,0,0.14406442642211914,0.6668567657470703,e7634f579038c00dca1c34877c5475f8f32c39d25da109beed7545ab33aaa07a,True,0.16123056411743164,0.2930164337158203,e7634f579038c00dca1c34877c5475f8f32c39d25da109beed7545ab33aaa07a
control,r5,coin-heaven,173019,50,50,1.0,0,117,0,0.18587112426757801,0.3590583801269531,7c7c4c886b34318481f0be45b0f0d2a4a492cd050a1a4d23f861b5f9ca3ba8b4,True,0.1850128173828125,0.3552436828613281,7c7c4c886b34318481f0be45b0f0d2a4a492cd050a1a4d23f861b5f9ca3ba8b4
control,r5,coin-heaven,173020,50,50,1.0,0,115,0,0.18897056579589844,0.2570152282714844,95e3c919aa0fab094fb887d45d2b68395a1b7401e3aac9459609817542616d6e,True,0.16355514526367188,0.2968311309814453,95e3c919aa0fab094fb887d45d2b68395a1b7401e3aac9459609817542616d6e
control,r5,coin-heaven,173021,50,50,1.0,0,129,0,0.16241073608398432,0.2789497375488281,68608e0771f41d1aa88b994a8c99d225c970648b59e1c4c77b3e0df698b7df84,True,0.20480155944824216,0.3619194030761719,68608e0771f41d1aa88b994a8c99d225c970648b59e1c4c77b3e0df698b7df84
control,r5,coin-heaven,173022,50,50,1.0,0,113,0,0.31309127807617176,0.6537437438964844,f9f18acf3783d55ea488b0d65a5b14f074c668e0830ce9aa62122f9571c6ac6a,True,0.2171039581298827,0.2541542053222656,f9f18acf3783d55ea488b0d65a5b14f074c668e0830ce9aa62122f9571c6ac6a
control,r5,coin-heaven,173023,50,50,1.0,0,109,0,0.2028942108154296,0.39196014404296875,6383560ff9dff67d6fc32ec56dfb4b5a91d404f74dc5b872a23613860cdcaf7f,True,0.1893520355224609,0.2751350402832031,6383560ff9dff67d6fc32ec56dfb4b5a91d404f74dc5b872a23613860cdcaf7f
control,r5,coin-heaven,173024,50,50,1.0,0,129,0,0.2238750457763671,0.3161430358886719,62ab90f4862754ff1c92ec71116637726a7aa9ce3081fb63157ab112a9a85684,True,0.18992424011230466,0.44918060302734375,62ab90f4862754ff1c92ec71116637726a7aa9ce3081fb63157ab112a9a85684
control,r5,coin-heaven,173025,50,50,1.0,0,129,0,0.22087097167968744,1.0151863098144531,b2937dc8f204ceb498056847e66414452184b589e47fa272e3b859a87b75851d,True,0.15239715576171872,0.27489662170410156,b2937dc8f204ceb498056847e66414452184b589e47fa272e3b859a87b75851d
control,r5,coin-heaven,173026,50,50,1.0,0,117,0,0.22206306457519517,0.38313865661621094,3f301a5bfc34f9f5925ad968282612dff88c1e9bb0fa7df54f26075dda2bbeaa,True,0.20771026611328092,0.44083595275878906,3f301a5bfc34f9f5925ad968282612dff88c1e9bb0fa7df54f26075dda2bbeaa
control,r5,coin-heaven,173027,50,50,1.0,0,121,0,0.16617774963378906,0.27298927307128906,2baca998680d6546acd4fecc41cbbecf9614a5cca4093b7f29e6edd168b4d01d,True,0.17690658569335938,0.2949237823486328,2baca998680d6546acd4fecc41cbbecf9614a5cca4093b7f29e6edd168b4d01d
control,r5,coin-heaven,173028,50,50,1.0,0,115,0,0.21061897277832017,0.43082237243652344,84cf87a4113ed7c76aceaf67bb5d859491b5fd6197fce9c394f517d17a527dfb,True,0.41263103485107416,0.7250308990478516,84cf87a4113ed7c76aceaf67bb5d859491b5fd6197fce9c394f517d17a527dfb
control,r5,coin-heaven,173029,50,50,1.0,0,123,0,0.2183914184570312,0.5319118499755859,48db79c397905d48b3ee9bf75536ce440a3a91886cfd26b62282c2e821c388d7,True,0.28262138366699213,0.3600120544433594,48db79c397905d48b3ee9bf75536ce440a3a91886cfd26b62282c2e821c388d7
control,r5,coin-heaven,173030,50,50,1.0,0,133,0,0.31709671020507807,0.4553794860839844,fa25d869aac3ed9eeea4acb4ad069e7efabdec05cc49e6aba4f55e9e125a2876,True,0.33640861511230463,1.1811256408691406,fa25d869aac3ed9eeea4acb4ad069e7efabdec05cc49e6aba4f55e9e125a2876
control,r5,coin-heaven,173031,50,50,1.0,0,131,0,0.1671314239501953,0.37407875061035156,b3eb04fc5de54f2b766ba6af47b3ad635b717b0952075a0a9e2bd371600b1c74,True,0.28514862060546875,0.7917881011962891,b3eb04fc5de54f2b766ba6af47b3ad635b717b0952075a0a9e2bd371600b1c74
control,r5,coin-heaven,173032,50,50,1.0,0,108,0,0.15226602554321284,0.31685829162597656,e44a9c64d33da178754933b133e4e6956f593108c1eb408e4c9f29ef45079e31,True,0.2604961395263668,0.45490264892578125,e44a9c64d33da178754933b133e4e6956f593108c1eb408e4c9f29ef45079e31
control,r5,coin-heaven,173033,50,50,1.0,0,112,0,0.2110123634338378,0.2777576446533203,a2e9117169173aaae3eb17092658eb2bcc30a06b184dbcb2a12df13bdd503055,True,0.35406351089477534,0.47516822814941406,a2e9117169173aaae3eb17092658eb2bcc30a06b184dbcb2a12df13bdd503055
control,r5,coin-heaven,173034,50,50,1.0,0,127,0,0.2517938613891598,0.6546974182128906,786e28a890d5820430295decfbcd3dd915b014facd314f455e2efac1928c99f8,True,0.24900436401367176,0.38909912109375,786e28a890d5820430295decfbcd3dd915b014facd314f455e2efac1928c99f8
control,r5,coin-heaven,173035,50,50,1.0,0,134,0,0.20800828933715818,0.2849102020263672,726ef3a46e160bf50a2dd839df73c3f3f882411cf4b77faac0329d101c2933dc,True,0.31265020370483393,1.421213150024414,726ef3a46e160bf50a2dd839df73c3f3f882411cf4b77faac0329d101c2933dc
control,r5,coin-heaven,173036,50,50,1.0,0,130,0,0.18093585968017573,0.23603439331054688,0c42ce5399cc1a02db5e2978af98b4ae336e7beb5d981adab60bf69fea5c1465,True,0.3544926643371581,0.7321834564208984,0c42ce5399cc1a02db5e2978af98b4ae336e7beb5d981adab60bf69fea5c1465
control,r5,coin-heaven,173037,50,50,1.0,0,129,0,0.1517295837402343,0.3006458282470703,a8602317ce23b658941139a68e90f82fc25c5cff6a74a8eb90b362f9b11f45ff,True,0.2370357513427734,0.518798828125,a8602317ce23b658941139a68e90f82fc25c5cff6a74a8eb90b362f9b11f45ff
control,r5,coin-heaven,173038,50,50,1.0,0,117,0,0.14448165893554668,0.28395652770996094,68ae999be6b145c61aae4eea76360641d89785029ad6f63a56e73e66aab101bc,True,0.23336410522460935,0.5071163177490234,68ae999be6b145c61aae4eea76360641d89785029ad6f63a56e73e66aab101bc
control,r5,coin-heaven,173039,50,50,1.0,0,116,0,0.12636184692382812,0.23317337036132812,45a5dd2038ff94bbe726530e9ac12f4c724e54e238ff4bda4ab0337f4b3e7280,True,0.30428171157836914,0.4279613494873047,45a5dd2038ff94bbe726530e9ac12f4c724e54e238ff4bda4ab0337f4b3e7280
control,r5,coin-heaven,173040,50,50,1.0,0,113,0,0.1468658447265624,0.3139972686767578,45d4747d7066e227a13898afc15a778e2ba52f5a4dae786f443e5694e65243d7,True,0.5489826202392577,1.5668869018554688,45d4747d7066e227a13898afc15a778e2ba52f5a4dae786f443e5694e65243d7
control,r5,loot-crate,174001,19,50,0.38,0,400,0,0.8649110794067373,3.216266632080078,b1c2b5e0831cff654fb48e07d8742c5a541b7f5504f7317012d1f64cac57687b,True,0.7700324058532698,3.0291080474853516,b1c2b5e0831cff654fb48e07d8742c5a541b7f5504f7317012d1f64cac57687b
control,r5,loot-crate,174002,5,50,0.1,1,57,0,0.3322601318359373,0.4069805145263672,d9c41ab8991f64de5305517c94636f30089ae9faf56d6ab06c4f2957f536f531,True,0.8650302886962884,2.686023712158203,d9c41ab8991f64de5305517c94636f30089ae9faf56d6ab06c4f2957f536f531
control,r5,loot-crate,174003,4,50,0.08,0,400,0,0.33785104751586914,0.7331371307373047,c13872fa11fe1ae77c65e687dbd8821520ad7e7ab4706d1de60641aaacbb519e,True,0.6338357925415038,1.9919872283935547,c13872fa11fe1ae77c65e687dbd8821520ad7e7ab4706d1de60641aaacbb519e
control,r5,loot-crate,174004,26,50,0.52,0,400,0,0.37367343902587885,0.8678436279296875,0036600fd727fe4aa577c2ef9bf7e6d76c6cf6ddcab871931541c64d23a91ede,True,0.7710933685302734,1.6469955444335938,0036600fd727fe4aa577c2ef9bf7e6d76c6cf6ddcab871931541c64d23a91ede
control,r5,loot-crate,174005,7,50,0.14,0,400,0,0.3913044929504392,1.6460418701171875,5e4eb34016b7517dea5a3894c9045289d4b487e292849130014580d75f55e926,True,0.9383082389831542,2.3119449615478516,5e4eb34016b7517dea5a3894c9045289d4b487e292849130014580d75f55e926
control,r5,loot-crate,174006,12,50,0.24,0,400,0,0.5539059638977033,1.3241767883300781,38c60e0af991b0969137056311ee2350fc00d97790bb8b6deefbbd6dfe35befb,True,1.0104417800903316,1.8780231475830078,38c60e0af991b0969137056311ee2350fc00d97790bb8b6deefbbd6dfe35befb
control,r5,loot-crate,174007,10,50,0.2,1,130,0,0.39408206939697255,0.8199214935302734,c0ab82882b931ee4e59aff61bf90e8fa485cbbc8e5a9e5db907af5dffa7f586e,True,0.8778333663940426,1.5869140625,c0ab82882b931ee4e59aff61bf90e8fa485cbbc8e5a9e5db907af5dffa7f586e
control,r5,loot-crate,174008,4,50,0.08,0,400,0,0.4612445831298827,1.38092041015625,3797edc3c90496c2d522173b935b6bd67717ebfb90149d4ca5bc180ba90c66d4,True,0.6713032722473141,2.383708953857422,3797edc3c90496c2d522173b935b6bd67717ebfb90149d4ca5bc180ba90c66d4
control,r5,loot-crate,174009,14,50,0.28,0,400,0,0.5359768867492669,2.5589466094970703,f04f9dfcd63f4c39f3f54a04314818206d1e57456e55cd8b70853044855b117d,True,0.8642315864562986,2.804994583129883,f04f9dfcd63f4c39f3f54a04314818206d1e57456e55cd8b70853044855b117d
control,r5,loot-crate,174010,2,50,0.04,0,400,0,0.6953716278076171,2.5043487548828125,856a758e31a3d5436c9416b54834c149fdca60b432d99887f114be3756aad91d,True,0.7232904434204098,1.1670589447021484,856a758e31a3d5436c9416b54834c149fdca60b432d99887f114be3756aad91d
control,r5,loot-crate,174011,1,50,0.02,1,38,0,0.4206538200378416,0.7181167602539062,05c98ead67a1de8d3cb534c1c172a3d96d64802447e8ba3ba5530cdb9e134a45,True,0.7979273796081539,1.2989044189453125,05c98ead67a1de8d3cb534c1c172a3d96d64802447e8ba3ba5530cdb9e134a45
control,r5,loot-crate,174012,6,50,0.12,1,80,0,0.35780668258666976,0.9169578552246094,5230efcaab0175962cfb948ecd9613816755021a0f6f48da47fff8b2fd13d781,True,0.5178689956665038,1.5368461608886719,5230efcaab0175962cfb948ecd9613816755021a0f6f48da47fff8b2fd13d781
control,r5,loot-crate,174013,17,50,0.34,0,400,0,0.574064254760742,1.7499923706054688,c3ef94b55e066d3199bb976a9780545f82a0b9c12dc44057e399009a71f5f303,True,0.5414128303527828,2.624988555908203,c3ef94b55e066d3199bb976a9780545f82a0b9c12dc44057e399009a71f5f303
control,r5,loot-crate,174014,8,50,0.16,0,400,0,0.711965560913085,1.7473697662353516,15ff734f55b03882c9e7d290c41f64a798609c4ca1d8a50b4e1f26f9048c4ace,True,0.5768299102783195,2.251863479614258,15ff734f55b03882c9e7d290c41f64a798609c4ca1d8a50b4e1f26f9048c4ace
control,r5,loot-crate,174015,5,50,0.1,0,400,0,0.35430192947387673,1.3010501861572266,df005522ed30f3990942da4311eb7b5286879a48db84b9f0bdce72a63906233a,True,0.4504323005676267,0.7891654968261719,df005522ed30f3990942da4311eb7b5286879a48db84b9f0bdce72a63906233a
control,r5,loot-crate,174016,18,50,0.36,1,302,0,0.5839228630065918,1.2390613555908203,dc2458580c7619919781f467b3df726881e4bf1cf752227903e9c2a1dfb3b8c1,True,0.5636930465698241,1.8248558044433594,dc2458580c7619919781f467b3df726881e4bf1cf752227903e9c2a1dfb3b8c1
control,r5,loot-crate,174017,15,50,0.3,0,400,0,0.6070733070373524,2.4530887603759766,be6ccd438c979e01e294409c4db20b90cd81bcafcd98126cd3405d5cfff7e89c,True,0.5774021148681635,2.846240997314453,be6ccd438c979e01e294409c4db20b90cd81bcafcd98126cd3405d5cfff7e89c
control,r5,loot-crate,174018,2,50,0.04,1,42,0,0.5435705184936523,0.6461143493652344,f462922230b0e30f9e48fd7cfdb212734d1427a9f5d405376db9446d326fcf85,True,1.2658596038818357,3.4432411193847656,f462922230b0e30f9e48fd7cfdb212734d1427a9f5d405376db9446d326fcf85
control,r5,loot-crate,174019,0,50,0.0,0,400,0,0.6520748138427723,1.5940666198730469,5b008b7f1307f9fb8687af63c8c1322008c956194cf05dd106bebcea8bcb8538,True,0.6760239601135253,2.7201175689697266,5b008b7f1307f9fb8687af63c8c1322008c956194cf05dd106bebcea8bcb8538
control,r5,loot-crate,174020,3,50,0.06,0,400,0,0.5798101425170892,1.6031265258789062,bb6c1807011fe3a7db416524c5070a801588035ca68c84725e2d2a8da6077760,True,0.3942728042602535,1.9488334655761719,bb6c1807011fe3a7db416524c5070a801588035ca68c84725e2d2a8da6077760
control,r5,loot-crate,174021,23,50,0.46,0,400,0,0.3811478614807127,0.8518695831298828,48e8c1ee0538d6226d64e3fa280863975804ec6ff102e3bcc1840f1119d37e75,True,0.90569257736206,2.1309852600097656,48e8c1ee0538d6226d64e3fa280863975804ec6ff102e3bcc1840f1119d37e75
control,r5,loot-crate,174022,4,50,0.08,1,84,0,0.39879083633422846,0.5121231079101562,eace30a0153db162b189154b1016db8e171d204011a32311407300413505376a,True,0.869441032409668,4.287242889404297,eace30a0153db162b189154b1016db8e171d204011a32311407300413505376a
control,r5,loot-crate,174023,4,50,0.08,1,60,0,0.4342079162597652,1.1429786682128906,6875bce85266e0a7df2e46e304a19f646b8d18b57d65f4b325cb560150b4d969,True,0.7895350456237791,1.38092041015625,6875bce85266e0a7df2e46e304a19f646b8d18b57d65f4b325cb560150b4d969
control,r5,loot-crate,174024,8,50,0.16,0,400,0,0.7511615753173827,2.3648738861083984,7dbf0fb83a49096d3dff4262f2698b512982af5ee9eded063d88d56fc4d17e41,True,0.8389115333557123,2.840757369995117,7dbf0fb83a49096d3dff4262f2698b512982af5ee9eded063d88d56fc4d17e41
control,r5,loot-crate,174025,26,50,0.52,0,400,0,0.7112264633178689,1.6660690307617188,85982e6371a17ccb1941feda3717a1a22e73a4eebd958a619a5297fc6bb67b70,True,0.7541060447692862,3.2927989959716797,85982e6371a17ccb1941feda3717a1a22e73a4eebd958a619a5297fc6bb67b70
control,r5,loot-crate,174026,4,50,0.08,0,400,0,0.506532192230224,3.625154495239258,b2d1fb4d286850d0996db0e16fad5cea1de580feceff960e84b14146af905370,True,0.4731893539428709,1.5528202056884766,b2d1fb4d286850d0996db0e16fad5cea1de580feceff960e84b14146af905370
control,r5,loot-crate,174027,33,50,0.66,1,293,0,0.511646270751953,1.0378360748291016,24367cb869b60e78b24abe6ff311aefbfb484f5a6366d88f0e30acac08306c3a,True,0.7971763610839844,2.6640892028808594,24367cb869b60e78b24abe6ff311aefbfb484f5a6366d88f0e30acac08306c3a
control,r5,loot-crate,174028,1,50,0.02,0,400,0,0.37779808044433516,1.0328292846679688,575c5e0b1804faa358dd7c653759b5d232bcb0fb69a117a8e8c906bc2f3c4804,True,0.42564868927001903,1.1568069458007812,575c5e0b1804faa358dd7c653759b5d232bcb0fb69a117a8e8c906bc2f3c4804
control,r5,loot-crate,174029,8,50,0.16,0,400,0,0.48347711563110335,1.0399818420410156,af2f83437798d2e7c54d18d6e6da2da6817268c6278f6937e1832e2e15f324e4,True,0.6875753402709947,1.5838146209716797,af2f83437798d2e7c54d18d6e6da2da6817268c6278f6937e1832e2e15f324e4
control,r5,loot-crate,174030,18,50,0.36,0,400,0,0.6661653518676756,2.1512508392333984,17c5b71207497022d9f22e0f4a253ed33be8e140d4ae23c7cf738f5fa5bdaa4f,True,0.9700536727905263,3.9827823638916016,17c5b71207497022d9f22e0f4a253ed33be8e140d4ae23c7cf738f5fa5bdaa4f
control,r5,loot-crate,174031,12,50,0.24,0,400,0,0.8076310157775876,3.2601356506347656,690e2897e454263c6cfb792bb88efe2077e00e9253ee3c8247dc786947a22404,True,0.8700013160705566,2.315044403076172,690e2897e454263c6cfb792bb88efe2077e00e9253ee3c8247dc786947a22404
control,r5,loot-crate,174032,29,50,0.58,0,400,0,0.7553935050964354,2.8269290924072266,ff2c9632752ce3f93f858dbdd9f337c318f2ce9c567047d14a0e764a55b0a9e8,True,0.5862593650817867,1.2969970703125,ff2c9632752ce3f93f858dbdd9f337c318f2ce9c567047d14a0e764a55b0a9e8
control,r5,loot-crate,174033,6,50,0.12,1,72,0,0.6383180618286133,1.3811588287353516,f54bb98d3d4600ad2408c73c1a374d5ebb6c600add167462baff0a38f8f32056,True,0.8612394332885743,1.9199848175048828,f54bb98d3d4600ad2408c73c1a374d5ebb6c600add167462baff0a38f8f32056
control,r5,loot-crate,174034,4,50,0.08,0,400,0,0.984358787536619,3.3159255981445312,1ca1b8c530e0cb0d24a6157a98516933045144ed3cb46763694ca69df1e84785,True,0.6272912025451658,5.80906867980957,1ca1b8c530e0cb0d24a6157a98516933045144ed3cb46763694ca69df1e84785
control,r5,loot-crate,174035,14,50,0.28,0,400,0,0.5311012268066396,2.538919448852539,3545e11b3cbb6df36ed9eb057c44fd2d262dfb35b1d1b6ad0800ee3e7d76ca39,True,0.47545433044433566,2.2840499877929688,3545e11b3cbb6df36ed9eb057c44fd2d262dfb35b1d1b6ad0800ee3e7d76ca39
control,r5,loot-crate,174036,4,50,0.08,1,42,0,0.6501078605651855,1.4472007751464844,01ff162e7a8a07d3e0808acacc62e4642bfe20ce21533a85499febd3bd09c416,True,0.4522085189819332,0.5230903625488281,01ff162e7a8a07d3e0808acacc62e4642bfe20ce21533a85499febd3bd09c416
control,r5,loot-crate,174037,5,50,0.1,0,400,0,0.9419679641723622,1.9648075103759766,0ad0c3530ffd56feb77364c8d144f010cf8012e2c93be99c39f89e7885808e3b,True,0.5200386047363281,1.6121864318847656,0ad0c3530ffd56feb77364c8d144f010cf8012e2c93be99c39f89e7885808e3b
control,r5,loot-crate,174038,3,50,0.06,1,100,1,0.5605340003967284,2.5091171264648438,89d6db877618bb32bf8bb86d071354ee09b964cbc759e6a4aa827e9a9423c18c,True,0.5721092224121094,2.7730464935302734,89d6db877618bb32bf8bb86d071354ee09b964cbc759e6a4aa827e9a9423c18c
control,r5,loot-crate,174039,3,50,0.06,1,56,0,0.48547983169555664,6.439924240112305,e58c3f1e6be0ef6a36ca30ac6a6a8cf369125a5d9e217d4305e689c8a8b52e72,True,0.298917293548584,0.6301403045654297,e58c3f1e6be0ef6a36ca30ac6a6a8cf369125a5d9e217d4305e689c8a8b52e72
control,r5,loot-crate,174040,6,50,0.12,1,88,0,0.5752086639404295,2.1681785583496094,b0caecfee4bf20cc9ad26252332ca3d872a4a02ee2c186465c49d427acec92a4,True,0.28821229934692383,0.4990100860595703,b0caecfee4bf20cc9ad26252332ca3d872a4a02ee2c186465c49d427acec92a4
candidate,r1,classic,172001,2,9,0.2222222222222222,0,400,0,0.5289673805236806,2.4051666259765625,df3d8d3b054f6b3c2a92c8cfebd6436a08c4abc7fbf5add68e5ede7e2c3f7284,True,0.6338834762573241,3.030061721801758,df3d8d3b054f6b3c2a92c8cfebd6436a08c4abc7fbf5add68e5ede7e2c3f7284
candidate,r1,classic,172002,4,9,0.4444444444444444,1,246,0,0.7212162017822266,1.8680095672607422,cd1049774ee40cc71e94d137e85dc8f7b533ecdbff50ea22b133fbf789b60599,True,0.3821253776550293,1.8897056579589844,cd1049774ee40cc71e94d137e85dc8f7b533ecdbff50ea22b133fbf789b60599
candidate,r1,classic,172003,0,9,0.0,0,400,0,0.5731821060180662,2.389192581176758,f24b61e14ab3bdaef894dc21eb809c39b1861b6207b6d7890ec94e4df3f5bb74,True,0.6843090057373045,2.9151439666748047,f24b61e14ab3bdaef894dc21eb809c39b1861b6207b6d7890ec94e4df3f5bb74
candidate,r1,classic,172004,0,9,0.0,0,400,0,0.8595943450927731,2.5589466094970703,41d440d4662c1be075ba20933e41a884ae1febfecd38b70aee06c34e8d5c4dfa,True,0.345003604888916,1.7671585083007812,41d440d4662c1be075ba20933e41a884ae1febfecd38b70aee06c34e8d5c4dfa
candidate,r1,classic,172005,1,9,0.1111111111111111,0,400,0,0.4377961158752441,1.0979175567626953,5588dd3bba3b61a01bd578b1f7812eb88b541bbaef0c56d8f07832877e8e5cb3,True,0.2620935440063474,0.9579658508300781,5588dd3bba3b61a01bd578b1f7812eb88b541bbaef0c56d8f07832877e8e5cb3
candidate,r1,classic,172006,0,9,0.0,0,400,0,0.4450440406799315,1.3661384582519531,1a5214aa864e9358a005a120d306469eafa3a69f38b99dbc771069e3c84dfbbd,True,0.3510475158691405,1.0721683502197266,1a5214aa864e9358a005a120d306469eafa3a69f38b99dbc771069e3c84dfbbd
candidate,r1,classic,172007,0,9,0.0,0,400,0,0.41513442993164057,1.1019706726074219,d35a9047242147c7e8b2da4e0ab46421faa157df89b57d9cd9a8c99b67034f29,True,0.5288958549499504,2.5048255920410156,d35a9047242147c7e8b2da4e0ab46421faa157df89b57d9cd9a8c99b67034f29
candidate,r1,classic,172008,0,9,0.0,0,400,0,0.5972027778625486,3.51715087890625,27fd4f0b00d8f8fc524bba097d70d8a006913dbf9fbe9393e7c9c193c9b51819,True,0.5195856094360347,1.544952392578125,27fd4f0b00d8f8fc524bba097d70d8a006913dbf9fbe9393e7c9c193c9b51819
candidate,r1,classic,172009,0,9,0.0,0,400,0,0.7625460624694819,2.543210983276367,cda2eca84396d9805eb99df2f89f8b093a7359078285496dbc4a929c4aaf1fa6,True,0.3130912780761718,1.2679100036621094,cda2eca84396d9805eb99df2f89f8b093a7359078285496dbc4a929c4aaf1fa6
candidate,r1,classic,172010,2,9,0.2222222222222222,0,400,0,0.7558465003967285,1.2848377227783203,d71abf1f1b85a98212c5504542b4b3991f68ff38cc79a7ca37223174f40ff1b1,True,0.9535789489746086,1.7437934875488281,d71abf1f1b85a98212c5504542b4b3991f68ff38cc79a7ca37223174f40ff1b1
candidate,r1,classic,172011,1,9,0.1111111111111111,0,400,0,0.661909580230712,1.2819766998291016,75d47bc0de01dff9273f3b466df8d4b6979df02579d440bb84fd22e5d61ed260,True,1.0019302368164054,4.678964614868164,75d47bc0de01dff9273f3b466df8d4b6979df02579d440bb84fd22e5d61ed260
candidate,r1,classic,172012,1,9,0.1111111111111111,0,400,0,0.7983803749084469,1.5978813171386719,8f0ae2ed016b2cd0e2778e7419c615fd427f861e3eb88e8d2b7b5a3b5326cc8a,True,0.968372821807861,4.3849945068359375,8f0ae2ed016b2cd0e2778e7419c615fd427f861e3eb88e8d2b7b5a3b5326cc8a
candidate,r1,classic,172013,0,9,0.0,0,400,0,0.6261348724365234,1.6939640045166016,fe5a647666f20e0b9d4e53d563f32c73fc11318b505912ab256151b5ed244c73,True,0.45830011367797824,1.4770030975341797,fe5a647666f20e0b9d4e53d563f32c73fc11318b505912ab256151b5ed244c73
candidate,r1,classic,172014,2,9,0.2222222222222222,1,207,0,0.918316841125488,1.6188621520996094,ded5a43f4e45e096bb58980d59316f75a6240b08153f096630fbd9ebf8b62eb1,True,0.3877162933349609,0.9458065032958984,ded5a43f4e45e096bb58980d59316f75a6240b08153f096630fbd9ebf8b62eb1
candidate,r1,classic,172015,0,9,0.0,0,400,0,0.6114125251770016,2.6628971099853516,5eb2954e54007703b4fdfe69814cc3e59340c96b3159b6a0d6af0d6960a33d3e,True,1.677775382995604,5.702018737792969,5eb2954e54007703b4fdfe69814cc3e59340c96b3159b6a0d6af0d6960a33d3e
candidate,r1,classic,172016,1,9,0.1111111111111111,0,400,0,0.7712483406066892,1.8749237060546875,99680de247c2f37335978d705822330939c2a1bfceeb2f8a344e43b1fcc84f87,True,0.7932543754577637,1.9960403442382812,99680de247c2f37335978d705822330939c2a1bfceeb2f8a344e43b1fcc84f87
candidate,r1,classic,172017,0,9,0.0,0,400,0,0.9897708892822258,2.229928970336914,9f5e81577e519df9b0bcb0b6806cbfe895f11f5f46f24d32b0497e94e616518d,True,1.4120221138000488,3.9229393005371094,9f5e81577e519df9b0bcb0b6806cbfe895f11f5f46f24d32b0497e94e616518d
candidate,r1,classic,172018,1,9,0.1111111111111111,0,400,0,0.4657506942749018,1.371145248413086,3c269631d50fc2dfd0c986d66e406e048b02ff785fbfbbd896f86117e7fde48c,True,0.554931163787841,1.9030570983886719,3c269631d50fc2dfd0c986d66e406e048b02ff785fbfbbd896f86117e7fde48c
candidate,r1,classic,172019,3,9,0.3333333333333333,0,400,0,0.5649089813232421,1.1661052703857422,cc9986122f60e58a4136e1dc73cdc29895a92494a8cd6cb42bcc4a06d255396d,True,0.661194324493408,1.5020370483398438,cc9986122f60e58a4136e1dc73cdc29895a92494a8cd6cb42bcc4a06d255396d
candidate,r1,classic,172020,0,9,0.0,0,400,0,0.5505084991455071,2.3851394653320312,a08a0506f65a3c35f2a26df906f5882ed51c7fd4a0d7bde6116771c93ab2f5a8,True,0.5143761634826657,1.4531612396240234,a08a0506f65a3c35f2a26df906f5882ed51c7fd4a0d7bde6116771c93ab2f5a8
candidate,r1,classic,172021,0,9,0.0,0,400,0,0.5222558975219723,1.3210773468017578,71e75de1e352799bcc740409a0244a56097eac7a99274b0ca97603586b86c777,True,0.853312015533447,1.7859935760498047,71e75de1e352799bcc740409a0244a56097eac7a99274b0ca97603586b86c777
candidate,r1,classic,172022,1,9,0.1111111111111111,0,400,0,0.375235080718994,1.1701583862304688,6eb45c6f94a402ca2d1404d31465109f262bd231fff1d90c468fb804e777a8f1,True,0.6368160247802734,1.4338493347167969,6eb45c6f94a402ca2d1404d31465109f262bd231fff1d90c468fb804e777a8f1
candidate,r1,classic,172023,3,9,0.3333333333333333,0,400,0,0.46693086624145497,2.5970935821533203,832772ec228cc949c7f1c286081f6a43a950a7cacca9ede68c5a0ab63d18350c,True,0.8412480354309079,2.727985382080078,832772ec228cc949c7f1c286081f6a43a950a7cacca9ede68c5a0ab63d18350c
candidate,r1,classic,172024,0,9,0.0,0,400,0,0.40463209152221613,1.5549659729003906,39e315c49ffcd03c1dcbfb789308287bc0ba85443d2716988655e737fd12bd2d,True,0.7194519042968744,4.83393669128418,39e315c49ffcd03c1dcbfb789308287bc0ba85443d2716988655e737fd12bd2d
candidate,r1,classic,172025,3,9,0.3333333333333333,0,400,0,0.579428672790526,2.1278858184814453,3fdd56bbce3a477d26651fee1368c8cf5a980aad602d7358bfe77be893510839,True,0.9117960929870598,3.354787826538086,3fdd56bbce3a477d26651fee1368c8cf5a980aad602d7358bfe77be893510839
candidate,r1,classic,172026,1,9,0.1111111111111111,0,400,0,0.7107853889465299,2.6099681854248047,2c39969bb238f88d369c789cf6cf42036a9b10c172d26b67c8e358b6c492e922,True,1.304340362548828,17.309904098510742,2c39969bb238f88d369c789cf6cf42036a9b10c172d26b67c8e358b6c492e922
candidate,r1,classic,172027,2,9,0.2222222222222222,0,400,0,0.6533265113830526,3.3447742462158203,2cbd014c96797ee499357e6d42ac124e349715d48655c8cc468985dadaba8c24,True,0.8354067802429176,1.911163330078125,2cbd014c96797ee499357e6d42ac124e349715d48655c8cc468985dadaba8c24
candidate,r1,classic,172028,2,9,0.2222222222222222,0,400,0,0.7320761680603024,1.6150474548339844,54b05ffe5a993de024bedd900677f281b51603aac3526e73df6a2c2f0eb04642,True,0.3994464874267571,1.055002212524414,54b05ffe5a993de024bedd900677f281b51603aac3526e73df6a2c2f0eb04642
candidate,r1,classic,172029,1,9,0.1111111111111111,0,400,0,0.7635712623596159,1.6529560089111328,6108a0d1231037f7ac245f41d55649d082da4a90562f649437f8cc4af5d3e7dc,True,0.30603408813476374,0.7898807525634766,6108a0d1231037f7ac245f41d55649d082da4a90562f649437f8cc4af5d3e7dc
candidate,r1,classic,172030,1,9,0.1111111111111111,0,400,0,0.5741357803344724,1.8239021301269531,e836e45e014455cd98a345e3d74679fb9d1888e8ec87779433b92b3fe77f0da1,True,0.2241969108581542,1.0330677032470703,e836e45e014455cd98a345e3d74679fb9d1888e8ec87779433b92b3fe77f0da1
candidate,r1,classic,172031,0,9,0.0,0,400,0,0.5560278892517081,1.4872550964355469,2d9cd72737cab24088c961dbaf53563e6ac3cfe69bcc8e069f959443a83cc2b7,True,0.22016763687133759,0.7779598236083984,2d9cd72737cab24088c961dbaf53563e6ac3cfe69bcc8e069f959443a83cc2b7
candidate,r1,classic,172032,0,9,0.0,0,400,0,0.6599783897399876,3.665924072265625,98ac391b185eaee3b430cac7815d28669ed003af0013e1311cfcbef486328e57,True,0.44333934783935514,1.0209083557128906,98ac391b185eaee3b430cac7815d28669ed003af0013e1311cfcbef486328e57
candidate,r1,classic,172033,0,9,0.0,0,400,0,0.6243705749511717,3.270864486694336,ddd8220078d5e10fc97201c1d87d9ce482e5feaa318c506e5949bafc888251ee,True,0.16311407089233396,0.308990478515625,ddd8220078d5e10fc97201c1d87d9ce482e5feaa318c506e5949bafc888251ee
candidate,r1,classic,172034,0,9,0.0,0,400,0,0.48545598983764604,0.9331703186035156,a7f80b0b34c8010946df8e408c5a26583af78a328c653e84c08d60c3a26e1bff,True,0.17323493957519517,0.4200935363769531,a7f80b0b34c8010946df8e408c5a26583af78a328c653e84c08d60c3a26e1bff
candidate,r1,classic,172035,5,9,0.5555555555555556,0,400,1,0.870239734649658,4.887104034423828,30e8dffe6fc73de6ceb6690d32b4170f58bdbf219000bb72fe73454ad198f747,True,0.24901628494262684,0.9877681732177734,30e8dffe6fc73de6ceb6690d32b4170f58bdbf219000bb72fe73454ad198f747
candidate,r1,classic,172036,1,9,0.1111111111111111,0,400,0,0.2859234809875488,0.6551742553710938,5b069afb1fbad218f1c8609a669c894ee53a206ce7c076cdd743a40318f66665,True,0.16636848449707015,0.41866302490234375,5b069afb1fbad218f1c8609a669c894ee53a206ce7c076cdd743a40318f66665
candidate,r1,classic,172037,2,9,0.2222222222222222,0,400,0,0.7383823394775388,2.4220943450927734,5890ae5c85988017455298b38362bcb58d7c30acaf82cf957be72d520a78e2c0,True,0.17514228820800767,0.4379749298095703,5890ae5c85988017455298b38362bcb58d7c30acaf82cf957be72d520a78e2c0
candidate,r1,classic,172038,3,9,0.3333333333333333,0,400,0,0.9472966194152821,4.396200180053711,7703987d51d7f75e57bb2172af8c372d41932cd02939c939ddf96637b4d0114c,True,0.20548105239868145,0.49495697021484375,7703987d51d7f75e57bb2172af8c372d41932cd02939c939ddf96637b4d0114c
candidate,r1,classic,172039,0,9,0.0,0,400,0,0.7234454154968256,3.2167434692382812,564ee1de3515d621a19c3e0b7f52cc2460c4ab6dc93875802ccb82d269d67bd0,True,0.14787912368774409,0.41604042053222656,564ee1de3515d621a19c3e0b7f52cc2460c4ab6dc93875802ccb82d269d67bd0
candidate,r1,classic,172040,0,9,0.0,0,400,0,0.5607604980468741,3.5467147827148438,5beedba796a7bb4383404584acd2174432b0a58ce774635f4d19dffbb182416f,True,0.14905929565429682,0.5550384521484375,5beedba796a7bb4383404584acd2174432b0a58ce774635f4d19dffbb182416f
candidate,r1,coin-heaven,173001,50,50,1.0,0,123,0,0.24068355560302712,2.0978450775146484,39ccdaf19d9e2e3859f6c11725b9a190a3893f33ea99741ca42f0bf8c689a92c,True,0.16083717346191403,0.308990478515625,39ccdaf19d9e2e3859f6c11725b9a190a3893f33ea99741ca42f0bf8c689a92c
candidate,r1,coin-heaven,173002,50,50,1.0,0,128,0,0.2232074737548827,0.32401084899902344,c5a8218d48d7c8da53c0f5870913b6cdfdc75ded5880de8fa97f93af82cb34d3,True,0.19183158874511705,0.4050731658935547,c5a8218d48d7c8da53c0f5870913b6cdfdc75ded5880de8fa97f93af82cb34d3
candidate,r1,coin-heaven,173003,50,50,1.0,0,151,0,0.26547908782958984,0.4227161407470703,0d1ba7cfe6adf7f1207d98c0dc690a314196fc3b099dd13b226d9099472daaed,True,0.2529621124267578,0.3800392150878906,0d1ba7cfe6adf7f1207d98c0dc690a314196fc3b099dd13b226d9099472daaed
candidate,r1,coin-heaven,173004,50,50,1.0,0,122,0,0.1624584197998046,1.4951229095458984,659ed76d94cc4ac51dfdfc938b81bbef81e041453377d21cfb8f69c8f096d7cf,True,0.13875961303710932,0.22292137145996094,659ed76d94cc4ac51dfdfc938b81bbef81e041453377d21cfb8f69c8f096d7cf
candidate,r1,coin-heaven,173005,50,50,1.0,0,118,0,0.18682479858398415,0.5009174346923828,cbecf1fbcd7c5b7ec15050c6353c5d0229023f040e6500b22edb5d123104cd84,True,0.27986764907836886,0.5259513854980469,cbecf1fbcd7c5b7ec15050c6353c5d0229023f040e6500b22edb5d123104cd84
candidate,r1,coin-heaven,173006,50,50,1.0,0,111,0,0.1500844955444336,0.6220340728759766,904e57c39c4756d074a0f80bd9f67e24bd4bc065f68a7da79131e29c55d5f316,True,0.19347667694091797,0.35309791564941406,904e57c39c4756d074a0f80bd9f67e24bd4bc065f68a7da79131e29c55d5f316
candidate,r1,coin-heaven,173007,50,50,1.0,0,126,0,0.21839141845703125,0.34999847412109375,1119b0bb97a3bb3f06179b337b6227939f1d7eccc4c1948a098f046c6c9c0cfb,True,0.17243623733520508,0.26702880859375,1119b0bb97a3bb3f06179b337b6227939f1d7eccc4c1948a098f046c6c9c0cfb
candidate,r1,coin-heaven,173008,50,50,1.0,0,135,0,0.3167867660522461,0.6299018859863281,4bdbc59eaeb980cdb1c1711ade44338853a6635938e26ca5ac1f837c4d72767b,True,0.3507137298583984,0.9629726409912109,4bdbc59eaeb980cdb1c1711ade44338853a6635938e26ca5ac1f837c4d72767b
candidate,r1,coin-heaven,173009,50,50,1.0,0,131,0,0.17154216766357422,0.5009174346923828,6f22382964b99070fd01ac6994559df4e79465f29c5f69d6b90e29d07dccd044,True,0.15079975128173828,1.0728836059570312,6f22382964b99070fd01ac6994559df4e79465f29c5f69d6b90e29d07dccd044
candidate,r1,coin-heaven,173010,50,50,1.0,0,110,0,0.18721818923950193,0.2970695495605469,5dc44785fb0af3bf3831425ed763a2cf5127eb0b4a14f2560a9c7c05bd5957bd,True,0.14579296112060544,0.4742145538330078,5dc44785fb0af3bf3831425ed763a2cf5127eb0b4a14f2560a9c7c05bd5957bd
candidate,r1,coin-heaven,173011,50,50,1.0,0,128,0,0.29810667037963856,0.3352165222167969,4c3c58c50bbae84eb1ba6878fcec8fe1c0003959d31772d8646f3412fce5045e,True,0.289618968963623,0.4398822784423828,4c3c58c50bbae84eb1ba6878fcec8fe1c0003959d31772d8646f3412fce5045e
candidate,r1,coin-heaven,173012,50,50,1.0,0,116,0,0.1456737518310547,0.5819797515869141,a8a6565d7dde18f43ddc6b77d920f0e58192d7cd81b45a56bd96c5388f23431e,True,0.32955408096313477,0.6458759307861328,a8a6565d7dde18f43ddc6b77d920f0e58192d7cd81b45a56bd96c5388f23431e
candidate,r1,coin-heaven,173013,50,50,1.0,0,134,0,0.21195411682128903,0.2818107604980469,d957fc33a7c126fef0e690e9353caaba8abdf37fc0377ce6d2ffd057b0568a3c,True,0.23907423019409177,0.4107952117919922,d957fc33a7c126fef0e690e9353caaba8abdf37fc0377ce6d2ffd057b0568a3c
candidate,r1,coin-heaven,173014,50,50,1.0,0,120,0,0.2555608749389647,0.4177093505859375,c5d6218882421ecf3f45af9fd1f035507afe19b6ff3cd7e8363cb77d67ff7da7,True,0.1391887664794922,0.24580955505371094,c5d6218882421ecf3f45af9fd1f035507afe19b6ff3cd7e8363cb77d67ff7da7
candidate,r1,coin-heaven,173015,50,50,1.0,0,128,0,0.21252632141113278,0.8699893951416016,c24ca44f829f5f3dc4c22666a57dfbaf962f0380ebe8185206516097d0654fb6,True,0.15954971313476546,0.32901763916015625,c24ca44f829f5f3dc4c22666a57dfbaf962f0380ebe8185206516097d0654fb6
candidate,r1,coin-heaven,173016,50,50,1.0,0,118,0,0.2704501152038574,0.44536590576171875,4b9ce1c3d3a160b66517bce49e85d70ec59bf9bea4626371959b1a463311819b,True,0.21678209304809554,0.308990478515625,4b9ce1c3d3a160b66517bce49e85d70ec59bf9bea4626371959b1a463311819b
candidate,r1,coin-heaven,173017,50,50,1.0,0,128,0,0.20627975463867174,0.37407875061035156,6942650f3125721ea41e1408c8cc0c0428a2b888f85451295dce3535c71a38e2,True,0.16449689865112305,0.22673606872558594,6942650f3125721ea41e1408c8cc0c0428a2b888f85451295dce3535c71a38e2
candidate,r1,coin-heaven,173018,50,50,1.0,0,116,0,0.1728534698486328,0.37217140197753906,e7634f579038c00dca1c34877c5475f8f32c39d25da109beed7545ab33aaa07a,True,0.16814470291137695,0.3132820129394531,e7634f579038c00dca1c34877c5475f8f32c39d25da109beed7545ab33aaa07a
candidate,r1,coin-heaven,173019,50,50,1.0,0,117,0,0.20065307617187486,0.5021095275878906,7c7c4c886b34318481f0be45b0f0d2a4a492cd050a1a4d23f861b5f9ca3ba8b4,True,0.1925945281982421,0.5719661712646484,7c7c4c886b34318481f0be45b0f0d2a4a492cd050a1a4d23f861b5f9ca3ba8b4
candidate,r1,coin-heaven,173020,50,50,1.0,0,115,0,0.1757383346557617,0.23603439331054688,95e3c919aa0fab094fb887d45d2b68395a1b7401e3aac9459609817542616d6e,True,0.1629352569580078,0.2949237823486328,95e3c919aa0fab094fb887d45d2b68395a1b7401e3aac9459609817542616d6e
candidate,r1,coin-heaven,173021,50,50,1.0,0,129,0,0.18119812011718744,0.5888938903808594,68608e0771f41d1aa88b994a8c99d225c970648b59e1c4c77b3e0df698b7df84,True,0.16045570373535153,0.26226043701171875,68608e0771f41d1aa88b994a8c99d225c970648b59e1c4c77b3e0df698b7df84
candidate,r1,coin-heaven,173022,50,50,1.0,0,113,0,0.2367496490478514,0.7748603820800781,f9f18acf3783d55ea488b0d65a5b14f074c668e0830ce9aa62122f9571c6ac6a,True,0.21357536315917958,0.5707740783691406,f9f18acf3783d55ea488b0d65a5b14f074c668e0830ce9aa62122f9571c6ac6a
candidate,r1,coin-heaven,173023,50,50,1.0,0,109,0,0.17790794372558583,0.7250308990478516,6383560ff9dff67d6fc32ec56dfb4b5a91d404f74dc5b872a23613860cdcaf7f,True,0.24166107177734333,0.5061626434326172,6383560ff9dff67d6fc32ec56dfb4b5a91d404f74dc5b872a23613860cdcaf7f
candidate,r1,coin-heaven,173024,50,50,1.0,0,128,0,0.23603439331054688,0.3399848937988281,52ddfac6e4c7f9f7b27a7a9a6178acb1b77f7450749948eb04a8cb3f38bbb667,True,0.18932819366455073,0.2970695495605469,52ddfac6e4c7f9f7b27a7a9a6178acb1b77f7450749948eb04a8cb3f38bbb667
candidate,r1,coin-heaven,173025,50,50,1.0,0,129,0,0.215339660644531,0.4239082336425781,93faa3e0b4fb1755640a5733b3e4f23ffe6a9ba498ecd3093fb9215391f9c0a7,True,0.3686428070068357,0.9222030639648438,93faa3e0b4fb1755640a5733b3e4f23ffe6a9ba498ecd3093fb9215391f9c0a7
candidate,r1,coin-heaven,173026,50,50,1.0,0,117,0,0.22516250610351543,0.39315223693847656,3f301a5bfc34f9f5925ad968282612dff88c1e9bb0fa7df54f26075dda2bbeaa,True,0.26335716247558566,0.4181861877441406,3f301a5bfc34f9f5925ad968282612dff88c1e9bb0fa7df54f26075dda2bbeaa
candidate,r1,coin-heaven,173027,50,50,1.0,0,121,0,0.2009868621826172,0.2758502960205078,2baca998680d6546acd4fecc41cbbecf9614a5cca4093b7f29e6edd168b4d01d,True,0.2830028533935547,0.6802082061767578,2baca998680d6546acd4fecc41cbbecf9614a5cca4093b7f29e6edd168b4d01d
candidate,r1,coin-heaven,173028,50,50,1.0,0,115,0,0.22070407867431638,0.2999305725097656,84cf87a4113ed7c76aceaf67bb5d859491b5fd6197fce9c394f517d17a527dfb,True,0.3283500671386719,0.7741451263427734,84cf87a4113ed7c76aceaf67bb5d859491b5fd6197fce9c394f517d17a527dfb
candidate,r1,coin-heaven,173029,50,50,1.0,0,123,0,0.2035379409790038,0.3540515899658203,48db79c397905d48b3ee9bf75536ce440a3a91886cfd26b62282c2e821c388d7,True,0.3867626190185545,0.7271766662597656,48db79c397905d48b3ee9bf75536ce440a3a91886cfd26b62282c2e821c388d7
candidate,r1,coin-heaven,173030,50,50,1.0,0,133,0,0.3058910369873047,0.3809928894042969,fa25d869aac3ed9eeea4acb4ad069e7efabdec05cc49e6aba4f55e9e125a2876,True,0.4111289978027344,0.8869171142578125,fa25d869aac3ed9eeea4acb4ad069e7efabdec05cc49e6aba4f55e9e125a2876
candidate,r1,coin-heaven,173031,50,50,1.0,0,131,0,0.20241737365722656,0.38504600524902344,b3eb04fc5de54f2b766ba6af47b3ad635b717b0952075a0a9e2bd371600b1c74,True,0.3895759582519531,1.3620853424072266,b3eb04fc5de54f2b766ba6af47b3ad635b717b0952075a0a9e2bd371600b1c74
candidate,r1,coin-heaven,173032,50,50,1.0,0,108,0,0.16595125198364233,0.6802082061767578,f1316b35e8af56cd3e067f04f70979baa2146a37fab3bf2585cdac87715b9213,True,0.3664731979370115,2.454042434692383,f1316b35e8af56cd3e067f04f70979baa2146a37fab3bf2585cdac87715b9213
candidate,r1,coin-heaven,173033,50,50,1.0,0,112,0,0.30884742736816384,0.6639957427978516,2c36a1c754fa6a5fca6347b1d4a3d95f4a5f23f9cf1711e50757272eb230b102,True,0.33284425735473633,0.6151199340820312,2c36a1c754fa6a5fca6347b1d4a3d95f4a5f23f9cf1711e50757272eb230b102
candidate,r1,coin-heaven,173034,50,50,1.0,0,127,0,0.19533634185791002,0.2989768981933594,786e28a890d5820430295decfbcd3dd915b014facd314f455e2efac1928c99f8,True,0.24437904357910142,0.4563331604003906,786e28a890d5820430295decfbcd3dd915b014facd314f455e2efac1928c99f8
candidate,r1,coin-heaven,173035,50,50,1.0,0,134,0,0.22799968719482416,0.33211708068847656,726ef3a46e160bf50a2dd839df73c3f3f882411cf4b77faac0329d101c2933dc,True,0.6033778190612785,1.2710094451904297,726ef3a46e160bf50a2dd839df73c3f3f882411cf4b77faac0329d101c2933dc
candidate,r1,coin-heaven,173036,50,50,1.0,0,130,0,0.24508237838745117,0.8099079132080078,bb1b33afdc727fad2c4ceeeebcee972c73b39f5d56b126e83140f04e97e87d83,True,0.25562047958374023,0.5860328674316406,bb1b33afdc727fad2c4ceeeebcee972c73b39f5d56b126e83140f04e97e87d83
candidate,r1,coin-heaven,173037,50,50,1.0,0,129,0,0.16260147094726557,0.43082237243652344,a8602317ce23b658941139a68e90f82fc25c5cff6a74a8eb90b362f9b11f45ff,True,0.6359100341796875,3.5719871520996094,a8602317ce23b658941139a68e90f82fc25c5cff6a74a8eb90b362f9b11f45ff
candidate,r1,coin-heaven,173038,50,50,1.0,0,117,0,0.26011466979980447,0.827789306640625,68ae999be6b145c61aae4eea76360641d89785029ad6f63a56e73e66aab101bc,True,0.6951332092285154,1.3511180877685547,68ae999be6b145c61aae4eea76360641d89785029ad6f63a56e73e66aab101bc
candidate,r1,coin-heaven,173039,50,50,1.0,0,116,0,0.13816356658935547,0.2880096435546875,45a5dd2038ff94bbe726530e9ac12f4c724e54e238ff4bda4ab0337f4b3e7280,True,0.29522180557250977,0.3628730773925781,45a5dd2038ff94bbe726530e9ac12f4c724e54e238ff4bda4ab0337f4b3e7280
candidate,r1,coin-heaven,173040,50,50,1.0,0,113,0,0.36859512329101546,0.7200241088867188,45d4747d7066e227a13898afc15a778e2ba52f5a4dae786f443e5694e65243d7,True,0.3652095794677733,0.7650852203369141,45d4747d7066e227a13898afc15a778e2ba52f5a4dae786f443e5694e65243d7
candidate,r1,loot-crate,174001,22,50,0.44,0,400,0,0.32125711441040006,0.5929470062255859,e6dcdb0225d2bbb625a55f26ee43809b87debc6d56f133163be8a6239eb57b6b,True,0.8404970169067378,1.6088485717773438,e6dcdb0225d2bbb625a55f26ee43809b87debc6d56f133163be8a6239eb57b6b
candidate,r1,loot-crate,174002,23,50,0.46,1,289,0,0.42576789855956976,1.0600090026855469,6d02a52c14503cea80105da5f95ce4177d513fcab25f2228ecb8678b47899deb,True,0.8393287658691404,3.1309127807617188,6d02a52c14503cea80105da5f95ce4177d513fcab25f2228ecb8678b47899deb
candidate,r1,loot-crate,174003,9,50,0.18,0,400,0,0.5419015884399407,0.9467601776123047,ebb9b0768616a0301e8cbc905b3cbe94653c59daa90f7649e516804d03467184,True,0.979363918304441,2.960681915283203,ebb9b0768616a0301e8cbc905b3cbe94653c59daa90f7649e516804d03467184
candidate,r1,loot-crate,174004,0,50,0.0,0,400,0,0.44659376144409135,0.9679794311523438,f9ca2a912ab4c3a1439142ff0a5cba48c5290a3b63092d32831cdccb044ae9fd,True,0.506889820098877,0.9188652038574219,f9ca2a912ab4c3a1439142ff0a5cba48c5290a3b63092d32831cdccb044ae9fd
candidate,r1,loot-crate,174005,14,50,0.28,1,181,0,0.4742145538330078,0.9357929229736328,5db04a063f67fba4c2e9ddb4c36d26ddaca3d4c1f438e34166ac5a4383c7585b,True,0.7138252258300781,1.7762184143066406,5db04a063f67fba4c2e9ddb4c36d26ddaca3d4c1f438e34166ac5a4383c7585b
candidate,r1,loot-crate,174006,7,50,0.14,0,400,0,0.3962159156799315,1.0302066802978516,3f33cbedc51dc9fe9a1853d885db535cfc645e614f3894d1a85cce5330a02653,True,0.41612386703491205,1.6567707061767578,3f33cbedc51dc9fe9a1853d885db535cfc645e614f3894d1a85cce5330a02653
candidate,r1,loot-crate,174007,12,50,0.24,0,400,0,0.7990956306457518,8.209228515625,46e8f8e934e6d645f5c906b194f4ee3560f0c2562356d487f1990e4f784a92de,True,0.7744312286376951,2.9082298278808594,46e8f8e934e6d645f5c906b194f4ee3560f0c2562356d487f1990e4f784a92de
candidate,r1,loot-crate,174008,18,50,0.36,0,400,0,0.5477786064147941,2.3810863494873047,f358d6246df2d1fdbda70eca454c0bcd6026a2673f0b4e4786b1cb94da6c865d,True,0.7206320762634261,2.1181106567382812,f358d6246df2d1fdbda70eca454c0bcd6026a2673f0b4e4786b1cb94da6c865d
candidate,r1,loot-crate,174009,6,50,0.12,0,400,0,0.49614906311035156,1.825094223022461,4f76502eeb299ec72b8e52e555b2b643cf37430694daffc4382577d5efcf7e55,True,0.697696208953855,5.819082260131836,4f76502eeb299ec72b8e52e555b2b643cf37430694daffc4382577d5efcf7e55
candidate,r1,loot-crate,174010,2,50,0.04,0,400,0,0.74547529220581,1.9769668579101562,19afd6522ecba64d8e5c73dd3dfc3d3139786e90c3fe34fed0afa86ab2c2a659,True,0.7941961288452146,2.004861831665039,19afd6522ecba64d8e5c73dd3dfc3d3139786e90c3fe34fed0afa86ab2c2a659
candidate,r1,loot-crate,174011,16,50,0.32,1,306,0,0.44912099838256836,2.170085906982422,1d5cd5794c4c0dd852b3d7520d29935b6550ea1241818311fe2e28378011610e,True,0.8134245872497559,1.9006729125976562,1d5cd5794c4c0dd852b3d7520d29935b6550ea1241818311fe2e28378011610e
candidate,r1,loot-crate,174012,12,50,0.24,0,400,0,0.5450725555419922,1.5249252319335938,88af78e8c251f5daeab68d531d11037e1dd42a21e7863c63c8f991594fd94144,True,1.0260701179504392,4.023075103759766,88af78e8c251f5daeab68d531d11037e1dd42a21e7863c63c8f991594fd94144
candidate,r1,loot-crate,174013,22,50,0.44,0,400,0,0.5060553550720205,2.609729766845703,e1189e523ae44b3cc52f76800f20ccba8759e37c886a69cb10f887215a72f0fa,True,0.5342006683349608,1.2679100036621094,e1189e523ae44b3cc52f76800f20ccba8759e37c886a69cb10f887215a72f0fa
candidate,r1,loot-crate,174014,6,50,0.12,0,400,0,0.8184909820556638,1.5840530395507812,ea73d9a81e9661dce4d463f41691687e980394bedbbacd5386e0cbf363671828,True,0.6714105606079097,1.416921615600586,ea73d9a81e9661dce4d463f41691687e980394bedbbacd5386e0cbf363671828
candidate,r1,loot-crate,174015,2,50,0.04,0,400,0,0.8262276649475085,2.602100372314453,b7f64389e9a6d61dc0065fbf6747f3af43b470fe2cf2c161273e7bbebe894e58,True,0.5066990852355953,1.2488365173339844,b7f64389e9a6d61dc0065fbf6747f3af43b470fe2cf2c161273e7bbebe894e58
candidate,r1,loot-crate,174016,13,50,0.26,1,238,0,0.45293569564819336,1.0118484497070312,cde64fccdf0bc0f15cf0a24a21a61cf949885d13954ea2c8733abc4857460ad1,True,0.6426692008972167,2.8302669525146484,cde64fccdf0bc0f15cf0a24a21a61cf949885d13954ea2c8733abc4857460ad1
candidate,r1,loot-crate,174017,10,50,0.2,0,400,0,0.5301594734191893,0.9739398956298828,df7ab79524be36734da08b8b439abe8283ce51eb7ee8f6dfcd64bf1d0708cc5b,True,0.569689273834228,1.210927963256836,df7ab79524be36734da08b8b439abe8283ce51eb7ee8f6dfcd64bf1d0708cc5b
candidate,r1,loot-crate,174018,2,50,0.04,0,400,0,0.5085468292236326,1.2428760528564453,5b069afb1fbad218f1c8609a669c894ee53a206ce7c076cdd743a40318f66665,True,0.5324602127075191,3.2351016998291016,5b069afb1fbad218f1c8609a669c894ee53a206ce7c076cdd743a40318f66665
candidate,r1,loot-crate,174019,10,50,0.2,0,400,0,0.6471157073974609,2.093791961669922,7429b8b15e5d0b85c49bccd73218ae5f03ab368231b60645f591ae1689051d18,True,0.7555365562438954,4.256963729858398,7429b8b15e5d0b85c49bccd73218ae5f03ab368231b60645f591ae1689051d18
candidate,r1,loot-crate,174020,16,50,0.32,1,203,1,0.5445241928100585,1.0440349578857422,d395a48105c659e12b037dd30edb9fe74eb994563ef9c15caceb5d1a406efa0b,True,0.36895275115966797,1.4121532440185547,d395a48105c659e12b037dd30edb9fe74eb994563ef9c15caceb5d1a406efa0b
candidate,r1,loot-crate,174021,0,50,0.0,0,400,0,0.4951834678649894,1.9099712371826172,291b0523027de67ea6821713cd3d98e307aabebcbc3fba0f5eb0bcb1d52c07d6,True,0.588583946228027,1.8711090087890625,291b0523027de67ea6821713cd3d98e307aabebcbc3fba0f5eb0bcb1d52c07d6
candidate,r1,loot-crate,174022,6,50,0.12,0,400,0,0.5444049835205066,0.9930133819580078,5be4809f6eaa39e56ea10f8cb9aa9094b6b46510311dc7b48551178914e299ae,True,0.5649209022521972,1.9640922546386719,5be4809f6eaa39e56ea10f8cb9aa9094b6b46510311dc7b48551178914e299ae
candidate,r1,loot-crate,174023,2,50,0.04,0,400,0,0.6086707115173333,1.9650459289550781,d1545951e4cb88b384170d923a5fc55b5e3ec8fe54e24db4aeaea24ef2387ffa,True,0.7505655288696285,4.535198211669922,d1545951e4cb88b384170d923a5fc55b5e3ec8fe54e24db4aeaea24ef2387ffa
candidate,r1,loot-crate,174024,10,50,0.2,0,400,0,0.9466290473937985,6.891965866088867,855fa47d133492bc1ba3dd071e19c96dd1582d39d497ea70823b42cd71100198,True,0.7032513618469237,1.8918514251708984,855fa47d133492bc1ba3dd071e19c96dd1582d39d497ea70823b42cd71100198
candidate,r1,loot-crate,174025,6,50,0.12,0,400,0,0.8189797401428223,2.337217330932617,d6e4d7f578472721b92cb3f8824ddb991320cfa91f0320355546327e7f3b90ef,True,1.1979937553405753,11.556863784790039,d6e4d7f578472721b92cb3f8824ddb991320cfa91f0320355546327e7f3b90ef
candidate,r1,loot-crate,174026,8,50,0.16,0,400,0,0.8114218711853016,2.5529861450195312,97b300856167f8067407c0193f7217a865f9b791baef9a4f28f0427ef4da685e,True,0.5062818527221676,1.3728141784667969,97b300856167f8067407c0193f7217a865f9b791baef9a4f28f0427ef4da685e
candidate,r1,loot-crate,174027,19,50,0.38,0,400,0,1.0133028030395503,2.4399757385253906,c4a1dd3a38bfd306f3f1957e600eab0ee50c5e7373228797e44e06aec01c2856,True,0.5511045455932614,2.7341842651367188,c4a1dd3a38bfd306f3f1957e600eab0ee50c5e7373228797e44e06aec01c2856
candidate,r1,loot-crate,174028,13,50,0.26,1,256,0,0.8402466773986816,1.8687248229980469,f73a1659113dec9de4d505cbd5bc10e2f6372a73e27e9e533be404c4fba3c836,True,0.8841156959533691,8.656024932861328,f73a1659113dec9de4d505cbd5bc10e2f6372a73e27e9e533be404c4fba3c836
candidate,r1,loot-crate,174029,4,50,0.08,0,400,0,0.6243824958801257,4.356145858764648,58f46537c4491d2d7c1af59f89dbbfd96ec018fc958873ecd27e4e4e80bf1dcb,True,1.0600686073303194,3.1571388244628906,58f46537c4491d2d7c1af59f89dbbfd96ec018fc958873ecd27e4e4e80bf1dcb
candidate,r1,loot-crate,174030,17,50,0.34,1,174,0,0.83160400390625,4.271984100341797,fed792a7079a9d6b0243bde383d03a335ad01317e6e47565950a9d9c91c3f454,True,1.4141321182250974,5.520820617675781,fed792a7079a9d6b0243bde383d03a335ad01317e6e47565950a9d9c91c3f454
candidate,r1,loot-crate,174031,8,50,0.16,0,400,0,0.7744431495666502,4.110097885131836,12a628d8a2e22bd54a000e6b77c82a5178fb6ae6c6f949e81f8edee8d29a62f3,True,0.8672356605529773,2.717256546020508,12a628d8a2e22bd54a000e6b77c82a5178fb6ae6c6f949e81f8edee8d29a62f3
candidate,r1,loot-crate,174032,6,50,0.12,0,400,0,0.6983041763305651,3.398895263671875,9ad06140d5552ec276d505a2cc0d6d52651688a367e0c512fb3858735808b45a,True,0.6054759025573729,2.3097991943359375,9ad06140d5552ec276d505a2cc0d6d52651688a367e0c512fb3858735808b45a
candidate,r1,loot-crate,174033,24,50,0.48,0,400,0,0.8870720863342284,2.9060840606689453,9680b38199068213f71030c8bb70ee18cd19a69588bce8da6a71d87407329b8c,True,0.9262442588806135,5.343914031982422,9680b38199068213f71030c8bb70ee18cd19a69588bce8da6a71d87407329b8c
candidate,r1,loot-crate,174034,6,50,0.12,1,128,0,0.7047295570373533,1.7468929290771484,b78a1d27477f964b032476b063f5c48f2ed76f59a80d7ebcb36cd92d0edc1515,True,0.7051587104797363,1.7850399017333984,b78a1d27477f964b032476b063f5c48f2ed76f59a80d7ebcb36cd92d0edc1515
candidate,r1,loot-crate,174035,7,50,0.14,0,400,0,0.7453322410583492,2.070903778076172,845229b281eb717b5cdde62cf236c21beb67d82ba54c84c585fce53d43c2b48f,True,0.537455081939697,1.4331340789794922,845229b281eb717b5cdde62cf236c21beb67d82ba54c84c585fce53d43c2b48f
candidate,r1,loot-crate,174036,11,50,0.22,0,400,0,0.5712509155273435,1.4460086822509766,ada4a86651dd8e9d9ab04d55462b0c7496b3975ac0e3c50e9f801df9c556edd2,True,0.5456209182739252,1.4033317565917969,ada4a86651dd8e9d9ab04d55462b0c7496b3975ac0e3c50e9f801df9c556edd2
candidate,r1,loot-crate,174037,9,50,0.18,0,400,0,0.6392121315002439,2.8901100158691406,3b0a05a575895a331104eee7e9f2dc920f04c604df9cf64c4bca9bfd445f894a,True,0.7642865180969226,2.335071563720703,3b0a05a575895a331104eee7e9f2dc920f04c604df9cf64c4bca9bfd445f894a
candidate,r1,loot-crate,174038,1,50,0.02,0,400,0,0.4729986190795896,1.0957717895507812,c35932b7b971fa6cb5f836d628af94961b453d20b352ebbfe05e1ab34008afc7,True,0.5803704261779783,3.197908401489258,c35932b7b971fa6cb5f836d628af94961b453d20b352ebbfe05e1ab34008afc7
candidate,r1,loot-crate,174039,3,50,0.06,1,49,0,0.49247741699218733,1.0633468627929688,32bc5b84b774822085a505ccbf4131f1de8c72e48d7563ced2be4cadc204a5f1,True,1.3833999633789062,1.9021034240722656,32bc5b84b774822085a505ccbf4131f1de8c72e48d7563ced2be4cadc204a5f1
candidate,r1,loot-crate,174040,0,50,0.0,1,28,0,0.4897713661193847,0.6060600280761719,d03ba125a03ffbdf900f5cc5f1c9753a40185091dac92d8c77e3a9c9590c3372,True,0.6319642066955563,0.8192062377929688,d03ba125a03ffbdf900f5cc5f1c9753a40185091dac92d8c77e3a9c9590c3372
candidate,r2,classic,172001,2,9,0.2222222222222222,0,400,0,0.3739595413208,1.1038780212402344,3290b912d5d2cab5fbdb844a44989f8d7c1eba603c02c504dc1f066150d6a18b,True,0.5472898483276344,1.8010139465332031,3290b912d5d2cab5fbdb844a44989f8d7c1eba603c02c504dc1f066150d6a18b
candidate,r2,classic,172002,0,9,0.0,1,65,0,0.33655166625976557,1.1029243469238281,72ecb869b9d267b612b3a39e41cc4db811f85bd0f5fa630574a4d1baf40d7bf3,True,0.8846759796142569,1.6429424285888672,72ecb869b9d267b612b3a39e41cc4db811f85bd0f5fa630574a4d1baf40d7bf3
candidate,r2,classic,172003,0,9,0.0,0,400,0,0.33403635025024414,2.257823944091797,cccc3aa2b3ec0ed329722abf58cbfe8984d9280dbf46db8818c0712f01da56cc,True,0.5025029182434079,1.5130043029785156,cccc3aa2b3ec0ed329722abf58cbfe8984d9280dbf46db8818c0712f01da56cc
candidate,r2,classic,172004,2,9,0.2222222222222222,0,400,0,0.5834937095642084,2.158641815185547,830427ab49c46e024935f2052b6d62bb4d3dd09e78128eeb6c71fc8742295003,True,0.46467781066894487,1.1258125305175781,830427ab49c46e024935f2052b6d62bb4d3dd09e78128eeb6c71fc8742295003
candidate,r2,classic,172005,1,9,0.1111111111111111,1,35,0,0.3176689147949216,0.5137920379638672,930f8e91cfc17b336297bab0b9cac922eab6497c11dff4469927b3698e3b8797,True,0.6076812744140623,0.8790493011474609,930f8e91cfc17b336297bab0b9cac922eab6497c11dff4469927b3698e3b8797
candidate,r2,classic,172006,0,9,0.0,0,400,0,0.2761483192443845,0.9429454803466797,c89ef01b7e8fac9f64dd19d7bc22f63bc53b0af4233369d4a6937cad4e467891,True,0.47289133071899403,1.6751289367675781,c89ef01b7e8fac9f64dd19d7bc22f63bc53b0af4233369d4a6937cad4e467891
candidate,r2,classic,172007,1,9,0.1111111111111111,0,400,0,0.2944946289062497,1.1262893676757812,80c82e7061f4cbd85f656afcff3d9885081d2c33469732700117fc99442bb193,True,0.5158185958862299,1.3260841369628906,80c82e7061f4cbd85f656afcff3d9885081d2c33469732700117fc99442bb193
candidate,r2,classic,172008,1,9,0.1111111111111111,0,400,0,0.2752423286437985,0.7479190826416016,8763d939b8b878debb720438bd80a0c9dfe1909f40259c704706feb641fb4ce3,True,0.6110548973083478,2.6769638061523438,8763d939b8b878debb720438bd80a0c9dfe1909f40259c704706feb641fb4ce3
candidate,r2,classic,172009,0,9,0.0,0,400,0,0.24726390838623044,1.9609928131103516,f3cf98459571cb6b1adf564e83edb22f6220c52025ee3c57a1160827b2a32382,True,0.6548523902893065,7.153749465942383,f3cf98459571cb6b1adf564e83edb22f6220c52025ee3c57a1160827b2a32382
candidate,r2,classic,172010,2,9,0.2222222222222222,0,400,0,0.28020143508911105,1.3947486877441406,5e02acdb8967d1e44a3cb253af02b3e25ed5dabf0d15abc3ad7b98e9d204cbd2,True,0.717377662658691,1.405954360961914,5e02acdb8967d1e44a3cb253af02b3e25ed5dabf0d15abc3ad7b98e9d204cbd2
candidate,r2,classic,172011,1,9,0.1111111111111111,0,400,0,0.22336244583129755,0.4527568817138672,5060a8b73c0353335d767daca48160c51b189fce2bce4a29165ae215da1f76a7,True,0.4741191864013671,2.7289390563964844,5060a8b73c0353335d767daca48160c51b189fce2bce4a29165ae215da1f76a7
candidate,r2,classic,172012,1,9,0.1111111111111111,0,400,0,0.417733192443847,1.7621517181396484,b0f0a16fcce4c47a480e005b1fdb03bbb1d3df989658241b49fa53d05f85e00c,True,0.5011081695556638,1.8849372863769531,b0f0a16fcce4c47a480e005b1fdb03bbb1d3df989658241b49fa53d05f85e00c
candidate,r2,classic,172013,2,9,0.2222222222222222,0,400,0,0.41816234588623025,0.9391307830810547,a59958d27fda3f2030f4a9c74d68690c3e9a11632065bdb98ef638f7cf970d3f,True,1.029098033905029,5.13005256652832,a59958d27fda3f2030f4a9c74d68690c3e9a11632065bdb98ef638f7cf970d3f
candidate,r2,classic,172014,0,9,0.0,0,400,0,0.4196524620056137,1.1060237884521484,189e39920ccee89822281fff365dd304a22cd9531bc77e90a4cc4e35efc13945,True,0.7065892219543454,2.5959014892578125,189e39920ccee89822281fff365dd304a22cd9531bc77e90a4cc4e35efc13945
candidate,r2,classic,172015,1,9,0.1111111111111111,0,400,0,0.47489404678344666,3.62396240234375,b3d3d98ae24ff73a27adf0a6251003a311852263d5374f642ab24411cd5a3498,True,0.8880138397216778,2.7730464935302734,b3d3d98ae24ff73a27adf0a6251003a311852263d5374f642ab24411cd5a3498
candidate,r2,classic,172016,3,9,0.3333333333333333,0,400,0,0.5548119544982901,5.183935165405273,a5ca4e2cdd548d1fe584b28da12b4e0ba22df9db7dfc6ce6aa1f453ec463e3d3,True,0.46103000640869124,2.521038055419922,a5ca4e2cdd548d1fe584b28da12b4e0ba22df9db7dfc6ce6aa1f453ec463e3d3
candidate,r2,classic,172017,0,9,0.0,0,400,0,0.531005859375,1.7819404602050781,c7414154168f589ea8f079f446d3a9f7cb3683c368a3ebd1cfc2fb428841fa75,True,0.5912184715270993,1.9028186798095703,c7414154168f589ea8f079f446d3a9f7cb3683c368a3ebd1cfc2fb428841fa75
candidate,r2,classic,172018,1,9,0.1111111111111111,0,400,0,0.7719993591308576,3.1409263610839844,967c57d9b898783553eeaa1fd272094fbb30bab09f89fbe72dedc5d14d88b904,True,0.4205346107482906,2.096891403198242,967c57d9b898783553eeaa1fd272094fbb30bab09f89fbe72dedc5d14d88b904
candidate,r2,classic,172019,2,9,0.2222222222222222,0,400,0,1.281678676605224,2.7892589569091797,bb28ada5d9d7c8a6c0fa3e684cff18f992eaaa98aeda82bd97a1fa021104d855,True,0.6649851799011213,3.1681060791015625,bb28ada5d9d7c8a6c0fa3e684cff18f992eaaa98aeda82bd97a1fa021104d855
candidate,r2,classic,172020,0,9,0.0,0,400,0,0.25645494461059537,1.4300346374511719,696287034e9607a24d72d0e80382e3ca31b1e5d755b4d81138a9b989a5deadfd,True,0.633454322814941,1.1408329010009766,696287034e9607a24d72d0e80382e3ca31b1e5d755b4d81138a9b989a5deadfd
candidate,r2,classic,172021,0,9,0.0,0,400,0,0.2916574478149409,1.531839370727539,529d08e2f0c480bcb4d54c19760bfab0e1bab0caa1c947ae7393997944181c07,True,0.6852746009826658,2.3488998413085938,529d08e2f0c480bcb4d54c19760bfab0e1bab0caa1c947ae7393997944181c07
candidate,r2,classic,172022,1,9,0.1111111111111111,0,400,0,0.355613231658935,1.049041748046875,d6b1544cf36d129c56d1aa4eb03136b139dcfa04d4d24d0d1c5c2767c63f11c7,True,0.6109476089477538,2.86102294921875,d6b1544cf36d129c56d1aa4eb03136b139dcfa04d4d24d0d1c5c2767c63f11c7
candidate,r2,classic,172023,1,9,0.1111111111111111,0,400,0,0.6891608238220212,1.628875732421875,b06d8a107d875199a2466e1ec4bd94c9ffa3312b890ac6a58bec6e0e8ba68634,True,0.9499073028564444,2.312898635864258,b06d8a107d875199a2466e1ec4bd94c9ffa3312b890ac6a58bec6e0e8ba68634
candidate,r2,classic,172024,0,9,0.0,0,400,0,0.6171226501464843,1.5110969543457031,3e9c383407cf82dbdc9ca305f102414f62f3a6b806c420aee6bb8ce060b2ef36,True,0.8517742156982414,1.8889904022216797,3e9c383407cf82dbdc9ca305f102414f62f3a6b806c420aee6bb8ce060b2ef36
candidate,r2,classic,172025,3,9,0.3333333333333333,0,400,0,0.6666302680969234,2.4127960205078125,029bafbbba7d78496687ad76945882f5782a677ec09bbaced623848706ff2edc,True,0.3725647926330563,1.2350082397460938,029bafbbba7d78496687ad76945882f5782a677ec09bbaced623848706ff2edc
candidate,r2,classic,172026,3,9,0.3333333333333333,0,400,0,1.4438748359680116,8.465290069580078,6d4698e66d78bad1adee843bb748f80481f1458e5daf6de377836190bfb25036,True,0.22215843200683577,0.4220008850097656,6d4698e66d78bad1adee843bb748f80481f1458e5daf6de377836190bfb25036
candidate,r2,classic,172027,2,9,0.2222222222222222,0,400,0,0.7946968078613231,10.48588752746582,960c58dffae693f3f95c016a619767dcf753a2e95078db34cd2a994741f738ed,True,0.17695426940917963,0.40602684020996094,960c58dffae693f3f95c016a619767dcf753a2e95078db34cd2a994741f738ed
candidate,r2,classic,172028,2,9,0.2222222222222222,0,400,0,0.6685018539428706,3.506183624267578,06543bd7420df576a0f0789cee0a93d69bea0c95f64ab7f0426bb72baa8d80b1,True,0.38799047470092746,0.8630752563476562,06543bd7420df576a0f0789cee0a93d69bea0c95f64ab7f0426bb72baa8d80b1
candidate,r2,classic,172029,0,9,0.0,0,400,0,0.8081912994384763,7.136106491088867,2ef8b111bbab0a8e9c3cb7d12f37768038e9e8d7b90ffe4b9fadf1335536c5cc,True,0.1580476760864256,0.4191398620605469,2ef8b111bbab0a8e9c3cb7d12f37768038e9e8d7b90ffe4b9fadf1335536c5cc
candidate,r2,classic,172030,1,9,0.1111111111111111,0,400,0,0.9601593017578125,2.850055694580078,176b027ad88fb4a8b5def1b1c36df94970dc212b1bc41d99b1c0be7526aef9b2,True,0.2282381057739255,0.6389617919921875,176b027ad88fb4a8b5def1b1c36df94970dc212b1bc41d99b1c0be7526aef9b2
candidate,r2,classic,172031,0,9,0.0,0,400,0,0.3455638885498044,1.8568038940429688,5b69b07d1458295d21f12404904e1fb51506c54a2e14e11e853c71ff383c7271,True,0.13977289199829096,0.3981590270996094,5b69b07d1458295d21f12404904e1fb51506c54a2e14e11e853c71ff383c7271
candidate,r2,classic,172032,2,9,0.2222222222222222,0,400,0,0.8401989936828611,2.1708011627197266,7c39815a5c702e27eff4f59ab72a4bbfeda2a60538f3b083870d042beefd54a6,True,0.17502307891845678,0.3981590270996094,7c39815a5c702e27eff4f59ab72a4bbfeda2a60538f3b083870d042beefd54a6
candidate,r2,classic,172033,0,9,0.0,0,400,0,0.6542682647705078,3.335237503051758,bab03c9614c98aa0b2dd167d51914def6f4e0ad2d004dfbdb0b5bc3011427f0f,True,0.14220476150512684,0.2999305725097656,bab03c9614c98aa0b2dd167d51914def6f4e0ad2d004dfbdb0b5bc3011427f0f
candidate,r2,classic,172034,1,9,0.1111111111111111,0,400,0,0.5053162574768063,0.9911060333251953,e887a4c4d7d4e92ea4e2bbe173811da5ebbc41ce9e0243a90bb8882abd6f7696,True,0.17218589782714838,0.44417381286621094,e887a4c4d7d4e92ea4e2bbe173811da5ebbc41ce9e0243a90bb8882abd6f7696
candidate,r2,classic,172035,1,9,0.1111111111111111,0,400,0,0.8021712303161602,4.366159439086914,0baea4223df2eed9599293035c3bc5f00ae182e09421e69095d5f8594d646991,True,0.2003073692321777,0.4591941833496094,0baea4223df2eed9599293035c3bc5f00ae182e09421e69095d5f8594d646991
candidate,r2,classic,172036,2,9,0.2222222222222222,0,400,0,0.5285143852233881,1.230001449584961,75e0c841fb336a998aee6d8e503177b9ba764d4fb69b3cf10e9eb62fc7461c66,True,0.1748681068420409,0.43320655822753906,75e0c841fb336a998aee6d8e503177b9ba764d4fb69b3cf10e9eb62fc7461c66
candidate,r2,classic,172037,3,9,0.3333333333333333,0,400,0,0.2942800521850583,1.058816909790039,0dbdde53d4209139129cdc22eb9bfaa081807d2ee0660e6b079b7538ce6675e2,True,0.1677155494689936,0.5359649658203125,0dbdde53d4209139129cdc22eb9bfaa081807d2ee0660e6b079b7538ce6675e2
candidate,r2,classic,172038,0,9,0.0,0,400,0,0.42521953582763555,3.283977508544922,9f32a3e3fb34641f5cbab19050cb266e255b2e12faf894be49503658fc306160,True,0.14501810073852534,0.4200935363769531,9f32a3e3fb34641f5cbab19050cb266e255b2e12faf894be49503658fc306160
candidate,r2,classic,172039,0,9,0.0,0,400,0,0.7184982299804675,2.8417110443115234,ac89d78fbc6991d3184447a62af84b19471544d610824b265b8cccdf5a715640,True,0.14901161193847656,0.3540515899658203,ac89d78fbc6991d3184447a62af84b19471544d610824b265b8cccdf5a715640
candidate,r2,classic,172040,0,9,0.0,0,400,0,0.45601129531860335,1.837015151977539,3458e34db691c22befd92d2dba06b7f40a92df2c38aa8a1f38524b19874dcb73,True,0.17317533493041984,0.4439353942871094,3458e34db691c22befd92d2dba06b7f40a92df2c38aa8a1f38524b19874dcb73
candidate,r2,coin-heaven,173001,50,50,1.0,0,123,0,0.21491050720214835,0.5819797515869141,39ccdaf19d9e2e3859f6c11725b9a190a3893f33ea99741ca42f0bf8c689a92c,True,0.19097328186035156,0.2522468566894531,39ccdaf19d9e2e3859f6c11725b9a190a3893f33ea99741ca42f0bf8c689a92c
candidate,r2,coin-heaven,173002,50,50,1.0,0,128,0,0.2574801445007323,0.40602684020996094,c5a8218d48d7c8da53c0f5870913b6cdfdc75ded5880de8fa97f93af82cb34d3,True,0.19134283065795896,0.3027915954589844,c5a8218d48d7c8da53c0f5870913b6cdfdc75ded5880de8fa97f93af82cb34d3
candidate,r2,coin-heaven,173003,50,50,1.0,0,151,0,0.25403499603271484,0.3490447998046875,0d1ba7cfe6adf7f1207d98c0dc690a314196fc3b099dd13b226d9099472daaed,True,0.2695322036743164,0.45871734619140625,0d1ba7cfe6adf7f1207d98c0dc690a314196fc3b099dd13b226d9099472daaed
candidate,r2,coin-heaven,173004,50,50,1.0,0,124,0,0.1259803771972656,0.4208087921142578,7af7b4fd8c6335c370e0dd79a29ead1169fd1abbe635a2fbab77ef5b650bd87a,True,0.18209218978881828,0.39315223693847656,7af7b4fd8c6335c370e0dd79a29ead1169fd1abbe635a2fbab77ef5b650bd87a
candidate,r2,coin-heaven,173005,50,50,1.0,0,118,0,0.13766288757324202,0.2288818359375,cbecf1fbcd7c5b7ec15050c6353c5d0229023f040e6500b22edb5d123104cd84,True,0.12620687484741205,0.25391578674316406,cbecf1fbcd7c5b7ec15050c6353c5d0229023f040e6500b22edb5d123104cd84
candidate,r2,coin-heaven,173006,50,50,1.0,0,111,0,0.19109249114990234,0.6649494171142578,904e57c39c4756d074a0f80bd9f67e24bd4bc065f68a7da79131e29c55d5f316,True,0.18095970153808594,0.4208087921142578,904e57c39c4756d074a0f80bd9f67e24bd4bc065f68a7da79131e29c55d5f316
candidate,r2,coin-heaven,173007,50,50,1.0,0,126,0,0.25194883346557617,0.4730224609375,1119b0bb97a3bb3f06179b337b6227939f1d7eccc4c1948a098f046c6c9c0cfb,True,0.18745660781860352,0.4000663757324219,1119b0bb97a3bb3f06179b337b6227939f1d7eccc4c1948a098f046c6c9c0cfb
candidate,r2,coin-heaven,173008,50,50,1.0,0,125,0,0.24790763854980466,0.3440380096435547,bbc38a886716ab99465b67480c2481bbe8604c939d587808602b5c1e6f6f2058,True,0.19154548645019528,0.5190372467041016,bbc38a886716ab99465b67480c2481bbe8604c939d587808602b5c1e6f6f2058
candidate,r2,coin-heaven,173009,50,50,1.0,0,131,0,0.2149343490600586,0.4000663757324219,6f22382964b99070fd01ac6994559df4e79465f29c5f69d6b90e29d07dccd044,True,0.6856918334960938,3.667116165161133,6f22382964b99070fd01ac6994559df4e79465f29c5f69d6b90e29d07dccd044
candidate,r2,coin-heaven,173010,50,50,1.0,0,110,0,0.3178238868713379,0.9572505950927734,5dc44785fb0af3bf3831425ed763a2cf5127eb0b4a14f2560a9c7c05bd5957bd,True,0.15051364898681638,0.3561973571777344,5dc44785fb0af3bf3831425ed763a2cf5127eb0b4a14f2560a9c7c05bd5957bd
candidate,r2,coin-heaven,173011,50,50,1.0,0,128,0,0.293588638305664,0.8988380432128906,4c3c58c50bbae84eb1ba6878fcec8fe1c0003959d31772d8646f3412fce5045e,True,0.26440620422363276,0.30803680419921875,4c3c58c50bbae84eb1ba6878fcec8fe1c0003959d31772d8646f3412fce5045e
candidate,r2,coin-heaven,173012,50,50,1.0,0,116,0,0.18364191055297852,0.4620552062988281,a8a6565d7dde18f43ddc6b77d920f0e58192d7cd81b45a56bd96c5388f23431e,True,0.25844573974609375,0.3421306610107422,a8a6565d7dde18f43ddc6b77d920f0e58192d7cd81b45a56bd96c5388f23431e
candidate,r2,coin-heaven,173013,50,50,1.0,0,134,0,0.3076672554016112,1.1749267578125,d957fc33a7c126fef0e690e9353caaba8abdf37fc0377ce6d2ffd057b0568a3c,True,0.22205114364624023,0.32019615173339844,d957fc33a7c126fef0e690e9353caaba8abdf37fc0377ce6d2ffd057b0568a3c
candidate,r2,coin-heaven,173014,50,50,1.0,0,122,0,0.1849651336669922,0.5288124084472656,807343235177bee086db49b980408f38e11e390e73a872e79f8193eb96d3f07d,True,0.19487142562866208,0.3910064697265625,807343235177bee086db49b980408f38e11e390e73a872e79f8193eb96d3f07d
candidate,r2,coin-heaven,173015,50,50,1.0,0,128,0,0.2233624458312988,0.3299713134765625,0f5e00a9e5d5349bd32852cb0ad152c36fd89ed7395d4fe6b594bf27ebcc5022,True,0.23250579833984372,0.28586387634277344,0f5e00a9e5d5349bd32852cb0ad152c36fd89ed7395d4fe6b594bf27ebcc5022
candidate,r2,coin-heaven,173016,50,50,1.0,0,118,0,0.2786874771118163,0.5040168762207031,4b9ce1c3d3a160b66517bce49e85d70ec59bf9bea4626371959b1a463311819b,True,0.2392172813415527,0.3039836883544922,4b9ce1c3d3a160b66517bce49e85d70ec59bf9bea4626371959b1a463311819b
candidate,r2,coin-heaven,173017,50,50,1.0,0,127,0,0.19743442535400382,0.3330707550048828,2fd416ac4367a857f8c5261da70ae0a2713605270293a423ea865120195e9984,True,0.16548633575439445,0.3440380096435547,2fd416ac4367a857f8c5261da70ae0a2713605270293a423ea865120195e9984
candidate,r2,coin-heaven,173018,50,50,1.0,0,116,0,0.13172626495361328,0.22721290588378906,e7634f579038c00dca1c34877c5475f8f32c39d25da109beed7545ab33aaa07a,True,0.13059377670288086,0.3960132598876953,e7634f579038c00dca1c34877c5475f8f32c39d25da109beed7545ab33aaa07a
candidate,r2,coin-heaven,173019,50,50,1.0,0,117,0,0.5397319793701167,1.6069412231445312,7c7c4c886b34318481f0be45b0f0d2a4a492cd050a1a4d23f861b5f9ca3ba8b4,True,0.17986297607421872,0.43702125549316406,7c7c4c886b34318481f0be45b0f0d2a4a492cd050a1a4d23f861b5f9ca3ba8b4
candidate,r2,coin-heaven,173020,50,50,1.0,0,115,0,0.1652956008911132,0.43392181396484375,95e3c919aa0fab094fb887d45d2b68395a1b7401e3aac9459609817542616d6e,True,0.3140687942504882,0.5781650543212891,95e3c919aa0fab094fb887d45d2b68395a1b7401e3aac9459609817542616d6e
candidate,r2,coin-heaven,173021,50,50,1.0,0,129,0,0.23078918457031242,0.2892017364501953,68608e0771f41d1aa88b994a8c99d225c970648b59e1c4c77b3e0df698b7df84,True,0.22149085998535126,0.4029273986816406,68608e0771f41d1aa88b994a8c99d225c970648b59e1c4c77b3e0df698b7df84
candidate,r2,coin-heaven,173022,50,50,1.0,0,114,0,0.20655393600463862,0.37932395935058594,e0f0ed89a38077024fe7d859a1880cd7c7b7f9500a4105b5f6402bd40a58accd,True,0.56689977645874,1.3523101806640625,e0f0ed89a38077024fe7d859a1880cd7c7b7f9500a4105b5f6402bd40a58accd
candidate,r2,coin-heaven,173023,50,50,1.0,0,109,0,0.22263526916503895,0.3108978271484375,6383560ff9dff67d6fc32ec56dfb4b5a91d404f74dc5b872a23613860cdcaf7f,True,0.4044532775878906,0.6809234619140625,6383560ff9dff67d6fc32ec56dfb4b5a91d404f74dc5b872a23613860cdcaf7f
candidate,r2,coin-heaven,173024,50,50,1.0,0,131,0,0.21851062774658203,0.4069805145263672,32d2c8452bb365f91272c260e76f6b3d71661a45015a4bef18f7f9ad923bbce8,True,0.2728700637817383,0.43320655822753906,32d2c8452bb365f91272c260e76f6b3d71661a45015a4bef18f7f9ad923bbce8
candidate,r2,coin-heaven,173025,50,50,1.0,0,131,0,0.21147727966308594,0.3070831298828125,ba24a14e091627f6541d18959f60c2134d28d45a06a11ec136ccad73b991aa2f,True,0.2549886703491211,0.5488395690917969,ba24a14e091627f6541d18959f60c2134d28d45a06a11ec136ccad73b991aa2f
candidate,r2,coin-heaven,173026,50,50,1.0,0,117,0,0.22974014282226551,0.48089027404785156,3f301a5bfc34f9f5925ad968282612dff88c1e9bb0fa7df54f26075dda2bbeaa,True,0.30860900878906244,0.7531642913818359,3f301a5bfc34f9f5925ad968282612dff88c1e9bb0fa7df54f26075dda2bbeaa
candidate,r2,coin-heaven,173027,50,50,1.0,0,121,0,0.17213821411132812,0.3230571746826172,2baca998680d6546acd4fecc41cbbecf9614a5cca4093b7f29e6edd168b4d01d,True,0.3058910369873047,0.4799365997314453,2baca998680d6546acd4fecc41cbbecf9614a5cca4093b7f29e6edd168b4d01d
candidate,r2,coin-heaven,173028,50,50,1.0,0,115,0,0.2292156219482422,0.3230571746826172,84cf87a4113ed7c76aceaf67bb5d859491b5fd6197fce9c394f517d17a527dfb,True,0.3264427185058593,0.5540847778320312,84cf87a4113ed7c76aceaf67bb5d859491b5fd6197fce9c394f517d17a527dfb
candidate,r2,coin-heaven,173029,50,50,1.0,0,123,0,0.2485275268554687,0.4558563232421875,48db79c397905d48b3ee9bf75536ce440a3a91886cfd26b62282c2e821c388d7,True,0.22954940795898435,0.41294097900390625,48db79c397905d48b3ee9bf75536ce440a3a91886cfd26b62282c2e821c388d7
candidate,r2,coin-heaven,173030,50,50,1.0,0,133,0,0.3773212432861328,2.3212432861328125,fa25d869aac3ed9eeea4acb4ad069e7efabdec05cc49e6aba4f55e9e125a2876,True,0.5483627319335933,1.486063003540039,fa25d869aac3ed9eeea4acb4ad069e7efabdec05cc49e6aba4f55e9e125a2876
candidate,r2,coin-heaven,173031,50,50,1.0,0,131,0,0.2849102020263672,0.4112720489501953,b3eb04fc5de54f2b766ba6af47b3ad635b717b0952075a0a9e2bd371600b1c74,True,0.26857852935791016,0.48995018005371094,b3eb04fc5de54f2b766ba6af47b3ad635b717b0952075a0a9e2bd371600b1c74
candidate,r2,coin-heaven,173032,50,50,1.0,0,111,0,0.2790689468383789,0.49114227294921875,e949443b24a5366c2824044a61d344aca9974ede229a31fa5bfec04b2a050d92,True,0.20945072174072266,0.4379749298095703,e949443b24a5366c2824044a61d344aca9974ede229a31fa5bfec04b2a050d92
candidate,r2,coin-heaven,173033,50,50,1.0,0,115,0,0.1937150955200195,0.2696514129638672,65f97a0693d52a2f82ba7574e018a6fb0e1d4613d00ccf0e055ba2a7cbdaf248,True,0.3783226013183593,0.9298324584960938,65f97a0693d52a2f82ba7574e018a6fb0e1d4613d00ccf0e055ba2a7cbdaf248
candidate,r2,coin-heaven,173034,50,50,1.0,0,127,0,0.1803159713745117,0.3001689910888672,786e28a890d5820430295decfbcd3dd915b014facd314f455e2efac1928c99f8,True,0.3841161727905273,0.49114227294921875,786e28a890d5820430295decfbcd3dd915b014facd314f455e2efac1928c99f8
candidate,r2,coin-heaven,173035,50,50,1.0,0,133,0,0.21214485168457028,0.3268718719482422,0829fd425a3acea6d72aae6998f25f6d846c0b5b1b77eb076ac89eafd7b80ce1,True,0.36134719848632807,1.1129379272460938,0829fd425a3acea6d72aae6998f25f6d846c0b5b1b77eb076ac89eafd7b80ce1
candidate,r2,coin-heaven,173036,50,50,1.0,0,123,0,0.14786720275878903,0.3027915954589844,6c44aeafeb80b9729019c25ffde10a00f506bde3cc60ecc0950e1891af7471f2,True,0.7156848907470703,1.5289783477783203,6c44aeafeb80b9729019c25ffde10a00f506bde3cc60ecc0950e1891af7471f2
candidate,r2,coin-heaven,173037,50,50,1.0,0,129,0,0.14081001281738276,0.30303001403808594,a8602317ce23b658941139a68e90f82fc25c5cff6a74a8eb90b362f9b11f45ff,True,0.26650428771972645,0.3478527069091797,a8602317ce23b658941139a68e90f82fc25c5cff6a74a8eb90b362f9b11f45ff
candidate,r2,coin-heaven,173038,50,50,1.0,0,117,0,0.13251304626464835,0.3609657287597656,68ae999be6b145c61aae4eea76360641d89785029ad6f63a56e73e66aab101bc,True,0.2534389495849608,0.3540515899658203,68ae999be6b145c61aae4eea76360641d89785029ad6f63a56e73e66aab101bc
candidate,r2,coin-heaven,173039,50,50,1.0,0,115,0,0.16114711761474607,0.3688335418701172,f566a0dec7b79a3ae7744dda9cbe793270b7613cb0815226879ca5a0c8e5e821,True,0.3338336944580078,0.6258487701416016,f566a0dec7b79a3ae7744dda9cbe793270b7613cb0815226879ca5a0c8e5e821
candidate,r2,coin-heaven,173040,50,50,1.0,0,113,0,0.17490386962890622,0.28705596923828125,45d4747d7066e227a13898afc15a778e2ba52f5a4dae786f443e5694e65243d7,True,0.29754638671874967,0.9300708770751953,45d4747d7066e227a13898afc15a778e2ba52f5a4dae786f443e5694e65243d7
candidate,r2,loot-crate,174001,13,50,0.26,0,400,0,0.3871917724609375,0.8440017700195312,7c839ed52e2c3816f85b9c68e33e937695ddbc7f6363fab7d4fb0e4cf385a2ca,True,0.6956219673156735,3.3910274505615234,7c839ed52e2c3816f85b9c68e33e937695ddbc7f6363fab7d4fb0e4cf385a2ca
candidate,r2,loot-crate,174002,6,50,0.12,0,400,0,0.31712055206298806,0.6783008575439453,3570dabee632d05f1801ca1a655addc648253fc2415168dad1a7ea0e06dc79d5,True,0.7317781448364253,4.7550201416015625,3570dabee632d05f1801ca1a655addc648253fc2415168dad1a7ea0e06dc79d5
candidate,r2,loot-crate,174003,14,50,0.28,0,400,0,0.3371834754943847,0.9510517120361328,6d0659ffaac11c282bb3640923dc9449912771c255b8d125c66c016dfcbba3a0,True,0.7449269294738751,3.298044204711914,6d0659ffaac11c282bb3640923dc9449912771c255b8d125c66c016dfcbba3a0
candidate,r2,loot-crate,174004,3,50,0.06,0,400,0,0.3552317619323726,1.2698173522949219,572de7698831a51b4be11c09a01394936b636a02f2329f705bbf98e6564aecce,True,0.8813023567199695,2.724170684814453,572de7698831a51b4be11c09a01394936b636a02f2329f705bbf98e6564aecce
candidate,r2,loot-crate,174005,16,50,0.32,0,400,0,0.4936099052429194,1.64031982421875,2d406af2fd480a9efe0f8c52aa7ace487f242dde86eb092ffacc1f84c0139aaa,True,0.7743000984191873,4.536867141723633,2d406af2fd480a9efe0f8c52aa7ace487f242dde86eb092ffacc1f84c0139aaa
candidate,r2,loot-crate,174006,32,50,0.64,0,400,0,0.8726954460144035,2.731800079345703,267c1df7d6a898ab6a0e4d441be077d4dc9e8b7b12c0cfffb406db0a23aefa71,True,0.6072998046874998,1.9240379333496094,267c1df7d6a898ab6a0e4d441be077d4dc9e8b7b12c0cfffb406db0a23aefa71
candidate,r2,loot-crate,174007,4,50,0.08,0,400,0,0.5174636840820309,1.4681816101074219,b1df1bd8df3518d6aa6aee17fa50d777bf6c83483a84cc28e6dd69b4cbae52b4,True,0.45415163040161116,1.3051033020019531,b1df1bd8df3518d6aa6aee17fa50d777bf6c83483a84cc28e6dd69b4cbae52b4
candidate,r2,loot-crate,174008,3,50,0.06,0,400,0,0.27738809585571256,0.5309581756591797,95b8d1d37f8b9dbafeb0d384dca8f840edef685c1936e4710e38734843209cf2,True,0.40335655212402327,0.7078647613525391,95b8d1d37f8b9dbafeb0d384dca8f840edef685c1936e4710e38734843209cf2
candidate,r2,loot-crate,174009,23,50,0.46,0,400,0,0.43121576309204085,0.7081031799316406,86cc8f28c2b03a805877b796ad51e926a7aa1b431c98445af712ae5b8ed20fb9,True,0.8192896842956542,2.2699832916259766,86cc8f28c2b03a805877b796ad51e926a7aa1b431c98445af712ae5b8ed20fb9
candidate,r2,loot-crate,174010,0,50,0.0,0,400,0,0.4449367523193359,1.8758773803710938,96d00baad436406d730ee6029a61f860d8fc4ee33ade384629ab3d92052f5a7a,True,0.695037841796875,2.9129981994628906,96d00baad436406d730ee6029a61f860d8fc4ee33ade384629ab3d92052f5a7a
candidate,r2,loot-crate,174011,10,50,0.2,0,400,0,0.8642315864562986,2.003908157348633,0971348c0d8250e131ac1dda850d9d60f76aa84e2baec7a56c7c0c4497eb27b1,True,0.9823083877563463,2.447843551635742,0971348c0d8250e131ac1dda850d9d60f76aa84e2baec7a56c7c0c4497eb27b1
candidate,r2,loot-crate,174012,6,50,0.12,0,400,0,0.7898807525634766,2.6121139526367188,e66e5f151c349b2d55ca9a33ca0d4c75f4f5565c178df23a343d27e5eb4dd896,True,0.49531459808349576,2.6330947875976562,e66e5f151c349b2d55ca9a33ca0d4c75f4f5565c178df23a343d27e5eb4dd896
candidate,r2,loot-crate,174013,17,50,0.34,0,400,1,1.1902809143066397,3.810882568359375,54245be0dae6e6c3daa9ed1ea75d7db8cc32e2b0422633544ed2e2a8b489f791,True,0.8410573005676268,2.8531551361083984,54245be0dae6e6c3daa9ed1ea75d7db8cc32e2b0422633544ed2e2a8b489f791
candidate,r2,loot-crate,174014,20,50,0.4,0,400,0,0.8228540420532225,1.6901493072509766,c86810bdeb7b206aeb5582e832b493d765bdd2a70e90bdacf7cf7d7ec9799f4c,True,1.1931538581848133,3.3349990844726562,c86810bdeb7b206aeb5582e832b493d765bdd2a70e90bdacf7cf7d7ec9799f4c
candidate,r2,loot-crate,174015,10,50,0.2,0,400,0,0.5048036575317382,1.5711784362792969,c4dafbffd52e82342dd5e54f18644ad6d21fc040885444eee8eadd8ea7f816cb,True,0.6694078445434567,4.249095916748047,c4dafbffd52e82342dd5e54f18644ad6d21fc040885444eee8eadd8ea7f816cb
candidate,r2,loot-crate,174016,5,50,0.1,0,400,0,0.34322738647460926,0.8356571197509766,69962884230ed11b64f3ca630692a837f1d9c0d74ceb1e32207a205d40feb198,True,0.3605127334594722,1.8000602722167969,69962884230ed11b64f3ca630692a837f1d9c0d74ceb1e32207a205d40feb198
candidate,r2,loot-crate,174017,16,50,0.32,0,400,0,0.7760167121887205,1.8548965454101562,da209344737dcdb41555ba106b1d50a8269a84358b7ed44a9c7205f0b911f455,True,0.7954359054565416,1.8742084503173828,da209344737dcdb41555ba106b1d50a8269a84358b7ed44a9c7205f0b911f455
candidate,r2,loot-crate,174018,6,50,0.12,0,400,0,0.30256509780883745,1.092672348022461,f69255fc99008919898fdaab77b86a5ba8e25590d609902cc05219f24198beee,True,0.4772186279296874,2.334117889404297,f69255fc99008919898fdaab77b86a5ba8e25590d609902cc05219f24198beee
candidate,r2,loot-crate,174019,1,50,0.02,0,400,0,0.55798292160034,1.1987686157226562,ff30c21dfcbcb9e64f6182974ee566ac9a43e4f5b0e8e1092c935e1bd82e1374,True,0.668227672576904,2.766132354736328,ff30c21dfcbcb9e64f6182974ee566ac9a43e4f5b0e8e1092c935e1bd82e1374
candidate,r2,loot-crate,174020,0,50,0.0,0,400,0,0.39887428283691406,2.1588802337646484,2ef8b111bbab0a8e9c3cb7d12f37768038e9e8d7b90ffe4b9fadf1335536c5cc,True,0.4082322120666501,1.2819766998291016,2ef8b111bbab0a8e9c3cb7d12f37768038e9e8d7b90ffe4b9fadf1335536c5cc
candidate,r2,loot-crate,174021,26,50,0.52,0,400,0,0.5501747131347655,1.2841224670410156,96ffda14c587b7f8e884f18fb5b41f6c9633abb9030423b0909a69bcc4f93cad,True,0.5184769630432126,1.4560222625732422,96ffda14c587b7f8e884f18fb5b41f6c9633abb9030423b0909a69bcc4f93cad
candidate,r2,loot-crate,174022,19,50,0.38,0,400,0,0.9479999542236328,4.636049270629883,f2220956d296072649b5718119d442017e49ba0f7e8e242d97dcae5b84f15bd8,True,0.5146741867065424,3.4399032592773438,f2220956d296072649b5718119d442017e49ba0f7e8e242d97dcae5b84f15bd8
candidate,r2,loot-crate,174023,8,50,0.16,0,400,0,0.3936886787414546,0.8130073547363281,00d2acfd8005df1679a09fefe04b09c174cb9bf9037802feb4fc82419d8d2941,True,0.3952026367187499,2.4781227111816406,00d2acfd8005df1679a09fefe04b09c174cb9bf9037802feb4fc82419d8d2941
candidate,r2,loot-crate,174024,7,50,0.14,1,109,0,0.49290657043457026,1.2447834014892578,49a4e4eb5d1031c942a336aea9fc8fe8d760c3928e31cef50f3c7ca1e8ff68bd,True,0.45022964477539057,0.6439685821533203,49a4e4eb5d1031c942a336aea9fc8fe8d760c3928e31cef50f3c7ca1e8ff68bd
candidate,r2,loot-crate,174025,12,50,0.24,0,400,0,0.5866646766662594,2.2377967834472656,9a6ce830ebf724f686a785f7edba87c4ffd964667307951f6b0384ebf1ce101e,True,0.5112528800964354,1.348733901977539,9a6ce830ebf724f686a785f7edba87c4ffd964667307951f6b0384ebf1ce101e
candidate,r2,loot-crate,174026,12,50,0.24,0,400,0,0.6021976470947247,1.4357566833496094,a26564b9287441129e4e41e68380261998eba8a505e6409db8b92ebb8e8951ed,True,0.5068778991699219,1.7771720886230469,a26564b9287441129e4e41e68380261998eba8a505e6409db8b92ebb8e8951ed
candidate,r2,loot-crate,174027,21,50,0.42,0,400,0,0.5725145339965816,2.4199485778808594,c4740af9bd24f9622ecd118fca80b838b403959fd950ef783545441f5595fdda,True,0.40282011032104437,3.131866455078125,c4740af9bd24f9622ecd118fca80b838b403959fd950ef783545441f5595fdda
candidate,r2,loot-crate,174028,28,50,0.56,0,400,0,0.6354928016662594,1.5177726745605469,fc7a014f5ebdb2ff6e317e304451fc4d5832a6df898cc79b95e2d530e54db31f,True,0.2964377403259277,0.9410381317138672,fc7a014f5ebdb2ff6e317e304451fc4d5832a6df898cc79b95e2d530e54db31f
candidate,r2,loot-crate,174029,9,50,0.18,0,400,0,0.5438923835754395,1.8270015716552734,602298c0942a488de8fcb1464ad27bcdd69573e2c6cfbf8fa3fc9ae6605cf00d,True,0.540852546691894,2.332925796508789,602298c0942a488de8fcb1464ad27bcdd69573e2c6cfbf8fa3fc9ae6605cf00d
candidate,r2,loot-crate,174030,2,50,0.04,0,400,0,0.46011209487914934,1.3213157653808594,08548dd4c0645c13c3e5fc2f569e7907b6bffb2e4288b57f0d16e0ec325a159b,True,0.673246383666992,4.330158233642578,08548dd4c0645c13c3e5fc2f569e7907b6bffb2e4288b57f0d16e0ec325a159b
candidate,r2,loot-crate,174031,6,50,0.12,0,400,0,0.560927391052246,1.3790130615234375,77e381d7d122fdd97c331a0b3839b9ba62ffad3ecc64c8d95351dab169a6b642,True,0.7171630859375,6.620883941650391,77e381d7d122fdd97c331a0b3839b9ba62ffad3ecc64c8d95351dab169a6b642
candidate,r2,loot-crate,174032,39,50,0.78,0,400,0,0.9351253509521484,2.3491382598876953,503688c3d6ca18bcfe07111f2d892775bb3a4d297d2b81f1dfdfb5671401439e,True,1.0130763053894034,2.2020339965820312,503688c3d6ca18bcfe07111f2d892775bb3a4d297d2b81f1dfdfb5671401439e
candidate,r2,loot-crate,174033,14,50,0.28,0,400,0,1.1041760444641102,4.606962203979492,39337e6bd8e59dc1b626196019de412140069d4b61dfb0a87e8423a3aba778c6,True,0.5150318145751953,2.5069713592529297,39337e6bd8e59dc1b626196019de412140069d4b61dfb0a87e8423a3aba778c6
candidate,r2,loot-crate,174034,9,50,0.18,0,400,0,1.0501980781555165,3.0138492584228516,2fd967df4574f6af6f22177f62a5aac85a91c579dc093cb50b659d0243f248a4,True,1.670002937316893,3.6690235137939453,2fd967df4574f6af6f22177f62a5aac85a91c579dc093cb50b659d0243f248a4
candidate,r2,loot-crate,174035,4,50,0.08,0,400,0,0.8004903793334955,1.85394287109375,e5a607628b1346b6be697233c4ad9daf6799ddfad10e7a394bc338e2064c79c0,True,0.8150815963745096,2.9449462890625,e5a607628b1346b6be697233c4ad9daf6799ddfad10e7a394bc338e2064c79c0
candidate,r2,loot-crate,174036,13,50,0.26,1,104,0,0.6215572357177732,1.992940902709961,7161c47ff8f9b35de9f8ebfcd11ad5c98faab1f937e930659a9af1ce3ace2313,True,0.5918502807617182,4.41431999206543,7161c47ff8f9b35de9f8ebfcd11ad5c98faab1f937e930659a9af1ce3ace2313
candidate,r2,loot-crate,174037,2,50,0.04,0,400,0,0.4401803016662586,1.6741752624511719,a60e5cbaf4b15c210df2687f1896cbcad5d4d8ed0730c03ff5adb81ab0338158,True,0.6618261337280267,2.0248889923095703,a60e5cbaf4b15c210df2687f1896cbcad5d4d8ed0730c03ff5adb81ab0338158
candidate,r2,loot-crate,174038,5,50,0.1,0,400,0,0.6128191947937004,4.452943801879883,4df6e09e8f376a5f303fb7e34520b3775370644673062aee6e80fbf7ef140328,True,0.7672905921936033,1.9369125366210938,4df6e09e8f376a5f303fb7e34520b3775370644673062aee6e80fbf7ef140328
candidate,r2,loot-crate,174039,5,50,0.1,0,400,0,0.9787678718566877,6.737232208251953,1c90d1c50389376626b6c2d03009b36396cadfd0af5061319b0dc39fb3f053ae,True,0.3780961036682127,1.0669231414794922,1c90d1c50389376626b6c2d03009b36396cadfd0af5061319b0dc39fb3f053ae
candidate,r2,loot-crate,174040,9,50,0.18,0,400,0,0.9963035583496075,4.326820373535156,2536c61029738831c8f46b77050386bd3924e40803b54091bfbfb4c01ef21554,True,0.30914545059204085,1.0008811950683594,2536c61029738831c8f46b77050386bd3924e40803b54091bfbfb4c01ef21554
candidate,r3,classic,172001,2,9,0.2222222222222222,0,400,0,0.23622512817382796,0.6041526794433594,ff5951ca63a282249a0176f0b1bc7a1b48ade76cc8fdcd3aa9b358c7a2e944ea,True,0.15317201614379872,0.3800392150878906,ff5951ca63a282249a0176f0b1bc7a1b48ade76cc8fdcd3aa9b358c7a2e944ea
candidate,r3,classic,172002,1,9,0.1111111111111111,0,400,0,0.60502290725708,2.7828216552734375,efe98c579530eea682e690ed213847bd6a7397a4172fa4a64cb8835be42d12eb,True,0.26898384094238276,1.2867450714111328,efe98c579530eea682e690ed213847bd6a7397a4172fa4a64cb8835be42d12eb
candidate,r3,classic,172003,0,9,0.0,0,400,0,0.43690204620361317,1.2848377227783203,46aaf4213c1fa71047ab67352875cb98832d0bccf4490546e592de79b58a1c79,True,0.1600265502929687,0.6761550903320312,46aaf4213c1fa71047ab67352875cb98832d0bccf4490546e592de79b58a1c79
candidate,r3,classic,172004,2,9,0.2222222222222222,0,400,0,0.8406996726989739,3.8268566131591797,0bcbc271dcefc0bae65b109628402dac57b5ece0848faf019b4de45ab67b2c63,True,0.24219751358032207,0.5078315734863281,0bcbc271dcefc0bae65b109628402dac57b5ece0848faf019b4de45ab67b2c63
candidate,r3,classic,172005,2,9,0.2222222222222222,0,400,0,0.8284449577331542,2.457141876220703,0b8d5d591c315d7c9e4569cb44482e5f89da7f823e19f980a81aa480e0bfb0d8,True,0.18405914306640625,0.4379749298095703,0b8d5d591c315d7c9e4569cb44482e5f89da7f823e19f980a81aa480e0bfb0d8
candidate,r3,classic,172006,1,9,0.1111111111111111,0,400,0,0.3469109535217285,0.9341239929199219,758ad1059820b1f4a36d1e51a1903b457f6e64dddd91d49d9f290889cb7b4de9,True,0.1762151718139646,1.1219978332519531,758ad1059820b1f4a36d1e51a1903b457f6e64dddd91d49d9f290889cb7b4de9
candidate,r3,classic,172007,1,9,0.1111111111111111,0,400,0,0.715982913970947,1.7600059509277344,e646a0c96f631c20fc753b1a05f3fa20529ab0cdf9fed09beabdbc2a13da53e7,True,0.16498565673828125,0.4143714904785156,e646a0c96f631c20fc753b1a05f3fa20529ab0cdf9fed09beabdbc2a13da53e7
candidate,r3,classic,172008,0,9,0.0,0,400,0,0.6506443023681638,2.151966094970703,077cefaf4aeb533f83e546e9cc24131dbbfa49ed7be1fddc5a8f62a7c5b92d66,True,0.1574516296386718,0.31685829162597656,077cefaf4aeb533f83e546e9cc24131dbbfa49ed7be1fddc5a8f62a7c5b92d66
candidate,r3,classic,172009,0,9,0.0,0,400,0,0.47370195388793906,1.4483928680419922,eb229d3aefa86c2bcd6bfb6bf04b6404baeed7b380bc31759825abda3df29fd8,True,0.1390814781188964,0.3509521484375,eb229d3aefa86c2bcd6bfb6bf04b6404baeed7b380bc31759825abda3df29fd8
candidate,r3,classic,172010,2,9,0.2222222222222222,0,400,0,0.5509018898010248,4.253864288330078,fd6ff97426f15ce2cb1afa31097d6b6b0271a25a7d542d364b9b7cca432a97c5,True,0.1538872718811034,0.5168914794921875,fd6ff97426f15ce2cb1afa31097d6b6b0271a25a7d542d364b9b7cca432a97c5
candidate,r3,classic,172011,1,9,0.1111111111111111,0,400,0,0.8363842964172341,2.4759769439697266,2d870b554d0bdd6c22eab18097b15509ddbf3667fe521c91f99ddbc58a7fc24f,True,0.1537919044494629,0.7290840148925781,2d870b554d0bdd6c22eab18097b15509ddbf3667fe521c91f99ddbc58a7fc24f
candidate,r3,classic,172012,1,9,0.1111111111111111,0,400,0,0.67596435546875,2.441883087158203,784cccd50704515f800a50f5b22e268f9cfe57f65434c69565df582d2c442f45,True,0.1828432083129881,0.5283355712890625,784cccd50704515f800a50f5b22e268f9cfe57f65434c69565df582d2c442f45
candidate,r3,classic,172013,1,9,0.1111111111111111,0,400,0,0.7158637046813957,2.0170211791992188,6af5af4b107d5a304c488cdf7b7f883dd962d1bef8d022e34b6fa81e932d705c,True,0.19894838333129872,0.5929470062255859,6af5af4b107d5a304c488cdf7b7f883dd962d1bef8d022e34b6fa81e932d705c
candidate,r3,classic,172014,2,9,0.2222222222222222,0,400,0,0.5975008010864253,3.340005874633789,d643b88c16e91c7de2bdd38779e65aa616b758f056438d3945c89225e51dfeb3,True,0.16789436340332026,0.45490264892578125,d643b88c16e91c7de2bdd38779e65aa616b758f056438d3945c89225e51dfeb3
candidate,r3,classic,172015,3,9,0.3333333333333333,0,400,0,0.4520297050476072,1.8808841705322266,c2e8ea4c3ed589fe70867808493a16898a8cb3d14a1d6db95043a4b03c9b9c85,True,0.1850485801696777,0.3948211669921875,c2e8ea4c3ed589fe70867808493a16898a8cb3d14a1d6db95043a4b03c9b9c85
candidate,r3,classic,172016,1,9,0.1111111111111111,0,400,0,0.5852341651916503,1.1608600616455078,96215858bf802d005deb8e4252fcb5ba7810cf7da4950f07c49284eab9fb45c2,True,0.18416643142700184,0.3483295440673828,96215858bf802d005deb8e4252fcb5ba7810cf7da4950f07c49284eab9fb45c2
candidate,r3,classic,172017,0,9,0.0,0,400,0,0.6531000137329098,2.0008087158203125,89850b6465e49496f3c40a6ad9bca8f79998157230102702949517c1160c35d0,True,0.2242088317871093,0.5922317504882812,89850b6465e49496f3c40a6ad9bca8f79998157230102702949517c1160c35d0
candidate,r3,classic,172018,1,9,0.1111111111111111,0,400,0,0.6464242935180663,1.1489391326904297,fe812fa8af6e21428dcf16fb227d1db9608b39c6e8f47f8727f7acabf08cb0e5,True,0.16622543334960932,0.29277801513671875,fe812fa8af6e21428dcf16fb227d1db9608b39c6e8f47f8727f7acabf08cb0e5
candidate,r3,classic,172019,4,9,0.4444444444444444,0,400,0,0.689411163330078,1.7850399017333984,85ef04944f3b21fd74e4cc5cc017c1dacc6943ef45347bba11b2f269492e9f26,True,0.18095970153808594,0.37407875061035156,85ef04944f3b21fd74e4cc5cc017c1dacc6943ef45347bba11b2f269492e9f26
candidate,r3,classic,172020,0,9,0.0,0,400,0,0.6621837615966796,3.3380985260009766,8ec3f6dae5b67cd49bbd7f7cbb43875246e463da85c6bd3c8ca9ac821e6d832e,True,0.14729499816894515,0.3590583801269531,8ec3f6dae5b67cd49bbd7f7cbb43875246e463da85c6bd3c8ca9ac821e6d832e
candidate,r3,classic,172021,1,9,0.1111111111111111,0,400,0,0.2677202224731439,0.6639957427978516,2ebfb00d4f6dc79f473b8155bd3d000d70298f97c005d58bd07debf4c7b48d18,True,0.16785860061645508,0.4417896270751953,2ebfb00d4f6dc79f473b8155bd3d000d70298f97c005d58bd07debf4c7b48d18
candidate,r3,classic,172022,3,9,0.3333333333333333,0,400,0,0.7781624794006345,2.665996551513672,6be34e81083d6e3e3803e4c4e0606d3c88598861162528308f5e986309ecec88,True,0.18097162246704102,0.46634674072265625,6be34e81083d6e3e3803e4c4e0606d3c88598861162528308f5e986309ecec88
candidate,r3,classic,172023,1,9,0.1111111111111111,0,400,0,0.7732748985290518,1.8427371978759766,dc2731f23edc6ea5e2416d72d6098af15a4b9588bc2b5651f9dad3fd06159dfa,True,0.1803636550903317,0.46515464782714844,dc2731f23edc6ea5e2416d72d6098af15a4b9588bc2b5651f9dad3fd06159dfa
candidate,r3,classic,172024,1,9,0.1111111111111111,0,400,0,0.454616546630859,3.564119338989258,50e0eea27eeb3e28b487c654da3017a893fb359446d80805a4d0dbf464fa6110,True,0.16434192657470698,0.7190704345703125,50e0eea27eeb3e28b487c654da3017a893fb359446d80805a4d0dbf464fa6110
candidate,r3,classic,172025,3,9,0.3333333333333333,0,400,0,0.29362440109252896,0.6222724914550781,8cd52cd53fed1edfb63de3f7523f45c73b6e58f4fcea0e3f92ea277f7a972045,True,0.1572608947753905,0.4298686981201172,8cd52cd53fed1edfb63de3f7523f45c73b6e58f4fcea0e3f92ea277f7a972045
candidate,r3,classic,172026,0,9,0.0,0,400,0,0.15165805816650388,0.5278587341308594,f55d0b176a77bfc76c40dc14b114003d47eb85d47ef732fd2382d5cc3ba3d0a2,True,0.12995004653930664,0.7159709930419922,f55d0b176a77bfc76c40dc14b114003d47eb85d47ef732fd2382d5cc3ba3d0a2
candidate,r3,classic,172027,0,9,0.0,0,400,0,0.35699605941772433,0.7090568542480469,3a8f266435b2409c49142ba9d34b39781f1a03e755f3ce508deaed326e1df9b3,True,0.2129197120666504,0.7088184356689453,3a8f266435b2409c49142ba9d34b39781f1a03e755f3ce508deaed326e1df9b3
candidate,r3,classic,172028,2,9,0.2222222222222222,0,400,0,0.14737844467163083,0.3190040588378906,9c65a19ea50258bacb0d05819ac95f96e8e113cec4e98a213c2edf942a4b1c0b,True,0.1578927040100097,0.3058910369873047,9c65a19ea50258bacb0d05819ac95f96e8e113cec4e98a213c2edf942a4b1c0b
candidate,r3,classic,172029,0,9,0.0,0,400,0,0.21791458129882812,0.7839202880859375,3844adfa8ee6c1e5d6eff4db073bc8c0de575b897c9923b1c0ebba24500b7fd4,True,0.23617744445800767,0.7796287536621094,3844adfa8ee6c1e5d6eff4db073bc8c0de575b897c9923b1c0ebba24500b7fd4
candidate,r3,classic,172030,0,9,0.0,0,400,0,0.13723373413085924,0.6558895111083984,1c4cd32f4a85d9ca385f6954e233c416253c2cd63ae8c87c1cfe7b00dd37954a,True,0.2111077308654784,1.0640621185302734,1c4cd32f4a85d9ca385f6954e233c416253c2cd63ae8c87c1cfe7b00dd37954a
candidate,r3,classic,172031,2,9,0.2222222222222222,0,400,0,0.16812086105346677,0.41794776916503906,5150fae939c34f4f83fbb7273559e1099b529b97302e48270b46c3b720bfee3b,True,0.17695426940917963,0.6029605865478516,5150fae939c34f4f83fbb7273559e1099b529b97302e48270b46c3b720bfee3b
candidate,r3,classic,172032,4,9,0.4444444444444444,0,400,0,0.26899576187133784,1.1639595031738281,2321bd8c6f1b92247ee2cb9bc70cecd4e375d8752c6682fe6e79026d3aae2fc7,True,0.2818822860717773,0.7219314575195312,2321bd8c6f1b92247ee2cb9bc70cecd4e375d8752c6682fe6e79026d3aae2fc7
candidate,r3,classic,172033,2,9,0.2222222222222222,0,400,0,0.1711010932922362,0.5099773406982422,8e3992682c2071e9af74da48065aed0cde8fe1564f227153086242698250f611,True,0.17623901367187494,0.6420612335205078,8e3992682c2071e9af74da48065aed0cde8fe1564f227153086242698250f611
candidate,r3,classic,172034,1,9,0.1111111111111111,0,400,0,0.16189813613891602,0.4017353057861328,641e44b8cb87b76264acfe8f73b07077b02365c18ae5b2aa166be5f9c9ef9d1d,True,0.21501779556274395,0.8480548858642578,641e44b8cb87b76264acfe8f73b07077b02365c18ae5b2aa166be5f9c9ef9d1d
candidate,r3,classic,172035,4,9,0.4444444444444444,0,400,0,0.2699494361877441,0.7441043853759766,b7fdf2f148da5150dd6ef2935545b8c7c29a2a9b9c8d1a65ec00bd059a0c32e7,True,0.28539896011352517,0.614166259765625,b7fdf2f148da5150dd6ef2935545b8c7c29a2a9b9c8d1a65ec00bd059a0c32e7
candidate,r3,classic,172036,1,9,0.1111111111111111,1,35,0,0.262451171875,0.33402442932128906,8308719eb8b71685b765b3f9917ee048a653841384bcd3cca8fb18bb57fd81cb,True,0.5559444427490225,1.3670921325683594,8308719eb8b71685b765b3f9917ee048a653841384bcd3cca8fb18bb57fd81cb
candidate,r3,classic,172037,1,9,0.1111111111111111,0,400,0,0.13809204101562494,0.41794776916503906,b6268a970d79d1399c12a1d59b18834c8b15bffbe9a3e30577cc617b799a9569,True,0.20418167114257804,0.4799365997314453,b6268a970d79d1399c12a1d59b18834c8b15bffbe9a3e30577cc617b799a9569
candidate,r3,classic,172038,0,9,0.0,0,400,0,0.19980669021606445,0.9548664093017578,452a0aed728f49ec957c7ca6c7da0b58d2da8f3d784521c0adc3fadc55261bdc,True,0.22994279861450184,0.4630088806152344,452a0aed728f49ec957c7ca6c7da0b58d2da8f3d784521c0adc3fadc55261bdc
candidate,r3,classic,172039,0,9,0.0,0,400,0,0.15401840209960938,1.0449886322021484,2011964d35bd09abe2a014fbc48b49c8bc797f70e808679a6f39c43d522368eb,True,0.16285181045532227,0.3521442413330078,2011964d35bd09abe2a014fbc48b49c8bc797f70e808679a6f39c43d522368eb
candidate,r3,classic,172040,1,9,0.1111111111111111,1,116,0,0.23442506790161133,0.3409385681152344,2b62605c0bdebf987e4873880b06c850581aabe1cbbf92cf516d53485186ac6f,True,0.24044513702392578,0.32901763916015625,2b62605c0bdebf987e4873880b06c850581aabe1cbbf92cf516d53485186ac6f
candidate,r3,coin-heaven,173001,50,50,1.0,0,123,0,0.3277301788330078,0.6237030029296875,39ccdaf19d9e2e3859f6c11725b9a190a3893f33ea99741ca42f0bf8c689a92c,True,0.34945011138916005,1.4739036560058594,39ccdaf19d9e2e3859f6c11725b9a190a3893f33ea99741ca42f0bf8c689a92c
candidate,r3,coin-heaven,173002,50,50,1.0,0,128,0,0.3423690795898437,0.514984130859375,c5a8218d48d7c8da53c0f5870913b6cdfdc75ded5880de8fa97f93af82cb34d3,True,0.80738067626953,3.988981246948242,c5a8218d48d7c8da53c0f5870913b6cdfdc75ded5880de8fa97f93af82cb34d3
candidate,r3,coin-heaven,173003,50,50,1.0,0,151,0,0.3688335418701172,1.024007797241211,0d1ba7cfe6adf7f1207d98c0dc690a314196fc3b099dd13b226d9099472daaed,True,0.4838705062866211,1.7690658569335938,0d1ba7cfe6adf7f1207d98c0dc690a314196fc3b099dd13b226d9099472daaed
candidate,r3,coin-heaven,173004,50,50,1.0,0,131,0,0.27692317962646484,0.6771087646484375,b83616b252e13aeecb0871853229c75cf7a1fc0911c0fb03972326338922dd2e,True,0.38254261016845703,1.074075698852539,b83616b252e13aeecb0871853229c75cf7a1fc0911c0fb03972326338922dd2e
candidate,r3,coin-heaven,173005,50,50,1.0,0,118,0,0.6539344787597652,3.412961959838867,cbecf1fbcd7c5b7ec15050c6353c5d0229023f040e6500b22edb5d123104cd84,True,0.5405664443969727,0.9541511535644531,cbecf1fbcd7c5b7ec15050c6353c5d0229023f040e6500b22edb5d123104cd84
candidate,r3,coin-heaven,173006,50,50,1.0,0,111,0,0.5285739898681641,1.7840862274169922,904e57c39c4756d074a0f80bd9f67e24bd4bc065f68a7da79131e29c55d5f316,True,0.3648996353149414,1.3818740844726562,904e57c39c4756d074a0f80bd9f67e24bd4bc065f68a7da79131e29c55d5f316
candidate,r3,coin-heaven,173007,50,50,1.0,0,126,0,0.36144256591796875,0.4990100860595703,1119b0bb97a3bb3f06179b337b6227939f1d7eccc4c1948a098f046c6c9c0cfb,True,0.5820989608764648,2.440929412841797,1119b0bb97a3bb3f06179b337b6227939f1d7eccc4c1948a098f046c6c9c0cfb
candidate,r3,coin-heaven,173008,50,50,1.0,0,136,0,0.9366869926452637,1.3709068298339844,9f3949f473d3a8b9faf5dace5a067cfdfdf66af2e7f9bc94af2a33b85fa55b6b,True,0.6241202354431152,1.4412403106689453,9f3949f473d3a8b9faf5dace5a067cfdfdf66af2e7f9bc94af2a33b85fa55b6b
candidate,r3,coin-heaven,173009,50,50,1.0,0,131,0,0.33104419708251953,0.6053447723388672,6f22382964b99070fd01ac6994559df4e79465f29c5f69d6b90e29d07dccd044,True,0.7065534591674805,3.011941909790039,6f22382964b99070fd01ac6994559df4e79465f29c5f69d6b90e29d07dccd044
candidate,r3,coin-heaven,173010,50,50,1.0,0,110,0,0.30310153961181635,0.6577968597412109,5dc44785fb0af3bf3831425ed763a2cf5127eb0b4a14f2560a9c7c05bd5957bd,True,0.7990479469299315,1.9011497497558594,5dc44785fb0af3bf3831425ed763a2cf5127eb0b4a14f2560a9c7c05bd5957bd
candidate,r3,coin-heaven,173011,50,50,1.0,0,128,0,0.4729747772216795,1.3689994812011719,4c3c58c50bbae84eb1ba6878fcec8fe1c0003959d31772d8646f3412fce5045e,True,0.777375698089599,2.9489994049072266,4c3c58c50bbae84eb1ba6878fcec8fe1c0003959d31772d8646f3412fce5045e
candidate,r3,coin-heaven,173012,50,50,1.0,0,116,0,0.35184621810913086,1.2590885162353516,a8a6565d7dde18f43ddc6b77d920f0e58192d7cd81b45a56bd96c5388f23431e,True,0.4138946533203125,1.8880367279052734,a8a6565d7dde18f43ddc6b77d920f0e58192d7cd81b45a56bd96c5388f23431e
candidate,r3,coin-heaven,173013,50,50,1.0,0,134,0,0.5121111869812012,1.2481212615966797,d957fc33a7c126fef0e690e9353caaba8abdf37fc0377ce6d2ffd057b0568a3c,True,0.5728602409362786,2.0291805267333984,d957fc33a7c126fef0e690e9353caaba8abdf37fc0377ce6d2ffd057b0568a3c
candidate,r3,coin-heaven,173014,50,50,1.0,0,121,0,0.3619194030761719,2.2051334381103516,1801ae59a0579028b6b605f5eb3735394c26911d0e2bfa6211abe20533bd47bb,True,0.5490779876708984,0.7901191711425781,1801ae59a0579028b6b605f5eb3735394c26911d0e2bfa6211abe20533bd47bb
candidate,r3,coin-heaven,173015,50,50,1.0,0,127,0,0.36382675170898404,0.8368492126464844,2d2cc29ce5a54c46398f0d43c9be04fb435f642fc01c12d846e6de402f669f3b,True,0.356912612915039,1.2378692626953125,2d2cc29ce5a54c46398f0d43c9be04fb435f642fc01c12d846e6de402f669f3b
candidate,r3,coin-heaven,173016,50,50,1.0,0,118,0,0.2973675727844235,0.5040168762207031,4b9ce1c3d3a160b66517bce49e85d70ec59bf9bea4626371959b1a463311819b,True,0.487101078033447,1.4700889587402344,4b9ce1c3d3a160b66517bce49e85d70ec59bf9bea4626371959b1a463311819b
candidate,r3,coin-heaven,173017,50,50,1.0,0,130,0,0.334787368774414,1.0099411010742188,567199cba81305f6d1954b1d20f9d26d41fc9f31dbc5468faf664960c3804664,True,0.452733039855957,0.7989406585693359,567199cba81305f6d1954b1d20f9d26d41fc9f31dbc5468faf664960c3804664
candidate,r3,coin-heaven,173018,50,50,1.0,0,116,0,0.31375885009765625,0.637054443359375,e7634f579038c00dca1c34877c5475f8f32c39d25da109beed7545ab33aaa07a,True,0.49382448196411133,1.1320114135742188,e7634f579038c00dca1c34877c5475f8f32c39d25da109beed7545ab33aaa07a
candidate,r3,coin-heaven,173019,50,50,1.0,0,117,0,0.337028503417968,0.8161067962646484,7c7c4c886b34318481f0be45b0f0d2a4a492cd050a1a4d23f861b5f9ca3ba8b4,True,0.6865024566650391,1.2969970703125,7c7c4c886b34318481f0be45b0f0d2a4a492cd050a1a4d23f861b5f9ca3ba8b4
candidate,r3,coin-heaven,173020,50,50,1.0,0,115,0,0.6847381591796874,1.6949176788330078,95e3c919aa0fab094fb887d45d2b68395a1b7401e3aac9459609817542616d6e,True,0.5159854888916016,1.1758804321289062,95e3c919aa0fab094fb887d45d2b68395a1b7401e3aac9459609817542616d6e
candidate,r3,coin-heaven,173021,50,50,1.0,0,129,0,0.45819282531738253,1.4810562133789062,68608e0771f41d1aa88b994a8c99d225c970648b59e1c4c77b3e0df698b7df84,True,0.733804702758789,1.5680789947509766,68608e0771f41d1aa88b994a8c99d225c970648b59e1c4c77b3e0df698b7df84
candidate,r3,coin-heaven,173022,50,50,1.0,0,111,0,1.1445283889770508,3.5619735717773438,2ccbdc001c11616522ef489e7a40c79bca40ca615603bcebf3ea706b0298e174,True,0.5890130996704102,2.309083938598633,2ccbdc001c11616522ef489e7a40c79bca40ca615603bcebf3ea706b0298e174
candidate,r3,coin-heaven,173023,50,50,1.0,0,109,0,0.38094520568847645,0.9720325469970703,6383560ff9dff67d6fc32ec56dfb4b5a91d404f74dc5b872a23613860cdcaf7f,True,0.6691932678222654,1.8820762634277344,6383560ff9dff67d6fc32ec56dfb4b5a91d404f74dc5b872a23613860cdcaf7f
candidate,r3,coin-heaven,173024,50,50,1.0,0,128,0,0.41658878326416005,0.7848739624023438,52ddfac6e4c7f9f7b27a7a9a6178acb1b77f7450749948eb04a8cb3f38bbb667,True,0.6404280662536618,1.317739486694336,52ddfac6e4c7f9f7b27a7a9a6178acb1b77f7450749948eb04a8cb3f38bbb667
candidate,r3,coin-heaven,173025,50,50,1.0,0,130,0,0.5777955055236814,1.748800277709961,cb5af5b548cf189da144535ff2d9187a51f7f2e7c50c372085123fc15ed8c43a,True,0.5268692970275879,1.911163330078125,cb5af5b548cf189da144535ff2d9187a51f7f2e7c50c372085123fc15ed8c43a
candidate,r3,coin-heaven,173026,50,50,1.0,0,117,0,0.4896640777587887,0.9531974792480469,3f301a5bfc34f9f5925ad968282612dff88c1e9bb0fa7df54f26075dda2bbeaa,True,0.6427288055419909,4.204034805297852,3f301a5bfc34f9f5925ad968282612dff88c1e9bb0fa7df54f26075dda2bbeaa
candidate,r3,coin-heaven,173027,50,50,1.0,0,121,0,0.8099079132080078,1.7490386962890625,2baca998680d6546acd4fecc41cbbecf9614a5cca4093b7f29e6edd168b4d01d,True,1.1320114135742188,2.0470619201660156,2baca998680d6546acd4fecc41cbbecf9614a5cca4093b7f29e6edd168b4d01d
candidate,r3,coin-heaven,173028,50,50,1.0,0,115,0,1.0126590728759757,12.178897857666016,84cf87a4113ed7c76aceaf67bb5d859491b5fd6197fce9c394f517d17a527dfb,True,0.9920358657836914,4.483699798583984,84cf87a4113ed7c76aceaf67bb5d859491b5fd6197fce9c394f517d17a527dfb
candidate,r3,coin-heaven,173029,50,50,1.0,0,123,0,0.3191947937011717,0.843048095703125,48db79c397905d48b3ee9bf75536ce440a3a91886cfd26b62282c2e821c388d7,True,0.7878065109252927,1.5978813171386719,48db79c397905d48b3ee9bf75536ce440a3a91886cfd26b62282c2e821c388d7
candidate,r3,coin-heaven,173030,50,50,1.0,0,133,0,0.581884384155273,1.5110969543457031,fa25d869aac3ed9eeea4acb4ad069e7efabdec05cc49e6aba4f55e9e125a2876,True,0.5257129669189452,1.447916030883789,fa25d869aac3ed9eeea4acb4ad069e7efabdec05cc49e6aba4f55e9e125a2876
candidate,r3,coin-heaven,173031,50,50,1.0,0,131,0,0.6699562072753906,1.15203857421875,b3eb04fc5de54f2b766ba6af47b3ad635b717b0952075a0a9e2bd371600b1c74,True,0.41747093200683594,0.7739067077636719,b3eb04fc5de54f2b766ba6af47b3ad635b717b0952075a0a9e2bd371600b1c74
candidate,r3,coin-heaven,173032,50,50,1.0,0,109,0,0.6870269775390623,1.8811225891113281,73ee8e2c2c8aec537098eff6da93caea99d4f0cab0c82de9477c71a83f0e7878,True,0.37517547607421864,0.5340576171875,73ee8e2c2c8aec537098eff6da93caea99d4f0cab0c82de9477c71a83f0e7878
candidate,r3,coin-heaven,173033,50,50,1.0,0,113,0,0.39839744567871066,0.6351470947265625,dc396e45f906432ffd5865d25b8c4042fa0b15616b6975fa9cf1e343d74581c1,True,0.41284561157226496,0.6730556488037109,dc396e45f906432ffd5865d25b8c4042fa0b15616b6975fa9cf1e343d74581c1
candidate,r3,coin-heaven,173034,50,50,1.0,0,127,0,0.48532485961914035,1.6701221466064453,786e28a890d5820430295decfbcd3dd915b014facd314f455e2efac1928c99f8,True,0.46236515045166005,0.9191036224365234,786e28a890d5820430295decfbcd3dd915b014facd314f455e2efac1928c99f8
candidate,r3,coin-heaven,173035,50,50,1.0,0,135,0,0.37863254547119135,3.2439231872558594,6d7414c9e24f5894298a9f2ee6553e528392869ece4f9542e953d10e43d88fbe,True,0.3379583358764648,0.5550384521484375,6d7414c9e24f5894298a9f2ee6553e528392869ece4f9542e953d10e43d88fbe
candidate,r3,coin-heaven,173036,50,50,1.0,0,129,0,0.47335624694824197,1.2600421905517578,168ca1f93018d1dfbb89dc09b18aee9a392dd59e051b3c061847c42ad761f082,True,0.4196166992187498,1.077890396118164,168ca1f93018d1dfbb89dc09b18aee9a392dd59e051b3c061847c42ad761f082
candidate,r3,coin-heaven,173037,50,50,1.0,0,129,0,0.6700992584228512,1.0728836059570312,a8602317ce23b658941139a68e90f82fc25c5cff6a74a8eb90b362f9b11f45ff,True,0.4201889038085937,0.6880760192871094,a8602317ce23b658941139a68e90f82fc25c5cff6a74a8eb90b362f9b11f45ff
candidate,r3,coin-heaven,173038,50,50,1.0,0,117,0,0.5755424499511718,1.0137557983398438,68ae999be6b145c61aae4eea76360641d89785029ad6f63a56e73e66aab101bc,True,0.4015445709228507,2.3698806762695312,68ae999be6b145c61aae4eea76360641d89785029ad6f63a56e73e66aab101bc
candidate,r3,coin-heaven,173039,50,50,1.0,0,116,0,0.8611679077148438,2.6018619537353516,d9266f686aa766214fc8303d638e900df4dacad922767de31677820e0d408ca6,True,0.5502104759216309,3.4079551696777344,d9266f686aa766214fc8303d638e900df4dacad922767de31677820e0d408ca6
candidate,r3,coin-heaven,173040,50,50,1.0,0,113,0,0.4034519195556639,1.1799335479736328,45d4747d7066e227a13898afc15a778e2ba52f5a4dae786f443e5694e65243d7,True,0.3791332244873045,2.360820770263672,45d4747d7066e227a13898afc15a778e2ba52f5a4dae786f443e5694e65243d7
candidate,r3,loot-crate,174001,25,50,0.5,0,400,1,0.6791472434997531,1.0859966278076172,02c93f3357014fbaf6f6b2214434f9eddb8677b744a70b418649eed40af9d68c,True,0.5629062652587891,1.1529922485351562,02c93f3357014fbaf6f6b2214434f9eddb8677b744a70b418649eed40af9d68c
candidate,r3,loot-crate,174002,16,50,0.32,0,400,0,0.5109786987304688,1.2938976287841797,564de21aaf49da4016fc548628764b5b6deb027f93a9b41e49f8cb6141d3fcf9,True,0.4932880401611326,1.9659996032714844,564de21aaf49da4016fc548628764b5b6deb027f93a9b41e49f8cb6141d3fcf9
candidate,r3,loot-crate,174003,19,50,0.38,0,400,0,0.8035540580749496,1.603841781616211,fa1e8941a604eb729a67b1c53abc33a0d43ec319048f9fbe6472ab49fa6c382c,True,0.6014704704284662,1.5249252319335938,fa1e8941a604eb729a67b1c53abc33a0d43ec319048f9fbe6472ab49fa6c382c
candidate,r3,loot-crate,174004,3,50,0.06,0,400,0,0.7360219955444325,1.7368793487548828,b6ba1b23b5b452b2f5fa56b8bf5bc48f1b3da51dced041eb709c29a50d6d29ee,True,0.49741268157958934,2.012014389038086,b6ba1b23b5b452b2f5fa56b8bf5bc48f1b3da51dced041eb709c29a50d6d29ee
candidate,r3,loot-crate,174005,7,50,0.14,1,65,1,0.7710933685302733,1.5170574188232422,1d33e94df226c73d3b442bf5319de7e762e626e327e3de02f50db6f18f6692a8,True,1.5697479248046855,2.511262893676758,1d33e94df226c73d3b442bf5319de7e762e626e327e3de02f50db6f18f6692a8
candidate,r3,loot-crate,174006,3,50,0.06,0,400,0,0.8109688758850097,4.884958267211914,e3b98b178a168177488a29cb3ab2d7e1b7b8df62524ef889253ee49c1a56c5e2,True,0.732278823852539,3.5970211029052734,e3b98b178a168177488a29cb3ab2d7e1b7b8df62524ef889253ee49c1a56c5e2
candidate,r3,loot-crate,174007,6,50,0.12,0,400,0,0.7881641387939451,5.429983139038086,66d5fc8176058a77cfd1d7517c262cc44790f54b5c0649243478deb9dce8b913,True,0.7331609725952146,4.423379898071289,66d5fc8176058a77cfd1d7517c262cc44790f54b5c0649243478deb9dce8b913
candidate,r3,loot-crate,174008,2,50,0.04,1,20,0,1.2499928474426274,1.878976821899414,dc865c6cf54ad2ba0463fbb3be868f0ab00cf84939ff2601c366fdfdcd31094f,True,1.846659183502198,2.768278121948242,dc865c6cf54ad2ba0463fbb3be868f0ab00cf84939ff2601c366fdfdcd31094f
candidate,r3,loot-crate,174009,5,50,0.1,0,400,0,0.7682085037231443,3.259897232055664,1d072d49fa0dcc2819fe5be1bed01eaa4c63de6393e58e438c59e271c2ec48f5,True,0.4437923431396477,2.0380020141601562,1d072d49fa0dcc2819fe5be1bed01eaa4c63de6393e58e438c59e271c2ec48f5
candidate,r3,loot-crate,174010,0,50,0.0,1,27,0,0.5371809005737304,0.6778240203857422,7cb156d1059ffc27da6625f1b2dd6d45418f972559504676d0ea9b124cab4236,True,0.837588310241699,1.1148452758789062,7cb156d1059ffc27da6625f1b2dd6d45418f972559504676d0ea9b124cab4236
candidate,r3,loot-crate,174011,2,50,0.04,0,400,0,0.756072998046875,4.115104675292969,156d83252eac283980aa770ca7aa501c13fdd045130e2458d4442ff5ae44f329,True,0.7812976837158201,3.7970542907714844,156d83252eac283980aa770ca7aa501c13fdd045130e2458d4442ff5ae44f329
candidate,r3,loot-crate,174012,5,50,0.1,0,400,0,0.5451679229736327,1.997232437133789,6eac8d25f4a73dcb7363235bc4ce3c1b0999a02c2008eb0403add7152d144dac,True,0.8283257484436033,2.8531551361083984,6eac8d25f4a73dcb7363235bc4ce3c1b0999a02c2008eb0403add7152d144dac
candidate,r3,loot-crate,174013,5,50,0.1,0,400,0,0.5210399627685529,2.7179718017578125,f0e05b35788cd879e34ffad79a2fa36dab7b44d15118cff5a4491d2e09b5764f,True,0.7234334945678706,2.1038055419921875,f0e05b35788cd879e34ffad79a2fa36dab7b44d15118cff5a4491d2e09b5764f
candidate,r3,loot-crate,174014,2,50,0.04,0,400,0,0.5510330200195312,2.396821975708008,dfa323d94d5cd7694055949389f7c916a048c41c890a56a58ffb9d5e8f969d0f,True,0.2552866935729979,0.7100105285644531,dfa323d94d5cd7694055949389f7c916a048c41c890a56a58ffb9d5e8f969d0f
candidate,r3,loot-crate,174015,5,50,0.1,0,400,0,0.5910873413085938,2.956867218017578,d9ce1829b6ba217dd4e38c82ad81af95e093d7132f8456ec1212a6e13241ef86,True,0.2841591835021971,0.8189678192138672,d9ce1829b6ba217dd4e38c82ad81af95e093d7132f8456ec1212a6e13241ef86
candidate,r3,loot-crate,174016,6,50,0.12,0,400,0,0.7721424102783202,2.221822738647461,b82f6e5a6c2b1de6b333b3f7872279abd8ddb5a67c8dd451b5282f7936c74940,True,0.34492015838622986,0.5748271942138672,b82f6e5a6c2b1de6b333b3f7872279abd8ddb5a67c8dd451b5282f7936c74940
candidate,r3,loot-crate,174017,3,50,0.06,0,400,0,0.6412029266357421,2.953767776489258,8984e9f187d7edfaece7f71e037b5eb791a4b815d2a210eb67d409535dce2897,True,0.18006563186645502,0.5502700805664062,8984e9f187d7edfaece7f71e037b5eb791a4b815d2a210eb67d409535dce2897
candidate,r3,loot-crate,174018,5,50,0.1,0,400,0,0.5901336669921875,3.269195556640625,46838e66962bb49f55690ea2527efda2fb8146c8268cb5df6f6255d6222fc7c3,True,0.297653675079345,0.4711151123046875,46838e66962bb49f55690ea2527efda2fb8146c8268cb5df6f6255d6222fc7c3
candidate,r3,loot-crate,174019,0,50,0.0,0,400,0,0.572431087493896,5.335092544555664,223439347d5e58b590b9803abfcce1c21f739485b120e3ca5cf23f6bf9823991,True,0.32151937484741155,0.6072521209716797,223439347d5e58b590b9803abfcce1c21f739485b120e3ca5cf23f6bf9823991
candidate,r3,loot-crate,174020,5,50,0.1,0,400,0,0.3616094589233384,0.9729862213134766,8c161e2b750f0b916b579c2fa7bd4840de534d10174d69b08b736571e6a1c0f0,True,0.5779981613159173,6.161928176879883,8c161e2b750f0b916b579c2fa7bd4840de534d10174d69b08b736571e6a1c0f0
candidate,r3,loot-crate,174021,2,50,0.04,0,400,0,0.5103111267089843,1.9431114196777344,01f2631d9989b29ce7b385973ad2d532bbefe28936a96241fac4c1a42b78ff6d,True,0.36257505416870056,1.0068416595458984,01f2631d9989b29ce7b385973ad2d532bbefe28936a96241fac4c1a42b78ff6d
candidate,r3,loot-crate,174022,6,50,0.12,0,400,0,0.5563259124755858,3.4072399139404297,a1c81dc23816cedd261ff9b01d6f4e829647fb274cd5426551de9c8f534e9474,True,0.5721926689147945,1.132965087890625,a1c81dc23816cedd261ff9b01d6f4e829647fb274cd5426551de9c8f534e9474
candidate,r3,loot-crate,174023,10,50,0.2,0,400,0,0.6232380867004392,1.5189647674560547,c26e79284daf400426c399c0f44baada64e6b40ee300995427f15e51ec794225,True,0.3951072692871093,1.178741455078125,c26e79284daf400426c399c0f44baada64e6b40ee300995427f15e51ec794225
candidate,r3,loot-crate,174024,11,50,0.22,0,400,0,0.5410790443420409,6.244182586669922,6cfc88047fc7cf0a8b2f5580247e6195a7d530409e823285c377137905133028,True,0.6892204284667959,4.54401969909668,6cfc88047fc7cf0a8b2f5580247e6195a7d530409e823285c377137905133028
candidate,r3,loot-crate,174025,7,50,0.14,0,400,0,0.4493832588195797,1.5099048614501953,0bcacf62ed9277d2a32a53b0fa6c2465712822418aef3bba30eb2d7b0b977409,True,0.4114508628845209,1.83868408203125,0bcacf62ed9277d2a32a53b0fa6c2465712822418aef3bba30eb2d7b0b977409
candidate,r3,loot-crate,174026,7,50,0.14,0,400,0,0.30066967010498047,0.5481243133544922,2a4812d7f43002c895f598f7b667822f2a32daad07bb1e1e24fcf76337e37d3a,True,0.7592678070068358,14.467239379882812,2a4812d7f43002c895f598f7b667822f2a32daad07bb1e1e24fcf76337e37d3a
candidate,r3,loot-crate,174027,15,50,0.3,0,400,0,0.34635066986083946,1.194000244140625,2b9f013538c2a2271af7bdb368e3d5a1b749386e3f3efdfb11ea526b7a9c4b50,True,0.5937218666076656,1.8270015716552734,2b9f013538c2a2271af7bdb368e3d5a1b749386e3f3efdfb11ea526b7a9c4b50
candidate,r3,loot-crate,174028,8,50,0.16,0,400,0,0.5192399024963377,1.476287841796875,0c90a5913d57ba776435c53f8cba42de831028118d9cf266da59f7a660e3f9f9,True,0.5201935768127439,2.998828887939453,0c90a5913d57ba776435c53f8cba42de831028118d9cf266da59f7a660e3f9f9
candidate,r3,loot-crate,174029,5,50,0.1,0,400,0,0.4389524459838865,1.6598701477050781,15275fbbd0bfe4cd78dbc0cbe707d0776c9619a9e8ffffbd967ef22265e38654,True,0.5030870437622053,7.674932479858398,15275fbbd0bfe4cd78dbc0cbe707d0776c9619a9e8ffffbd967ef22265e38654
candidate,r3,loot-crate,174030,1,50,0.02,0,400,0,0.31774044036865173,2.595186233520508,df34311faa0c8899b3fd0a123654a59b18c7db2a338dde72102cb068b5e8ee8f,True,0.2699375152587888,0.9989738464355469,df34311faa0c8899b3fd0a123654a59b18c7db2a338dde72102cb068b5e8ee8f
candidate,r3,loot-crate,174031,6,50,0.12,0,400,0,0.28001070022582997,0.9419918060302734,dee5c6e1967e0cd3584af89c9d56fc9abc2537d5be294f8717a13071db841a2c,True,0.8385181427001946,1.7371177673339844,dee5c6e1967e0cd3584af89c9d56fc9abc2537d5be294f8717a13071db841a2c
candidate,r3,loot-crate,174032,1,50,0.02,0,400,0,0.346231460571289,0.7619857788085938,c0256552a21a648a3330bd98c8f65cab07d297895c56c3997db079ccabaf2959,True,0.6619453430175763,1.9860267639160156,c0256552a21a648a3330bd98c8f65cab07d297895c56c3997db079ccabaf2959
candidate,r3,loot-crate,174033,9,50,0.18,0,400,0,0.36413669586181613,1.2199878692626953,a682db02b2a8ab08cb35205b920810d32de982c74fe9ea87d0dedefd7a9045e1,True,0.41304826736450184,1.2049674987792969,a682db02b2a8ab08cb35205b920810d32de982c74fe9ea87d0dedefd7a9045e1
candidate,r3,loot-crate,174034,3,50,0.06,0,400,0,0.43702125549316406,1.1899471282958984,697e2ca4b72ea280996f8c698789e456221963cde934dea149efa23d143d70cb,True,0.7683515548706051,2.290964126586914,697e2ca4b72ea280996f8c698789e456221963cde934dea149efa23d143d70cb
candidate,r3,loot-crate,174035,0,50,0.0,0,400,0,0.49164295196533203,1.2700557708740234,edb2a880357f83ae0f8b2b2e55ce67ca8e72a3b2161cda355ea5a37fbfba3e87,True,0.7131338119506834,2.049684524536133,edb2a880357f83ae0f8b2b2e55ce67ca8e72a3b2161cda355ea5a37fbfba3e87
candidate,r3,loot-crate,174036,33,50,0.66,0,400,0,0.3680825233459471,1.135110855102539,33e32b96645283eb49aa8c7c0876c0b22f40147bfea0eb07301e336d0926ccd2,True,0.892364978790283,2.341032028198242,33e32b96645283eb49aa8c7c0876c0b22f40147bfea0eb07301e336d0926ccd2
candidate,r3,loot-crate,174037,12,50,0.24,0,400,0,0.7077813148498516,1.3737678527832031,8b65e1b252465711ff3dbe98c68790d96f0652893208d77029f55f8c7f43a467,True,0.5467653274536117,3.4689903259277344,8b65e1b252465711ff3dbe98c68790d96f0652893208d77029f55f8c7f43a467
candidate,r3,loot-crate,174038,9,50,0.18,0,400,0,0.4925370216369625,1.8687248229980469,548910dcc2f348841445dd673bccc91305e22a7eb3490b16698f8a2199c1493a,True,0.7991433143615713,2.9897689819335938,548910dcc2f348841445dd673bccc91305e22a7eb3490b16698f8a2199c1493a
candidate,r3,loot-crate,174039,4,50,0.08,0,400,0,0.22525787353515608,0.5288124084472656,77f9b3cd0f7b1e861123bd12c5ca7747a35e1504c5e9ebd474aac15d2a86ba30,True,0.7906913757324183,4.639148712158203,77f9b3cd0f7b1e861123bd12c5ca7747a35e1504c5e9ebd474aac15d2a86ba30
candidate,r3,loot-crate,174040,34,50,0.68,0,400,0,0.32323598861694297,0.6279945373535156,042e2b69f04952111562b75310da9eb35a3c091164145247806227a17dd30f8c,True,0.4717111587524404,1.4801025390625,042e2b69f04952111562b75310da9eb35a3c091164145247806227a17dd30f8c
candidate,r4,classic,172001,6,9,0.6666666666666666,0,400,0,0.5742788314819333,2.6760101318359375,6569449c465b4a6f247e50139e3ddfc07393c213904247ef2414f63bbccecde6,True,0.18898248672485338,0.48065185546875,6569449c465b4a6f247e50139e3ddfc07393c213904247ef2414f63bbccecde6
candidate,r4,classic,172002,2,9,0.2222222222222222,0,400,0,0.347912311553955,0.6268024444580078,10ec81f3d244b5410b7edb4e0d80b88a9a572304ac0bcdb81455b5e197608251,True,0.22302865982055653,0.4229545593261719,10ec81f3d244b5410b7edb4e0d80b88a9a572304ac0bcdb81455b5e197608251
candidate,r4,classic,172003,1,9,0.1111111111111111,0,400,0,0.8333206176757801,4.915952682495117,eb6a63d1c50b77de49f4d24cfee26ee665d18343ed9132ed88a84da528c67763,True,0.22393465042114252,0.6279945373535156,eb6a63d1c50b77de49f4d24cfee26ee665d18343ed9132ed88a84da528c67763
candidate,r4,classic,172004,0,9,0.0,0,400,0,0.597262382507324,1.461029052734375,42f131d3c087e9c943e7be8c6b20688fe06426d545f8a091006cf9c1f66f95e3,True,0.18016099929809556,0.49805641174316406,42f131d3c087e9c943e7be8c6b20688fe06426d545f8a091006cf9c1f66f95e3
candidate,r4,classic,172005,1,9,0.1111111111111111,0,400,0,0.701904296875,2.4607181549072266,0b2897d89e29516d686b21ba87fff3af1aa6f58aad3ddc07aaf1c08bef911942,True,0.2878427505493157,0.682830810546875,0b2897d89e29516d686b21ba87fff3af1aa6f58aad3ddc07aaf1c08bef911942
candidate,r4,classic,172006,5,9,0.5555555555555556,0,400,0,0.8572101593017577,2.786874771118164,a4c65d30322a2a774428b7fd45da1d9b978c1d7f849c39471a414986c3cf6f1e,True,0.187277793884277,0.6031990051269531,a4c65d30322a2a774428b7fd45da1d9b978c1d7f849c39471a414986c3cf6f1e
candidate,r4,classic,172007,0,9,0.0,1,50,0,0.832533836364746,1.5718936920166016,3fa340e49ec172251b2b7b740c45408951efdca37720aac964948364c7b3de1d,True,0.18563270568847656,0.3619194030761719,3fa340e49ec172251b2b7b740c45408951efdca37720aac964948364c7b3de1d
candidate,r4,classic,172008,0,9,0.0,0,400,0,0.4528284072875976,0.9808540344238281,672e348dda09015e0f754133b09dc25b43193200de38a8f1950cf841d584740d,True,0.1679539680480956,0.6091594696044922,672e348dda09015e0f754133b09dc25b43193200de38a8f1950cf841d584740d
candidate,r4,classic,172009,1,9,0.1111111111111111,0,400,0,0.8033990859985348,2.2652149200439453,29de1bb61ac2f74d9cef49f60494cdf4b55288ae13a2187825bc37ba3a9e104d,True,0.18550157546997048,0.7688999176025391,29de1bb61ac2f74d9cef49f60494cdf4b55288ae13a2187825bc37ba3a9e104d
candidate,r4,classic,172010,4,9,0.4444444444444444,0,400,0,0.8404970169067378,4.965066909790039,022a56bf19aca1c67117948b846fe9e8d8221cc54aee5ccdedf3a9783f39d451,True,0.15306472778320312,0.2720355987548828,022a56bf19aca1c67117948b846fe9e8d8221cc54aee5ccdedf3a9783f39d451
candidate,r4,classic,172011,1,9,0.1111111111111111,0,400,0,0.37900209426879866,1.779794692993164,8a25baf63d287f26fb06c20cd1ab7419d29db81da32202e2a5a86dbe5e06830a,True,0.16099214553833002,0.5388259887695312,8a25baf63d287f26fb06c20cd1ab7419d29db81da32202e2a5a86dbe5e06830a
candidate,r4,classic,172012,1,9,0.1111111111111111,0,400,0,0.3121852874755858,1.5327930450439453,5fb33346f4bafe17785fb08e6302ee67745628c19d78d40e12970e9a1f1ac574,True,0.16689300537109375,0.4076957702636719,5fb33346f4bafe17785fb08e6302ee67745628c19d78d40e12970e9a1f1ac574
candidate,r4,classic,172013,0,9,0.0,1,41,0,1.0199546813964844,1.207113265991211,816d5bcafb1e959e54a2ca04902ada3a1aa06f743663b8cead27d8d5bdfcf89e,True,0.17213821411132812,0.29587745666503906,816d5bcafb1e959e54a2ca04902ada3a1aa06f743663b8cead27d8d5bdfcf89e
candidate,r4,classic,172014,0,9,0.0,0,400,0,0.6008625030517578,1.2547969818115234,a93b5ea4c98346c098b4cc1eaf507078d150036ee6c142ae1cb54605b9302d29,True,0.16412734985351554,0.41484832763671875,a93b5ea4c98346c098b4cc1eaf507078d150036ee6c142ae1cb54605b9302d29
candidate,r4,classic,172015,0,9,0.0,1,5,0,0.35343170166015625,0.36907196044921875,6e5474a175188846ffafdf0d198e62ebb571dde40963e725ce6aa682839e7497,True,0.2871990203857422,0.29921531677246094,6e5474a175188846ffafdf0d198e62ebb571dde40963e725ce6aa682839e7497
candidate,r4,classic,172016,3,9,0.3333333333333333,0,400,0,0.8550643920898436,2.4199485778808594,14691346b30b2f5d55e5fd70bc7b60fa7cf7732280c34fb9dcf45aa497728cf3,True,0.2219676971435547,0.3190040588378906,14691346b30b2f5d55e5fd70bc7b60fa7cf7732280c34fb9dcf45aa497728cf3
candidate,r4,classic,172017,1,9,0.1111111111111111,0,400,0,0.5820512771606442,2.3970603942871094,1df34c5ffc0a1685d740a1ae1701ff192eef2e7070adac2adb2c99d9f0d7bad0,True,0.23727416992187494,0.5540847778320312,1df34c5ffc0a1685d740a1ae1701ff192eef2e7070adac2adb2c99d9f0d7bad0
candidate,r4,classic,172018,3,9,0.3333333333333333,0,400,0,0.32591819763183594,0.7688999176025391,99bbba010ff0a9a7a350b03232c108f3e56a8582e7a3f61aedd4e26d5f634faa,True,0.19229650497436512,0.5030632019042969,99bbba010ff0a9a7a350b03232c108f3e56a8582e7a3f61aedd4e26d5f634faa
candidate,r4,classic,172019,1,9,0.1111111111111111,0,400,0,0.2522826194763179,0.5660057067871094,48dcd7b0b67a13a98a1539c018719e9210e3682797fa35f32fa38ecdb05be9cb,True,0.16411542892456046,0.5180835723876953,48dcd7b0b67a13a98a1539c018719e9210e3682797fa35f32fa38ecdb05be9cb
candidate,r4,classic,172020,0,9,0.0,0,400,0,0.17018318176269515,0.5631446838378906,c5465cb03078240cd911de6f7907bba562e18d08f06b06da9aaf6db0c2d7105d,True,0.16188621520996094,0.5860328674316406,c5465cb03078240cd911de6f7907bba562e18d08f06b06da9aaf6db0c2d7105d
candidate,r4,classic,172021,0,9,0.0,0,400,0,0.21514892578124992,0.5199909210205078,f8461b60be621c893625a2916712868d9282f60b12438e86012cf404be8de667,True,0.15907287597656244,0.3819465637207031,f8461b60be621c893625a2916712868d9282f60b12438e86012cf404be8de667
candidate,r4,classic,172022,2,9,0.2222222222222222,1,85,0,0.29458999633789046,0.9059906005859375,0c06f24045c12db565172f7ccc2658da0b2fbe4aaa0df3ab8fa9d6c726a44839,True,0.20232200622558594,0.2739429473876953,0c06f24045c12db565172f7ccc2658da0b2fbe4aaa0df3ab8fa9d6c726a44839
candidate,r4,classic,172023,6,9,0.6666666666666666,0,400,0,0.22126436233520486,1.6090869903564453,874ff8c58b6d79ddaedc6da5f4c05cc285f56c10dfe6b8c52b61de6b27647d9c,True,0.24096965789794908,0.4870891571044922,874ff8c58b6d79ddaedc6da5f4c05cc285f56c10dfe6b8c52b61de6b27647d9c
candidate,r4,classic,172024,0,9,0.0,0,400,0,0.1621603965759277,0.5278587341308594,e923e43bef6cbbf8d7966b67233cdd965e3ab0fdc97844b81388ac111a8d2ee8,True,0.16504526138305659,1.0428428649902344,e923e43bef6cbbf8d7966b67233cdd965e3ab0fdc97844b81388ac111a8d2ee8
candidate,r4,classic,172025,3,9,0.3333333333333333,0,400,0,0.15420913696289046,0.42700767517089844,2cc58b48848f7667e38dc5a8fd141e445d1d24c11220d6987652989c3a6470d5,True,0.16498565673828125,0.3516674041748047,2cc58b48848f7667e38dc5a8fd141e445d1d24c11220d6987652989c3a6470d5
candidate,r4,classic,172026,2,9,0.2222222222222222,0,400,0,0.17029047012329074,0.32901763916015625,bf2e7b448eb52db4e917c989dd4e9cd3b6dead667b6bb09a7b43e4fa12c8074f,True,0.1774430274963376,0.5021095275878906,bf2e7b448eb52db4e917c989dd4e9cd3b6dead667b6bb09a7b43e4fa12c8074f
candidate,r4,classic,172027,2,9,0.2222222222222222,0,400,0,0.17600059509277338,0.4010200500488281,1e1e2886dc2f0ab1bfc833e9925ee31d3d8e8b7db23c57d418f8033280434cd9,True,0.36547183990478477,1.074075698852539,1e1e2886dc2f0ab1bfc833e9925ee31d3d8e8b7db23c57d418f8033280434cd9
candidate,r4,classic,172028,2,9,0.2222222222222222,0,400,0,0.15839338302612296,0.32591819763183594,91eaaf6f739e0f54eddd32f1316bcef87c2d83d17f152613a2988d87e137bf32,True,0.1709461212158203,0.3180503845214844,91eaaf6f739e0f54eddd32f1316bcef87c2d83d17f152613a2988d87e137bf32
candidate,r4,classic,172029,2,9,0.2222222222222222,0,400,0,0.19052028656005815,0.3998279571533203,4905f6960a5571d024d6edff5a53d1ccc4b4414190e990f61c41cb490169cc6b,True,0.15794038772582997,0.32520294189453125,4905f6960a5571d024d6edff5a53d1ccc4b4414190e990f61c41cb490169cc6b
candidate,r4,classic,172030,1,9,0.1111111111111111,0,400,0,0.15000104904174802,0.3478527069091797,1a19427bcc5e0dd45cee6358ea0be682b18a9a35fed1ea0a3bbd0eb7e4311c7f,True,0.16289949417114252,0.324249267578125,1a19427bcc5e0dd45cee6358ea0be682b18a9a35fed1ea0a3bbd0eb7e4311c7f
candidate,r4,classic,172031,0,9,0.0,0,400,0,0.1499772071838379,0.33211708068847656,4a7be919cc2948c812403be72adbd7cc0f82cad1d582ef6db0d33f3a9a486ef7,True,0.17237663269042947,0.48828125,4a7be919cc2948c812403be72adbd7cc0f82cad1d582ef6db0d33f3a9a486ef7
candidate,r4,classic,172032,0,9,0.0,0,400,0,0.1441001892089843,0.2951622009277344,228d6851fa69c0e450a6e580cc2653929a2f326d5c7c632ed620b146f9e2d096,True,0.16456842422485324,0.6549358367919922,228d6851fa69c0e450a6e580cc2653929a2f326d5c7c632ed620b146f9e2d096
candidate,r4,classic,172033,3,9,0.3333333333333333,0,400,0,0.32448768615722634,1.1458396911621094,06c122c556ee46edc94d7cc3e1cfe08978c5ff76aa082ed06a1aaa7fb91c803b,True,0.3410935401916502,0.492095947265625,06c122c556ee46edc94d7cc3e1cfe08978c5ff76aa082ed06a1aaa7fb91c803b
candidate,r4,classic,172034,0,9,0.0,0,400,0,0.14692544937133784,0.46181678771972656,b62180f8ba1695de36a00a13f126ba8063cc5a8be2a9906aab190d62af70bc0c,True,0.21581649780273368,0.43392181396484375,b62180f8ba1695de36a00a13f126ba8063cc5a8be2a9906aab190d62af70bc0c
candidate,r4,classic,172035,0,9,0.0,0,400,0,0.1612663269042968,0.3559589385986328,f6ee26a04f3d138ddeb739a16c4365fe2d3142e2dc4cbe56f16296724b9c3847,True,0.16385316848754877,0.6010532379150391,f6ee26a04f3d138ddeb739a16c4365fe2d3142e2dc4cbe56f16296724b9c3847
candidate,r4,classic,172036,1,9,0.1111111111111111,1,41,0,0.18906593322753906,0.30303001403808594,78adbdd0b09e54f026a44f4a01f0a88819cc092b96d51ef92896323fe9c44970,True,0.4050731658935547,0.42700767517089844,78adbdd0b09e54f026a44f4a01f0a88819cc092b96d51ef92896323fe9c44970
candidate,r4,classic,172037,2,9,0.2222222222222222,0,400,0,0.17099380493164057,0.3402233123779297,be6e46d0eafedfea4d921e5358434f6fcc85f368d9896bc5303c0cbd66dff4cc,True,0.32178163528442366,0.7522106170654297,be6e46d0eafedfea4d921e5358434f6fcc85f368d9896bc5303c0cbd66dff4cc
candidate,r4,classic,172038,0,9,0.0,0,400,0,0.13208389282226562,0.3859996795654297,a5f4074e89d5da1596023077df05518e427af270c9de561fdaee6949b575822c,True,0.24534463882446267,1.5218257904052734,a5f4074e89d5da1596023077df05518e427af270c9de561fdaee6949b575822c
candidate,r4,classic,172039,5,9,0.5555555555555556,0,400,0,0.2690434455871581,0.6270408630371094,77061f2bca07713a448ea91ae399df3ddeed7e6b8fdd2fd05d7a003dfe94c2d7,True,0.3183841705322263,0.6740093231201172,77061f2bca07713a448ea91ae399df3ddeed7e6b8fdd2fd05d7a003dfe94c2d7
candidate,r4,classic,172040,0,9,0.0,0,400,0,0.25820732116699197,0.5738735198974609,643e839cd2de178fa4fedae34b39272b43e5915f6b29762edec67c371a7a72df,True,0.30254125595092707,0.6468296051025391,643e839cd2de178fa4fedae34b39272b43e5915f6b29762edec67c371a7a72df
candidate,r4,coin-heaven,173001,50,50,1.0,0,123,0,0.26555061340332026,0.4329681396484375,39ccdaf19d9e2e3859f6c11725b9a190a3893f33ea99741ca42f0bf8c689a92c,True,0.40588378906249967,0.5979537963867188,39ccdaf19d9e2e3859f6c11725b9a190a3893f33ea99741ca42f0bf8c689a92c
candidate,r4,coin-heaven,173002,50,50,1.0,0,128,0,0.2189040184020995,0.7352828979492188,c5a8218d48d7c8da53c0f5870913b6cdfdc75ded5880de8fa97f93af82cb34d3,True,0.9650230407714842,2.0248889923095703,c5a8218d48d7c8da53c0f5870913b6cdfdc75ded5880de8fa97f93af82cb34d3
candidate,r4,coin-heaven,173003,50,50,1.0,0,151,0,0.2884864807128906,0.3719329833984375,0d1ba7cfe6adf7f1207d98c0dc690a314196fc3b099dd13b226d9099472daaed,True,0.6773471832275391,2.092123031616211,0d1ba7cfe6adf7f1207d98c0dc690a314196fc3b099dd13b226d9099472daaed
candidate,r4,coin-heaven,173004,50,50,1.0,0,122,0,0.17985105514526364,0.45871734619140625,ff39b6b6a01b29b2a1ccb62e147c18dfdb682df6bee1f40bf3de6157ab7db146,True,0.6023049354553219,0.9877681732177734,ff39b6b6a01b29b2a1ccb62e147c18dfdb682df6bee1f40bf3de6157ab7db146
candidate,r4,coin-heaven,173005,50,50,1.0,0,118,0,0.40036439895629833,0.5407333374023438,cbecf1fbcd7c5b7ec15050c6353c5d0229023f040e6500b22edb5d123104cd84,True,0.6282806396484374,1.032114028930664,cbecf1fbcd7c5b7ec15050c6353c5d0229023f040e6500b22edb5d123104cd84
candidate,r4,coin-heaven,173006,50,50,1.0,0,111,0,0.2111196517944336,0.36907196044921875,904e57c39c4756d074a0f80bd9f67e24bd4bc065f68a7da79131e29c55d5f316,True,0.3355741500854492,0.5371570587158203,904e57c39c4756d074a0f80bd9f67e24bd4bc065f68a7da79131e29c55d5f316
candidate,r4,coin-heaven,173007,50,50,1.0,0,126,0,0.6018280982971191,1.3260841369628906,1119b0bb97a3bb3f06179b337b6227939f1d7eccc4c1948a098f046c6c9c0cfb,True,1.0939240455627441,2.0110607147216797,1119b0bb97a3bb3f06179b337b6227939f1d7eccc4c1948a098f046c6c9c0cfb
candidate,r4,coin-heaven,173008,50,50,1.0,0,124,0,0.408947467803955,0.8051395416259766,7d935048206fedc3d97602cb6710346602d059b0968a328a83dbbb20e93cc48b,True,0.5980610847473141,2.9191970825195312,7d935048206fedc3d97602cb6710346602d059b0968a328a83dbbb20e93cc48b
candidate,r4,coin-heaven,173009,50,50,1.0,0,131,0,0.36895275115966797,0.6260871887207031,6f22382964b99070fd01ac6994559df4e79465f29c5f69d6b90e29d07dccd044,True,0.46646595001220703,0.7081031799316406,6f22382964b99070fd01ac6994559df4e79465f29c5f69d6b90e29d07dccd044
candidate,r4,coin-heaven,173010,50,50,1.0,0,110,0,0.26051998138427723,0.4668235778808594,5dc44785fb0af3bf3831425ed763a2cf5127eb0b4a14f2560a9c7c05bd5957bd,True,0.6543397903442382,1.2841224670410156,5dc44785fb0af3bf3831425ed763a2cf5127eb0b4a14f2560a9c7c05bd5957bd
candidate,r4,coin-heaven,173011,50,50,1.0,0,128,0,0.31391382217407227,0.5147457122802734,4c3c58c50bbae84eb1ba6878fcec8fe1c0003959d31772d8646f3412fce5045e,True,0.48427581787109375,1.058816909790039,4c3c58c50bbae84eb1ba6878fcec8fe1c0003959d31772d8646f3412fce5045e
candidate,r4,coin-heaven,173012,50,50,1.0,0,116,0,0.33545494079589844,0.6792545318603516,a8a6565d7dde18f43ddc6b77d920f0e58192d7cd81b45a56bd96c5388f23431e,True,0.47850608825683594,2.3889541625976562,a8a6565d7dde18f43ddc6b77d920f0e58192d7cd81b45a56bd96c5388f23431e
candidate,r4,coin-heaven,173013,50,50,1.0,0,134,0,0.37719011306762684,0.7181167602539062,d957fc33a7c126fef0e690e9353caaba8abdf37fc0377ce6d2ffd057b0568a3c,True,0.48816204071044916,0.90789794921875,d957fc33a7c126fef0e690e9353caaba8abdf37fc0377ce6d2ffd057b0568a3c
candidate,r4,coin-heaven,173014,50,50,1.0,0,128,0,0.333571434020996,0.4699230194091797,41b1d08b23f2dddbdf10313145ad275222c9ac3f86da09d5e1e5edddad15d9d7,True,0.5076408386230467,2.0749568939208984,41b1d08b23f2dddbdf10313145ad275222c9ac3f86da09d5e1e5edddad15d9d7
candidate,r4,coin-heaven,173015,50,50,1.0,0,128,0,0.30105113983154286,0.5991458892822266,4cb83ba2693f6d86611659f6f12b2df5c34ddef0b32cc56ee7157b2957cb3cdd,True,0.31673908233642567,0.9350776672363281,4cb83ba2693f6d86611659f6f12b2df5c34ddef0b32cc56ee7157b2957cb3cdd
candidate,r4,coin-heaven,173016,50,50,1.0,0,118,0,0.49335956573486317,1.2412071228027344,4b9ce1c3d3a160b66517bce49e85d70ec59bf9bea4626371959b1a463311819b,True,0.5942225456237786,0.7748603820800781,4b9ce1c3d3a160b66517bce49e85d70ec59bf9bea4626371959b1a463311819b
candidate,r4,coin-heaven,173017,50,50,1.0,0,128,0,0.41735172271728455,1.1451244354248047,6942650f3125721ea41e1408c8cc0c0428a2b888f85451295dce3535c71a38e2,True,0.5724906921386718,1.338958740234375,6942650f3125721ea41e1408c8cc0c0428a2b888f85451295dce3535c71a38e2
candidate,r4,coin-heaven,173018,50,50,1.0,0,116,0,0.43326616287231445,0.7390975952148438,e7634f579038c00dca1c34877c5475f8f32c39d25da109beed7545ab33aaa07a,True,0.5943179130554199,1.8377304077148438,e7634f579038c00dca1c34877c5475f8f32c39d25da109beed7545ab33aaa07a
candidate,r4,coin-heaven,173019,50,50,1.0,0,117,0,0.3967761993408201,0.61798095703125,7c7c4c886b34318481f0be45b0f0d2a4a492cd050a1a4d23f861b5f9ca3ba8b4,True,0.6646633148193358,2.2928714752197266,7c7c4c886b34318481f0be45b0f0d2a4a492cd050a1a4d23f861b5f9ca3ba8b4
candidate,r4,coin-heaven,173020,50,50,1.0,0,115,0,0.5602121353149414,1.2149810791015625,95e3c919aa0fab094fb887d45d2b68395a1b7401e3aac9459609817542616d6e,True,0.3430128097534179,1.9917488098144531,95e3c919aa0fab094fb887d45d2b68395a1b7401e3aac9459609817542616d6e
candidate,r4,coin-heaven,173021,50,50,1.0,0,129,0,1.0295391082763667,1.9299983978271484,68608e0771f41d1aa88b994a8c99d225c970648b59e1c4c77b3e0df698b7df84,True,0.5486488342285155,1.52587890625,68608e0771f41d1aa88b994a8c99d225c970648b59e1c4c77b3e0df698b7df84
candidate,r4,coin-heaven,173022,50,50,1.0,0,113,0,0.3006935119628905,0.7901191711425781,f9f18acf3783d55ea488b0d65a5b14f074c668e0830ce9aa62122f9571c6ac6a,True,0.5974292755126953,1.4789104461669922,f9f18acf3783d55ea488b0d65a5b14f074c668e0830ce9aa62122f9571c6ac6a
candidate,r4,coin-heaven,173023,50,50,1.0,0,109,0,0.2633571624755858,0.6682872772216797,6383560ff9dff67d6fc32ec56dfb4b5a91d404f74dc5b872a23613860cdcaf7f,True,0.630807876586914,0.9949207305908203,6383560ff9dff67d6fc32ec56dfb4b5a91d404f74dc5b872a23613860cdcaf7f
candidate,r4,coin-heaven,173024,50,50,1.0,0,128,0,0.5095601081848145,1.1601448059082031,52ddfac6e4c7f9f7b27a7a9a6178acb1b77f7450749948eb04a8cb3f38bbb667,True,0.2588629722595213,3.816843032836914,52ddfac6e4c7f9f7b27a7a9a6178acb1b77f7450749948eb04a8cb3f38bbb667
candidate,r4,coin-heaven,173025,50,50,1.0,0,129,0,0.5331993103027342,2.0880699157714844,fb29e70d8194b1da61696851f69232452347fa996659288f2a0a156827a6200c,True,0.3603935241699219,1.1410713195800781,fb29e70d8194b1da61696851f69232452347fa996659288f2a0a156827a6200c
candidate,r4,coin-heaven,173026,50,50,1.0,0,117,0,0.5401611328124998,0.7929801940917969,3f301a5bfc34f9f5925ad968282612dff88c1e9bb0fa7df54f26075dda2bbeaa,True,0.6206989288330066,2.0599365234375,3f301a5bfc34f9f5925ad968282612dff88c1e9bb0fa7df54f26075dda2bbeaa
candidate,r4,coin-heaven,173027,50,50,1.0,0,121,0,0.34308433532714844,0.4699230194091797,2baca998680d6546acd4fecc41cbbecf9614a5cca4093b7f29e6edd168b4d01d,True,0.4482269287109375,1.911163330078125,2baca998680d6546acd4fecc41cbbecf9614a5cca4093b7f29e6edd168b4d01d
candidate,r4,coin-heaven,173028,50,50,1.0,0,115,0,0.405430793762207,0.8337497711181641,84cf87a4113ed7c76aceaf67bb5d859491b5fd6197fce9c394f517d17a527dfb,True,0.377964973449707,1.2049674987792969,84cf87a4113ed7c76aceaf67bb5d859491b5fd6197fce9c394f517d17a527dfb
candidate,r4,coin-heaven,173029,50,50,1.0,0,123,0,0.5713701248168943,2.2809505462646484,48db79c397905d48b3ee9bf75536ce440a3a91886cfd26b62282c2e821c388d7,True,0.3983497619628905,0.6041526794433594,48db79c397905d48b3ee9bf75536ce440a3a91886cfd26b62282c2e821c388d7
candidate,r4,coin-heaven,173030,50,50,1.0,0,133,0,0.644540786743164,1.6639232635498047,fa25d869aac3ed9eeea4acb4ad069e7efabdec05cc49e6aba4f55e9e125a2876,True,0.6383895874023438,3.1862258911132812,fa25d869aac3ed9eeea4acb4ad069e7efabdec05cc49e6aba4f55e9e125a2876
candidate,r4,coin-heaven,173031,50,50,1.0,0,131,0,0.7544755935668945,1.0251998901367188,b3eb04fc5de54f2b766ba6af47b3ad635b717b0952075a0a9e2bd371600b1c74,True,0.5005598068237305,1.1610984802246094,b3eb04fc5de54f2b766ba6af47b3ad635b717b0952075a0a9e2bd371600b1c74
candidate,r4,coin-heaven,173032,3,50,0.06,1,6,0,0.3968477249145508,0.4191398620605469,395e0d174a6e5e8ce2b75ee3cb9ea406e37529a27edcc0fc10560003846d056a,True,1.6848444938659668,2.0418167114257812,395e0d174a6e5e8ce2b75ee3cb9ea406e37529a27edcc0fc10560003846d056a
candidate,r4,coin-heaven,173033,50,50,1.0,0,115,0,0.2387523651123047,0.7390975952148438,62ad34eb9f1a07b993314b55aa8df4e3b91da989979c8d64167863f140b5c8f3,True,0.271916389465332,1.0857582092285156,62ad34eb9f1a07b993314b55aa8df4e3b91da989979c8d64167863f140b5c8f3
candidate,r4,coin-heaven,173034,50,50,1.0,0,127,0,0.44779777526855463,0.6830692291259766,786e28a890d5820430295decfbcd3dd915b014facd314f455e2efac1928c99f8,True,0.4782915115356438,1.653909683227539,786e28a890d5820430295decfbcd3dd915b014facd314f455e2efac1928c99f8
candidate,r4,coin-heaven,173035,50,50,1.0,0,134,0,0.7286667823791501,1.8799304962158203,726ef3a46e160bf50a2dd839df73c3f3f882411cf4b77faac0329d101c2933dc,True,0.8115530014038081,1.4469623565673828,726ef3a46e160bf50a2dd839df73c3f3f882411cf4b77faac0329d101c2933dc
candidate,r4,coin-heaven,173036,50,50,1.0,0,118,0,0.4717111587524413,0.8058547973632812,d51ff0b81fb6ec6adbf5792a144e38a1a69f141077634bd23d156d5fb56cd8de,True,0.7504582405090329,4.330635070800781,d51ff0b81fb6ec6adbf5792a144e38a1a69f141077634bd23d156d5fb56cd8de
candidate,r4,coin-heaven,173037,50,50,1.0,0,129,0,0.43725967407226557,0.6971359252929688,a8602317ce23b658941139a68e90f82fc25c5cff6a74a8eb90b362f9b11f45ff,True,0.48980712890624994,1.3208389282226562,a8602317ce23b658941139a68e90f82fc25c5cff6a74a8eb90b362f9b11f45ff
candidate,r4,coin-heaven,173038,50,50,1.0,0,117,0,0.3783702850341791,0.7669925689697266,68ae999be6b145c61aae4eea76360641d89785029ad6f63a56e73e66aab101bc,True,0.3951072692871091,2.0711421966552734,68ae999be6b145c61aae4eea76360641d89785029ad6f63a56e73e66aab101bc
candidate,r4,coin-heaven,173039,50,50,1.0,0,116,0,0.3764033317565918,1.7919540405273438,45a5dd2038ff94bbe726530e9ac12f4c724e54e238ff4bda4ab0337f4b3e7280,True,0.4902482032775879,1.222848892211914,45a5dd2038ff94bbe726530e9ac12f4c724e54e238ff4bda4ab0337f4b3e7280
candidate,r4,coin-heaven,173040,50,50,1.0,0,113,0,0.365161895751953,1.071929931640625,45d4747d7066e227a13898afc15a778e2ba52f5a4dae786f443e5694e65243d7,True,0.33373832702636713,0.7791519165039062,45d4747d7066e227a13898afc15a778e2ba52f5a4dae786f443e5694e65243d7
candidate,r4,loot-crate,174001,6,50,0.12,0,400,0,0.5292415618896482,1.6567707061767578,f014221668e4d433b5052abbd7f9ae7d81b68e7c9558aae94d45fd5527e11da7,True,0.4583954811096188,2.5358200073242188,f014221668e4d433b5052abbd7f9ae7d81b68e7c9558aae94d45fd5527e11da7
candidate,r4,loot-crate,174002,16,50,0.32,0,400,0,0.6552577018737787,3.1828880310058594,72189c798f5de2a720aa65345d2f5e433f35a3135533099bcddf2849b31c41b8,True,0.8653879165649411,1.5788078308105469,72189c798f5de2a720aa65345d2f5e433f35a3135533099bcddf2849b31c41b8
candidate,r4,loot-crate,174003,3,50,0.06,1,41,0,0.7510185241699219,1.064300537109375,642616cd3ea56889a2f79d4e21858193eab938ab640c3f675d4ccdeebda062ee,True,0.7622241973876953,1.4069080352783203,642616cd3ea56889a2f79d4e21858193eab938ab640c3f675d4ccdeebda062ee
candidate,r4,loot-crate,174004,2,50,0.04,0,400,0,0.5760788917541504,2.232789993286133,9a4d30799c76c5d7e1cf4a7302d3ef73d3e4c9e36fc90bbbfbecc6adaeb93116,True,0.4297614097595207,1.5957355499267578,9a4d30799c76c5d7e1cf4a7302d3ef73d3e4c9e36fc90bbbfbecc6adaeb93116
candidate,r4,loot-crate,174005,9,50,0.18,0,400,0,0.9160518646240234,2.6061534881591797,5c6d26faaf477da2734da48d5f334c4934ef22b86358c33296be15ab4ff9555d,True,0.7506132125854479,2.366304397583008,5c6d26faaf477da2734da48d5f334c4934ef22b86358c33296be15ab4ff9555d
candidate,r4,loot-crate,174006,12,50,0.24,0,400,0,0.9678483009338369,1.8401145935058594,8d8618b58220e0773d45a6f163e9e34ac1a735c2e1e1b196c2467f5bdd62861a,True,0.949394702911372,10.71310043334961,8d8618b58220e0773d45a6f163e9e34ac1a735c2e1e1b196c2467f5bdd62861a
candidate,r4,loot-crate,174007,25,50,0.5,0,400,0,0.6292939186096188,3.1871795654296875,737ea424fb83cd6e4607dcdfdbf7d9599933ddfb11b0202cce32afc951788112,True,1.0632991790771482,3.640890121459961,737ea424fb83cd6e4607dcdfdbf7d9599933ddfb11b0202cce32afc951788112
candidate,r4,loot-crate,174008,2,50,0.04,0,400,0,0.4260540008544922,1.3248920440673828,b45436798bea3599af98283a1fa6edbbcf36d959400a7319d33b04ffe9ab835a,True,0.9891867637634258,3.793954849243164,b45436798bea3599af98283a1fa6edbbcf36d959400a7319d33b04ffe9ab835a
candidate,r4,loot-crate,174009,2,50,0.04,1,34,0,0.8494019508361811,1.1620521545410156,373c1bcb08d1770a6ca644658ab073f66cdabdc829ac2793fb9f69c4589acf58,True,0.5975842475891113,0.8578300476074219,373c1bcb08d1770a6ca644658ab073f66cdabdc829ac2793fb9f69c4589acf58
candidate,r4,loot-crate,174010,3,50,0.06,0,400,0,1.0389447212219236,2.1257400512695312,5eeeeedda5b24276019ac08632c604a5c2b0e04febc97180ca9f8a03b8a62bfe,True,0.8672952651977536,3.62396240234375,5eeeeedda5b24276019ac08632c604a5c2b0e04febc97180ca9f8a03b8a62bfe
candidate,r4,loot-crate,174011,10,50,0.2,0,400,0,1.0299324989318837,4.122018814086914,033437ce1cfe41d34460678e8a03be083480e123a72e6bc95f2874a6e504c023,True,0.4637956619262695,1.0750293731689453,033437ce1cfe41d34460678e8a03be083480e123a72e6bc95f2874a6e504c023
candidate,r4,loot-crate,174012,11,50,0.22,0,400,0,0.5461812019348142,1.8949508666992188,05f3b83e40b138395ad581d3af0c9c87b59056705d46a0cdbc6c5a38fdbce7b4,True,0.8348822593688948,3.7741661071777344,05f3b83e40b138395ad581d3af0c9c87b59056705d46a0cdbc6c5a38fdbce7b4
candidate,r4,loot-crate,174013,4,50,0.08,0,400,0,0.6503224372863768,2.5959014892578125,6669987c8a639d9877bd1dfea186243de141d385a654a53221e46dbad999f746,True,0.46241283416748014,2.1309852600097656,6669987c8a639d9877bd1dfea186243de141d385a654a53221e46dbad999f746
candidate,r4,loot-crate,174014,0,50,0.0,1,34,0,0.4895806312561032,1.377105712890625,63c6f489f911bd615707b6cc2a808b9331148dd7d02bddb59733128a423b93a8,True,0.40334463119506836,0.4470348358154297,63c6f489f911bd615707b6cc2a808b9331148dd7d02bddb59733128a423b93a8
candidate,r4,loot-crate,174015,25,50,0.5,0,400,0,0.8116483688354488,2.534151077270508,8820a3b4a8030b064f3ae1a3c29093f60a14faeb50996ade772d5b23c630c5e0,True,0.5694031715393064,2.5031566619873047,8820a3b4a8030b064f3ae1a3c29093f60a14faeb50996ade772d5b23c630c5e0
candidate,r4,loot-crate,174016,27,50,0.54,0,400,0,0.6844162940979001,1.5039443969726562,20f75fb3ac1e6494fbd44887dd3ce218f6d224d7762c42c823380cf57c767535,True,0.8645772933959956,4.732847213745117,20f75fb3ac1e6494fbd44887dd3ce218f6d224d7762c42c823380cf57c767535
candidate,r4,loot-crate,174017,32,50,0.64,0,400,0,0.5814313888549801,1.6200542449951172,579c82b45d04412875398e62eb6141c8cc33b9743f17672253022b3160a0541c,True,0.687170028686523,1.8510818481445312,579c82b45d04412875398e62eb6141c8cc33b9743f17672253022b3160a0541c
candidate,r4,loot-crate,174018,4,50,0.08,1,91,0,0.5240440368652344,0.7669925689697266,ed6e71ba1829acc24b1ee965549ee2640047e67a34f36032b5447d456ba51680,True,0.7725954055786133,1.7399787902832031,ed6e71ba1829acc24b1ee965549ee2640047e67a34f36032b5447d456ba51680
candidate,r4,loot-crate,174019,27,50,0.54,0,400,0,0.47221183776855086,2.8100013732910156,8ac2c844f748a03e1e3a83cbfa462402e7169c8ba43dc18f1b46941653bd8463,True,0.6155967712402342,1.9321441650390625,8ac2c844f748a03e1e3a83cbfa462402e7169c8ba43dc18f1b46941653bd8463
candidate,r4,loot-crate,174020,2,50,0.04,0,400,0,1.0205030441284166,5.922079086303711,54d7be6a3d5dc2fba14ac6316f9f2c72436c36d849f01ab395514a3469f0804a,True,0.6061553955078124,3.050088882446289,54d7be6a3d5dc2fba14ac6316f9f2c72436c36d849f01ab395514a3469f0804a
candidate,r4,loot-crate,174021,5,50,0.1,0,400,0,0.5433201789855945,1.0030269622802734,ca32ac6263241d53433d589bbc4b913321a0ddde3dfa92f699e1749128ce65c2,True,0.7200837135314941,4.036188125610352,ca32ac6263241d53433d589bbc4b913321a0ddde3dfa92f699e1749128ce65c2
candidate,r4,loot-crate,174022,9,50,0.18,0,400,0,0.5771756172180174,3.2050609588623047,8b23f9c70eb72328507ea4b860f62fca099375d5c51175f66a8cda36ce8f64a1,True,0.5213499069213864,1.4410018920898438,8b23f9c70eb72328507ea4b860f62fca099375d5c51175f66a8cda36ce8f64a1
candidate,r4,loot-crate,174023,2,50,0.04,0,400,0,0.46750307083129844,3.7412643432617188,ccb8c54ee40de0454fa8411a17876c6ffb871796e2f0ba6650478173a00dfa13,True,0.2681374549865721,0.8339881896972656,ccb8c54ee40de0454fa8411a17876c6ffb871796e2f0ba6650478173a00dfa13
candidate,r4,loot-crate,174024,8,50,0.16,0,400,0,0.5017042160034173,2.0380020141601562,00358cf5b8410787765d3c147a076ee49fd2f9101903eb4d5044cb2924858137,True,0.28305053710937494,1.764059066772461,00358cf5b8410787765d3c147a076ee49fd2f9101903eb4d5044cb2924858137
candidate,r4,loot-crate,174025,15,50,0.3,0,400,0,0.7084488868713376,2.3908615112304688,77622937b94b9953851b4ef4eeebdebc2c945fff1f8146ba59892cbf0304b0e1,True,0.32068490982055664,0.8759498596191406,77622937b94b9953851b4ef4eeebdebc2c945fff1f8146ba59892cbf0304b0e1
candidate,r4,loot-crate,174026,11,50,0.22,0,400,0,0.3384828567504879,1.2259483337402344,93cf673849bf2d95baa17b09129409f92a557c2f31c9e0e1328d23ac45c69505,True,0.4106998443603508,3.4770965576171875,93cf673849bf2d95baa17b09129409f92a557c2f31c9e0e1328d23ac45c69505
candidate,r4,loot-crate,174027,10,50,0.2,0,400,0,0.4455447196960443,1.7762184143066406,e5e928a3f9452c6fb340d8030bcfc27e4ca006cfaa0798e10676c8d9a93c5a7d,True,0.28495788574218744,0.8001327514648438,e5e928a3f9452c6fb340d8030bcfc27e4ca006cfaa0798e10676c8d9a93c5a7d
candidate,r4,loot-crate,174028,3,50,0.06,0,400,0,0.3443837165832516,1.2390613555908203,f1820c4be84b0ddb88b511f3a6b378776215385d0be2420f48482d908840ecfd,True,0.21635293960571259,0.7491111755371094,f1820c4be84b0ddb88b511f3a6b378776215385d0be2420f48482d908840ecfd
candidate,r4,loot-crate,174029,4,50,0.08,0,400,0,0.4206418991088862,1.7032623291015625,05756f3c4cf5008ee188b9063922e68f4e50787e0199c8091ceaf1c8229a5f7d,True,0.2739429473876953,0.8981227874755859,05756f3c4cf5008ee188b9063922e68f4e50787e0199c8091ceaf1c8229a5f7d
candidate,r4,loot-crate,174030,4,50,0.08,0,400,0,0.4161834716796874,0.9768009185791016,7f10e44aeb9fc1cbdd98815c58e7ec4ddf82e355958bf7da6f0f9a383a375b74,True,0.2380013465881347,0.8368492126464844,7f10e44aeb9fc1cbdd98815c58e7ec4ddf82e355958bf7da6f0f9a383a375b74
candidate,r4,loot-crate,174031,1,50,0.02,0,400,0,0.4142284393310546,1.1069774627685547,063c1f17f44ecfbd025f74e56200377c3a7bd2f02db92faeaa4ce06e8a763073,True,0.40882825851440413,1.2280941009521484,063c1f17f44ecfbd025f74e56200377c3a7bd2f02db92faeaa4ce06e8a763073
candidate,r4,loot-crate,174032,5,50,0.1,0,400,0,0.3420829772949217,1.013040542602539,6f25a19b195e12f7199c10826242884a8278bbd872fb822425055223982dcfa9,True,0.247955322265625,0.9889602661132812,6f25a19b195e12f7199c10826242884a8278bbd872fb822425055223982dcfa9
candidate,r4,loot-crate,174033,4,50,0.08,1,50,0,0.8949637413024891,1.5349388122558594,b8feea5055b44f518139972480c198c40226f02babaa44dcbe9a57e711a6b22b,True,0.3505229949951172,0.6380081176757812,b8feea5055b44f518139972480c198c40226f02babaa44dcbe9a57e711a6b22b
candidate,r4,loot-crate,174034,0,50,0.0,0,400,0,0.5263209342956542,1.779794692993164,69d4cf80ce46c3dc2fb47618905dae92f5cbdfdfcc12a5657fa2b6db04f36385,True,0.2294063568115232,1.3649463653564453,69d4cf80ce46c3dc2fb47618905dae92f5cbdfdfcc12a5657fa2b6db04f36385
candidate,r4,loot-crate,174035,4,50,0.08,1,101,0,0.4382133483886719,0.9469985961914062,88637af9ca59959d23f2522be6283042abf889ba067f0d29bfd1a925c92af80c,True,0.29397010803222656,0.6999969482421875,88637af9ca59959d23f2522be6283042abf889ba067f0d29bfd1a925c92af80c
candidate,r4,loot-crate,174036,8,50,0.16,1,135,0,0.8929252624511717,4.266977310180664,9a6af72dd6f11a9947680016192a4176415e05fe7cb2105c94cdee1255fd841b,True,0.20105838775634766,0.38814544677734375,9a6af72dd6f11a9947680016192a4176415e05fe7cb2105c94cdee1255fd841b
candidate,r4,loot-crate,174037,1,50,0.02,0,400,0,0.5167007446289056,2.5348663330078125,063c1f17f44ecfbd025f74e56200377c3a7bd2f02db92faeaa4ce06e8a763073,True,0.24782419204711903,0.7259845733642578,063c1f17f44ecfbd025f74e56200377c3a7bd2f02db92faeaa4ce06e8a763073
candidate,r4,loot-crate,174038,1,50,0.02,0,400,0,0.9322762489318837,2.611875534057617,d8f5558b452345380f97f60039c7676ad3afec65848ba86494e4b0c17279204e,True,0.21606683731079096,0.4820823669433594,d8f5558b452345380f97f60039c7676ad3afec65848ba86494e4b0c17279204e
candidate,r4,loot-crate,174039,10,50,0.2,1,104,0,0.472915172576904,0.9667873382568359,f62faf63cc3a7c8aa04f45d9dd0d8705df267bab4f6ab27fff91673a15039998,True,0.26899576187133784,0.39505958557128906,f62faf63cc3a7c8aa04f45d9dd0d8705df267bab4f6ab27fff91673a15039998
candidate,r4,loot-crate,174040,19,50,0.38,0,400,0,0.5015730857849116,1.352071762084961,5730d81c682a2717072fa53cb5186ddc842a6d812beb48af2fd85f1059710fd9,True,0.38810968399047835,1.3980865478515625,5730d81c682a2717072fa53cb5186ddc842a6d812beb48af2fd85f1059710fd9
candidate,r5,classic,172001,2,9,0.2222222222222222,0,400,0,0.2923011779785154,0.5817413330078125,89c85f6647f9243811e4d74e3addc797f4f8784f75ca3cf6e7d14f788deed1a6,True,0.5493760108947752,3.2258033752441406,89c85f6647f9243811e4d74e3addc797f4f8784f75ca3cf6e7d14f788deed1a6
candidate,r5,classic,172002,4,9,0.4444444444444444,0,400,0,0.3231167793273925,0.7128715515136719,7443d56eb5d1a6a8e7e156c5238ad1349908f466622d91439584dcf551bd1644,True,0.2221941947937003,0.6589889526367188,7443d56eb5d1a6a8e7e156c5238ad1349908f466622d91439584dcf551bd1644
candidate,r5,classic,172003,3,9,0.3333333333333333,0,400,0,0.3264188766479488,0.7061958312988281,a6f2d31348025804053679423d20aa200a0f5b5a264026c4cec725eb977cc112,True,0.31687021255493164,0.7491111755371094,a6f2d31348025804053679423d20aa200a0f5b5a264026c4cec725eb977cc112
candidate,r5,classic,172004,3,9,0.3333333333333333,0,400,0,0.3280401229858396,1.363992691040039,77bf9ebe494a2b66d515727c7dcea78dc24906b242269ad1e793cfd5d3d5c51e,True,0.18218755722045896,0.3230571746826172,77bf9ebe494a2b66d515727c7dcea78dc24906b242269ad1e793cfd5d3d5c51e
candidate,r5,classic,172005,2,9,0.2222222222222222,1,57,0,0.38700103759765625,0.5860328674316406,f2263aabaa6b60dbbcdb87a8b3daf6a0decb784c4e82c20c2d0096a9be8bdf3c,True,0.36807060241699213,0.5099773406982422,f2263aabaa6b60dbbcdb87a8b3daf6a0decb784c4e82c20c2d0096a9be8bdf3c
candidate,r5,classic,172006,4,9,0.4444444444444444,0,400,0,0.43847560882568315,1.4557838439941406,ecff21c6adc8af5115339228548a80dd7bca5d2b198311326a8a8edb0a766c5a,True,0.17882585525512695,0.3750324249267578,ecff21c6adc8af5115339228548a80dd7bca5d2b198311326a8a8edb0a766c5a
candidate,r5,classic,172007,1,9,0.1111111111111111,0,400,0,0.36326646804809554,0.7081031799316406,a8a9b2018b54beb1fa3892594a415aff370d475a2fb28213c366a4119ebd4df9,True,0.2331376075744627,0.7011890411376953,a8a9b2018b54beb1fa3892594a415aff370d475a2fb28213c366a4119ebd4df9
candidate,r5,classic,172008,0,9,0.0,0,400,0,0.35519599914550765,0.8091926574707031,d33ce8d37a9fceec8a887d6759a7cda5bcc1482ce70e14f976ee7e6ea6a5b481,True,0.14815330505371085,0.6620883941650391,d33ce8d37a9fceec8a887d6759a7cda5bcc1482ce70e14f976ee7e6ea6a5b481
candidate,r5,classic,172009,0,9,0.0,0,400,0,0.2749443054199218,0.6909370422363281,9f614f82f907fb284b26cfcfadd5ee4776648b456df5fa263c3e92f3c430d3e7,True,0.15283823013305664,0.6299018859863281,9f614f82f907fb284b26cfcfadd5ee4776648b456df5fa263c3e92f3c430d3e7
candidate,r5,classic,172010,0,9,0.0,0,400,0,0.6912946701049801,3.0677318572998047,a744af297d58bed78482403324364679c0ea22ec812b295795337b5439c2f722,True,0.19718408584594704,0.45990943908691406,a744af297d58bed78482403324364679c0ea22ec812b295795337b5439c2f722
candidate,r5,classic,172011,1,9,0.1111111111111111,0,400,0,0.6346106529235834,1.77001953125,444d6ed33ba4ac569998347e06ae43f473a4c0a23aaa98992f525595bf163023,True,0.18116235733032207,0.7140636444091797,444d6ed33ba4ac569998347e06ae43f473a4c0a23aaa98992f525595bf163023
candidate,r5,classic,172012,4,9,0.4444444444444444,0,400,0,0.8159160614013654,7.90095329284668,04e9292a7b5fe99b1a0a25dc09770a789067e77abe71eafdf62ab34bd0e4f65f,True,0.24200677871703993,0.7159709930419922,04e9292a7b5fe99b1a0a25dc09770a789067e77abe71eafdf62ab34bd0e4f65f
candidate,r5,classic,172013,1,9,0.1111111111111111,0,400,0,0.9956955909729,3.404855728149414,efa5709465424bf4a777bd291f427492e8019a1e84fc57038a69f1add8d622ab,True,0.21414756774902338,0.6132125854492188,efa5709465424bf4a777bd291f427492e8019a1e84fc57038a69f1add8d622ab
candidate,r5,classic,172014,1,9,0.1111111111111111,0,400,0,0.7065773010253903,2.529144287109375,9ee39628636d0f8476d752e296ad00162997fc10c761f4086f948ad9d297afa5,True,0.18788576126098633,0.38909912109375,9ee39628636d0f8476d752e296ad00162997fc10c761f4086f948ad9d297afa5
candidate,r5,classic,172015,2,9,0.2222222222222222,0,400,0,0.49554109573364225,1.8281936645507812,5404eafc469c62466244499fe6ef99e09bd646843181bd3cfb6c385831623f49,True,0.17404556274414062,0.7090568542480469,5404eafc469c62466244499fe6ef99e09bd646843181bd3cfb6c385831623f49
candidate,r5,classic,172016,5,9,0.5555555555555556,0,400,0,0.8015990257263177,1.9299983978271484,2676ce17bbd4c002a0c8fa269b301e7fb516e06bac68abc4ffebfa3f5a56e788,True,0.3619790077209472,0.6909370422363281,2676ce17bbd4c002a0c8fa269b301e7fb516e06bac68abc4ffebfa3f5a56e788
candidate,r5,classic,172017,1,9,0.1111111111111111,0,400,0,0.7066130638122544,1.9478797912597656,ce33e693192c0b8bc52fa0234093e3911d3d268b44431a32b972b86ba9e2c75c,True,0.18644332885742165,0.5788803100585938,ce33e693192c0b8bc52fa0234093e3911d3d268b44431a32b972b86ba9e2c75c
candidate,r5,classic,172018,1,9,0.1111111111111111,0,400,0,0.5844831466674801,4.3201446533203125,cdc211a7f486ea1664cef190813dae5587afdecdf465aeb44ee720c4a6091d3e,True,0.19276142120361317,0.7779598236083984,cdc211a7f486ea1664cef190813dae5587afdecdf465aeb44ee720c4a6091d3e
candidate,r5,classic,172019,4,9,0.4444444444444444,0,400,0,0.6801724433898924,2.9621124267578125,35500a5e78f5a65d80589e7bd7aec811f388e7111b10732e9fa1b0fe215a5f35,True,0.16008615493774403,0.4398822784423828,35500a5e78f5a65d80589e7bd7aec811f388e7111b10732e9fa1b0fe215a5f35
candidate,r5,classic,172020,0,9,0.0,0,400,0,0.7041811943054198,3.1440258026123047,6c9cc4dac50883e8d40a16fcbd1a287fb17f6e737ad90d8db25eaa84562de97f,True,0.1635670661926265,0.28586387634277344,6c9cc4dac50883e8d40a16fcbd1a287fb17f6e737ad90d8db25eaa84562de97f
candidate,r5,classic,172021,4,9,0.4444444444444444,0,400,0,0.9575009346008299,4.677057266235352,6972970d7f3553ca50fe7426475301c0c9ec7220a2845d7c27e68f1b495a4898,True,0.20413398742675776,0.5931854248046875,6972970d7f3553ca50fe7426475301c0c9ec7220a2845d7c27e68f1b495a4898
candidate,r5,classic,172022,1,9,0.1111111111111111,1,35,0,0.8209943771362288,1.7609596252441406,7c189112d34bb1565858e2f44f535cc64bc7d1157d05c3fc5f27d30b5e6ea23c,True,0.25558471679687483,0.3292560577392578,7c189112d34bb1565858e2f44f535cc64bc7d1157d05c3fc5f27d30b5e6ea23c
candidate,r5,classic,172023,1,9,0.1111111111111111,0,400,0,1.0069608688354477,14.856815338134766,e02f4d4efda4c9442b86a3328e0bd7d04037135643f935a400eb31db93270051,True,0.16390085220336903,0.39005279541015625,e02f4d4efda4c9442b86a3328e0bd7d04037135643f935a400eb31db93270051
candidate,r5,classic,172024,3,9,0.3333333333333333,0,400,0,0.7952928543090817,4.441022872924805,f33d997285320053dcf27b7f881b0181b227c628abc66928e1093c144bb83261,True,0.1763343811035155,0.5891323089599609,f33d997285320053dcf27b7f881b0181b227c628abc66928e1093c144bb83261
candidate,r5,classic,172025,3,9,0.3333333333333333,0,400,0,0.7745385169982898,2.743959426879883,709af460e30cc8be7c7ec7cb2ed3ae827df75350712ab03913658510ba033f6d,True,0.25107860565185525,0.9238719940185547,709af460e30cc8be7c7ec7cb2ed3ae827df75350712ab03913658510ba033f6d
candidate,r5,classic,172026,2,9,0.2222222222222222,0,400,0,0.7507085800170893,1.421213150024414,ea1d0911a38f638e2dea64edb21ec004433851c445a7193925436cdbc1b890db,True,0.17268657684326166,0.4589557647705078,ea1d0911a38f638e2dea64edb21ec004433851c445a7193925436cdbc1b890db
candidate,r5,classic,172027,1,9,0.1111111111111111,0,400,0,0.8302092552185059,2.199888229370117,4ab3882d93ad56c96f5b58a13dbdb789c9b516d75a0a6c31b8b5eb63aa3c205b,True,0.2659440040588378,0.6918907165527344,4ab3882d93ad56c96f5b58a13dbdb789c9b516d75a0a6c31b8b5eb63aa3c205b
candidate,r5,classic,172028,2,9,0.2222222222222222,0,400,0,0.5722165107727049,3.4279823303222656,61a0db2d16ae8eebf2948d6fe0638800d97a703a9f54410a22648a88dcb60b8f,True,0.18589496612548814,0.36978721618652344,61a0db2d16ae8eebf2948d6fe0638800d97a703a9f54410a22648a88dcb60b8f
candidate,r5,classic,172029,0,9,0.0,1,34,0,0.36717653274536133,0.5030632019042969,f9607b4c37a7c8fc0a43c4d79583ffeb65d53c9e69adb90f0144e05a00096b8c,True,0.2246737480163573,0.49495697021484375,f9607b4c37a7c8fc0a43c4d79583ffeb65d53c9e69adb90f0144e05a00096b8c
candidate,r5,classic,172030,2,9,0.2222222222222222,0,400,0,0.34161806106567344,2.1638870239257812,17da93b277dc2cb1358f8f0a496f69dddc91a5b877deafbec0d5998beae09cf9,True,0.2521038055419921,1.561880111694336,17da93b277dc2cb1358f8f0a496f69dddc91a5b877deafbec0d5998beae09cf9
candidate,r5,classic,172031,2,9,0.2222222222222222,1,157,0,0.3407955169677734,1.2221336364746094,b6d51d88d85a8735c1e3d9ebd23b192b9bb5b259418af9a9ffd4bfe017049987,True,0.20284652709960893,0.6721019744873047,b6d51d88d85a8735c1e3d9ebd23b192b9bb5b259418af9a9ffd4bfe017049987
candidate,r5,classic,172032,0,9,0.0,0,400,0,0.31719207763671864,1.4002323150634766,bf7c2fa45af27425c66112e665685528e68f83d0be14064977442a5e037b5e00,True,0.19823312759399403,0.5319118499755859,bf7c2fa45af27425c66112e665685528e68f83d0be14064977442a5e037b5e00
candidate,r5,classic,172033,1,9,0.1111111111111111,0,400,0,0.3542542457580565,1.4710426330566406,2453f69e020043f9caf50a0b88ca6075f21a0a99d5be0430b937433ea8022432,True,0.17882585525512695,0.9369850158691406,2453f69e020043f9caf50a0b88ca6075f21a0a99d5be0430b937433ea8022432
candidate,r5,classic,172034,0,9,0.0,0,400,0,0.2661943435668942,0.6351470947265625,f6ee2a1797017f0241cc854fff9c4f11dcc3f9a484584da5988b9df2769b1053,True,0.17631053924560514,0.9419918060302734,f6ee2a1797017f0241cc854fff9c4f11dcc3f9a484584da5988b9df2769b1053
candidate,r5,classic,172035,1,9,0.1111111111111111,0,400,0,0.5353093147277821,5.498170852661133,b119b478eeef63b082d2d6329b7e28495595f05cec0a636b6fbd3cdd53e4bb61,True,0.186014175415039,0.49686431884765625,b119b478eeef63b082d2d6329b7e28495595f05cec0a636b6fbd3cdd53e4bb61
candidate,r5,classic,172036,3,9,0.3333333333333333,0,400,0,0.23794174194335938,0.5431175231933594,653fde5253d3aeb2a835c7453ea9e5a0a4738ae691f164e959542e21ce6b5faa,True,0.1621246337890625,0.45680999755859375,653fde5253d3aeb2a835c7453ea9e5a0a4738ae691f164e959542e21ce6b5faa
candidate,r5,classic,172037,0,9,0.0,0,400,0,0.5975604057312001,4.024982452392578,3e63c5139ad37862b2ea7d3c768000b5b6ae5474b0f88545a3c74b29b9aee4be,True,0.18106698989868153,0.3597736358642578,3e63c5139ad37862b2ea7d3c768000b5b6ae5474b0f88545a3c74b29b9aee4be
candidate,r5,classic,172038,4,9,0.4444444444444444,0,400,0,0.7042884826660145,3.50189208984375,4c9e929aed8996948fd76d7368d46c0f385448a8cf9652def9329839384b12c1,True,0.23818016052246094,0.4150867462158203,4c9e929aed8996948fd76d7368d46c0f385448a8cf9652def9329839384b12c1
candidate,r5,classic,172039,0,9,0.0,0,400,0,0.8752584457397459,3.052234649658203,13920144e2303f02d8b9e3d75e5f8ec24023a01c68b8019b89ee2f797d747444,True,0.1863479614257811,0.35500526428222656,13920144e2303f02d8b9e3d75e5f8ec24023a01c68b8019b89ee2f797d747444
candidate,r5,classic,172040,1,9,0.1111111111111111,0,400,0,0.6794929504394529,1.9800662994384766,fa38331dad8928ea48b4ec50db76253043749833e7dae00a3437aea6164f73be,True,0.18421411514282213,0.4317760467529297,fa38331dad8928ea48b4ec50db76253043749833e7dae00a3437aea6164f73be
candidate,r5,coin-heaven,173001,50,50,1.0,0,123,0,0.18715858459472656,0.4181861877441406,39ccdaf19d9e2e3859f6c11725b9a190a3893f33ea99741ca42f0bf8c689a92c,True,0.20749568939208968,0.2980232238769531,39ccdaf19d9e2e3859f6c11725b9a190a3893f33ea99741ca42f0bf8c689a92c
candidate,r5,coin-heaven,173002,50,50,1.0,0,128,0,0.18564462661743145,1.0671615600585938,c5a8218d48d7c8da53c0f5870913b6cdfdc75ded5880de8fa97f93af82cb34d3,True,0.26205778121948226,0.4439353942871094,c5a8218d48d7c8da53c0f5870913b6cdfdc75ded5880de8fa97f93af82cb34d3
candidate,r5,coin-heaven,173003,50,50,1.0,0,151,0,0.27239322662353516,0.3571510314941406,0d1ba7cfe6adf7f1207d98c0dc690a314196fc3b099dd13b226d9099472daaed,True,0.4668235778808594,2.1288394927978516,0d1ba7cfe6adf7f1207d98c0dc690a314196fc3b099dd13b226d9099472daaed
candidate,r5,coin-heaven,173004,50,50,1.0,0,122,0,0.15376806259155268,0.2570152282714844,ff39b6b6a01b29b2a1ccb62e147c18dfdb682df6bee1f40bf3de6157ab7db146,True,0.3614783287048339,0.5991458892822266,ff39b6b6a01b29b2a1ccb62e147c18dfdb682df6bee1f40bf3de6157ab7db146
candidate,r5,coin-heaven,173005,50,50,1.0,0,118,0,0.15791654586791987,0.2732276916503906,cbecf1fbcd7c5b7ec15050c6353c5d0229023f040e6500b22edb5d123104cd84,True,0.354623794555664,1.4297962188720703,cbecf1fbcd7c5b7ec15050c6353c5d0229023f040e6500b22edb5d123104cd84
candidate,r5,coin-heaven,173006,50,50,1.0,0,111,0,0.1468658447265625,0.4591941833496094,904e57c39c4756d074a0f80bd9f67e24bd4bc065f68a7da79131e29c55d5f316,True,0.3644227981567383,0.67901611328125,904e57c39c4756d074a0f80bd9f67e24bd4bc065f68a7da79131e29c55d5f316
candidate,r5,coin-heaven,173007,50,50,1.0,0,126,0,0.16582012176513672,1.3687610626220703,1119b0bb97a3bb3f06179b337b6227939f1d7eccc4c1948a098f046c6c9c0cfb,True,0.38433074951171875,0.7140636444091797,1119b0bb97a3bb3f06179b337b6227939f1d7eccc4c1948a098f046c6c9c0cfb
candidate,r5,coin-heaven,173008,50,50,1.0,0,135,0,0.29883384704589844,0.42700767517089844,121ecf00b8cfe4e663e75b14d76efae0c70f9a8f2eaf162fda90f6b80e1f85b5,True,0.5805969238281249,5.491971969604492,121ecf00b8cfe4e663e75b14d76efae0c70f9a8f2eaf162fda90f6b80e1f85b5
candidate,r5,coin-heaven,173009,50,50,1.0,0,131,0,0.1653432846069336,0.36406517028808594,6f22382964b99070fd01ac6994559df4e79465f29c5f69d6b90e29d07dccd044,True,0.23794174194335938,0.4200935363769531,6f22382964b99070fd01ac6994559df4e79465f29c5f69d6b90e29d07dccd044
candidate,r5,coin-heaven,173010,50,50,1.0,0,110,0,0.16925334930419922,0.247955322265625,5dc44785fb0af3bf3831425ed763a2cf5127eb0b4a14f2560a9c7c05bd5957bd,True,0.608372688293457,1.4259815216064453,5dc44785fb0af3bf3831425ed763a2cf5127eb0b4a14f2560a9c7c05bd5957bd
candidate,r5,coin-heaven,173011,50,50,1.0,0,128,0,0.281989574432373,0.3600120544433594,4c3c58c50bbae84eb1ba6878fcec8fe1c0003959d31772d8646f3412fce5045e,True,0.5254626274108886,1.3699531555175781,4c3c58c50bbae84eb1ba6878fcec8fe1c0003959d31772d8646f3412fce5045e
candidate,r5,coin-heaven,173012,50,50,1.0,0,116,0,0.2582073211669922,0.3650188446044922,a8a6565d7dde18f43ddc6b77d920f0e58192d7cd81b45a56bd96c5388f23431e,True,0.6564855575561523,3.304004669189453,a8a6565d7dde18f43ddc6b77d920f0e58192d7cd81b45a56bd96c5388f23431e
candidate,r5,coin-heaven,173013,50,50,1.0,0,134,0,0.22722482681274414,0.3559589385986328,d957fc33a7c126fef0e690e9353caaba8abdf37fc0377ce6d2ffd057b0568a3c,True,0.36189556121826166,1.0020732879638672,d957fc33a7c126fef0e690e9353caaba8abdf37fc0377ce6d2ffd057b0568a3c
candidate,r5,coin-heaven,173014,50,50,1.0,0,120,0,0.20111799240112302,0.2968311309814453,621af1827a4fb1c4417048363134c7c56ae97d8b39eeccf37fb79270991d6e70,True,0.28972625732421853,0.8690357208251953,621af1827a4fb1c4417048363134c7c56ae97d8b39eeccf37fb79270991d6e70
candidate,r5,coin-heaven,173015,50,50,1.0,0,128,0,0.2013802528381347,0.3330707550048828,4cb83ba2693f6d86611659f6f12b2df5c34ddef0b32cc56ee7157b2957cb3cdd,True,0.6702423095703125,1.107931137084961,4cb83ba2693f6d86611659f6f12b2df5c34ddef0b32cc56ee7157b2957cb3cdd
candidate,r5,coin-heaven,173016,50,50,1.0,0,118,0,0.26301145553588867,0.3879070281982422,4b9ce1c3d3a160b66517bce49e85d70ec59bf9bea4626371959b1a463311819b,True,0.4552245140075683,0.7939338684082031,4b9ce1c3d3a160b66517bce49e85d70ec59bf9bea4626371959b1a463311819b
candidate,r5,coin-heaven,173017,50,50,1.0,0,128,0,0.16689300537109375,0.31495094299316406,6942650f3125721ea41e1408c8cc0c0428a2b888f85451295dce3535c71a38e2,True,0.23665428161621094,0.591278076171875,6942650f3125721ea41e1408c8cc0c0428a2b888f85451295dce3535c71a38e2
candidate,r5,coin-heaven,173018,50,50,1.0,0,116,0,0.17702579498291016,0.40984153747558594,e7634f579038c00dca1c34877c5475f8f32c39d25da109beed7545ab33aaa07a,True,0.3311038017272949,0.5040168762207031,e7634f579038c00dca1c34877c5475f8f32c39d25da109beed7545ab33aaa07a
candidate,r5,coin-heaven,173019,50,50,1.0,0,117,0,0.17771720886230466,0.25081634521484375,7c7c4c886b34318481f0be45b0f0d2a4a492cd050a1a4d23f861b5f9ca3ba8b4,True,0.4155635833740233,0.8039474487304688,7c7c4c886b34318481f0be45b0f0d2a4a492cd050a1a4d23f861b5f9ca3ba8b4
candidate,r5,coin-heaven,173020,50,50,1.0,0,115,0,0.1405954360961914,0.2529621124267578,95e3c919aa0fab094fb887d45d2b68395a1b7401e3aac9459609817542616d6e,True,0.6180524826049801,1.9860267639160156,95e3c919aa0fab094fb887d45d2b68395a1b7401e3aac9459609817542616d6e
candidate,r5,coin-heaven,173021,50,50,1.0,0,129,0,0.18601417541503903,0.3230571746826172,68608e0771f41d1aa88b994a8c99d225c970648b59e1c4c77b3e0df698b7df84,True,0.575923919677734,1.344919204711914,68608e0771f41d1aa88b994a8c99d225c970648b59e1c4c77b3e0df698b7df84
candidate,r5,coin-heaven,173022,50,50,1.0,0,113,0,0.19054412841796875,0.4050731658935547,f9f18acf3783d55ea488b0d65a5b14f074c668e0830ce9aa62122f9571c6ac6a,True,0.5772113800048825,1.4500617980957031,f9f18acf3783d55ea488b0d65a5b14f074c668e0830ce9aa62122f9571c6ac6a
candidate,r5,coin-heaven,173023,50,50,1.0,0,109,0,0.19407272338867188,0.4680156707763672,6383560ff9dff67d6fc32ec56dfb4b5a91d404f74dc5b872a23613860cdcaf7f,True,0.7348060607910154,1.001119613647461,6383560ff9dff67d6fc32ec56dfb4b5a91d404f74dc5b872a23613860cdcaf7f
candidate,r5,coin-heaven,173024,50,50,1.0,0,129,0,0.3659248352050779,0.5888938903808594,62ab90f4862754ff1c92ec71116637726a7aa9ce3081fb63157ab112a9a85684,True,0.2555370330810546,0.4410743713378906,62ab90f4862754ff1c92ec71116637726a7aa9ce3081fb63157ab112a9a85684
candidate,r5,coin-heaven,173025,50,50,1.0,0,129,0,0.32591819763183594,0.5359649658203125,b2937dc8f204ceb498056847e66414452184b589e47fa272e3b859a87b75851d,True,0.25792121887207026,0.3540515899658203,b2937dc8f204ceb498056847e66414452184b589e47fa272e3b859a87b75851d
candidate,r5,coin-heaven,173026,50,50,1.0,0,117,0,0.2718448638916015,0.5099773406982422,3f301a5bfc34f9f5925ad968282612dff88c1e9bb0fa7df54f26075dda2bbeaa,True,0.26960372924804676,0.4329681396484375,3f301a5bfc34f9f5925ad968282612dff88c1e9bb0fa7df54f26075dda2bbeaa
candidate,r5,coin-heaven,173027,50,50,1.0,0,121,0,0.22673606872558594,0.3058910369873047,2baca998680d6546acd4fecc41cbbecf9614a5cca4093b7f29e6edd168b4d01d,True,0.41103363037109375,0.8509159088134766,2baca998680d6546acd4fecc41cbbecf9614a5cca4093b7f29e6edd168b4d01d
candidate,r5,coin-heaven,173028,50,50,1.0,0,115,0,0.33502578735351557,0.4761219024658203,84cf87a4113ed7c76aceaf67bb5d859491b5fd6197fce9c394f517d17a527dfb,True,0.7714986801147459,1.2590885162353516,84cf87a4113ed7c76aceaf67bb5d859491b5fd6197fce9c394f517d17a527dfb
candidate,r5,coin-heaven,173029,50,50,1.0,0,123,0,0.3215789794921875,0.8599758148193359,48db79c397905d48b3ee9bf75536ce440a3a91886cfd26b62282c2e821c388d7,True,0.5834102630615234,1.13677978515625,48db79c397905d48b3ee9bf75536ce440a3a91886cfd26b62282c2e821c388d7
candidate,r5,coin-heaven,173030,50,50,1.0,0,133,0,0.35939216613769526,0.46706199645996094,fa25d869aac3ed9eeea4acb4ad069e7efabdec05cc49e6aba4f55e9e125a2876,True,0.3942012786865234,0.9870529174804688,fa25d869aac3ed9eeea4acb4ad069e7efabdec05cc49e6aba4f55e9e125a2876
candidate,r5,coin-heaven,173031,50,50,1.0,0,131,0,0.3094673156738281,1.0597705841064453,b3eb04fc5de54f2b766ba6af47b3ad635b717b0952075a0a9e2bd371600b1c74,True,0.5495548248291016,1.1789798736572266,b3eb04fc5de54f2b766ba6af47b3ad635b717b0952075a0a9e2bd371600b1c74
candidate,r5,coin-heaven,173032,50,50,1.0,0,108,0,0.23118257522583002,0.34499168395996094,e44a9c64d33da178754933b133e4e6956f593108c1eb408e4c9f29ef45079e31,True,0.44051408767700184,1.5518665313720703,e44a9c64d33da178754933b133e4e6956f593108c1eb408e4c9f29ef45079e31
candidate,r5,coin-heaven,173033,50,50,1.0,0,112,0,0.23936033248901364,0.5109310150146484,a2e9117169173aaae3eb17092658eb2bcc30a06b184dbcb2a12df13bdd503055,True,0.41433572769165034,0.8819103240966797,a2e9117169173aaae3eb17092658eb2bcc30a06b184dbcb2a12df13bdd503055
candidate,r5,coin-heaven,173034,50,50,1.0,0,127,0,0.27875900268554676,0.4589557647705078,786e28a890d5820430295decfbcd3dd915b014facd314f455e2efac1928c99f8,True,0.3646850585937498,1.0602474212646484,786e28a890d5820430295decfbcd3dd915b014facd314f455e2efac1928c99f8
candidate,r5,coin-heaven,173035,50,50,1.0,0,134,0,0.2961277961730956,0.4107952117919922,726ef3a46e160bf50a2dd839df73c3f3f882411cf4b77faac0329d101c2933dc,True,0.6060361862182612,1.5208721160888672,726ef3a46e160bf50a2dd839df73c3f3f882411cf4b77faac0329d101c2933dc
candidate,r5,coin-heaven,173036,50,50,1.0,0,130,0,0.38431882858276345,0.6358623504638672,0c42ce5399cc1a02db5e2978af98b4ae336e7beb5d981adab60bf69fea5c1465,True,0.37630796432495117,0.8640289306640625,0c42ce5399cc1a02db5e2978af98b4ae336e7beb5d981adab60bf69fea5c1465
candidate,r5,coin-heaven,173037,50,50,1.0,0,129,0,0.5806446075439451,1.0578632354736328,a8602317ce23b658941139a68e90f82fc25c5cff6a74a8eb90b362f9b11f45ff,True,0.728178024291992,2.7980804443359375,a8602317ce23b658941139a68e90f82fc25c5cff6a74a8eb90b362f9b11f45ff
candidate,r5,coin-heaven,173038,50,50,1.0,0,117,0,0.7645606994628903,2.485036849975586,68ae999be6b145c61aae4eea76360641d89785029ad6f63a56e73e66aab101bc,True,0.6464004516601558,1.0378360748291016,68ae999be6b145c61aae4eea76360641d89785029ad6f63a56e73e66aab101bc
candidate,r5,coin-heaven,173039,50,50,1.0,0,116,0,0.2435445785522461,0.45609474182128906,45a5dd2038ff94bbe726530e9ac12f4c724e54e238ff4bda4ab0337f4b3e7280,True,0.5573630332946777,1.687765121459961,45a5dd2038ff94bbe726530e9ac12f4c724e54e238ff4bda4ab0337f4b3e7280
candidate,r5,coin-heaven,173040,50,50,1.0,0,113,0,0.31900405883789057,0.41794776916503906,45d4747d7066e227a13898afc15a778e2ba52f5a4dae786f443e5694e65243d7,True,0.46944618225097606,1.1248588562011719,45d4747d7066e227a13898afc15a778e2ba52f5a4dae786f443e5694e65243d7
candidate,r5,loot-crate,174001,31,50,0.62,0,400,0,0.8576512336730944,2.125263214111328,d64619a7e69fd88811f141df6e9a1b8a1a69c34e003a3c3646628b15d0bf494d,True,0.9816408157348628,4.759788513183594,d64619a7e69fd88811f141df6e9a1b8a1a69c34e003a3c3646628b15d0bf494d
candidate,r5,loot-crate,174002,18,50,0.36,0,400,0,0.9611248970031736,2.6590824127197266,206628836673e7ccc027cd10af762f15e61846d2f85ff3e7c9fd1ef521256eb1,True,0.4465579986572259,3.2701492309570312,206628836673e7ccc027cd10af762f15e61846d2f85ff3e7c9fd1ef521256eb1
candidate,r5,loot-crate,174003,14,50,0.28,0,400,0,0.48905611038208,1.1892318725585938,17c1ef204cc4f0e53f53220d2c32104889ead8623e15a80f42b97d5474b91fda,True,0.4483938217163082,1.6231536865234375,17c1ef204cc4f0e53f53220d2c32104889ead8623e15a80f42b97d5474b91fda
candidate,r5,loot-crate,174004,9,50,0.18,1,122,0,0.8440613746643064,2.7980804443359375,1df6077c9277d93e06d9cf04d3df0bbffd78bec002c4642ce21e41bb1dc6ecb1,True,0.4069328308105469,0.67901611328125,1df6077c9277d93e06d9cf04d3df0bbffd78bec002c4642ce21e41bb1dc6ecb1
candidate,r5,loot-crate,174005,10,50,0.2,0,400,0,0.717926025390625,2.735137939453125,7711d8e64541edf5234df2bf43b1f64f5c2fa1f2aa64f1c35bc8424246e37dd0,True,0.7182955741882321,2.112865447998047,7711d8e64541edf5234df2bf43b1f64f5c2fa1f2aa64f1c35bc8424246e37dd0
candidate,r5,loot-crate,174006,3,50,0.06,1,35,0,0.6727457046508786,0.8499622344970703,bc57edc3fa85b0a3b0feba31beb2dbb01630e8debba842e491e951143eb6ba22,True,0.41193962097167935,0.5810260772705078,bc57edc3fa85b0a3b0feba31beb2dbb01630e8debba842e491e951143eb6ba22
candidate,r5,loot-crate,174007,1,50,0.02,1,35,0,0.6911039352416988,0.8220672607421875,15c0ba7a23abe9eed0d269e10e3159311db303b892317b7969c68f7c86e03b87,True,0.30236244201660145,0.42319297790527344,15c0ba7a23abe9eed0d269e10e3159311db303b892317b7969c68f7c86e03b87
candidate,r5,loot-crate,174008,2,50,0.04,0,400,0,0.5295991897583003,0.9987354278564453,530e832e780cc316d73fb960dbd4b29ffccc92b6b0665b16f670ac1849601980,True,0.19485950469970698,0.3819465637207031,530e832e780cc316d73fb960dbd4b29ffccc92b6b0665b16f670ac1849601980
candidate,r5,loot-crate,174009,3,50,0.06,0,400,0,0.5103230476379391,1.7981529235839844,6e53b75721c2745c2b1a581072fbedf9999f290888aa83c290a83a6ace2dde83,True,0.20933151245117165,0.4978179931640625,6e53b75721c2745c2b1a581072fbedf9999f290888aa83c290a83a6ace2dde83
candidate,r5,loot-crate,174010,7,50,0.14,0,400,0,0.5158543586730947,2.9821395874023438,73184333c24a7e3c1dd24c7205dbed761bb91f1152ebaf23ee3603c1962d65d3,True,0.17234086990356426,0.44274330139160156,73184333c24a7e3c1dd24c7205dbed761bb91f1152ebaf23ee3603c1962d65d3
candidate,r5,loot-crate,174011,2,50,0.04,0,400,0,0.6368875503540038,2.2020339965820312,d07a8744c5379b394d7007b56a2b02ee981c53bc101e426daabc2c250a914bf2,True,0.6128430366516112,1.5974044799804688,d07a8744c5379b394d7007b56a2b02ee981c53bc101e426daabc2c250a914bf2
candidate,r5,loot-crate,174012,1,50,0.02,0,400,0,0.7986068725585934,1.8320083618164062,2f37a7bdb565bd49a51868fba29fc99afe03bd40059765ed7686b3c80c73a994,True,0.2801537513732908,2.529144287109375,2f37a7bdb565bd49a51868fba29fc99afe03bd40059765ed7686b3c80c73a994
candidate,r5,loot-crate,174013,13,50,0.26,0,400,0,1.0741472244262693,3.673076629638672,997e904112337cd44bdeb7ad13ad306b86ed58ae12337fa7b6a6465370a6b58d,True,0.5733489990234373,2.03704833984375,997e904112337cd44bdeb7ad13ad306b86ed58ae12337fa7b6a6465370a6b58d
candidate,r5,loot-crate,174014,9,50,0.18,0,400,0,1.0673284530639644,4.150867462158203,85d752c128b2fc055390434f093a1286f4db98cf462c1c79ac88bb1372f52fe6,True,0.6913661956787107,1.940011978149414,85d752c128b2fc055390434f093a1286f4db98cf462c1c79ac88bb1372f52fe6
candidate,r5,loot-crate,174015,6,50,0.12,1,67,1,0.6037950515747068,0.8759498596191406,49db86df181a8ee3654cc0a3a0675f813b0f2d4c3df8b75cb135b4e8166a4f5a,True,0.254225730895996,0.6122589111328125,49db86df181a8ee3654cc0a3a0675f813b0f2d4c3df8b75cb135b4e8166a4f5a
candidate,r5,loot-crate,174016,1,50,0.02,1,35,0,0.6544351577758774,1.0750293731689453,bc57edc3fa85b0a3b0feba31beb2dbb01630e8debba842e491e951143eb6ba22,True,0.2358198165893553,0.6949901580810547,bc57edc3fa85b0a3b0feba31beb2dbb01630e8debba842e491e951143eb6ba22
candidate,r5,loot-crate,174017,7,50,0.14,0,400,0,0.6638288497924789,1.767873764038086,544da2b76cacca82a1be079abb4c912b8c973402dced8197e6875b3a7a0fc2f3,True,0.5921125411987304,1.1510848999023438,544da2b76cacca82a1be079abb4c912b8c973402dced8197e6875b3a7a0fc2f3
candidate,r5,loot-crate,174018,1,50,0.02,0,400,0,0.6787061691284174,1.3849735260009766,07971ef4d71ee90140c397975ceb74b5533416fd043e7f9d2ade32941800eb33,True,0.792598724365234,7.575035095214844,07971ef4d71ee90140c397975ceb74b5533416fd043e7f9d2ade32941800eb33
candidate,r5,loot-crate,174019,16,50,0.32,0,400,0,0.7501721382141112,2.4712085723876953,dac42b8af18ddc9fc0085db803783961d9f7232cc3102c937feb21840ee1a0b6,True,0.6741642951965331,1.7211437225341797,dac42b8af18ddc9fc0085db803783961d9f7232cc3102c937feb21840ee1a0b6
candidate,r5,loot-crate,174020,2,50,0.04,0,400,0,0.5690813064575193,2.785205841064453,9076a4c3cd41e39ad912f5ee38f6bed81465ce929690d8a0bc3e568914071c5b,True,0.5751967430114745,1.0218620300292969,9076a4c3cd41e39ad912f5ee38f6bed81465ce929690d8a0bc3e568914071c5b
candidate,r5,loot-crate,174021,3,50,0.06,0,400,0,0.45716762542724576,2.747774124145508,b4174edd4632f1869a3974e1ded5d7ece3470c100071c5a76eee85db5d3550b2,True,0.6525754928588863,1.5611648559570312,b4174edd4632f1869a3974e1ded5d7ece3470c100071c5a76eee85db5d3550b2
candidate,r5,loot-crate,174022,7,50,0.14,0,400,0,0.5391597747802733,2.318859100341797,a3f2967fc47a3e3998733ef8840d917b2a433a9c37b0aa55c9b97a50edeae6ae,True,0.9181737899780271,2.4900436401367188,a3f2967fc47a3e3998733ef8840d917b2a433a9c37b0aa55c9b97a50edeae6ae
candidate,r5,loot-crate,174023,16,50,0.32,0,400,0,0.6198883056640625,2.040863037109375,641f4983f6342d1fd3d0bafde0b7ef97d032ff1ace5df230040c44802c952fc2,True,0.6848454475402831,1.1451244354248047,641f4983f6342d1fd3d0bafde0b7ef97d032ff1ace5df230040c44802c952fc2
candidate,r5,loot-crate,174024,13,50,0.26,0,400,0,0.5798339843749991,4.820108413696289,72fac40782e2e7269b373008ee9ba25b9e6c3f89288a3a41e95c16a13288b58e,True,0.6842255592346189,3.33404541015625,72fac40782e2e7269b373008ee9ba25b9e6c3f89288a3a41e95c16a13288b58e
candidate,r5,loot-crate,174025,6,50,0.12,1,57,0,1.0472297668457013,2.1119117736816406,799f1bf55a6ea9661132c570bd4aa85485502d09edcaab99e93323255ce2e966,True,0.44665336608886685,1.8808841705322266,799f1bf55a6ea9661132c570bd4aa85485502d09edcaab99e93323255ce2e966
candidate,r5,loot-crate,174026,6,50,0.12,1,52,0,0.657117366790771,1.7452239990234375,7652c29204d52995d5d0dbd02007e7d3f903cd0e6537fea2e1f9e9864e0a864e,True,0.2129197120666504,1.0039806365966797,7652c29204d52995d5d0dbd02007e7d3f903cd0e6537fea2e1f9e9864e0a864e
candidate,r5,loot-crate,174027,34,50,0.68,0,400,0,0.821280479431152,1.6360282897949219,d1e6a8fa047677725c76d799265ecc3d458696f7a990418b7a323ca054a8a152,True,0.5720138549804688,0.8411407470703125,d1e6a8fa047677725c76d799265ecc3d458696f7a990418b7a323ca054a8a152
candidate,r5,loot-crate,174028,4,50,0.08,0,400,0,0.6308674812316895,1.7659664154052734,24c9a697c8820bdf656ae36baec110e4b2fd8c5a32d27e081b5053306a6ba3bc,True,0.5271911621093746,2.235889434814453,24c9a697c8820bdf656ae36baec110e4b2fd8c5a32d27e081b5053306a6ba3bc
candidate,r5,loot-crate,174029,3,50,0.06,0,400,0,1.0554909706115718,5.40614128112793,37cf92c90e035094318ea0d782e1b78886cc48886a32888356b24ccf7e05340b,True,0.5226492881774896,1.2099742889404297,37cf92c90e035094318ea0d782e1b78886cc48886a32888356b24ccf7e05340b
candidate,r5,loot-crate,174030,24,50,0.48,0,400,0,0.7080554962158193,3.117799758911133,eeba21a95d3877e99e8c1b4423319abd6eacbd6214d956d866494883281ea4e8,True,0.6483197212219236,2.071857452392578,eeba21a95d3877e99e8c1b4423319abd6eacbd6214d956d866494883281ea4e8
candidate,r5,loot-crate,174031,8,50,0.16,0,400,0,0.902831554412841,2.6412010192871094,33c89fe787a6ec0a12901c4a64f53a98e61f66c54b750a9956a4a264b13d3e60,True,0.674641132354736,1.833200454711914,33c89fe787a6ec0a12901c4a64f53a98e61f66c54b750a9956a4a264b13d3e60
candidate,r5,loot-crate,174032,5,50,0.1,1,42,0,0.6388545036315907,1.0077953338623047,39bf3a8d9c2c40954f3347dac69aefc16bbc00e42e94b31b93661635a8cc05e1,True,0.5732297897338864,1.3659000396728516,39bf3a8d9c2c40954f3347dac69aefc16bbc00e42e94b31b93661635a8cc05e1
candidate,r5,loot-crate,174033,0,50,0.0,0,400,0,0.4588961601257316,1.583099365234375,cbcf58e5775e3a3a2f59831a404112b0e751069af5b80687dfcb015ffd7cbb2b,True,0.4533410072326657,0.8828639984130859,cbcf58e5775e3a3a2f59831a404112b0e751069af5b80687dfcb015ffd7cbb2b
candidate,r5,loot-crate,174034,1,50,0.02,0,400,0,0.6469845771789525,2.7968883514404297,73b91698ef3b6f3fd51e520d6cef8ff518d2497ba957c9fc8adda454738eaec9,True,0.3229379653930648,1.1649131774902344,73b91698ef3b6f3fd51e520d6cef8ff518d2497ba957c9fc8adda454738eaec9
candidate,r5,loot-crate,174035,13,50,0.26,0,400,0,0.5056619644165035,1.547098159790039,a95e8db49d527cf7cf3120c72a55e2df213f374f3a7ac4ff5962be8bfaef81c6,True,0.2079010009765625,0.4820823669433594,a95e8db49d527cf7cf3120c72a55e2df213f374f3a7ac4ff5962be8bfaef81c6
candidate,r5,loot-crate,174036,2,50,0.04,0,400,0,0.6363034248352049,2.0499229431152344,07971ef4d71ee90140c397975ceb74b5533416fd043e7f9d2ade32941800eb33,True,0.1441001892089843,0.3387928009033203,07971ef4d71ee90140c397975ceb74b5533416fd043e7f9d2ade32941800eb33
candidate,r5,loot-crate,174037,1,50,0.02,1,43,0,1.195979118347168,3.4627914428710938,0b7502974d9d478a035f8de03d947a7f554e348bbd7ac6279565a6ce472b04ac,True,0.3469467163085937,0.36907196044921875,0b7502974d9d478a035f8de03d947a7f554e348bbd7ac6279565a6ce472b04ac
candidate,r5,loot-crate,174038,6,50,0.12,0,400,0,0.697171688079834,2.6700496673583984,65b6de64d94d9163545631c3612db7a8af9e29ce5fd35e2879a150323ce7f142,True,0.15907287597656244,0.32401084899902344,65b6de64d94d9163545631c3612db7a8af9e29ce5fd35e2879a150323ce7f142
candidate,r5,loot-crate,174039,2,50,0.04,0,400,0,0.6371855735778805,1.9059181213378906,582d2a84451e7b4016c0b0399efd11f653334c0a911dede72aae87f8fc4a963d,True,0.14511346817016588,0.4470348358154297,582d2a84451e7b4016c0b0399efd11f653334c0a911dede72aae87f8fc4a963d
candidate,r5,loot-crate,174040,10,50,0.2,0,400,0,0.8812546730041493,2.2420883178710938,f9f114e3b3f03e5b73784cbdc25cd03217b7cd1db7cd6a6e79ef30eae2dda056,True,0.167393684387207,0.26106834411621094,f9f114e3b3f03e5b73784cbdc25cd03217b7cd1db7cd6a6e79ef30eae2dda056
