treatment,model,scenario,world_seed,coins_collected,initially_available_coins,collection_fraction,self_kills,evaluation_decisions,evaluation_unseen_decisions,decision_time_p95_ms,decision_time_max_ms,action_sequence_sha256,repeat_match,repeat_decision_time_p95_ms,repeat_decision_time_max_ms,repeat_action_sequence_sha256
control,r1,classic,142001,0,9,0.0,0,400,0,0.18416643142700184,0.7219314575195312,8a64e1c4d72342c329f6fae098a67d9361123650fb9f9718022f900d50384304,True,0.2794981002807612,0.5147457122802734,8a64e1c4d72342c329f6fae098a67d9361123650fb9f9718022f900d50384304
control,r1,classic,142002,0,9,0.0,0,400,0,0.2022385597229001,0.9610652923583984,3babd3a6ee24529f287acbf5f6ac9d775547d9b59d6f0cd911e05936999fe664,True,0.17855167388915974,0.6661415100097656,3babd3a6ee24529f287acbf5f6ac9d775547d9b59d6f0cd911e05936999fe664
control,r1,classic,142003,0,9,0.0,0,400,0,0.21214485168457015,0.5340576171875,bf553b76754ee14a3aaad8a1e5ba90d7ffa140d58c37d8b3d3d11dfdb278fbe7,True,0.29188394546508784,0.6868839263916016,bf553b76754ee14a3aaad8a1e5ba90d7ffa140d58c37d8b3d3d11dfdb278fbe7
control,r1,classic,142004,0,9,0.0,0,400,0,0.3951787948608395,0.5931854248046875,15a762af4c9ff1b14f09590b31ba22928ceccd558e34032a23be082b2bd4db61,True,0.23648738861083943,0.6060600280761719,15a762af4c9ff1b14f09590b31ba22928ceccd558e34032a23be082b2bd4db61
control,r1,classic,142005,0,9,0.0,0,400,0,0.1728534698486328,0.3199577331542969,852597c5dcce2ab0cf19d75f47636c65f327274e819f6aba4f889315d08a2cf4,True,0.1806974411010738,0.5099773406982422,852597c5dcce2ab0cf19d75f47636c65f327274e819f6aba4f889315d08a2cf4
control,r1,classic,142006,0,9,0.0,0,400,0,0.18202066421508692,0.3650188446044922,40fef7d354b2bcfaedb48a7e287d107d400117afbf8a05dd64707609ebbccfb4,True,0.1835346221923822,0.7200241088867188,40fef7d354b2bcfaedb48a7e287d107d400117afbf8a05dd64707609ebbccfb4
control,r1,classic,142007,0,9,0.0,0,400,0,0.18101930618286127,0.8320808410644531,f47b133e9697aff3ca4d544f99b20863b1d82e6eec97ab71dd5ca7a608d429fb,True,0.3641128540039062,0.8881092071533203,f47b133e9697aff3ca4d544f99b20863b1d82e6eec97ab71dd5ca7a608d429fb
control,r1,classic,142008,0,9,0.0,0,400,0,0.2340435981750487,1.1429786682128906,f47b133e9697aff3ca4d544f99b20863b1d82e6eec97ab71dd5ca7a608d429fb,True,0.4683613777160641,1.3000965118408203,f47b133e9697aff3ca4d544f99b20863b1d82e6eec97ab71dd5ca7a608d429fb
control,r1,classic,142009,0,9,0.0,0,400,0,0.23607015609741208,2.4831295013427734,87345ab190689cb4e739fcba097132838f8b6614ea39c02ac791beaf824f6bbc,True,0.2480626106262206,1.4810562133789062,87345ab190689cb4e739fcba097132838f8b6614ea39c02ac791beaf824f6bbc
control,r1,classic,142010,0,9,0.0,0,400,0,0.2471208572387692,0.492095947265625,6bd9bd24d6ce9f66a59e9f9d2b289ae158d57287692a6cc19f25ce5a844f8478,True,0.27900934219360346,1.596212387084961,6bd9bd24d6ce9f66a59e9f9d2b289ae158d57287692a6cc19f25ce5a844f8478
control,r1,classic,142011,0,9,0.0,0,400,0,0.16939640045165982,0.42510032653808594,aaeec7d25794ec3663025943e41dc74a82d068cef3fabfc167d10437bcb51b10,True,0.3079652786254881,0.8711814880371094,aaeec7d25794ec3663025943e41dc74a82d068cef3fabfc167d10437bcb51b10
control,r1,classic,142012,1,9,0.1111111111111111,0,400,0,0.3887414932250971,0.8139610290527344,16c1f5c99973c9addefd0f73ea9f9aee717a2c1d1b37b8faf2f2b9fae90b3967,True,0.16622543334960932,0.3669261932373047,16c1f5c99973c9addefd0f73ea9f9aee717a2c1d1b37b8faf2f2b9fae90b3967
control,r1,classic,142013,0,9,0.0,0,400,0,0.20068883895873965,4.426002502441406,436a9dd70424d527eac3171618c2ba74c6d65e5b6d68fa22df3d24fb80cb15c1,True,0.21009445190429682,0.4639625549316406,436a9dd70424d527eac3171618c2ba74c6d65e5b6d68fa22df3d24fb80cb15c1
control,r1,classic,142014,0,9,0.0,0,400,0,0.20109415054321278,0.5791187286376953,7d99833b1bb3df3c66de0249c37c0236ad339c9496dae0f41ba1654366aa7033,True,0.24536848068237258,0.6802082061767578,7d99833b1bb3df3c66de0249c37c0236ad339c9496dae0f41ba1654366aa7033
control,r1,classic,142015,0,9,0.0,0,400,0,0.20319223403930636,0.5910396575927734,aaeec7d25794ec3663025943e41dc74a82d068cef3fabfc167d10437bcb51b10,True,0.22833347320556605,0.9469985961914062,aaeec7d25794ec3663025943e41dc74a82d068cef3fabfc167d10437bcb51b10
control,r1,classic,142016,0,9,0.0,0,400,0,0.1810073852539062,0.7061958312988281,f47b133e9697aff3ca4d544f99b20863b1d82e6eec97ab71dd5ca7a608d429fb,True,0.2731919288635252,2.2058486938476562,f47b133e9697aff3ca4d544f99b20863b1d82e6eec97ab71dd5ca7a608d429fb
control,r1,classic,142017,0,9,0.0,0,400,0,0.19489526748657215,0.6880760192871094,e5afc17d2a1bb8534b68b61f433b074c34204533a36f3787578a377267eb09f4,True,0.17313957214355463,0.4429817199707031,e5afc17d2a1bb8534b68b61f433b074c34204533a36f3787578a377267eb09f4
control,r1,classic,142018,0,9,0.0,0,400,0,0.21241903305053692,0.39315223693847656,eec7efd4d8dd9fa3a92673222c70912ab748571416cf45dfe7bbc0f79513e3f2,True,0.4380702972412108,1.3878345489501953,eec7efd4d8dd9fa3a92673222c70912ab748571416cf45dfe7bbc0f79513e3f2
control,r1,classic,142019,0,9,0.0,0,400,0,0.3321647644042968,0.6699562072753906,a10957f96b734808873f565f062be57bb7e8482149ced5539c073c8d4fabc5ae,True,0.5163550376892089,0.9338855743408203,a10957f96b734808873f565f062be57bb7e8482149ced5539c073c8d4fabc5ae
control,r1,classic,142020,0,9,0.0,0,400,0,0.37399530410766585,1.3189315795898438,f47b133e9697aff3ca4d544f99b20863b1d82e6eec97ab71dd5ca7a608d429fb,True,0.380301475524901,0.9610652923583984,f47b133e9697aff3ca4d544f99b20863b1d82e6eec97ab71dd5ca7a608d429fb
control,r1,classic,142021,1,9,0.1111111111111111,0,400,0,0.24329423904418915,1.7940998077392578,aacb7912f7e82cfd0d67ea1399752dd50867854589f1458587fad5a2edf6e6df,True,0.18988847732543934,0.3921985626220703,aacb7912f7e82cfd0d67ea1399752dd50867854589f1458587fad5a2edf6e6df
control,r1,classic,142022,0,9,0.0,0,400,0,0.18490552902221602,0.5817413330078125,019c2b8e1a3f804b3452e61bae540eaf8cd6030ad3e192f79a68220b81f3b19d,True,0.29188394546508784,0.9262561798095703,019c2b8e1a3f804b3452e61bae540eaf8cd6030ad3e192f79a68220b81f3b19d
control,r1,classic,142023,0,9,0.0,0,400,0,0.19798278808593742,0.7250308990478516,eec7efd4d8dd9fa3a92673222c70912ab748571416cf45dfe7bbc0f79513e3f2,True,0.17820596694946278,0.6189346313476562,eec7efd4d8dd9fa3a92673222c70912ab748571416cf45dfe7bbc0f79513e3f2
control,r1,classic,142024,1,9,0.1111111111111111,0,400,0,0.17920732498168931,0.42700767517089844,f64c648ddf139c811b327231c5e52ea47ca107dfd3a3d4d887e4c3a10151db26,True,0.22197961807250977,0.6687641143798828,f64c648ddf139c811b327231c5e52ea47ca107dfd3a3d4d887e4c3a10151db26
control,r1,classic,142025,0,9,0.0,0,400,0,0.19316673278808588,0.42128562927246094,fe762457bb01e472fc768fe3c834da59fa1bd08f8f2414a77520e9b68b5c4ef4,True,0.21387338638305664,1.049041748046875,fe762457bb01e472fc768fe3c834da59fa1bd08f8f2414a77520e9b68b5c4ef4
control,r1,classic,142026,0,9,0.0,0,400,0,0.1881241798400879,0.4398822784423828,6bd9bd24d6ce9f66a59e9f9d2b289ae158d57287692a6cc19f25ce5a844f8478,True,0.3222584724426268,1.4157295227050781,6bd9bd24d6ce9f66a59e9f9d2b289ae158d57287692a6cc19f25ce5a844f8478
control,r1,classic,142027,0,9,0.0,0,400,0,0.2733588218688964,1.2972354888916016,e2923ed69d90f3afa21aa6deb961c354363ec3b49a8256ce00883c5efb470e09,True,0.29578208923339766,0.5092620849609375,e2923ed69d90f3afa21aa6deb961c354363ec3b49a8256ce00883c5efb470e09
control,r1,classic,142028,0,9,0.0,0,400,0,0.4304766654968256,1.360177993774414,6bd9bd24d6ce9f66a59e9f9d2b289ae158d57287692a6cc19f25ce5a844f8478,True,0.2155542373657222,0.7829666137695312,6bd9bd24d6ce9f66a59e9f9d2b289ae158d57287692a6cc19f25ce5a844f8478
control,r1,classic,142029,0,9,0.0,0,400,0,0.20941495895385734,0.47779083251953125,ae18c33fd2beeb80b4f81c399132556799b0826c42c453074b0028bb6bf7ca02,True,0.2902030944824218,0.7011890411376953,ae18c33fd2beeb80b4f81c399132556799b0826c42c453074b0028bb6bf7ca02
control,r1,classic,142030,0,9,0.0,0,400,0,0.2003788948059079,0.4241466522216797,e97d3f7e6be6ba07e794f1da6c89c9d4c9d9fbf5f3523768cffe204e503d362f,True,0.4593253135681151,1.1229515075683594,e97d3f7e6be6ba07e794f1da6c89c9d4c9d9fbf5f3523768cffe204e503d362f
control,r1,classic,142031,0,9,0.0,0,400,0,0.14005899429321278,0.3800392150878906,aaeec7d25794ec3663025943e41dc74a82d068cef3fabfc167d10437bcb51b10,True,0.39306879043579085,0.7958412170410156,aaeec7d25794ec3663025943e41dc74a82d068cef3fabfc167d10437bcb51b10
control,r1,classic,142032,0,9,0.0,0,400,0,0.24442672729492163,1.2822151184082031,c4f266cd3586a72a9c12ae591b8d6ea8f9ca82f59e441c93531534c3a47847d7,True,0.314068794250488,0.9129047393798828,c4f266cd3586a72a9c12ae591b8d6ea8f9ca82f59e441c93531534c3a47847d7
control,r1,classic,142033,1,9,0.1111111111111111,0,400,0,0.17409324645996088,0.5390644073486328,cfc253282c5e3344952d7999857df10fb01439c46bdcd6abd0e4e6a953d0ab5e,True,0.18420219421386705,0.46515464782714844,cfc253282c5e3344952d7999857df10fb01439c46bdcd6abd0e4e6a953d0ab5e
control,r1,classic,142034,1,9,0.1111111111111111,0,400,0,0.3952145576477049,0.6451606750488281,fb8622f90565a2de48db1881efbfba9d320e85e4645d10ed417524b5b4380420,True,0.23442506790161105,0.6270408630371094,fb8622f90565a2de48db1881efbfba9d320e85e4645d10ed417524b5b4380420
control,r1,classic,142035,0,9,0.0,0,400,0,0.36607980728149403,1.0869503021240234,a10957f96b734808873f565f062be57bb7e8482149ced5539c073c8d4fabc5ae,True,0.17642974853515603,0.7879734039306641,a10957f96b734808873f565f062be57bb7e8482149ced5539c073c8d4fabc5ae
control,r1,classic,142036,0,9,0.0,0,400,0,0.18197298049926752,0.4730224609375,852597c5dcce2ab0cf19d75f47636c65f327274e819f6aba4f889315d08a2cf4,True,0.18596649169921875,0.43320655822753906,852597c5dcce2ab0cf19d75f47636c65f327274e819f6aba4f889315d08a2cf4
control,r1,classic,142037,0,9,0.0,0,400,0,0.23233890533447232,0.5199909210205078,aaeec7d25794ec3663025943e41dc74a82d068cef3fabfc167d10437bcb51b10,True,0.23031234741210915,0.5781650543212891,aaeec7d25794ec3663025943e41dc74a82d068cef3fabfc167d10437bcb51b10
control,r1,classic,142038,0,9,0.0,0,400,0,0.18206834793090806,0.4951953887939453,6bd9bd24d6ce9f66a59e9f9d2b289ae158d57287692a6cc19f25ce5a844f8478,True,0.36416053771972645,0.7407665252685547,6bd9bd24d6ce9f66a59e9f9d2b289ae158d57287692a6cc19f25ce5a844f8478
control,r1,classic,142039,0,9,0.0,0,400,0,0.17381906509399414,0.31113624572753906,852597c5dcce2ab0cf19d75f47636c65f327274e819f6aba4f889315d08a2cf4,True,0.16407966613769526,0.5230903625488281,852597c5dcce2ab0cf19d75f47636c65f327274e819f6aba4f889315d08a2cf4
control,r1,classic,142040,0,9,0.0,0,400,0,0.21529197692871072,0.5049705505371094,6bd9bd24d6ce9f66a59e9f9d2b289ae158d57287692a6cc19f25ce5a844f8478,True,0.198090076446533,0.5338191986083984,6bd9bd24d6ce9f66a59e9f9d2b289ae158d57287692a6cc19f25ce5a844f8478
control,r1,coin-heaven,143001,50,50,1.0,0,125,0,0.17266273498535156,0.39696693420410156,893203d39d221590aaeea14b9c94cf453d48dfb9b6af6db798931e56f6f0eef9,True,0.19483566284179688,0.3399848937988281,893203d39d221590aaeea14b9c94cf453d48dfb9b6af6db798931e56f6f0eef9
control,r1,coin-heaven,143002,50,50,1.0,0,127,0,0.16214847564697263,0.3101825714111328,fc0879230590abd194b65a5ce2e63de3bec2133dc8e201364820f431014fa8c3,True,0.5107402801513671,0.7481575012207031,fc0879230590abd194b65a5ce2e63de3bec2133dc8e201364820f431014fa8c3
control,r1,coin-heaven,143003,50,50,1.0,0,129,0,0.19283294677734372,0.28586387634277344,9b28690f4dfc420fb30b73bd5cb1dc922ef6904c2948de5fa1b0a8c8e6220043,True,0.24933815002441398,0.3037452697753906,9b28690f4dfc420fb30b73bd5cb1dc922ef6904c2948de5fa1b0a8c8e6220043
control,r1,coin-heaven,143004,50,50,1.0,0,119,0,0.2043962478637695,0.3190040588378906,8d62a5e36eac89a2ecbcf038e25f3b325b4794ec527e815a9165f800de11b060,True,0.20873546600341794,0.2989768981933594,8d62a5e36eac89a2ecbcf038e25f3b325b4794ec527e815a9165f800de11b060
control,r1,coin-heaven,143005,50,50,1.0,0,123,0,0.1798868179321289,0.2741813659667969,141a4d1e9f1d25380ec980c07956fc0d9bd768f03c4e5ec69a81fc7e9044abb9,True,0.2274990081787108,0.5030632019042969,141a4d1e9f1d25380ec980c07956fc0d9bd768f03c4e5ec69a81fc7e9044abb9
control,r1,coin-heaven,143006,50,50,1.0,0,126,0,0.1984238624572754,0.3399848937988281,e2c7e0e35937fd1205ca41b788e1e5a564779b332a80ad301a5abf53e05a0f6b,True,0.20742416381835938,0.3268718719482422,e2c7e0e35937fd1205ca41b788e1e5a564779b332a80ad301a5abf53e05a0f6b
control,r1,coin-heaven,143007,50,50,1.0,0,117,0,0.17814636230468742,0.47206878662109375,ab1fa49c5a7b912001d87ff94feb1efc5de7af09cdc99ff7d03ab6f98dd108f8,True,0.24948120117187447,0.4410743713378906,ab1fa49c5a7b912001d87ff94feb1efc5de7af09cdc99ff7d03ab6f98dd108f8
control,r1,coin-heaven,143008,50,50,1.0,0,119,0,0.248265266418457,0.4150867462158203,0702ec8da437fafc3fb9c570a79cb4171a40dd04f65e4a1d111f09f8c4c4cf16,True,0.23536682128906247,0.40912628173828125,0702ec8da437fafc3fb9c570a79cb4171a40dd04f65e4a1d111f09f8c4c4cf16
control,r1,coin-heaven,143009,50,50,1.0,0,121,0,0.1468658447265625,0.4298686981201172,4ccdf89c4cb4cb64028b0995afd326cc1e5d3167c5d30b61f4cce574c1e834f1,True,0.7548332214355469,4.425287246704102,4ccdf89c4cb4cb64028b0995afd326cc1e5d3167c5d30b61f4cce574c1e834f1
control,r1,coin-heaven,143010,50,50,1.0,0,113,0,0.13799667358398432,0.22983551025390625,f7ba9ea5ae3f0318046f490f0c9856b64c8860e2a3b2b37404605fbda970574b,True,0.4128456115722652,0.7810592651367188,f7ba9ea5ae3f0318046f490f0c9856b64c8860e2a3b2b37404605fbda970574b
control,r1,coin-heaven,143011,50,50,1.0,0,129,0,0.19631385803222656,0.3960132598876953,9a714c7409c5919d042815122d54239b48b7fba675d07526a9256d4161b0af1e,True,0.506591796875,0.9961128234863281,9a714c7409c5919d042815122d54239b48b7fba675d07526a9256d4161b0af1e
control,r1,coin-heaven,143012,50,50,1.0,0,129,0,0.3072261810302734,0.3535747528076172,b12cd6fec9e2e26f1361efd6f53aae666d98dbbfef9001a0fe24cd6089480488,True,0.29406547546386713,0.3409385681152344,b12cd6fec9e2e26f1361efd6f53aae666d98dbbfef9001a0fe24cd6089480488
control,r1,coin-heaven,143013,50,50,1.0,0,134,0,0.26201009750366205,0.7688999176025391,a2f083c2265ffca7f2e5a7d644d72dd9ca9392f043d2b146f5349ee23e635457,True,0.23392438888549788,0.3478527069091797,a2f083c2265ffca7f2e5a7d644d72dd9ca9392f043d2b146f5349ee23e635457
control,r1,coin-heaven,143014,50,50,1.0,0,134,0,0.47360658645629883,1.1279582977294922,c99305ccfeee25b39b5a604d9d557b5ed84b937202253130e4cfa1bf1e12aeb9,True,0.16421079635620114,0.4317760467529297,c99305ccfeee25b39b5a604d9d557b5ed84b937202253130e4cfa1bf1e12aeb9
control,r1,coin-heaven,143015,50,50,1.0,0,127,0,0.29990673065185536,0.5140304565429688,0e4ece95962be36f0a8ad3dd7ad18d214236eab5dc26e3eb6168bb5dd088e614,True,0.16915798187255854,0.2639293670654297,0e4ece95962be36f0a8ad3dd7ad18d214236eab5dc26e3eb6168bb5dd088e614
control,r1,coin-heaven,143016,50,50,1.0,0,124,0,0.2599716186523437,0.3180503845214844,9d78de84c20180a5fd278ade18a9aeb56852e1fc283b534300de7816d1c6273e,True,0.17445087432861325,0.3261566162109375,9d78de84c20180a5fd278ade18a9aeb56852e1fc283b534300de7816d1c6273e
control,r1,coin-heaven,143017,50,50,1.0,0,125,0,0.28042793273925776,0.3809928894042969,96bcfc3bd325430abb8a476eb044e12e7d0b3abfb3077b8218f0d4b0bc1662a4,True,0.26912689208984375,0.31280517578125,96bcfc3bd325430abb8a476eb044e12e7d0b3abfb3077b8218f0d4b0bc1662a4
control,r1,coin-heaven,143018,50,50,1.0,0,117,0,0.1949787139892573,0.2899169921875,1a0568e6476d3cf92a392f5437c77a2d568432bd69c2551062090ebd35c45e26,True,0.21138191223144503,0.31304359436035156,1a0568e6476d3cf92a392f5437c77a2d568432bd69c2551062090ebd35c45e26
control,r1,coin-heaven,143019,50,50,1.0,0,105,0,0.6158351898193359,1.512289047241211,530735a8de15978df8da09097e474954ba3b5873a2b28e0d2ce4bd64ce913cd9,True,0.21920204162597653,0.42629241943359375,530735a8de15978df8da09097e474954ba3b5873a2b28e0d2ce4bd64ce913cd9
control,r1,coin-heaven,143020,50,50,1.0,0,132,0,0.46838521957397455,0.6840229034423828,19ce9f2ae55fe263e7d965b9f046a25f05c1e91e15ffea7c67d925aa0a911a70,True,0.21005868911743156,0.4608631134033203,19ce9f2ae55fe263e7d965b9f046a25f05c1e91e15ffea7c67d925aa0a911a70
control,r1,coin-heaven,143021,50,50,1.0,0,125,0,0.16264915466308594,0.3409385681152344,65a3c131ad4c946b51635d356a333f505ef0ec8aac88ffed6de1a435802dddb6,True,0.3233909606933593,0.5691051483154297,65a3c131ad4c946b51635d356a333f505ef0ec8aac88ffed6de1a435802dddb6
control,r1,coin-heaven,143022,50,50,1.0,0,127,0,0.4284381866455071,1.7139911651611328,2fa20c3064d1a22cf491bf13698e653b40f2c76d1e49dd3b148c8b0a6c7833d8,True,0.30524730682373047,0.44918060302734375,2fa20c3064d1a22cf491bf13698e653b40f2c76d1e49dd3b148c8b0a6c7833d8
control,r1,coin-heaven,143023,50,50,1.0,0,116,0,0.26661157608032227,0.2961158752441406,3351df0b2edc0a485b1c6a2bd43f63e9f8809a23bb8ee479b6be91e5f8330470,True,0.18680095672607422,0.4363059997558594,3351df0b2edc0a485b1c6a2bd43f63e9f8809a23bb8ee479b6be91e5f8330470
control,r1,coin-heaven,143024,50,50,1.0,0,135,0,0.28073787689208984,0.4658699035644531,92a4daf7833c3b311169e6b02d086a2de40a463ce20f4bfd390feee96454eb92,True,0.29377937316894526,0.35691261291503906,92a4daf7833c3b311169e6b02d086a2de40a463ce20f4bfd390feee96454eb92
control,r1,coin-heaven,143025,50,50,1.0,0,138,0,0.2643346786499024,2.402067184448242,a06806394dbd7d78f885163fea063caa299f9e0016e8a0817ee8bf32c2709af0,True,0.2252817153930665,0.4379749298095703,a06806394dbd7d78f885163fea063caa299f9e0016e8a0817ee8bf32c2709af0
control,r1,coin-heaven,143026,50,50,1.0,0,135,0,0.7375240325927732,1.2669563293457031,2289420a3acf1b10a4d7c5c1964e01e113867e01bed410ad4906a7fbd7a4bf52,True,0.25730133056640625,0.34308433532714844,2289420a3acf1b10a4d7c5c1964e01e113867e01bed410ad4906a7fbd7a4bf52
control,r1,coin-heaven,143027,50,50,1.0,0,112,0,0.47557353973388666,1.6150474548339844,c6d9cbc0fc66db7b255379e67845c39ad2cebde25955f71c78fa4b6fe3d20932,True,0.21530389785766593,0.4050731658935547,c6d9cbc0fc66db7b255379e67845c39ad2cebde25955f71c78fa4b6fe3d20932
control,r1,coin-heaven,143028,50,50,1.0,0,125,0,0.3871440887451172,1.2557506561279297,cdc4cbda22545a56e0f163807787d6ad9e69ca2e35ba31e570176928da005bbf,True,0.2551078796386718,0.3180503845214844,cdc4cbda22545a56e0f163807787d6ad9e69ca2e35ba31e570176928da005bbf
control,r1,coin-heaven,143029,50,50,1.0,0,138,0,0.33625364303588867,0.5061626434326172,e4e1f1f0383777c5111cb2e2d3c55ba4a05e71489159f1cd331574ee1199eae2,True,0.32701492309570324,0.4229545593261719,e4e1f1f0383777c5111cb2e2d3c55ba4a05e71489159f1cd331574ee1199eae2
control,r1,coin-heaven,143030,50,50,1.0,0,127,0,0.2326726913452148,0.41985511779785156,f154f0395246ee8f3163bb9b381c7741e17b4f60c5430e5f2092f5c34070e1f4,True,0.24089813232421856,0.44608116149902344,f154f0395246ee8f3163bb9b381c7741e17b4f60c5430e5f2092f5c34070e1f4
control,r1,coin-heaven,143031,50,50,1.0,0,115,0,0.12304782867431639,0.3211498260498047,0987a91e69d0aac3f593ddd2865fd72bbeacae256e509535d9ffa8c9d71803d3,True,0.13387203216552732,0.5667209625244141,0987a91e69d0aac3f593ddd2865fd72bbeacae256e509535d9ffa8c9d71803d3
control,r1,coin-heaven,143032,50,50,1.0,0,118,0,0.16421079635620117,0.43702125549316406,46aee31ce2879260785fe02dc73ea5d5f6a4ae1022417c495ff703faf2b26384,True,0.653254985809326,2.5169849395751953,46aee31ce2879260785fe02dc73ea5d5f6a4ae1022417c495ff703faf2b26384
control,r1,coin-heaven,143033,50,50,1.0,0,125,0,0.29582977294921864,0.39505958557128906,813b92b44b492252bb9441dc61356ef04c8bea7f257f5819805b25b331472241,True,1.2919425964355467,6.279945373535156,813b92b44b492252bb9441dc61356ef04c8bea7f257f5819805b25b331472241
control,r1,coin-heaven,143034,50,50,1.0,0,125,0,0.16217231750488278,0.34809112548828125,14854c91a4d485d48389529144dba82770f580ed48bd9a8c8bd1a1952726644b,True,0.688362121582031,2.6090145111083984,14854c91a4d485d48389529144dba82770f580ed48bd9a8c8bd1a1952726644b
control,r1,coin-heaven,143035,50,50,1.0,0,122,0,0.3245472908020018,0.37097930908203125,b4a572b4a0b3591e5f7394b4d4fab03f9eb7500cdcae3a3025c3ff41ed064220,True,0.459647178649902,0.9021759033203125,b4a572b4a0b3591e5f7394b4d4fab03f9eb7500cdcae3a3025c3ff41ed064220
control,r1,coin-heaven,143036,50,50,1.0,0,115,0,0.1864194869995117,0.4811286926269531,ae5b5e6ac306ed6e3f9d43edb3ca983c2b45e7db5a0e78d2ecbe53f5b60e42ed,True,0.27146339416503895,0.9839534759521484,ae5b5e6ac306ed6e3f9d43edb3ca983c2b45e7db5a0e78d2ecbe53f5b60e42ed
control,r1,coin-heaven,143037,50,50,1.0,0,138,0,0.16121864318847656,0.3972053527832031,8f4693720ed55baa6cbfecb218ccdfd8871c81f203466eb4771156c86f50dd1b,True,0.22389888763427743,0.4112720489501953,8f4693720ed55baa6cbfecb218ccdfd8871c81f203466eb4771156c86f50dd1b
control,r1,coin-heaven,143038,50,50,1.0,0,134,0,0.5524992942810055,1.1119842529296875,9812baa69bbe94870978eefadf4a50c7c2a32390f8f57b3ce21390bf96b73f4e,True,0.3310561180114746,0.7817745208740234,9812baa69bbe94870978eefadf4a50c7c2a32390f8f57b3ce21390bf96b73f4e
control,r1,coin-heaven,143039,50,50,1.0,0,129,0,0.3151416778564453,0.614166259765625,00631c90bd67dcf32f0c640298cb768ef15295ec7543c0a9e70e06501e16e997,True,0.3148555755615233,0.7641315460205078,00631c90bd67dcf32f0c640298cb768ef15295ec7543c0a9e70e06501e16e997
control,r1,coin-heaven,143040,50,50,1.0,0,121,0,0.19884109497070312,0.34308433532714844,7d145743a305541b91e86e95090e28121179d4513fd9be301eb8c858b4423f7c,True,0.2448558807373047,0.6151199340820312,7d145743a305541b91e86e95090e28121179d4513fd9be301eb8c858b4423f7c
control,r1,loot-crate,144001,0,50,0.0,0,400,0,0.26441812515258767,0.5970001220703125,e5afc17d2a1bb8534b68b61f433b074c34204533a36f3787578a377267eb09f4,True,0.34104585647582997,1.8198490142822266,e5afc17d2a1bb8534b68b61f433b074c34204533a36f3787578a377267eb09f4
control,r1,loot-crate,144002,0,50,0.0,0,400,0,0.1982808113098141,0.8127689361572266,436a9dd70424d527eac3171618c2ba74c6d65e5b6d68fa22df3d24fb80cb15c1,True,0.1640677452087402,0.8270740509033203,436a9dd70424d527eac3171618c2ba74c6d65e5b6d68fa22df3d24fb80cb15c1
control,r1,loot-crate,144003,0,50,0.0,0,400,0,0.28240680694580045,0.7319450378417969,eec7efd4d8dd9fa3a92673222c70912ab748571416cf45dfe7bbc0f79513e3f2,True,0.17099380493164057,0.38695335388183594,eec7efd4d8dd9fa3a92673222c70912ab748571416cf45dfe7bbc0f79513e3f2
control,r1,loot-crate,144004,4,50,0.08,0,400,0,0.3243207931518552,0.7789134979248047,19c198c4dd6a5209c7efb1e2853327f232e332807d11ea3bd6da2ac322966459,True,0.2633571624755858,0.5319118499755859,19c198c4dd6a5209c7efb1e2853327f232e332807d11ea3bd6da2ac322966459
control,r1,loot-crate,144005,0,50,0.0,0,400,0,0.2877473831176743,0.5412101745605469,6bd9bd24d6ce9f66a59e9f9d2b289ae158d57287692a6cc19f25ce5a844f8478,True,0.1860618591308593,0.4420280456542969,6bd9bd24d6ce9f66a59e9f9d2b289ae158d57287692a6cc19f25ce5a844f8478
control,r1,loot-crate,144006,29,50,0.58,0,400,1,0.27327537536621044,0.5700588226318359,82d6dc817b675923e4e79d630d8aa373188958f66e5d811a8777600022311d5e,True,0.2562642097473143,0.5910396575927734,82d6dc817b675923e4e79d630d8aa373188958f66e5d811a8777600022311d5e
control,r1,loot-crate,144007,0,50,0.0,0,400,0,0.3172159194946286,0.9760856628417969,8386e2be63b255c0827d86d54d5fa62e12eb233862c3bc5ef87ced693cf36f76,True,0.22602081298828125,0.4119873046875,8386e2be63b255c0827d86d54d5fa62e12eb233862c3bc5ef87ced693cf36f76
control,r1,loot-crate,144008,20,50,0.4,0,400,0,0.680279731750488,1.6078948974609375,418c1a6a709d6602c696b6b4f6868a64dc5f1d48bb214b72e059d28cae97e7bc,True,0.32210350036621094,0.5979537963867188,418c1a6a709d6602c696b6b4f6868a64dc5f1d48bb214b72e059d28cae97e7bc
control,r1,loot-crate,144009,5,50,0.1,0,400,0,0.494801998138427,1.4209747314453125,0d0a7c0b25e864357fe26cc14c3988d38f14735beddd84ec942a95e8345fb015,True,0.2830982208251952,0.9670257568359375,0d0a7c0b25e864357fe26cc14c3988d38f14735beddd84ec942a95e8345fb015
control,r1,loot-crate,144010,0,50,0.0,0,400,0,0.1844048500061032,0.5629062652587891,852597c5dcce2ab0cf19d75f47636c65f327274e819f6aba4f889315d08a2cf4,True,0.2193689346313472,0.43201446533203125,852597c5dcce2ab0cf19d75f47636c65f327274e819f6aba4f889315d08a2cf4
control,r1,loot-crate,144011,17,50,0.34,0,400,0,0.23416280746459958,0.7050037384033203,35171c91a341fffcccbd70d0e7d9695cf83f9f3be3753806267b0011f3f0c394,True,0.27803182601928705,0.6170272827148438,35171c91a341fffcccbd70d0e7d9695cf83f9f3be3753806267b0011f3f0c394
control,r1,loot-crate,144012,0,50,0.0,0,400,0,0.27137994766235324,2.3910999298095703,aaeec7d25794ec3663025943e41dc74a82d068cef3fabfc167d10437bcb51b10,True,0.17728805541992174,0.6630420684814453,aaeec7d25794ec3663025943e41dc74a82d068cef3fabfc167d10437bcb51b10
control,r1,loot-crate,144013,0,50,0.0,0,400,0,0.27693510055541914,0.5860328674316406,da951606183a0cec9b8f937146774ed31c164abcff7f5dd394e0f6b43c6665dd,True,0.2399086952209472,0.5970001220703125,da951606183a0cec9b8f937146774ed31c164abcff7f5dd394e0f6b43c6665dd
control,r1,loot-crate,144014,6,50,0.12,0,400,0,0.2410411834716797,0.4131793975830078,5dc17a54f22536fee95a0213f340e339773a82cdd7caf5e7fad457f7208c6b88,True,0.31130313873290977,0.6840229034423828,5dc17a54f22536fee95a0213f340e339773a82cdd7caf5e7fad457f7208c6b88
control,r1,loot-crate,144015,20,50,0.4,0,400,0,0.23928880691528306,0.42891502380371094,b0863fb698fb8cd369c38e977c967702b4d7517eedb5776389011ca5ba209785,True,0.8589029312133788,2.307891845703125,b0863fb698fb8cd369c38e977c967702b4d7517eedb5776389011ca5ba209785
control,r1,loot-crate,144016,31,50,0.62,0,400,0,0.31605958938598616,0.6520748138427734,11af5851f17743bbcb5f1ed56ceee78dc20ee713e57737879143f4cb1e8b8729,True,0.6135225296020503,2.3391246795654297,11af5851f17743bbcb5f1ed56ceee78dc20ee713e57737879143f4cb1e8b8729
control,r1,loot-crate,144017,5,50,0.1,1,73,0,0.4072666168212888,0.9949207305908203,7af85824332312f8a8586e660b25e8eaf117719d620e8c008ed22b7357c5dc7b,True,0.5264282226562498,1.2111663818359375,7af85824332312f8a8586e660b25e8eaf117719d620e8c008ed22b7357c5dc7b
control,r1,loot-crate,144018,2,50,0.04,0,400,0,0.33575296401977534,1.049041748046875,ce673870b0073ef9078aca717ba8216b5a6018ddd6fddc696d59573bb7a0d3c6,True,0.17914772033691398,0.3409385681152344,ce673870b0073ef9078aca717ba8216b5a6018ddd6fddc696d59573bb7a0d3c6
control,r1,loot-crate,144019,0,50,0.0,0,400,0,0.2866864204406735,0.9438991546630859,6bd1b1c98b1e644d867c62080bba48f262fe89f37116dc21b42396085f1ead66,True,0.22825002670288078,0.4382133483886719,6bd1b1c98b1e644d867c62080bba48f262fe89f37116dc21b42396085f1ead66
control,r1,loot-crate,144020,3,50,0.06,0,400,0,0.892937183380127,7.969856262207031,1b42fe8c0481aaf3c179339b69b9a53a97f4392f38a9b9bca13e351ab99d1910,True,0.3049492835998535,0.7519721984863281,1b42fe8c0481aaf3c179339b69b9a53a97f4392f38a9b9bca13e351ab99d1910
control,r1,loot-crate,144021,0,50,0.0,0,400,0,0.6374001502990719,1.0941028594970703,fcd2e18114606750bda10f3f8981ee604dd112fc2f19f9b403a109685af61bdb,True,0.217163562774658,0.8640289306640625,fcd2e18114606750bda10f3f8981ee604dd112fc2f19f9b403a109685af61bdb
control,r1,loot-crate,144022,5,50,0.1,0,400,0,0.7520675659179686,3.2761096954345703,fedabfd852d2893fe52f41af111f70f51f719f377f28852a82410366ef3c8ab5,True,0.23692846298217757,0.5481243133544922,fedabfd852d2893fe52f41af111f70f51f719f377f28852a82410366ef3c8ab5
control,r1,loot-crate,144023,0,50,0.0,0,400,0,0.31996965408325195,0.7090568542480469,6bd9bd24d6ce9f66a59e9f9d2b289ae158d57287692a6cc19f25ce5a844f8478,True,0.5457878112792962,4.971027374267578,6bd9bd24d6ce9f66a59e9f9d2b289ae158d57287692a6cc19f25ce5a844f8478
control,r1,loot-crate,144024,2,50,0.04,0,400,0,0.265562534332275,1.3408660888671875,f57cc56d6ab6267722c19d3c2b455459c247a8e56805d3f2590e2879579cad10,True,0.6764054298400877,5.672931671142578,f57cc56d6ab6267722c19d3c2b455459c247a8e56805d3f2590e2879579cad10
control,r1,loot-crate,144025,10,50,0.2,0,400,0,0.3504872322082515,0.9248256683349609,48b2a3e9cc359919d29bfb0ee6063f3ab41f672bc075be552fd16437baa45b2d,True,0.7410287857055662,2.294778823852539,48b2a3e9cc359919d29bfb0ee6063f3ab41f672bc075be552fd16437baa45b2d
control,r1,loot-crate,144026,5,50,0.1,0,400,0,0.4390835762023916,1.1258125305175781,6ba1ff3967fd0dbf21ac6cb5c7e9019f01e4670a6c2584823fbbe04c8803b831,True,0.28340816497802696,0.6740093231201172,6ba1ff3967fd0dbf21ac6cb5c7e9019f01e4670a6c2584823fbbe04c8803b831
control,r1,loot-crate,144027,22,50,0.44,1,323,0,0.38549900054931624,0.865936279296875,62cecf5ddffd9c1851e05cc914ed08df3a6f4ddec733a5cb9c59a8c3e8f201ef,True,0.2786397933959961,0.6940364837646484,62cecf5ddffd9c1851e05cc914ed08df3a6f4ddec733a5cb9c59a8c3e8f201ef
control,r1,loot-crate,144028,5,50,0.1,0,400,0,0.33885240554809565,2.376079559326172,8fc1f62bdf724d8eda3732e63a7de82a139d09734adb6786c7d6d477ae041440,True,0.26478767395019454,1.1970996856689453,8fc1f62bdf724d8eda3732e63a7de82a139d09734adb6786c7d6d477ae041440
control,r1,loot-crate,144029,0,50,0.0,0,400,0,0.2689480781555176,0.5748271942138672,f47b133e9697aff3ca4d544f99b20863b1d82e6eec97ab71dd5ca7a608d429fb,True,0.18693208694458008,1.271963119506836,f47b133e9697aff3ca4d544f99b20863b1d82e6eec97ab71dd5ca7a608d429fb
control,r1,loot-crate,144030,0,50,0.0,0,400,0,0.3423810005187986,0.6468296051025391,fe762457bb01e472fc768fe3c834da59fa1bd08f8f2414a77520e9b68b5c4ef4,True,0.31213760375976557,1.9378662109375,fe762457bb01e472fc768fe3c834da59fa1bd08f8f2414a77520e9b68b5c4ef4
control,r1,loot-crate,144031,0,50,0.0,0,400,0,0.2651333808898919,0.6530284881591797,2aa09ac6bb486c36b04961a9c3a1b5fa89a6a8a6454e43d27d3c241cffb6bc45,True,0.22251605987548778,0.7140636444091797,2aa09ac6bb486c36b04961a9c3a1b5fa89a6a8a6454e43d27d3c241cffb6bc45
control,r1,loot-crate,144032,5,50,0.1,0,400,0,0.2644300460815425,0.40984153747558594,28a2c759139d5d95456f752e4d405eabc5e9708a23fdde6e4254b70b5399f39d,True,0.658488273620605,5.526065826416016,28a2c759139d5d95456f752e4d405eabc5e9708a23fdde6e4254b70b5399f39d
control,r1,loot-crate,144033,2,50,0.04,0,400,0,0.5780458450317375,1.985788345336914,24b482d6c95a613fd4aaf4f2852428517975d913fc5f784f8ed193e44aeaeb1b,True,0.5905270576477042,1.5177726745605469,24b482d6c95a613fd4aaf4f2852428517975d913fc5f784f8ed193e44aeaeb1b
control,r1,loot-crate,144034,1,50,0.02,0,400,0,0.6561398506164549,1.5857219696044922,4deba83faa17f1220c52604aea9a81dd25da4bea5c4bc39264f29408a1899c90,True,0.3931283950805662,1.2159347534179688,4deba83faa17f1220c52604aea9a81dd25da4bea5c4bc39264f29408a1899c90
control,r1,loot-crate,144035,3,50,0.06,0,400,0,0.19311904907226562,0.48995018005371094,36ebede2c4e0e0848e24d4d59c23bb969417f16339a03c2d664e7a63f3510264,True,0.29115676879882807,1.317739486694336,36ebede2c4e0e0848e24d4d59c23bb969417f16339a03c2d664e7a63f3510264
control,r1,loot-crate,144036,0,50,0.0,0,400,0,0.22531747817993142,0.49495697021484375,1ce2767368238ee577ea958f668fd96ba2b3c34ce779e6c285880e15603e6d2b,True,0.3763794898986813,0.8189678192138672,1ce2767368238ee577ea958f668fd96ba2b3c34ce779e6c285880e15603e6d2b
control,r1,loot-crate,144037,0,50,0.0,0,400,0,0.21396875381469715,0.3941059112548828,852597c5dcce2ab0cf19d75f47636c65f327274e819f6aba4f889315d08a2cf4,True,0.18692016601562414,0.8089542388916016,852597c5dcce2ab0cf19d75f47636c65f327274e819f6aba4f889315d08a2cf4
control,r1,loot-crate,144038,5,50,0.1,0,400,0,0.22449493408203092,0.4990100860595703,e27ca5dca6ce070da3324a9872d9acb19d8fd81c15c790c7250cc7589d7ec4e8,True,0.2942442893981933,0.9849071502685547,e27ca5dca6ce070da3324a9872d9acb19d8fd81c15c790c7250cc7589d7ec4e8
control,r1,loot-crate,144039,3,50,0.06,0,400,0,0.21109580993652335,0.4630088806152344,a30c09b445240a06d43df0adc5ec7019e5ea0c5c7afc5e9713e50cf5f80f59a7,True,0.5236029624938958,1.425027847290039,a30c09b445240a06d43df0adc5ec7019e5ea0c5c7afc5e9713e50cf5f80f59a7
control,r1,loot-crate,144040,0,50,0.0,0,400,0,0.2000808715820312,1.1429786682128906,6bd9bd24d6ce9f66a59e9f9d2b289ae158d57287692a6cc19f25ce5a844f8478,True,0.49567222595214777,2.307891845703125,6bd9bd24d6ce9f66a59e9f9d2b289ae158d57287692a6cc19f25ce5a844f8478
control,r2,classic,142001,0,9,0.0,0,400,0,0.5243897438049313,1.1336803436279297,3be7c1c80bdc2b81aad02bf97627a461a0f8f8c6b87f6ab71983535e75848ed8,True,0.456118583679199,0.8409023284912109,3be7c1c80bdc2b81aad02bf97627a461a0f8f8c6b87f6ab71983535e75848ed8
control,r2,classic,142002,1,9,0.1111111111111111,0,400,0,0.3861427307128905,0.9038448333740234,0c44460aeefe91bf1239859304baa1f113bef58c4b88d4a162dbbe8b2afbfbc5,True,0.4152894020080565,0.6167888641357422,0c44460aeefe91bf1239859304baa1f113bef58c4b88d4a162dbbe8b2afbfbc5
control,r2,classic,142003,0,9,0.0,0,400,0,0.23932456970214827,0.7641315460205078,c6f1ed5ef29ed05c87a7ee6127f103fc29662ce7690bed790f30ace0d2137384,True,0.17313957214355463,0.5340576171875,c6f1ed5ef29ed05c87a7ee6127f103fc29662ce7690bed790f30ace0d2137384
control,r2,classic,142004,0,9,0.0,0,400,0,0.23148059844970661,0.6308555603027344,61269a370a4be827cff42c76362bd4934836cb148a8076e0fba2be6274e8c679,True,0.17814636230468744,0.5528926849365234,61269a370a4be827cff42c76362bd4934836cb148a8076e0fba2be6274e8c679
control,r2,classic,142005,0,9,0.0,0,400,0,0.20723342895507807,0.6029605865478516,61269a370a4be827cff42c76362bd4934836cb148a8076e0fba2be6274e8c679,True,0.18607378005981434,0.5240440368652344,61269a370a4be827cff42c76362bd4934836cb148a8076e0fba2be6274e8c679
control,r2,classic,142006,1,9,0.1111111111111111,0,400,0,0.20936727523803708,0.5052089691162109,069bfb9add19d0ed3e6df57e199632fb5f07427add1cc4e506d63020ec2b585c,True,0.20385980606079102,0.47898292541503906,069bfb9add19d0ed3e6df57e199632fb5f07427add1cc4e506d63020ec2b585c
control,r2,classic,142007,1,9,0.1111111111111111,0,400,0,0.24845600128173784,0.3848075866699219,1bdb760f840ed0d8c3b066b2e2780e76908b05307121027e5aad3dca2c369d69,True,0.21646022796630818,0.4010200500488281,1bdb760f840ed0d8c3b066b2e2780e76908b05307121027e5aad3dca2c369d69
control,r2,classic,142008,0,9,0.0,0,400,0,0.19919872283935514,0.5939006805419922,c6f1ed5ef29ed05c87a7ee6127f103fc29662ce7690bed790f30ace0d2137384,True,0.1891613006591796,0.40793418884277344,c6f1ed5ef29ed05c87a7ee6127f103fc29662ce7690bed790f30ace0d2137384
control,r2,classic,142009,0,9,0.0,0,400,0,0.5388379096984863,1.953125,9b58ac0273ed26a71b8c3497a58a23deb86e7452b4f48dd882925be62fc21423,True,0.19407272338867188,0.492095947265625,9b58ac0273ed26a71b8c3497a58a23deb86e7452b4f48dd882925be62fc21423
control,r2,classic,142010,0,9,0.0,0,400,0,0.33830404281616167,1.4719963073730469,28ec4cbf32ccadb57727acdac573157fb5c3417462d5b9bbf3ac8ef0b7a85a97,True,0.24639368057250946,0.7688999176025391,28ec4cbf32ccadb57727acdac573157fb5c3417462d5b9bbf3ac8ef0b7a85a97
control,r2,classic,142011,0,9,0.0,0,400,0,0.25806427001953114,0.5908012390136719,299d0b37dc860516a7760762c5c1b680c9483e43dad3ab2c1da64f162280c2ad,True,0.24305582046508778,1.2478828430175781,299d0b37dc860516a7760762c5c1b680c9483e43dad3ab2c1da64f162280c2ad
control,r2,classic,142012,0,9,0.0,0,400,0,0.3252148628234861,1.4142990112304688,299d0b37dc860516a7760762c5c1b680c9483e43dad3ab2c1da64f162280c2ad,True,0.4282474517822265,3.1130313873291016,299d0b37dc860516a7760762c5c1b680c9483e43dad3ab2c1da64f162280c2ad
control,r2,classic,142013,0,9,0.0,0,400,0,0.20247697830200168,0.39124488830566406,3befce7582aa4a1d7d341d33d562c83589e5b7ed893f423d51b1deda23978126,True,0.47714710235595675,1.52587890625,3befce7582aa4a1d7d341d33d562c83589e5b7ed893f423d51b1deda23978126
control,r2,classic,142014,0,9,0.0,0,400,0,0.23485422134399414,0.3972053527832031,267caff9582494b3508a6c7c81a6546086d5fdd8f823cae34da1955629e4254c,True,0.4602789878845214,4.276037216186523,267caff9582494b3508a6c7c81a6546086d5fdd8f823cae34da1955629e4254c
control,r2,classic,142015,0,9,0.0,0,400,0,0.3681540489196777,1.0232925415039062,458f4f526526ce37b3a8fbc389a76e123754c338fa63163d42cc9fa1fd6bfe03,True,0.2571105957031249,0.5750656127929688,458f4f526526ce37b3a8fbc389a76e123754c338fa63163d42cc9fa1fd6bfe03
control,r2,classic,142016,1,9,0.1111111111111111,0,400,0,0.678145885467529,1.9640922546386719,1bdb760f840ed0d8c3b066b2e2780e76908b05307121027e5aad3dca2c369d69,True,0.1971960067749021,0.4649162292480469,1bdb760f840ed0d8c3b066b2e2780e76908b05307121027e5aad3dca2c369d69
control,r2,classic,142017,0,9,0.0,0,400,0,0.5102634429931638,1.4882087707519531,6503005b1206804f5a1d55fe6ef9c74e01738679ac3cf6aec53e54d11d7c60ce,True,0.22556781768798784,0.6210803985595703,6503005b1206804f5a1d55fe6ef9c74e01738679ac3cf6aec53e54d11d7c60ce
control,r2,classic,142018,0,9,0.0,0,400,0,0.21195411682128906,0.3581047058105469,61269a370a4be827cff42c76362bd4934836cb148a8076e0fba2be6274e8c679,True,0.2763986587524409,1.5611648559570312,61269a370a4be827cff42c76362bd4934836cb148a8076e0fba2be6274e8c679
control,r2,classic,142019,0,9,0.0,0,400,0,0.18005371093749994,0.5171298980712891,c6f1ed5ef29ed05c87a7ee6127f103fc29662ce7690bed790f30ace0d2137384,True,0.2448678016662591,0.7121562957763672,c6f1ed5ef29ed05c87a7ee6127f103fc29662ce7690bed790f30ace0d2137384
control,r2,classic,142020,0,9,0.0,0,400,0,0.22920370101928703,0.6771087646484375,c6f1ed5ef29ed05c87a7ee6127f103fc29662ce7690bed790f30ace0d2137384,True,0.4072308540344236,1.1799335479736328,c6f1ed5ef29ed05c87a7ee6127f103fc29662ce7690bed790f30ace0d2137384
control,r2,classic,142021,0,9,0.0,0,400,0,0.21005868911743164,0.6451606750488281,299d0b37dc860516a7760762c5c1b680c9483e43dad3ab2c1da64f162280c2ad,True,0.41857957839965787,1.2581348419189453,299d0b37dc860516a7760762c5c1b680c9483e43dad3ab2c1da64f162280c2ad
control,r2,classic,142022,0,9,0.0,0,400,0,0.388538837432861,2.151012420654297,267caff9582494b3508a6c7c81a6546086d5fdd8f823cae34da1955629e4254c,True,0.28531551361083946,0.7879734039306641,267caff9582494b3508a6c7c81a6546086d5fdd8f823cae34da1955629e4254c
control,r2,classic,142023,0,9,0.0,0,400,0,0.26707649230957026,1.363992691040039,299d0b37dc860516a7760762c5c1b680c9483e43dad3ab2c1da64f162280c2ad,True,0.23469924926757738,0.827789306640625,299d0b37dc860516a7760762c5c1b680c9483e43dad3ab2c1da64f162280c2ad
control,r2,classic,142024,0,9,0.0,0,400,0,0.22808313369750963,1.0008811950683594,267caff9582494b3508a6c7c81a6546086d5fdd8f823cae34da1955629e4254c,True,0.21460056304931638,0.5240440368652344,267caff9582494b3508a6c7c81a6546086d5fdd8f823cae34da1955629e4254c
control,r2,classic,142025,0,9,0.0,0,400,0,0.21845102310180636,0.5209445953369141,c6f1ed5ef29ed05c87a7ee6127f103fc29662ce7690bed790f30ace0d2137384,True,0.4544258117675779,0.9710788726806641,c6f1ed5ef29ed05c87a7ee6127f103fc29662ce7690bed790f30ace0d2137384
control,r2,classic,142026,0,9,0.0,0,400,0,0.30975341796874994,1.5752315521240234,620faa5ee14eaff666d08ee048ee6a4b46a5ff1dc9ce8de1db69ad3ae732f55a,True,0.23984909057617188,0.4639625549316406,620faa5ee14eaff666d08ee048ee6a4b46a5ff1dc9ce8de1db69ad3ae732f55a
control,r2,classic,142027,0,9,0.0,0,400,0,0.21280050277709883,0.5609989166259766,3befce7582aa4a1d7d341d33d562c83589e5b7ed893f423d51b1deda23978126,True,0.19289255142211914,0.7581710815429688,3befce7582aa4a1d7d341d33d562c83589e5b7ed893f423d51b1deda23978126
control,r2,classic,142028,0,9,0.0,0,400,0,0.3268122673034662,2.1719932556152344,489152787d2de412f007d0e157d8aa620adb6dc32810a82614e2ba027a8b298e,True,0.2822518348693846,4.131078720092773,489152787d2de412f007d0e157d8aa620adb6dc32810a82614e2ba027a8b298e
control,r2,classic,142029,0,9,0.0,0,400,0,0.40756464004516546,0.6921291351318359,267caff9582494b3508a6c7c81a6546086d5fdd8f823cae34da1955629e4254c,True,0.24614334106445304,0.6961822509765625,267caff9582494b3508a6c7c81a6546086d5fdd8f823cae34da1955629e4254c
control,r2,classic,142030,0,9,0.0,0,400,0,0.3550529479980468,1.0640621185302734,caa0b37960d4db0de174947836cd649cb676a45c62e318824ed0956af5df050c,True,0.2604603767395016,1.0161399841308594,caa0b37960d4db0de174947836cd649cb676a45c62e318824ed0956af5df050c
control,r2,classic,142031,1,9,0.1111111111111111,0,400,0,0.23394823074340815,1.0628700256347656,5f89165940d2f52137c4ec24ecd33ee04af0c182e0119d44bab4c1ad56bebd3b,True,0.24609565734863276,0.8509159088134766,5f89165940d2f52137c4ec24ecd33ee04af0c182e0119d44bab4c1ad56bebd3b
control,r2,classic,142032,0,9,0.0,0,400,0,0.187277793884277,0.3998279571533203,3befce7582aa4a1d7d341d33d562c83589e5b7ed893f423d51b1deda23978126,True,0.1951098442077636,0.45299530029296875,3befce7582aa4a1d7d341d33d562c83589e5b7ed893f423d51b1deda23978126
control,r2,classic,142033,0,9,0.0,0,400,0,0.18602609634399409,0.46181678771972656,61269a370a4be827cff42c76362bd4934836cb148a8076e0fba2be6274e8c679,True,0.1797795295715332,0.6322860717773438,61269a370a4be827cff42c76362bd4934836cb148a8076e0fba2be6274e8c679
control,r2,classic,142034,0,9,0.0,0,400,0,0.2129077911376953,0.4189014434814453,c6f1ed5ef29ed05c87a7ee6127f103fc29662ce7690bed790f30ace0d2137384,True,0.34443140029907193,0.843048095703125,c6f1ed5ef29ed05c87a7ee6127f103fc29662ce7690bed790f30ace0d2137384
control,r2,classic,142035,1,9,0.1111111111111111,0,400,0,0.30118227005004855,0.6411075592041016,d39856400938ad4b5a7e4c0d08235d70c014a46e178ecacfe80e4ed137f753ad,True,0.21104812622070307,0.38695335388183594,d39856400938ad4b5a7e4c0d08235d70c014a46e178ecacfe80e4ed137f753ad
control,r2,classic,142036,0,9,0.0,0,400,0,0.21988153457641596,0.7219314575195312,299d0b37dc860516a7760762c5c1b680c9483e43dad3ab2c1da64f162280c2ad,True,0.3181457519531249,1.149892807006836,299d0b37dc860516a7760762c5c1b680c9483e43dad3ab2c1da64f162280c2ad
control,r2,classic,142037,0,9,0.0,0,400,0,0.3420829772949217,1.1060237884521484,f349a3efbe1fce333c321ba50bc46876172f5635076bc3edaab4bb48b995e434,True,0.5310177803039551,2.020120620727539,f349a3efbe1fce333c321ba50bc46876172f5635076bc3edaab4bb48b995e434
control,r2,classic,142038,0,9,0.0,0,400,0,0.34599304199218744,2.0689964294433594,2b26ba7be27dadf8b382e8a89a739ab709412ab154209b70ab7532c9ec985432,True,0.5533695220947263,1.4200210571289062,2b26ba7be27dadf8b382e8a89a739ab709412ab154209b70ab7532c9ec985432
control,r2,classic,142039,0,9,0.0,0,400,0,0.2184391021728513,0.4279613494873047,299d0b37dc860516a7760762c5c1b680c9483e43dad3ab2c1da64f162280c2ad,True,0.19512176513671867,0.5328655242919922,299d0b37dc860516a7760762c5c1b680c9483e43dad3ab2c1da64f162280c2ad
control,r2,classic,142040,0,9,0.0,0,400,0,0.23618936538696275,0.5080699920654297,489152787d2de412f007d0e157d8aa620adb6dc32810a82614e2ba027a8b298e,True,0.283968448638916,1.1620521545410156,489152787d2de412f007d0e157d8aa620adb6dc32810a82614e2ba027a8b298e
control,r2,coin-heaven,143001,50,50,1.0,0,125,0,0.31032562255859375,0.5681514739990234,893203d39d221590aaeea14b9c94cf453d48dfb9b6af6db798931e56f6f0eef9,True,0.21786689758300778,0.40602684020996094,893203d39d221590aaeea14b9c94cf453d48dfb9b6af6db798931e56f6f0eef9
control,r2,coin-heaven,143002,50,50,1.0,0,127,0,0.3513097763061523,0.45490264892578125,fc0879230590abd194b65a5ce2e63de3bec2133dc8e201364820f431014fa8c3,True,0.26879310607910145,0.36716461181640625,fc0879230590abd194b65a5ce2e63de3bec2133dc8e201364820f431014fa8c3
control,r2,coin-heaven,143003,50,50,1.0,0,129,0,0.37426948547363276,0.5600452423095703,9b28690f4dfc420fb30b73bd5cb1dc922ef6904c2948de5fa1b0a8c8e6220043,True,0.4047870635986326,0.5879402160644531,9b28690f4dfc420fb30b73bd5cb1dc922ef6904c2948de5fa1b0a8c8e6220043
control,r2,coin-heaven,143004,50,50,1.0,0,119,0,0.24008750915527327,1.3370513916015625,8d62a5e36eac89a2ecbcf038e25f3b325b4794ec527e815a9165f800de11b060,True,0.42674541473388666,0.5121231079101562,8d62a5e36eac89a2ecbcf038e25f3b325b4794ec527e815a9165f800de11b060
control,r2,coin-heaven,143005,50,50,1.0,0,123,0,0.2729654312133789,0.6089210510253906,141a4d1e9f1d25380ec980c07956fc0d9bd768f03c4e5ec69a81fc7e9044abb9,True,0.3657579421997065,0.6411075592041016,141a4d1e9f1d25380ec980c07956fc0d9bd768f03c4e5ec69a81fc7e9044abb9
control,r2,coin-heaven,143006,50,50,1.0,0,119,0,0.23264884948730452,0.33593177795410156,5f1d41d5de74a1c9ffd93e32e778feec0b965e0ba187d678cdf392d97650ffd4,True,0.15709400177001953,0.3440380096435547,5f1d41d5de74a1c9ffd93e32e778feec0b965e0ba187d678cdf392d97650ffd4
control,r2,coin-heaven,143007,50,50,1.0,0,117,0,0.5876064300537097,0.96893310546875,ab1fa49c5a7b912001d87ff94feb1efc5de7af09cdc99ff7d03ab6f98dd108f8,True,0.24771690368652322,0.4038810729980469,ab1fa49c5a7b912001d87ff94feb1efc5de7af09cdc99ff7d03ab6f98dd108f8
control,r2,coin-heaven,143008,50,50,1.0,0,119,0,0.6232023239135738,1.116037368774414,0702ec8da437fafc3fb9c570a79cb4171a40dd04f65e4a1d111f09f8c4c4cf16,True,0.25794506072998036,0.5581378936767578,0702ec8da437fafc3fb9c570a79cb4171a40dd04f65e4a1d111f09f8c4c4cf16
control,r2,coin-heaven,143009,50,50,1.0,0,124,0,0.5262732505798334,1.4750957489013672,1c0f3ee317d930b64d3125a1f05400bf0670c3a877951744b6be8d43ed261508,True,0.22301673889160153,0.3008842468261719,1c0f3ee317d930b64d3125a1f05400bf0670c3a877951744b6be8d43ed261508
control,r2,coin-heaven,143010,50,50,1.0,0,113,0,0.19841194152832026,0.3528594970703125,f7ba9ea5ae3f0318046f490f0c9856b64c8860e2a3b2b37404605fbda970574b,True,0.2059459686279296,0.5710124969482422,f7ba9ea5ae3f0318046f490f0c9856b64c8860e2a3b2b37404605fbda970574b
control,r2,coin-heaven,143011,50,50,1.0,0,139,0,0.35567283630371077,0.6120204925537109,d444c6f9209edc6c7b74e68eda88b187dbe4dc2c7cf552c568bac578f87b7521,True,0.22647380828857414,0.3032684326171875,d444c6f9209edc6c7b74e68eda88b187dbe4dc2c7cf552c568bac578f87b7521
control,r2,coin-heaven,143012,50,50,1.0,0,129,0,0.2976417541503906,0.4432201385498047,b12cd6fec9e2e26f1361efd6f53aae666d98dbbfef9001a0fe24cd6089480488,True,0.4009246826171875,0.8788108825683594,b12cd6fec9e2e26f1361efd6f53aae666d98dbbfef9001a0fe24cd6089480488
control,r2,coin-heaven,143013,50,50,1.0,0,130,0,0.3269433975219726,0.41604042053222656,551ab9bda3035820fc11060adbb7e80be3aace11ac0c3bcfad719f3591b61b5e,True,0.23972988128662107,0.40602684020996094,551ab9bda3035820fc11060adbb7e80be3aace11ac0c3bcfad719f3591b61b5e
control,r2,coin-heaven,143014,50,50,1.0,0,120,0,0.25491714477539046,2.176046371459961,78e7c349041f5b213b165dd073a59b5d0c040e8ecdd9ac163681d91637257737,True,0.499582290649414,1.3828277587890625,78e7c349041f5b213b165dd073a59b5d0c040e8ecdd9ac163681d91637257737
control,r2,coin-heaven,143015,50,50,1.0,0,127,0,0.18665790557861306,0.37980079650878906,0e4ece95962be36f0a8ad3dd7ad18d214236eab5dc26e3eb6168bb5dd088e614,True,0.3459930419921872,0.5776882171630859,0e4ece95962be36f0a8ad3dd7ad18d214236eab5dc26e3eb6168bb5dd088e614
control,r2,coin-heaven,143016,50,50,1.0,0,123,0,0.1926422119140624,0.6351470947265625,4d3ce7c920def904f53d23d0177a69196c5c825531d0e1937176ba65f707b86d,True,0.1932621002197265,0.35309791564941406,4d3ce7c920def904f53d23d0177a69196c5c825531d0e1937176ba65f707b86d
control,r2,coin-heaven,143017,50,50,1.0,0,118,0,0.3370761871337884,0.5629062652587891,a3cfacb2be7f93c680d08c2f313abf38c2541f0ebad018153c16bd03794f40dd,True,0.2119779586791991,0.3001689910888672,a3cfacb2be7f93c680d08c2f313abf38c2541f0ebad018153c16bd03794f40dd
control,r2,coin-heaven,143018,50,50,1.0,0,117,0,0.22616386413574172,0.4038810729980469,1a0568e6476d3cf92a392f5437c77a2d568432bd69c2551062090ebd35c45e26,True,0.2633571624755858,0.35190582275390625,1a0568e6476d3cf92a392f5437c77a2d568432bd69c2551062090ebd35c45e26
control,r2,coin-heaven,143019,50,50,1.0,0,105,0,0.1786231994628906,0.30303001403808594,530735a8de15978df8da09097e474954ba3b5873a2b28e0d2ce4bd64ce913cd9,True,0.15034675598144528,0.21505355834960938,530735a8de15978df8da09097e474954ba3b5873a2b28e0d2ce4bd64ce913cd9
control,r2,coin-heaven,143020,50,50,1.0,0,132,0,0.40817260742187494,0.7150173187255859,19ce9f2ae55fe263e7d965b9f046a25f05c1e91e15ffea7c67d925aa0a911a70,True,0.2975821495056149,0.3502368927001953,19ce9f2ae55fe263e7d965b9f046a25f05c1e91e15ffea7c67d925aa0a911a70
control,r2,coin-heaven,143021,50,50,1.0,0,125,0,0.4431724548339844,1.5659332275390625,65a3c131ad4c946b51635d356a333f505ef0ec8aac88ffed6de1a435802dddb6,True,0.371408462524414,1.6450881958007812,65a3c131ad4c946b51635d356a333f505ef0ec8aac88ffed6de1a435802dddb6
control,r2,coin-heaven,143022,50,50,1.0,0,127,0,0.2624034881591797,0.37598609924316406,2fa20c3064d1a22cf491bf13698e653b40f2c76d1e49dd3b148c8b0a6c7833d8,True,0.3108978271484375,0.370025634765625,2fa20c3064d1a22cf491bf13698e653b40f2c76d1e49dd3b148c8b0a6c7833d8
control,r2,coin-heaven,143023,50,50,1.0,0,116,0,0.20962953567504883,0.4181861877441406,3351df0b2edc0a485b1c6a2bd43f63e9f8809a23bb8ee479b6be91e5f8330470,True,0.2517104148864746,0.5331039428710938,3351df0b2edc0a485b1c6a2bd43f63e9f8809a23bb8ee479b6be91e5f8330470
control,r2,coin-heaven,143024,50,50,1.0,0,135,0,0.3440380096435547,0.45418739318847656,92a4daf7833c3b311169e6b02d086a2de40a463ce20f4bfd390feee96454eb92,True,0.34868717193603516,1.207113265991211,92a4daf7833c3b311169e6b02d086a2de40a463ce20f4bfd390feee96454eb92
control,r2,coin-heaven,143025,50,50,1.0,0,138,0,0.21103620529174805,0.34308433532714844,a06806394dbd7d78f885163fea063caa299f9e0016e8a0817ee8bf32c2709af0,True,0.25773048400878906,0.3609657287597656,a06806394dbd7d78f885163fea063caa299f9e0016e8a0817ee8bf32c2709af0
control,r2,coin-heaven,143026,50,50,1.0,0,135,0,0.26192665100097656,0.8168220520019531,2289420a3acf1b10a4d7c5c1964e01e113867e01bed410ad4906a7fbd7a4bf52,True,0.37045478820800776,0.7739067077636719,2289420a3acf1b10a4d7c5c1964e01e113867e01bed410ad4906a7fbd7a4bf52
control,r2,coin-heaven,143027,50,50,1.0,0,112,0,0.19432306289672838,0.3769397735595703,c6d9cbc0fc66db7b255379e67845c39ad2cebde25955f71c78fa4b6fe3d20932,True,0.35455226898193337,0.9226799011230469,c6d9cbc0fc66db7b255379e67845c39ad2cebde25955f71c78fa4b6fe3d20932
control,r2,coin-heaven,143028,50,50,1.0,0,127,0,0.2407312393188476,0.3848075866699219,0801bddd7df1e749f430b47bc10054c2318472e54d9864a740247595763972e7,True,0.31383037567138655,0.4668235778808594,0801bddd7df1e749f430b47bc10054c2318472e54d9864a740247595763972e7
control,r2,coin-heaven,143029,50,50,1.0,0,138,0,0.32910108566284185,0.4889965057373047,e4e1f1f0383777c5111cb2e2d3c55ba4a05e71489159f1cd331574ee1199eae2,True,0.3226876258850098,0.4951953887939453,e4e1f1f0383777c5111cb2e2d3c55ba4a05e71489159f1cd331574ee1199eae2
control,r2,coin-heaven,143030,50,50,1.0,0,127,0,0.3194570541381836,1.2941360473632812,f154f0395246ee8f3163bb9b381c7741e17b4f60c5430e5f2092f5c34070e1f4,True,0.27225017547607405,0.8997917175292969,f154f0395246ee8f3163bb9b381c7741e17b4f60c5430e5f2092f5c34070e1f4
control,r2,coin-heaven,143031,50,50,1.0,0,115,0,0.6379127502441406,2.165079116821289,0987a91e69d0aac3f593ddd2865fd72bbeacae256e509535d9ffa8c9d71803d3,True,0.15780925750732422,0.3399848937988281,0987a91e69d0aac3f593ddd2865fd72bbeacae256e509535d9ffa8c9d71803d3
control,r2,coin-heaven,143032,50,50,1.0,0,133,0,0.37875175476074213,0.5781650543212891,928eca6ad1a23b9c57271f877c738e0aa31cd985284291635ecdaf9518933780,True,0.33016204833984364,0.47898292541503906,928eca6ad1a23b9c57271f877c738e0aa31cd985284291635ecdaf9518933780
control,r2,coin-heaven,143033,50,50,1.0,0,125,0,0.26264190673828114,0.5738735198974609,813b92b44b492252bb9441dc61356ef04c8bea7f257f5819805b25b331472241,True,0.5553245544433592,1.2478828430175781,813b92b44b492252bb9441dc61356ef04c8bea7f257f5819805b25b331472241
control,r2,coin-heaven,143034,50,50,1.0,0,132,0,0.2787470817565918,0.4417896270751953,9e2a6ccf18fba072407d86a1e589c48fb837abc960b6e84a59ff88e78ba97fb1,True,0.5119323730468746,0.9069442749023438,9e2a6ccf18fba072407d86a1e589c48fb837abc960b6e84a59ff88e78ba97fb1
control,r2,coin-heaven,143035,50,50,1.0,0,122,0,0.3032088279724118,0.4730224609375,b4a572b4a0b3591e5f7394b4d4fab03f9eb7500cdcae3a3025c3ff41ed064220,True,0.6307721138000484,1.0600090026855469,b4a572b4a0b3591e5f7394b4d4fab03f9eb7500cdcae3a3025c3ff41ed064220
control,r2,coin-heaven,143036,50,50,1.0,0,115,0,0.1663446426391601,0.30612945556640625,ae5b5e6ac306ed6e3f9d43edb3ca983c2b45e7db5a0e78d2ecbe53f5b60e42ed,True,0.2974510192871094,0.5497932434082031,ae5b5e6ac306ed6e3f9d43edb3ca983c2b45e7db5a0e78d2ecbe53f5b60e42ed
control,r2,coin-heaven,143037,50,50,1.0,0,138,0,0.2617001533508302,0.38313865661621094,8f4693720ed55baa6cbfecb218ccdfd8871c81f203466eb4771156c86f50dd1b,True,0.28345584869384777,0.5559921264648438,8f4693720ed55baa6cbfecb218ccdfd8871c81f203466eb4771156c86f50dd1b
control,r2,coin-heaven,143038,50,50,1.0,0,134,0,0.3184795379638671,0.40411949157714844,9812baa69bbe94870978eefadf4a50c7c2a32390f8f57b3ce21390bf96b73f4e,True,0.3033280372619627,0.5290508270263672,9812baa69bbe94870978eefadf4a50c7c2a32390f8f57b3ce21390bf96b73f4e
control,r2,coin-heaven,143039,50,50,1.0,0,129,0,0.2570152282714844,0.3490447998046875,00631c90bd67dcf32f0c640298cb768ef15295ec7543c0a9e70e06501e16e997,True,0.2585887908935546,0.48923492431640625,00631c90bd67dcf32f0c640298cb768ef15295ec7543c0a9e70e06501e16e997
control,r2,coin-heaven,143040,50,50,1.0,0,119,0,0.1509904861450195,0.37384033203125,830e9d04a592023fcf7f8492d4c92ceae573c5c3682e842d7ac60872aafbff86,True,0.20871162414550776,0.4012584686279297,830e9d04a592023fcf7f8492d4c92ceae573c5c3682e842d7ac60872aafbff86
control,r2,loot-crate,144001,4,50,0.08,0,400,0,0.22637844085693326,0.5197525024414062,5a180c2a41750105306a0ff2d25bb8478d91f17243ab5f2d71cc3b7e62f6168b,True,0.4921317100524902,1.5101432800292969,5a180c2a41750105306a0ff2d25bb8478d91f17243ab5f2d71cc3b7e62f6168b
control,r2,loot-crate,144002,0,50,0.0,0,400,0,0.18409490585327146,0.3311634063720703,3befce7582aa4a1d7d341d33d562c83589e5b7ed893f423d51b1deda23978126,True,0.1759648323059082,0.4200935363769531,3befce7582aa4a1d7d341d33d562c83589e5b7ed893f423d51b1deda23978126
control,r2,loot-crate,144003,3,50,0.06,0,400,0,0.20929574966430559,0.5519390106201172,c6f169fe61f157d887f695d5dac7afeaff2ec5a7c8edf7f0ab2588a69b8d7ac4,True,0.23107528686523432,0.5671977996826172,c6f169fe61f157d887f695d5dac7afeaff2ec5a7c8edf7f0ab2588a69b8d7ac4
control,r2,loot-crate,144004,4,50,0.08,0,400,0,0.20728111267089835,0.4451274871826172,8ec02ea8e17de49da773eb294a3499c1be00b5bcf22197516d6fa5578daa38f4,True,0.20505189895629883,0.6010532379150391,8ec02ea8e17de49da773eb294a3499c1be00b5bcf22197516d6fa5578daa38f4
control,r2,loot-crate,144005,1,50,0.02,0,400,0,0.26752948760986284,0.5810260772705078,77cf067ea8161baf6b79614fb65dce0664800e8632040c25c711b0bad3688f94,True,0.1920342445373534,0.8170604705810547,77cf067ea8161baf6b79614fb65dce0664800e8632040c25c711b0bad3688f94
control,r2,loot-crate,144006,0,50,0.0,0,400,0,0.20127296447753815,1.8448829650878906,c6f1ed5ef29ed05c87a7ee6127f103fc29662ce7690bed790f30ace0d2137384,True,0.2860665321350096,2.0978450775146484,c6f1ed5ef29ed05c87a7ee6127f103fc29662ce7690bed790f30ace0d2137384
control,r2,loot-crate,144007,0,50,0.0,0,400,0,0.4444360733032222,0.9720325469970703,c6f1ed5ef29ed05c87a7ee6127f103fc29662ce7690bed790f30ace0d2137384,True,0.18240213394165017,0.6318092346191406,c6f1ed5ef29ed05c87a7ee6127f103fc29662ce7690bed790f30ace0d2137384
control,r2,loot-crate,144008,0,50,0.0,0,400,0,0.39688348770141585,0.9691715240478516,c6f1ed5ef29ed05c87a7ee6127f103fc29662ce7690bed790f30ace0d2137384,True,0.1870274543762206,0.4830360412597656,c6f1ed5ef29ed05c87a7ee6127f103fc29662ce7690bed790f30ace0d2137384
control,r2,loot-crate,144009,1,50,0.02,0,400,0,0.18306970596313457,0.3859996795654297,f429de8acb40dabfedb02a73e67b95dbc50488e724b769bffce15ce86d02658c,True,0.44116973876953114,1.1341571807861328,f429de8acb40dabfedb02a73e67b95dbc50488e724b769bffce15ce86d02658c
control,r2,loot-crate,144010,3,50,0.06,0,400,0,0.2061367034912108,0.4668235778808594,650dc6491dd96119ba61aeb159684ad3c2f89ed4c5e76c7c4763d9e7ea39e135,True,0.5107522010803218,2.2020339965820312,650dc6491dd96119ba61aeb159684ad3c2f89ed4c5e76c7c4763d9e7ea39e135
control,r2,loot-crate,144011,4,50,0.08,1,50,1,0.20970106124877919,0.36597251892089844,b2d59f3e99a6247658f61517004ed9ebf73d553bd0f9c91b4ae77be79469b3f7,True,0.4008173942565917,0.469207763671875,b2d59f3e99a6247658f61517004ed9ebf73d553bd0f9c91b4ae77be79469b3f7
control,r2,loot-crate,144012,6,50,0.12,0,400,0,0.2820968627929687,1.1038780212402344,4eeb4a97b57981289af1cf26413d97f3c792bacb7caf83b1e6f9a54719762214,True,0.4088878631591788,4.93311882019043,4eeb4a97b57981289af1cf26413d97f3c792bacb7caf83b1e6f9a54719762214
control,r2,loot-crate,144013,6,50,0.12,0,400,0,0.1983880996704097,0.5521774291992188,6911706971131f090b4abdd7db3ffb9cef393a014a8dc4d73170971a39ddde88,True,0.5344510078430172,1.5249252319335938,6911706971131f090b4abdd7db3ffb9cef393a014a8dc4d73170971a39ddde88
control,r2,loot-crate,144014,1,50,0.02,0,400,0,0.23823976516723605,0.49686431884765625,fb1115d74e3a9071f0c5b961dbd9c30273792f779d36b65d12a4afdb3225a4b2,True,0.38603544235229487,0.659942626953125,fb1115d74e3a9071f0c5b961dbd9c30273792f779d36b65d12a4afdb3225a4b2
control,r2,loot-crate,144015,0,50,0.0,0,400,0,0.25706291198730463,0.614166259765625,267caff9582494b3508a6c7c81a6546086d5fdd8f823cae34da1955629e4254c,True,0.20009279251098627,0.7810592651367188,267caff9582494b3508a6c7c81a6546086d5fdd8f823cae34da1955629e4254c
control,r2,loot-crate,144016,0,50,0.0,0,400,0,0.20599365234375,0.4410743713378906,3befce7582aa4a1d7d341d33d562c83589e5b7ed893f423d51b1deda23978126,True,0.24218559265136702,1.1053085327148438,3befce7582aa4a1d7d341d33d562c83589e5b7ed893f423d51b1deda23978126
control,r2,loot-crate,144017,10,50,0.2,0,400,0,0.3000855445861815,1.230001449584961,ad7aa3b81c794b95a941461159f56bbaca55697311edb75009246f0776545cb4,True,0.5129218101501457,1.0759830474853516,ad7aa3b81c794b95a941461159f56bbaca55697311edb75009246f0776545cb4
control,r2,loot-crate,144018,2,50,0.04,0,400,0,0.3424525260925288,0.6110668182373047,7a78cb9c0767457b10d4227542a4674d981ef2011b0a18c9d1c7a31d55b1c565,True,0.23984909057617188,0.7429122924804688,7a78cb9c0767457b10d4227542a4674d981ef2011b0a18c9d1c7a31d55b1c565
control,r2,loot-crate,144019,2,50,0.04,0,400,0,0.56915283203125,2.1970272064208984,cb565bc04ca8f658159f5cc5d173aee3663f5a644340ffc1612ac70819400a68,True,0.2589821815490722,0.5340576171875,cb565bc04ca8f658159f5cc5d173aee3663f5a644340ffc1612ac70819400a68
control,r2,loot-crate,144020,1,50,0.02,0,400,0,0.5748510360717767,1.394033432006836,95edd2219be5e93aadb4db9ac498cbff8a1fecafc3b67cfbacddc5d59e21f979,True,0.2374053001403807,0.820159912109375,95edd2219be5e93aadb4db9ac498cbff8a1fecafc3b67cfbacddc5d59e21f979
control,r2,loot-crate,144021,5,50,0.1,0,400,0,0.24639368057250946,0.7810592651367188,4777d74f2cd1e9895246b019b090179f3ec1381239bf9a22ca2b50ead895b7b9,True,0.3450512886047363,0.8809566497802734,4777d74f2cd1e9895246b019b090179f3ec1381239bf9a22ca2b50ead895b7b9
control,r2,loot-crate,144022,1,50,0.02,0,400,0,0.4299759864807128,1.2600421905517578,94860a9e48ead7558c944f43593b0b94d192d0b0bb6c0ff6b31bc26a1c8fac14,True,0.2473473548889157,0.6542205810546875,94860a9e48ead7558c944f43593b0b94d192d0b0bb6c0ff6b31bc26a1c8fac14
control,r2,loot-crate,144023,2,50,0.04,0,400,0,0.2864003181457517,0.6258487701416016,5175b575850c0ab2e3bbeeb2454a402b15efe6b8953c1a55d137c18c1db80c8a,True,0.313293933868408,1.0650157928466797,5175b575850c0ab2e3bbeeb2454a402b15efe6b8953c1a55d137c18c1db80c8a
control,r2,loot-crate,144024,0,50,0.0,0,400,0,0.19508600234985346,0.6639957427978516,3befce7582aa4a1d7d341d33d562c83589e5b7ed893f423d51b1deda23978126,True,0.5144000053405756,1.9490718841552734,3befce7582aa4a1d7d341d33d562c83589e5b7ed893f423d51b1deda23978126
control,r2,loot-crate,144025,1,50,0.02,0,400,0,0.2139210700988769,0.49614906311035156,36996972cd6558b116ea9b80d3d0298c048ac2e33b7be7dbbbad6905d05aacc0,True,0.46640634536743136,0.8528232574462891,36996972cd6558b116ea9b80d3d0298c048ac2e33b7be7dbbbad6905d05aacc0
control,r2,loot-crate,144026,9,50,0.18,0,400,0,0.29361248016357283,0.6787776947021484,af32feb66dada97a734a5d1382e1435bb3b7a2b59735f4ec6c45f8f4dbef3387,True,0.28024911880493153,0.6971359252929688,af32feb66dada97a734a5d1382e1435bb3b7a2b59735f4ec6c45f8f4dbef3387
control,r2,loot-crate,144027,0,50,0.0,0,400,0,0.2828836441040038,0.7512569427490234,267caff9582494b3508a6c7c81a6546086d5fdd8f823cae34da1955629e4254c,True,0.2065420150756831,0.7040500640869141,267caff9582494b3508a6c7c81a6546086d5fdd8f823cae34da1955629e4254c
control,r2,loot-crate,144028,5,50,0.1,0,400,0,0.234770774841308,0.720977783203125,9f007851ccf53fec1e7c2d848b2ee6334c33eb0ff2b84677c444adbdbdae1d96,True,0.2744197845458982,0.5371570587158203,9f007851ccf53fec1e7c2d848b2ee6334c33eb0ff2b84677c444adbdbdae1d96
control,r2,loot-crate,144029,0,50,0.0,0,400,0,0.17906427383422852,0.42700767517089844,70671cf13e7d4d84a90e8f496aa3303ca29ae6fb39eda92a948098703d270dce,True,0.18484592437744135,0.5180835723876953,70671cf13e7d4d84a90e8f496aa3303ca29ae6fb39eda92a948098703d270dce
control,r2,loot-crate,144030,0,50,0.0,0,400,0,0.20231008529663075,0.5147457122802734,c6f1ed5ef29ed05c87a7ee6127f103fc29662ce7690bed790f30ace0d2137384,True,0.1929759979248046,0.7429122924804688,c6f1ed5ef29ed05c87a7ee6127f103fc29662ce7690bed790f30ace0d2137384
control,r2,loot-crate,144031,4,50,0.08,1,39,0,0.3043413162231446,0.49614906311035156,6b1cb8750ba7e7700e84ece80ada489008a3a96d76d65d0144756b504e835924,True,0.2716779708862305,0.3972053527832031,6b1cb8750ba7e7700e84ece80ada489008a3a96d76d65d0144756b504e835924
control,r2,loot-crate,144032,4,50,0.08,0,400,0,0.22617578506469713,0.4241466522216797,0857fc4e73a67a424da95cffaecbbc2df489ef5202949bdd1e10850659ab6f95,True,0.1955509185791013,0.48613548278808594,0857fc4e73a67a424da95cffaecbbc2df489ef5202949bdd1e10850659ab6f95
control,r2,loot-crate,144033,0,50,0.0,0,400,0,0.35815238952636713,0.7710456848144531,caa0b37960d4db0de174947836cd649cb676a45c62e318824ed0956af5df050c,True,0.45000314712524403,0.9000301361083984,caa0b37960d4db0de174947836cd649cb676a45c62e318824ed0956af5df050c
control,r2,loot-crate,144034,0,50,0.0,0,400,0,0.2070426940917968,0.3991127014160156,299d0b37dc860516a7760762c5c1b680c9483e43dad3ab2c1da64f162280c2ad,True,0.3520607948303221,0.6508827209472656,299d0b37dc860516a7760762c5c1b680c9483e43dad3ab2c1da64f162280c2ad
control,r2,loot-crate,144035,3,50,0.06,0,400,0,0.1851201057434081,0.4520416259765625,978164d38bf6940753b31c713b0c904343087d53aec23101563bf5f5bad29e62,True,0.22722482681274392,0.4363059997558594,978164d38bf6940753b31c713b0c904343087d53aec23101563bf5f5bad29e62
control,r2,loot-crate,144036,1,50,0.02,0,400,0,0.22915601730346677,0.4150867462158203,28fee8a31f300f717972dfb7b3c8c0573c68d7864b8e97e7b774447025a04617,True,0.2571702003479002,0.5340576171875,28fee8a31f300f717972dfb7b3c8c0573c68d7864b8e97e7b774447025a04617
control,r2,loot-crate,144037,6,50,0.12,0,400,0,0.2003073692321777,0.3960132598876953,d9709c6ee1d926f955bb0e06e071a902a40393736b5c3903139989192f6cc06a,True,0.2558827400207519,0.4749298095703125,d9709c6ee1d926f955bb0e06e071a902a40393736b5c3903139989192f6cc06a
control,r2,loot-crate,144038,0,50,0.0,0,400,0,0.199449062347412,0.4849433898925781,c6f1ed5ef29ed05c87a7ee6127f103fc29662ce7690bed790f30ace0d2137384,True,0.1892685890197752,0.6568431854248047,c6f1ed5ef29ed05c87a7ee6127f103fc29662ce7690bed790f30ace0d2137384
control,r2,loot-crate,144039,2,50,0.04,0,400,0,0.21319389343261713,0.5600452423095703,98cfe79b4e05eb3666e6f17613ea527abc8a0bec9922ecb2e637b9915c4c8544,True,0.22845268249511694,1.6918182373046875,98cfe79b4e05eb3666e6f17613ea527abc8a0bec9922ecb2e637b9915c4c8544
control,r2,loot-crate,144040,3,50,0.06,0,400,0,0.25421380996704074,0.49614906311035156,17c91f851a7ebe743c1d66bb06e1f75d41e0b1851be547ffc9779c6da7d41681,True,0.586283206939697,2.1920204162597656,17c91f851a7ebe743c1d66bb06e1f75d41e0b1851be547ffc9779c6da7d41681
control,r3,classic,142001,0,9,0.0,0,400,0,0.4297971725463861,1.5101432800292969,49c92140a5f59c3bbecd4f41153c4a462edf8634d8c6d0a38b0076fe0da85459,True,0.18670558929443357,0.43082237243652344,49c92140a5f59c3bbecd4f41153c4a462edf8634d8c6d0a38b0076fe0da85459
control,r3,classic,142002,0,9,0.0,0,400,0,0.1893520355224607,0.3948211669921875,3e457cc2304ad2ccf2d6296a66213cdc8d455614dc7958b9ee35c31a82fdf5fa,True,0.2518773078918456,0.5598068237304688,3e457cc2304ad2ccf2d6296a66213cdc8d455614dc7958b9ee35c31a82fdf5fa
control,r3,classic,142003,0,9,0.0,0,400,0,0.23910999298095684,0.5218982696533203,282eb1f6f5f6f6d581db7908487c761b454ae3f5e0d6bf18e244cdc544229201,True,0.25738477706909146,0.5571842193603516,282eb1f6f5f6f6d581db7908487c761b454ae3f5e0d6bf18e244cdc544229201
control,r3,classic,142004,0,9,0.0,0,400,0,0.2061009407043456,0.38504600524902344,f5cd5c7db2b52deb696d0902504942fccbcfe46442236f0aeef13a8d099a693a,True,0.17228126525878892,0.5283355712890625,f5cd5c7db2b52deb696d0902504942fccbcfe46442236f0aeef13a8d099a693a
control,r3,classic,142005,0,9,0.0,0,400,0,0.20226240158081046,0.6170272827148438,852597c5dcce2ab0cf19d75f47636c65f327274e819f6aba4f889315d08a2cf4,True,0.26988983154296875,0.6856918334960938,852597c5dcce2ab0cf19d75f47636c65f327274e819f6aba4f889315d08a2cf4
control,r3,classic,142006,0,9,0.0,0,400,0,0.2353429794311519,0.6473064422607422,3e457cc2304ad2ccf2d6296a66213cdc8d455614dc7958b9ee35c31a82fdf5fa,True,0.24505853652954082,0.5240440368652344,3e457cc2304ad2ccf2d6296a66213cdc8d455614dc7958b9ee35c31a82fdf5fa
control,r3,classic,142007,0,9,0.0,0,400,0,0.2750992774963377,0.5507469177246094,27bab169e991d89f42f85218ec0464955bbc649746784d57f5beb7d71360cb53,True,0.2099156379699706,0.4909038543701172,27bab169e991d89f42f85218ec0464955bbc649746784d57f5beb7d71360cb53
control,r3,classic,142008,0,9,0.0,0,400,0,0.17216205596923825,0.4458427429199219,27bab169e991d89f42f85218ec0464955bbc649746784d57f5beb7d71360cb53,True,0.25300979614257807,0.6532669067382812,27bab169e991d89f42f85218ec0464955bbc649746784d57f5beb7d71360cb53
control,r3,classic,142009,0,9,0.0,0,400,0,0.21620988845825176,0.48422813415527344,3e457cc2304ad2ccf2d6296a66213cdc8d455614dc7958b9ee35c31a82fdf5fa,True,0.25585889816284,0.5428791046142578,3e457cc2304ad2ccf2d6296a66213cdc8d455614dc7958b9ee35c31a82fdf5fa
control,r3,classic,142010,1,9,0.1111111111111111,0,400,0,0.2822279930114742,0.5309581756591797,169619754a3ac5410c39e35b4e3fd7899502c7c3faad9d86fa83ffe1bffeba3d,True,0.29872655868530207,0.49114227294921875,169619754a3ac5410c39e35b4e3fd7899502c7c3faad9d86fa83ffe1bffeba3d
control,r3,classic,142011,0,9,0.0,0,400,0,0.20518302917480455,0.5009174346923828,aaeec7d25794ec3663025943e41dc74a82d068cef3fabfc167d10437bcb51b10,True,0.1672029495239255,0.6210803985595703,aaeec7d25794ec3663025943e41dc74a82d068cef3fabfc167d10437bcb51b10
control,r3,classic,142012,1,9,0.1111111111111111,0,400,0,0.5588531494140625,2.3088455200195312,8c03003c620d03373d3eacf83321434b396ae40594bc1a59c4956a22d8786cbb,True,0.21460056304931638,0.4742145538330078,8c03003c620d03373d3eacf83321434b396ae40594bc1a59c4956a22d8786cbb
control,r3,classic,142013,0,9,0.0,0,400,0,0.45033693313598616,0.7448196411132812,436a9dd70424d527eac3171618c2ba74c6d65e5b6d68fa22df3d24fb80cb15c1,True,0.17220973968505832,0.3409385681152344,436a9dd70424d527eac3171618c2ba74c6d65e5b6d68fa22df3d24fb80cb15c1
control,r3,classic,142014,0,9,0.0,0,400,0,0.21524429321289046,0.6108283996582031,27bab169e991d89f42f85218ec0464955bbc649746784d57f5beb7d71360cb53,True,0.3807663917541504,1.219034194946289,27bab169e991d89f42f85218ec0464955bbc649746784d57f5beb7d71360cb53
control,r3,classic,142015,0,9,0.0,0,400,0,0.1832485198974608,0.5381107330322266,aaeec7d25794ec3663025943e41dc74a82d068cef3fabfc167d10437bcb51b10,True,0.2843499183654782,0.9982585906982422,aaeec7d25794ec3663025943e41dc74a82d068cef3fabfc167d10437bcb51b10
control,r3,classic,142016,0,9,0.0,0,400,0,0.3041505813598629,0.7619857788085938,27bab169e991d89f42f85218ec0464955bbc649746784d57f5beb7d71360cb53,True,0.21731853485107389,0.9291172027587891,27bab169e991d89f42f85218ec0464955bbc649746784d57f5beb7d71360cb53
control,r3,classic,142017,0,9,0.0,0,400,0,0.22205114364623993,1.4307498931884766,3e457cc2304ad2ccf2d6296a66213cdc8d455614dc7958b9ee35c31a82fdf5fa,True,0.2339959144592284,0.6010532379150391,3e457cc2304ad2ccf2d6296a66213cdc8d455614dc7958b9ee35c31a82fdf5fa
control,r3,classic,142018,0,9,0.0,0,400,0,0.19097328186035156,0.6310939788818359,eec7efd4d8dd9fa3a92673222c70912ab748571416cf45dfe7bbc0f79513e3f2,True,0.23834705352783167,0.7622241973876953,eec7efd4d8dd9fa3a92673222c70912ab748571416cf45dfe7bbc0f79513e3f2
control,r3,classic,142019,1,9,0.1111111111111111,0,400,0,0.1941323280334472,0.4410743713378906,8df995ffc443684c5b390fcf773da7929140b33ef0c3f4a288e2b78fb45a2325,True,0.40904283523559554,1.0371208190917969,8df995ffc443684c5b390fcf773da7929140b33ef0c3f4a288e2b78fb45a2325
control,r3,classic,142020,0,9,0.0,0,400,0,0.19831657409667952,0.6189346313476562,27bab169e991d89f42f85218ec0464955bbc649746784d57f5beb7d71360cb53,True,0.2969384193420409,3.7419795989990234,27bab169e991d89f42f85218ec0464955bbc649746784d57f5beb7d71360cb53
control,r3,classic,142021,1,9,0.1111111111111111,0,400,0,0.21142959594726501,0.6058216094970703,3541cb45f2d3f5ecfef2a7e2e14045932dfb28409465ca7938333826cf7b11c0,True,0.27207136154174716,0.5619525909423828,3541cb45f2d3f5ecfef2a7e2e14045932dfb28409465ca7938333826cf7b11c0
control,r3,classic,142022,0,9,0.0,0,400,0,0.24288892745971621,1.2516975402832031,394f200eff23c19c0d480f360d79ae35918835f9e8383f0e55c896cf2a4a7c41,True,0.2534031867980953,1.1882781982421875,394f200eff23c19c0d480f360d79ae35918835f9e8383f0e55c896cf2a4a7c41
control,r3,classic,142023,0,9,0.0,0,400,0,0.22007226943969704,0.3859996795654297,eec7efd4d8dd9fa3a92673222c70912ab748571416cf45dfe7bbc0f79513e3f2,True,0.2758622169494629,0.84686279296875,eec7efd4d8dd9fa3a92673222c70912ab748571416cf45dfe7bbc0f79513e3f2
control,r3,classic,142024,1,9,0.1111111111111111,0,400,0,0.34699440002441395,0.8199214935302734,52c097632d3fc643bc2011441f580340bae6857c7aa03dde790fc047d5dc8d47,True,0.36907196044921853,1.1911392211914062,52c097632d3fc643bc2011441f580340bae6857c7aa03dde790fc047d5dc8d47
control,r3,classic,142025,0,9,0.0,0,400,0,0.449264049530029,1.405954360961914,394f200eff23c19c0d480f360d79ae35918835f9e8383f0e55c896cf2a4a7c41,True,0.2229690551757812,0.7691383361816406,394f200eff23c19c0d480f360d79ae35918835f9e8383f0e55c896cf2a4a7c41
control,r3,classic,142026,0,9,0.0,0,400,0,0.19891262054443354,0.5970001220703125,eec7efd4d8dd9fa3a92673222c70912ab748571416cf45dfe7bbc0f79513e3f2,True,0.17482042312622065,0.4401206970214844,eec7efd4d8dd9fa3a92673222c70912ab748571416cf45dfe7bbc0f79513e3f2
control,r3,classic,142027,0,9,0.0,0,400,0,0.22201538085937494,0.48923492431640625,393b4a20142743ba7dbc30d423246d68c3b090f827586111367da6461e6db79b,True,0.20203590393066398,0.4630088806152344,393b4a20142743ba7dbc30d423246d68c3b090f827586111367da6461e6db79b
control,r3,classic,142028,0,9,0.0,0,400,0,0.19506216049194333,0.5350112915039062,852597c5dcce2ab0cf19d75f47636c65f327274e819f6aba4f889315d08a2cf4,True,0.27508735656738265,0.6768703460693359,852597c5dcce2ab0cf19d75f47636c65f327274e819f6aba4f889315d08a2cf4
control,r3,classic,142029,0,9,0.0,0,400,0,0.19613504409790025,0.3647804260253906,27bab169e991d89f42f85218ec0464955bbc649746784d57f5beb7d71360cb53,True,0.25417804718017556,0.6592273712158203,27bab169e991d89f42f85218ec0464955bbc649746784d57f5beb7d71360cb53
control,r3,classic,142030,0,9,0.0,0,400,0,0.20018815994262681,0.701904296875,3e457cc2304ad2ccf2d6296a66213cdc8d455614dc7958b9ee35c31a82fdf5fa,True,0.19102096557617182,0.4169940948486328,3e457cc2304ad2ccf2d6296a66213cdc8d455614dc7958b9ee35c31a82fdf5fa
control,r3,classic,142031,0,9,0.0,0,400,0,0.20099878311157227,1.3051033020019531,aaeec7d25794ec3663025943e41dc74a82d068cef3fabfc167d10437bcb51b10,True,0.17604827880859367,0.40984153747558594,aaeec7d25794ec3663025943e41dc74a82d068cef3fabfc167d10437bcb51b10
control,r3,classic,142032,0,9,0.0,0,400,0,0.27419328689575173,0.5700588226318359,c4f266cd3586a72a9c12ae591b8d6ea8f9ca82f59e441c93531534c3a47847d7,True,0.2190828323364256,0.45990943908691406,c4f266cd3586a72a9c12ae591b8d6ea8f9ca82f59e441c93531534c3a47847d7
control,r3,classic,142033,1,9,0.1111111111111111,0,400,0,0.29917955398559554,0.9300708770751953,d7a419dabb9dd55b4705160138141aff2fec9bd58d2a932ccbf963cdf7891f0d,True,0.26308298110961903,0.6330013275146484,d7a419dabb9dd55b4705160138141aff2fec9bd58d2a932ccbf963cdf7891f0d
control,r3,classic,142034,1,9,0.1111111111111111,0,400,0,0.2120137214660644,0.4489421844482422,734da7815ff171a27f1437d86799e28c675462a7f9c58af9febf68ec49654949,True,0.3064274787902829,1.1489391326904297,734da7815ff171a27f1437d86799e28c675462a7f9c58af9febf68ec49654949
control,r3,classic,142035,0,9,0.0,0,400,0,0.4463434219360347,1.5118122100830078,fd849345d796fafa721d4747745fdecfa9135b9ed0a4cf3f5b6c35babad91a83,True,0.18563270568847623,0.5390644073486328,fd849345d796fafa721d4747745fdecfa9135b9ed0a4cf3f5b6c35babad91a83
control,r3,classic,142036,0,9,0.0,0,400,0,0.3318905830383301,0.5228519439697266,852597c5dcce2ab0cf19d75f47636c65f327274e819f6aba4f889315d08a2cf4,True,0.15497207641601562,0.4978179931640625,852597c5dcce2ab0cf19d75f47636c65f327274e819f6aba4f889315d08a2cf4
control,r3,classic,142037,0,9,0.0,0,400,0,0.18638372421264632,0.4451274871826172,aaeec7d25794ec3663025943e41dc74a82d068cef3fabfc167d10437bcb51b10,True,0.1850485801696777,0.6892681121826172,aaeec7d25794ec3663025943e41dc74a82d068cef3fabfc167d10437bcb51b10
control,r3,classic,142038,0,9,0.0,0,400,0,0.17728805541992174,0.4608631134033203,c4f266cd3586a72a9c12ae591b8d6ea8f9ca82f59e441c93531534c3a47847d7,True,0.17478466033935544,0.3039836883544922,c4f266cd3586a72a9c12ae591b8d6ea8f9ca82f59e441c93531534c3a47847d7
control,r3,classic,142039,0,9,0.0,0,400,0,0.20434856414794897,0.3662109375,852597c5dcce2ab0cf19d75f47636c65f327274e819f6aba4f889315d08a2cf4,True,0.20642280578613265,0.4830360412597656,852597c5dcce2ab0cf19d75f47636c65f327274e819f6aba4f889315d08a2cf4
control,r3,classic,142040,0,9,0.0,0,400,0,0.1812577247619626,0.46515464782714844,852597c5dcce2ab0cf19d75f47636c65f327274e819f6aba4f889315d08a2cf4,True,0.17536878585815419,0.3840923309326172,852597c5dcce2ab0cf19d75f47636c65f327274e819f6aba4f889315d08a2cf4
control,r3,coin-heaven,143001,50,50,1.0,0,125,0,0.19168853759765622,0.5218982696533203,893203d39d221590aaeea14b9c94cf453d48dfb9b6af6db798931e56f6f0eef9,True,0.2444744110107421,0.560760498046875,893203d39d221590aaeea14b9c94cf453d48dfb9b6af6db798931e56f6f0eef9
control,r3,coin-heaven,143002,50,50,1.0,0,127,0,0.19319057464599598,0.36716461181640625,fc0879230590abd194b65a5ce2e63de3bec2133dc8e201364820f431014fa8c3,True,0.25656223297119124,0.39386749267578125,fc0879230590abd194b65a5ce2e63de3bec2133dc8e201364820f431014fa8c3
control,r3,coin-heaven,143003,50,50,1.0,0,129,0,0.2399921417236328,0.36406517028808594,9b28690f4dfc420fb30b73bd5cb1dc922ef6904c2948de5fa1b0a8c8e6220043,True,0.22759437561035153,0.4718303680419922,9b28690f4dfc420fb30b73bd5cb1dc922ef6904c2948de5fa1b0a8c8e6220043
control,r3,coin-heaven,143004,50,50,1.0,0,119,0,0.286102294921875,0.7653236389160156,8d62a5e36eac89a2ecbcf038e25f3b325b4794ec527e815a9165f800de11b060,True,0.4039049148559569,0.5180835723876953,8d62a5e36eac89a2ecbcf038e25f3b325b4794ec527e815a9165f800de11b060
control,r3,coin-heaven,143005,50,50,1.0,0,123,0,0.21040439605712888,0.5919933319091797,141a4d1e9f1d25380ec980c07956fc0d9bd768f03c4e5ec69a81fc7e9044abb9,True,0.5999326705932616,1.1169910430908203,141a4d1e9f1d25380ec980c07956fc0d9bd768f03c4e5ec69a81fc7e9044abb9
control,r3,coin-heaven,143006,50,50,1.0,0,120,0,0.16433000564575187,0.41103363037109375,973a569ac36afa9b99e4d3542a31613f59aaac5a90ab29666edc747b19945feb,True,0.7442712783813475,3.3121109008789062,973a569ac36afa9b99e4d3542a31613f59aaac5a90ab29666edc747b19945feb
control,r3,coin-heaven,143007,50,50,1.0,0,117,0,0.7345199584960931,1.2040138244628906,ab1fa49c5a7b912001d87ff94feb1efc5de7af09cdc99ff7d03ab6f98dd108f8,True,0.21700859069824208,2.196788787841797,ab1fa49c5a7b912001d87ff94feb1efc5de7af09cdc99ff7d03ab6f98dd108f8
control,r3,coin-heaven,143008,50,50,1.0,0,119,0,0.45125484466552696,0.8127689361572266,0702ec8da437fafc3fb9c570a79cb4171a40dd04f65e4a1d111f09f8c4c4cf16,True,0.26509761810302734,0.34999847412109375,0702ec8da437fafc3fb9c570a79cb4171a40dd04f65e4a1d111f09f8c4c4cf16
control,r3,coin-heaven,143009,50,50,1.0,0,124,0,0.49606561660766585,0.8997917175292969,1c0f3ee317d930b64d3125a1f05400bf0670c3a877951744b6be8d43ed261508,True,0.27217864990234375,0.5209445953369141,1c0f3ee317d930b64d3125a1f05400bf0670c3a877951744b6be8d43ed261508
control,r3,coin-heaven,143010,50,50,1.0,0,113,0,0.7450580596923825,1.3239383697509766,f7ba9ea5ae3f0318046f490f0c9856b64c8860e2a3b2b37404605fbda970574b,True,0.4099845886230465,1.178741455078125,f7ba9ea5ae3f0318046f490f0c9856b64c8860e2a3b2b37404605fbda970574b
control,r3,coin-heaven,143011,50,50,1.0,0,129,0,0.18048286437988278,0.3788471221923828,51ebb52eb1e210f5b786ddbf190102fd3bfd232f6bbcbf91ab774f154b7dc1c8,True,0.28924942016601557,0.6821155548095703,51ebb52eb1e210f5b786ddbf190102fd3bfd232f6bbcbf91ab774f154b7dc1c8
control,r3,coin-heaven,143012,50,50,1.0,0,129,0,0.2940177917480469,0.4260540008544922,b12cd6fec9e2e26f1361efd6f53aae666d98dbbfef9001a0fe24cd6089480488,True,0.29273033142089844,0.4169940948486328,b12cd6fec9e2e26f1361efd6f53aae666d98dbbfef9001a0fe24cd6089480488
control,r3,coin-heaven,143013,50,50,1.0,0,135,0,0.30696392059326166,1.070261001586914,de49d6bf20905c4c86583ffa865ce2735a737438cb138db24881daeeed6d39f2,True,0.3144502639770507,0.47206878662109375,de49d6bf20905c4c86583ffa865ce2735a737438cb138db24881daeeed6d39f2
control,r3,coin-heaven,143014,50,50,1.0,0,120,0,0.2173662185668945,0.49614906311035156,78e7c349041f5b213b165dd073a59b5d0c040e8ecdd9ac163681d91637257737,True,0.1589298248291014,0.3509521484375,78e7c349041f5b213b165dd073a59b5d0c040e8ecdd9ac163681d91637257737
control,r3,coin-heaven,143015,50,50,1.0,0,127,0,0.2292394638061523,0.5140304565429688,0e4ece95962be36f0a8ad3dd7ad18d214236eab5dc26e3eb6168bb5dd088e614,True,0.28765201568603505,1.3551712036132812,0e4ece95962be36f0a8ad3dd7ad18d214236eab5dc26e3eb6168bb5dd088e614
control,r3,coin-heaven,143016,50,50,1.0,0,124,0,0.3494381904602048,0.5502700805664062,9eb4226353ad6b876c69b75afb336143b55d4795736ce9df94cfc5b0bcf88c26,True,0.2599716186523437,0.4830360412597656,9eb4226353ad6b876c69b75afb336143b55d4795736ce9df94cfc5b0bcf88c26
control,r3,coin-heaven,143017,50,50,1.0,0,125,0,0.30608177185058594,1.9767284393310547,2e1f45a72d03dfa43cdf9d68c1ceefa6e054f70382524b62ac90d84b4047d1d8,True,0.5768299102783202,1.1289119720458984,2e1f45a72d03dfa43cdf9d68c1ceefa6e054f70382524b62ac90d84b4047d1d8
control,r3,coin-heaven,143018,50,50,1.0,0,117,0,0.2009391784667966,0.5178451538085938,1a0568e6476d3cf92a392f5437c77a2d568432bd69c2551062090ebd35c45e26,True,0.9499073028564452,3.7260055541992188,1a0568e6476d3cf92a392f5437c77a2d568432bd69c2551062090ebd35c45e26
control,r3,coin-heaven,143019,50,50,1.0,0,105,0,0.28882026672363276,0.6070137023925781,530735a8de15978df8da09097e474954ba3b5873a2b28e0d2ce4bd64ce913cd9,True,0.8402824401855469,4.22978401184082,530735a8de15978df8da09097e474954ba3b5873a2b28e0d2ce4bd64ce913cd9
control,r3,coin-heaven,143020,50,50,1.0,0,132,0,0.3188133239746089,0.4680156707763672,19ce9f2ae55fe263e7d965b9f046a25f05c1e91e15ffea7c67d925aa0a911a70,True,0.2566933631896972,0.6661415100097656,19ce9f2ae55fe263e7d965b9f046a25f05c1e91e15ffea7c67d925aa0a911a70
control,r3,coin-heaven,143021,50,50,1.0,0,125,0,0.33783912658691406,0.6201267242431641,65a3c131ad4c946b51635d356a333f505ef0ec8aac88ffed6de1a435802dddb6,True,0.34599304199218744,1.0199546813964844,65a3c131ad4c946b51635d356a333f505ef0ec8aac88ffed6de1a435802dddb6
control,r3,coin-heaven,143022,50,50,1.0,0,127,0,0.510311126708984,0.7841587066650391,2fa20c3064d1a22cf491bf13698e653b40f2c76d1e49dd3b148c8b0a6c7833d8,True,0.3246068954467771,0.7390975952148438,2fa20c3064d1a22cf491bf13698e653b40f2c76d1e49dd3b148c8b0a6c7833d8
control,r3,coin-heaven,143023,50,50,1.0,0,116,0,0.2549290657043457,0.4260540008544922,3351df0b2edc0a485b1c6a2bd43f63e9f8809a23bb8ee479b6be91e5f8330470,True,0.2396106719970703,2.5300979614257812,3351df0b2edc0a485b1c6a2bd43f63e9f8809a23bb8ee479b6be91e5f8330470
control,r3,coin-heaven,143024,50,50,1.0,0,135,0,0.30112266540527344,0.40078163146972656,92a4daf7833c3b311169e6b02d086a2de40a463ce20f4bfd390feee96454eb92,True,0.2942085266113281,0.41794776916503906,92a4daf7833c3b311169e6b02d086a2de40a463ce20f4bfd390feee96454eb92
control,r3,coin-heaven,143025,50,50,1.0,0,138,0,0.27321577072143566,0.4000663757324219,a06806394dbd7d78f885163fea063caa299f9e0016e8a0817ee8bf32c2709af0,True,0.23850202560424805,0.8921623229980469,a06806394dbd7d78f885163fea063caa299f9e0016e8a0817ee8bf32c2709af0
control,r3,coin-heaven,143026,50,50,1.0,0,135,0,0.2943038940429687,0.4210472106933594,2289420a3acf1b10a4d7c5c1964e01e113867e01bed410ad4906a7fbd7a4bf52,True,0.2720355987548828,0.6039142608642578,2289420a3acf1b10a4d7c5c1964e01e113867e01bed410ad4906a7fbd7a4bf52
control,r3,coin-heaven,143027,50,50,1.0,0,112,0,0.18854141235351562,0.37789344787597656,c6d9cbc0fc66db7b255379e67845c39ad2cebde25955f71c78fa4b6fe3d20932,True,0.6710290908813477,0.9539127349853516,c6d9cbc0fc66db7b255379e67845c39ad2cebde25955f71c78fa4b6fe3d20932
control,r3,coin-heaven,143028,50,50,1.0,0,121,0,0.3247261047363281,0.5629062652587891,46c06b40a0f7d166c85aa65472e033af6d4a4cdfe9d6b631d482c0fc2b48c594,True,0.5059242248535156,0.8261203765869141,46c06b40a0f7d166c85aa65472e033af6d4a4cdfe9d6b631d482c0fc2b48c594
control,r3,coin-heaven,143029,50,50,1.0,0,138,0,0.3170013427734375,0.5679130554199219,e4e1f1f0383777c5111cb2e2d3c55ba4a05e71489159f1cd331574ee1199eae2,True,1.1569499969482429,4.491090774536133,e4e1f1f0383777c5111cb2e2d3c55ba4a05e71489159f1cd331574ee1199eae2
control,r3,coin-heaven,143030,50,50,1.0,0,127,0,0.28133392333984353,1.4081001281738281,f154f0395246ee8f3163bb9b381c7741e17b4f60c5430e5f2092f5c34070e1f4,True,0.7008790969848631,1.775979995727539,f154f0395246ee8f3163bb9b381c7741e17b4f60c5430e5f2092f5c34070e1f4
control,r3,coin-heaven,143031,50,50,1.0,0,115,0,0.18696784973144526,0.5209445953369141,0987a91e69d0aac3f593ddd2865fd72bbeacae256e509535d9ffa8c9d71803d3,True,0.7912874221801756,1.6777515411376953,0987a91e69d0aac3f593ddd2865fd72bbeacae256e509535d9ffa8c9d71803d3
control,r3,coin-heaven,143032,50,50,1.0,0,133,0,0.513172149658203,0.8668899536132812,70f1f9ca7106dfc4b8a0ddffa010316ce6cf48b5b62c5ba3d02851e404763d93,True,0.3515243530273436,0.63323974609375,70f1f9ca7106dfc4b8a0ddffa010316ce6cf48b5b62c5ba3d02851e404763d93
control,r3,coin-heaven,143033,50,50,1.0,0,125,0,0.348997116088867,0.8690357208251953,813b92b44b492252bb9441dc61356ef04c8bea7f257f5819805b25b331472241,True,0.42614936828613276,1.4920234680175781,813b92b44b492252bb9441dc61356ef04c8bea7f257f5819805b25b331472241
control,r3,coin-heaven,143034,50,50,1.0,0,127,0,0.41153430938720703,0.9520053863525391,5ddc6d323d4230c1087c0b1258c2aaf43b2a82167bef7c3fcc5154c877c3a65e,True,0.22602081298828125,0.3876686096191406,5ddc6d323d4230c1087c0b1258c2aaf43b2a82167bef7c3fcc5154c877c3a65e
control,r3,coin-heaven,143035,50,50,1.0,0,122,0,0.2996563911437985,0.3809928894042969,b4a572b4a0b3591e5f7394b4d4fab03f9eb7500cdcae3a3025c3ff41ed064220,True,0.30363798141479487,0.43702125549316406,b4a572b4a0b3591e5f7394b4d4fab03f9eb7500cdcae3a3025c3ff41ed064220
control,r3,coin-heaven,143036,50,50,1.0,0,115,0,0.206756591796875,0.36597251892089844,ae5b5e6ac306ed6e3f9d43edb3ca983c2b45e7db5a0e78d2ecbe53f5b60e42ed,True,0.23090839385986325,1.0199546813964844,ae5b5e6ac306ed6e3f9d43edb3ca983c2b45e7db5a0e78d2ecbe53f5b60e42ed
control,r3,coin-heaven,143037,50,50,1.0,0,138,0,0.2521514892578126,0.41484832763671875,8f4693720ed55baa6cbfecb218ccdfd8871c81f203466eb4771156c86f50dd1b,True,0.2646446228027344,0.5779266357421875,8f4693720ed55baa6cbfecb218ccdfd8871c81f203466eb4771156c86f50dd1b
control,r3,coin-heaven,143038,50,50,1.0,0,134,0,0.3329515457153319,0.4138946533203125,9812baa69bbe94870978eefadf4a50c7c2a32390f8f57b3ce21390bf96b73f4e,True,0.32891035079956055,0.6289482116699219,9812baa69bbe94870978eefadf4a50c7c2a32390f8f57b3ce21390bf96b73f4e
control,r3,coin-heaven,143039,50,50,1.0,0,129,0,0.21834373474121088,0.4520416259765625,00631c90bd67dcf32f0c640298cb768ef15295ec7543c0a9e70e06501e16e997,True,0.2805709838867187,0.4508495330810547,00631c90bd67dcf32f0c640298cb768ef15295ec7543c0a9e70e06501e16e997
control,r3,coin-heaven,143040,50,50,1.0,0,119,0,0.18875598907470686,0.3719329833984375,830e9d04a592023fcf7f8492d4c92ceae573c5c3682e842d7ac60872aafbff86,True,0.26071071624755854,0.42510032653808594,830e9d04a592023fcf7f8492d4c92ceae573c5c3682e842d7ac60872aafbff86
control,r3,loot-crate,144001,0,50,0.0,0,400,0,0.2581596374511717,0.4858970642089844,3e457cc2304ad2ccf2d6296a66213cdc8d455614dc7958b9ee35c31a82fdf5fa,True,0.5026340484619134,2.457141876220703,3e457cc2304ad2ccf2d6296a66213cdc8d455614dc7958b9ee35c31a82fdf5fa
control,r3,loot-crate,144002,0,50,0.0,0,400,0,0.25832653045654264,0.6210803985595703,436a9dd70424d527eac3171618c2ba74c6d65e5b6d68fa22df3d24fb80cb15c1,True,0.32515525817871077,0.7839202880859375,436a9dd70424d527eac3171618c2ba74c6d65e5b6d68fa22df3d24fb80cb15c1
control,r3,loot-crate,144003,0,50,0.0,0,400,0,0.27929544448852506,1.0020732879638672,eec7efd4d8dd9fa3a92673222c70912ab748571416cf45dfe7bbc0f79513e3f2,True,0.321829319000244,0.5450248718261719,eec7efd4d8dd9fa3a92673222c70912ab748571416cf45dfe7bbc0f79513e3f2
control,r3,loot-crate,144004,5,50,0.1,0,400,0,0.3644585609436032,1.177072525024414,5eb4e9545615fa957862fc44986b029961dcb05b9b273e3cc04ef8de474c62a6,True,0.3059625625610351,0.5879402160644531,5eb4e9545615fa957862fc44986b029961dcb05b9b273e3cc04ef8de474c62a6
control,r3,loot-crate,144005,3,50,0.06,0,400,0,0.4129886627197265,0.8471012115478516,0c228249f7de0972a41c3679f668174f173af50495281d113173dbbb39508dad,True,0.25503635406494124,0.827789306640625,0c228249f7de0972a41c3679f668174f173af50495281d113173dbbb39508dad
control,r3,loot-crate,144006,4,50,0.08,0,400,0,0.8735418319702144,3.5810470581054688,8edbd1555f736bac7bc654c4b31cf744aca44704453c3ffc7b685daeaca65476,True,0.26582479476928644,0.5660057067871094,8edbd1555f736bac7bc654c4b31cf744aca44704453c3ffc7b685daeaca65476
control,r3,loot-crate,144007,0,50,0.0,0,400,0,0.6334424018859861,1.5821456909179688,3221effe43825f10d73345823f7d7ff8abb631c7e2280876ade2ee867a1dfa28,True,0.26400089263915943,0.5331039428710938,3221effe43825f10d73345823f7d7ff8abb631c7e2280876ade2ee867a1dfa28
control,r3,loot-crate,144008,1,50,0.02,0,400,0,0.47354698181152316,1.7020702362060547,cf87141ee504b513a1bd880ae4f2cf30f58b6dec1bb4d12ed05b6b4efac379ce,True,0.1651048660278317,0.4038810729980469,cf87141ee504b513a1bd880ae4f2cf30f58b6dec1bb4d12ed05b6b4efac379ce
control,r3,loot-crate,144009,0,50,0.0,0,400,0,0.23989677429199213,0.4799365997314453,eefe7f4cf1247063e67cf93cdfd215c2dddd1c71dffa2990a563d1993c6fc63b,True,0.15226602554321275,0.4291534423828125,eefe7f4cf1247063e67cf93cdfd215c2dddd1c71dffa2990a563d1993c6fc63b
control,r3,loot-crate,144010,0,50,0.0,0,400,0,0.2026200294494625,0.5791187286376953,852597c5dcce2ab0cf19d75f47636c65f327274e819f6aba4f889315d08a2cf4,True,0.5394339561462401,1.2271404266357422,852597c5dcce2ab0cf19d75f47636c65f327274e819f6aba4f889315d08a2cf4
control,r3,loot-crate,144011,5,50,0.1,0,400,0,0.4754066467285154,2.688884735107422,b0c1cb86dd2b196e9d69ed80444840edbee241d102ec6a17c595e164b4290cca,True,0.2478837966918944,1.1849403381347656,b0c1cb86dd2b196e9d69ed80444840edbee241d102ec6a17c595e164b4290cca
control,r3,loot-crate,144012,0,50,0.0,0,400,0,0.3131985664367674,0.7193088531494141,aaeec7d25794ec3663025943e41dc74a82d068cef3fabfc167d10437bcb51b10,True,0.39184093475341786,1.97601318359375,aaeec7d25794ec3663025943e41dc74a82d068cef3fabfc167d10437bcb51b10
control,r3,loot-crate,144013,0,50,0.0,0,400,0,0.3276705741882317,0.6210803985595703,3e457cc2304ad2ccf2d6296a66213cdc8d455614dc7958b9ee35c31a82fdf5fa,True,0.34990310668945235,1.1832714080810547,3e457cc2304ad2ccf2d6296a66213cdc8d455614dc7958b9ee35c31a82fdf5fa
control,r3,loot-crate,144014,0,50,0.0,0,400,0,0.2999424934387207,0.5340576171875,3e457cc2304ad2ccf2d6296a66213cdc8d455614dc7958b9ee35c31a82fdf5fa,True,0.22519826889038053,1.0437965393066406,3e457cc2304ad2ccf2d6296a66213cdc8d455614dc7958b9ee35c31a82fdf5fa
control,r3,loot-crate,144015,0,50,0.0,0,400,0,0.21963119506835868,0.8089542388916016,27bab169e991d89f42f85218ec0464955bbc649746784d57f5beb7d71360cb53,True,0.2594351768493648,0.8111000061035156,27bab169e991d89f42f85218ec0464955bbc649746784d57f5beb7d71360cb53
control,r3,loot-crate,144016,3,50,0.06,0,400,0,0.3490805625915527,0.5538463592529297,cf820972c117398e68c9e024c0e6ef1c8c093934ab04b03060d4566f1384a93b,True,0.3730893135070799,1.6150474548339844,cf820972c117398e68c9e024c0e6ef1c8c093934ab04b03060d4566f1384a93b
control,r3,loot-crate,144017,2,50,0.04,0,400,0,0.48576593399047796,2.168893814086914,ea1cbe12c0a09680f64c334bb5ebd686f9d43d007498ae51218b5aefb98e9b75,True,0.2728223800659179,0.9152889251708984,ea1cbe12c0a09680f64c334bb5ebd686f9d43d007498ae51218b5aefb98e9b75
control,r3,loot-crate,144018,0,50,0.0,0,400,0,0.3615260124206538,1.2440681457519531,3e457cc2304ad2ccf2d6296a66213cdc8d455614dc7958b9ee35c31a82fdf5fa,True,0.4255652427673325,4.76384162902832,3e457cc2304ad2ccf2d6296a66213cdc8d455614dc7958b9ee35c31a82fdf5fa
control,r3,loot-crate,144019,0,50,0.0,0,400,0,0.33794641494750965,0.8523464202880859,6bd1b1c98b1e644d867c62080bba48f262fe89f37116dc21b42396085f1ead66,True,0.5329608917236327,1.6222000122070312,6bd1b1c98b1e644d867c62080bba48f262fe89f37116dc21b42396085f1ead66
control,r3,loot-crate,144020,0,50,0.0,0,400,0,0.635242462158203,1.8260478973388672,282eb1f6f5f6f6d581db7908487c761b454ae3f5e0d6bf18e244cdc544229201,True,0.4148125648498531,0.9310245513916016,282eb1f6f5f6f6d581db7908487c761b454ae3f5e0d6bf18e244cdc544229201
control,r3,loot-crate,144021,0,50,0.0,0,400,0,0.5283355712890623,0.9529590606689453,3e457cc2304ad2ccf2d6296a66213cdc8d455614dc7958b9ee35c31a82fdf5fa,True,0.22404193878173814,0.46324729919433594,3e457cc2304ad2ccf2d6296a66213cdc8d455614dc7958b9ee35c31a82fdf5fa
control,r3,loot-crate,144022,4,50,0.08,0,400,0,0.27090311050415034,1.584768295288086,ff7f3b6eca940955f2f0dbb5e30f3856df266576cb260c9a173fed508d6f3037,True,0.2638339996337883,0.7889270782470703,ff7f3b6eca940955f2f0dbb5e30f3856df266576cb260c9a173fed508d6f3037
control,r3,loot-crate,144023,2,50,0.04,0,400,0,0.32216310501098605,0.7839202880859375,126bda76ee8416835c4cabc2ec5e1cdb84447a8f36b00b2024d264fdf2bd0764,True,0.2700209617614743,1.0151863098144531,126bda76ee8416835c4cabc2ec5e1cdb84447a8f36b00b2024d264fdf2bd0764
control,r3,loot-crate,144024,3,50,0.06,0,400,0,0.22403001785278306,0.5710124969482422,44e98de041237d56db64584bc10cee776c8a85ef73b1fd739d10989f05597344,True,0.25111436843872065,1.0628700256347656,44e98de041237d56db64584bc10cee776c8a85ef73b1fd739d10989f05597344
control,r3,loot-crate,144025,2,50,0.04,0,400,0,0.2189278602600097,0.6389617919921875,a1d98691a6ac384078de144cff7e4c90c35297b5dc84d9ce6813d3d0db2796ee,True,0.22816658020019423,0.453948974609375,a1d98691a6ac384078de144cff7e4c90c35297b5dc84d9ce6813d3d0db2796ee
control,r3,loot-crate,144026,4,50,0.08,0,400,0,0.23795366287231445,0.6299018859863281,58b30bfe88f4d22fb9c90652f4680e08477e3eaf45571ce8ee2603a3ba943d02,True,0.2256155014038081,0.8699893951416016,58b30bfe88f4d22fb9c90652f4680e08477e3eaf45571ce8ee2603a3ba943d02
control,r3,loot-crate,144027,0,50,0.0,0,400,0,0.3073692321777339,0.6721019744873047,27bab169e991d89f42f85218ec0464955bbc649746784d57f5beb7d71360cb53,True,0.5980014801025391,2.652883529663086,27bab169e991d89f42f85218ec0464955bbc649746784d57f5beb7d71360cb53
control,r3,loot-crate,144028,2,50,0.04,0,400,0,0.41997432708740223,0.9560585021972656,3065baa6d9a7136fafb0c01bd16dd5ad4b364e16d02eff1dec965b11c6dfadf9,True,0.8654832839965816,2.4743080139160156,3065baa6d9a7136fafb0c01bd16dd5ad4b364e16d02eff1dec965b11c6dfadf9
control,r3,loot-crate,144029,0,50,0.0,0,400,0,0.31687021255493164,0.7989406585693359,be04607a2d4757284c5182f0b0d96518a4e17ad1df0c07d0caf508b9c1e720ca,True,0.190317630767822,0.6153583526611328,be04607a2d4757284c5182f0b0d96518a4e17ad1df0c07d0caf508b9c1e720ca
control,r3,loot-crate,144030,0,50,0.0,0,400,0,0.2771973609924315,0.5030632019042969,394f200eff23c19c0d480f360d79ae35918835f9e8383f0e55c896cf2a4a7c41,True,0.23120641708373985,0.46896934509277344,394f200eff23c19c0d480f360d79ae35918835f9e8383f0e55c896cf2a4a7c41
control,r3,loot-crate,144031,0,50,0.0,0,400,0,0.3137826919555664,0.5731582641601562,3e457cc2304ad2ccf2d6296a66213cdc8d455614dc7958b9ee35c31a82fdf5fa,True,0.2683043479919433,0.49304962158203125,3e457cc2304ad2ccf2d6296a66213cdc8d455614dc7958b9ee35c31a82fdf5fa
control,r3,loot-crate,144032,3,50,0.06,0,400,0,0.5636215209960915,1.2400150299072266,d07f96ff2070ee517ae46f79ab851e1f262e9fab464434b0603c2c689a96925d,True,0.2282381057739255,0.7309913635253906,d07f96ff2070ee517ae46f79ab851e1f262e9fab464434b0603c2c689a96925d
control,r3,loot-crate,144033,0,50,0.0,0,400,0,0.6059288978576659,1.390218734741211,3e457cc2304ad2ccf2d6296a66213cdc8d455614dc7958b9ee35c31a82fdf5fa,True,0.24710893630981434,1.590728759765625,3e457cc2304ad2ccf2d6296a66213cdc8d455614dc7958b9ee35c31a82fdf5fa
control,r3,loot-crate,144034,1,50,0.02,0,400,0,0.5021572113037109,1.3990402221679688,6c1eace7afef170cc4a14f3fd6d884f5a05d9f807f83b0312558fa8cff56baf0,True,0.20456314086914,1.0979175567626953,6c1eace7afef170cc4a14f3fd6d884f5a05d9f807f83b0312558fa8cff56baf0
control,r3,loot-crate,144035,0,50,0.0,0,400,0,0.4695415496826167,2.3360252380371094,414f97f4d438de99bd47d08386543b2be4b27fc5e744cb472ab61c8f4849033b,True,0.6173253059387196,2.4709701538085938,414f97f4d438de99bd47d08386543b2be4b27fc5e744cb472ab61c8f4849033b
control,r3,loot-crate,144036,0,50,0.0,0,400,0,0.357258319854736,1.249074935913086,3e457cc2304ad2ccf2d6296a66213cdc8d455614dc7958b9ee35c31a82fdf5fa,True,0.8784174919128405,2.8018951416015625,3e457cc2304ad2ccf2d6296a66213cdc8d455614dc7958b9ee35c31a82fdf5fa
control,r3,loot-crate,144037,0,50,0.0,0,400,0,0.23612976074218742,0.4489421844482422,852597c5dcce2ab0cf19d75f47636c65f327274e819f6aba4f889315d08a2cf4,True,0.5604147911071772,1.3759136199951172,852597c5dcce2ab0cf19d75f47636c65f327274e819f6aba4f889315d08a2cf4
control,r3,loot-crate,144038,3,50,0.06,0,400,0,0.2573728561401364,0.5691051483154297,70289ae32ae9f4b6291c1360047505ebccb66b7bbd269376e5cada5781b8e512,True,0.21797418594360346,0.7030963897705078,70289ae32ae9f4b6291c1360047505ebccb66b7bbd269376e5cada5781b8e512
control,r3,loot-crate,144039,1,50,0.02,0,400,0,0.19789934158325195,0.30517578125,7b5ca37a36fdb782c19cf3224e351ae5b5aaa170eddfbcd84ff9f6d6576aa50c,True,0.551187992095947,1.8091201782226562,7b5ca37a36fdb782c19cf3224e351ae5b5aaa170eddfbcd84ff9f6d6576aa50c
control,r3,loot-crate,144040,1,50,0.02,0,400,0,0.21719932556152344,0.614166259765625,3065baa6d9a7136fafb0c01bd16dd5ad4b364e16d02eff1dec965b11c6dfadf9,True,0.36237239837646446,0.743865966796875,3065baa6d9a7136fafb0c01bd16dd5ad4b364e16d02eff1dec965b11c6dfadf9
control,r4,classic,142001,0,9,0.0,0,400,0,0.20743608474731423,0.7410049438476562,292cdf22794c8851414a93787f440dc39ad40ec3da460432919d433b25da0c38,True,0.20003318786621094,0.3871917724609375,292cdf22794c8851414a93787f440dc39ad40ec3da460432919d433b25da0c38
control,r4,classic,142002,0,9,0.0,0,400,0,0.33951997756957963,1.0178089141845703,e5afc17d2a1bb8534b68b61f433b074c34204533a36f3787578a377267eb09f4,True,0.28139352798461886,1.0571479797363281,e5afc17d2a1bb8534b68b61f433b074c34204533a36f3787578a377267eb09f4
control,r4,classic,142003,0,9,0.0,0,400,0,0.29336214065551725,0.6539821624755859,1b2b55f342091d302df97fe3396e87cfdfd1fcd901a1f073a6ff2e0ad2155e3f,True,0.2728581428527831,0.6196498870849609,1b2b55f342091d302df97fe3396e87cfdfd1fcd901a1f073a6ff2e0ad2155e3f
control,r4,classic,142004,0,9,0.0,0,400,0,0.8034706115722654,3.6859512329101562,202f39df736e691a553530c32923c6aa3fcf4fb3cba14a439be168dacf020367,True,0.35861730575561457,0.7681846618652344,202f39df736e691a553530c32923c6aa3fcf4fb3cba14a439be168dacf020367
control,r4,classic,142005,3,9,0.3333333333333333,0,400,0,0.5804181098937985,1.585245132446289,d5833c128bb2e218c86f41d89b7b1819df033aee4ffb4971b1fac1722e10105f,True,0.8068799972534179,2.7501583099365234,d5833c128bb2e218c86f41d89b7b1819df033aee4ffb4971b1fac1722e10105f
control,r4,classic,142006,0,9,0.0,0,400,0,0.2444624900817866,0.8440017700195312,d15b4a08db3644dcac79ce95c53922283a507cc8ed42e9844fb9799b47509523,True,0.5640029907226553,1.7290115356445312,d15b4a08db3644dcac79ce95c53922283a507cc8ed42e9844fb9799b47509523
control,r4,classic,142007,0,9,0.0,0,400,0,0.30305385589599587,1.0268688201904297,27bab169e991d89f42f85218ec0464955bbc649746784d57f5beb7d71360cb53,True,0.18292665481567377,0.8258819580078125,27bab169e991d89f42f85218ec0464955bbc649746784d57f5beb7d71360cb53
control,r4,classic,142008,0,9,0.0,0,400,0,0.19128322601318332,0.614166259765625,27bab169e991d89f42f85218ec0464955bbc649746784d57f5beb7d71360cb53,True,0.2633571624755858,0.7600784301757812,27bab169e991d89f42f85218ec0464955bbc649746784d57f5beb7d71360cb53
control,r4,classic,142009,0,9,0.0,0,400,0,0.190317630767822,0.7479190826416016,e17d1db162f11700ce7e37bd7911967572a95cadaec976b6258dbca95276fa08,True,0.18006563186645502,0.3669261932373047,e17d1db162f11700ce7e37bd7911967572a95cadaec976b6258dbca95276fa08
control,r4,classic,142010,1,9,0.1111111111111111,0,400,0,0.19676685333251903,0.5981922149658203,6f29d85329ad17895b4adfa98a4b88a64850a169285b9c14e42aed2d5ba8a394,True,0.1870274543762206,0.37598609924316406,6f29d85329ad17895b4adfa98a4b88a64850a169285b9c14e42aed2d5ba8a394
control,r4,classic,142011,0,9,0.0,0,400,0,0.2210617065429687,0.7648468017578125,280499aedabfc53e378659d9a604682ea85f2a84e4862244628bf14f1c68868a,True,0.28395652770996094,0.5769729614257812,280499aedabfc53e378659d9a604682ea85f2a84e4862244628bf14f1c68868a
control,r4,classic,142012,1,9,0.1111111111111111,0,400,0,0.6868839263916016,2.311229705810547,6fc51328d0abcd460100788130d274fd86993df6089452606e079ba62e8223cf,True,0.20129680633544894,0.4000663757324219,6fc51328d0abcd460100788130d274fd86993df6089452606e079ba62e8223cf
control,r4,classic,142013,0,9,0.0,0,400,0,0.4293203353881832,1.3360977172851562,6d8587b930f7cd515b7cb747371485de3356fe0131ce4f37f5d9e0b5be97b301,True,0.2851724624633787,2.790212631225586,6d8587b930f7cd515b7cb747371485de3356fe0131ce4f37f5d9e0b5be97b301
control,r4,classic,142014,0,9,0.0,0,400,0,0.184190273284912,0.5469322204589844,f47b133e9697aff3ca4d544f99b20863b1d82e6eec97ab71dd5ca7a608d429fb,True,0.3276824951171868,0.823974609375,f47b133e9697aff3ca4d544f99b20863b1d82e6eec97ab71dd5ca7a608d429fb
control,r4,classic,142015,1,9,0.1111111111111111,0,400,0,0.1844048500061032,0.43201446533203125,5e17d04441527628944d4c8952264071240acf373f0311dbfe8e7b1b4efe9074,True,0.22062063217163036,0.7679462432861328,5e17d04441527628944d4c8952264071240acf373f0311dbfe8e7b1b4efe9074
control,r4,classic,142016,0,9,0.0,0,400,0,0.25857686996459905,0.5710124969482422,27bab169e991d89f42f85218ec0464955bbc649746784d57f5beb7d71360cb53,True,0.40302276611328114,1.1668205261230469,27bab169e991d89f42f85218ec0464955bbc649746784d57f5beb7d71360cb53
control,r4,classic,142017,0,9,0.0,0,400,0,0.20432472229003884,0.5979537963867188,e17d1db162f11700ce7e37bd7911967572a95cadaec976b6258dbca95276fa08,True,0.4249215126037597,0.8933544158935547,e17d1db162f11700ce7e37bd7911967572a95cadaec976b6258dbca95276fa08
control,r4,classic,142018,0,9,0.0,0,400,0,0.19595623016357402,2.370119094848633,eec7efd4d8dd9fa3a92673222c70912ab748571416cf45dfe7bbc0f79513e3f2,True,0.2769947052001945,0.8392333984375,eec7efd4d8dd9fa3a92673222c70912ab748571416cf45dfe7bbc0f79513e3f2
control,r4,classic,142019,0,9,0.0,0,400,0,0.3159999847412108,0.6058216094970703,f47b133e9697aff3ca4d544f99b20863b1d82e6eec97ab71dd5ca7a608d429fb,True,0.19108057022094715,0.8211135864257812,f47b133e9697aff3ca4d544f99b20863b1d82e6eec97ab71dd5ca7a608d429fb
control,r4,classic,142020,0,9,0.0,0,400,0,0.5484461784362787,0.8039474487304688,27bab169e991d89f42f85218ec0464955bbc649746784d57f5beb7d71360cb53,True,0.2282738685607909,0.7510185241699219,27bab169e991d89f42f85218ec0464955bbc649746784d57f5beb7d71360cb53
control,r4,classic,142021,1,9,0.1111111111111111,0,400,0,0.6929159164428702,1.8167495727539062,e1b1b1e4124229142506e485ad7ee6565077d901ba73701f432d9199e5d20456,True,0.20390748977661127,0.5309581756591797,e1b1b1e4124229142506e485ad7ee6565077d901ba73701f432d9199e5d20456
control,r4,classic,142022,0,9,0.0,0,400,0,0.3062486648559567,0.6420612335205078,dc3212bfc9f5c66e57c5fcd07e97ea4fc1a198a14ee709f95e6607381ac823b4,True,0.17200708389282215,0.33092498779296875,dc3212bfc9f5c66e57c5fcd07e97ea4fc1a198a14ee709f95e6607381ac823b4
control,r4,classic,142023,0,9,0.0,0,400,0,0.2078294754028319,0.7040500640869141,eec7efd4d8dd9fa3a92673222c70912ab748571416cf45dfe7bbc0f79513e3f2,True,0.2371788024902342,0.5440711975097656,eec7efd4d8dd9fa3a92673222c70912ab748571416cf45dfe7bbc0f79513e3f2
control,r4,classic,142024,1,9,0.1111111111111111,0,400,0,0.29186010360717707,1.0650157928466797,3080c0ca1f75a53f0715c8e75ec5e4ec545f045f210f60daf3e3850286e42140,True,0.43894052505493164,1.355886459350586,3080c0ca1f75a53f0715c8e75ec5e4ec545f045f210f60daf3e3850286e42140
control,r4,classic,142025,0,9,0.0,0,400,0,0.28182268142700195,0.8339881896972656,dc3212bfc9f5c66e57c5fcd07e97ea4fc1a198a14ee709f95e6607381ac823b4,True,0.22430419921874983,0.5230903625488281,dc3212bfc9f5c66e57c5fcd07e97ea4fc1a198a14ee709f95e6607381ac823b4
control,r4,classic,142026,0,9,0.0,0,400,0,0.2886533737182611,1.0690689086914062,eec7efd4d8dd9fa3a92673222c70912ab748571416cf45dfe7bbc0f79513e3f2,True,0.20333528518676738,0.4279613494873047,eec7efd4d8dd9fa3a92673222c70912ab748571416cf45dfe7bbc0f79513e3f2
control,r4,classic,142027,0,9,0.0,0,400,0,0.20818710327148432,0.7481575012207031,f66c408d225cb43a1b432d6c20eafed1df3fd3b693812c75a3d99ca5f69a8eb1,True,0.16108751296997056,0.42891502380371094,f66c408d225cb43a1b432d6c20eafed1df3fd3b693812c75a3d99ca5f69a8eb1
control,r4,classic,142028,0,9,0.0,0,400,0,0.28524398803710926,0.8420944213867188,32d439ec755570952bde6a9259205094e0bf01bb59c5a8362cbbfb7a84c828ab,True,0.3438234329223626,0.7648468017578125,32d439ec755570952bde6a9259205094e0bf01bb59c5a8362cbbfb7a84c828ab
control,r4,classic,142029,0,9,0.0,0,400,0,0.3008842468261719,0.5261898040771484,f47b133e9697aff3ca4d544f99b20863b1d82e6eec97ab71dd5ca7a608d429fb,True,0.3017187118530268,1.867055892944336,f47b133e9697aff3ca4d544f99b20863b1d82e6eec97ab71dd5ca7a608d429fb
control,r4,classic,142030,0,9,0.0,0,400,0,0.22016763687133759,0.7038116455078125,e5afc17d2a1bb8534b68b61f433b074c34204533a36f3787578a377267eb09f4,True,0.3555059432983394,0.9591579437255859,e5afc17d2a1bb8534b68b61f433b074c34204533a36f3787578a377267eb09f4
control,r4,classic,142031,0,9,0.0,0,400,0,0.25238990783691395,0.6349086761474609,280499aedabfc53e378659d9a604682ea85f2a84e4862244628bf14f1c68868a,True,0.19726753234863273,0.4889965057373047,280499aedabfc53e378659d9a604682ea85f2a84e4862244628bf14f1c68868a
control,r4,classic,142032,0,9,0.0,0,400,0,0.30455589294433566,0.6201267242431641,f80df5b4c9a7b16296d8356e4e01e2b215077dbca8266e85db05cd810f8fe0bb,True,0.26150941848754844,0.5021095275878906,f80df5b4c9a7b16296d8356e4e01e2b215077dbca8266e85db05cd810f8fe0bb
control,r4,classic,142033,1,9,0.1111111111111111,0,400,0,0.5845069885253903,1.2478828430175781,eafe19035d5304a5f8c89f53020c6744e930f0cd987bd047ee84f320f7bdf7ff,True,0.6524682044982907,2.3343563079833984,eafe19035d5304a5f8c89f53020c6744e930f0cd987bd047ee84f320f7bdf7ff
control,r4,classic,142034,2,9,0.2222222222222222,0,400,0,0.32526254653930636,0.8280277252197266,6383180fe305fb91913bca235849a634a4450395409807078ba27a60cd3c4fcc,True,0.719869136810302,2.9311180114746094,6383180fe305fb91913bca235849a634a4450395409807078ba27a60cd3c4fcc
control,r4,classic,142035,0,9,0.0,0,400,0,0.3331303596496579,1.5637874603271484,f47b133e9697aff3ca4d544f99b20863b1d82e6eec97ab71dd5ca7a608d429fb,True,0.24898052215576166,0.5147457122802734,f47b133e9697aff3ca4d544f99b20863b1d82e6eec97ab71dd5ca7a608d429fb
control,r4,classic,142036,0,9,0.0,0,400,0,0.42512416839599587,1.1017322540283203,74e7cae13618fab57f41139091d9ea241e1b352aea079ad6574de739040142d9,True,0.23081302642822263,0.8180141448974609,74e7cae13618fab57f41139091d9ea241e1b352aea079ad6574de739040142d9
control,r4,classic,142037,0,9,0.0,0,400,0,0.2702236175537108,0.621795654296875,b9f78f5958070c49bd769ac8098c3f26199e4aa4e102ec8e75810efd927a4040,True,0.30658245086669883,0.6372928619384766,b9f78f5958070c49bd769ac8098c3f26199e4aa4e102ec8e75810efd927a4040
control,r4,classic,142038,0,9,0.0,0,400,0,0.2970695495605469,0.8039474487304688,f80df5b4c9a7b16296d8356e4e01e2b215077dbca8266e85db05cd810f8fe0bb,True,0.29115676879882807,0.6308555603027344,f80df5b4c9a7b16296d8356e4e01e2b215077dbca8266e85db05cd810f8fe0bb
control,r4,classic,142039,1,9,0.1111111111111111,0,400,0,0.2919912338256834,1.0437965393066406,93ea7d7130edf29118c3c2d362569ac5c2594e4465fb7c60b143dafdfc027faa,True,0.32793283462524403,0.6859302520751953,93ea7d7130edf29118c3c2d362569ac5c2594e4465fb7c60b143dafdfc027faa
control,r4,classic,142040,0,9,0.0,0,400,0,0.23686885833740223,0.61798095703125,ee84b3ddc877922b211063296e42463e03d962f67b7d813db2f9f844652f2385,True,0.22739171981811507,0.6349086761474609,ee84b3ddc877922b211063296e42463e03d962f67b7d813db2f9f844652f2385
control,r4,coin-heaven,143001,50,50,1.0,0,125,0,0.17838478088378906,0.37407875061035156,893203d39d221590aaeea14b9c94cf453d48dfb9b6af6db798931e56f6f0eef9,True,0.3751277923583984,0.6279945373535156,893203d39d221590aaeea14b9c94cf453d48dfb9b6af6db798931e56f6f0eef9
control,r4,coin-heaven,143002,50,50,1.0,0,127,0,1.642298698425291,3.701925277709961,fc0879230590abd194b65a5ce2e63de3bec2133dc8e201364820f431014fa8c3,True,0.24940967559814436,0.48804283142089844,fc0879230590abd194b65a5ce2e63de3bec2133dc8e201364820f431014fa8c3
control,r4,coin-heaven,143003,50,50,1.0,0,129,0,0.5940914154052734,1.1830329895019531,9b28690f4dfc420fb30b73bd5cb1dc922ef6904c2948de5fa1b0a8c8e6220043,True,0.252103805541992,0.5941390991210938,9b28690f4dfc420fb30b73bd5cb1dc922ef6904c2948de5fa1b0a8c8e6220043
control,r4,coin-heaven,143004,50,50,1.0,0,119,0,0.7103443145751944,1.0938644409179688,8d62a5e36eac89a2ecbcf038e25f3b325b4794ec527e815a9165f800de11b060,True,0.27759075164794866,0.5159378051757812,8d62a5e36eac89a2ecbcf038e25f3b325b4794ec527e815a9165f800de11b060
control,r4,coin-heaven,143005,50,50,1.0,0,123,0,0.8877277374267568,1.85394287109375,141a4d1e9f1d25380ec980c07956fc0d9bd768f03c4e5ec69a81fc7e9044abb9,True,0.20422935485839838,0.5071163177490234,141a4d1e9f1d25380ec980c07956fc0d9bd768f03c4e5ec69a81fc7e9044abb9
control,r4,coin-heaven,143006,50,50,1.0,0,119,0,0.2655029296875,0.86212158203125,9446dca1bb0fb5063ad60f58fb65fdb7fe6aaffde54a67ecb5d1baea00277db2,True,0.177311897277832,0.36597251892089844,9446dca1bb0fb5063ad60f58fb65fdb7fe6aaffde54a67ecb5d1baea00277db2
control,r4,coin-heaven,143007,50,50,1.0,0,117,0,0.3602027893066404,1.194000244140625,ab1fa49c5a7b912001d87ff94feb1efc5de7af09cdc99ff7d03ab6f98dd108f8,True,0.15287399291992188,0.2579689025878906,ab1fa49c5a7b912001d87ff94feb1efc5de7af09cdc99ff7d03ab6f98dd108f8
control,r4,coin-heaven,143008,50,50,1.0,0,119,0,0.2604246139526366,0.6690025329589844,0702ec8da437fafc3fb9c570a79cb4171a40dd04f65e4a1d111f09f8c4c4cf16,True,0.31912326812744135,0.7350444793701172,0702ec8da437fafc3fb9c570a79cb4171a40dd04f65e4a1d111f09f8c4c4cf16
control,r4,coin-heaven,143009,50,50,1.0,0,122,0,0.27658939361572255,0.4711151123046875,e3678793496677a34a00b6a0f34bfa119ffc9cf3c7f1c321085ec8449b7f26df,True,0.2156853675842285,0.4620552062988281,e3678793496677a34a00b6a0f34bfa119ffc9cf3c7f1c321085ec8449b7f26df
control,r4,coin-heaven,143010,50,50,1.0,0,113,0,0.3147602081298828,0.6690025329589844,f7ba9ea5ae3f0318046f490f0c9856b64c8860e2a3b2b37404605fbda970574b,True,0.3190994262695312,0.5009174346923828,f7ba9ea5ae3f0318046f490f0c9856b64c8860e2a3b2b37404605fbda970574b
control,r4,coin-heaven,143011,50,50,1.0,0,128,0,0.24366378784179654,0.3330707550048828,6d55c7dfd0e629f05fdf0cd18aa01a3347a4e84d02a6b904ba403fb911a2a674,True,0.4372000694274898,0.6768703460693359,6d55c7dfd0e629f05fdf0cd18aa01a3347a4e84d02a6b904ba403fb911a2a674
control,r4,coin-heaven,143012,50,50,1.0,0,129,0,0.49247741699218706,1.5139579772949219,b12cd6fec9e2e26f1361efd6f53aae666d98dbbfef9001a0fe24cd6089480488,True,0.31208992004394526,0.6399154663085938,b12cd6fec9e2e26f1361efd6f53aae666d98dbbfef9001a0fe24cd6089480488
control,r4,coin-heaven,143013,50,50,1.0,0,130,0,0.2443790435791015,0.3638267517089844,c47c05226746a12c498f58a3a4986a412a738a98ab27544e2e562448f2f908cf,True,0.22301673889160156,0.3581047058105469,c47c05226746a12c498f58a3a4986a412a738a98ab27544e2e562448f2f908cf
control,r4,coin-heaven,143014,50,50,1.0,0,126,0,0.25665760040283203,0.55694580078125,14411ad4279d45f34672a9f452b14e11e7228f5234d8a896c0b00189e3b2b5ed,True,0.21249055862426758,0.347137451171875,14411ad4279d45f34672a9f452b14e11e7228f5234d8a896c0b00189e3b2b5ed
control,r4,coin-heaven,143015,50,50,1.0,0,127,0,0.2100706100463867,0.44798851013183594,0e4ece95962be36f0a8ad3dd7ad18d214236eab5dc26e3eb6168bb5dd088e614,True,0.16632080078124997,0.2548694610595703,0e4ece95962be36f0a8ad3dd7ad18d214236eab5dc26e3eb6168bb5dd088e614
control,r4,coin-heaven,143016,50,50,1.0,0,123,0,0.35593509674072266,0.6580352783203125,f5432d96819a6cb5f100e07544f1a8a0374b38ef3abc35b5f6f58b5904b183c2,True,0.2322196960449217,0.3368854522705078,f5432d96819a6cb5f100e07544f1a8a0374b38ef3abc35b5f6f58b5904b183c2
control,r4,coin-heaven,143017,50,50,1.0,0,124,0,0.32840967178344727,0.5478858947753906,f58ad2582afbcd7e0d9992633ebff04131b6b13ac25be02341944489859e006a,True,0.28606653213500977,0.5261898040771484,f58ad2582afbcd7e0d9992633ebff04131b6b13ac25be02341944489859e006a
control,r4,coin-heaven,143018,50,50,1.0,0,117,0,0.2572536468505859,0.3459453582763672,1a0568e6476d3cf92a392f5437c77a2d568432bd69c2551062090ebd35c45e26,True,0.31099319458007807,0.4489421844482422,1a0568e6476d3cf92a392f5437c77a2d568432bd69c2551062090ebd35c45e26
control,r4,coin-heaven,143019,50,50,1.0,0,105,0,0.2587318420410156,0.7791519165039062,530735a8de15978df8da09097e474954ba3b5873a2b28e0d2ce4bd64ce913cd9,True,0.2419471740722656,0.3352165222167969,530735a8de15978df8da09097e474954ba3b5873a2b28e0d2ce4bd64ce913cd9
control,r4,coin-heaven,143020,50,50,1.0,0,132,0,0.20089149475097653,0.47326087951660156,19ce9f2ae55fe263e7d965b9f046a25f05c1e91e15ffea7c67d925aa0a911a70,True,0.2610802650451655,0.5040168762207031,19ce9f2ae55fe263e7d965b9f046a25f05c1e91e15ffea7c67d925aa0a911a70
control,r4,coin-heaven,143021,50,50,1.0,0,125,0,0.26526451110839844,0.8327960968017578,65a3c131ad4c946b51635d356a333f505ef0ec8aac88ffed6de1a435802dddb6,True,0.3460884094238281,0.5049705505371094,65a3c131ad4c946b51635d356a333f505ef0ec8aac88ffed6de1a435802dddb6
control,r4,coin-heaven,143022,50,50,1.0,0,127,0,0.28908252716064436,0.47087669372558594,2fa20c3064d1a22cf491bf13698e653b40f2c76d1e49dd3b148c8b0a6c7833d8,True,0.2737283706665038,0.34928321838378906,2fa20c3064d1a22cf491bf13698e653b40f2c76d1e49dd3b148c8b0a6c7833d8
control,r4,coin-heaven,143023,50,50,1.0,0,116,0,0.3414750099182129,0.5919933319091797,3351df0b2edc0a485b1c6a2bd43f63e9f8809a23bb8ee479b6be91e5f8330470,True,0.2601742744445801,0.44989585876464844,3351df0b2edc0a485b1c6a2bd43f63e9f8809a23bb8ee479b6be91e5f8330470
control,r4,coin-heaven,143024,50,50,1.0,0,135,0,0.26750564575195307,0.5130767822265625,92a4daf7833c3b311169e6b02d086a2de40a463ce20f4bfd390feee96454eb92,True,0.36921501159667963,0.5381107330322266,92a4daf7833c3b311169e6b02d086a2de40a463ce20f4bfd390feee96454eb92
control,r4,coin-heaven,143025,50,50,1.0,0,138,0,0.31316280364990234,0.6458759307861328,a06806394dbd7d78f885163fea063caa299f9e0016e8a0817ee8bf32c2709af0,True,0.2348780632019043,0.7290840148925781,a06806394dbd7d78f885163fea063caa299f9e0016e8a0817ee8bf32c2709af0
control,r4,coin-heaven,143026,50,50,1.0,0,135,0,0.3603935241699219,0.5919933319091797,2289420a3acf1b10a4d7c5c1964e01e113867e01bed410ad4906a7fbd7a4bf52,True,0.2930164337158203,0.5288124084472656,2289420a3acf1b10a4d7c5c1964e01e113867e01bed410ad4906a7fbd7a4bf52
control,r4,coin-heaven,143027,50,50,1.0,0,112,0,0.5140542984008778,1.3213157653808594,c6d9cbc0fc66db7b255379e67845c39ad2cebde25955f71c78fa4b6fe3d20932,True,0.771915912628173,2.2516250610351562,c6d9cbc0fc66db7b255379e67845c39ad2cebde25955f71c78fa4b6fe3d20932
control,r4,coin-heaven,143028,50,50,1.0,0,122,0,0.37791728973388666,1.4150142669677734,cbc9c48d282de5d9b4e36fe70fbe366802a41b4cd05d1ba3bf2db81863e00bc6,True,0.4189729690551757,0.6909370422363281,cbc9c48d282de5d9b4e36fe70fbe366802a41b4cd05d1ba3bf2db81863e00bc6
control,r4,coin-heaven,143029,50,50,1.0,0,138,0,0.6039619445800783,1.4829635620117188,e4e1f1f0383777c5111cb2e2d3c55ba4a05e71489159f1cd331574ee1199eae2,True,0.470411777496338,1.0607242584228516,e4e1f1f0383777c5111cb2e2d3c55ba4a05e71489159f1cd331574ee1199eae2
control,r4,coin-heaven,143030,50,50,1.0,0,127,0,0.2774238586425781,1.5270709991455078,f154f0395246ee8f3163bb9b381c7741e17b4f60c5430e5f2092f5c34070e1f4,True,0.26016235351562494,0.9927749633789062,f154f0395246ee8f3163bb9b381c7741e17b4f60c5430e5f2092f5c34070e1f4
control,r4,coin-heaven,143031,50,50,1.0,0,115,0,0.41332244873046864,0.7441043853759766,0987a91e69d0aac3f593ddd2865fd72bbeacae256e509535d9ffa8c9d71803d3,True,0.1726388931274414,0.32901763916015625,0987a91e69d0aac3f593ddd2865fd72bbeacae256e509535d9ffa8c9d71803d3
control,r4,coin-heaven,143032,50,50,1.0,0,119,0,0.20644664764404289,0.5271434783935547,ecdaae4cdcbd6b255e8f6abdd0d7594b9cf05613303ef78a300c6370444742fd,True,0.16734600067138664,0.3063678741455078,ecdaae4cdcbd6b255e8f6abdd0d7594b9cf05613303ef78a300c6370444742fd
control,r4,coin-heaven,143033,50,50,1.0,0,125,0,0.21872520446777344,0.4341602325439453,813b92b44b492252bb9441dc61356ef04c8bea7f257f5819805b25b331472241,True,0.29506683349609375,0.9179115295410156,813b92b44b492252bb9441dc61356ef04c8bea7f257f5819805b25b331472241
control,r4,coin-heaven,143034,50,50,1.0,0,126,0,0.2580881118774414,1.0800361633300781,5cea6c9c5606aae9db9ccd0c0ea4742f1180525b6cc49a8f328a462382d6df30,True,0.24002790451049805,0.2868175506591797,5cea6c9c5606aae9db9ccd0c0ea4742f1180525b6cc49a8f328a462382d6df30
control,r4,coin-heaven,143035,50,50,1.0,0,122,0,0.3073811531066893,0.7488727569580078,b4a572b4a0b3591e5f7394b4d4fab03f9eb7500cdcae3a3025c3ff41ed064220,True,0.2976775169372558,0.47278404235839844,b4a572b4a0b3591e5f7394b4d4fab03f9eb7500cdcae3a3025c3ff41ed064220
control,r4,coin-heaven,143036,50,50,1.0,0,115,0,0.22792816162109375,0.34308433532714844,ae5b5e6ac306ed6e3f9d43edb3ca983c2b45e7db5a0e78d2ecbe53f5b60e42ed,True,0.2504825592041015,1.0528564453125,ae5b5e6ac306ed6e3f9d43edb3ca983c2b45e7db5a0e78d2ecbe53f5b60e42ed
control,r4,coin-heaven,143037,50,50,1.0,0,138,0,0.4047751426696778,0.8640289306640625,8f4693720ed55baa6cbfecb218ccdfd8871c81f203466eb4771156c86f50dd1b,True,0.2173066139221193,0.41484832763671875,8f4693720ed55baa6cbfecb218ccdfd8871c81f203466eb4771156c86f50dd1b
control,r4,coin-heaven,143038,50,50,1.0,0,134,0,0.29931068420410156,0.3428459167480469,9812baa69bbe94870978eefadf4a50c7c2a32390f8f57b3ce21390bf96b73f4e,True,0.29616355895996094,0.4799365997314453,9812baa69bbe94870978eefadf4a50c7c2a32390f8f57b3ce21390bf96b73f4e
control,r4,coin-heaven,143039,50,50,1.0,0,129,0,0.5900859832763667,1.8661022186279297,00631c90bd67dcf32f0c640298cb768ef15295ec7543c0a9e70e06501e16e997,True,0.2524375915527344,0.6659030914306641,00631c90bd67dcf32f0c640298cb768ef15295ec7543c0a9e70e06501e16e997
control,r4,coin-heaven,143040,50,50,1.0,0,123,0,0.43954849243164035,1.168966293334961,a0208774f82ca58f56871f64ae573c6df21ca573ed84ba774b7716ef338c85dc,True,0.25460720062255854,0.44798851013183594,a0208774f82ca58f56871f64ae573c6df21ca573ed84ba774b7716ef338c85dc
control,r4,loot-crate,144001,0,50,0.0,0,400,0,0.23342370986938454,0.7288455963134766,e17d1db162f11700ce7e37bd7911967572a95cadaec976b6258dbca95276fa08,True,0.24721622467040996,0.6620883941650391,e17d1db162f11700ce7e37bd7911967572a95cadaec976b6258dbca95276fa08
control,r4,loot-crate,144002,0,50,0.0,0,400,0,0.214254856109619,0.47516822814941406,6d8587b930f7cd515b7cb747371485de3356fe0131ce4f37f5d9e0b5be97b301,True,0.18097162246704102,0.469207763671875,6d8587b930f7cd515b7cb747371485de3356fe0131ce4f37f5d9e0b5be97b301
control,r4,loot-crate,144003,0,50,0.0,0,400,0,0.5579948425292959,1.5680789947509766,eec7efd4d8dd9fa3a92673222c70912ab748571416cf45dfe7bbc0f79513e3f2,True,0.6550431251525878,1.7971992492675781,eec7efd4d8dd9fa3a92673222c70912ab748571416cf45dfe7bbc0f79513e3f2
control,r4,loot-crate,144004,9,50,0.18,0,400,0,0.7104396820068357,1.3051033020019531,362d70107091bbfa73137a85c169ca32774287a05a8456d7a240416f8e94a202,True,0.7843017578124999,1.7457008361816406,362d70107091bbfa73137a85c169ca32774287a05a8456d7a240416f8e94a202
control,r4,loot-crate,144005,4,50,0.08,0,400,0,0.3402829170227048,0.8540153503417969,d43fc5e4b3d04926c4622dab14c296bb48a86bcc5e823578f24a82db80af7c81,True,0.46879053115844677,1.2178421020507812,d43fc5e4b3d04926c4622dab14c296bb48a86bcc5e823578f24a82db80af7c81
control,r4,loot-crate,144006,6,50,0.12,0,400,0,0.23512840270996088,0.6189346313476562,d8b957e1aa09be830c076507f735ec91c4d99538bf9e3d1192d93f84a8312de0,True,0.31337738037109325,0.7851123809814453,d8b957e1aa09be830c076507f735ec91c4d99538bf9e3d1192d93f84a8312de0
control,r4,loot-crate,144007,0,50,0.0,0,400,0,0.22388696670532227,0.5028247833251953,dc3212bfc9f5c66e57c5fcd07e97ea4fc1a198a14ee709f95e6607381ac823b4,True,0.3291726112365721,4.534006118774414,dc3212bfc9f5c66e57c5fcd07e97ea4fc1a198a14ee709f95e6607381ac823b4
control,r4,loot-crate,144008,1,50,0.02,0,400,0,0.2196192741394036,0.4220008850097656,0cc509f1a6121d358fc199fcbd13ebda5f0599cbc83cb433ed91de65386aff3e,True,0.23719072341918926,0.4658699035644531,0cc509f1a6121d358fc199fcbd13ebda5f0599cbc83cb433ed91de65386aff3e
control,r4,loot-crate,144009,0,50,0.0,0,400,0,0.23690462112426744,0.8699893951416016,f933b856456aea14e77ece84a5b39ae17ee75bc10f7a77b0e092d76974c3d32c,True,0.2148270606994629,0.7569789886474609,f933b856456aea14e77ece84a5b39ae17ee75bc10f7a77b0e092d76974c3d32c
control,r4,loot-crate,144010,3,50,0.06,0,400,0,0.2191543579101562,0.49304962158203125,39119106f1b18df46954d2528905839fa47bdd899fd7486b2cf0f4d86a79dcc1,True,0.24509429931640625,0.9431838989257812,39119106f1b18df46954d2528905839fa47bdd899fd7486b2cf0f4d86a79dcc1
control,r4,loot-crate,144011,2,50,0.04,0,400,0,0.40249824523925753,0.6618499755859375,fbb79bb61d68913d35a3f24b859b7a162cb70f1d2082e059008ca6f7505d4271,True,0.18911361694335932,0.476837158203125,fbb79bb61d68913d35a3f24b859b7a162cb70f1d2082e059008ca6f7505d4271
control,r4,loot-crate,144012,0,50,0.0,0,400,0,0.25719404220580994,0.47898292541503906,b9f78f5958070c49bd769ac8098c3f26199e4aa4e102ec8e75810efd927a4040,True,0.5330681800842275,1.2938976287841797,b9f78f5958070c49bd769ac8098c3f26199e4aa4e102ec8e75810efd927a4040
control,r4,loot-crate,144013,0,50,0.0,0,400,0,0.24557113647460874,2.0432472229003906,bb27a8f2aa3f9d70502a7b98d240803b99a714ba48ef9ef18d0bb349a32aa60a,True,0.6595849990844721,2.3021697998046875,bb27a8f2aa3f9d70502a7b98d240803b99a714ba48ef9ef18d0bb349a32aa60a
control,r4,loot-crate,144014,0,50,0.0,0,400,0,0.34067630767822205,1.2547969818115234,3a01814822698b2cbe2fea5d9db73ea679f3e074ca6599a73749bd80f15f4f03,True,0.2579689025878906,0.6089210510253906,3a01814822698b2cbe2fea5d9db73ea679f3e074ca6599a73749bd80f15f4f03
control,r4,loot-crate,144015,0,50,0.0,0,400,0,0.5823612213134756,2.1190643310546875,f47b133e9697aff3ca4d544f99b20863b1d82e6eec97ab71dd5ca7a608d429fb,True,0.33150911331176725,1.651763916015625,f47b133e9697aff3ca4d544f99b20863b1d82e6eec97ab71dd5ca7a608d429fb
control,r4,loot-crate,144016,0,50,0.0,0,400,0,0.47535896301269515,1.8541812896728516,f66c408d225cb43a1b432d6c20eafed1df3fd3b693812c75a3d99ca5f69a8eb1,True,0.24513006210327146,2.3260116577148438,f66c408d225cb43a1b432d6c20eafed1df3fd3b693812c75a3d99ca5f69a8eb1
control,r4,loot-crate,144017,8,50,0.16,1,84,0,0.3897070884704589,0.6699562072753906,9b5527fdac2e8be19b388e787949e6c112af94ecd2c1d2dc15391136a5cc667c,True,0.3112435340881344,0.7097721099853516,9b5527fdac2e8be19b388e787949e6c112af94ecd2c1d2dc15391136a5cc667c
control,r4,loot-crate,144018,0,50,0.0,0,400,0,0.27489662170410156,0.759124755859375,3a01814822698b2cbe2fea5d9db73ea679f3e074ca6599a73749bd80f15f4f03,True,0.23094415664672838,0.45108795166015625,3a01814822698b2cbe2fea5d9db73ea679f3e074ca6599a73749bd80f15f4f03
control,r4,loot-crate,144019,0,50,0.0,0,400,0,0.23298263549804682,0.8051395416259766,6bd1b1c98b1e644d867c62080bba48f262fe89f37116dc21b42396085f1ead66,True,0.21886825561523438,0.5450248718261719,6bd1b1c98b1e644d867c62080bba48f262fe89f37116dc21b42396085f1ead66
control,r4,loot-crate,144020,0,50,0.0,0,400,0,0.3202438354492187,1.3158321380615234,8426b4eb53bc512a049a33a4043bcb6d17f490183539c112694526a55d486556,True,0.5686402320861812,2.1910667419433594,8426b4eb53bc512a049a33a4043bcb6d17f490183539c112694526a55d486556
control,r4,loot-crate,144021,0,50,0.0,0,400,0,0.26795864105224587,0.5178451538085938,bb27a8f2aa3f9d70502a7b98d240803b99a714ba48ef9ef18d0bb349a32aa60a,True,0.40941238403320246,2.526998519897461,bb27a8f2aa3f9d70502a7b98d240803b99a714ba48ef9ef18d0bb349a32aa60a
control,r4,loot-crate,144022,7,50,0.14,0,400,0,0.3580808639526359,1.2209415435791016,773f9268730d25e1b75144744ec649b8af23215feb39f6426c2be9f63f787cac,True,0.34008026123046864,0.8831024169921875,773f9268730d25e1b75144744ec649b8af23215feb39f6426c2be9f63f787cac
control,r4,loot-crate,144023,6,50,0.12,0,400,0,0.4822254180908202,1.107931137084961,bf633022a5885aa861a2b5a0fcd4033e4cb24f806dc8882a5ec5e2abdcd6dbd6,True,0.3043413162231442,0.8220672607421875,bf633022a5885aa861a2b5a0fcd4033e4cb24f806dc8882a5ec5e2abdcd6dbd6
control,r4,loot-crate,144024,2,50,0.04,0,400,0,0.33842325210571256,0.81634521484375,91536d20a4b118c236cc486863f4862ef68959a46b51ba1409d077cb7923ed16,True,0.23850202560424755,1.0149478912353516,91536d20a4b118c236cc486863f4862ef68959a46b51ba1409d077cb7923ed16
control,r4,loot-crate,144025,2,50,0.04,0,400,0,0.2561092376708984,0.5068778991699219,5187cfe73a346795244aaa6cf27514bfc68f1c3eab92ef54ae524069b79657e7,True,0.22104978561401364,0.4019737243652344,5187cfe73a346795244aaa6cf27514bfc68f1c3eab92ef54ae524069b79657e7
control,r4,loot-crate,144026,2,50,0.04,0,400,0,0.2830505371093741,0.48732757568359375,11bf59066aff8eab41badff6dcba51d53f843cd3bfddea83d6bc6c77bd38b56c,True,0.2623677253723141,8.288860321044922,11bf59066aff8eab41badff6dcba51d53f843cd3bfddea83d6bc6c77bd38b56c
control,r4,loot-crate,144027,0,50,0.0,0,400,0,0.18715858459472656,0.44608116149902344,27bab169e991d89f42f85218ec0464955bbc649746784d57f5beb7d71360cb53,True,0.2611160278320312,0.7641315460205078,27bab169e991d89f42f85218ec0464955bbc649746784d57f5beb7d71360cb53
control,r4,loot-crate,144028,4,50,0.08,0,400,0,0.2292156219482421,0.5748271942138672,f53d3687cf0e94d708ca5bea29edd14dc0e2cb1d22207878c5c36dc0d400464c,True,0.44269561767578086,1.146078109741211,f53d3687cf0e94d708ca5bea29edd14dc0e2cb1d22207878c5c36dc0d400464c
control,r4,loot-crate,144029,0,50,0.0,0,400,0,0.18218755722045896,0.42510032653808594,be04607a2d4757284c5182f0b0d96518a4e17ad1df0c07d0caf508b9c1e720ca,True,0.4102230072021483,0.762939453125,be04607a2d4757284c5182f0b0d96518a4e17ad1df0c07d0caf508b9c1e720ca
control,r4,loot-crate,144030,0,50,0.0,0,400,0,0.1994848251342772,0.39386749267578125,dc3212bfc9f5c66e57c5fcd07e97ea4fc1a198a14ee709f95e6607381ac823b4,True,0.16890764236450184,0.49424171447753906,dc3212bfc9f5c66e57c5fcd07e97ea4fc1a198a14ee709f95e6607381ac823b4
control,r4,loot-crate,144031,0,50,0.0,0,400,0,0.22933483123779255,1.1172294616699219,3a01814822698b2cbe2fea5d9db73ea679f3e074ca6599a73749bd80f15f4f03,True,0.26607513427734375,0.6742477416992188,3a01814822698b2cbe2fea5d9db73ea679f3e074ca6599a73749bd80f15f4f03
control,r4,loot-crate,144032,3,50,0.06,0,400,0,0.18477439880371094,0.36597251892089844,aef74047fc4be50b4b5b122aac64c958209e89bb126ee21c2935d50066e5493e,True,0.2134323120117185,0.4200935363769531,aef74047fc4be50b4b5b122aac64c958209e89bb126ee21c2935d50066e5493e
control,r4,loot-crate,144033,1,50,0.02,0,400,0,0.23796558380126928,0.6110668182373047,3a01814822698b2cbe2fea5d9db73ea679f3e074ca6599a73749bd80f15f4f03,True,0.20900964736938463,0.614166259765625,3a01814822698b2cbe2fea5d9db73ea679f3e074ca6599a73749bd80f15f4f03
control,r4,loot-crate,144034,1,50,0.02,0,400,0,0.27295351028442366,0.9007453918457031,92c76f68fbcd72dc0f0855b8f25a946e0db0e766d8393a3513d6658f20c8bdaa,True,0.1957535743713379,0.4417896270751953,92c76f68fbcd72dc0f0855b8f25a946e0db0e766d8393a3513d6658f20c8bdaa
control,r4,loot-crate,144035,3,50,0.06,0,400,0,0.5367398262023917,1.6291141510009766,42040508bbd3b67b2c6e81a2d7b0d30114418c30320b5776b30b09fcc6a17e4f,True,0.31535625457763633,0.6201267242431641,42040508bbd3b67b2c6e81a2d7b0d30114418c30320b5776b30b09fcc6a17e4f
control,r4,loot-crate,144036,0,50,0.0,0,400,0,0.3250598907470702,1.0368824005126953,3a01814822698b2cbe2fea5d9db73ea679f3e074ca6599a73749bd80f15f4f03,True,0.47276020050048767,0.8771419525146484,3a01814822698b2cbe2fea5d9db73ea679f3e074ca6599a73749bd80f15f4f03
control,r4,loot-crate,144037,2,50,0.04,0,400,0,0.18287897109985352,0.4558563232421875,67cb75475a15f23cd0dd027f777dedc22113db6a7db57ebb660305727148f6dc,True,0.2727746963500944,0.6399154663085938,67cb75475a15f23cd0dd027f777dedc22113db6a7db57ebb660305727148f6dc
control,r4,loot-crate,144038,3,50,0.06,1,35,0,0.3865480422973631,0.6709098815917969,022cf8cafd242e8c5f6973014fcb6569ab981d7a1df6d66e3d4709732ae0f8d9,True,0.3613233566284176,0.5090236663818359,022cf8cafd242e8c5f6973014fcb6569ab981d7a1df6d66e3d4709732ae0f8d9
control,r4,loot-crate,144039,3,50,0.06,0,400,0,0.21041631698608387,0.5860328674316406,547ae27ba5c9f64f1a8d2ff6806145b99ce4168fc0965ce1d4e60393e0942003,True,0.16932487487792944,0.3459453582763672,547ae27ba5c9f64f1a8d2ff6806145b99ce4168fc0965ce1d4e60393e0942003
control,r4,loot-crate,144040,4,50,0.08,0,400,0,0.5373120307922362,2.051115036010742,150dd806ae65e771f1655ed62c2c297a2be66d53d8cdaa77645b4a6a13ac32e4,True,0.22404193878173814,0.5402565002441406,150dd806ae65e771f1655ed62c2c297a2be66d53d8cdaa77645b4a6a13ac32e4
control,r5,classic,142001,2,9,0.2222222222222222,0,400,0,0.21377801895141543,0.743865966796875,2d3daee75b119d00cb0d6e8c6de13f767dd313fdbbba3383b3ff4e6a6cd739f0,True,0.1998543739318847,1.5950202941894531,2d3daee75b119d00cb0d6e8c6de13f767dd313fdbbba3383b3ff4e6a6cd739f0
control,r5,classic,142002,1,9,0.1111111111111111,1,80,0,0.2716779708862304,0.3960132598876953,2f02ccafc6dcc5a05202221b7e1f3613699bce1ff539d1073eeb4f2d6b4506e2,True,0.3809094429016113,0.8330345153808594,2f02ccafc6dcc5a05202221b7e1f3613699bce1ff539d1073eeb4f2d6b4506e2
control,r5,classic,142003,1,9,0.1111111111111111,0,400,0,0.2615690231323238,0.4680156707763672,d15d5e14ae1ded077c354e764b1f382519bfe8af60d116a3790f4eb9bff32fb1,True,0.28899908065795893,0.4951953887939453,d15d5e14ae1ded077c354e764b1f382519bfe8af60d116a3790f4eb9bff32fb1
control,r5,classic,142004,0,9,0.0,0,400,0,0.32097101211547846,1.1126995086669922,4e0d684d075992bc8ab9622887723cf98828dc0e9a075a2d0af39afb6f922e5e,True,0.2510905265808105,0.6289482116699219,4e0d684d075992bc8ab9622887723cf98828dc0e9a075a2d0af39afb6f922e5e
control,r5,classic,142005,2,9,0.2222222222222222,0,400,0,0.2947092056274414,0.8351802825927734,a1bac79d810d80c346e338823426eeac808c9646a96b47ad7e29185364b6fdad,True,0.3936648368835445,0.7028579711914062,a1bac79d810d80c346e338823426eeac808c9646a96b47ad7e29185364b6fdad
control,r5,classic,142006,1,9,0.1111111111111111,0,400,0,0.20604133605957026,0.9510517120361328,8d410e85f688fac1c7e3f4b9309bb588953a5b72168cea1c450deff2ac277ab3,True,0.3864765167236326,1.2280941009521484,8d410e85f688fac1c7e3f4b9309bb588953a5b72168cea1c450deff2ac277ab3
control,r5,classic,142007,1,9,0.1111111111111111,0,400,0,0.26000738143920865,1.3346672058105469,596aa7ea2ee037f7c80910064af1501214a9f070535d2c6cbd06c06d9b91b2a7,True,0.3025412559509275,0.7359981536865234,596aa7ea2ee037f7c80910064af1501214a9f070535d2c6cbd06c06d9b91b2a7
control,r5,classic,142008,0,9,0.0,0,400,0,0.24877786636352528,0.6010532379150391,6a938ec0185ced9297cc8e805f51fb22a24a05c6fb6d3f2519e4f8c3bf282bce,True,0.2751350402832029,0.8807182312011719,6a938ec0185ced9297cc8e805f51fb22a24a05c6fb6d3f2519e4f8c3bf282bce
control,r5,classic,142009,1,9,0.1111111111111111,0,400,0,0.5501270294189452,1.50299072265625,3633255186d96a6b64d6eda7ed86298704245e6c0af86d50a2134b40c7a81636,True,0.18696784973144526,0.4658699035644531,3633255186d96a6b64d6eda7ed86298704245e6c0af86d50a2134b40c7a81636
control,r5,classic,142010,8,9,0.8888888888888888,0,400,0,0.5132794380187986,1.0750293731689453,9497619d4ce98b53843fa015a474bfc8f0e1ec7e618a49d9a633cddd50742bec,True,0.2611041069030761,0.5898475646972656,9497619d4ce98b53843fa015a474bfc8f0e1ec7e618a49d9a633cddd50742bec
control,r5,classic,142011,4,9,0.4444444444444444,0,400,0,0.4411935806274411,0.8771419525146484,414eac6b11676066ceba02892d66c8bd51d3df2b9df36be9580589945b187467,True,0.40546655654907193,9.083032608032227,414eac6b11676066ceba02892d66c8bd51d3df2b9df36be9580589945b187467
control,r5,classic,142012,0,9,0.0,0,400,0,0.3015160560607907,1.9028186798095703,8aae8223105906d8f6e61249f859838240709a663ccd1f5271e03b0eafd3c9ff,True,0.2061009407043456,0.6859302520751953,8aae8223105906d8f6e61249f859838240709a663ccd1f5271e03b0eafd3c9ff
control,r5,classic,142013,0,9,0.0,0,400,0,0.2611279487609863,0.5171298980712891,fdc86f956de464f3863a35a08f17d7c124a75a5a219f3b77fb1ada3d66316390,True,0.5161523818969724,2.7413368225097656,fdc86f956de464f3863a35a08f17d7c124a75a5a219f3b77fb1ada3d66316390
control,r5,classic,142014,3,9,0.3333333333333333,0,400,0,0.24892091751098633,0.5769729614257812,0252849d480927f42ca33e14b5f74cf579c389782f003e80dea80527faad4626,True,0.5484342575073238,1.6400814056396484,0252849d480927f42ca33e14b5f74cf579c389782f003e80dea80527faad4626
control,r5,classic,142015,0,9,0.0,0,400,0,0.26707649230957026,0.6861686706542969,e4f15fcc4633a2f30ea0938e4be36ba81a87b892dfeed9be9d092f7547c0237d,True,0.32744407653808566,1.1479854583740234,e4f15fcc4633a2f30ea0938e4be36ba81a87b892dfeed9be9d092f7547c0237d
control,r5,classic,142016,3,9,0.3333333333333333,0,400,0,0.3102898597717282,0.576019287109375,3a3a64314575192a4b8a368e366f333a8c547ad6b4259c560002298f932d4bee,True,0.2121567726135252,0.5037784576416016,3a3a64314575192a4b8a368e366f333a8c547ad6b4259c560002298f932d4bee
control,r5,classic,142017,0,9,0.0,0,400,0,0.24998188018798817,0.8261203765869141,364c806425d31967d93bad7a5f41cf5776e876ee50020aeae1a6790a1164e8a5,True,0.19886493682861325,0.4241466522216797,364c806425d31967d93bad7a5f41cf5776e876ee50020aeae1a6790a1164e8a5
control,r5,classic,142018,0,9,0.0,1,34,0,0.3656744956970213,0.4990100860595703,75edd69cce7c07574cd99ed5cc20a5e4da20bcc53d0b3218a32b1e5fa53b96e8,True,0.32696723937988276,1.3020038604736328,75edd69cce7c07574cd99ed5cc20a5e4da20bcc53d0b3218a32b1e5fa53b96e8
control,r5,classic,142019,3,9,0.3333333333333333,0,400,0,0.40199756622314387,0.6279945373535156,60fb0338d551ac0133582adf2cace41e07f3f4d19a4196a178f1ab0b83d85832,True,0.3999590873718254,0.9148120880126953,60fb0338d551ac0133582adf2cace41e07f3f4d19a4196a178f1ab0b83d85832
control,r5,classic,142020,0,9,0.0,0,400,0,0.24497509002685536,0.5660057067871094,7db3274eb3c58297bf36b5aec31c4e0ee8958aefe581583f51c90d5ab57d2249,True,0.23943185806274386,0.5018711090087891,7db3274eb3c58297bf36b5aec31c4e0ee8958aefe581583f51c90d5ab57d2249
control,r5,classic,142021,1,9,0.1111111111111111,0,400,0,0.7023215293884267,1.5249252319335938,45af1688cdbc0aa87fc0a4f1201d771fdf93b73d46420f79e38b7bf4c6cda689,True,0.32351016998290977,1.4369487762451172,45af1688cdbc0aa87fc0a4f1201d771fdf93b73d46420f79e38b7bf4c6cda689
control,r5,classic,142022,0,9,0.0,0,400,0,0.7081508636474609,3.4978389739990234,1ffdfaf245597d443401ef52c16e6b37b3cac242826a3e56a6d16f26f79d264b,True,0.6792187690734853,1.5673637390136719,1ffdfaf245597d443401ef52c16e6b37b3cac242826a3e56a6d16f26f79d264b
control,r5,classic,142023,1,9,0.1111111111111111,0,400,0,0.5722165107727049,4.097938537597656,07ef01cb198ee8da9c020971067335919eab312898cc0c6ca15ea703e325ca41,True,0.7149577140808098,1.332998275756836,07ef01cb198ee8da9c020971067335919eab312898cc0c6ca15ea703e325ca41
control,r5,classic,142024,1,9,0.1111111111111111,0,400,0,0.289011001586914,0.7140636444091797,0790c868ca3a338047221d55af8307ec1cd0d14b2dffb9345e49271fdd8fbd8f,True,0.7751584053039551,5.227088928222656,0790c868ca3a338047221d55af8307ec1cd0d14b2dffb9345e49271fdd8fbd8f
control,r5,classic,142025,0,9,0.0,0,400,0,0.2621173858642577,0.7932186126708984,5e7a86f03b5a646f1594305765b5a74bdafc08a30b0db9db1bed05979f29a101,True,0.5444407463073725,1.7590522766113281,5e7a86f03b5a646f1594305765b5a74bdafc08a30b0db9db1bed05979f29a101
control,r5,classic,142026,4,9,0.4444444444444444,0,400,0,0.398135185241699,0.9930133819580078,c5b04f6718326cb3442ae86f582c4af4ba40e394adae7b1feb67e8509b48d070,True,0.2273321151733395,0.6449222564697266,c5b04f6718326cb3442ae86f582c4af4ba40e394adae7b1feb67e8509b48d070
control,r5,classic,142027,0,9,0.0,0,400,0,0.18168687820434526,1.0340213775634766,ccde18241bd1160dbbd053841232511e658a62a16e149f759d6122c3d3637ca5,True,0.33984184265136624,0.8068084716796875,ccde18241bd1160dbbd053841232511e658a62a16e149f759d6122c3d3637ca5
control,r5,classic,142028,3,9,0.3333333333333333,0,400,0,0.350391864776611,0.7078647613525391,6a616424545b88c665ec7825df816015d2e7b0441cc526851e6354d264753311,True,0.25997161865234364,0.8959770202636719,6a616424545b88c665ec7825df816015d2e7b0441cc526851e6354d264753311
control,r5,classic,142029,0,9,0.0,0,400,0,0.290632247924804,0.5471706390380859,d641d737f02739288bea802d90cce60f6f6eef3bad6b11ee8dd4f85d61d95f69,True,0.2271890640258787,0.7500648498535156,d641d737f02739288bea802d90cce60f6f6eef3bad6b11ee8dd4f85d61d95f69
control,r5,classic,142030,4,9,0.4444444444444444,0,400,0,0.40061473846435497,1.2149810791015625,9fb9895241f0d716dfb6c0c3acc00566899bf4e112fc24484b18c97225636bae,True,0.26214122772216764,0.7510185241699219,9fb9895241f0d716dfb6c0c3acc00566899bf4e112fc24484b18c97225636bae
control,r5,classic,142031,1,9,0.1111111111111111,0,400,0,0.24591684341430653,0.6778240203857422,bb0537f2be5491141ccd3b29055cb4e7e1b944d45b2d77e1909782dac2587bdd,True,0.2800703048706053,1.8079280853271484,bb0537f2be5491141ccd3b29055cb4e7e1b944d45b2d77e1909782dac2587bdd
control,r5,classic,142032,0,9,0.0,0,400,0,0.1971244812011717,0.3490447998046875,6a6af11ec5e0e06618a448f87409f51ac25cf0c85f61da36267768d6a8467f23,True,0.5661129951477039,1.4851093292236328,6a6af11ec5e0e06618a448f87409f51ac25cf0c85f61da36267768d6a8467f23
control,r5,classic,142033,1,9,0.1111111111111111,0,400,0,0.6199598312377926,3.923177719116211,d412073d3758ab18d4ce20104d1aa6ad058fc5f7b8cfe61becfa5e57b3d9ab7f,True,0.8302688598632811,2.437114715576172,d412073d3758ab18d4ce20104d1aa6ad058fc5f7b8cfe61becfa5e57b3d9ab7f
control,r5,classic,142034,1,9,0.1111111111111111,0,400,0,0.32719373703002924,0.865936279296875,ac47e48e62f25a3fde6161850f02e6efe3c9c581830fddf089d0980e6afc9ead,True,0.21196603775024414,0.7390975952148438,ac47e48e62f25a3fde6161850f02e6efe3c9c581830fddf089d0980e6afc9ead
control,r5,classic,142035,1,9,0.1111111111111111,0,400,0,0.20616054534912095,0.3800392150878906,f0af424d25c6fbea3c0d17bab30a8b64aabde187e5cafdc933ec788e32beff68,True,0.20109415054321278,0.4661083221435547,f0af424d25c6fbea3c0d17bab30a8b64aabde187e5cafdc933ec788e32beff68
control,r5,classic,142036,1,9,0.1111111111111111,0,400,0,0.2199769020080565,0.4420280456542969,ab5368ce41e40470025a3f991a09673b012bbfa6aacf54c78c185f7442831e3e,True,0.24740695953369105,0.9496212005615234,ab5368ce41e40470025a3f991a09673b012bbfa6aacf54c78c185f7442831e3e
control,r5,classic,142037,0,9,0.0,0,400,0,0.19698143005371088,0.7522106170654297,398bb90467359d0670f6c17c53e62969a99d2438ca3d7dd571d762eb89bf86af,True,0.21625757217407204,0.5562305450439453,398bb90467359d0670f6c17c53e62969a99d2438ca3d7dd571d762eb89bf86af
control,r5,classic,142038,0,9,0.0,0,400,0,0.17572641372680664,0.4858970642089844,e1f3acd3a0589c36f26453ee1810e7d580a22082743568fe9cf61489f328033c,True,0.18095970153808594,0.4508495330810547,e1f3acd3a0589c36f26453ee1810e7d580a22082743568fe9cf61489f328033c
control,r5,classic,142039,5,9,0.5555555555555556,0,400,0,0.2812027931213378,1.2328624725341797,ed91e7aa27a4ea9c5c955da7c0cef3b593b008895875a46209077ec3dc8d5766,True,0.2343297004699705,0.46324729919433594,ed91e7aa27a4ea9c5c955da7c0cef3b593b008895875a46209077ec3dc8d5766
control,r5,classic,142040,1,9,0.1111111111111111,0,400,0,0.40748119354248,0.7219314575195312,c3fe39f0a34099c6525830bde16962c8030c3a7902708db0b83998dfdf050cf2,True,0.4880785942077636,3.818988800048828,c3fe39f0a34099c6525830bde16962c8030c3a7902708db0b83998dfdf050cf2
control,r5,coin-heaven,143001,50,50,1.0,0,125,0,0.45952796936035156,0.6489753723144531,893203d39d221590aaeea14b9c94cf453d48dfb9b6af6db798931e56f6f0eef9,True,0.4160881042480468,0.6668567657470703,893203d39d221590aaeea14b9c94cf453d48dfb9b6af6db798931e56f6f0eef9
control,r5,coin-heaven,143002,50,50,1.0,0,127,0,0.27718544006347645,0.9300708770751953,fc0879230590abd194b65a5ce2e63de3bec2133dc8e201364820f431014fa8c3,True,0.1889228820800781,0.26702880859375,fc0879230590abd194b65a5ce2e63de3bec2133dc8e201364820f431014fa8c3
control,r5,coin-heaven,143003,50,50,1.0,0,129,0,0.25300979614257807,0.9140968322753906,9b28690f4dfc420fb30b73bd5cb1dc922ef6904c2948de5fa1b0a8c8e6220043,True,0.20132064819335932,0.2989768981933594,9b28690f4dfc420fb30b73bd5cb1dc922ef6904c2948de5fa1b0a8c8e6220043
control,r5,coin-heaven,143004,50,50,1.0,0,119,0,0.1751184463500976,0.26607513427734375,8d62a5e36eac89a2ecbcf038e25f3b325b4794ec527e815a9165f800de11b060,True,0.14152526855468747,0.2548694610595703,8d62a5e36eac89a2ecbcf038e25f3b325b4794ec527e815a9165f800de11b060
control,r5,coin-heaven,143005,50,50,1.0,0,123,0,0.21753311157226557,0.32591819763183594,141a4d1e9f1d25380ec980c07956fc0d9bd768f03c4e5ec69a81fc7e9044abb9,True,0.1642704010009765,0.21004676818847656,141a4d1e9f1d25380ec980c07956fc0d9bd768f03c4e5ec69a81fc7e9044abb9
control,r5,coin-heaven,143006,50,50,1.0,0,120,0,0.21201372146606445,0.5931854248046875,623d304ae5e69fd1a9aefb9cfd74fc4e8801454fc02015456b848224d789f5ce,True,0.148165225982666,0.24890899658203125,623d304ae5e69fd1a9aefb9cfd74fc4e8801454fc02015456b848224d789f5ce
control,r5,coin-heaven,143007,50,50,1.0,0,117,0,0.1792430877685547,0.2999305725097656,ab1fa49c5a7b912001d87ff94feb1efc5de7af09cdc99ff7d03ab6f98dd108f8,True,0.205850601196289,0.4780292510986328,ab1fa49c5a7b912001d87ff94feb1efc5de7af09cdc99ff7d03ab6f98dd108f8
control,r5,coin-heaven,143008,50,50,1.0,0,119,0,0.28247833251953125,0.36978721618652344,0702ec8da437fafc3fb9c570a79cb4171a40dd04f65e4a1d111f09f8c4c4cf16,True,0.22304058074951172,0.3070831298828125,0702ec8da437fafc3fb9c570a79cb4171a40dd04f65e4a1d111f09f8c4c4cf16
control,r5,coin-heaven,143009,50,50,1.0,0,125,0,0.21767616271972656,0.5197525024414062,9e55e5bc8ec97fcc359258e70589cf01b2109acf7355fa7634c2185046cc5f8d,True,0.1472949981689453,0.6098747253417969,9e55e5bc8ec97fcc359258e70589cf01b2109acf7355fa7634c2185046cc5f8d
control,r5,coin-heaven,143010,50,50,1.0,0,113,0,0.19292831420898418,0.4398822784423828,f7ba9ea5ae3f0318046f490f0c9856b64c8860e2a3b2b37404605fbda970574b,True,0.12841224670410145,0.21004676818847656,f7ba9ea5ae3f0318046f490f0c9856b64c8860e2a3b2b37404605fbda970574b
control,r5,coin-heaven,143011,50,50,1.0,0,128,0,0.21287202835082988,0.3008842468261719,6d55c7dfd0e629f05fdf0cd18aa01a3347a4e84d02a6b904ba403fb911a2a674,True,0.16604661941528315,0.3299713134765625,6d55c7dfd0e629f05fdf0cd18aa01a3347a4e84d02a6b904ba403fb911a2a674
control,r5,coin-heaven,143012,50,50,1.0,0,129,0,0.6777763366699213,1.085042953491211,b12cd6fec9e2e26f1361efd6f53aae666d98dbbfef9001a0fe24cd6089480488,True,0.27699470520019526,0.3750324249267578,b12cd6fec9e2e26f1361efd6f53aae666d98dbbfef9001a0fe24cd6089480488
control,r5,coin-heaven,143013,50,50,1.0,0,131,0,0.47397613525390625,0.6282329559326172,2c57fdfa5977b702154b1cd8f400910c6e914e3032c79130a992d6a76fe5d1fa,True,0.2090930938720703,0.5908012390136719,2c57fdfa5977b702154b1cd8f400910c6e914e3032c79130a992d6a76fe5d1fa
control,r5,coin-heaven,143014,50,50,1.0,0,125,0,0.2727508544921875,0.42891502380371094,20b1081e097295e531a9ff99511042876cd89ebdc935c43896cb9bd445a2ed06,True,0.18591880798339844,0.4119873046875,20b1081e097295e531a9ff99511042876cd89ebdc935c43896cb9bd445a2ed06
control,r5,coin-heaven,143015,50,50,1.0,0,127,0,0.18362998962402324,0.3108978271484375,0e4ece95962be36f0a8ad3dd7ad18d214236eab5dc26e3eb6168bb5dd088e614,True,0.2394437789916992,0.3771781921386719,0e4ece95962be36f0a8ad3dd7ad18d214236eab5dc26e3eb6168bb5dd088e614
control,r5,coin-heaven,143016,50,50,1.0,0,123,0,0.15091896057128906,0.2589225769042969,f5432d96819a6cb5f100e07544f1a8a0374b38ef3abc35b5f6f58b5904b183c2,True,0.15909671783447257,0.3960132598876953,f5432d96819a6cb5f100e07544f1a8a0374b38ef3abc35b5f6f58b5904b183c2
control,r5,coin-heaven,143017,50,50,1.0,0,124,0,0.2953886985778808,0.8590221405029297,f58ad2582afbcd7e0d9992633ebff04131b6b13ac25be02341944489859e006a,True,0.3504991531372069,0.5838871002197266,f58ad2582afbcd7e0d9992633ebff04131b6b13ac25be02341944489859e006a
control,r5,coin-heaven,143018,50,50,1.0,0,117,0,0.22644996643066398,0.2818107604980469,1a0568e6476d3cf92a392f5437c77a2d568432bd69c2551062090ebd35c45e26,True,0.14081001281738276,0.30517578125,1a0568e6476d3cf92a392f5437c77a2d568432bd69c2551062090ebd35c45e26
control,r5,coin-heaven,143019,50,50,1.0,0,105,0,0.283670425415039,1.6782283782958984,530735a8de15978df8da09097e474954ba3b5873a2b28e0d2ce4bd64ce913cd9,True,0.1590251922607422,0.20575523376464844,530735a8de15978df8da09097e474954ba3b5873a2b28e0d2ce4bd64ce913cd9
control,r5,coin-heaven,143020,50,50,1.0,0,132,0,0.19388198852539057,0.42891502380371094,19ce9f2ae55fe263e7d965b9f046a25f05c1e91e15ffea7c67d925aa0a911a70,True,0.17405748367309562,0.3898143768310547,19ce9f2ae55fe263e7d965b9f046a25f05c1e91e15ffea7c67d925aa0a911a70
control,r5,coin-heaven,143021,50,50,1.0,0,125,0,0.23531913757324213,0.42819976806640625,65a3c131ad4c946b51635d356a333f505ef0ec8aac88ffed6de1a435802dddb6,True,0.15525817871093747,0.3142356872558594,65a3c131ad4c946b51635d356a333f505ef0ec8aac88ffed6de1a435802dddb6
control,r5,coin-heaven,143022,50,50,1.0,0,127,0,0.4266262054443358,0.7638931274414062,2fa20c3064d1a22cf491bf13698e653b40f2c76d1e49dd3b148c8b0a6c7833d8,True,0.2546310424804687,0.30994415283203125,2fa20c3064d1a22cf491bf13698e653b40f2c76d1e49dd3b148c8b0a6c7833d8
control,r5,coin-heaven,143023,50,50,1.0,0,116,0,0.602424144744873,1.7101764678955078,3351df0b2edc0a485b1c6a2bd43f63e9f8809a23bb8ee479b6be91e5f8330470,True,0.1233220100402832,0.34928321838378906,3351df0b2edc0a485b1c6a2bd43f63e9f8809a23bb8ee479b6be91e5f8330470
control,r5,coin-heaven,143024,50,50,1.0,0,135,0,0.28328895568847656,0.5052089691162109,92a4daf7833c3b311169e6b02d086a2de40a463ce20f4bfd390feee96454eb92,True,0.20763874053955078,0.32711029052734375,92a4daf7833c3b311169e6b02d086a2de40a463ce20f4bfd390feee96454eb92
control,r5,coin-heaven,143025,50,50,1.0,0,138,0,0.1952052116394043,0.32520294189453125,a06806394dbd7d78f885163fea063caa299f9e0016e8a0817ee8bf32c2709af0,True,0.19986629486083984,0.28324127197265625,a06806394dbd7d78f885163fea063caa299f9e0016e8a0817ee8bf32c2709af0
control,r5,coin-heaven,143026,50,50,1.0,0,135,0,0.26314258575439453,0.4489421844482422,2289420a3acf1b10a4d7c5c1964e01e113867e01bed410ad4906a7fbd7a4bf52,True,0.23052692413330075,0.3859996795654297,2289420a3acf1b10a4d7c5c1964e01e113867e01bed410ad4906a7fbd7a4bf52
control,r5,coin-heaven,143027,50,50,1.0,0,112,0,0.3336906433105465,1.161813735961914,c6d9cbc0fc66db7b255379e67845c39ad2cebde25955f71c78fa4b6fe3d20932,True,0.14986991882324216,0.3228187561035156,c6d9cbc0fc66db7b255379e67845c39ad2cebde25955f71c78fa4b6fe3d20932
control,r5,coin-heaven,143028,50,50,1.0,0,122,0,0.22808313369750957,0.3299713134765625,cbc9c48d282de5d9b4e36fe70fbe366802a41b4cd05d1ba3bf2db81863e00bc6,True,0.22343397140502919,0.5271434783935547,cbc9c48d282de5d9b4e36fe70fbe366802a41b4cd05d1ba3bf2db81863e00bc6
control,r5,coin-heaven,143029,50,50,1.0,0,138,0,0.30236244201660156,0.40721893310546875,e4e1f1f0383777c5111cb2e2d3c55ba4a05e71489159f1cd331574ee1199eae2,True,0.3126978874206543,0.6558895111083984,e4e1f1f0383777c5111cb2e2d3c55ba4a05e71489159f1cd331574ee1199eae2
control,r5,coin-heaven,143030,50,50,1.0,0,127,0,0.21290779113769523,0.9729862213134766,f154f0395246ee8f3163bb9b381c7741e17b4f60c5430e5f2092f5c34070e1f4,True,0.21820068359374992,0.3688335418701172,f154f0395246ee8f3163bb9b381c7741e17b4f60c5430e5f2092f5c34070e1f4
control,r5,coin-heaven,143031,50,50,1.0,0,115,0,0.17056465148925778,0.3268718719482422,0987a91e69d0aac3f593ddd2865fd72bbeacae256e509535d9ffa8c9d71803d3,True,0.17895698547363276,0.3428459167480469,0987a91e69d0aac3f593ddd2865fd72bbeacae256e509535d9ffa8c9d71803d3
control,r5,coin-heaven,143032,50,50,1.0,0,118,0,0.1409053802490234,0.21195411682128906,46aee31ce2879260785fe02dc73ea5d5f6a4ae1022417c495ff703faf2b26384,True,0.15361309051513664,0.2837181091308594,46aee31ce2879260785fe02dc73ea5d5f6a4ae1022417c495ff703faf2b26384
control,r5,coin-heaven,143033,50,50,1.0,0,125,0,0.16808509826660156,0.2276897430419922,813b92b44b492252bb9441dc61356ef04c8bea7f257f5819805b25b331472241,True,0.5476474761962891,1.0318756103515625,813b92b44b492252bb9441dc61356ef04c8bea7f257f5819805b25b331472241
control,r5,coin-heaven,143034,50,50,1.0,0,126,0,0.20623207092285156,0.2541542053222656,5cea6c9c5606aae9db9ccd0c0ea4742f1180525b6cc49a8f328a462382d6df30,True,0.2842545509338379,0.38123130798339844,5cea6c9c5606aae9db9ccd0c0ea4742f1180525b6cc49a8f328a462382d6df30
control,r5,coin-heaven,143035,50,50,1.0,0,122,0,0.24725198745727522,0.3409385681152344,b4a572b4a0b3591e5f7394b4d4fab03f9eb7500cdcae3a3025c3ff41ed064220,True,0.29959678649902316,0.37407875061035156,b4a572b4a0b3591e5f7394b4d4fab03f9eb7500cdcae3a3025c3ff41ed064220
control,r5,coin-heaven,143036,50,50,1.0,0,115,0,0.22592544555664062,0.5848407745361328,ae5b5e6ac306ed6e3f9d43edb3ca983c2b45e7db5a0e78d2ecbe53f5b60e42ed,True,0.17969608306884763,0.45800209045410156,ae5b5e6ac306ed6e3f9d43edb3ca983c2b45e7db5a0e78d2ecbe53f5b60e42ed
control,r5,coin-heaven,143037,50,50,1.0,0,138,0,0.1596570014953614,0.2551078796386719,8f4693720ed55baa6cbfecb218ccdfd8871c81f203466eb4771156c86f50dd1b,True,0.18888711929321292,0.29206275939941406,8f4693720ed55baa6cbfecb218ccdfd8871c81f203466eb4771156c86f50dd1b
control,r5,coin-heaven,143038,50,50,1.0,0,134,0,0.2820134162902832,0.32210350036621094,9812baa69bbe94870978eefadf4a50c7c2a32390f8f57b3ce21390bf96b73f4e,True,0.28929710388183594,0.4119873046875,9812baa69bbe94870978eefadf4a50c7c2a32390f8f57b3ce21390bf96b73f4e
control,r5,coin-heaven,143039,50,50,1.0,0,129,0,0.1997947692871093,0.2510547637939453,00631c90bd67dcf32f0c640298cb768ef15295ec7543c0a9e70e06501e16e997,True,0.2040863037109375,0.2391338348388672,00631c90bd67dcf32f0c640298cb768ef15295ec7543c0a9e70e06501e16e997
control,r5,coin-heaven,143040,50,50,1.0,0,118,0,0.3073573112487789,0.49996376037597656,b5fe608bf26a0c30804ff469bf18309aec245064a9edda8e29a55d1bcb62b48d,True,0.20538568496704093,0.26607513427734375,b5fe608bf26a0c30804ff469bf18309aec245064a9edda8e29a55d1bcb62b48d
control,r5,loot-crate,144001,26,50,0.52,0,400,0,0.19831657409667952,0.42128562927246094,8bd59054c844890745e54a06d7c2f50d07152f5fd61be5ee13543e707085b824,True,0.23932456970214827,0.6220340728759766,8bd59054c844890745e54a06d7c2f50d07152f5fd61be5ee13543e707085b824
control,r5,loot-crate,144002,2,50,0.04,1,57,0,0.4155635833740234,0.44608116149902344,cbf0bf8ced4fe24efa3f9180fc1ba6bf0a1b0f8c70f667b3ec1b5b1f141be117,True,0.23417472839355433,0.39505958557128906,cbf0bf8ced4fe24efa3f9180fc1ba6bf0a1b0f8c70f667b3ec1b5b1f141be117
control,r5,loot-crate,144003,25,50,0.5,0,400,0,0.2689480781555176,0.8780956268310547,59316b76fe29a30b4144b9c69beb3519bc0c932c9777f3a53b14dfd8a1a37633,True,0.2210617065429687,0.7932186126708984,59316b76fe29a30b4144b9c69beb3519bc0c932c9777f3a53b14dfd8a1a37633
control,r5,loot-crate,144004,37,50,0.74,0,400,0,0.32329559326171853,0.6799697875976562,000891cac1371af09c3ec82d04445c4fdd1069440bad7b239a7764e4acee395f,True,0.3596186637878413,0.6022453308105469,000891cac1371af09c3ec82d04445c4fdd1069440bad7b239a7764e4acee395f
control,r5,loot-crate,144005,12,50,0.24,1,153,0,0.18463134765625003,0.30803680419921875,0b892c9ac025d0cc68e44404886ac14901a26c6e479a893e2c6c6ff050e4706a,True,0.1883506774902344,0.42128562927246094,0b892c9ac025d0cc68e44404886ac14901a26c6e479a893e2c6c6ff050e4706a
control,r5,loot-crate,144006,6,50,0.12,1,73,0,0.21395683288574213,0.3299713134765625,1c551667bd487ee43373ed56b7ceb03f292b17b3c651d6351678adf34bfb7f28,True,0.19221305847167955,0.3998279571533203,1c551667bd487ee43373ed56b7ceb03f292b17b3c651d6351678adf34bfb7f28
control,r5,loot-crate,144007,22,50,0.44,1,275,0,0.2131938934326172,0.3581047058105469,81775979f12054f113c0232b8afdfa9f7ceb34db40182b274d1ff1f087fc7545,True,0.2941608428955084,0.7779598236083984,81775979f12054f113c0232b8afdfa9f7ceb34db40182b274d1ff1f087fc7545
control,r5,loot-crate,144008,22,50,0.44,0,400,0,0.2019882202148437,0.4191398620605469,f54b517d785879f6e5fc99c8fd4ec9dfb920555ff7328e2976f0d6511204bd91,True,0.27638673782348605,1.6100406646728516,f54b517d785879f6e5fc99c8fd4ec9dfb920555ff7328e2976f0d6511204bd91
control,r5,loot-crate,144009,5,50,0.1,0,400,0,0.17806291580200176,0.3058910369873047,b041872dd031813f657125126b7badc78a6a10194166ac6d50c8f389e76dd0b1,True,0.9021878242492674,1.4469623565673828,b041872dd031813f657125126b7badc78a6a10194166ac6d50c8f389e76dd0b1
control,r5,loot-crate,144010,1,50,0.02,1,28,0,0.25289058685302734,0.29587745666503906,65774e2c0d0c11840fde597da65a44990eff91da7b31d8890a0303d3eabf4480,True,0.27723312377929676,0.3082752227783203,65774e2c0d0c11840fde597da65a44990eff91da7b31d8890a0303d3eabf4480
control,r5,loot-crate,144011,13,50,0.26,0,400,0,0.19006729125976557,0.43010711669921875,76b2ab5ec7613268e4633f641b8634c45f03dd63a96a4f3074fc9b8c216785b4,True,0.23322105407714838,0.9138584136962891,76b2ab5ec7613268e4633f641b8634c45f03dd63a96a4f3074fc9b8c216785b4
control,r5,loot-crate,144012,1,50,0.02,0,400,0,0.17542839050292952,0.5121231079101562,95c8b9b8ea3c7f3620e8d6f713172fa310b6e2553811f9aed2da8737a33e2fbe,True,0.20608901977539054,0.7531642913818359,95c8b9b8ea3c7f3620e8d6f713172fa310b6e2553811f9aed2da8737a33e2fbe
control,r5,loot-crate,144013,21,50,0.42,0,400,0,0.22792816162109375,0.6053447723388672,04b07b84ef0dd59318594fe96cf1f5dc12b16e7e1c40f1ab2fd977d4e45f258f,True,0.23727416992187494,1.1429786682128906,04b07b84ef0dd59318594fe96cf1f5dc12b16e7e1c40f1ab2fd977d4e45f258f
control,r5,loot-crate,144014,2,50,0.04,1,59,0,0.18563270568847617,0.3578662872314453,d546c7f488dd6e98bf67eaadb1ab20c374858a2745649170aa1b3dde6b11581c,True,0.5097389221191406,0.621795654296875,d546c7f488dd6e98bf67eaadb1ab20c374858a2745649170aa1b3dde6b11581c
control,r5,loot-crate,144015,32,50,0.64,0,400,0,0.23394823074340815,0.3838539123535156,a560e4104d2f571e3b8866073d2823261e527eb996f80461bffce32278c3b1ce,True,0.2261161804199218,0.46896934509277344,a560e4104d2f571e3b8866073d2823261e527eb996f80461bffce32278c3b1ce
control,r5,loot-crate,144016,19,50,0.38,0,400,0,0.26798248291015625,0.4649162292480469,591dc5c232219463ea6816e5602ca6bcacaa9d0edfc8e5187b7bdad4a9407715,True,0.270843505859375,0.5240440368652344,591dc5c232219463ea6816e5602ca6bcacaa9d0edfc8e5187b7bdad4a9407715
control,r5,loot-crate,144017,20,50,0.4,1,199,0,0.18320083618164062,0.2989768981933594,6c5f6f8641888ac7165cc6d0687c03ac015ceed599562a3c0ca599e52474cbbb,True,0.18715858459472656,0.4329681396484375,6c5f6f8641888ac7165cc6d0687c03ac015ceed599562a3c0ca599e52474cbbb
control,r5,loot-crate,144018,13,50,0.26,0,400,0,0.19483566284179682,0.38504600524902344,830fef07d3652b098137ff65acc0f085309f176ef2c7c0e01d6bcac8ca799d0c,True,0.5661487579345702,0.8902549743652344,830fef07d3652b098137ff65acc0f085309f176ef2c7c0e01d6bcac8ca799d0c
control,r5,loot-crate,144019,8,50,0.16,1,85,0,0.19140243530273438,0.3731250762939453,4ff4851bf377b87077c1f300ce2009a428dde03686c2be82462ec01c08d22c62,True,0.36931037902832026,0.5669593811035156,4ff4851bf377b87077c1f300ce2009a428dde03686c2be82462ec01c08d22c62
control,r5,loot-crate,144020,29,50,0.58,0,400,0,0.2570748329162597,0.44608116149902344,5c651d912996961c1ceb5c660edc9f02db328f23af4fb0048d6e145b2eb655ea,True,0.2829790115356443,0.9310245513916016,5c651d912996961c1ceb5c660edc9f02db328f23af4fb0048d6e145b2eb655ea
control,r5,loot-crate,144021,22,50,0.44,1,309,0,0.21495819091796875,0.35881996154785156,a5b9042b6d2500ad9e45eff6eb91c5a0cb4f8bfd09e4596c8077e5d4f81b7278,True,0.22816658020019523,0.5950927734375,a5b9042b6d2500ad9e45eff6eb91c5a0cb4f8bfd09e4596c8077e5d4f81b7278
control,r5,loot-crate,144022,27,50,0.54,0,400,0,0.23713111877441392,0.4868507385253906,a7f3f63aa69cc119c77188d4f1996dae46a2564798f8338a5a15ec2c6f68d5af,True,0.29588937759399414,0.537872314453125,a7f3f63aa69cc119c77188d4f1996dae46a2564798f8338a5a15ec2c6f68d5af
control,r5,loot-crate,144023,20,50,0.4,0,400,0,0.1981735229492187,0.3390312194824219,308f9c657933861d1e987953bab09cf3532b1cd2152597ee196bc8ae861d39cf,True,0.22612810134887684,0.8349418640136719,308f9c657933861d1e987953bab09cf3532b1cd2152597ee196bc8ae861d39cf
control,r5,loot-crate,144024,2,50,0.04,0,400,0,0.1740574836730957,0.5266666412353516,1f1482294b90a8403dce1ebe469a18280db6851ccb47271a425686f574d390f8,True,0.20673274993896482,0.4222393035888672,1f1482294b90a8403dce1ebe469a18280db6851ccb47271a425686f574d390f8
control,r5,loot-crate,144025,9,50,0.18,1,132,0,0.23425817489624018,0.43892860412597656,c32b8f6df8c35e4d00a8d9de438ccec704810719e4efecc0082afef9808c34ac,True,0.21667480468749994,0.3352165222167969,c32b8f6df8c35e4d00a8d9de438ccec704810719e4efecc0082afef9808c34ac
control,r5,loot-crate,144026,7,50,0.14,0,400,0,0.25831460952758756,0.885009765625,d8fcead799e955f33fdb0d365957d22c604efe1f11f55c5f06d25d173d5ab060,True,0.7971763610839843,1.3489723205566406,d8fcead799e955f33fdb0d365957d22c604efe1f11f55c5f06d25d173d5ab060
control,r5,loot-crate,144027,23,50,0.46,0,400,0,0.23723840713500954,0.98419189453125,5f3b48a8903c56f0d7ab1807656e92416234bc91930faf9ca475b8609f87592f,True,0.5044102668762204,1.4040470123291016,5f3b48a8903c56f0d7ab1807656e92416234bc91930faf9ca475b8609f87592f
control,r5,loot-crate,144028,11,50,0.22,0,400,0,0.39234161376953114,1.9860267639160156,da02ce080a9933e1d47cca99fb78bc798fb76246a77efaecd30ef37a22691975,True,0.3078579902648925,1.0509490966796875,da02ce080a9933e1d47cca99fb78bc798fb76246a77efaecd30ef37a22691975
control,r5,loot-crate,144029,27,50,0.54,0,400,0,0.23138523101806607,0.5719661712646484,aed37665139ec3719149206c36b1544bded8b69d7f6bf99f35801d57db76fb2b,True,0.1920342445373534,0.4208087921142578,aed37665139ec3719149206c36b1544bded8b69d7f6bf99f35801d57db76fb2b
control,r5,loot-crate,144030,11,50,0.22,0,400,1,0.18788576126098633,0.3151893615722656,4793e7461ceadcd140b75f841c9cd731099fb74456f2bfcbd63215e62f51036d,True,0.20295381546020502,0.6580352783203125,4793e7461ceadcd140b75f841c9cd731099fb74456f2bfcbd63215e62f51036d
control,r5,loot-crate,144031,21,50,0.42,0,400,0,0.1919269561767578,0.3840923309326172,a8a533c4a864409ac3cffa202962141bf587770ebe6659151c2024a50d67a46b,True,0.18815994262695307,0.39696693420410156,a8a533c4a864409ac3cffa202962141bf587770ebe6659151c2024a50d67a46b
control,r5,loot-crate,144032,6,50,0.12,1,62,0,0.3114819526672362,0.4360675811767578,5db2efb5827622cd7126f2774aff7eac7479979b096f5c08eaa9bc910d78dc26,True,0.21562576293945304,0.36597251892089844,5db2efb5827622cd7126f2774aff7eac7479979b096f5c08eaa9bc910d78dc26
control,r5,loot-crate,144033,8,50,0.16,0,400,0,0.20700693130493159,0.6949901580810547,be9f8b0d26145fc4ec922e92348da2009b42f23cf29f8e696eda0ffa7eb91e8b,True,0.1679182052612304,0.39696693420410156,be9f8b0d26145fc4ec922e92348da2009b42f23cf29f8e696eda0ffa7eb91e8b
control,r5,loot-crate,144034,1,50,0.02,0,400,0,0.2129197120666504,0.3180503845214844,57ae3a0d59c89374605150db82cb323a39ab5c26724dbbef13ec554d29ff715f,True,0.6094694137573238,3.242969512939453,57ae3a0d59c89374605150db82cb323a39ab5c26724dbbef13ec554d29ff715f
control,r5,loot-crate,144035,13,50,0.26,0,400,0,0.19316673278808588,0.38909912109375,cc7704c5870226ffabb752467e71751a0118fc33691eef136ba47e88c5d53fd6,True,0.5565524101257319,0.9679794311523438,cc7704c5870226ffabb752467e71751a0118fc33691eef136ba47e88c5d53fd6
control,r5,loot-crate,144036,4,50,0.08,0,400,0,0.19412040710449213,0.4260540008544922,246ed7a54d11e768578ac59f5cae3e443540ee366a5ecc3b6324d0da6ef10b27,True,0.23703575134277338,0.7700920104980469,246ed7a54d11e768578ac59f5cae3e443540ee366a5ecc3b6324d0da6ef10b27
control,r5,loot-crate,144037,5,50,0.1,0,400,0,0.17527341842651364,0.33783912658691406,4cf6a40de8359f21a785d83d7a1b43b71a3fcd6203f124e630b47c8b0f9fcd35,True,0.1981377601623533,0.6551742553710938,4cf6a40de8359f21a785d83d7a1b43b71a3fcd6203f124e630b47c8b0f9fcd35
control,r5,loot-crate,144038,17,50,0.34,0,400,0,0.30583143234252763,1.8379688262939453,2f4fedde2bd79b7f8dc4c6b3111a39f64204b580e35d6b10cd53dcab0c7aef4f,True,0.19536018371582023,0.6570816040039062,2f4fedde2bd79b7f8dc4c6b3111a39f64204b580e35d6b10cd53dcab0c7aef4f
control,r5,loot-crate,144039,14,50,0.28,1,147,0,0.6220817565917967,0.8912086486816406,325195d83ca941f39f9ef157de1dec928475a8a6282a62b7acdd3fd10f048fde,True,0.184941291809082,0.6589889526367188,325195d83ca941f39f9ef157de1dec928475a8a6282a62b7acdd3fd10f048fde
control,r5,loot-crate,144040,12,50,0.24,0,400,1,0.6789326667785643,1.4679431915283203,432acf2e130b3cd76eb2f5bed6c41f6fe194b775d7152b19b5631202d9fda9e9,True,0.19025802612304688,0.41794776916503906,432acf2e130b3cd76eb2f5bed6c41f6fe194b775d7152b19b5631202d9fda9e9
candidate,r1,classic,142001,4,9,0.4444444444444444,0,400,0,0.41047334671020475,1.622915267944336,34c2077c630090762835615515a15b4894a0aa789eb996fbd81b6c02205e82ff,True,0.21295547485351557,0.35500526428222656,34c2077c630090762835615515a15b4894a0aa789eb996fbd81b6c02205e82ff
candidate,r1,classic,142002,4,9,0.4444444444444444,0,400,0,0.5169391632080078,1.394033432006836,37df3dd3cbb2affe7d7e319c15a08801cbaf916ef4bee7fe27bd26bde85fbaf7,True,0.21818876266479445,0.44798851013183594,37df3dd3cbb2affe7d7e319c15a08801cbaf916ef4bee7fe27bd26bde85fbaf7
candidate,r1,classic,142003,0,9,0.0,0,400,0,0.42227506637573237,1.046895980834961,3ff515f79acc5ed53b68bd9af82cd99af0e9f13d1f1b51f93b110868435f9504,True,0.16695261001586909,0.5030632019042969,3ff515f79acc5ed53b68bd9af82cd99af0e9f13d1f1b51f93b110868435f9504
candidate,r1,classic,142004,0,9,0.0,0,400,0,0.15128850936889637,0.3299713134765625,61269a370a4be827cff42c76362bd4934836cb148a8076e0fba2be6274e8c679,True,0.1549839973449707,0.4432201385498047,61269a370a4be827cff42c76362bd4934836cb148a8076e0fba2be6274e8c679
candidate,r1,classic,142005,0,9,0.0,0,400,0,0.1459598541259765,0.7610321044921875,61269a370a4be827cff42c76362bd4934836cb148a8076e0fba2be6274e8c679,True,0.1778721809387207,0.37407875061035156,61269a370a4be827cff42c76362bd4934836cb148a8076e0fba2be6274e8c679
candidate,r1,classic,142006,1,9,0.1111111111111111,0,400,0,0.19346475601196259,0.6771087646484375,03aba01e6363a4995c94c0ff1196a1dabd342aea9f9870202faef50f8036066f,True,0.1841068267822265,0.6232261657714844,03aba01e6363a4995c94c0ff1196a1dabd342aea9f9870202faef50f8036066f
candidate,r1,classic,142007,2,9,0.2222222222222222,0,400,0,0.18807649612426738,0.35309791564941406,995f86ec1d39d50ef2a29c91cf197021590c1fb9cd7822aa60fc94b10ab9a65c,True,0.35156011581420843,1.367807388305664,995f86ec1d39d50ef2a29c91cf197021590c1fb9cd7822aa60fc94b10ab9a65c
candidate,r1,classic,142008,2,9,0.2222222222222222,0,400,0,0.17172098159790034,0.45609474182128906,b470bd40ed52e542193ba3e9c8b0238ded2eaef5e71c294f181b85737c7694c8,True,0.36816596984863276,1.4009475708007812,b470bd40ed52e542193ba3e9c8b0238ded2eaef5e71c294f181b85737c7694c8
candidate,r1,classic,142009,0,9,0.0,0,400,0,0.1771926879882812,0.4680156707763672,77ca21173b1c5ca450c487efff186f55f0da227da5bea4b880bec5e6ce1ee36e,True,0.25192499160766585,0.4100799560546875,77ca21173b1c5ca450c487efff186f55f0da227da5bea4b880bec5e6ce1ee36e
candidate,r1,classic,142010,3,9,0.3333333333333333,0,400,0,0.4348874092102051,3.695964813232422,6d01cab670da9463bad18ed4fc6bb2f94d20e52f3bf9807f0a64367c94c93be9,True,0.26969909667968683,0.6477832794189453,6d01cab670da9463bad18ed4fc6bb2f94d20e52f3bf9807f0a64367c94c93be9
candidate,r1,classic,142011,0,9,0.0,0,400,0,0.29112100601196267,1.3780593872070312,61269a370a4be827cff42c76362bd4934836cb148a8076e0fba2be6274e8c679,True,0.4552960395812985,1.1899471282958984,61269a370a4be827cff42c76362bd4934836cb148a8076e0fba2be6274e8c679
candidate,r1,classic,142012,0,9,0.0,0,400,0,0.15597343444824213,0.3497600555419922,61269a370a4be827cff42c76362bd4934836cb148a8076e0fba2be6274e8c679,True,0.5131363868713379,1.3508796691894531,61269a370a4be827cff42c76362bd4934836cb148a8076e0fba2be6274e8c679
candidate,r1,classic,142013,0,9,0.0,0,400,0,0.18903017044067363,0.3979206085205078,465981e670a2fe1fe281ee4ac07a5878bd45d8c2857e2137ac6d1e5c07f18b0b,True,0.28605461120605385,1.9807815551757812,465981e670a2fe1fe281ee4ac07a5878bd45d8c2857e2137ac6d1e5c07f18b0b
candidate,r1,classic,142014,3,9,0.3333333333333333,0,400,0,0.1653313636779782,0.3876686096191406,e9c511eb3f6ca4715838baafc907f6781e0ed244d8c3318e42f2b0350092a6c0,True,0.20896196365356434,0.7920265197753906,e9c511eb3f6ca4715838baafc907f6781e0ed244d8c3318e42f2b0350092a6c0
candidate,r1,classic,142015,0,9,0.0,0,400,0,0.14811754226684565,0.3597736358642578,61269a370a4be827cff42c76362bd4934836cb148a8076e0fba2be6274e8c679,True,0.21917819976806613,0.4391670227050781,61269a370a4be827cff42c76362bd4934836cb148a8076e0fba2be6274e8c679
candidate,r1,classic,142016,1,9,0.1111111111111111,1,71,0,0.2859830856323242,0.4191398620605469,baf1283aaaaf17f82d25a689eab2e02ee5453987100537bcca98089d75c3506a,True,0.41961669921875,1.9562244415283203,baf1283aaaaf17f82d25a689eab2e02ee5453987100537bcca98089d75c3506a
candidate,r1,classic,142017,0,9,0.0,0,400,0,0.13331174850463864,0.4341602325439453,caa0b37960d4db0de174947836cd649cb676a45c62e318824ed0956af5df050c,True,0.18218755722045896,0.3979206085205078,caa0b37960d4db0de174947836cd649cb676a45c62e318824ed0956af5df050c
candidate,r1,classic,142018,0,9,0.0,0,400,0,0.3621935844421386,0.5638599395751953,61269a370a4be827cff42c76362bd4934836cb148a8076e0fba2be6274e8c679,True,0.18105506896972648,0.4630088806152344,61269a370a4be827cff42c76362bd4934836cb148a8076e0fba2be6274e8c679
candidate,r1,classic,142019,0,9,0.0,0,400,0,0.5032539367675779,1.1000633239746094,14c52f0cb3553df13e775d76df4a44d0c64ab223605a51f1ebe474c51a94cb7d,True,0.27400255203247065,0.5140304565429688,14c52f0cb3553df13e775d76df4a44d0c64ab223605a51f1ebe474c51a94cb7d
candidate,r1,classic,142020,0,9,0.0,0,400,0,0.1499652862548828,0.35190582275390625,c6f1ed5ef29ed05c87a7ee6127f103fc29662ce7690bed790f30ace0d2137384,True,0.21800994873046867,0.47206878662109375,c6f1ed5ef29ed05c87a7ee6127f103fc29662ce7690bed790f30ace0d2137384
candidate,r1,classic,142021,0,9,0.0,0,400,0,0.21982192993164062,0.5450248718261719,61269a370a4be827cff42c76362bd4934836cb148a8076e0fba2be6274e8c679,True,0.23410320281982402,1.8990039825439453,61269a370a4be827cff42c76362bd4934836cb148a8076e0fba2be6274e8c679
candidate,r1,classic,142022,0,9,0.0,0,400,0,0.19608736038207997,0.5688667297363281,54b741753117988c04023d25052939e563e1b1cc21ceeb69d767efdaf410fb4d,True,0.13494491577148438,0.4379749298095703,54b741753117988c04023d25052939e563e1b1cc21ceeb69d767efdaf410fb4d
candidate,r1,classic,142023,0,9,0.0,0,400,0,0.18506050109863276,0.8168220520019531,61269a370a4be827cff42c76362bd4934836cb148a8076e0fba2be6274e8c679,True,0.38223266601562494,1.352071762084961,61269a370a4be827cff42c76362bd4934836cb148a8076e0fba2be6274e8c679
candidate,r1,classic,142024,1,9,0.1111111111111111,1,37,0,0.29549598693847645,0.3528594970703125,11ce2a08666a61ac772e4d6d3c9fec6ce7ecb2de087e3c65cde263bf5b32ade7,True,0.31905174255371077,0.4181861877441406,11ce2a08666a61ac772e4d6d3c9fec6ce7ecb2de087e3c65cde263bf5b32ade7
candidate,r1,classic,142025,0,9,0.0,0,400,0,0.2871751785278317,0.6971359252929688,cd8e1e6877883d4468009b4d67eae03de55b3c9e07c54bbaf8dcac9e5ef22f8b,True,0.1650810241699218,0.46324729919433594,cd8e1e6877883d4468009b4d67eae03de55b3c9e07c54bbaf8dcac9e5ef22f8b
candidate,r1,classic,142026,4,9,0.4444444444444444,0,400,0,0.6314992904663083,2.0079612731933594,d05853dc4e4b58b057b906f77f0820022acf57c4cd4a88e3aa7523bc4f942163,True,0.26184320449829096,0.7848739624023438,d05853dc4e4b58b057b906f77f0820022acf57c4cd4a88e3aa7523bc4f942163
candidate,r1,classic,142027,1,9,0.1111111111111111,0,400,0,0.5885720252990719,1.2650489807128906,2a77b37e7d09d7bc4510b16f4ef0ceb6039c8507609fd65aa677555178034fe8,True,0.16621351242065427,0.4639625549316406,2a77b37e7d09d7bc4510b16f4ef0ceb6039c8507609fd65aa677555178034fe8
candidate,r1,classic,142028,0,9,0.0,0,400,0,0.34661293029785095,0.9567737579345703,d94dfc45439b980a3066ae593fd6dfd05c382dff226b052b994be474baf1f7e9,True,0.15608072280883775,0.4208087921142578,d94dfc45439b980a3066ae593fd6dfd05c382dff226b052b994be474baf1f7e9
candidate,r1,classic,142029,0,9,0.0,0,400,0,0.19888877868652338,0.4470348358154297,54b741753117988c04023d25052939e563e1b1cc21ceeb69d767efdaf410fb4d,True,0.14781951904296875,0.3781318664550781,54b741753117988c04023d25052939e563e1b1cc21ceeb69d767efdaf410fb4d
candidate,r1,classic,142030,0,9,0.0,0,400,0,0.2212882041931152,0.5159378051757812,caa0b37960d4db0de174947836cd649cb676a45c62e318824ed0956af5df050c,True,0.29426813125610324,0.7772445678710938,caa0b37960d4db0de174947836cd649cb676a45c62e318824ed0956af5df050c
candidate,r1,classic,142031,1,9,0.1111111111111111,0,400,0,0.4133462905883785,1.0328292846679688,9f631de88494b94fe7fded9de3e0270bbfc425f16e0971088b1e48c9246ccff5,True,0.21222829818725583,0.48089027404785156,9f631de88494b94fe7fded9de3e0270bbfc425f16e0971088b1e48c9246ccff5
candidate,r1,classic,142032,0,9,0.0,0,400,0,0.24560689926147414,0.7171630859375,a486bd094ec11efa3863226660a98fccd9cbfbd0564e105e9d5b61dc6809671f,True,0.15283823013305664,0.32782554626464844,a486bd094ec11efa3863226660a98fccd9cbfbd0564e105e9d5b61dc6809671f
candidate,r1,classic,142033,0,9,0.0,0,400,0,0.2181768417358396,0.45418739318847656,61269a370a4be827cff42c76362bd4934836cb148a8076e0fba2be6274e8c679,True,0.19025802612304665,0.457763671875,61269a370a4be827cff42c76362bd4934836cb148a8076e0fba2be6274e8c679
candidate,r1,classic,142034,0,9,0.0,0,400,0,0.292754173278808,1.249074935913086,cd8e1e6877883d4468009b4d67eae03de55b3c9e07c54bbaf8dcac9e5ef22f8b,True,0.15687942504882812,0.3719329833984375,cd8e1e6877883d4468009b4d67eae03de55b3c9e07c54bbaf8dcac9e5ef22f8b
candidate,r1,classic,142035,1,9,0.1111111111111111,0,400,0,0.20438432693481418,0.6310939788818359,cdc2924dd96508c705e537cde104fc9e1202d5bfae62a609429a19b4008e829e,True,0.1547932624816894,0.3972053527832031,cdc2924dd96508c705e537cde104fc9e1202d5bfae62a609429a19b4008e829e
candidate,r1,classic,142036,0,9,0.0,0,400,0,0.22108554840087863,0.7941722869873047,61269a370a4be827cff42c76362bd4934836cb148a8076e0fba2be6274e8c679,True,0.13282299041748044,0.827789306640625,61269a370a4be827cff42c76362bd4934836cb148a8076e0fba2be6274e8c679
candidate,r1,classic,142037,0,9,0.0,0,400,0,0.1525044441223141,0.7860660552978516,61269a370a4be827cff42c76362bd4934836cb148a8076e0fba2be6274e8c679,True,0.16690492630004883,0.3960132598876953,61269a370a4be827cff42c76362bd4934836cb148a8076e0fba2be6274e8c679
candidate,r1,classic,142038,0,9,0.0,0,400,0,0.21913051605224584,0.5729198455810547,0907b249f1dcaeb3cd9f022310a642b74598f3ac35d95932781c9e3996ca2a75,True,0.13915300369262681,0.3390312194824219,0907b249f1dcaeb3cd9f022310a642b74598f3ac35d95932781c9e3996ca2a75
candidate,r1,classic,142039,0,9,0.0,0,400,0,0.48732757568359353,4.370927810668945,61269a370a4be827cff42c76362bd4934836cb148a8076e0fba2be6274e8c679,True,0.1571178436279297,0.4990100860595703,61269a370a4be827cff42c76362bd4934836cb148a8076e0fba2be6274e8c679
candidate,r1,classic,142040,0,9,0.0,0,400,0,0.5853414535522456,1.0619163513183594,cabe88d4e22e22ba16e525240e5bdbd65bcd6f2aac193d485659858f63b6d673,True,0.17924308776855452,0.33783912658691406,cabe88d4e22e22ba16e525240e5bdbd65bcd6f2aac193d485659858f63b6d673
candidate,r1,coin-heaven,143001,50,50,1.0,0,125,0,0.14271736145019528,0.22101402282714844,893203d39d221590aaeea14b9c94cf453d48dfb9b6af6db798931e56f6f0eef9,True,0.27413368225097656,0.4642009735107422,893203d39d221590aaeea14b9c94cf453d48dfb9b6af6db798931e56f6f0eef9
candidate,r1,coin-heaven,143002,50,50,1.0,0,127,0,0.19013881683349604,0.33092498779296875,fc0879230590abd194b65a5ce2e63de3bec2133dc8e201364820f431014fa8c3,True,0.28233528137207015,0.36406517028808594,fc0879230590abd194b65a5ce2e63de3bec2133dc8e201364820f431014fa8c3
candidate,r1,coin-heaven,143003,50,50,1.0,0,129,0,0.18672943115234372,0.24390220642089844,9b28690f4dfc420fb30b73bd5cb1dc922ef6904c2948de5fa1b0a8c8e6220043,True,0.5089759826660154,5.621910095214844,9b28690f4dfc420fb30b73bd5cb1dc922ef6904c2948de5fa1b0a8c8e6220043
candidate,r1,coin-heaven,143004,50,50,1.0,0,119,0,0.18179416656494135,0.35190582275390625,8d62a5e36eac89a2ecbcf038e25f3b325b4794ec527e815a9165f800de11b060,True,0.2806186676025389,0.4992485046386719,8d62a5e36eac89a2ecbcf038e25f3b325b4794ec527e815a9165f800de11b060
candidate,r1,coin-heaven,143005,50,50,1.0,0,123,0,0.17149448394775388,0.3209114074707031,141a4d1e9f1d25380ec980c07956fc0d9bd768f03c4e5ec69a81fc7e9044abb9,True,0.16872882843017578,0.32711029052734375,141a4d1e9f1d25380ec980c07956fc0d9bd768f03c4e5ec69a81fc7e9044abb9
candidate,r1,coin-heaven,143006,50,50,1.0,0,120,0,0.1766562461853027,0.2319812774658203,f1c2e8d49bee7cbf3508b99a3f3513c70f2c3433ee159cc5f5055b0ce6492bab,True,0.2397656440734863,0.3497600555419922,f1c2e8d49bee7cbf3508b99a3f3513c70f2c3433ee159cc5f5055b0ce6492bab
candidate,r1,coin-heaven,143007,50,50,1.0,0,117,0,0.2159118652343745,0.4909038543701172,ab1fa49c5a7b912001d87ff94feb1efc5de7af09cdc99ff7d03ab6f98dd108f8,True,0.161314010620117,0.3199577331542969,ab1fa49c5a7b912001d87ff94feb1efc5de7af09cdc99ff7d03ab6f98dd108f8
candidate,r1,coin-heaven,143008,50,50,1.0,0,119,0,0.21314620971679682,0.2968311309814453,0702ec8da437fafc3fb9c570a79cb4171a40dd04f65e4a1d111f09f8c4c4cf16,True,0.23109912872314453,0.3211498260498047,0702ec8da437fafc3fb9c570a79cb4171a40dd04f65e4a1d111f09f8c4c4cf16
candidate,r1,coin-heaven,143009,50,50,1.0,0,122,0,0.1754641532897948,0.4363059997558594,c5f5088ce576c6a7859a26b95344a19bf8663cbcc228431436e4b49673ad369a,True,0.19081830978393552,0.3819465637207031,c5f5088ce576c6a7859a26b95344a19bf8663cbcc228431436e4b49673ad369a
candidate,r1,coin-heaven,143010,50,50,1.0,0,113,0,0.13875961303710932,0.2720355987548828,f7ba9ea5ae3f0318046f490f0c9856b64c8860e2a3b2b37404605fbda970574b,True,0.20551681518554682,0.36716461181640625,f7ba9ea5ae3f0318046f490f0c9856b64c8860e2a3b2b37404605fbda970574b
candidate,r1,coin-heaven,143011,50,50,1.0,0,129,0,0.173187255859375,0.492095947265625,9a714c7409c5919d042815122d54239b48b7fba675d07526a9256d4161b0af1e,True,0.1800060272216797,0.27298927307128906,9a714c7409c5919d042815122d54239b48b7fba675d07526a9256d4161b0af1e
candidate,r1,coin-heaven,143012,50,50,1.0,0,129,0,0.2918720245361328,0.32591819763183594,b12cd6fec9e2e26f1361efd6f53aae666d98dbbfef9001a0fe24cd6089480488,True,0.41475296020507807,0.8471012115478516,b12cd6fec9e2e26f1361efd6f53aae666d98dbbfef9001a0fe24cd6089480488
candidate,r1,coin-heaven,143013,50,50,1.0,0,132,0,0.17439126968383778,0.2589225769042969,119b6aaf3f059e369629eaae31d6080775fd2ef8e97fd42d1a3e3832c0950bff,True,0.19514560699462882,0.37789344787597656,119b6aaf3f059e369629eaae31d6080775fd2ef8e97fd42d1a3e3832c0950bff
candidate,r1,coin-heaven,143014,50,50,1.0,0,133,0,0.1736640930175781,0.33211708068847656,c57ad7f3632f40ed451046b216b6e1ab6fe5e9b9fcd35eb6c11c36e2fa5690a4,True,0.1594066619873047,0.2789497375488281,c57ad7f3632f40ed451046b216b6e1ab6fe5e9b9fcd35eb6c11c36e2fa5690a4
candidate,r1,coin-heaven,143015,50,50,1.0,0,127,0,0.14579296112060544,0.2579689025878906,0e4ece95962be36f0a8ad3dd7ad18d214236eab5dc26e3eb6168bb5dd088e614,True,0.3740072250366211,0.6477832794189453,0e4ece95962be36f0a8ad3dd7ad18d214236eab5dc26e3eb6168bb5dd088e614
candidate,r1,coin-heaven,143016,50,50,1.0,0,124,0,0.125277042388916,0.23818016052246094,9d78de84c20180a5fd278ade18a9aeb56852e1fc283b534300de7816d1c6273e,True,0.3672242164611816,0.5881786346435547,9d78de84c20180a5fd278ade18a9aeb56852e1fc283b534300de7816d1c6273e
candidate,r1,coin-heaven,143017,50,50,1.0,0,125,0,0.27117729187011713,0.3802776336669922,96bcfc3bd325430abb8a476eb044e12e7d0b3abfb3077b8218f0d4b0bc1662a4,True,0.2319812774658203,0.3268718719482422,96bcfc3bd325430abb8a476eb044e12e7d0b3abfb3077b8218f0d4b0bc1662a4
candidate,r1,coin-heaven,143018,50,50,1.0,0,117,0,0.14920234680175753,0.21886825561523438,1a0568e6476d3cf92a392f5437c77a2d568432bd69c2551062090ebd35c45e26,True,0.18544197082519528,0.4730224609375,1a0568e6476d3cf92a392f5437c77a2d568432bd69c2551062090ebd35c45e26
candidate,r1,coin-heaven,143019,50,50,1.0,0,105,0,0.2041816711425781,0.2949237823486328,530735a8de15978df8da09097e474954ba3b5873a2b28e0d2ce4bd64ce913cd9,True,0.21486282348632807,0.3018379211425781,530735a8de15978df8da09097e474954ba3b5873a2b28e0d2ce4bd64ce913cd9
candidate,r1,coin-heaven,143020,50,50,1.0,0,132,0,0.5454540252685547,0.7460117340087891,19ce9f2ae55fe263e7d965b9f046a25f05c1e91e15ffea7c67d925aa0a911a70,True,0.19536018371582017,0.3390312194824219,19ce9f2ae55fe263e7d965b9f046a25f05c1e91e15ffea7c67d925aa0a911a70
candidate,r1,coin-heaven,143021,50,50,1.0,0,125,0,0.3018379211425781,0.6988048553466797,65a3c131ad4c946b51635d356a333f505ef0ec8aac88ffed6de1a435802dddb6,True,0.24309158325195312,0.3228187561035156,65a3c131ad4c946b51635d356a333f505ef0ec8aac88ffed6de1a435802dddb6
candidate,r1,coin-heaven,143022,50,50,1.0,0,127,0,0.2674102783203125,0.32782554626464844,2fa20c3064d1a22cf491bf13698e653b40f2c76d1e49dd3b148c8b0a6c7833d8,True,0.2525329589843747,0.36025047302246094,2fa20c3064d1a22cf491bf13698e653b40f2c76d1e49dd3b148c8b0a6c7833d8
candidate,r1,coin-heaven,143023,50,50,1.0,0,116,0,0.1927018165588379,0.37217140197753906,3351df0b2edc0a485b1c6a2bd43f63e9f8809a23bb8ee479b6be91e5f8330470,True,0.16230344772338867,0.3209114074707031,3351df0b2edc0a485b1c6a2bd43f63e9f8809a23bb8ee479b6be91e5f8330470
candidate,r1,coin-heaven,143024,50,50,1.0,0,135,0,0.30226707458496094,0.5822181701660156,92a4daf7833c3b311169e6b02d086a2de40a463ce20f4bfd390feee96454eb92,True,0.28159618377685547,0.49376487731933594,92a4daf7833c3b311169e6b02d086a2de40a463ce20f4bfd390feee96454eb92
candidate,r1,coin-heaven,143025,50,50,1.0,0,138,0,0.19960403442382818,0.5030632019042969,a06806394dbd7d78f885163fea063caa299f9e0016e8a0817ee8bf32c2709af0,True,0.20636320114135748,0.37789344787597656,a06806394dbd7d78f885163fea063caa299f9e0016e8a0817ee8bf32c2709af0
candidate,r1,coin-heaven,143026,50,50,1.0,0,135,0,0.24037361145019528,0.8521080017089844,2289420a3acf1b10a4d7c5c1964e01e113867e01bed410ad4906a7fbd7a4bf52,True,0.39691925048828125,1.1310577392578125,2289420a3acf1b10a4d7c5c1964e01e113867e01bed410ad4906a7fbd7a4bf52
candidate,r1,coin-heaven,143027,50,50,1.0,0,112,0,0.18784999847412093,0.4220008850097656,c6d9cbc0fc66db7b255379e67845c39ad2cebde25955f71c78fa4b6fe3d20932,True,0.3203868865966797,0.701904296875,c6d9cbc0fc66db7b255379e67845c39ad2cebde25955f71c78fa4b6fe3d20932
candidate,r1,coin-heaven,143028,50,50,1.0,0,125,0,0.1947402954101562,0.370025634765625,cdc4cbda22545a56e0f163807787d6ad9e69ca2e35ba31e570176928da005bbf,True,0.2354145050048828,0.4019737243652344,cdc4cbda22545a56e0f163807787d6ad9e69ca2e35ba31e570176928da005bbf
candidate,r1,coin-heaven,143029,50,50,1.0,0,138,0,0.3081798553466797,0.6299018859863281,e4e1f1f0383777c5111cb2e2d3c55ba4a05e71489159f1cd331574ee1199eae2,True,0.29498338699340826,0.4050731658935547,e4e1f1f0383777c5111cb2e2d3c55ba4a05e71489159f1cd331574ee1199eae2
candidate,r1,coin-heaven,143030,50,50,1.0,0,127,0,0.2733230590820312,0.8547306060791016,f154f0395246ee8f3163bb9b381c7741e17b4f60c5430e5f2092f5c34070e1f4,True,0.2294540405273437,0.4191398620605469,f154f0395246ee8f3163bb9b381c7741e17b4f60c5430e5f2092f5c34070e1f4
candidate,r1,coin-heaven,143031,50,50,1.0,0,115,0,0.2085208892822265,0.3299713134765625,0987a91e69d0aac3f593ddd2865fd72bbeacae256e509535d9ffa8c9d71803d3,True,0.18308162689208965,0.47898292541503906,0987a91e69d0aac3f593ddd2865fd72bbeacae256e509535d9ffa8c9d71803d3
candidate,r1,coin-heaven,143032,50,50,1.0,0,118,0,0.3432273864746094,0.9632110595703125,46aee31ce2879260785fe02dc73ea5d5f6a4ae1022417c495ff703faf2b26384,True,0.23883581161499018,0.8351802825927734,46aee31ce2879260785fe02dc73ea5d5f6a4ae1022417c495ff703faf2b26384
candidate,r1,coin-heaven,143033,50,50,1.0,0,125,0,0.4074573516845703,1.3079643249511719,813b92b44b492252bb9441dc61356ef04c8bea7f257f5819805b25b331472241,True,0.25949478149414046,1.050710678100586,813b92b44b492252bb9441dc61356ef04c8bea7f257f5819805b25b331472241
candidate,r1,coin-heaven,143034,50,50,1.0,0,125,0,0.21662712097167963,0.3848075866699219,14854c91a4d485d48389529144dba82770f580ed48bd9a8c8bd1a1952726644b,True,0.22306442260742185,0.3409385681152344,14854c91a4d485d48389529144dba82770f580ed48bd9a8c8bd1a1952726644b
candidate,r1,coin-heaven,143035,50,50,1.0,0,122,0,0.28511285781860335,0.3399848937988281,b4a572b4a0b3591e5f7394b4d4fab03f9eb7500cdcae3a3025c3ff41ed064220,True,0.4163026809692374,0.6797313690185547,b4a572b4a0b3591e5f7394b4d4fab03f9eb7500cdcae3a3025c3ff41ed064220
candidate,r1,coin-heaven,143036,50,50,1.0,0,115,0,0.38712024688720703,1.0080337524414062,ae5b5e6ac306ed6e3f9d43edb3ca983c2b45e7db5a0e78d2ecbe53f5b60e42ed,True,0.2591133117675781,0.41484832763671875,ae5b5e6ac306ed6e3f9d43edb3ca983c2b45e7db5a0e78d2ecbe53f5b60e42ed
candidate,r1,coin-heaven,143037,50,50,1.0,0,138,0,0.23559331893920904,0.42891502380371094,8f4693720ed55baa6cbfecb218ccdfd8871c81f203466eb4771156c86f50dd1b,True,0.4207372665405276,0.9241104125976562,8f4693720ed55baa6cbfecb218ccdfd8871c81f203466eb4771156c86f50dd1b
candidate,r1,coin-heaven,143038,50,50,1.0,0,134,0,0.30912160873413086,0.7300376892089844,9812baa69bbe94870978eefadf4a50c7c2a32390f8f57b3ce21390bf96b73f4e,True,0.39970874786376953,0.9372234344482422,9812baa69bbe94870978eefadf4a50c7c2a32390f8f57b3ce21390bf96b73f4e
candidate,r1,coin-heaven,143039,50,50,1.0,0,129,0,0.3352642059326169,0.46372413635253906,00631c90bd67dcf32f0c640298cb768ef15295ec7543c0a9e70e06501e16e997,True,0.24728775024414032,0.5300045013427734,00631c90bd67dcf32f0c640298cb768ef15295ec7543c0a9e70e06501e16e997
candidate,r1,coin-heaven,143040,50,50,1.0,0,121,0,0.2338886260986328,0.5469322204589844,7d145743a305541b91e86e95090e28121179d4513fd9be301eb8c858b4423f7c,True,0.20885467529296875,0.4169940948486328,7d145743a305541b91e86e95090e28121179d4513fd9be301eb8c858b4423f7c
candidate,r1,loot-crate,144001,12,50,0.24,0,400,0,0.19545555114746077,0.5161762237548828,d0ccbd2c275b66c53de387488be9eeefa9a77dba7c97c615ff5db3e5c8b36394,True,0.38732290267944325,0.7877349853515625,d0ccbd2c275b66c53de387488be9eeefa9a77dba7c97c615ff5db3e5c8b36394
candidate,r1,loot-crate,144002,11,50,0.22,0,400,0,0.24111270904540988,0.5660057067871094,f5a63ee76ee2bed0a01d03df45ac0ae3aab30638e6abc4c5903a53129b6cde65,True,0.20051002502441384,0.5600452423095703,f5a63ee76ee2bed0a01d03df45ac0ae3aab30638e6abc4c5903a53129b6cde65
candidate,r1,loot-crate,144003,5,50,0.1,0,400,0,0.18836259841918923,0.7140636444091797,5cd1df4924efeba62aab352f5a6fc7f16939883b42f5bdcbed6a51b2ceab046a,True,0.18326044082641588,0.40912628173828125,5cd1df4924efeba62aab352f5a6fc7f16939883b42f5bdcbed6a51b2ceab046a
candidate,r1,loot-crate,144004,15,50,0.3,0,400,0,0.24149417877197224,0.9438991546630859,f8b62a503663caa21874e79cc6fed716e2ad4f3247b665985fa7a7f14eab238b,True,0.20983219146728513,0.5068778991699219,f8b62a503663caa21874e79cc6fed716e2ad4f3247b665985fa7a7f14eab238b
candidate,r1,loot-crate,144005,9,50,0.18,0,400,0,0.21731853485107389,0.823974609375,7588ba2e75daebb6a2d62754b22713702febc6a3f18602097c10763f2e8b4c46,True,0.2120494842529296,0.6899833679199219,7588ba2e75daebb6a2d62754b22713702febc6a3f18602097c10763f2e8b4c46
candidate,r1,loot-crate,144006,0,50,0.0,0,400,0,0.24310350418090806,0.9179115295410156,14c52f0cb3553df13e775d76df4a44d0c64ab223605a51f1ebe474c51a94cb7d,True,0.1812577247619626,1.8093585968017578,14c52f0cb3553df13e775d76df4a44d0c64ab223605a51f1ebe474c51a94cb7d
candidate,r1,loot-crate,144007,0,50,0.0,0,400,0,0.2300739288330078,0.4658699035644531,c6f1ed5ef29ed05c87a7ee6127f103fc29662ce7690bed790f30ace0d2137384,True,0.178241729736328,0.5702972412109375,c6f1ed5ef29ed05c87a7ee6127f103fc29662ce7690bed790f30ace0d2137384
candidate,r1,loot-crate,144008,7,50,0.14,0,400,0,0.20887851715087738,0.6368160247802734,a0f494831fc0a6b57936a6ee2af549d9d568cc6b2c13d28cc83cdfb849284b4b,True,0.20133256912231415,0.5061626434326172,a0f494831fc0a6b57936a6ee2af549d9d568cc6b2c13d28cc83cdfb849284b4b
candidate,r1,loot-crate,144009,6,50,0.12,0,400,0,0.21541118621826139,0.6458759307861328,6adc5c0cd86fe6ebc6e2d6181bfd77ea3526aea33148cc856c8a3f9a4a9682fc,True,0.2129197120666504,0.4649162292480469,6adc5c0cd86fe6ebc6e2d6181bfd77ea3526aea33148cc856c8a3f9a4a9682fc
candidate,r1,loot-crate,144010,2,50,0.04,0,400,0,0.4579782485961908,1.1577606201171875,7cb0c0cb4cd18fd076d1be1dc8bf336909a247fd2945fb8d071f21adc4ca34fb,True,0.21396875381469715,0.5471706390380859,7cb0c0cb4cd18fd076d1be1dc8bf336909a247fd2945fb8d071f21adc4ca34fb
candidate,r1,loot-crate,144011,32,50,0.64,0,400,1,0.4940390586853027,1.3422966003417969,49375d1a71fbf25ad1ac7fd1eb3f49114123e9b810dbdb058e5686a7ae7924e4,True,0.3648042678833008,0.5750656127929688,49375d1a71fbf25ad1ac7fd1eb3f49114123e9b810dbdb058e5686a7ae7924e4
candidate,r1,loot-crate,144012,5,50,0.1,0,400,0,0.21225214004516574,0.4527568817138672,b61f4cfb089c657293be7d4e561b96fccca38849a4b91fe7323b3670ff56bedf,True,0.6150841712951658,4.950046539306641,b61f4cfb089c657293be7d4e561b96fccca38849a4b91fe7323b3670ff56bedf
candidate,r1,loot-crate,144013,19,50,0.38,0,400,0,0.25300979614257807,1.7189979553222656,a982240de622749068d5fcc565111bf246060b384bf0b05504201e261dc1a7ae,True,0.6125211715698238,2.1250247955322266,a982240de622749068d5fcc565111bf246060b384bf0b05504201e261dc1a7ae
candidate,r1,loot-crate,144014,23,50,0.46,0,400,0,0.26307106018066395,1.6298294067382812,bf7bd57191f931acb80b0ccdd5e434555b193442dbc230fb81b792f1a66da346,True,0.2959370613098144,0.4889965057373047,bf7bd57191f931acb80b0ccdd5e434555b193442dbc230fb81b792f1a66da346
candidate,r1,loot-crate,144015,0,50,0.0,0,400,0,0.12995004653930664,0.3960132598876953,54b741753117988c04023d25052939e563e1b1cc21ceeb69d767efdaf410fb4d,True,0.2185821533203119,0.47898292541503906,54b741753117988c04023d25052939e563e1b1cc21ceeb69d767efdaf410fb4d
candidate,r1,loot-crate,144016,28,50,0.56,0,400,0,0.2712130546569823,1.138925552368164,8d6e27c62092105fb1b8b4c81732f0d31795219e478451073934a4933eafa64c,True,0.545024871826171,4.513025283813477,8d6e27c62092105fb1b8b4c81732f0d31795219e478451073934a4933eafa64c
candidate,r1,loot-crate,144017,10,50,0.2,0,400,0,0.19316673278808588,0.6699562072753906,9bdee91fe66776934611cd4423989c73014546efba0c418aee9007cd4dfd140c,True,0.35626888275146434,0.7088184356689453,9bdee91fe66776934611cd4423989c73014546efba0c418aee9007cd4dfd140c
candidate,r1,loot-crate,144018,3,50,0.06,0,400,0,0.29999017715454096,0.7839202880859375,3ba40be1d5f63015533c560ba2fcb0b3a58ed9e5e13e81a3529036742dc00e6c,True,0.47408342361450184,0.7040500640869141,3ba40be1d5f63015533c560ba2fcb0b3a58ed9e5e13e81a3529036742dc00e6c
candidate,r1,loot-crate,144019,19,50,0.38,0,400,0,0.30840635299682606,1.1191368103027344,b6a75d6ae4506564b8f6b60a42fffe5b7637bc8b2855996d1527d376dc1de27b,True,0.4001259803771972,3.863096237182617,b6a75d6ae4506564b8f6b60a42fffe5b7637bc8b2855996d1527d376dc1de27b
candidate,r1,loot-crate,144020,1,50,0.02,0,400,0,0.17133951187133753,0.4596710205078125,6e18897c07cb32beea7d1c779f574a55c517a31f306baf9245c2684e6aac8550,True,0.2541422843933097,0.7100105285644531,6e18897c07cb32beea7d1c779f574a55c517a31f306baf9245c2684e6aac8550
candidate,r1,loot-crate,144021,6,50,0.12,0,400,0,0.45679807662963606,0.9400844573974609,5640a6f19ae359d6a06992b5963acef97e19f921eed12d3ce5f1b0af588a5d4b,True,0.6977677345275873,2.4671554565429688,5640a6f19ae359d6a06992b5963acef97e19f921eed12d3ce5f1b0af588a5d4b
candidate,r1,loot-crate,144022,11,50,0.22,0,400,0,0.6331801414489743,1.4591217041015625,c8e5f2eea78f5164533becabd4d79dfe24ec025d79fe994671da991d103877b3,True,0.392007827758789,1.634836196899414,c8e5f2eea78f5164533becabd4d79dfe24ec025d79fe994671da991d103877b3
candidate,r1,loot-crate,144023,12,50,0.24,0,400,0,0.4568696022033691,1.2280941009521484,a7e3548cdb2b42125a099b1dac63d4333814ad6ac63a3857119198c0b25e6a49,True,0.2542734146118161,0.5397796630859375,a7e3548cdb2b42125a099b1dac63d4333814ad6ac63a3857119198c0b25e6a49
candidate,r1,loot-crate,144024,2,50,0.04,0,400,0,0.21513700485229484,0.4200935363769531,5d59f9922e03f8d43499f08fdcce8dd3d4464340930a482e55115f69cab0fbe3,True,0.2481460571289052,0.5559921264648438,5d59f9922e03f8d43499f08fdcce8dd3d4464340930a482e55115f69cab0fbe3
candidate,r1,loot-crate,144025,4,50,0.08,0,400,0,0.26023387908935514,0.5590915679931641,8abcd506740f51853f6f3edae04b4fe23f4dc67123df71a250361b05b57caf99,True,0.1920700073242186,0.598907470703125,8abcd506740f51853f6f3edae04b4fe23f4dc67123df71a250361b05b57caf99
candidate,r1,loot-crate,144026,12,50,0.24,0,400,0,0.2649426460266113,0.6079673767089844,4c6b0542c96533882167b4af5a5bd5f12b3344c5c32719d9840e0bb29ab4d050,True,0.22101402282714844,1.0790824890136719,4c6b0542c96533882167b4af5a5bd5f12b3344c5c32719d9840e0bb29ab4d050
candidate,r1,loot-crate,144027,0,50,0.0,0,400,0,0.24155378341674694,0.4630088806152344,dfd3b1309a2a438c210f3525ade578efa1b583d8888c81613b2a0b8938f79b6f,True,0.16717910766601557,0.4010200500488281,dfd3b1309a2a438c210f3525ade578efa1b583d8888c81613b2a0b8938f79b6f
candidate,r1,loot-crate,144028,7,50,0.14,0,400,0,0.24015903472900363,0.4858970642089844,fa7e2eb0de89890544b3688b6e0f7c94f125a91bf063d16c293d33f4f049fc46,True,0.23727416992187494,1.039743423461914,fa7e2eb0de89890544b3688b6e0f7c94f125a91bf063d16c293d33f4f049fc46
candidate,r1,loot-crate,144029,11,50,0.22,0,400,0,0.2493381500244139,0.6949901580810547,c3dcebeecc8075ff9ef17ed664f7d510ba1af29a8ae95c7c9591d401b81c44bf,True,0.46888589859008734,0.9350776672363281,c3dcebeecc8075ff9ef17ed664f7d510ba1af29a8ae95c7c9591d401b81c44bf
candidate,r1,loot-crate,144030,0,50,0.0,0,400,0,0.2155542373657222,0.45371055603027344,c6f1ed5ef29ed05c87a7ee6127f103fc29662ce7690bed790f30ace0d2137384,True,0.18906593322753906,0.41103363037109375,c6f1ed5ef29ed05c87a7ee6127f103fc29662ce7690bed790f30ace0d2137384
candidate,r1,loot-crate,144031,8,50,0.16,0,400,0,0.22603273391723633,0.7040500640869141,8b2e475d73416541d1d41402e7cefe2f104d4dd67da90dfbb1d5d1fe318ffa95,True,0.3578782081604004,0.9138584136962891,8b2e475d73416541d1d41402e7cefe2f104d4dd67da90dfbb1d5d1fe318ffa95
candidate,r1,loot-crate,144032,7,50,0.14,0,400,0,0.3122806549072264,1.055002212524414,2e28b4bc9129001580c377b5dfa87c726629d08cfef54e1b3678394c4d507874,True,0.22101402282714844,0.7851123809814453,2e28b4bc9129001580c377b5dfa87c726629d08cfef54e1b3678394c4d507874
candidate,r1,loot-crate,144033,0,50,0.0,0,400,0,0.4533767700195307,2.2552013397216797,caa0b37960d4db0de174947836cd649cb676a45c62e318824ed0956af5df050c,True,0.19227266311645477,0.6968975067138672,caa0b37960d4db0de174947836cd649cb676a45c62e318824ed0956af5df050c
candidate,r1,loot-crate,144034,0,50,0.0,0,400,0,0.4454612731933591,0.8742809295654297,61269a370a4be827cff42c76362bd4934836cb148a8076e0fba2be6274e8c679,True,0.23937225341796853,0.4947185516357422,61269a370a4be827cff42c76362bd4934836cb148a8076e0fba2be6274e8c679
candidate,r1,loot-crate,144035,22,50,0.44,0,400,0,0.3782510757446286,1.02996826171875,1df5de52c19cf894a64b5d0c7bdbaba7f1b2ab2842c5f7ad17d887eabf6cb97b,True,0.28125047683715804,0.6899833679199219,1df5de52c19cf894a64b5d0c7bdbaba7f1b2ab2842c5f7ad17d887eabf6cb97b
candidate,r1,loot-crate,144036,11,50,0.22,0,400,0,0.21132230758666984,0.6470680236816406,56db7443a922271bde7c8e995ef5583c62fdd5c9be25209d82116715918ccb0f,True,0.606834888458252,1.898050308227539,56db7443a922271bde7c8e995ef5583c62fdd5c9be25209d82116715918ccb0f
candidate,r1,loot-crate,144037,15,50,0.3,0,400,0,0.27589797973632807,0.5478858947753906,a00a34dcaaa981e83a0a913afc1f0675e0607b768927185d0f7a7a2449ed9ca5,True,0.6055474281311023,1.9419193267822266,a00a34dcaaa981e83a0a913afc1f0675e0607b768927185d0f7a7a2449ed9ca5
candidate,r1,loot-crate,144038,0,50,0.0,0,400,0,0.1590251922607422,0.41222572326660156,14c52f0cb3553df13e775d76df4a44d0c64ab223605a51f1ebe474c51a94cb7d,True,0.3622651100158688,1.100778579711914,14c52f0cb3553df13e775d76df4a44d0c64ab223605a51f1ebe474c51a94cb7d
candidate,r1,loot-crate,144039,29,50,0.58,0,400,0,0.3153085708618161,1.0700225830078125,007a24fa4c75b012ed21efbe483d45aa5b43e10b89e15230ca0edf544c90ed11,True,0.298178195953369,0.6546974182128906,007a24fa4c75b012ed21efbe483d45aa5b43e10b89e15230ca0edf544c90ed11
candidate,r1,loot-crate,144040,5,50,0.1,0,400,0,0.22616386413574205,2.937793731689453,84cafd78a82a0254be158c5c1d7a2fc8c6501bed9b56264578365d7c125f31e5,True,0.23421049118041962,0.4951953887939453,84cafd78a82a0254be158c5c1d7a2fc8c6501bed9b56264578365d7c125f31e5
candidate,r2,classic,142001,0,9,0.0,0,400,0,0.1709580421447754,0.9610652923583984,15894585b90d79850524b0391f044afb715904470e38501c0063a1bce86f3468,True,0.21009445190429682,0.7128715515136719,15894585b90d79850524b0391f044afb715904470e38501c0063a1bce86f3468
candidate,r2,classic,142002,0,9,0.0,0,400,0,0.18402338027954082,0.2970695495605469,cffce52b8ae05fd83ad8f2561c7784ec0e90666b31820689cdae9fa487ff2f00,True,0.2620935440063474,0.6327629089355469,cffce52b8ae05fd83ad8f2561c7784ec0e90666b31820689cdae9fa487ff2f00
candidate,r2,classic,142003,0,9,0.0,0,400,0,0.1473069190979002,0.3669261932373047,3c1f48404de9c77e5ee29a41646ddecba720e6df8a61bca09357b2af56c2e0f1,True,0.331330299377441,0.9429454803466797,3c1f48404de9c77e5ee29a41646ddecba720e6df8a61bca09357b2af56c2e0f1
candidate,r2,classic,142004,0,9,0.0,0,400,0,0.3297448158264151,1.1241436004638672,be8812f6ac82cb612c6b8a54d502dc76586bd803d9a3a7f1f004050ee92fb612,True,0.28277635574340776,0.6718635559082031,be8812f6ac82cb612c6b8a54d502dc76586bd803d9a3a7f1f004050ee92fb612
candidate,r2,classic,142005,5,9,0.5555555555555556,0,400,0,0.3113508224487301,0.9131431579589844,e43f4b33dca9f3dd8a8e8735e7b4e10676aabd8e227c13f65b2c504ebe31e960,True,0.44718980789184554,0.6749629974365234,e43f4b33dca9f3dd8a8e8735e7b4e10676aabd8e227c13f65b2c504ebe31e960
candidate,r2,classic,142006,1,9,0.1111111111111111,0,400,0,0.20323991775512684,1.2631416320800781,a8d2a112ab4125619f3d4b0273a68152b376090a5c6ae8c4d4ee1e5a8120d851,True,0.33318996429443326,0.8611679077148438,a8d2a112ab4125619f3d4b0273a68152b376090a5c6ae8c4d4ee1e5a8120d851
candidate,r2,classic,142007,1,9,0.1111111111111111,0,400,0,0.164031982421875,0.5581378936767578,1cfbef53091ceb84a3461f1f32c874e0c26b47dddc52e56bbf4c96e3cb21974a,True,0.284278392791748,0.6289482116699219,1cfbef53091ceb84a3461f1f32c874e0c26b47dddc52e56bbf4c96e3cb21974a
candidate,r2,classic,142008,0,9,0.0,0,400,0,0.1832127571105956,0.5040168762207031,e755e8d69c73f379d5169287a24242ef594ac8d76d716ad8755b57e57452e18c,True,0.22175312042236284,0.5471706390380859,e755e8d69c73f379d5169287a24242ef594ac8d76d716ad8755b57e57452e18c
candidate,r2,classic,142009,0,9,0.0,0,400,0,0.1572608947753905,0.41556358337402344,84cc84e31f037898d2d4ebb5f6f084847366100f83c510a2feefbb57b8e10f51,True,0.2330303192138671,0.4782676696777344,84cc84e31f037898d2d4ebb5f6f084847366100f83c510a2feefbb57b8e10f51
candidate,r2,classic,142010,1,9,0.1111111111111111,0,400,0,0.17216205596923803,0.4239082336425781,ce81c7f178ebd88e51d3c7200da3cfddfdf6e9bef9e9aa1f1f8456105e63e83b,True,0.24834871292114244,0.6010532379150391,ce81c7f178ebd88e51d3c7200da3cfddfdf6e9bef9e9aa1f1f8456105e63e83b
candidate,r2,classic,142011,3,9,0.3333333333333333,0,400,0,0.1759648323059082,0.45490264892578125,12d73c3cb0340fb7392620f0ed0c01e02b9184ce68cc4e4feb740b57f06f118d,True,0.530672073364257,1.2400150299072266,12d73c3cb0340fb7392620f0ed0c01e02b9184ce68cc4e4feb740b57f06f118d
candidate,r2,classic,142012,5,9,0.5555555555555556,0,400,1,1.7072677612304676,7.35783576965332,4256716e0af50e9d2961388d2164affdf0091f12b43bd666d54288908dda1495,True,0.43393373489379883,1.180887222290039,4256716e0af50e9d2961388d2164affdf0091f12b43bd666d54288908dda1495
candidate,r2,classic,142013,2,9,0.2222222222222222,0,400,0,0.824332237243652,3.0488967895507812,ee84284f9fd8ab9c8e4187a5e61d049c412705317f433067eed48f45fc6922db,True,0.2190709114074705,0.5629062652587891,ee84284f9fd8ab9c8e4187a5e61d049c412705317f433067eed48f45fc6922db
candidate,r2,classic,142014,3,9,0.3333333333333333,0,400,0,0.39341449737548784,1.2249946594238281,a961bc88b726b78aa279f68fa89edeaea6fd63c9319dd68069ef52318c438d51,True,0.2492904663085936,0.5183219909667969,a961bc88b726b78aa279f68fa89edeaea6fd63c9319dd68069ef52318c438d51
candidate,r2,classic,142015,1,9,0.1111111111111111,0,400,0,0.26016235351562494,1.6117095947265625,ee2c53d7377a28506d95fad74b205b6c484cc22828fd78fb3e8acc0d36b63855,True,0.23244619369506794,0.7631778717041016,ee2c53d7377a28506d95fad74b205b6c484cc22828fd78fb3e8acc0d36b63855
candidate,r2,classic,142016,2,9,0.2222222222222222,0,400,0,0.23258924484252874,0.7660388946533203,529df5283217106b69ff0bcd6042cb22e9230c157a1573f3cbc8b3639268d6ea,True,0.16614198684692363,0.37598609924316406,529df5283217106b69ff0bcd6042cb22e9230c157a1573f3cbc8b3639268d6ea
candidate,r2,classic,142017,0,9,0.0,0,400,0,0.2871036529541015,1.1839866638183594,36ce046ce992d4e5a39f212a27281e5cd447311e6cbe76aaa0a6f95438669fc7,True,0.24405717849731431,0.6570816040039062,36ce046ce992d4e5a39f212a27281e5cd447311e6cbe76aaa0a6f95438669fc7
candidate,r2,classic,142018,0,9,0.0,0,400,0,0.23698806762695312,0.6091594696044922,eec7efd4d8dd9fa3a92673222c70912ab748571416cf45dfe7bbc0f79513e3f2,True,0.3694891929626463,5.9261322021484375,eec7efd4d8dd9fa3a92673222c70912ab748571416cf45dfe7bbc0f79513e3f2
candidate,r2,classic,142019,3,9,0.3333333333333333,0,400,0,0.23308992385864244,0.5750656127929688,e552aacc76758fe0f7d7e0bba9d078cfada7dda443f40c5994dee5091cd8df7c,True,0.3138184547424316,0.7467269897460938,e552aacc76758fe0f7d7e0bba9d078cfada7dda443f40c5994dee5091cd8df7c
candidate,r2,classic,142020,0,9,0.0,0,400,0,0.21706819534301747,0.7128715515136719,dde4c610d1039a32a8b9319e6e0c01c24e29649ca71b9c00edf955e222a3aaff,True,0.2351641654968261,0.4508495330810547,dde4c610d1039a32a8b9319e6e0c01c24e29649ca71b9c00edf955e222a3aaff
candidate,r2,classic,142021,8,9,0.8888888888888888,0,400,0,0.28593540191650385,1.2371540069580078,ac9e7c033aa75074f3a38c95036a3506e8ae24f1b91ed5b6b933d470485db205,True,0.2655863761901849,0.7541179656982422,ac9e7c033aa75074f3a38c95036a3506e8ae24f1b91ed5b6b933d470485db205
candidate,r2,classic,142022,0,9,0.0,0,400,0,0.1690506935119629,0.347137451171875,41528b5c4dde741bfea9b380d1b92a9f4fc2ebfad607724bd0a6f222177365e9,True,0.17033815383911102,0.9260177612304688,41528b5c4dde741bfea9b380d1b92a9f4fc2ebfad607724bd0a6f222177365e9
candidate,r2,classic,142023,0,9,0.0,0,400,0,0.1848936080932616,0.4131793975830078,eec7efd4d8dd9fa3a92673222c70912ab748571416cf45dfe7bbc0f79513e3f2,True,0.16117095947265625,0.4322528839111328,eec7efd4d8dd9fa3a92673222c70912ab748571416cf45dfe7bbc0f79513e3f2
candidate,r2,classic,142024,1,9,0.1111111111111111,1,28,0,0.5813002586364743,0.9748935699462891,8a3324be4b5431d654ef2a35fe2ca771e423064a8d98e8cd0cc4fd096dc97f81,True,0.3392696380615233,0.40984153747558594,8a3324be4b5431d654ef2a35fe2ca771e423064a8d98e8cd0cc4fd096dc97f81
candidate,r2,classic,142025,5,9,0.5555555555555556,0,400,1,0.896883010864257,2.6149749755859375,efcc0018571cc4b9071af80d72b0383be180d6cb4f56deecc5276f0d88c10870,True,0.21536350250244113,0.4601478576660156,efcc0018571cc4b9071af80d72b0383be180d6cb4f56deecc5276f0d88c10870
candidate,r2,classic,142026,0,9,0.0,0,400,0,0.48820972442626914,1.7740726470947266,eec7efd4d8dd9fa3a92673222c70912ab748571416cf45dfe7bbc0f79513e3f2,True,0.25629997253417947,0.8089542388916016,eec7efd4d8dd9fa3a92673222c70912ab748571416cf45dfe7bbc0f79513e3f2
candidate,r2,classic,142027,3,9,0.3333333333333333,0,400,0,0.29329061508178705,0.9987354278564453,21101ed020f912ed4406dd3afc595c3f76699c3ed94dedb5acfb7aac70ce546b,True,0.2103686332702636,0.5152225494384766,21101ed020f912ed4406dd3afc595c3f76699c3ed94dedb5acfb7aac70ce546b
candidate,r2,classic,142028,4,9,0.4444444444444444,0,400,0,0.2899169921875,1.6880035400390625,58f702d89f1c072e886e09e9de4c52c2a79328e4379381470765f730ce21cae7,True,0.19030570983886694,0.4260540008544922,58f702d89f1c072e886e09e9de4c52c2a79328e4379381470765f730ce21cae7
candidate,r2,classic,142029,0,9,0.0,0,400,0,0.2928614616394036,1.712799072265625,be6da109130cbab95f0736d77e6f8c2b104fcb96eb9ecda53f3060832d10276d,True,0.18202066421508778,0.5950927734375,be6da109130cbab95f0736d77e6f8c2b104fcb96eb9ecda53f3060832d10276d
candidate,r2,classic,142030,0,9,0.0,0,400,0,0.35420656204223616,1.0418891906738281,4adfc57cd2d08d7e9eb6db8d7b0898c7e06fed6af746d6cd84fd9ce3554730f2,True,0.2002954483032222,0.5488395690917969,4adfc57cd2d08d7e9eb6db8d7b0898c7e06fed6af746d6cd84fd9ce3554730f2
candidate,r2,classic,142031,2,9,0.2222222222222222,0,400,0,0.32707452774047835,0.6189346313476562,2b1be64dc8675afe19326ab32092b655812ee6b667c84f4925a6a7c5159107ca,True,0.3034830093383785,1.1310577392578125,2b1be64dc8675afe19326ab32092b655812ee6b667c84f4925a6a7c5159107ca
candidate,r2,classic,142032,0,9,0.0,0,400,0,0.1732945442199705,0.5390644073486328,c411c5b0f67899e712a9d0e9644ede3ed1829f17f77f13cf0fb510043ea89751,True,0.31248331069946256,1.5070438385009766,c411c5b0f67899e712a9d0e9644ede3ed1829f17f77f13cf0fb510043ea89751
candidate,r2,classic,142033,3,9,0.3333333333333333,0,400,0,0.33656358718872037,1.3933181762695312,51efb5e2fa3d346b681344b8355bc34710a1428d81bbc689bdc035fe478b95a8,True,0.5109786987304688,1.119852066040039,51efb5e2fa3d346b681344b8355bc34710a1428d81bbc689bdc035fe478b95a8
candidate,r2,classic,142034,1,9,0.1111111111111111,0,400,0,0.31031370162963834,2.2687911987304688,4be137963e70be196798f946131674e5f7ae4fbbe415e49f1f0373e9ff6708fc,True,0.48152208328247037,1.0750293731689453,4be137963e70be196798f946131674e5f7ae4fbbe415e49f1f0373e9ff6708fc
candidate,r2,classic,142035,1,9,0.1111111111111111,0,400,0,0.2830028533935547,0.8089542388916016,62e82bfcf2cebe23f393db6bb4ba89672617f9eb51bdf866e0e7d313f64b926f,True,0.19426345825195296,0.7560253143310547,62e82bfcf2cebe23f393db6bb4ba89672617f9eb51bdf866e0e7d313f64b926f
candidate,r2,classic,142036,5,9,0.5555555555555556,0,400,0,0.269198417663574,0.5598068237304688,e39a85f84954c3e65be848abdc19cbdec38e4a6e8b8e40cb29bab8716ae772ec,True,0.31607151031494124,0.7009506225585938,e39a85f84954c3e65be848abdc19cbdec38e4a6e8b8e40cb29bab8716ae772ec
candidate,r2,classic,142037,2,9,0.2222222222222222,1,124,0,0.8439540863037108,1.3518333435058594,63869cb96a3339fd9e7db21d8d779dfa7b4529a6f4d1dd179d826ea5c47deb93,True,0.37202835083007807,0.7810592651367188,63869cb96a3339fd9e7db21d8d779dfa7b4529a6f4d1dd179d826ea5c47deb93
candidate,r2,classic,142038,0,9,0.0,0,400,0,0.621163845062255,1.4503002166748047,598b10aebd54893be7d0ab34eac2a0dd3199ac99fd3320ddae21310f6ae9a055,True,0.19108057022094715,0.6189346313476562,598b10aebd54893be7d0ab34eac2a0dd3199ac99fd3320ddae21310f6ae9a055
candidate,r2,classic,142039,1,9,0.1111111111111111,1,79,0,0.6712198257446288,1.2118816375732422,bf965af16b7766c954081cd5582b3b398da10c21266bd872e032e4b3bbc8d86e,True,0.1855850219726559,0.3561973571777344,bf965af16b7766c954081cd5582b3b398da10c21266bd872e032e4b3bbc8d86e
candidate,r2,classic,142040,0,9,0.0,0,400,0,0.3770351409912108,0.66375732421875,f38e577ff5ff26917cd6b6a1e0acaa2923f8d4ed874270dc7bf42a1b8f3eaea7,True,0.1652240753173828,0.7238388061523438,f38e577ff5ff26917cd6b6a1e0acaa2923f8d4ed874270dc7bf42a1b8f3eaea7
candidate,r2,coin-heaven,143001,50,50,1.0,0,125,0,0.19702911376953122,0.3287792205810547,893203d39d221590aaeea14b9c94cf453d48dfb9b6af6db798931e56f6f0eef9,True,0.3486156463623047,0.8218288421630859,893203d39d221590aaeea14b9c94cf453d48dfb9b6af6db798931e56f6f0eef9
candidate,r2,coin-heaven,143002,50,50,1.0,0,127,0,1.2002944946289047,10.629892349243164,fc0879230590abd194b65a5ce2e63de3bec2133dc8e201364820f431014fa8c3,True,0.2445459365844726,0.6198883056640625,fc0879230590abd194b65a5ce2e63de3bec2133dc8e201364820f431014fa8c3
candidate,r2,coin-heaven,143003,50,50,1.0,0,129,0,0.6155967712402342,2.029895782470703,9b28690f4dfc420fb30b73bd5cb1dc922ef6904c2948de5fa1b0a8c8e6220043,True,0.22497177124023432,0.32591819763183594,9b28690f4dfc420fb30b73bd5cb1dc922ef6904c2948de5fa1b0a8c8e6220043
candidate,r2,coin-heaven,143004,50,50,1.0,0,119,0,0.49107074737548817,1.6257762908935547,8d62a5e36eac89a2ecbcf038e25f3b325b4794ec527e815a9165f800de11b060,True,0.20618438720703114,0.3032684326171875,8d62a5e36eac89a2ecbcf038e25f3b325b4794ec527e815a9165f800de11b060
candidate,r2,coin-heaven,143005,50,50,1.0,0,123,0,0.7304668426513672,1.8849372863769531,141a4d1e9f1d25380ec980c07956fc0d9bd768f03c4e5ec69a81fc7e9044abb9,True,0.21166801452636716,0.9310245513916016,141a4d1e9f1d25380ec980c07956fc0d9bd768f03c4e5ec69a81fc7e9044abb9
candidate,r2,coin-heaven,143006,50,50,1.0,0,119,0,0.17049312591552732,0.3361701965332031,5f1d41d5de74a1c9ffd93e32e778feec0b965e0ba187d678cdf392d97650ffd4,True,0.19319057464599607,0.3020763397216797,5f1d41d5de74a1c9ffd93e32e778feec0b965e0ba187d678cdf392d97650ffd4
candidate,r2,coin-heaven,143007,50,50,1.0,0,117,0,0.18000602722167963,0.35309791564941406,ab1fa49c5a7b912001d87ff94feb1efc5de7af09cdc99ff7d03ab6f98dd108f8,True,0.27599334716796853,0.4520416259765625,ab1fa49c5a7b912001d87ff94feb1efc5de7af09cdc99ff7d03ab6f98dd108f8
candidate,r2,coin-heaven,143008,50,50,1.0,0,119,0,0.25391578674316406,0.6158351898193359,0702ec8da437fafc3fb9c570a79cb4171a40dd04f65e4a1d111f09f8c4c4cf16,True,0.31983852386474587,0.49114227294921875,0702ec8da437fafc3fb9c570a79cb4171a40dd04f65e4a1d111f09f8c4c4cf16
candidate,r2,coin-heaven,143009,50,50,1.0,0,124,0,0.17230510711669916,0.5478858947753906,1c0f3ee317d930b64d3125a1f05400bf0670c3a877951744b6be8d43ed261508,True,0.32386779785156244,0.5230903625488281,1c0f3ee317d930b64d3125a1f05400bf0670c3a877951744b6be8d43ed261508
candidate,r2,coin-heaven,143010,50,50,1.0,0,113,0,0.2062797546386716,0.4470348358154297,f7ba9ea5ae3f0318046f490f0c9856b64c8860e2a3b2b37404605fbda970574b,True,0.3822803497314451,0.6542205810546875,f7ba9ea5ae3f0318046f490f0c9856b64c8860e2a3b2b37404605fbda970574b
candidate,r2,coin-heaven,143011,50,50,1.0,0,139,0,0.2084255218505859,0.2720355987548828,2a74db96ba96e6a8771fe3cf993aea4ac70aaede2f3da2031466fd0b25e5a705,True,0.6181716918945312,1.2760162353515625,2a74db96ba96e6a8771fe3cf993aea4ac70aaede2f3da2031466fd0b25e5a705
candidate,r2,coin-heaven,143012,50,50,1.0,0,129,0,0.33693313598632807,0.6039142608642578,b12cd6fec9e2e26f1361efd6f53aae666d98dbbfef9001a0fe24cd6089480488,True,0.9202957153320308,1.997232437133789,b12cd6fec9e2e26f1361efd6f53aae666d98dbbfef9001a0fe24cd6089480488
candidate,r2,coin-heaven,143013,50,50,1.0,0,130,0,0.24470090866088862,0.4761219024658203,551ab9bda3035820fc11060adbb7e80be3aace11ac0c3bcfad719f3591b61b5e,True,0.227212905883789,0.4253387451171875,551ab9bda3035820fc11060adbb7e80be3aace11ac0c3bcfad719f3591b61b5e
candidate,r2,coin-heaven,143014,50,50,1.0,0,120,0,0.2920031547546386,0.5419254302978516,78e7c349041f5b213b165dd073a59b5d0c040e8ecdd9ac163681d91637257737,True,0.21109580993652344,0.5362033843994141,78e7c349041f5b213b165dd073a59b5d0c040e8ecdd9ac163681d91637257737
candidate,r2,coin-heaven,143015,50,50,1.0,0,127,0,0.4223346710205074,0.7860660552978516,0e4ece95962be36f0a8ad3dd7ad18d214236eab5dc26e3eb6168bb5dd088e614,True,0.2080917358398436,0.5419254302978516,0e4ece95962be36f0a8ad3dd7ad18d214236eab5dc26e3eb6168bb5dd088e614
candidate,r2,coin-heaven,143016,50,50,1.0,0,129,0,0.36292076110839827,0.5381107330322266,65cd489c024988db0e14ce1f51846ec569db96f1e82de9b808b1ded8056f74d9,True,0.1986980438232421,0.3418922424316406,65cd489c024988db0e14ce1f51846ec569db96f1e82de9b808b1ded8056f74d9
candidate,r2,coin-heaven,143017,50,50,1.0,0,121,0,0.2770423889160156,0.6389617919921875,f52a58eebd9eef24c898c597ebb00e678ab32cd5dc7ebb468c7644fce02abb70,True,0.2720355987548828,0.5970001220703125,f52a58eebd9eef24c898c597ebb00e678ab32cd5dc7ebb468c7644fce02abb70
candidate,r2,coin-heaven,143018,50,50,1.0,0,117,0,0.22029876708984367,0.36406517028808594,1a0568e6476d3cf92a392f5437c77a2d568432bd69c2551062090ebd35c45e26,True,0.2002716064453125,0.40602684020996094,1a0568e6476d3cf92a392f5437c77a2d568432bd69c2551062090ebd35c45e26
candidate,r2,coin-heaven,143019,50,50,1.0,0,105,0,0.2365589141845703,0.5688667297363281,530735a8de15978df8da09097e474954ba3b5873a2b28e0d2ce4bd64ce913cd9,True,0.3609657287597656,0.7238388061523438,530735a8de15978df8da09097e474954ba3b5873a2b28e0d2ce4bd64ce913cd9
candidate,r2,coin-heaven,143020,50,50,1.0,0,132,0,0.27005672454833973,0.43320655822753906,19ce9f2ae55fe263e7d965b9f046a25f05c1e91e15ffea7c67d925aa0a911a70,True,0.24486780166625974,2.2830963134765625,19ce9f2ae55fe263e7d965b9f046a25f05c1e91e15ffea7c67d925aa0a911a70
candidate,r2,coin-heaven,143021,50,50,1.0,0,125,0,0.19516944885253903,0.47516822814941406,65a3c131ad4c946b51635d356a333f505ef0ec8aac88ffed6de1a435802dddb6,True,0.2083778381347656,0.45013427734375,65a3c131ad4c946b51635d356a333f505ef0ec8aac88ffed6de1a435802dddb6
candidate,r2,coin-heaven,143022,50,50,1.0,0,127,0,0.3386974334716795,0.5278587341308594,2fa20c3064d1a22cf491bf13698e653b40f2c76d1e49dd3b148c8b0a6c7833d8,True,0.2694845199584961,0.3368854522705078,2fa20c3064d1a22cf491bf13698e653b40f2c76d1e49dd3b148c8b0a6c7833d8
candidate,r2,coin-heaven,143023,50,50,1.0,0,116,0,0.22232532501220703,0.530242919921875,3351df0b2edc0a485b1c6a2bd43f63e9f8809a23bb8ee479b6be91e5f8330470,True,0.2904534339904785,0.47397613525390625,3351df0b2edc0a485b1c6a2bd43f63e9f8809a23bb8ee479b6be91e5f8330470
candidate,r2,coin-heaven,143024,50,50,1.0,0,135,0,0.25305747985839844,0.6411075592041016,92a4daf7833c3b311169e6b02d086a2de40a463ce20f4bfd390feee96454eb92,True,0.29289722442626953,0.3688335418701172,92a4daf7833c3b311169e6b02d086a2de40a463ce20f4bfd390feee96454eb92
candidate,r2,coin-heaven,143025,50,50,1.0,0,138,0,0.43730735778808605,1.2230873107910156,a06806394dbd7d78f885163fea063caa299f9e0016e8a0817ee8bf32c2709af0,True,0.234675407409668,0.7112026214599609,a06806394dbd7d78f885163fea063caa299f9e0016e8a0817ee8bf32c2709af0
candidate,r2,coin-heaven,143026,50,50,1.0,0,135,0,0.9262084960937498,6.995201110839844,2289420a3acf1b10a4d7c5c1964e01e113867e01bed410ad4906a7fbd7a4bf52,True,0.27496814727783203,0.3619194030761719,2289420a3acf1b10a4d7c5c1964e01e113867e01bed410ad4906a7fbd7a4bf52
candidate,r2,coin-heaven,143027,50,50,1.0,0,112,0,0.5435109138488767,1.377105712890625,c6d9cbc0fc66db7b255379e67845c39ad2cebde25955f71c78fa4b6fe3d20932,True,0.23860931396484375,0.3399848937988281,c6d9cbc0fc66db7b255379e67845c39ad2cebde25955f71c78fa4b6fe3d20932
candidate,r2,coin-heaven,143028,50,50,1.0,0,120,0,0.5527496337890625,0.8699893951416016,c896e8dce02240db6bbf5c309c72ec00fb13f0188caa50c7cd37a86535478fa1,True,0.19448995590209953,0.27179718017578125,c896e8dce02240db6bbf5c309c72ec00fb13f0188caa50c7cd37a86535478fa1
candidate,r2,coin-heaven,143029,50,50,1.0,0,138,0,0.49510002136230474,0.6639957427978516,e4e1f1f0383777c5111cb2e2d3c55ba4a05e71489159f1cd331574ee1199eae2,True,0.4387497901916506,1.0919570922851562,e4e1f1f0383777c5111cb2e2d3c55ba4a05e71489159f1cd331574ee1199eae2
candidate,r2,coin-heaven,143030,50,50,1.0,0,127,0,0.2587318420410154,0.41294097900390625,f154f0395246ee8f3163bb9b381c7741e17b4f60c5430e5f2092f5c34070e1f4,True,0.30128955841064414,0.6048679351806641,f154f0395246ee8f3163bb9b381c7741e17b4f60c5430e5f2092f5c34070e1f4
candidate,r2,coin-heaven,143031,50,50,1.0,0,115,0,0.22313594818115223,0.4971027374267578,0987a91e69d0aac3f593ddd2865fd72bbeacae256e509535d9ffa8c9d71803d3,True,0.3754615783691406,0.6589889526367188,0987a91e69d0aac3f593ddd2865fd72bbeacae256e509535d9ffa8c9d71803d3
candidate,r2,coin-heaven,143032,50,50,1.0,0,133,0,0.3371238708496092,0.6189346313476562,928eca6ad1a23b9c57271f877c738e0aa31cd985284291635ecdaf9518933780,True,0.3206253051757812,0.5140304565429688,928eca6ad1a23b9c57271f877c738e0aa31cd985284291635ecdaf9518933780
candidate,r2,coin-heaven,143033,50,50,1.0,0,125,0,0.22954940795898432,0.7660388946533203,813b92b44b492252bb9441dc61356ef04c8bea7f257f5819805b25b331472241,True,0.27246475219726557,0.4088878631591797,813b92b44b492252bb9441dc61356ef04c8bea7f257f5819805b25b331472241
candidate,r2,coin-heaven,143034,50,50,1.0,0,135,0,0.24998188018798825,0.4849433898925781,a0c3b96ddf356f20a485d4d614fd51c54eba7795052bd8c21fa3a852e87bd780,True,0.20596981048583984,0.3757476806640625,a0c3b96ddf356f20a485d4d614fd51c54eba7795052bd8c21fa3a852e87bd780
candidate,r2,coin-heaven,143035,50,50,1.0,0,122,0,0.3139019012451172,0.5366802215576172,b4a572b4a0b3591e5f7394b4d4fab03f9eb7500cdcae3a3025c3ff41ed064220,True,0.31991004943847656,0.4878044128417969,b4a572b4a0b3591e5f7394b4d4fab03f9eb7500cdcae3a3025c3ff41ed064220
candidate,r2,coin-heaven,143036,50,50,1.0,0,115,0,0.3129243850708007,0.5640983581542969,ae5b5e6ac306ed6e3f9d43edb3ca983c2b45e7db5a0e78d2ecbe53f5b60e42ed,True,0.29251575469970703,0.4069805145263672,ae5b5e6ac306ed6e3f9d43edb3ca983c2b45e7db5a0e78d2ecbe53f5b60e42ed
candidate,r2,coin-heaven,143037,50,50,1.0,0,138,0,0.20296573638916038,0.3941059112548828,8f4693720ed55baa6cbfecb218ccdfd8871c81f203466eb4771156c86f50dd1b,True,0.25047063827514654,0.3159046173095703,8f4693720ed55baa6cbfecb218ccdfd8871c81f203466eb4771156c86f50dd1b
candidate,r2,coin-heaven,143038,50,50,1.0,0,134,0,0.34847259521484375,0.4401206970214844,9812baa69bbe94870978eefadf4a50c7c2a32390f8f57b3ce21390bf96b73f4e,True,0.3283977508544922,0.7998943328857422,9812baa69bbe94870978eefadf4a50c7c2a32390f8f57b3ce21390bf96b73f4e
candidate,r2,coin-heaven,143039,50,50,1.0,0,129,0,0.3338336944580076,0.45800209045410156,00631c90bd67dcf32f0c640298cb768ef15295ec7543c0a9e70e06501e16e997,True,0.24285316467285153,0.3972053527832031,00631c90bd67dcf32f0c640298cb768ef15295ec7543c0a9e70e06501e16e997
candidate,r2,coin-heaven,143040,50,50,1.0,0,119,0,0.43504238128662076,1.2431144714355469,830e9d04a592023fcf7f8492d4c92ceae573c5c3682e842d7ac60872aafbff86,True,0.5691766738891602,1.7669200897216797,830e9d04a592023fcf7f8492d4c92ceae573c5c3682e842d7ac60872aafbff86
candidate,r2,loot-crate,144001,2,50,0.04,1,34,0,0.46077966690063477,0.47206878662109375,df81658ced7af4ddbf5d70e749f3dd97c13a47ac550ffdd672507be8041ef763,True,0.9563088417053216,1.2941360473632812,df81658ced7af4ddbf5d70e749f3dd97c13a47ac550ffdd672507be8041ef763
candidate,r2,loot-crate,144002,14,50,0.28,0,400,0,0.4099607467651366,2.012014389038086,4ab1cb3b4b30c156aa19b4e28fc19a1b99654e0bb616a5c6a5659262b4431a3e,True,0.9057760238647454,5.142927169799805,4ab1cb3b4b30c156aa19b4e28fc19a1b99654e0bb616a5c6a5659262b4431a3e
candidate,r2,loot-crate,144003,0,50,0.0,0,400,0,0.19718408584594704,0.41484832763671875,eec7efd4d8dd9fa3a92673222c70912ab748571416cf45dfe7bbc0f79513e3f2,True,0.190317630767822,1.1200904846191406,eec7efd4d8dd9fa3a92673222c70912ab748571416cf45dfe7bbc0f79513e3f2
candidate,r2,loot-crate,144004,4,50,0.08,1,51,0,0.46706199645996094,0.5958080291748047,f547eb89a0cd5f0ba8e2119df08e16d366e931bbab2a6246ebce628245c30434,True,0.26094913482666016,0.40793418884277344,f547eb89a0cd5f0ba8e2119df08e16d366e931bbab2a6246ebce628245c30434
candidate,r2,loot-crate,144005,37,50,0.74,0,400,0,0.7110118865966797,1.8000602722167969,32881425c0d9c7dde90725901456cc73c45ba294f0135ee9985ce9579e1ae878,True,0.3351807594299315,1.3780593872070312,32881425c0d9c7dde90725901456cc73c45ba294f0135ee9985ce9579e1ae878
candidate,r2,loot-crate,144006,2,50,0.04,0,400,0,0.43110847473144526,0.9140968322753906,8036f55b81e4af78193d8d6067f0e9645eef47c57e4ca765814d42ca3d4c75bf,True,0.24778842926025318,0.7402896881103516,8036f55b81e4af78193d8d6067f0e9645eef47c57e4ca765814d42ca3d4c75bf
candidate,r2,loot-crate,144007,0,50,0.0,0,400,0,0.17318725585937492,0.6339550018310547,41528b5c4dde741bfea9b380d1b92a9f4fc2ebfad607724bd0a6f222177365e9,True,0.32138824462890603,0.9877681732177734,41528b5c4dde741bfea9b380d1b92a9f4fc2ebfad607724bd0a6f222177365e9
candidate,r2,loot-crate,144008,0,50,0.0,0,400,0,0.19006729125976557,0.5209445953369141,27bab169e991d89f42f85218ec0464955bbc649746784d57f5beb7d71360cb53,True,0.3151774406433097,1.3213157653808594,27bab169e991d89f42f85218ec0464955bbc649746784d57f5beb7d71360cb53
candidate,r2,loot-crate,144009,9,50,0.18,0,400,0,0.23522377014160142,0.47087669372558594,47eea17c74c32be4868c3f8bf0745c91ab0478efc2288a489573ce9404b4f750,True,0.3292202949523924,0.7140636444091797,47eea17c74c32be4868c3f8bf0745c91ab0478efc2288a489573ce9404b4f750
candidate,r2,loot-crate,144010,16,50,0.32,0,400,0,0.30375719070434526,0.6897449493408203,da0930388145e5062e2ea30f199d861aaaaafdb76f422dcc9bbdc9804b59948e,True,0.7782220840454099,2.0067691802978516,da0930388145e5062e2ea30f199d861aaaaafdb76f422dcc9bbdc9804b59948e
candidate,r2,loot-crate,144011,8,50,0.16,1,75,0,0.29036998748779297,0.37598609924316406,a1fe81fef30d503e1c03f3fecb22acb2f06f63c2195e1f2c25b46b6a97cf3e3d,True,0.6963968276977536,1.1131763458251953,a1fe81fef30d503e1c03f3fecb22acb2f06f63c2195e1f2c25b46b6a97cf3e3d
candidate,r2,loot-crate,144012,0,50,0.0,0,400,0,0.1852750778198242,0.4200935363769531,6cbed3ec34236394768879cbc3f2f630be0543fad77ad225ec7df76c0c875ade,True,0.5496263504028316,1.4379024505615234,6cbed3ec34236394768879cbc3f2f630be0543fad77ad225ec7df76c0c875ade
candidate,r2,loot-crate,144013,17,50,0.34,0,400,0,0.33881664276123047,0.8618831634521484,2534abf559d8eb10d7caefce402d83e5305934cb72b1e9fb9a951c250e925679,True,0.3322124481201171,0.682830810546875,2534abf559d8eb10d7caefce402d83e5305934cb72b1e9fb9a951c250e925679
candidate,r2,loot-crate,144014,2,50,0.04,0,400,0,0.18708705902099595,0.45800209045410156,297aa530d96f2f49f6437c75fe32f4583e543e09c84b64277270a8569a4370d7,True,0.32404661178588845,0.6382465362548828,297aa530d96f2f49f6437c75fe32f4583e543e09c84b64277270a8569a4370d7
candidate,r2,loot-crate,144015,1,50,0.02,0,400,0,0.23461580276489213,0.5202293395996094,bf3347b06fb2d26017a9fe781e75c508220941b028b611762240e788e4431f94,True,0.19516944885253873,0.9660720825195312,bf3347b06fb2d26017a9fe781e75c508220941b028b611762240e788e4431f94
candidate,r2,loot-crate,144016,15,50,0.3,0,400,0,0.38604736328124994,1.001119613647461,685c594d51030176b99cabdc366ab48ae1786918d874e8b76f07ef4aeb2c803f,True,0.35083293914794844,1.1789798736572266,685c594d51030176b99cabdc366ab48ae1786918d874e8b76f07ef4aeb2c803f
candidate,r2,loot-crate,144017,17,50,0.34,0,400,0,0.719034671783447,2.5131702423095703,8136b49bc7931e05eff67ca53b3507fa9a8b4aa39f3bf9ce314c3cca5b6cc3a5,True,0.32317638397216764,1.0123252868652344,8136b49bc7931e05eff67ca53b3507fa9a8b4aa39f3bf9ce314c3cca5b6cc3a5
candidate,r2,loot-crate,144018,33,50,0.66,0,400,0,0.7490277290344228,1.6109943389892578,4939e14e4ef9363c759836741824ba3b400780da5a9bbaff2181718244463f45,True,0.2960324287414549,1.689910888671875,4939e14e4ef9363c759836741824ba3b400780da5a9bbaff2181718244463f45
candidate,r2,loot-crate,144019,0,50,0.0,0,400,0,0.33001899719238276,1.093149185180664,9d650f00e0c2c2321db214d1d5f32806cffc35a67cc51512c2f4326b25695392,True,0.42328834533691395,0.6809234619140625,9d650f00e0c2c2321db214d1d5f32806cffc35a67cc51512c2f4326b25695392
candidate,r2,loot-crate,144020,3,50,0.06,0,400,0,0.19905567169189434,0.5249977111816406,ef041c54f5a4484b4b0dd0947e6d7be9bd762029d33501cf378eacfd65225a2e,True,0.19316673278808588,0.6279945373535156,ef041c54f5a4484b4b0dd0947e6d7be9bd762029d33501cf378eacfd65225a2e
candidate,r2,loot-crate,144021,9,50,0.18,0,400,0,0.49707889556884743,1.123189926147461,27c4d3f56efcec0eba78148e203256173632cc832e40acf78ce85c2d139163a9,True,0.3799676895141594,0.7822513580322266,27c4d3f56efcec0eba78148e203256173632cc832e40acf78ce85c2d139163a9
candidate,r2,loot-crate,144022,11,50,0.22,0,400,0,0.38822889328002924,1.1997222900390625,eae71374bfebf03eba49f9e84c1d91c06b4c56de9a8f4e3266c79ddaf11e014d,True,0.25129318237304665,0.7829666137695312,eae71374bfebf03eba49f9e84c1d91c06b4c56de9a8f4e3266c79ddaf11e014d
candidate,r2,loot-crate,144023,12,50,0.24,0,400,0,0.30828714370727517,0.7498264312744141,1b63ed58e4b16d1872b0cfb64de2f3245518a595be810a17a7c1f7a4f5ba8a2c,True,0.2592444419860837,0.640869140625,1b63ed58e4b16d1872b0cfb64de2f3245518a595be810a17a7c1f7a4f5ba8a2c
candidate,r2,loot-crate,144024,5,50,0.1,0,400,0,0.5044341087341294,1.1248588562011719,dd69e477a73e6dcbf560521e778cba1c5fe58ce75d041963ed02a3aa634bb503,True,0.23218393325805645,0.6897449493408203,dd69e477a73e6dcbf560521e778cba1c5fe58ce75d041963ed02a3aa634bb503
candidate,r2,loot-crate,144025,23,50,0.46,0,400,0,0.5884885787963863,1.0619163513183594,7b167b997b9610e23ee033d9ceae05de9296fc39804fdf32a8f288a8ed4873ac,True,0.28597116470336903,1.1088848114013672,7b167b997b9610e23ee033d9ceae05de9296fc39804fdf32a8f288a8ed4873ac
candidate,r2,loot-crate,144026,7,50,0.14,0,400,0,0.2959251403808593,0.5886554718017578,f1542bb00e8166d742c0e2dd64fec32a18fb9a28f68225675224d1b98ec1e17c,True,0.32620429992675776,0.9839534759521484,f1542bb00e8166d742c0e2dd64fec32a18fb9a28f68225675224d1b98ec1e17c
candidate,r2,loot-crate,144027,0,50,0.0,0,400,0,0.2378582954406737,0.9353160858154297,206938656e78e3c07496e3bbe3b3238455d316020519ffb2df60376b7ca5676f,True,0.42610168457031244,0.8876323699951172,206938656e78e3c07496e3bbe3b3238455d316020519ffb2df60376b7ca5676f
candidate,r2,loot-crate,144028,7,50,0.14,1,97,0,0.3672599792480463,0.7009506225585938,37e25235bd09839b27e0f32a84e38efb25e065c1936df8d9dd52e51e4680d3bc,True,0.39439201354980397,0.5700588226318359,37e25235bd09839b27e0f32a84e38efb25e065c1936df8d9dd52e51e4680d3bc
candidate,r2,loot-crate,144029,2,50,0.04,0,400,0,0.33847093582153287,0.6859302520751953,448bdc51fa6b662a0ab600526797706ddf3859a9f83f0b80a63791f60d265a6e,True,0.21424293518066392,0.4169940948486328,448bdc51fa6b662a0ab600526797706ddf3859a9f83f0b80a63791f60d265a6e
candidate,r2,loot-crate,144030,0,50,0.0,0,400,0,0.36005973815917963,0.5688667297363281,41528b5c4dde741bfea9b380d1b92a9f4fc2ebfad607724bd0a6f222177365e9,True,0.2031803131103515,0.3521442413330078,41528b5c4dde741bfea9b380d1b92a9f4fc2ebfad607724bd0a6f222177365e9
candidate,r2,loot-crate,144031,5,50,0.1,0,400,0,0.2475023269653316,0.7309913635253906,0503a9a9d639d8f7634923a63b194ecbb41641eb369ebcb1e6dbe4f7931f4c39,True,0.21508932113647458,0.4131793975830078,0503a9a9d639d8f7634923a63b194ecbb41641eb369ebcb1e6dbe4f7931f4c39
candidate,r2,loot-crate,144032,0,50,0.0,0,400,0,0.30430555343627924,1.1191368103027344,27bab169e991d89f42f85218ec0464955bbc649746784d57f5beb7d71360cb53,True,0.268256664276123,0.6208419799804688,27bab169e991d89f42f85218ec0464955bbc649746784d57f5beb7d71360cb53
candidate,r2,loot-crate,144033,11,50,0.22,0,400,0,0.44066905975341747,1.0280609130859375,9aaee2a582bc62ce7f76f63340c14938328639764333eb95cc8a3d493a486fe3,True,0.35721063613891574,1.1301040649414062,9aaee2a582bc62ce7f76f63340c14938328639764333eb95cc8a3d493a486fe3
candidate,r2,loot-crate,144034,6,50,0.12,1,106,1,0.48291683197021484,0.6840229034423828,d08b24e380b49a8b4633f7c0ef3b856c6756d9920ba2188cfbed553b79917229,True,0.29462575912475586,0.3330707550048828,d08b24e380b49a8b4633f7c0ef3b856c6756d9920ba2188cfbed553b79917229
candidate,r2,loot-crate,144035,1,50,0.02,0,400,0,0.29711723327636713,0.762939453125,029ca0bd7c0ebe6f7f6aeb8f7ca52ff963d77e8f079557bde0e4c4fa0247109b,True,0.5421876907348631,3.4942626953125,029ca0bd7c0ebe6f7f6aeb8f7ca52ff963d77e8f079557bde0e4c4fa0247109b
candidate,r2,loot-crate,144036,7,50,0.14,0,400,0,0.27371644973754883,0.5490779876708984,a1d86c647102025d9ff7dc304d833a0eda5ee4c36be862551395f21af5da02aa,True,0.5629062652587891,1.6300678253173828,a1d86c647102025d9ff7dc304d833a0eda5ee4c36be862551395f21af5da02aa
candidate,r2,loot-crate,144037,18,50,0.36,0,400,0,0.3905534744262691,0.843048095703125,877e5708f0ed70070c76139aa048b9e6291cfc3b29e090c829a45ad5cd3302ee,True,0.3619194030761719,1.007080078125,877e5708f0ed70070c76139aa048b9e6291cfc3b29e090c829a45ad5cd3302ee
candidate,r2,loot-crate,144038,0,50,0.0,0,400,0,0.26776790618896484,0.4551410675048828,27bab169e991d89f42f85218ec0464955bbc649746784d57f5beb7d71360cb53,True,0.1957535743713379,0.35691261291503906,27bab169e991d89f42f85218ec0464955bbc649746784d57f5beb7d71360cb53
candidate,r2,loot-crate,144039,6,50,0.12,0,400,0,0.3688931465148925,0.6380081176757812,eca16480e3cd64fb953807fdc5d95d831bf25375137e55c4653d16d278420470,True,0.2673268318176267,0.5230903625488281,eca16480e3cd64fb953807fdc5d95d831bf25375137e55c4653d16d278420470
candidate,r2,loot-crate,144040,27,50,0.54,0,400,0,0.32321214675903304,0.7221698760986328,47ce19376ea5a7617282be70c1615264921b6cd6c4b6946aebd44bb4c9bf4403,True,0.3952980041503902,1.1692047119140625,47ce19376ea5a7617282be70c1615264921b6cd6c4b6946aebd44bb4c9bf4403
candidate,r3,classic,142001,1,9,0.1111111111111111,0,400,0,0.26030540466308577,0.6611347198486328,bdbba377ba077fbc76b658bae62724f6625c561287f5b2cf4b5c201278572756,True,0.18138885498046858,0.5559921264648438,bdbba377ba077fbc76b658bae62724f6625c561287f5b2cf4b5c201278572756
candidate,r3,classic,142002,1,9,0.1111111111111111,0,400,0,0.18024444580078103,0.6442070007324219,acd33661c4ff763e704bea5d0f2d0f0bab5196e36a475bd245e7840f0d5d68bb,True,0.19127130508422824,0.6091594696044922,acd33661c4ff763e704bea5d0f2d0f0bab5196e36a475bd245e7840f0d5d68bb
candidate,r3,classic,142003,1,9,0.1111111111111111,0,400,0,0.41170120239257774,0.8199214935302734,60f5c9878e242c75d4f4c9e6f09096628819d0fd795006446749c85038b21c36,True,0.1943588256835935,0.4639625549316406,60f5c9878e242c75d4f4c9e6f09096628819d0fd795006446749c85038b21c36
candidate,r3,classic,142004,1,9,0.1111111111111111,1,35,0,0.4899024963378903,0.5757808685302734,699115e1d3045bcbef8d7b119eca5e6e37e934ad15bd8e5f9698b804b9ac599b,True,0.3408193588256836,0.35262107849121094,699115e1d3045bcbef8d7b119eca5e6e37e934ad15bd8e5f9698b804b9ac599b
candidate,r3,classic,142005,3,9,0.3333333333333333,0,400,0,0.30903816223144526,1.1789798736572266,b7b054c32f13dc5f5b3ae3f650df1cce37ece20de0f130389bf9ace29a9b294c,True,0.28343200683593733,0.4680156707763672,b7b054c32f13dc5f5b3ae3f650df1cce37ece20de0f130389bf9ace29a9b294c
candidate,r3,classic,142006,2,9,0.2222222222222222,0,400,1,0.3151535987854002,0.6041526794433594,1fe7b87950883c74eb1469c5cb2402bfd06fd9ae6c9c1184eff374207f4d1cb5,True,0.2880215644836426,0.6558895111083984,1fe7b87950883c74eb1469c5cb2402bfd06fd9ae6c9c1184eff374207f4d1cb5
candidate,r3,classic,142007,1,9,0.1111111111111111,0,400,0,0.24677515029907227,0.6079673767089844,f057ebec6de2ebcb98bddea39921a6b3da34d4519337b6a789954116bacc219c,True,0.37710666656494124,1.2040138244628906,f057ebec6de2ebcb98bddea39921a6b3da34d4519337b6a789954116bacc219c
candidate,r3,classic,142008,0,9,0.0,0,400,0,0.4432201385498047,0.9949207305908203,1e9561dba027e8536c85d3f72015d94cfc301c75318e8f9fa14a98584fea870d,True,0.2630233764648437,0.7941722869873047,1e9561dba027e8536c85d3f72015d94cfc301c75318e8f9fa14a98584fea870d
candidate,r3,classic,142009,0,9,0.0,0,400,0,0.2941727638244627,0.5559921264648438,16f48a6b94dffd0e7985da0f6a611efcf19757d3d6f088ef19cb10798bd2b4e5,True,0.21510124206542963,0.4680156707763672,16f48a6b94dffd0e7985da0f6a611efcf19757d3d6f088ef19cb10798bd2b4e5
candidate,r3,classic,142010,1,9,0.1111111111111111,0,400,0,0.3972887992858884,1.7237663269042969,689edda1744e15cdaca8592304b10abb8f9c02ced91f5040351938fc97d6b547,True,0.2031445503234861,0.4379749298095703,689edda1744e15cdaca8592304b10abb8f9c02ced91f5040351938fc97d6b547
candidate,r3,classic,142011,3,9,0.3333333333333333,0,400,0,0.37107467651367093,0.8091926574707031,8c39cdf006e1fb416ebde4bf9d5adc00af7c9cb73311e1f937cb65a7557bf0ee,True,0.23331642150878892,0.4620552062988281,8c39cdf006e1fb416ebde4bf9d5adc00af7c9cb73311e1f937cb65a7557bf0ee
candidate,r3,classic,142012,1,9,0.1111111111111111,0,400,0,0.3142833709716792,0.7908344268798828,b55c3dfebbb74d589709855f4bd5829a1889dc36971edef73d8c3d703fd71de1,True,0.9263992309570298,10.390043258666992,b55c3dfebbb74d589709855f4bd5829a1889dc36971edef73d8c3d703fd71de1
candidate,r3,classic,142013,0,9,0.0,0,400,0,0.3065347671508785,0.6010532379150391,9477927d7184f4002c35d266f7fdb982513f9984c2e43893537ffe562ea55597,True,0.23362636566162068,1.0039806365966797,9477927d7184f4002c35d266f7fdb982513f9984c2e43893537ffe562ea55597
candidate,r3,classic,142014,0,9,0.0,0,400,0,0.2330303192138671,0.5450248718261719,11c39c1937d982b685209ede1e3f86c75d6f642569a32d5577717d85f696549c,True,0.1911759376525877,0.4608631134033203,11c39c1937d982b685209ede1e3f86c75d6f642569a32d5577717d85f696549c
candidate,r3,classic,142015,6,9,0.6666666666666666,0,400,0,0.5341529846191405,1.7971992492675781,64be0dedf5f7bd3eedd499f9e14934f371b4927fc0cc57109c0e3f902acd4289,True,0.5533337593078611,1.5790462493896484,64be0dedf5f7bd3eedd499f9e14934f371b4927fc0cc57109c0e3f902acd4289
candidate,r3,classic,142016,3,9,0.3333333333333333,0,400,0,0.6124377250671386,1.4109611511230469,2f897b2b208e069529447930755d33ce4442b4368d6781fb489aff15a4571af4,True,0.19416809082031242,0.4229545593261719,2f897b2b208e069529447930755d33ce4442b4368d6781fb489aff15a4571af4
candidate,r3,classic,142017,0,9,0.0,0,400,0,0.5282402038574209,1.5430450439453125,1eea2ae597ad1472341323c4126ad2a8609ca9a10674352e6a85b0d38661a5d2,True,0.24852752685546844,0.5917549133300781,1eea2ae597ad1472341323c4126ad2a8609ca9a10674352e6a85b0d38661a5d2
candidate,r3,classic,142018,1,9,0.1111111111111111,0,400,0,0.22803544998168934,0.9038448333740234,4faa90f35bdbd9e9ad0e9224de0e5ddb6af6c6de2f50520fb17413df727a0cfb,True,0.2660989761352537,0.8761882781982422,4faa90f35bdbd9e9ad0e9224de0e5ddb6af6c6de2f50520fb17413df727a0cfb
candidate,r3,classic,142019,1,9,0.1111111111111111,0,400,0,0.2580165863037109,0.6208419799804688,af03a97e16ab29fc734425207cdd077e055061c719da0e268f9a88d40fb342f8,True,0.2581238746643065,0.3941059112548828,af03a97e16ab29fc734425207cdd077e055061c719da0e268f9a88d40fb342f8
candidate,r3,classic,142020,1,9,0.1111111111111111,0,400,0,0.20523071289062483,0.43702125549316406,5442d71765dbbd39a6dd56ec670403af8d205b3fe23f7a45bc102c0605975a8d,True,0.5668997764587395,1.5721321105957031,5442d71765dbbd39a6dd56ec670403af8d205b3fe23f7a45bc102c0605975a8d
candidate,r3,classic,142021,1,9,0.1111111111111111,0,400,0,0.2431988716125486,0.5080699920654297,54662e0b3445e2bd2522dd5f6ecf1d4954305fa3e17948387934b5407b803763,True,0.42679309844970637,0.7307529449462891,54662e0b3445e2bd2522dd5f6ecf1d4954305fa3e17948387934b5407b803763
candidate,r3,classic,142022,0,9,0.0,0,400,0,0.1793265342712402,0.5970001220703125,1174d3d6744a336f8d39bbdfa5983a7010319ac7fc95732a677ef754e00f529f,True,0.2412915229797361,0.4677772521972656,1174d3d6744a336f8d39bbdfa5983a7010319ac7fc95732a677ef754e00f529f
candidate,r3,classic,142023,0,9,0.0,0,400,0,0.21524429321289046,0.6148815155029297,acbaa7f9ebbf96446b110f934b7a0e375940091f18299ba9c0ac9892eb1267b2,True,0.24650096893310505,0.45108795166015625,acbaa7f9ebbf96446b110f934b7a0e375940091f18299ba9c0ac9892eb1267b2
candidate,r3,classic,142024,5,9,0.5555555555555556,0,400,0,0.334048271179199,0.7650852203369141,9283c6067fb15e809745adbb2e2d316810aca4b092066f5e9ffc32345c02a39d,True,0.316929817199707,0.8068084716796875,9283c6067fb15e809745adbb2e2d316810aca4b092066f5e9ffc32345c02a39d
candidate,r3,classic,142025,3,9,0.3333333333333333,0,400,0,0.34435987472534174,2.428770065307617,fb2895e18aa09c6f4afb9d348fe3f9e13f60b216004ef1a68420dd1219f5e9e6,True,0.3081679344177243,0.7491111755371094,fb2895e18aa09c6f4afb9d348fe3f9e13f60b216004ef1a68420dd1219f5e9e6
candidate,r3,classic,142026,3,9,0.3333333333333333,0,400,0,0.4609584808349608,1.300811767578125,068be3be050a23451560e52bce41916d7b822bcad8908477767b145f7f0b3578,True,0.2349019050598144,0.6248950958251953,068be3be050a23451560e52bce41916d7b822bcad8908477767b145f7f0b3578
candidate,r3,classic,142027,2,9,0.2222222222222222,0,400,0,0.3858923912048332,2.066373825073242,08441a8c6d1f39f9421b942e73c8d2b10f6ae4f5269631c6a5e6c42d3f3a3ee7,True,0.24400949478149403,0.80108642578125,08441a8c6d1f39f9421b942e73c8d2b10f6ae4f5269631c6a5e6c42d3f3a3ee7
candidate,r3,classic,142028,2,9,0.2222222222222222,0,400,0,0.4392862319946286,0.9558200836181641,d434cee2fd3a0aade77aa65f736361ca0c6dfd0bbe5346a2143c37dad84df7af,True,0.4141449928283689,0.6439685821533203,d434cee2fd3a0aade77aa65f736361ca0c6dfd0bbe5346a2143c37dad84df7af
candidate,r3,classic,142029,0,9,0.0,0,400,0,0.19407272338867188,0.5567073822021484,c1b398d9b855de4d0d053de32ec6d1e25c1898d8fdaa0a7e3d720bbea460f0f7,True,0.43392181396484203,3.225088119506836,c1b398d9b855de4d0d053de32ec6d1e25c1898d8fdaa0a7e3d720bbea460f0f7
candidate,r3,classic,142030,3,9,0.3333333333333333,0,400,0,0.25402307510375965,0.5230903625488281,b5777567ad7840ebddbbd365b54bdf50c7d69bba1d9ac77d61e11894f91601d5,True,0.3167390823364252,0.61798095703125,b5777567ad7840ebddbbd365b54bdf50c7d69bba1d9ac77d61e11894f91601d5
candidate,r3,classic,142031,1,9,0.1111111111111111,0,400,0,0.20886659622192383,0.38123130798339844,a70b8d257c02faddfc16daf79280b5fb460ecc3c652865f57c8df6c7c8cc71e6,True,0.2528429031372069,0.7698535919189453,a70b8d257c02faddfc16daf79280b5fb460ecc3c652865f57c8df6c7c8cc71e6
candidate,r3,classic,142032,0,9,0.0,0,400,0,0.24902820587158192,2.611875534057617,0871d7f8179d87ae0914ab4f6d03c19128063cca8eaa47bc5612fc8d199d0f60,True,0.5809426307678222,1.3289451599121094,0871d7f8179d87ae0914ab4f6d03c19128063cca8eaa47bc5612fc8d199d0f60
candidate,r3,classic,142033,2,9,0.2222222222222222,0,400,0,0.2791523933410643,0.8189678192138672,3f101abe138dd8bcf49d55f9fc258a6cffccfd502c804d8190e2a3374fd35c92,True,0.37609338760375965,0.7371902465820312,3f101abe138dd8bcf49d55f9fc258a6cffccfd502c804d8190e2a3374fd35c92
candidate,r3,classic,142034,2,9,0.2222222222222222,0,400,0,0.2671241760253905,0.5490779876708984,2da6128c98d6d32c2dd65ecae9d6d904c7862ab4422caf192170c21f99780555,True,0.347137451171875,0.6539821624755859,2da6128c98d6d32c2dd65ecae9d6d904c7862ab4422caf192170c21f99780555
candidate,r3,classic,142035,1,9,0.1111111111111111,0,400,0,0.19196271896362302,0.4830360412597656,6295a8fb8b9ad424731b042b8074ee9c7a9218bf3805a7a101ca333d9db50839,True,0.40851831436157193,0.8320808410644531,6295a8fb8b9ad424731b042b8074ee9c7a9218bf3805a7a101ca333d9db50839
candidate,r3,classic,142036,1,9,0.1111111111111111,0,400,0,0.30782222747802734,0.7028579711914062,64e85d96f0ddd67c1b4c8088cd036378b6642a7282596b2ad05924dc5ad94975,True,0.5944848060607907,0.9627342224121094,64e85d96f0ddd67c1b4c8088cd036378b6642a7282596b2ad05924dc5ad94975
candidate,r3,classic,142037,1,9,0.1111111111111111,0,400,0,0.2321362495422362,0.5118846893310547,6f8d05dda531fea03342bbf62bd1ed4f3512f83b09801099b9b67860564b31f6,True,0.32829046249389565,3.008127212524414,6f8d05dda531fea03342bbf62bd1ed4f3512f83b09801099b9b67860564b31f6
candidate,r3,classic,142038,4,9,0.4444444444444444,1,335,0,0.2723455429077149,0.7679462432861328,ae6dbd68241b32002055d20aedc6a1089b87c07ed992dcb478196c93cbf2787a,True,0.23291110992431643,1.0039806365966797,ae6dbd68241b32002055d20aedc6a1089b87c07ed992dcb478196c93cbf2787a
candidate,r3,classic,142039,3,9,0.3333333333333333,0,400,0,0.5989193916320801,1.4171600341796875,49145974d10c4be317a0e5456c55fef729817dfdf63c3214d4edb9043a6039b1,True,0.2663493156433105,0.6010532379150391,49145974d10c4be317a0e5456c55fef729817dfdf63c3214d4edb9043a6039b1
candidate,r3,classic,142040,0,9,0.0,0,400,0,0.45942068099975564,2.488851547241211,bb8e6a25f1d67a337447591340a34008ffafea5e35f96e28e75bccffe506f6b4,True,0.20103454589843744,1.729726791381836,bb8e6a25f1d67a337447591340a34008ffafea5e35f96e28e75bccffe506f6b4
candidate,r3,coin-heaven,143001,50,50,1.0,0,125,0,0.20222663879394528,0.28014183044433594,893203d39d221590aaeea14b9c94cf453d48dfb9b6af6db798931e56f6f0eef9,True,0.22830963134765625,0.3509521484375,893203d39d221590aaeea14b9c94cf453d48dfb9b6af6db798931e56f6f0eef9
candidate,r3,coin-heaven,143002,50,50,1.0,0,127,0,0.35009384155273426,0.6170272827148438,fc0879230590abd194b65a5ce2e63de3bec2133dc8e201364820f431014fa8c3,True,0.2732753753662104,0.57220458984375,fc0879230590abd194b65a5ce2e63de3bec2133dc8e201364820f431014fa8c3
candidate,r3,coin-heaven,143003,50,50,1.0,0,129,0,0.2737522125244139,0.47516822814941406,9b28690f4dfc420fb30b73bd5cb1dc922ef6904c2948de5fa1b0a8c8e6220043,True,0.3282546997070312,0.8139610290527344,9b28690f4dfc420fb30b73bd5cb1dc922ef6904c2948de5fa1b0a8c8e6220043
candidate,r3,coin-heaven,143004,50,50,1.0,0,119,0,0.49765110015869124,0.8060932159423828,8d62a5e36eac89a2ecbcf038e25f3b325b4794ec527e815a9165f800de11b060,True,0.4146575927734374,0.5478858947753906,8d62a5e36eac89a2ecbcf038e25f3b325b4794ec527e815a9165f800de11b060
candidate,r3,coin-heaven,143005,50,50,1.0,0,123,0,0.32656192779541016,0.5900859832763672,141a4d1e9f1d25380ec980c07956fc0d9bd768f03c4e5ec69a81fc7e9044abb9,True,0.37696361541748047,0.8630752563476562,141a4d1e9f1d25380ec980c07956fc0d9bd768f03c4e5ec69a81fc7e9044abb9
candidate,r3,coin-heaven,143006,50,50,1.0,0,119,0,0.3545761108398437,0.5891323089599609,57e5d720353df4f8a22c78cb21107e4ea268b333fec14170ddb1bb11d57f51de,True,0.24733543395996085,0.3948211669921875,57e5d720353df4f8a22c78cb21107e4ea268b333fec14170ddb1bb11d57f51de
candidate,r3,coin-heaven,143007,50,50,1.0,0,117,0,0.18124580383300767,0.33593177795410156,ab1fa49c5a7b912001d87ff94feb1efc5de7af09cdc99ff7d03ab6f98dd108f8,True,0.14152526855468747,0.6780624389648438,ab1fa49c5a7b912001d87ff94feb1efc5de7af09cdc99ff7d03ab6f98dd108f8
candidate,r3,coin-heaven,143008,50,50,1.0,0,119,0,0.2585172653198242,0.8902549743652344,0702ec8da437fafc3fb9c570a79cb4171a40dd04f65e4a1d111f09f8c4c4cf16,True,0.23875236511230466,0.39196014404296875,0702ec8da437fafc3fb9c570a79cb4171a40dd04f65e4a1d111f09f8c4c4cf16
candidate,r3,coin-heaven,143009,50,50,1.0,0,124,0,0.22106170654296853,0.9281635284423828,7a3633dd236e489e8b90a1834254b2cec85874da9ecb36563d28e2b1f1c38b3c,True,0.24533271789550778,0.3859996795654297,7a3633dd236e489e8b90a1834254b2cec85874da9ecb36563d28e2b1f1c38b3c
candidate,r3,coin-heaven,143010,50,50,1.0,0,113,0,0.20699501037597642,0.3230571746826172,f7ba9ea5ae3f0318046f490f0c9856b64c8860e2a3b2b37404605fbda970574b,True,0.15454292297363265,0.28014183044433594,f7ba9ea5ae3f0318046f490f0c9856b64c8860e2a3b2b37404605fbda970574b
candidate,r3,coin-heaven,143011,50,50,1.0,0,129,0,0.2313137054443359,0.3120899200439453,9a714c7409c5919d042815122d54239b48b7fba675d07526a9256d4161b0af1e,True,0.17566680908203117,0.47206878662109375,9a714c7409c5919d042815122d54239b48b7fba675d07526a9256d4161b0af1e
candidate,r3,coin-heaven,143012,50,50,1.0,0,129,0,0.35052299499511713,1.5459060668945312,b12cd6fec9e2e26f1361efd6f53aae666d98dbbfef9001a0fe24cd6089480488,True,0.29354095458984375,0.4699230194091797,b12cd6fec9e2e26f1361efd6f53aae666d98dbbfef9001a0fe24cd6089480488
candidate,r3,coin-heaven,143013,50,50,1.0,0,130,0,0.22811889648437486,0.45609474182128906,fd189cfc42fcd0856e8cfad50585c4a168ecc8106e9dc93aae6fc4b56a38ac9e,True,0.23415088653564448,0.34689903259277344,fd189cfc42fcd0856e8cfad50585c4a168ecc8106e9dc93aae6fc4b56a38ac9e
candidate,r3,coin-heaven,143014,50,50,1.0,0,120,0,0.2086400985717772,0.4100799560546875,a7464702f50e1accd0b4d0df7ff848f9999fc6cb2f6265e769b48ce9912ef706,True,0.20198822021484375,0.28395652770996094,a7464702f50e1accd0b4d0df7ff848f9999fc6cb2f6265e769b48ce9912ef706
candidate,r3,coin-heaven,143015,50,50,1.0,0,127,0,0.17740726470947263,0.26226043701171875,0e4ece95962be36f0a8ad3dd7ad18d214236eab5dc26e3eb6168bb5dd088e614,True,0.23236274719238278,0.4031658172607422,0e4ece95962be36f0a8ad3dd7ad18d214236eab5dc26e3eb6168bb5dd088e614
candidate,r3,coin-heaven,143016,50,50,1.0,0,124,0,0.45710802078247065,2.164125442504883,9d78de84c20180a5fd278ade18a9aeb56852e1fc283b534300de7816d1c6273e,True,0.32907724380493153,2.4111270904541016,9d78de84c20180a5fd278ade18a9aeb56852e1fc283b534300de7816d1c6273e
candidate,r3,coin-heaven,143017,50,50,1.0,0,125,0,0.3597736358642577,0.5729198455810547,96bcfc3bd325430abb8a476eb044e12e7d0b3abfb3077b8218f0d4b0bc1662a4,True,0.22253990173339844,0.40221214294433594,96bcfc3bd325430abb8a476eb044e12e7d0b3abfb3077b8218f0d4b0bc1662a4
candidate,r3,coin-heaven,143018,50,50,1.0,0,117,0,0.15792846679687494,0.30612945556640625,1a0568e6476d3cf92a392f5437c77a2d568432bd69c2551062090ebd35c45e26,True,0.26025772094726535,0.45800209045410156,1a0568e6476d3cf92a392f5437c77a2d568432bd69c2551062090ebd35c45e26
candidate,r3,coin-heaven,143019,50,50,1.0,0,105,0,0.31213760375976557,0.4818439483642578,530735a8de15978df8da09097e474954ba3b5873a2b28e0d2ce4bd64ce913cd9,True,0.19054412841796872,0.42128562927246094,530735a8de15978df8da09097e474954ba3b5873a2b28e0d2ce4bd64ce913cd9
candidate,r3,coin-heaven,143020,50,50,1.0,0,132,0,0.23901462554931574,0.4353523254394531,19ce9f2ae55fe263e7d965b9f046a25f05c1e91e15ffea7c67d925aa0a911a70,True,0.18297433853149414,0.3409385681152344,19ce9f2ae55fe263e7d965b9f046a25f05c1e91e15ffea7c67d925aa0a911a70
candidate,r3,coin-heaven,143021,50,50,1.0,0,125,0,0.1922607421875,0.4858970642089844,65a3c131ad4c946b51635d356a333f505ef0ec8aac88ffed6de1a435802dddb6,True,0.36783218383789057,0.4410743713378906,65a3c131ad4c946b51635d356a333f505ef0ec8aac88ffed6de1a435802dddb6
candidate,r3,coin-heaven,143022,50,50,1.0,0,127,0,0.24399757385253903,0.5300045013427734,2fa20c3064d1a22cf491bf13698e653b40f2c76d1e49dd3b148c8b0a6c7833d8,True,0.764179229736328,1.1570453643798828,2fa20c3064d1a22cf491bf13698e653b40f2c76d1e49dd3b148c8b0a6c7833d8
candidate,r3,coin-heaven,143023,50,50,1.0,0,116,0,0.19353628158569336,0.3120899200439453,3351df0b2edc0a485b1c6a2bd43f63e9f8809a23bb8ee479b6be91e5f8330470,True,0.22983551025390625,0.2999305725097656,3351df0b2edc0a485b1c6a2bd43f63e9f8809a23bb8ee479b6be91e5f8330470
candidate,r3,coin-heaven,143024,50,50,1.0,0,135,0,0.27921199798583984,0.5009174346923828,92a4daf7833c3b311169e6b02d086a2de40a463ce20f4bfd390feee96454eb92,True,0.26245117187499994,0.3578662872314453,92a4daf7833c3b311169e6b02d086a2de40a463ce20f4bfd390feee96454eb92
candidate,r3,coin-heaven,143025,50,50,1.0,0,138,0,0.20643472671508792,0.3418922424316406,a06806394dbd7d78f885163fea063caa299f9e0016e8a0817ee8bf32c2709af0,True,0.21885633468627946,0.45371055603027344,a06806394dbd7d78f885163fea063caa299f9e0016e8a0817ee8bf32c2709af0
candidate,r3,coin-heaven,143026,50,50,1.0,0,135,0,0.3021478652954101,0.4169940948486328,2289420a3acf1b10a4d7c5c1964e01e113867e01bed410ad4906a7fbd7a4bf52,True,0.25780200958251953,0.33211708068847656,2289420a3acf1b10a4d7c5c1964e01e113867e01bed410ad4906a7fbd7a4bf52
candidate,r3,coin-heaven,143027,50,50,1.0,0,112,0,0.36830902099609375,0.6928443908691406,c6d9cbc0fc66db7b255379e67845c39ad2cebde25955f71c78fa4b6fe3d20932,True,0.2268314361572263,0.6430149078369141,c6d9cbc0fc66db7b255379e67845c39ad2cebde25955f71c78fa4b6fe3d20932
candidate,r3,coin-heaven,143028,50,50,1.0,0,125,0,0.39234161376953125,2.708911895751953,cdc4cbda22545a56e0f163807787d6ad9e69ca2e35ba31e570176928da005bbf,True,0.22983551025390625,0.47516822814941406,cdc4cbda22545a56e0f163807787d6ad9e69ca2e35ba31e570176928da005bbf
candidate,r3,coin-heaven,143029,50,50,1.0,0,138,0,0.33603906631469743,0.5781650543212891,e4e1f1f0383777c5111cb2e2d3c55ba4a05e71489159f1cd331574ee1199eae2,True,0.33962726593017584,0.6978511810302734,e4e1f1f0383777c5111cb2e2d3c55ba4a05e71489159f1cd331574ee1199eae2
candidate,r3,coin-heaven,143030,50,50,1.0,0,127,0,0.21450519561767573,0.347137451171875,f154f0395246ee8f3163bb9b381c7741e17b4f60c5430e5f2092f5c34070e1f4,True,0.23112297058105458,0.34809112548828125,f154f0395246ee8f3163bb9b381c7741e17b4f60c5430e5f2092f5c34070e1f4
candidate,r3,coin-heaven,143031,50,50,1.0,0,115,0,0.17309188842773435,0.3020763397216797,0987a91e69d0aac3f593ddd2865fd72bbeacae256e509535d9ffa8c9d71803d3,True,0.18367767333984375,0.4527568817138672,0987a91e69d0aac3f593ddd2865fd72bbeacae256e509535d9ffa8c9d71803d3
candidate,r3,coin-heaven,143032,50,50,1.0,0,133,0,0.32439231872558594,0.3871917724609375,96a96561ae53aeea119f8883c3ed226d626af1f6a9c7c5727fa1bc7c472d0794,True,0.38690567016601535,0.7138252258300781,96a96561ae53aeea119f8883c3ed226d626af1f6a9c7c5727fa1bc7c472d0794
candidate,r3,coin-heaven,143033,50,50,1.0,0,125,0,0.20713806152343747,0.28014183044433594,813b92b44b492252bb9441dc61356ef04c8bea7f257f5819805b25b331472241,True,0.3278732299804687,0.47397613525390625,813b92b44b492252bb9441dc61356ef04c8bea7f257f5819805b25b331472241
candidate,r3,coin-heaven,143034,50,50,1.0,0,125,0,0.3208637237548827,0.7109642028808594,14854c91a4d485d48389529144dba82770f580ed48bd9a8c8bd1a1952726644b,True,0.2877712249755858,0.6067752838134766,14854c91a4d485d48389529144dba82770f580ed48bd9a8c8bd1a1952726644b
candidate,r3,coin-heaven,143035,50,50,1.0,0,122,0,0.31052827835082997,0.5629062652587891,b4a572b4a0b3591e5f7394b4d4fab03f9eb7500cdcae3a3025c3ff41ed064220,True,0.32738447189331044,0.4391670227050781,b4a572b4a0b3591e5f7394b4d4fab03f9eb7500cdcae3a3025c3ff41ed064220
candidate,r3,coin-heaven,143036,50,50,1.0,0,115,0,0.1990795135498047,0.2849102020263672,ae5b5e6ac306ed6e3f9d43edb3ca983c2b45e7db5a0e78d2ecbe53f5b60e42ed,True,0.19595623016357416,0.37288665771484375,ae5b5e6ac306ed6e3f9d43edb3ca983c2b45e7db5a0e78d2ecbe53f5b60e42ed
candidate,r3,coin-heaven,143037,50,50,1.0,0,138,0,0.2810001373291017,0.4248619079589844,8f4693720ed55baa6cbfecb218ccdfd8871c81f203466eb4771156c86f50dd1b,True,0.5594253540039065,0.80108642578125,8f4693720ed55baa6cbfecb218ccdfd8871c81f203466eb4771156c86f50dd1b
candidate,r3,coin-heaven,143038,50,50,1.0,0,134,0,0.29076337814331055,0.5831718444824219,9812baa69bbe94870978eefadf4a50c7c2a32390f8f57b3ce21390bf96b73f4e,True,0.3853440284729003,0.8718967437744141,9812baa69bbe94870978eefadf4a50c7c2a32390f8f57b3ce21390bf96b73f4e
candidate,r3,coin-heaven,143039,50,50,1.0,0,129,0,0.2672672271728515,0.41222572326660156,00631c90bd67dcf32f0c640298cb768ef15295ec7543c0a9e70e06501e16e997,True,0.23407936096191398,0.6480216979980469,00631c90bd67dcf32f0c640298cb768ef15295ec7543c0a9e70e06501e16e997
candidate,r3,coin-heaven,143040,50,50,1.0,0,119,0,0.1940250396728515,0.37789344787597656,e0c46c0fd2425924fa2cdba8794284042d8cb351758a581f68f6c79d16ae6d02,True,0.16870498657226551,0.31185150146484375,e0c46c0fd2425924fa2cdba8794284042d8cb351758a581f68f6c79d16ae6d02
candidate,r3,loot-crate,144001,10,50,0.2,0,400,0,0.2151131629943847,0.4630088806152344,a9e09bf91e0540f8b34565cf124002cd61506aafd0d3879856bb7b3b0ca9b76f,True,0.19621849060058572,0.5629062652587891,a9e09bf91e0540f8b34565cf124002cd61506aafd0d3879856bb7b3b0ca9b76f
candidate,r3,loot-crate,144002,5,50,0.1,0,400,2,0.2149224281311034,0.40030479431152344,9018e740ac775f4c3c44caf8b38d25acf0b1578866ca63d78c11753228303d5a,True,0.23024082183837877,0.4436969757080078,9018e740ac775f4c3c44caf8b38d25acf0b1578866ca63d78c11753228303d5a
candidate,r3,loot-crate,144003,16,50,0.32,0,400,0,0.2850174903869628,0.7317066192626953,019c8cf0c9033751bd58c252ca4ec0bcc6190ab1ff0fd787da068fcd6698f5a0,True,0.2855658531188959,0.8661746978759766,019c8cf0c9033751bd58c252ca4ec0bcc6190ab1ff0fd787da068fcd6698f5a0
candidate,r3,loot-crate,144004,12,50,0.24,0,400,0,0.23419857025146457,0.6160736083984375,36e439e70b36bbcbd927effd5a92b76154ed91d0168e00ddcf6611e9f6588871,True,0.20802021026611317,0.5109310150146484,36e439e70b36bbcbd927effd5a92b76154ed91d0168e00ddcf6611e9f6588871
candidate,r3,loot-crate,144005,1,50,0.02,0,400,0,0.3653764724731442,0.6699562072753906,cdaf5368b05aea52a198251c525b665331e389b51dca812a1ab42b316ffcf16e,True,0.18199682235717765,0.5247592926025391,cdaf5368b05aea52a198251c525b665331e389b51dca812a1ab42b316ffcf16e
candidate,r3,loot-crate,144006,0,50,0.0,0,400,0,0.21891593933105463,0.46706199645996094,ae258dcc0b8143fafe09392d3ee85b5b044c9a7ca448faf1a77006c7af154187,True,0.22108554840087863,0.6551742553710938,ae258dcc0b8143fafe09392d3ee85b5b044c9a7ca448faf1a77006c7af154187
candidate,r3,loot-crate,144007,0,50,0.0,0,400,0,0.18696784973144526,0.6730556488037109,2b0b177c1b23491684eb3025e74955e60ea33e1d6585e9b63353bb8afea3531c,True,0.22808313369750963,0.7197856903076172,2b0b177c1b23491684eb3025e74955e60ea33e1d6585e9b63353bb8afea3531c
candidate,r3,loot-crate,144008,10,50,0.2,0,400,1,0.2882957458496091,0.6780624389648438,584779bcc99b189cde0caf03a7f08321e1f0f8b0c3c35c16c3dbc837ba094c6e,True,0.30919313430786116,1.1899471282958984,584779bcc99b189cde0caf03a7f08321e1f0f8b0c3c35c16c3dbc837ba094c6e
candidate,r3,loot-crate,144009,2,50,0.04,1,56,1,0.24521350860595703,0.5509853363037109,189d48ab14379c95d67b225ccd44d6d02d991cdc0283f4e11fb70ccaefda9c00,True,0.46813488006591797,0.6470680236816406,189d48ab14379c95d67b225ccd44d6d02d991cdc0283f4e11fb70ccaefda9c00
candidate,r3,loot-crate,144010,17,50,0.34,0,400,0,0.41319131851196267,0.8840560913085938,382d113e7a763099eb1c34d5d45fc74d4e959ee8b8d43fe91d5515677b2056c6,True,1.0584473609924314,2.9141902923583984,382d113e7a763099eb1c34d5d45fc74d4e959ee8b8d43fe91d5515677b2056c6
candidate,r3,loot-crate,144011,1,50,0.02,1,14,1,0.42647123336791976,0.7278919219970703,5efbdbcb9871393b82bb5bd5053d3b6c7c052ade7f700ade3fb21d2d81dfa4cc,True,0.49102306365966797,0.5018711090087891,5efbdbcb9871393b82bb5bd5053d3b6c7c052ade7f700ade3fb21d2d81dfa4cc
candidate,r3,loot-crate,144012,5,50,0.1,0,400,0,0.23512840270996088,0.43702125549316406,ccce4166e4a39356a4cb6e5b89b9cda96de7d5577b6f0f7b056a9062e539f441,True,0.3176212310791013,0.8280277252197266,ccce4166e4a39356a4cb6e5b89b9cda96de7d5577b6f0f7b056a9062e539f441
candidate,r3,loot-crate,144013,17,50,0.34,0,400,0,0.2713561058044433,0.6268024444580078,7c77656e5f55c02be4a48c243631c75132f77f37c07efc8b6e5fff6244dbc024,True,0.28135776519775346,1.1262893676757812,7c77656e5f55c02be4a48c243631c75132f77f37c07efc8b6e5fff6244dbc024
candidate,r3,loot-crate,144014,1,50,0.02,0,400,0,0.23324489593505832,0.5640983581542969,fb58e78973c8d65cefd88351e91949a25e11aa16cb68547c90e73a119d709c63,True,0.3800511360168457,1.190185546875,fb58e78973c8d65cefd88351e91949a25e11aa16cb68547c90e73a119d709c63
candidate,r3,loot-crate,144015,12,50,0.24,1,212,0,0.2268910408020019,0.40411949157714844,ddc266f8a6d9b2160f9cbf6e5d36111a35236186aac9bd2eb58f89d73ce4050e,True,0.32292604446411133,0.4558563232421875,ddc266f8a6d9b2160f9cbf6e5d36111a35236186aac9bd2eb58f89d73ce4050e
candidate,r3,loot-crate,144016,0,50,0.0,0,400,0,0.17628669738769523,0.4558563232421875,6bd1b1c98b1e644d867c62080bba48f262fe89f37116dc21b42396085f1ead66,True,0.3159046173095703,0.6787776947021484,6bd1b1c98b1e644d867c62080bba48f262fe89f37116dc21b42396085f1ead66
candidate,r3,loot-crate,144017,19,50,0.38,0,400,0,0.3809928894042969,0.8211135864257812,88ec7e3016e6c2b8044da117038a44cde8f4afcf535d3333d52273b7fc98f8ab,True,0.5949020385742188,1.1267662048339844,88ec7e3016e6c2b8044da117038a44cde8f4afcf535d3333d52273b7fc98f8ab
candidate,r3,loot-crate,144018,4,50,0.08,0,400,0,0.5286097526550286,1.1167526245117188,eeac64f6b42b218b0d83168a522fed9281873185c66854e7091fd756db72c317,True,0.4721879959106442,1.1839866638183594,eeac64f6b42b218b0d83168a522fed9281873185c66854e7091fd756db72c317
candidate,r3,loot-crate,144019,28,50,0.56,0,400,0,0.35811662673950195,2.2017955780029297,eee6e90d1fe6829587fa21340993f57e6326795693f4436d1f66258af894e733,True,0.4769444465637206,0.9531974792480469,eee6e90d1fe6829587fa21340993f57e6326795693f4436d1f66258af894e733
candidate,r3,loot-crate,144020,25,50,0.5,0,400,0,0.45014619827270486,1.058816909790039,054e2d61eaabda1e7c0f60448dcc2bf177fe792d8a116fa3b3ada40a27f51ec6,True,0.4379749298095703,1.0480880737304688,054e2d61eaabda1e7c0f60448dcc2bf177fe792d8a116fa3b3ada40a27f51ec6
candidate,r3,loot-crate,144021,14,50,0.28,0,400,0,0.31282901763916016,1.194000244140625,df0834eb891685af77779fdb08880d46b16baf74f132fb33542370b9563b31cf,True,0.25402307510375965,0.5390644073486328,df0834eb891685af77779fdb08880d46b16baf74f132fb33542370b9563b31cf
candidate,r3,loot-crate,144022,7,50,0.14,0,400,0,0.32911300659179676,0.8640289306640625,0d580187eefec73a89d9efbd6b67527e51c4f578b9cc49cfd1f6f8e02c56f1e3,True,0.19766092300414995,0.6392002105712891,0d580187eefec73a89d9efbd6b67527e51c4f578b9cc49cfd1f6f8e02c56f1e3
candidate,r3,loot-crate,144023,5,50,0.1,0,400,0,0.3891706466674802,0.6678104400634766,d7eed377b044253f30c85b23979846b4f1dd271f0e5a3704aa64715a8c6277ec,True,0.36131143569946256,1.5149116516113281,d7eed377b044253f30c85b23979846b4f1dd271f0e5a3704aa64715a8c6277ec
candidate,r3,loot-crate,144024,20,50,0.4,0,400,0,0.37525892257690385,0.6308555603027344,376991d568e5cdcc76eb32beba4a12b1dcf296443c868dd564e0eb80e74d305a,True,0.2410411834716797,0.4639625549316406,376991d568e5cdcc76eb32beba4a12b1dcf296443c868dd564e0eb80e74d305a
candidate,r3,loot-crate,144025,12,50,0.24,0,400,0,0.33926963806152344,1.3670921325683594,82576343ccefcbd21df8f883bb8ef1dbf8de62d5ddad46483184a346b95e1053,True,0.3748774528503411,1.0821819305419922,82576343ccefcbd21df8f883bb8ef1dbf8de62d5ddad46483184a346b95e1053
candidate,r3,loot-crate,144026,6,50,0.12,0,400,0,0.343537330627441,2.268075942993164,d4ca45444a1b0f779b28334c2df55888fc61e15bdc91f357ac54cdddfea81a5d,True,0.7302999496459961,1.9142627716064453,d4ca45444a1b0f779b28334c2df55888fc61e15bdc91f357ac54cdddfea81a5d
candidate,r3,loot-crate,144027,11,50,0.22,0,400,0,0.3601074218749999,0.7748603820800781,88e9f5b29fcafff8364c6b80969a134db438705a2eb6bf90e0038e18d5f5b072,True,0.49539804458618036,1.9862651824951172,88e9f5b29fcafff8364c6b80969a134db438705a2eb6bf90e0038e18d5f5b072
candidate,r3,loot-crate,144028,6,50,0.12,0,400,0,0.32026767730712863,0.9150505065917969,579fccb3b76c4a3a342756e5c29cf631df52ffbf3a500afe2e9f35a0b9548875,True,0.26925802230834955,0.5459785461425781,579fccb3b76c4a3a342756e5c29cf631df52ffbf3a500afe2e9f35a0b9548875
candidate,r3,loot-crate,144029,9,50,0.18,0,400,0,0.22608041763305659,0.4181861877441406,04ad9608055cb11a957158b1c8984d3fbd2b81bd12751bfad6cf149e17e97ab0,True,0.2608895301818847,0.7150173187255859,04ad9608055cb11a957158b1c8984d3fbd2b81bd12751bfad6cf149e17e97ab0
candidate,r3,loot-crate,144030,10,50,0.2,0,400,0,0.21641254425048792,0.5550384521484375,bdb8c180b93abac7fcbd63cf0f3dfe00da27bf7bee333588756971e346f817e3,True,0.2590537071228024,0.5109310150146484,bdb8c180b93abac7fcbd63cf0f3dfe00da27bf7bee333588756971e346f817e3
candidate,r3,loot-crate,144031,7,50,0.14,0,400,0,0.38237571716308577,0.7779598236083984,7954f4291f62f582926c9c3cb11982b5801896ca13884488c275d00d112f47f9,True,0.33532381057739225,0.6587505340576172,7954f4291f62f582926c9c3cb11982b5801896ca13884488c275d00d112f47f9
candidate,r3,loot-crate,144032,9,50,0.18,0,400,0,0.40917396545410106,0.858306884765625,58489d0c6fd6494d18a6978cdc55d5fac28671cba4cdf3a7c4b87acdce39b847,True,0.41404962539672835,1.1420249938964844,58489d0c6fd6494d18a6978cdc55d5fac28671cba4cdf3a7c4b87acdce39b847
candidate,r3,loot-crate,144033,1,50,0.02,0,400,0,0.1839637756347655,0.6880760192871094,d343921e984f406112b50b7186372aa9a99bb774f54a6fd5dc57bfe9e0bf5435,True,0.22126436233520486,0.6239414215087891,d343921e984f406112b50b7186372aa9a99bb774f54a6fd5dc57bfe9e0bf5435
candidate,r3,loot-crate,144034,3,50,0.06,0,400,0,0.2786040306091303,0.5908012390136719,f30433524d0bed1cd4a41e8f80a73c4b7e435961f219a8b394994db5e001594e,True,0.7310867309570311,1.2748241424560547,f30433524d0bed1cd4a41e8f80a73c4b7e435961f219a8b394994db5e001594e
candidate,r3,loot-crate,144035,3,50,0.06,1,57,1,0.2684116363525388,0.5259513854980469,bbb21de907524979a7cee82d0af7f02572da8ca3c0d56cf2b259726b46bc29d6,True,0.804758071899414,1.4431476593017578,bbb21de907524979a7cee82d0af7f02572da8ca3c0d56cf2b259726b46bc29d6
candidate,r3,loot-crate,144036,5,50,0.1,0,400,0,0.31721591949462813,6.464958190917969,c66a6ff74b29bfd4377699cac804bbcce0336ff8b81ab3ed6e9d1058b9414ad9,True,0.9711623191833487,6.120920181274414,c66a6ff74b29bfd4377699cac804bbcce0336ff8b81ab3ed6e9d1058b9414ad9
candidate,r3,loot-crate,144037,11,50,0.22,1,182,0,0.26705265045166,0.45371055603027344,9afcc9b5f2235f1421bc978f2dffa77c767a71cc6249edf38a37053e86ba19f8,True,0.3512978553771969,0.61798095703125,9afcc9b5f2235f1421bc978f2dffa77c767a71cc6249edf38a37053e86ba19f8
candidate,r3,loot-crate,144038,23,50,0.46,0,400,0,0.32036304473876914,0.9920597076416016,ff092cc2655f545cb8f0b3b41bddde52501f15c75ef360c17615c8103a6fd612,True,0.3741264343261718,1.9540786743164062,ff092cc2655f545cb8f0b3b41bddde52501f15c75ef360c17615c8103a6fd612
candidate,r3,loot-crate,144039,18,50,0.36,0,400,0,0.21539926528930634,0.6008148193359375,4a45277505e22a79bd2d066ad508fb22f4db96a9e34fd856d3cabd605fa2a1c8,True,0.4243612289428707,0.9417533874511719,4a45277505e22a79bd2d066ad508fb22f4db96a9e34fd856d3cabd605fa2a1c8
candidate,r3,loot-crate,144040,31,50,0.62,0,400,0,0.25502443313598616,0.5450248718261719,5b52d1e3f062955cd17b71d05a47e48a9c0e670160f1206278bbe22ceeac9393,True,0.35465955734252874,0.8180141448974609,5b52d1e3f062955cd17b71d05a47e48a9c0e670160f1206278bbe22ceeac9393
candidate,r4,classic,142001,0,9,0.0,0,400,0,0.29112100601196267,0.6201267242431641,b8ef1f0df7daa3c626f0635f7312ab0f27bfe69099688b9913c67252907397d9,True,0.5313038825988766,1.3699531555175781,b8ef1f0df7daa3c626f0635f7312ab0f27bfe69099688b9913c67252907397d9
candidate,r4,classic,142002,0,9,0.0,0,400,0,0.31723976135253895,1.4452934265136719,1f70e3125f0edad0f67bf46f1d1eabfad93761f12a258926acd1009a12ae0243,True,0.5238056182861328,1.7240047454833984,1f70e3125f0edad0f67bf46f1d1eabfad93761f12a258926acd1009a12ae0243
candidate,r4,classic,142003,1,9,0.1111111111111111,0,400,0,0.7962822914123531,1.8072128295898438,d270a0519bfababb4ee7cd86f7367a9a632b44b8adc130e861ed7750525added,True,0.27017593383789057,0.6959438323974609,d270a0519bfababb4ee7cd86f7367a9a632b44b8adc130e861ed7750525added
candidate,r4,classic,142004,1,9,0.1111111111111111,1,75,0,1.0111570358276367,1.6026496887207031,bf1f3322db1720b5bbcf00c8050d27ccf5f6bb967be8dcc38593f27507a0d3ef,True,0.3218412399291991,0.40602684020996094,bf1f3322db1720b5bbcf00c8050d27ccf5f6bb967be8dcc38593f27507a0d3ef
candidate,r4,classic,142005,0,9,0.0,0,400,0,0.780582427978515,2.0911693572998047,97d7acfd9bb8e10ae079c1ea2bb1caf145be5bfd7e6cc47da9f7597e18050d1a,True,0.3069996833801268,1.0139942169189453,97d7acfd9bb8e10ae079c1ea2bb1caf145be5bfd7e6cc47da9f7597e18050d1a
candidate,r4,classic,142006,1,9,0.1111111111111111,0,400,0,0.27829408645629855,2.2161006927490234,5a1e2e69a1ee7e8e1390eafb02fa17f16cb9294167c08232128c8d61be2434d1,True,0.2830982208251952,0.7040500640869141,5a1e2e69a1ee7e8e1390eafb02fa17f16cb9294167c08232128c8d61be2434d1
candidate,r4,classic,142007,1,9,0.1111111111111111,0,400,0,0.3644585609436032,0.9698867797851562,0abfcaf377ee14065582371f908112584616be14e25a9843c5e2793d41214556,True,0.3003835678100582,0.6756782531738281,0abfcaf377ee14065582371f908112584616be14e25a9843c5e2793d41214556
candidate,r4,classic,142008,0,9,0.0,1,34,0,0.38729906082153304,0.49114227294921875,42c085b46d27ca68a6e31efa7102312da1321b9d2f9e176e245e210b6ef7a2d9,True,0.2934455871582029,0.38933753967285156,42c085b46d27ca68a6e31efa7102312da1321b9d2f9e176e245e210b6ef7a2d9
candidate,r4,classic,142009,0,9,0.0,0,400,0,0.32707452774047746,1.4328956604003906,46faf198052b3e1ac542e9f3131cffddf189b18e8f015f0e0b0643ea535b4d38,True,0.2111077308654784,0.3421306610107422,46faf198052b3e1ac542e9f3131cffddf189b18e8f015f0e0b0643ea535b4d38
candidate,r4,classic,142010,0,9,0.0,0,400,0,0.20126104354858396,1.222848892211914,a5ca37778640f2aea9ae4e7b60d99754e042ace3486f25fa2206d17f79207a46,True,0.34546852111816384,0.7569789886474609,a5ca37778640f2aea9ae4e7b60d99754e042ace3486f25fa2206d17f79207a46
candidate,r4,classic,142011,1,9,0.1111111111111111,0,400,0,0.5654454231262204,2.0220279693603516,fb3436499fce6140618aa7a3c7689a6c606ad24325982fe5d7b9205af7315a85,True,0.31468868255615173,0.7810592651367188,fb3436499fce6140618aa7a3c7689a6c606ad24325982fe5d7b9205af7315a85
candidate,r4,classic,142012,1,9,0.1111111111111111,0,400,0,0.49476623535156183,2.275228500366211,b48ab08e4c95c2abf5a2e0a2caa0cf0262e71d7806dd419a851622e98f78792c,True,0.3622055053710937,0.7410049438476562,b48ab08e4c95c2abf5a2e0a2caa0cf0262e71d7806dd419a851622e98f78792c
candidate,r4,classic,142013,0,9,0.0,0,400,0,0.826823711395263,2.635955810546875,b9da264298fce2bf1556cbcf5823d801478cddeffcd5b4af5526027c1dda05be,True,0.2930521965026855,0.7240772247314453,b9da264298fce2bf1556cbcf5823d801478cddeffcd5b4af5526027c1dda05be
candidate,r4,classic,142014,0,9,0.0,1,27,0,0.9268999099731445,0.9632110595703125,3f687f1f4fe68c089ae58ec8d051cbc30d7ebe65a6dc8e18e91423bac88ca60f,True,0.951552391052246,1.4216899871826172,3f687f1f4fe68c089ae58ec8d051cbc30d7ebe65a6dc8e18e91423bac88ca60f
candidate,r4,classic,142015,1,9,0.1111111111111111,0,400,0,0.4461288452148437,2.113819122314453,20237c7f9351f3cee13b5c3dbfb82846a7045f973823f83b473304779e1fc322,True,0.5527734756469721,1.6279220581054688,20237c7f9351f3cee13b5c3dbfb82846a7045f973823f83b473304779e1fc322
candidate,r4,classic,142016,4,9,0.4444444444444444,0,400,0,0.3144025802612301,0.7250308990478516,e279380f182141f6695a5a09f65ca71fe51009b70c7a8329fcdc762515bb29b7,True,0.628244876861572,2.577066421508789,e279380f182141f6695a5a09f65ca71fe51009b70c7a8329fcdc762515bb29b7
candidate,r4,classic,142017,2,9,0.2222222222222222,0,400,0,0.3519535064697265,1.1849403381347656,f317728fe2b2ffcef47bee4eac3bfcdaf5f2e491d7bff0717c9fcd41f1448f39,True,0.41797161102294855,1.6870498657226562,f317728fe2b2ffcef47bee4eac3bfcdaf5f2e491d7bff0717c9fcd41f1448f39
candidate,r4,classic,142018,0,9,0.0,0,400,0,0.40227174758911105,1.8270015716552734,651c1fee313723eaae36aba968237c36f689ae4a072854cc99298215399f5c1a,True,0.3400325775146484,0.8089542388916016,651c1fee313723eaae36aba968237c36f689ae4a072854cc99298215399f5c1a
candidate,r4,classic,142019,0,9,0.0,1,20,0,0.4428267478942871,0.45800209045410156,ea741218a1bc17010e09f9594a53d4f2c2ec1f21d618f607c92d47b92d2d7919,True,0.3594040870666505,0.5199909210205078,ea741218a1bc17010e09f9594a53d4f2c2ec1f21d618f607c92d47b92d2d7919
candidate,r4,classic,142020,0,9,0.0,0,400,0,0.3084659576416014,0.7722377777099609,3d22b8e05af726b99281de39d984ebfdaf0f93b947ef3aeaa5602ca10a35a625,True,0.24638175964355438,1.1336803436279297,3d22b8e05af726b99281de39d984ebfdaf0f93b947ef3aeaa5602ca10a35a625
candidate,r4,classic,142021,1,9,0.1111111111111111,0,400,0,0.3867864608764648,0.7307529449462891,2933d72c01fe924bdf2c61aa61464ebfe80ad23fd34c3cba0e77b22ebbe8f93e,True,0.2728223800659179,0.5519390106201172,2933d72c01fe924bdf2c61aa61464ebfe80ad23fd34c3cba0e77b22ebbe8f93e
candidate,r4,classic,142022,2,9,0.2222222222222222,0,400,0,0.2848744392395009,0.7131099700927734,c0a4c064942f0adad307d51d73400d28aff90ce10d135d7759be05f57c4f0868,True,0.28148889541625943,0.6349086761474609,c0a4c064942f0adad307d51d73400d28aff90ce10d135d7759be05f57c4f0868
candidate,r4,classic,142023,1,9,0.1111111111111111,0,400,0,0.22293329238891602,0.48828125,7c60b5419180edd77d44c0e7fd979a22d05eca0fd22beb69b092b8623bf9d6a9,True,0.44531822204589827,1.3179779052734375,7c60b5419180edd77d44c0e7fd979a22d05eca0fd22beb69b092b8623bf9d6a9
candidate,r4,classic,142024,1,9,0.1111111111111111,0,400,0,0.2602100372314448,0.7808208465576172,38b5038225b2cf1fa803e268ea7294006cc0ab61102d7fedda31d515819f78a5,True,0.41304826736450184,0.8566379547119141,38b5038225b2cf1fa803e268ea7294006cc0ab61102d7fedda31d515819f78a5
candidate,r4,classic,142025,0,9,0.0,0,400,0,0.303220748901367,0.7531642913818359,54e5811a9b72734d7865a1be19b1f56fb7956fccaf17edb4b434ef690586cb19,True,0.6121397018432614,1.5192031860351562,54e5811a9b72734d7865a1be19b1f56fb7956fccaf17edb4b434ef690586cb19
candidate,r4,classic,142026,2,9,0.2222222222222222,0,400,0,0.38548707962036005,1.119852066040039,af24e65a75de97a4a0f6dd995d210e637178ed1893b96a229e4d025f7f35acf9,True,0.3272533416748046,0.6439685821533203,af24e65a75de97a4a0f6dd995d210e637178ed1893b96a229e4d025f7f35acf9
candidate,r4,classic,142027,4,9,0.4444444444444444,0,400,0,0.8672237396240233,5.328893661499023,dffb0d408369158abcb3c479e25fb4aeee259308b2c0e4f7ae49c34d60b5648f,True,0.27523040771484364,0.49185752868652344,dffb0d408369158abcb3c479e25fb4aeee259308b2c0e4f7ae49c34d60b5648f
candidate,r4,classic,142028,1,9,0.1111111111111111,0,400,0,0.6184697151184078,0.9398460388183594,b12e3a27d2dcd05bbe8a307f10f8e7d387acc1aa822a809b345f7e1bc1b2eb26,True,0.27612447738647455,0.762939453125,b12e3a27d2dcd05bbe8a307f10f8e7d387acc1aa822a809b345f7e1bc1b2eb26
candidate,r4,classic,142029,0,9,0.0,0,400,0,0.24902820587158128,1.0459423065185547,6a21422dcd8d27e77bc22894341c0373e698611e04b88bd5a0df753c4759a051,True,0.22455453872680625,0.5199909210205078,6a21422dcd8d27e77bc22894341c0373e698611e04b88bd5a0df753c4759a051
candidate,r4,classic,142030,0,9,0.0,0,400,0,0.20503997802734375,0.5130767822265625,ffeaa9ec564d859754af18e207f1346897760a1172c55ed8b94ce92090d23dbe,True,0.1810073852539062,0.30303001403808594,ffeaa9ec564d859754af18e207f1346897760a1172c55ed8b94ce92090d23dbe
candidate,r4,classic,142031,1,9,0.1111111111111111,0,400,0,0.2771139144897458,0.8330345153808594,91ced0a179517e4db5c4d8306fdbf389d008133522999233a82b54fcb341154e,True,0.2073764801025389,0.41484832763671875,91ced0a179517e4db5c4d8306fdbf389d008133522999233a82b54fcb341154e
candidate,r4,classic,142032,1,9,0.1111111111111111,0,400,0,0.3100991249084471,1.3458728790283203,d00148a5049c42e4521d224c022e0fb8322191720e0f4afd0a37bbf6278a81ce,True,0.629496574401855,1.7008781433105469,d00148a5049c42e4521d224c022e0fb8322191720e0f4afd0a37bbf6278a81ce
candidate,r4,classic,142033,2,9,0.2222222222222222,0,400,0,0.262165069580078,1.6210079193115234,26734553307197b00145fc702f6b1f095aeea8ecef55cdd753e4a737f3bda64e,True,0.3030419349670408,0.67901611328125,26734553307197b00145fc702f6b1f095aeea8ecef55cdd753e4a737f3bda64e
candidate,r4,classic,142034,0,9,0.0,1,15,0,0.3269672393798826,0.4901885986328125,b7127611dd378d3826f09c5c926dbf994e9fa72c66e5c01a398096bc9a91f560,True,0.9359836578369135,1.2958049774169922,b7127611dd378d3826f09c5c926dbf994e9fa72c66e5c01a398096bc9a91f560
candidate,r4,classic,142035,0,9,0.0,0,400,0,0.22739171981811507,0.7660388946533203,30e5b153c242eaa7848c522ee43e6a876a2b54c4bdf16859d462eea96e0a13b1,True,0.3564357757568348,0.8769035339355469,30e5b153c242eaa7848c522ee43e6a876a2b54c4bdf16859d462eea96e0a13b1
candidate,r4,classic,142036,0,9,0.0,0,400,0,0.22317171096801758,0.8640289306640625,da5b06f3e73b568fd680289abc7f9891a3196e7f047b450760801e14c7c00243,True,0.27889013290405257,0.6730556488037109,da5b06f3e73b568fd680289abc7f9891a3196e7f047b450760801e14c7c00243
candidate,r4,classic,142037,1,9,0.1111111111111111,0,400,0,0.2733826637268063,1.260995864868164,473a5e56248457c50fd3b09b41244cba73a8bf233c3937a75f23e26f889e5681,True,0.3097295761108392,0.7789134979248047,473a5e56248457c50fd3b09b41244cba73a8bf233c3937a75f23e26f889e5681
candidate,r4,classic,142038,0,9,0.0,0,400,0,0.4200220108032225,1.0619163513183594,817afb02ee223a5c97646a16c07d22e22cd0122b837d31663fefbaa0d56b8d7f,True,0.31809806823730463,1.3129711151123047,817afb02ee223a5c97646a16c07d22e22cd0122b837d31663fefbaa0d56b8d7f
candidate,r4,classic,142039,3,9,0.3333333333333333,0,400,0,0.41714906692504866,0.9210109710693359,e9842e5df4301af0f1a4035a998667f81cedf5ce6d610cf1f959fc15fb7bbe15,True,0.4493117332458495,0.7050037384033203,e9842e5df4301af0f1a4035a998667f81cedf5ce6d610cf1f959fc15fb7bbe15
candidate,r4,classic,142040,0,9,0.0,0,400,0,0.46353340148925753,1.9412040710449219,4ae1a1dc07f3aa05629000299063690af82b4b4e1188c0b25903b6eac1f7495c,True,0.4153609275817862,3.3168792724609375,4ae1a1dc07f3aa05629000299063690af82b4b4e1188c0b25903b6eac1f7495c
candidate,r4,coin-heaven,143001,50,50,1.0,0,125,0,0.5110740661621093,1.3158321380615234,893203d39d221590aaeea14b9c94cf453d48dfb9b6af6db798931e56f6f0eef9,True,0.21843910217285153,0.3540515899658203,893203d39d221590aaeea14b9c94cf453d48dfb9b6af6db798931e56f6f0eef9
candidate,r4,coin-heaven,143002,50,50,1.0,0,127,0,0.46715736389160145,1.1031627655029297,fc0879230590abd194b65a5ce2e63de3bec2133dc8e201364820f431014fa8c3,True,0.20222663879394523,0.33092498779296875,fc0879230590abd194b65a5ce2e63de3bec2133dc8e201364820f431014fa8c3
candidate,r4,coin-heaven,143003,50,50,1.0,0,129,0,0.32196044921874994,0.4448890686035156,9b28690f4dfc420fb30b73bd5cb1dc922ef6904c2948de5fa1b0a8c8e6220043,True,0.23021697998046875,0.469207763671875,9b28690f4dfc420fb30b73bd5cb1dc922ef6904c2948de5fa1b0a8c8e6220043
candidate,r4,coin-heaven,143004,50,50,1.0,0,119,0,0.19667148590087888,0.308990478515625,8d62a5e36eac89a2ecbcf038e25f3b325b4794ec527e815a9165f800de11b060,True,0.2343177795410156,0.28705596923828125,8d62a5e36eac89a2ecbcf038e25f3b325b4794ec527e815a9165f800de11b060
candidate,r4,coin-heaven,143005,50,50,1.0,0,123,0,0.20153522491455075,0.43201446533203125,141a4d1e9f1d25380ec980c07956fc0d9bd768f03c4e5ec69a81fc7e9044abb9,True,0.18713474273681627,0.4248619079589844,141a4d1e9f1d25380ec980c07956fc0d9bd768f03c4e5ec69a81fc7e9044abb9
candidate,r4,coin-heaven,143006,50,50,1.0,0,119,0,0.30045509338378895,1.3010501861572266,57e5d720353df4f8a22c78cb21107e4ea268b333fec14170ddb1bb11d57f51de,True,0.18687248229980463,0.6608963012695312,57e5d720353df4f8a22c78cb21107e4ea268b333fec14170ddb1bb11d57f51de
candidate,r4,coin-heaven,143007,50,50,1.0,0,117,0,0.19311904907226562,0.5581378936767578,ab1fa49c5a7b912001d87ff94feb1efc5de7af09cdc99ff7d03ab6f98dd108f8,True,0.2573490142822264,0.48613548278808594,ab1fa49c5a7b912001d87ff94feb1efc5de7af09cdc99ff7d03ab6f98dd108f8
candidate,r4,coin-heaven,143008,50,50,1.0,0,119,0,0.2629041671752929,0.37288665771484375,0702ec8da437fafc3fb9c570a79cb4171a40dd04f65e4a1d111f09f8c4c4cf16,True,0.21386146545410145,0.43487548828125,0702ec8da437fafc3fb9c570a79cb4171a40dd04f65e4a1d111f09f8c4c4cf16
candidate,r4,coin-heaven,143009,50,50,1.0,0,122,0,0.20698308944702143,0.37980079650878906,9846dd7c7e93a0bed2e55e154e8b89f190cff147d67884dda9b03ff5eed92c9b,True,0.4826426506042477,1.4491081237792969,9846dd7c7e93a0bed2e55e154e8b89f190cff147d67884dda9b03ff5eed92c9b
candidate,r4,coin-heaven,143010,50,50,1.0,0,113,0,0.24733543395996085,0.3330707550048828,f7ba9ea5ae3f0318046f490f0c9856b64c8860e2a3b2b37404605fbda970574b,True,0.4030704498291013,0.7419586181640625,f7ba9ea5ae3f0318046f490f0c9856b64c8860e2a3b2b37404605fbda970574b
candidate,r4,coin-heaven,143011,50,50,1.0,0,128,0,0.1857757568359374,0.3390312194824219,6d55c7dfd0e629f05fdf0cd18aa01a3347a4e84d02a6b904ba403fb911a2a674,True,0.4187345504760741,0.6082057952880859,6d55c7dfd0e629f05fdf0cd18aa01a3347a4e84d02a6b904ba403fb911a2a674
candidate,r4,coin-heaven,143012,50,50,1.0,0,129,0,0.2924919128417969,0.40411949157714844,b12cd6fec9e2e26f1361efd6f53aae666d98dbbfef9001a0fe24cd6089480488,True,0.36435127258300776,0.4391670227050781,b12cd6fec9e2e26f1361efd6f53aae666d98dbbfef9001a0fe24cd6089480488
candidate,r4,coin-heaven,143013,50,50,1.0,0,130,0,0.3859877586364746,1.0628700256347656,fd189cfc42fcd0856e8cfad50585c4a168ecc8106e9dc93aae6fc4b56a38ac9e,True,0.2039790153503417,0.46896934509277344,fd189cfc42fcd0856e8cfad50585c4a168ecc8106e9dc93aae6fc4b56a38ac9e
candidate,r4,coin-heaven,143014,50,50,1.0,0,132,0,0.8977413177490233,2.460956573486328,8fe70a5acb65fa7fe8a307766fd89ed9db62909fde60f606cd10915b323fb9b8,True,0.18856525421142567,0.3046989440917969,8fe70a5acb65fa7fe8a307766fd89ed9db62909fde60f606cd10915b323fb9b8
candidate,r4,coin-heaven,143015,50,50,1.0,0,127,0,0.5515575408935541,0.9922981262207031,0e4ece95962be36f0a8ad3dd7ad18d214236eab5dc26e3eb6168bb5dd088e614,True,0.21677017211914043,0.5817413330078125,0e4ece95962be36f0a8ad3dd7ad18d214236eab5dc26e3eb6168bb5dd088e614
candidate,r4,coin-heaven,143016,50,50,1.0,0,123,0,0.2628087997436523,0.4200935363769531,f5432d96819a6cb5f100e07544f1a8a0374b38ef3abc35b5f6f58b5904b183c2,True,0.3776550292968746,1.0671615600585938,f5432d96819a6cb5f100e07544f1a8a0374b38ef3abc35b5f6f58b5904b183c2
candidate,r4,coin-heaven,143017,50,50,1.0,0,124,0,0.26595592498779297,0.3809928894042969,f58ad2582afbcd7e0d9992633ebff04131b6b13ac25be02341944489859e006a,True,0.2715229988098144,0.4639625549316406,f58ad2582afbcd7e0d9992633ebff04131b6b13ac25be02341944489859e006a
candidate,r4,coin-heaven,143018,50,50,1.0,0,117,0,0.22721290588378906,0.3821849822998047,1a0568e6476d3cf92a392f5437c77a2d568432bd69c2551062090ebd35c45e26,True,0.16431808471679676,0.2541542053222656,1a0568e6476d3cf92a392f5437c77a2d568432bd69c2551062090ebd35c45e26
candidate,r4,coin-heaven,143019,50,50,1.0,0,105,0,0.16927719116210938,0.3910064697265625,530735a8de15978df8da09097e474954ba3b5873a2b28e0d2ce4bd64ce913cd9,True,0.5264282226562498,7.25102424621582,530735a8de15978df8da09097e474954ba3b5873a2b28e0d2ce4bd64ce913cd9
candidate,r4,coin-heaven,143020,50,50,1.0,0,132,0,0.27397871017456044,0.3559589385986328,19ce9f2ae55fe263e7d965b9f046a25f05c1e91e15ffea7c67d925aa0a911a70,True,0.2719759941101072,0.4916191101074219,19ce9f2ae55fe263e7d965b9f046a25f05c1e91e15ffea7c67d925aa0a911a70
candidate,r4,coin-heaven,143021,50,50,1.0,0,125,0,0.20670890808105466,0.41294097900390625,65a3c131ad4c946b51635d356a333f505ef0ec8aac88ffed6de1a435802dddb6,True,0.4289150238037109,0.7538795471191406,65a3c131ad4c946b51635d356a333f505ef0ec8aac88ffed6de1a435802dddb6
candidate,r4,coin-heaven,143022,50,50,1.0,0,127,0,0.2872705459594725,0.3731250762939453,2fa20c3064d1a22cf491bf13698e653b40f2c76d1e49dd3b148c8b0a6c7833d8,True,0.45201778411865196,2.7570724487304688,2fa20c3064d1a22cf491bf13698e653b40f2c76d1e49dd3b148c8b0a6c7833d8
candidate,r4,coin-heaven,143023,50,50,1.0,0,116,0,0.2263188362121582,0.28777122497558594,3351df0b2edc0a485b1c6a2bd43f63e9f8809a23bb8ee479b6be91e5f8330470,True,0.22965669631958008,0.3948211669921875,3351df0b2edc0a485b1c6a2bd43f63e9f8809a23bb8ee479b6be91e5f8330470
candidate,r4,coin-heaven,143024,50,50,1.0,0,135,0,0.26967525482177734,0.4830360412597656,92a4daf7833c3b311169e6b02d086a2de40a463ce20f4bfd390feee96454eb92,True,0.31046867370605463,0.5040168762207031,92a4daf7833c3b311169e6b02d086a2de40a463ce20f4bfd390feee96454eb92
candidate,r4,coin-heaven,143025,50,50,1.0,0,138,0,0.6398916244506836,1.6510486602783203,a06806394dbd7d78f885163fea063caa299f9e0016e8a0817ee8bf32c2709af0,True,0.21224021911621094,0.3781318664550781,a06806394dbd7d78f885163fea063caa299f9e0016e8a0817ee8bf32c2709af0
candidate,r4,coin-heaven,143026,50,50,1.0,0,135,0,0.7856845855712891,1.1382102966308594,2289420a3acf1b10a4d7c5c1964e01e113867e01bed410ad4906a7fbd7a4bf52,True,0.32522678375244135,0.41985511779785156,2289420a3acf1b10a4d7c5c1964e01e113867e01bed410ad4906a7fbd7a4bf52
candidate,r4,coin-heaven,143027,50,50,1.0,0,112,0,0.5511045455932608,1.1458396911621094,c6d9cbc0fc66db7b255379e67845c39ad2cebde25955f71c78fa4b6fe3d20932,True,0.18514394760131825,0.3669261932373047,c6d9cbc0fc66db7b255379e67845c39ad2cebde25955f71c78fa4b6fe3d20932
candidate,r4,coin-heaven,143028,50,50,1.0,0,122,0,0.21357536315917963,0.5667209625244141,cbc9c48d282de5d9b4e36fe70fbe366802a41b4cd05d1ba3bf2db81863e00bc6,True,0.37072896957397455,1.0378360748291016,cbc9c48d282de5d9b4e36fe70fbe366802a41b4cd05d1ba3bf2db81863e00bc6
candidate,r4,coin-heaven,143029,50,50,1.0,0,138,0,0.3189802169799805,0.682830810546875,e4e1f1f0383777c5111cb2e2d3c55ba4a05e71489159f1cd331574ee1199eae2,True,0.46039819717407227,0.7359981536865234,e4e1f1f0383777c5111cb2e2d3c55ba4a05e71489159f1cd331574ee1199eae2
candidate,r4,coin-heaven,143030,50,50,1.0,0,127,0,0.2679109573364257,0.5960464477539062,f154f0395246ee8f3163bb9b381c7741e17b4f60c5430e5f2092f5c34070e1f4,True,0.26259422302246094,0.6818771362304688,f154f0395246ee8f3163bb9b381c7741e17b4f60c5430e5f2092f5c34070e1f4
candidate,r4,coin-heaven,143031,50,50,1.0,0,115,0,0.3375053405761719,0.4818439483642578,0987a91e69d0aac3f593ddd2865fd72bbeacae256e509535d9ffa8c9d71803d3,True,0.2256870269775388,0.9529590606689453,0987a91e69d0aac3f593ddd2865fd72bbeacae256e509535d9ffa8c9d71803d3
candidate,r4,coin-heaven,143032,50,50,1.0,0,133,0,0.3857135772705077,0.8630752563476562,adab6ee154000666e7158cce3a8e5844ef32ef208fbc863bcc058aa5243f503d,True,0.3556251525878906,0.5917549133300781,adab6ee154000666e7158cce3a8e5844ef32ef208fbc863bcc058aa5243f503d
candidate,r4,coin-heaven,143033,50,50,1.0,0,125,0,0.2006053924560547,0.32901763916015625,813b92b44b492252bb9441dc61356ef04c8bea7f257f5819805b25b331472241,True,0.2425670623779296,0.3871917724609375,813b92b44b492252bb9441dc61356ef04c8bea7f257f5819805b25b331472241
candidate,r4,coin-heaven,143034,50,50,1.0,0,126,0,0.40262937545776367,0.6120204925537109,5cea6c9c5606aae9db9ccd0c0ea4742f1180525b6cc49a8f328a462382d6df30,True,0.2765059471130371,0.4742145538330078,5cea6c9c5606aae9db9ccd0c0ea4742f1180525b6cc49a8f328a462382d6df30
candidate,r4,coin-heaven,143035,50,50,1.0,0,122,0,0.308692455291748,0.4029273986816406,b4a572b4a0b3591e5f7394b4d4fab03f9eb7500cdcae3a3025c3ff41ed064220,True,0.3278613090515136,0.5047321319580078,b4a572b4a0b3591e5f7394b4d4fab03f9eb7500cdcae3a3025c3ff41ed064220
candidate,r4,coin-heaven,143036,50,50,1.0,0,115,0,0.35734176635742165,0.6911754608154297,ae5b5e6ac306ed6e3f9d43edb3ca983c2b45e7db5a0e78d2ecbe53f5b60e42ed,True,0.4743576049804687,0.6570816040039062,ae5b5e6ac306ed6e3f9d43edb3ca983c2b45e7db5a0e78d2ecbe53f5b60e42ed
candidate,r4,coin-heaven,143037,50,50,1.0,0,138,0,0.39107799530029325,1.538991928100586,8f4693720ed55baa6cbfecb218ccdfd8871c81f203466eb4771156c86f50dd1b,True,0.2162694931030274,0.3960132598876953,8f4693720ed55baa6cbfecb218ccdfd8871c81f203466eb4771156c86f50dd1b
candidate,r4,coin-heaven,143038,50,50,1.0,0,134,0,0.6632804870605468,1.4510154724121094,9812baa69bbe94870978eefadf4a50c7c2a32390f8f57b3ce21390bf96b73f4e,True,0.39333105087280273,1.2631416320800781,9812baa69bbe94870978eefadf4a50c7c2a32390f8f57b3ce21390bf96b73f4e
candidate,r4,coin-heaven,143039,50,50,1.0,0,129,0,0.48174858093261713,1.0340213775634766,00631c90bd67dcf32f0c640298cb768ef15295ec7543c0a9e70e06501e16e997,True,0.7709026336669921,2.125978469848633,00631c90bd67dcf32f0c640298cb768ef15295ec7543c0a9e70e06501e16e997
candidate,r4,coin-heaven,143040,50,50,1.0,0,121,0,0.3139972686767578,0.35691261291503906,7d145743a305541b91e86e95090e28121179d4513fd9be301eb8c858b4423f7c,True,0.4951953887939453,1.2936592102050781,7d145743a305541b91e86e95090e28121179d4513fd9be301eb8c858b4423f7c
candidate,r4,loot-crate,144001,3,50,0.06,1,49,0,0.933504104614257,4.10008430480957,6d2d8fe0f2f7999b2d9d50b07cc078749101aac69adfc07bc373ed1e176e84b3,True,0.39048194885253856,0.43201446533203125,6d2d8fe0f2f7999b2d9d50b07cc078749101aac69adfc07bc373ed1e176e84b3
candidate,r4,loot-crate,144002,8,50,0.16,0,400,0,0.397014617919921,1.210927963256836,7ce95a34867371cc39327791374ea820db1319262673280d978def18cac893b4,True,0.41614770889282215,1.7118453979492188,7ce95a34867371cc39327791374ea820db1319262673280d978def18cac893b4
candidate,r4,loot-crate,144003,1,50,0.02,1,55,0,0.3049612045288085,0.39696693420410156,79e0deccba6bbcb356831ff70c8600ab2667c03d5edf6b7ff7c0f6500d20da3d,True,0.26545524597167947,0.4019737243652344,79e0deccba6bbcb356831ff70c8600ab2667c03d5edf6b7ff7c0f6500d20da3d
candidate,r4,loot-crate,144004,0,50,0.0,1,15,0,0.6253242492675779,0.7798671722412109,b7127611dd378d3826f09c5c926dbf994e9fa72c66e5c01a398096bc9a91f560,True,0.21378993988037104,0.2570152282714844,b7127611dd378d3826f09c5c926dbf994e9fa72c66e5c01a398096bc9a91f560
candidate,r4,loot-crate,144005,11,50,0.22,1,190,0,0.42271614074707026,1.074075698852539,18bebf8d339a9f212c4eebb23a05f358808d49eec305d85b00cba5533e0cd230,True,0.43438673019409135,0.6349086761474609,18bebf8d339a9f212c4eebb23a05f358808d49eec305d85b00cba5533e0cd230
candidate,r4,loot-crate,144006,0,50,0.0,1,15,0,0.2565622329711913,0.3228187561035156,b7127611dd378d3826f09c5c926dbf994e9fa72c66e5c01a398096bc9a91f560,True,0.27096271514892545,0.4737377166748047,b7127611dd378d3826f09c5c926dbf994e9fa72c66e5c01a398096bc9a91f560
candidate,r4,loot-crate,144007,0,50,0.0,0,400,0,0.25922060012817355,0.5319118499755859,cbf7f29356854926b16bc16a3815f84dc9fe5b26664f3cec09704717f6ab7199,True,0.2101421356201171,0.5588531494140625,cbf7f29356854926b16bc16a3815f84dc9fe5b26664f3cec09704717f6ab7199
candidate,r4,loot-crate,144008,8,50,0.16,0,400,0,0.338006019592285,1.2412071228027344,3f9daac0ab4ff4505983b984d455bd2b0c4bb5c88c0d3d52e1c9f09ef5b95e0c,True,0.3641963005065917,1.5039443969726562,3f9daac0ab4ff4505983b984d455bd2b0c4bb5c88c0d3d52e1c9f09ef5b95e0c
candidate,r4,loot-crate,144009,4,50,0.08,0,400,0,0.21808147430419908,0.4849433898925781,d541db8572e52ce43fe485d8c12a5c5d900b1d266592708030afa1f45cd8497e,True,0.6406664848327621,1.7547607421875,d541db8572e52ce43fe485d8c12a5c5d900b1d266592708030afa1f45cd8497e
candidate,r4,loot-crate,144010,11,50,0.22,0,400,0,0.20519495010375963,0.4780292510986328,788f4bea5a71ba4be2ce1a1ebfac48a2d66d35e04f81637ce9ea072870746c35,True,0.6427884101867676,2.1729469299316406,788f4bea5a71ba4be2ce1a1ebfac48a2d66d35e04f81637ce9ea072870746c35
candidate,r4,loot-crate,144011,1,50,0.02,0,400,0,0.31687021255493164,1.7478466033935547,5f0950903c10eb00e023fcc814d9c11db260ee3378d812da7880f793cb0c7682,True,0.2914786338806147,1.0869503021240234,5f0950903c10eb00e023fcc814d9c11db260ee3378d812da7880f793cb0c7682
candidate,r4,loot-crate,144012,6,50,0.12,0,400,1,0.34476518630981445,1.5387535095214844,127720c79ea1042dd46f4eb4fd2a5176e181d5855aa5833f076b18f86b81efc3,True,0.285196304321289,0.6091594696044922,127720c79ea1042dd46f4eb4fd2a5176e181d5855aa5833f076b18f86b81efc3
candidate,r4,loot-crate,144013,0,50,0.0,1,41,0,0.2529621124267578,0.3380775451660156,144ba99db9e4ac9803f0727f0eb7b24f66aaef02996703a32377202e6f693425,True,0.4291534423828125,0.49614906311035156,144ba99db9e4ac9803f0727f0eb7b24f66aaef02996703a32377202e6f693425
candidate,r4,loot-crate,144014,2,50,0.04,1,35,0,1.7824888229370115,2.081155776977539,8dbab6e11e8c6d71bbcc636de8cf4f08706bc0faab5eca33403df2fae651a043,True,0.24073123931884757,0.34689903259277344,8dbab6e11e8c6d71bbcc636de8cf4f08706bc0faab5eca33403df2fae651a043
candidate,r4,loot-crate,144015,0,50,0.0,1,34,0,0.7503628730773925,0.8628368377685547,f665f39879c20083c489a4712d22b12d9a6458d582287e152bc5b35425ee83c8,True,0.3590345382690427,0.47016143798828125,f665f39879c20083c489a4712d22b12d9a6458d582287e152bc5b35425ee83c8
candidate,r4,loot-crate,144016,12,50,0.24,0,400,0,0.640439987182617,1.1630058288574219,7bd0b271028ddd943f84902cbef395891f6a4c739aad5aca38f6c52a21167a38,True,0.463438034057617,2.1271705627441406,7bd0b271028ddd943f84902cbef395891f6a4c739aad5aca38f6c52a21167a38
candidate,r4,loot-crate,144017,1,50,0.02,0,400,0,0.19702911376953117,0.3600120544433594,4b5a5c13dded464e9d02ee358982a624c1d3c197e9d87f70ad742cf7430236d6,True,0.3240227699279785,1.3349056243896484,4b5a5c13dded464e9d02ee358982a624c1d3c197e9d87f70ad742cf7430236d6
candidate,r4,loot-crate,144018,7,50,0.14,0,400,0,0.32693147659301663,8.057832717895508,8e5ae26d57c0452eefdaa2f8f5dbb8f2a67e2ba774f3cfc1bb900638c3f38e94,True,0.31224489212036116,0.8618831634521484,8e5ae26d57c0452eefdaa2f8f5dbb8f2a67e2ba774f3cfc1bb900638c3f38e94
candidate,r4,loot-crate,144019,14,50,0.28,1,158,0,0.2343535423278809,0.47898292541503906,61a598fd4223e9328922954eb96ffc0411a3e619dd6b8f169adf8ee5dfc94a0d,True,0.7406353950500492,1.3630390167236328,61a598fd4223e9328922954eb96ffc0411a3e619dd6b8f169adf8ee5dfc94a0d
candidate,r4,loot-crate,144020,7,50,0.14,0,400,0,0.22591352462768477,0.5078315734863281,38cb99db18e89b7d30671d188b1799cda82680943dede99214bf2cfc9f70981b,True,0.6341099739074706,1.4300346374511719,38cb99db18e89b7d30671d188b1799cda82680943dede99214bf2cfc9f70981b
candidate,r4,loot-crate,144021,0,50,0.0,1,41,0,0.3170967102050781,0.4620552062988281,636dd4d151f49c0389c91b21acc096121fcd1517454468b63220e1c99a9a858e,True,0.9200572967529297,1.2700557708740234,636dd4d151f49c0389c91b21acc096121fcd1517454468b63220e1c99a9a858e
candidate,r4,loot-crate,144022,5,50,0.1,0,400,0,0.25324821472167963,0.36597251892089844,a5ab7a81518c430a8a3acf3442c27cdc12d2a75bb887558e64112d7887160842,True,0.47535896301269515,5.0678253173828125,a5ab7a81518c430a8a3acf3442c27cdc12d2a75bb887558e64112d7887160842
candidate,r4,loot-crate,144023,9,50,0.18,0,400,0,0.27298927307128906,0.49042701721191406,4a1018b60405add60ead54c940dc2306c7d1db023799599e957d8c7adf7e50e9,True,0.3363013267517089,0.9639263153076172,4a1018b60405add60ead54c940dc2306c7d1db023799599e957d8c7adf7e50e9
candidate,r4,loot-crate,144024,4,50,0.08,0,400,0,0.2769947052001945,1.2369155883789062,cbf6d3fe9f8984a2c29182e3009dc9545003a5a83c92ff5579833031ae1d3d30,True,0.36406517028808594,0.7560253143310547,cbf6d3fe9f8984a2c29182e3009dc9545003a5a83c92ff5579833031ae1d3d30
candidate,r4,loot-crate,144025,3,50,0.06,1,67,0,0.41518211364746094,0.5609989166259766,394893e68f683650d3b578a0ea8443faa7b7b3b7556b27824b45d260c40648a7,True,0.2576589584350586,0.3459453582763672,394893e68f683650d3b578a0ea8443faa7b7b3b7556b27824b45d260c40648a7
candidate,r4,loot-crate,144026,10,50,0.2,1,151,0,0.3584623336791992,0.8459091186523438,30daa974464de6fc57fd06d598254d6ed3211586dc1387e05f8b1deeab6dd063,True,0.36156177520751953,1.2469291687011719,30daa974464de6fc57fd06d598254d6ed3211586dc1387e05f8b1deeab6dd063
candidate,r4,loot-crate,144027,0,50,0.0,1,29,0,0.3766059875488281,0.38909912109375,82e9fa8bf65f4f1d8216c7ac73c97c8310e989e6d7e203158070a22eaa5be0cb,True,0.2720355987548827,0.3380775451660156,82e9fa8bf65f4f1d8216c7ac73c97c8310e989e6d7e203158070a22eaa5be0cb
candidate,r4,loot-crate,144028,6,50,0.12,1,111,0,0.45299530029296875,0.965118408203125,1c99c1368e0bfbacdb040ed2fc055dd0481b94bb3acde8979641d444b7f00ba1,True,0.5446672439575195,0.6532669067382812,1c99c1368e0bfbacdb040ed2fc055dd0481b94bb3acde8979641d444b7f00ba1
candidate,r4,loot-crate,144029,0,50,0.0,1,21,0,0.6000995635986328,0.6017684936523438,ce6cb32370c53840083db2a7b0149bf85dfa6c37864680b0d1a2a95bda164886,True,0.28586387634277344,0.3199577331542969,ce6cb32370c53840083db2a7b0149bf85dfa6c37864680b0d1a2a95bda164886
candidate,r4,loot-crate,144030,0,50,0.0,0,400,0,0.5693674087524412,1.3020038604736328,072b6ec356b1f474edcf4b6bc746a83f47578bc929f39b77d2290acff242f8f5,True,0.5539059638977051,2.835988998413086,072b6ec356b1f474edcf4b6bc746a83f47578bc929f39b77d2290acff242f8f5
candidate,r4,loot-crate,144031,3,50,0.06,1,70,0,0.3252029418945312,0.8890628814697266,1546fa7cc1272105021e68257d6f5093754569d334bc2a6edaeff8ad9c0fb39c,True,0.5105137825012206,1.1069774627685547,1546fa7cc1272105021e68257d6f5093754569d334bc2a6edaeff8ad9c0fb39c
candidate,r4,loot-crate,144032,1,50,0.02,0,400,0,0.1988530158996582,0.5030632019042969,5a27b29393314c76973de1efb6fa7f7ef23f939e33b407f0001b150cdbc3a0d4,True,0.3245353698730462,2.3260116577148438,5a27b29393314c76973de1efb6fa7f7ef23f939e33b407f0001b150cdbc3a0d4
candidate,r4,loot-crate,144033,2,50,0.04,1,35,0,0.2725839614868163,0.6086826324462891,1369fa640899ae0a74d6184e5c20edd07a06ee832ca5b58fc6d13020476367c2,True,0.3374099731445309,0.5419254302978516,1369fa640899ae0a74d6184e5c20edd07a06ee832ca5b58fc6d13020476367c2
candidate,r4,loot-crate,144034,2,50,0.04,0,400,0,0.21736621856689417,0.5240440368652344,2e1e472df052d7f74600fd50f443449a73a97ddbaba4ed56fa55757e6621c63a,True,0.411057472229003,5.674123764038086,2e1e472df052d7f74600fd50f443449a73a97ddbaba4ed56fa55757e6621c63a
candidate,r4,loot-crate,144035,0,50,0.0,0,400,0,0.19789934158325195,0.40912628173828125,414f97f4d438de99bd47d08386543b2be4b27fc5e744cb472ab61c8f4849033b,True,0.36323070526123014,1.6698837280273438,414f97f4d438de99bd47d08386543b2be4b27fc5e744cb472ab61c8f4849033b
candidate,r4,loot-crate,144036,2,50,0.04,1,36,0,0.3012418746948242,0.7269382476806641,34020ea261d4fcc61cba5348d3cc5019c5b9168b26a1d5632f3ef4e87900325d,True,0.47081708908081055,0.7648468017578125,34020ea261d4fcc61cba5348d3cc5019c5b9168b26a1d5632f3ef4e87900325d
candidate,r4,loot-crate,144037,9,50,0.18,0,400,0,0.460982322692871,0.9448528289794922,ad68205cf110f9f8f99f08e42f13bed7457b73f6c8094141adbe0e7638b460ec,True,0.3355622291564938,0.7588863372802734,ad68205cf110f9f8f99f08e42f13bed7457b73f6c8094141adbe0e7638b460ec
candidate,r4,loot-crate,144038,1,50,0.02,0,400,0,0.45791864395141585,1.7399787902832031,5a27b29393314c76973de1efb6fa7f7ef23f939e33b407f0001b150cdbc3a0d4,True,0.3600716590881347,1.8210411071777344,5a27b29393314c76973de1efb6fa7f7ef23f939e33b407f0001b150cdbc3a0d4
candidate,r4,loot-crate,144039,15,50,0.3,0,400,0,0.23508071899414062,0.6997585296630859,99a19fbc4c8cf5ae1e6211f5643872450c0968abc7c55cc30ecec19b7de72786,True,0.3449440002441398,1.3821125030517578,99a19fbc4c8cf5ae1e6211f5643872450c0968abc7c55cc30ecec19b7de72786
candidate,r4,loot-crate,144040,2,50,0.04,1,35,0,0.3423452377319335,0.4189014434814453,402b28cd46869645af09b2ccde6335b7f89660acc8bfdeb3f2c5c2db67de671a,True,0.5613565444946285,0.6957054138183594,402b28cd46869645af09b2ccde6335b7f89660acc8bfdeb3f2c5c2db67de671a
candidate,r5,classic,142001,1,9,0.1111111111111111,0,400,0,0.45152902603149375,0.8330345153808594,92719fd7ddc5acf2ebc61278e0ecd01894bcde0625d3c1d3132bcfe50fe74f21,True,0.2949953079223632,1.7240047454833984,92719fd7ddc5acf2ebc61278e0ecd01894bcde0625d3c1d3132bcfe50fe74f21
candidate,r5,classic,142002,3,9,0.3333333333333333,0,400,0,0.23117065429687486,1.5039443969726562,2c8213fd6d04a33c4390ef1368c8eeb10188a2daeffab0a085da20fba82e4bcd,True,0.2293586730957029,0.9150505065917969,2c8213fd6d04a33c4390ef1368c8eeb10188a2daeffab0a085da20fba82e4bcd
candidate,r5,classic,142003,5,9,0.5555555555555556,0,400,0,0.27804374694824213,1.070261001586914,23d40a91d4b80e36c89a1e4308e40fb35b6f0495e67047eb7c61cf831e02c19b,True,0.2680063247680662,0.6930828094482422,23d40a91d4b80e36c89a1e4308e40fb35b6f0495e67047eb7c61cf831e02c19b
candidate,r5,classic,142004,1,9,0.1111111111111111,1,57,0,0.3214836120605468,0.7739067077636719,bc64c8197300609107bcea9ceee9eb7d04933bbc0e501df663c73b68552944e3,True,0.2366542816162108,0.33593177795410156,bc64c8197300609107bcea9ceee9eb7d04933bbc0e501df663c73b68552944e3
candidate,r5,classic,142005,4,9,0.4444444444444444,0,400,0,0.22728443145751948,0.49304962158203125,bc180eb838e614df833376fdad5c8cef1df328e8c41c99d98b8d284495406169,True,0.22227764129638644,0.7660388946533203,bc180eb838e614df833376fdad5c8cef1df328e8c41c99d98b8d284495406169
candidate,r5,classic,142006,0,9,0.0,0,400,0,0.2321124076843254,0.8099079132080078,c5fd36292326bab490d10921466cab1e5e7977ef10bdc35fec6934358e6456ae,True,0.22912025451660156,0.6849765777587891,c5fd36292326bab490d10921466cab1e5e7977ef10bdc35fec6934358e6456ae
candidate,r5,classic,142007,1,9,0.1111111111111111,0,400,0,0.2561092376708984,1.1959075927734375,c5958f7b207697d6db22603a5c469574d3940bd56f69435623f75acf59dece7d,True,0.2139210700988769,0.6041526794433594,c5958f7b207697d6db22603a5c469574d3940bd56f69435623f75acf59dece7d
candidate,r5,classic,142008,2,9,0.2222222222222222,1,139,0,0.35083293914794894,0.759124755859375,6a80da108b8884ce642bbebb031e7840817fb59dbe0777055d569cf83d57f377,True,0.3327846527099609,0.8609294891357422,6a80da108b8884ce642bbebb031e7840817fb59dbe0777055d569cf83d57f377
candidate,r5,classic,142009,2,9,0.2222222222222222,0,400,0,0.5870342254638672,0.84686279296875,6000f3e6a45821565bd61dabc476be83066f7bdd9ae096fb303a2ec12e456adc,True,0.26355981826782193,0.4928112030029297,6000f3e6a45821565bd61dabc476be83066f7bdd9ae096fb303a2ec12e456adc
candidate,r5,classic,142010,1,9,0.1111111111111111,0,400,0,0.5174398422241206,2.022981643676758,e98e8d36158ae186e9750cf523db3242e1f14e8c841407793db90c303fce6b84,True,0.23567676544189398,0.7841587066650391,e98e8d36158ae186e9750cf523db3242e1f14e8c841407793db90c303fce6b84
candidate,r5,classic,142011,1,9,0.1111111111111111,0,400,0,0.2766847610473627,1.3267993927001953,bde2c4ceeca82c07d8fd984f67f332931e5061c33e07a88d70be7a3709de72d5,True,0.24837255477905257,1.1358261108398438,bde2c4ceeca82c07d8fd984f67f332931e5061c33e07a88d70be7a3709de72d5
candidate,r5,classic,142012,1,9,0.1111111111111111,0,400,0,0.33332109451293923,1.6202926635742188,935436f69642a3051c0d0a39c16ee1396706da74782a4f9343131ae286c0e3a0,True,0.7030248641967772,1.2850761413574219,935436f69642a3051c0d0a39c16ee1396706da74782a4f9343131ae286c0e3a0
candidate,r5,classic,142013,0,9,0.0,0,400,0,0.2442121505737302,0.5960464477539062,0c0e3c4de8f1b49641e030db79e3ad30366ea6f38d4d7d50b3713e98fcd69377,True,0.5617022514343255,1.672983169555664,0c0e3c4de8f1b49641e030db79e3ad30366ea6f38d4d7d50b3713e98fcd69377
candidate,r5,classic,142014,3,9,0.3333333333333333,0,400,0,0.2832174301147457,1.1410713195800781,88336486bfdaf54c8cd087071f6e7538f3e30dfce0c90da56044eb5147e840d7,True,0.25702714920043923,0.4799365997314453,88336486bfdaf54c8cd087071f6e7538f3e30dfce0c90da56044eb5147e840d7
candidate,r5,classic,142015,1,9,0.1111111111111111,0,400,0,0.28207302093505837,1.4121532440185547,dfe857542e1f2c3131d4c8a6d6566d45c720f715e14ddd6f32c9854c95ebaa26,True,0.2023220062255858,0.5521774291992188,dfe857542e1f2c3131d4c8a6d6566d45c720f715e14ddd6f32c9854c95ebaa26
candidate,r5,classic,142016,1,9,0.1111111111111111,0,400,0,0.4852652549743652,1.3661384582519531,72ed08d555b8aea8c71b3061a2c5cc7096fbc515684cac8fce1a72b3923acaf8,True,0.4632592201232908,1.928091049194336,72ed08d555b8aea8c71b3061a2c5cc7096fbc515684cac8fce1a72b3923acaf8
candidate,r5,classic,142017,0,9,0.0,0,400,0,0.4110574722290037,1.0921955108642578,cad51e415807229c6c0207368fcf6c802390c359fe3f2e09ed6d2df388000bdc,True,0.22658109664916942,0.8740425109863281,cad51e415807229c6c0207368fcf6c802390c359fe3f2e09ed6d2df388000bdc
candidate,r5,classic,142018,1,9,0.1111111111111111,0,400,0,0.2312302589416502,0.44798851013183594,85e718d50e4afe1fc4574c0c23f16f510103276b7a6c7d973aae9ca37af76562,True,0.40566921234130804,1.0790824890136719,85e718d50e4afe1fc4574c0c23f16f510103276b7a6c7d973aae9ca37af76562
candidate,r5,classic,142019,2,9,0.2222222222222222,0,400,0,0.24390220642089844,0.47326087951660156,b2bdeb74067b7e32a31973c5a84bf76db9315ff044588f07f9a1fe9ddab2135f,True,0.3221392631530761,0.7431507110595703,b2bdeb74067b7e32a31973c5a84bf76db9315ff044588f07f9a1fe9ddab2135f
candidate,r5,classic,142020,1,9,0.1111111111111111,0,400,0,0.220203399658203,0.6458759307861328,37058aad57fe81237dc2c4b0aa54e56aefd411fb4fdfad019eae6f6d5c23c5e1,True,0.3542542457580565,0.6570816040039062,37058aad57fe81237dc2c4b0aa54e56aefd411fb4fdfad019eae6f6d5c23c5e1
candidate,r5,classic,142021,2,9,0.2222222222222222,0,400,0,0.2829790115356443,0.6139278411865234,f9b8a40eacc2ec45e728c25b87eb8c6ee87099ad3172c1a4986681521e05769c,True,0.22312402725219707,0.5397796630859375,f9b8a40eacc2ec45e728c25b87eb8c6ee87099ad3172c1a4986681521e05769c
candidate,r5,classic,142022,0,9,0.0,0,400,0,0.27455091476440374,1.260995864868164,0ae9bf0036202f8225148af40d262a252bd4f372865663d81f5c024361a6ef60,True,0.2199411392211913,0.4730224609375,0ae9bf0036202f8225148af40d262a252bd4f372865663d81f5c024361a6ef60
candidate,r5,classic,142023,1,9,0.1111111111111111,0,400,0,0.41704177856445307,2.7620792388916016,c29d6ebd99c27bf7200c67191dd06af730f5975338c2001483654a355498ac8f,True,0.2541899681091308,0.5371570587158203,c29d6ebd99c27bf7200c67191dd06af730f5975338c2001483654a355498ac8f
candidate,r5,classic,142024,3,9,0.3333333333333333,0,400,0,0.37075281143188477,1.5568733215332031,1fb9b8c8faef36abfc47f00e2f5ae4388886d9fbfb0761515df47dd9853f3be2,True,0.22516250610351554,0.3910064697265625,1fb9b8c8faef36abfc47f00e2f5ae4388886d9fbfb0761515df47dd9853f3be2
candidate,r5,classic,142025,0,9,0.0,0,400,0,0.27282238006591747,0.8208751678466797,c4d1c9e9c3bca9b2fbc4b8475c69fbf0d45461563f33805d924691a9d9c03d89,True,0.19137859344482386,0.5161762237548828,c4d1c9e9c3bca9b2fbc4b8475c69fbf0d45461563f33805d924691a9d9c03d89
candidate,r5,classic,142026,3,9,0.3333333333333333,0,400,0,0.2509832382202147,0.5638599395751953,01de436992b503d2fea5df4af5077ea954738cace9977a337db017ccc2621bfa,True,0.2702116966247558,0.5083084106445312,01de436992b503d2fea5df4af5077ea954738cace9977a337db017ccc2621bfa
candidate,r5,classic,142027,2,9,0.2222222222222222,0,400,0,0.28922557830810525,0.5047321319580078,1293d229b9a53c3920c246a5f9a6ae52dfaed535503aa2b017390c641f349681,True,0.24625062942504863,0.5652904510498047,1293d229b9a53c3920c246a5f9a6ae52dfaed535503aa2b017390c641f349681
candidate,r5,classic,142028,1,9,0.1111111111111111,0,400,0,0.6174325942993161,2.010822296142578,0f9a09978318a7267f13fa98a760678661de38361573c08e1caf880eb45e86d9,True,0.2143621444702144,0.4451274871826172,0f9a09978318a7267f13fa98a760678661de38361573c08e1caf880eb45e86d9
candidate,r5,classic,142029,1,9,0.1111111111111111,0,400,0,0.594961643218994,1.6608238220214844,1a07e9b2aaab32f51909f7c9330b0d86c71ca29ce7bca7ad347ef66324d82bdb,True,0.20103454589843744,0.4019737243652344,1a07e9b2aaab32f51909f7c9330b0d86c71ca29ce7bca7ad347ef66324d82bdb
candidate,r5,classic,142030,0,9,0.0,0,400,0,0.21127462387084958,0.7278919219970703,882b535c86a3e9970d0644c6d7675f6d5634304eb2a7a98be371ff99543e98bc,True,0.18111467361450181,0.4239082336425781,882b535c86a3e9970d0644c6d7675f6d5634304eb2a7a98be371ff99543e98bc
candidate,r5,classic,142031,1,9,0.1111111111111111,0,400,0,0.20805597305297838,0.41484832763671875,4c481ea51bcf330ea21c19e125f7e0228be5d03471e18a6640d01821917612ab,True,0.589358806610107,2.027750015258789,4c481ea51bcf330ea21c19e125f7e0228be5d03471e18a6640d01821917612ab
candidate,r5,classic,142032,5,9,0.5555555555555556,0,400,0,0.3426790237426757,1.5959739685058594,ea94e939b8f26b3e9b1e6394b322eb935a4a09d53bade247dd0738ffca30a8b9,True,0.6272912025451658,1.3079643249511719,ea94e939b8f26b3e9b1e6394b322eb935a4a09d53bade247dd0738ffca30a8b9
candidate,r5,classic,142033,2,9,0.2222222222222222,0,400,0,0.2189278602600097,0.4298686981201172,5c014e17af5ea26a7c31ef710b46ad89d54e4be0d30d2349d309611036571d37,True,0.21210908889770494,0.7941722869873047,5c014e17af5ea26a7c31ef710b46ad89d54e4be0d30d2349d309611036571d37
candidate,r5,classic,142034,1,9,0.1111111111111111,0,400,0,0.2909302711486816,0.7929801940917969,ebc1a9aab35de75f561542cd6e2b0de72aba4d4f54395de875911fab8d0addf4,True,0.2652883529663082,0.5629062652587891,ebc1a9aab35de75f561542cd6e2b0de72aba4d4f54395de875911fab8d0addf4
candidate,r5,classic,142035,1,9,0.1111111111111111,0,400,0,0.24051666259765608,0.6880760192871094,3c7d9d5efb704649e802ad62cdf0a8ec148b35ca1fd1a1ac1603e0e936c81c7f,True,0.3851056098937988,1.4808177947998047,3c7d9d5efb704649e802ad62cdf0a8ec148b35ca1fd1a1ac1603e0e936c81c7f
candidate,r5,classic,142036,0,9,0.0,0,400,0,0.23921728134155265,0.5860328674316406,2ef2d9b5f80c990ad791cb9f845829a6910b79bfba1eed42f866cf30352375d4,True,0.4633545875549313,1.6820430755615234,2ef2d9b5f80c990ad791cb9f845829a6910b79bfba1eed42f866cf30352375d4
candidate,r5,classic,142037,3,9,0.3333333333333333,0,400,0,0.3615379333496091,2.496004104614258,9bf0314ecfd15ee69227d099cb4922a59ec523e199badfcac795fd5ac8e09b51,True,0.4679799079895018,0.9920597076416016,9bf0314ecfd15ee69227d099cb4922a59ec523e199badfcac795fd5ac8e09b51
candidate,r5,classic,142038,0,9,0.0,0,400,0,0.29126405715942366,0.8199214935302734,c7d8145e9ca6cf1f7057d72f52db1e5c3fbefb1dfa4d2bc9327dff881011053e,True,0.22222995758056616,0.6132125854492188,c7d8145e9ca6cf1f7057d72f52db1e5c3fbefb1dfa4d2bc9327dff881011053e
candidate,r5,classic,142039,0,9,0.0,0,400,0,0.553452968597412,3.900766372680664,b43f96ce0507d3dd931b7787414a88ecd8e8647f455c272b42d101628a35ac9e,True,0.3071546554565427,0.9400844573974609,b43f96ce0507d3dd931b7787414a88ecd8e8647f455c272b42d101628a35ac9e
candidate,r5,classic,142040,0,9,0.0,0,400,0,0.7203340530395504,3.877878189086914,85e5f2f96b4182da9b60ca28a57dc7012bd27aeb5eddf048020aa35313f4031b,True,0.7934212684631335,2.2509098052978516,85e5f2f96b4182da9b60ca28a57dc7012bd27aeb5eddf048020aa35313f4031b
candidate,r5,coin-heaven,143001,50,50,1.0,0,125,0,0.7593154907226562,1.291036605834961,893203d39d221590aaeea14b9c94cf453d48dfb9b6af6db798931e56f6f0eef9,True,0.28691291809082026,0.42176246643066406,893203d39d221590aaeea14b9c94cf453d48dfb9b6af6db798931e56f6f0eef9
candidate,r5,coin-heaven,143002,50,50,1.0,0,127,0,0.18758773803710938,0.3399848937988281,fc0879230590abd194b65a5ce2e63de3bec2133dc8e201364820f431014fa8c3,True,0.20551681518554682,0.40602684020996094,fc0879230590abd194b65a5ce2e63de3bec2133dc8e201364820f431014fa8c3
candidate,r5,coin-heaven,143003,50,50,1.0,0,129,0,0.2322673797607421,0.4220008850097656,9b28690f4dfc420fb30b73bd5cb1dc922ef6904c2948de5fa1b0a8c8e6220043,True,0.21667480468749997,0.3809928894042969,9b28690f4dfc420fb30b73bd5cb1dc922ef6904c2948de5fa1b0a8c8e6220043
candidate,r5,coin-heaven,143004,50,50,1.0,0,119,0,0.1944780349731445,0.3132820129394531,8d62a5e36eac89a2ecbcf038e25f3b325b4794ec527e815a9165f800de11b060,True,0.21991729736328125,0.3440380096435547,8d62a5e36eac89a2ecbcf038e25f3b325b4794ec527e815a9165f800de11b060
candidate,r5,coin-heaven,143005,50,50,1.0,0,123,0,0.2647161483764648,1.0907649993896484,141a4d1e9f1d25380ec980c07956fc0d9bd768f03c4e5ec69a81fc7e9044abb9,True,0.32711029052734375,0.5450248718261719,141a4d1e9f1d25380ec980c07956fc0d9bd768f03c4e5ec69a81fc7e9044abb9
candidate,r5,coin-heaven,143006,50,50,1.0,0,119,0,0.27039051055908203,0.5280971527099609,57e5d720353df4f8a22c78cb21107e4ea268b333fec14170ddb1bb11d57f51de,True,0.3189325332641601,0.6778240203857422,57e5d720353df4f8a22c78cb21107e4ea268b333fec14170ddb1bb11d57f51de
candidate,r5,coin-heaven,143007,50,50,1.0,0,117,0,0.33078193664550776,0.7178783416748047,ab1fa49c5a7b912001d87ff94feb1efc5de7af09cdc99ff7d03ab6f98dd108f8,True,0.3308296203613279,0.4677772521972656,ab1fa49c5a7b912001d87ff94feb1efc5de7af09cdc99ff7d03ab6f98dd108f8
candidate,r5,coin-heaven,143008,50,50,1.0,0,119,0,0.24375915527343744,0.42700767517089844,0702ec8da437fafc3fb9c570a79cb4171a40dd04f65e4a1d111f09f8c4c4cf16,True,0.241708755493164,0.4069805145263672,0702ec8da437fafc3fb9c570a79cb4171a40dd04f65e4a1d111f09f8c4c4cf16
candidate,r5,coin-heaven,143009,50,50,1.0,0,124,0,0.33637285232543934,0.5283355712890625,e45996aa911815c42b9181e4238394f204abb1649cc3bbb957efea15a7650499,True,0.16770362854003898,0.2288818359375,e45996aa911815c42b9181e4238394f204abb1649cc3bbb957efea15a7650499
candidate,r5,coin-heaven,143010,50,50,1.0,0,113,0,0.2572059631347654,0.4458427429199219,f7ba9ea5ae3f0318046f490f0c9856b64c8860e2a3b2b37404605fbda970574b,True,0.18267631530761694,0.26702880859375,f7ba9ea5ae3f0318046f490f0c9856b64c8860e2a3b2b37404605fbda970574b
candidate,r5,coin-heaven,143011,50,50,1.0,0,128,0,0.6874442100524901,2.0720958709716797,6d55c7dfd0e629f05fdf0cd18aa01a3347a4e84d02a6b904ba403fb911a2a674,True,0.21269321441650377,0.5192756652832031,6d55c7dfd0e629f05fdf0cd18aa01a3347a4e84d02a6b904ba403fb911a2a674
candidate,r5,coin-heaven,143012,50,50,1.0,0,129,0,0.5051612854003906,0.8921623229980469,b12cd6fec9e2e26f1361efd6f53aae666d98dbbfef9001a0fe24cd6089480488,True,0.3534317016601562,0.43320655822753906,b12cd6fec9e2e26f1361efd6f53aae666d98dbbfef9001a0fe24cd6089480488
candidate,r5,coin-heaven,143013,50,50,1.0,0,130,0,0.7926821708679199,2.5637149810791016,fd189cfc42fcd0856e8cfad50585c4a168ecc8106e9dc93aae6fc4b56a38ac9e,True,0.2365589141845703,0.4229545593261719,fd189cfc42fcd0856e8cfad50585c4a168ecc8106e9dc93aae6fc4b56a38ac9e
candidate,r5,coin-heaven,143014,50,50,1.0,0,120,0,0.25862455368041987,0.3609657287597656,06fbd001fc7fa6a1c0b86a865a336196095777b9d0bf441f8a060530ab1bb4b9,True,0.19418001174926758,0.2961158752441406,06fbd001fc7fa6a1c0b86a865a336196095777b9d0bf441f8a060530ab1bb4b9
candidate,r5,coin-heaven,143015,50,50,1.0,0,127,0,0.1610517501831054,0.41174888610839844,0e4ece95962be36f0a8ad3dd7ad18d214236eab5dc26e3eb6168bb5dd088e614,True,0.17094612121582023,0.3628730773925781,0e4ece95962be36f0a8ad3dd7ad18d214236eab5dc26e3eb6168bb5dd088e614
candidate,r5,coin-heaven,143016,50,50,1.0,0,123,0,0.6204605102539059,1.3899803161621094,f5432d96819a6cb5f100e07544f1a8a0374b38ef3abc35b5f6f58b5904b183c2,True,0.25360584259033175,0.5140304565429688,f5432d96819a6cb5f100e07544f1a8a0374b38ef3abc35b5f6f58b5904b183c2
candidate,r5,coin-heaven,143017,50,50,1.0,0,124,0,0.48321485519409163,8.151054382324219,f58ad2582afbcd7e0d9992633ebff04131b6b13ac25be02341944489859e006a,True,0.27756690979003906,1.619100570678711,f58ad2582afbcd7e0d9992633ebff04131b6b13ac25be02341944489859e006a
candidate,r5,coin-heaven,143018,50,50,1.0,0,117,0,0.16045570373535137,0.2741813659667969,1a0568e6476d3cf92a392f5437c77a2d568432bd69c2551062090ebd35c45e26,True,0.23012161254882804,1.3620853424072266,1a0568e6476d3cf92a392f5437c77a2d568432bd69c2551062090ebd35c45e26
candidate,r5,coin-heaven,143019,50,50,1.0,0,105,0,0.19378662109374997,0.4410743713378906,530735a8de15978df8da09097e474954ba3b5873a2b28e0d2ce4bd64ce913cd9,True,0.23484230041503906,0.47087669372558594,530735a8de15978df8da09097e474954ba3b5873a2b28e0d2ce4bd64ce913cd9
candidate,r5,coin-heaven,143020,50,50,1.0,0,132,0,0.25531053543090787,0.4718303680419922,19ce9f2ae55fe263e7d965b9f046a25f05c1e91e15ffea7c67d925aa0a911a70,True,0.2144694328308105,0.4038810729980469,19ce9f2ae55fe263e7d965b9f046a25f05c1e91e15ffea7c67d925aa0a911a70
candidate,r5,coin-heaven,143021,50,50,1.0,0,125,0,0.20208358764648438,0.49996376037597656,65a3c131ad4c946b51635d356a333f505ef0ec8aac88ffed6de1a435802dddb6,True,0.25186538696289057,0.5948543548583984,65a3c131ad4c946b51635d356a333f505ef0ec8aac88ffed6de1a435802dddb6
candidate,r5,coin-heaven,143022,50,50,1.0,0,127,0,0.2831697463989258,0.492095947265625,2fa20c3064d1a22cf491bf13698e653b40f2c76d1e49dd3b148c8b0a6c7833d8,True,0.32439231872558577,0.5192756652832031,2fa20c3064d1a22cf491bf13698e653b40f2c76d1e49dd3b148c8b0a6c7833d8
candidate,r5,coin-heaven,143023,50,50,1.0,0,116,0,0.5666613578796387,1.3551712036132812,3351df0b2edc0a485b1c6a2bd43f63e9f8809a23bb8ee479b6be91e5f8330470,True,0.3338456153869629,0.4253387451171875,3351df0b2edc0a485b1c6a2bd43f63e9f8809a23bb8ee479b6be91e5f8330470
candidate,r5,coin-heaven,143024,50,50,1.0,0,135,0,0.4117250442504883,0.9369850158691406,92a4daf7833c3b311169e6b02d086a2de40a463ce20f4bfd390feee96454eb92,True,0.6219625473022461,1.561880111694336,92a4daf7833c3b311169e6b02d086a2de40a463ce20f4bfd390feee96454eb92
candidate,r5,coin-heaven,143025,50,50,1.0,0,138,0,0.4672050476074219,0.9698867797851562,a06806394dbd7d78f885163fea063caa299f9e0016e8a0817ee8bf32c2709af0,True,0.47634840011596685,0.6248950958251953,a06806394dbd7d78f885163fea063caa299f9e0016e8a0817ee8bf32c2709af0
candidate,r5,coin-heaven,143026,50,50,1.0,0,135,0,0.26040077209472656,0.32520294189453125,2289420a3acf1b10a4d7c5c1964e01e113867e01bed410ad4906a7fbd7a4bf52,True,0.26571750640869135,0.4379749298095703,2289420a3acf1b10a4d7c5c1964e01e113867e01bed410ad4906a7fbd7a4bf52
candidate,r5,coin-heaven,143027,50,50,1.0,0,112,0,0.305879116058349,0.5288124084472656,c6d9cbc0fc66db7b255379e67845c39ad2cebde25955f71c78fa4b6fe3d20932,True,0.3267288208007803,0.7500648498535156,c6d9cbc0fc66db7b255379e67845c39ad2cebde25955f71c78fa4b6fe3d20932
candidate,r5,coin-heaven,143028,50,50,1.0,0,122,0,0.1759052276611328,0.25177001953125,cbc9c48d282de5d9b4e36fe70fbe366802a41b4cd05d1ba3bf2db81863e00bc6,True,0.27933120727539046,0.5931854248046875,cbc9c48d282de5d9b4e36fe70fbe366802a41b4cd05d1ba3bf2db81863e00bc6
candidate,r5,coin-heaven,143029,50,50,1.0,0,138,0,0.32682418823242193,0.614166259765625,e4e1f1f0383777c5111cb2e2d3c55ba4a05e71489159f1cd331574ee1199eae2,True,0.38796663284301763,0.5488395690917969,e4e1f1f0383777c5111cb2e2d3c55ba4a05e71489159f1cd331574ee1199eae2
candidate,r5,coin-heaven,143030,50,50,1.0,0,127,0,0.23403167724609358,0.3509521484375,f154f0395246ee8f3163bb9b381c7741e17b4f60c5430e5f2092f5c34070e1f4,True,0.2338647842407226,0.3170967102050781,f154f0395246ee8f3163bb9b381c7741e17b4f60c5430e5f2092f5c34070e1f4
candidate,r5,coin-heaven,143031,50,50,1.0,0,115,0,0.17859935760498047,0.2598762512207031,0987a91e69d0aac3f593ddd2865fd72bbeacae256e509535d9ffa8c9d71803d3,True,0.21309852600097656,0.3039836883544922,0987a91e69d0aac3f593ddd2865fd72bbeacae256e509535d9ffa8c9d71803d3
candidate,r5,coin-heaven,143032,50,50,1.0,0,114,0,0.16841888427734375,0.40602684020996094,78bce38e8c9a0561e0b072abec445ceb783a3ec4a6d2ef94c14e8a64614de18f,True,0.24563074111938474,0.45609474182128906,78bce38e8c9a0561e0b072abec445ceb783a3ec4a6d2ef94c14e8a64614de18f
candidate,r5,coin-heaven,143033,50,50,1.0,0,125,0,0.22277832031249994,0.3631114959716797,813b92b44b492252bb9441dc61356ef04c8bea7f257f5819805b25b331472241,True,0.2865791320800781,0.35309791564941406,813b92b44b492252bb9441dc61356ef04c8bea7f257f5819805b25b331472241
candidate,r5,coin-heaven,143034,50,50,1.0,0,126,0,0.34368038177490234,0.6883144378662109,5cea6c9c5606aae9db9ccd0c0ea4742f1180525b6cc49a8f328a462382d6df30,True,0.25653839111328125,0.4551410675048828,5cea6c9c5606aae9db9ccd0c0ea4742f1180525b6cc49a8f328a462382d6df30
candidate,r5,coin-heaven,143035,50,50,1.0,0,122,0,0.5909323692321777,1.1200904846191406,b4a572b4a0b3591e5f7394b4d4fab03f9eb7500cdcae3a3025c3ff41ed064220,True,0.34855604171752896,0.6499290466308594,b4a572b4a0b3591e5f7394b4d4fab03f9eb7500cdcae3a3025c3ff41ed064220
candidate,r5,coin-heaven,143036,50,50,1.0,0,115,0,0.26178359985351557,0.5838871002197266,ae5b5e6ac306ed6e3f9d43edb3ca983c2b45e7db5a0e78d2ecbe53f5b60e42ed,True,0.22163391113281244,0.5090236663818359,ae5b5e6ac306ed6e3f9d43edb3ca983c2b45e7db5a0e78d2ecbe53f5b60e42ed
candidate,r5,coin-heaven,143037,50,50,1.0,0,138,0,0.2500772476196289,0.6990432739257812,8f4693720ed55baa6cbfecb218ccdfd8871c81f203466eb4771156c86f50dd1b,True,0.2933859825134278,0.6241798400878906,8f4693720ed55baa6cbfecb218ccdfd8871c81f203466eb4771156c86f50dd1b
candidate,r5,coin-heaven,143038,50,50,1.0,0,134,0,0.3231763839721679,0.5340576171875,9812baa69bbe94870978eefadf4a50c7c2a32390f8f57b3ce21390bf96b73f4e,True,0.28327703475952143,0.39386749267578125,9812baa69bbe94870978eefadf4a50c7c2a32390f8f57b3ce21390bf96b73f4e
candidate,r5,coin-heaven,143039,50,50,1.0,0,129,0,0.20771026611328122,0.3199577331542969,00631c90bd67dcf32f0c640298cb768ef15295ec7543c0a9e70e06501e16e997,True,0.37126541137695285,0.7729530334472656,00631c90bd67dcf32f0c640298cb768ef15295ec7543c0a9e70e06501e16e997
candidate,r5,coin-heaven,143040,50,50,1.0,0,119,0,0.1886844635009764,0.3619194030761719,a90904fe6f5b690160dee6e539ab9c6436c00aceb0217e05a524759b352f760a,True,0.3201723098754883,0.49877166748046875,a90904fe6f5b690160dee6e539ab9c6436c00aceb0217e05a524759b352f760a
candidate,r5,loot-crate,144001,1,50,0.02,0,400,0,0.5431890487670895,1.0361671447753906,8beeefb5b200d77420b4ac4dd5ec89e443a2eee2011cc31010213f79e97cd16f,True,0.2508997917175286,0.5431175231933594,8beeefb5b200d77420b4ac4dd5ec89e443a2eee2011cc31010213f79e97cd16f
candidate,r5,loot-crate,144002,4,50,0.08,0,400,0,0.7297039031982414,1.4510154724121094,ff15ec1ee9aa043fcb4b8b994fd276f80c520da1a660dd299c0c9781e7c5c1e5,True,0.262308120727539,1.0709762573242188,ff15ec1ee9aa043fcb4b8b994fd276f80c520da1a660dd299c0c9781e7c5c1e5
candidate,r5,loot-crate,144003,16,50,0.32,1,259,0,0.48413276672363276,1.1637210845947266,c4f3bfb4ba04d47b0d48af38c1c176cffb874b4bbcb4f5b9aa4a227548036ff8,True,0.3228664398193359,1.377105712890625,c4f3bfb4ba04d47b0d48af38c1c176cffb874b4bbcb4f5b9aa4a227548036ff8
candidate,r5,loot-crate,144004,16,50,0.32,0,400,0,0.31596422195434565,0.7967948913574219,1e7ed75d05aec1a2c9c9ba54fe4f17f98db9cd867d1fb4eb2c3b420353ba3dfc,True,0.7368922233581526,2.045869827270508,1e7ed75d05aec1a2c9c9ba54fe4f17f98db9cd867d1fb4eb2c3b420353ba3dfc
candidate,r5,loot-crate,144005,2,50,0.04,1,48,0,0.40149688720703125,1.0921955108642578,b3a3acfb17a66f3f074047c59b7a88ffcdfc2943009f70fac3317174d2c35dbd,True,0.49870014190673817,0.7481575012207031,b3a3acfb17a66f3f074047c59b7a88ffcdfc2943009f70fac3317174d2c35dbd
candidate,r5,loot-crate,144006,7,50,0.14,0,400,0,0.26707649230957026,0.9987354278564453,a057f3e6b15b8e858420f7468a5271142ab2ff3dc79ddaa3520ecca89a640438,True,0.508272647857665,4.320859909057617,a057f3e6b15b8e858420f7468a5271142ab2ff3dc79ddaa3520ecca89a640438
candidate,r5,loot-crate,144007,0,50,0.0,1,27,0,0.2556085586547851,0.7300376892089844,d3c7078e9dcb079c4fad6296b229d11b930b3d4ff4d93caf9cfae0d8901b1458,True,0.33361911773681635,0.5018711090087891,d3c7078e9dcb079c4fad6296b229d11b930b3d4ff4d93caf9cfae0d8901b1458
candidate,r5,loot-crate,144008,24,50,0.48,0,400,0,0.2999305725097656,0.6229877471923828,c9f67990f501fe7a97b4e240a0aaa8b87c4f968e07586e3fc8cf2d65fa07f5b7,True,0.8982539176940915,2.782106399536133,c9f67990f501fe7a97b4e240a0aaa8b87c4f968e07586e3fc8cf2d65fa07f5b7
candidate,r5,loot-crate,144009,3,50,0.06,0,400,0,0.31386613845825184,0.6730556488037109,c0a11a0d84e03af27e23c7468e10025419cd1b76a48e0516e6a988555d898f02,True,0.2213597297668454,0.8141994476318359,c0a11a0d84e03af27e23c7468e10025419cd1b76a48e0516e6a988555d898f02
candidate,r5,loot-crate,144010,13,50,0.26,0,400,0,0.27383565902709883,0.9279251098632812,b3513a714945a6ad5f2120569e568f91fd29006fea5d3cd284ad812aa4853fa9,True,0.23016929626464835,0.7681846618652344,b3513a714945a6ad5f2120569e568f91fd29006fea5d3cd284ad812aa4853fa9
candidate,r5,loot-crate,144011,1,50,0.02,0,400,0,0.2683520317077631,4.625082015991211,1ce2a91b2852067d3fc364a338f930b73cd81854ea50f9318cf9e7b37511efea,True,0.21409988403320312,0.7979869842529297,1ce2a91b2852067d3fc364a338f930b73cd81854ea50f9318cf9e7b37511efea
candidate,r5,loot-crate,144012,0,50,0.0,0,400,0,0.2595543861389157,0.5877017974853516,6e578c73b48785c0c7015175285133d794d0cde3d9fff6cf577c2d54930c9f0a,True,0.23084878921508784,0.9360313415527344,6e578c73b48785c0c7015175285133d794d0cde3d9fff6cf577c2d54930c9f0a
candidate,r5,loot-crate,144013,16,50,0.32,0,400,0,0.2514362335205077,0.47707557678222656,39394f73594b6eb1bb52fd6d57e27b2fa2107dc54d50df0cfd378e10e9463087,True,0.253164768218994,0.5619525909423828,39394f73594b6eb1bb52fd6d57e27b2fa2107dc54d50df0cfd378e10e9463087
candidate,r5,loot-crate,144014,12,50,0.24,0,400,0,0.5308032035827629,1.0139942169189453,1b5a959a5ced5b4b7ac5e5bf33ec5b2cc2a57f59391cfc09becc64e28a5d7b00,True,0.25670528411865173,0.6010532379150391,1b5a959a5ced5b4b7ac5e5bf33ec5b2cc2a57f59391cfc09becc64e28a5d7b00
candidate,r5,loot-crate,144015,0,50,0.0,1,41,0,0.270843505859375,0.5130767822265625,55dee71a60f3cfdba78c733117ff0d5c9641554d987d7c75eb41fc52cff75dfa,True,0.5319118499755859,0.885009765625,55dee71a60f3cfdba78c733117ff0d5c9641554d987d7c75eb41fc52cff75dfa
candidate,r5,loot-crate,144016,13,50,0.26,1,185,0,0.2849102020263671,0.5252361297607422,a3417238f17088e80ccd9d61eea54d303997e2f107a84ba53d913e6259439210,True,0.6281375885009761,1.4312267303466797,a3417238f17088e80ccd9d61eea54d303997e2f107a84ba53d913e6259439210
candidate,r5,loot-crate,144017,17,50,0.34,0,400,0,0.21834373474121077,0.4878044128417969,c5f1f70331b28455e6bde51e4d42779a0120b813c590b220c3b4e79fa90bff46,True,0.25706291198730463,0.7259845733642578,c5f1f70331b28455e6bde51e4d42779a0120b813c590b220c3b4e79fa90bff46
candidate,r5,loot-crate,144018,6,50,0.12,0,400,0,0.3411889076232908,0.8001327514648438,852622bbfac1a718ea1ec7cd5d9c2dcdc699e7d679d1a853a9362f675b8f3e61,True,0.32691955566406244,0.6000995635986328,852622bbfac1a718ea1ec7cd5d9c2dcdc699e7d679d1a853a9362f675b8f3e61
candidate,r5,loot-crate,144019,9,50,0.18,0,400,0,0.2873539924621579,1.6469955444335938,a29bf34d470fd840a85239187ebbf791159eebd3f0ea2017c47529288e560736,True,0.3201127052307127,0.8218288421630859,a29bf34d470fd840a85239187ebbf791159eebd3f0ea2017c47529288e560736
candidate,r5,loot-crate,144020,33,50,0.66,0,400,0,0.3070473670959471,0.6737709045410156,f1c31d4ab1973a3cf49f1670a8b2f1bf257ab55844db4de20f0844308a32ca79,True,0.2578020095825195,0.5369186401367188,f1c31d4ab1973a3cf49f1670a8b2f1bf257ab55844db4de20f0844308a32ca79
candidate,r5,loot-crate,144021,9,50,0.18,0,400,0,0.4060626029968261,0.9760856628417969,ab9cf381f7c195a62f50ca8243a33510ba083e9dd3611e13dd84d5f1417a4193,True,0.22125244140624978,0.4038810729980469,ab9cf381f7c195a62f50ca8243a33510ba083e9dd3611e13dd84d5f1417a4193
candidate,r5,loot-crate,144022,6,50,0.12,0,400,0,0.21417140960693332,0.4820823669433594,55f2d68d9e49bef6e35264de02b0dfce5501aa163aa8c0f3e729aa1d238aa3a4,True,0.2594590187072751,1.0030269622802734,55f2d68d9e49bef6e35264de02b0dfce5501aa163aa8c0f3e729aa1d238aa3a4
candidate,r5,loot-crate,144023,5,50,0.1,0,400,1,0.352883338928222,0.6201267242431641,bbda56e6f46db66c2285e86ffc0399247088f27442e20e8fdfae0d71add0f15e,True,0.621736049652099,3.754854202270508,bbda56e6f46db66c2285e86ffc0399247088f27442e20e8fdfae0d71add0f15e
candidate,r5,loot-crate,144024,15,50,0.3,0,400,0,0.22946596145629852,1.6777515411376953,35d6da96b63a8d325c82fa484ca839400bc6dee7aa903203631251503bfaa738,True,0.6295442581176752,1.1348724365234375,35d6da96b63a8d325c82fa484ca839400bc6dee7aa903203631251503bfaa738
candidate,r5,loot-crate,144025,1,50,0.02,0,400,0,0.20656585693359344,1.0769367218017578,4444dbc63f4b2906ae0ebf5485372203fa13ddb59d4117c7a2400384d28704f2,True,0.21505355834960938,0.5679130554199219,4444dbc63f4b2906ae0ebf5485372203fa13ddb59d4117c7a2400384d28704f2
candidate,r5,loot-crate,144026,8,50,0.16,0,400,0,0.2780914306640624,0.6320476531982422,a52eaf12e4701d0a51b0c7d3e7913fec29c442b3c133a53eb078f180f0e7ea5f,True,0.27844905853271446,0.5178451538085938,a52eaf12e4701d0a51b0c7d3e7913fec29c442b3c133a53eb078f180f0e7ea5f
candidate,r5,loot-crate,144027,20,50,0.4,0,400,0,0.35346746444702004,1.2831687927246094,d0cda13ccecabaffa285a69fa1372548db8916664eebdfba4b1c40fe1f15e01f,True,0.24257898330688446,0.5970001220703125,d0cda13ccecabaffa285a69fa1372548db8916664eebdfba4b1c40fe1f15e01f
candidate,r5,loot-crate,144028,2,50,0.04,0,400,0,0.334370136260986,1.4519691467285156,e5b66d4d0b3caabd4b8edc2f67b4348afb188f43c8a45f562f0e1eb9962f2c9f,True,0.3072619438171383,1.9800662994384766,e5b66d4d0b3caabd4b8edc2f67b4348afb188f43c8a45f562f0e1eb9962f2c9f
candidate,r5,loot-crate,144029,15,50,0.3,1,263,1,0.32424926757812483,0.6349086761474609,c43c14b4f1b94bec154c5bbd58a07c0b09f44283e73bd4a4966bb1a0d3eb500f,True,0.23472309112548798,0.4868507385253906,c43c14b4f1b94bec154c5bbd58a07c0b09f44283e73bd4a4966bb1a0d3eb500f
candidate,r5,loot-crate,144030,2,50,0.04,0,400,0,0.2129197120666504,0.48613548278808594,1e9f39277a3386efe3ce751affa91f59e17bb754bddf9ca464afe75422bce6ac,True,0.29498338699340815,0.6148815155029297,1e9f39277a3386efe3ce751affa91f59e17bb754bddf9ca464afe75422bce6ac
candidate,r5,loot-crate,144031,8,50,0.16,0,400,0,0.2594232559204097,0.41604042053222656,0623515a9147654ae225851a260bdd33f7e9e434463ebc7029d2aad5ca6739d6,True,0.7071137428283689,1.1210441589355469,0623515a9147654ae225851a260bdd33f7e9e434463ebc7029d2aad5ca6739d6
candidate,r5,loot-crate,144032,4,50,0.08,0,400,0,0.3095388412475581,10.70094108581543,8e43187f68afdc7f14d6b4b64e1a9c1442baf3dda1e11994d5fe2a047e8c5cb8,True,0.5946397781372066,1.4939308166503906,8e43187f68afdc7f14d6b4b64e1a9c1442baf3dda1e11994d5fe2a047e8c5cb8
candidate,r5,loot-crate,144033,6,50,0.12,0,400,0,0.26928186416625943,1.1849403381347656,c16c33fda497a46fd550a49adfdb9ae90684a3bcb1e46884592aa6bd4c346931,True,0.24021863937377919,0.5850791931152344,c16c33fda497a46fd550a49adfdb9ae90684a3bcb1e46884592aa6bd4c346931
candidate,r5,loot-crate,144034,11,50,0.22,0,400,0,1.0819435119628906,2.936840057373047,9aeb82f4ade7788b6b837db60dba8ec446c09176c38c94dedb31f128afdf5693,True,0.4239082336425781,1.2981891632080078,9aeb82f4ade7788b6b837db60dba8ec446c09176c38c94dedb31f128afdf5693
candidate,r5,loot-crate,144035,19,50,0.38,0,400,0,0.6792664527893064,1.5108585357666016,dc3242d465060636429453bd60a8a57d75ba95e6c2d1db7bf07ec11a1c24726d,True,0.2720355987548828,1.0831356048583984,dc3242d465060636429453bd60a8a57d75ba95e6c2d1db7bf07ec11a1c24726d
candidate,r5,loot-crate,144036,3,50,0.06,1,41,0,0.3941059112548828,0.6630420684814453,c5566ad1cc1e14920c6ec4c5040c1141ddbfbcf6316aff865f9ae464fde201cb,True,0.286102294921875,0.3771781921386719,c5566ad1cc1e14920c6ec4c5040c1141ddbfbcf6316aff865f9ae464fde201cb
candidate,r5,loot-crate,144037,0,50,0.0,1,20,0,0.2987146377563477,0.38886070251464844,e987ee5322d8133c4baafa5d9faa01666db0f6d0e800e43ab7ba623a323dd9dd,True,0.343465805053711,0.38695335388183594,e987ee5322d8133c4baafa5d9faa01666db0f6d0e800e43ab7ba623a323dd9dd
candidate,r5,loot-crate,144038,17,50,0.34,1,237,0,0.2679347991943357,0.8029937744140625,53906c585a95bec39e353d9434974522ac8e4ecca4ab8598756f6b6193a6ba6b,True,0.34232139587402344,0.5660057067871094,53906c585a95bec39e353d9434974522ac8e4ecca4ab8598756f6b6193a6ba6b
candidate,r5,loot-crate,144039,12,50,0.24,1,125,0,0.3724098205566405,0.4589557647705078,dc8cc43f0d201f0dcab8df91d9e263c91a5aa97d2e7f0d68d3eecf3d53d652e1,True,0.41356086730957026,0.5440711975097656,dc8cc43f0d201f0dcab8df91d9e263c91a5aa97d2e7f0d68d3eecf3d53d652e1
candidate,r5,loot-crate,144040,5,50,0.1,0,400,0,0.29761791229247997,1.7299652099609375,6041ab732157b79527faac382db66cdaa23d7d617239752a3135e59e778f1849,True,0.6823182106018064,3.1380653381347656,6041ab732157b79527faac382db66cdaa23d7d617239752a3135e59e778f1849
