treatment,replica,scenario,world_seed,agent_seed,collection_fraction,opponents_eliminated,self_kills,score,invalid_actions,decision_time_p95_ms,decision_time_max_ms,action_sequence_sha256,repeat_match
control,r1,peaceful,210101,310101,0.3333333333333333,0,0,3,11,0.6449699401855469,1.1048316955566406,28feabc85f0f4bc293c28c26cd5d00a9487fc0c9c3e29523ff251d326c63b2b9,True
control,r1,peaceful,210102,310102,0.0,0,0,0,0,0.5732417106628417,1.4429092407226562,265119014efa62ca6984a1f49e4cd6893feb465cc7abf3f8663367ff04f27bb2,True
control,r1,peaceful,210103,310103,0.2222222222222222,0,0,2,11,0.7284283638000486,1.3267993927001953,0280a6ffdcaded3341ce3d01500a51e8999619b0d12112c1abc52a6272008861,True
control,r1,peaceful,210104,310104,0.0,0,0,0,42,0.8742570877075186,3.5250186920166016,30b1b39ccd00f67dd2c154d72e7b2b48089d7293b9a5488380c594302644ad2d,True
control,r1,peaceful,210105,310105,0.3333333333333333,0,1,3,6,0.9172439575195309,1.870870590209961,956827e869effe697e0556013260aa46806f39e04ec4c12129233e4b16aacb05,True
control,r1,peaceful,210106,310106,0.0,0,0,0,0,0.5441188812255859,1.6541481018066406,0bec663e255f531f6d5bc46fb1f6092c9b20111694c19f178708f70464497223,True
control,r1,peaceful,210107,310107,0.0,0,0,0,77,0.6759881973266598,1.3611316680908203,e373cedcd1bea27dd4e4b7a1d2c57f339f2b65a2dc03e9db29191d1d36e4f0cb,True
control,r1,peaceful,210108,310108,0.4444444444444444,0,1,4,9,0.8583307266235347,2.179861068725586,d9efc3060ab33acbdad2038e8bc13963ac393e82347349d59d911e9aed6f0776,True
control,r1,peaceful,210109,310109,0.6666666666666666,1,0,11,5,0.5570530891418456,1.4052391052246094,71e0644cc06c8178034aca3bbb4611055ae507654981e98b4b2edb00e364c7af,True
control,r1,peaceful,210110,310110,0.3333333333333333,0,0,3,45,1.1262536048889158,2.8662681579589844,986e9deeaaa1774bf1f4feb3cf159b027cba7b926772430fbe9fa5e801d72aa8,True
control,r1,peaceful,210111,310111,0.2222222222222222,0,0,2,40,0.6819844245910643,1.3339519500732422,d0c1d4d08ab8310825d8997e2ee82c34938198cb9dd3abf3d060479b1d5f7904,True
control,r1,peaceful,210112,310112,0.0,0,0,0,0,0.5433201789855955,1.6770362854003906,c2a73f09c4a90b6ee540b4636811cf31a04f0845b49de6b4aeea318b5d403910,True
control,r1,peaceful,210113,310113,0.0,0,1,0,0,1.0298252105712877,1.8050670623779297,2bcaabad314e3c47b86e16f1b4f87102b54565025f49eafe94a70650cc4a7418,True
control,r1,peaceful,210114,310114,0.5555555555555556,1,0,10,6,0.9397745132446284,2.274036407470703,7d3212ca931b32a2a59fac96405503a4e26db22b83d79f8c2b1eea4d4c988534,False
control,r1,peaceful,210115,310115,0.3333333333333333,0,0,3,50,1.088321208953857,1.9078254699707031,35d520e1e53754c44d55ea22a6c64402a9b81fbad52686c737c5df0136f22977,True
control,r1,peaceful,210116,310116,0.4444444444444444,0,0,4,51,1.0831236839294416,2.621889114379883,5ccdfc9c25a0e18e3e471c5e4e1d6df00be6813bdaba4ced156a8d1bdd151095,True
control,r1,peaceful,210117,310117,0.3333333333333333,0,0,3,22,1.647365093231198,3.872394561767578,5927b12c842df3ff69cc587cb7025bace2c2dad8bd9323771b2f8dd919c2b6ea,True
control,r1,peaceful,210118,310118,0.7777777777777778,1,0,12,6,1.5391469001770017,6.574869155883789,d367b7075aa8e719edf0869b6f86a889878d778fe6acb6baf92d0085ecb90183,False
control,r1,peaceful,210119,310119,0.2222222222222222,0,0,2,1,1.0211825370788565,2.904176712036133,c4addb90a78d77fe36062349b9efab70f5b0ee15fca3bdc6a7ae237365f787cc,True
control,r1,peaceful,210120,310120,0.3333333333333333,0,0,3,7,1.2753248214721675,3.403186798095703,9d56764e416511869a2a1cbc8bfdee34e84d297c3a650c83a8c001cecc33d761,True
control,r1,coincollector,210201,310201,0.2222222222222222,0,1,2,1,1.293838024139404,1.7809867858886719,17e2d3902cd5f4625cb2c5b42247d4d7d8858a6a79ce49f94307b489b47b4405,False
control,r1,coincollector,210202,310202,0.1111111111111111,0,1,1,2,1.5537738800048826,5.899906158447266,5d7aacca5903309b3caca8d8a437a365b5e864a0eceab18424bea951b409c91f,False
control,r1,coincollector,210203,310203,0.2222222222222222,0,1,2,2,1.6635656356811523,2.213001251220703,6e51e96f3c8d9967de2dfc40bc190862fe8037ff5fd94c4634c5eec995e8cd30,False
control,r1,coincollector,210204,310204,0.2222222222222222,0,0,2,23,1.0350227355957022,2.0732879638671875,6d745267810dca459052e6bce4c7a55dd7c0051cd0d06cfcb2786aea7bef73c0,False
control,r1,coincollector,210205,310205,0.1111111111111111,0,0,1,0,1.1348962783813463,2.209901809692383,e58de0af748d8cfea3e923b9beaaa0429c45f39a094fd4f629fb7a88e642986e,False
control,r1,coincollector,210206,310206,0.0,0,1,0,3,0.6505370140075681,0.9050369262695312,c225acf2aae2d0844d052f15cb238f4902442a2b2801007de40424a7a8460931,False
control,r1,coincollector,210207,310207,0.2222222222222222,0,1,2,7,1.219034194946289,4.324197769165039,0e8b9f503f3e292fb6fb056a776d1191f1e02b12121a0ed7583e7ee22d5efa19,False
control,r1,coincollector,210208,310208,0.2222222222222222,0,0,2,12,1.2928247451782224,4.6520233154296875,8e450a6db7b1c0fe839fe2bb0a00f50785d6ea21fa508ca7a8320468c9c2fda4,False
control,r1,coincollector,210209,310209,0.3333333333333333,0,0,3,7,1.9018411636352532,5.501747131347656,b165088ca93a05bc2606fe457e878d1d0d0a00bb728cfa101905f8a312029d30,False
control,r1,coincollector,210210,310210,0.0,0,1,0,5,1.18117332458496,1.7118453979492188,3b76c07bd25e7fec2e8a396fc68cf458200b089eec9af1f9103e46d858ef0e5d,False
control,r1,coincollector,210211,310211,0.6666666666666666,0,0,6,10,1.5858411788940425,3.2150745391845703,0d2dd6420ff161c44e53c024c2f0d1dc835f3044691fbce0a6258a2dbc3c3dce,False
control,r1,coincollector,210212,310212,0.1111111111111111,0,1,1,3,0.8460640907287597,1.1913776397705078,93d161d06713eb030d5e3c6ab6f4d65f1a804ab579812eff28a1eb4f7b3fe0f9,False
control,r1,coincollector,210213,310213,0.1111111111111111,0,0,1,14,1.0743737220764158,2.2139549255371094,82d7d79135edd94de65cb83cd1888117beec0600ecebaaec6794dd7a5f40d74f,False
control,r1,coincollector,210214,310214,0.1111111111111111,0,1,1,2,0.5599856376647949,1.2667179107666016,74f1b2f810da3f4a64a0d52fef677080f272b9296fbbfbb5389420cc2104ab94,False
control,r1,coincollector,210215,310215,0.3333333333333333,0,1,3,4,0.3426074981689453,0.5819797515869141,b6bf43531ee1cd2a2a104202376cdbb507091a8b2160a341ac537d8761f9f885,False
control,r1,coincollector,210216,310216,0.3333333333333333,0,0,3,13,0.6117105484008775,1.0318756103515625,6cea8c7354d73944913daa93cebe04ed572d2e626467f17ef7c97e77b7cecec2,False
control,r1,coincollector,210217,310217,0.5555555555555556,0,0,5,6,0.43511390686035156,0.5540847778320312,74bbd9d9b6fe930cf7e7a5707bedf28e200136304caa29a459252293f2e35d66,False
control,r1,coincollector,210218,310218,0.2222222222222222,0,0,2,1,0.17409324645996088,0.3330707550048828,1bb127a0093d1cd41e4a20544fc2ceef711d93dc674f5b2c6d348fc545569b14,False
control,r1,coincollector,210219,310219,0.2222222222222222,0,0,2,11,0.40912628173828125,0.7519721984863281,41e1b8a09f3fbee6a932047e9bd3ffc67b5f705e03c9874ce2686154f1d8e972,False
control,r1,coincollector,210220,310220,0.2222222222222222,0,0,2,8,0.7927417755126953,1.107931137084961,0fdafb416d55118c77d0e056b5221bc6e0eb6448519ae500da0c99aeda525256,False
control,r1,classic,210301,310301,0.0,0,0,0,1,0.37289857864379883,1.188039779663086,12cfcf0ef8b3e2ee65cbd068f3de5c8ab2be5042a2b810424ab91d123deca3e9,True
control,r1,classic,210302,310302,0.0,0,0,0,0,0.2953886985778804,0.6561279296875,41c73a0874a0ae3ce252064b105e0e19640406024bbbfaedea683e9da79b5fb1,True
control,r1,classic,210303,310303,0.2222222222222222,0,0,2,0,0.33783912658691406,0.7512569427490234,8a9e9234eef6914386d0c08b50a1939f36dd3d0d00b68b75544220348c366949,True
control,r1,classic,210304,310304,0.2222222222222222,0,0,2,1,0.28417110443115196,0.4749298095703125,ec245d96a036f8135bfb8293a44b4df7a17dd08fac6185fe788b84304d84fa69,True
control,r1,classic,210305,310305,0.0,0,0,0,0,0.3242850303649902,0.9369850158691406,cd99f9b3c0c3a5a3d6fe5365e0f79bd559df5390d7ece06607253fd0ddae3965,True
control,r1,classic,210306,310306,0.0,0,0,0,0,0.3840684890747068,2.183198928833008,41210c15f489ad8e6573f8ae5a785b35a81ea6b51b00a4743255b858266e8215,True
control,r1,classic,210307,310307,0.4444444444444444,0,0,4,6,0.28432607650756825,0.5929470062255859,3eb4fef707bb09f913d3b06bd3c87752f1d9dd243ea38a0c808fe24c3646f82b,True
control,r1,classic,210308,310308,0.1111111111111111,0,0,1,84,0.31719207763671864,0.9593963623046875,d65616dfa1a6babdafcccbf8fe43cb28d46c83fdabcf431172b4ad836c97f60a,True
control,r1,classic,210309,310309,0.0,0,0,0,0,0.2809643745422362,0.61798095703125,135283e0fdd018ebab8cbd8edbdf01c8404171aa0a7250b22ccfcb95daf5fdbc,True
control,r1,classic,210310,310310,0.5555555555555556,0,0,5,3,0.469982624053955,1.15203857421875,7519a32be24b541f24530b82d311c97092b7165da0af9ce7763ab79e77c14987,True
control,r1,classic,210311,310311,0.1111111111111111,0,0,1,0,0.36904811859130837,1.1920928955078125,c37161e13733fd429e79acb613fb9df507a76de61f7bf78dc4473f315f740b59,True
control,r1,classic,210312,310312,0.0,0,0,0,27,0.4852771759033202,2.8221607208251953,ac483189c882318d9d456326b4859b7ab59a8a9903ff102aa7048fd978fd3db7,True
control,r1,classic,210313,310313,0.4444444444444444,0,0,4,5,0.5101323127746581,0.7920265197753906,62a7600d28302765af09a1c19a9fe80bf04980eede0acd7986469d7194b84519,True
control,r1,classic,210314,310314,0.3333333333333333,0,0,3,1,0.4922866821289061,4.003047943115234,f47d74fac21fe989c83b780f10ce6708205717bf9d60530c6d9ac5460820b7be,True
control,r1,classic,210315,310315,0.4444444444444444,0,0,4,2,0.5372881889343261,3.1478404998779297,334486dfd0b984e079b43efe034f2d218f66699c7c8a45019edc67d56b7d53cf,True
control,r1,classic,210316,310316,0.0,0,0,0,0,0.4591464996337887,1.0590553283691406,a9f4e49948f0f2ba1bd3e72290308b111d4b47e15a7af39ac6d32b0f0f16330e,True
control,r1,classic,210317,310317,0.1111111111111111,0,0,1,0,0.4277110099792474,1.0840892791748047,fd95923243edfdbcc34575f916bfb3c31fff732c8c9cb17df6129725ce9c935c,True
control,r1,classic,210318,310318,0.1111111111111111,0,0,1,1,0.41714906692504866,0.6420612335205078,5572a0ba2fd16550ab03542411d6ef4750985f7188ada5a18a70b8d55ea9f5c2,True
control,r1,classic,210319,310319,0.3333333333333333,0,0,3,3,0.5113363265991208,1.374959945678711,8fdf8f9366417cb5d3fa40165b0863f9179bdf77d6855d512a9152112bbfeab8,True
control,r1,classic,210320,310320,0.1111111111111111,0,1,1,1,0.6365776062011719,1.138925552368164,38d8e127cf9d755547626747aa841be07c539c582bfc15ab8bf74a4b9a534d55,True
control,r1,coin-heaven,210401,310401,1.0,0,0,50,0,0.6599903106689451,1.56402587890625,b67c0dbd01088e8ee350ddc51913e3100d0b6ecece7122799153c33cba42cf8d,True
control,r1,coin-heaven,210402,310402,1.0,0,0,50,0,0.634622573852539,0.9810924530029297,cd9ac602ed885bfa687425b596b8f5f28d7016fa4dc5cdae469b90086a8ecc1f,True
control,r1,coin-heaven,210403,310403,1.0,0,0,50,1,0.5153656005859376,0.9570121765136719,915c7d7cb32db32a348c8a04cb7f021343b01ace4919fb41e6520d4ccbc72602,True
control,r1,coin-heaven,210404,310404,1.0,0,0,50,0,0.44384002685546853,0.9000301361083984,69a3f73db208c7b5c1e19bfbd3d5768a744d9f4cdaf4a7319af1feb7b4e7a310,True
control,r1,coin-heaven,210405,310405,1.0,0,0,50,0,0.4462480545043944,1.3051033020019531,2124791a325ebb899c69fecfda106974dc71e494e17e557fe7f628b4fbd54da8,True
control,r1,coin-heaven,210406,310406,1.0,0,0,50,0,0.6139755249023434,1.4519691467285156,2f4b05af7a83d805685adc0b5be90849f66f37e25207dad499ed37742b7f8263,True
control,r1,coin-heaven,210407,310407,1.0,0,0,50,0,0.3364562988281249,1.6160011291503906,e292c9323f7ce570819a498543ec77d6b27205ea7272d6388621d885e0010cce,True
control,r1,coin-heaven,210408,310408,0.06,0,1,3,0,0.5327463150024414,0.5970001220703125,ae50dce16d5d81688cb94e7d1cb17afa89e4f369d4720ccc774e519f993cab6e,True
control,r1,coin-heaven,210409,310409,1.0,0,0,50,0,0.4412174224853515,0.6568431854248047,f5b69d872dcd9d7c1735f2d829bf78967976e0e06a86f5190a41a556610afd3c,True
control,r1,coin-heaven,210410,310410,1.0,0,0,50,0,0.5771160125732421,0.7910728454589844,56d824db8a7e6ddd0d4da36a3f119d62e890ccf08510e81993d7cb2db915e9e6,True
control,r1,coin-heaven,210411,310411,1.0,0,0,50,0,1.044940948486328,1.680135726928711,7e449cc8acee15fb0045d856f457ad9048539436a4e768000be18e42bb2ed1a1,True
control,r1,coin-heaven,210412,310412,1.0,0,0,50,0,0.5176186561584473,1.2371540069580078,4738f7a2a8c9d6ac72e82ea3065651e155b87b014e695344903f585072be746f,True
control,r1,coin-heaven,210413,310413,1.0,0,0,50,0,0.31893253326416,0.6279945373535156,5bb71eda63da4ab7d30938f50713c565620dd13ffc77bd40db616b91053f4d84,True
control,r1,coin-heaven,210414,310414,1.0,0,0,50,0,1.5580415725708,5.5141448974609375,8a23a3fe22bac6690d9ac5f688e1b5e0de740fdd23c9b77eba0c3199f8c3cc5c,True
control,r1,coin-heaven,210415,310415,1.0,0,0,50,0,0.5359172821044921,1.2240409851074219,fe77a4f166ec7ffdb2c8549f84ea627b74c467d80231863c7c8faa286ee18f42,True
control,r1,coin-heaven,210416,310416,1.0,0,0,50,0,0.5020856857299801,2.9129981994628906,85f4fa1c7f425ec26aae8fc697e570a5d17560c49282720b59b6041111915871,True
control,r1,coin-heaven,210417,310417,1.0,0,0,50,0,0.6010293960571287,1.2669563293457031,d6ae73b92f1aeb338912f0332b623aedc9a02ff7a3d3289912acd013fd4cb4fd,True
control,r1,coin-heaven,210418,310418,1.0,0,0,50,0,1.1154651641845703,2.3610591888427734,8c8d8fe6ca106b2be74be59f247e141c93ce622c9fd1b9061540aa3e592add62,True
control,r1,coin-heaven,210419,310419,1.0,0,0,50,1,0.516080856323242,0.6349086761474609,0a025c966b94cf900abc56e9eca3254103ccd0e9d6a115d4b1847373021b3fbd,True
control,r1,coin-heaven,210420,310420,0.04,0,1,2,0,0.5216598510742188,0.5471706390380859,ae50dce16d5d81688cb94e7d1cb17afa89e4f369d4720ccc774e519f993cab6e,True
control,r1,loot-crate,210501,310501,0.18,0,0,9,1,0.5814433097839354,0.9279251098632812,28eb785c4660f34e60930200c455319e2a94d75c5ca9d64e524a282838e38503,True
control,r1,loot-crate,210502,310502,0.66,0,0,33,9,0.7473349571228013,7.275819778442383,e744b43c8a90015b3137ed3da16dc00849fa98dd30e980c44f816ff9895edcd7,True
control,r1,loot-crate,210503,310503,0.08,0,0,4,2,0.6633043289184568,1.5177726745605469,ac831ca801dd38ee00589393884ff04013a27bf30d166d35873658b008bffd99,True
control,r1,loot-crate,210504,310504,0.04,0,0,2,2,0.5122303962707518,1.4388561248779297,8120ffa5fd1f822627f0979194d31e795d7c6dde9fa8a83123596e7a30a673bc,True
control,r1,loot-crate,210505,310505,0.22,0,1,11,4,0.8007049560546874,1.9006729125976562,4dd914b64d7f0c080377b7e9e342dc1817e6f0b7f215fe5f063a3f6fe1e9f8ea,True
control,r1,loot-crate,210506,310506,0.16,0,0,8,5,0.8072018623352047,1.3391971588134766,45762ff22724c249e9e035697c86e61d77879476eea53856c8502e6e7852bca6,True
control,r1,loot-crate,210507,310507,0.34,0,0,17,52,0.7028698921203604,4.281759262084961,c59876d124d8b194eacb5e66dc6b2dd1ccff5706d0eff44175e00f49d6bcb556,True
control,r1,loot-crate,210508,310508,0.38,0,0,19,6,1.0159969329833975,2.992868423461914,17ddf05ae9805ec98a10b0bc4ef9b8d479759c78f1730e7416201380685cac1a,True
control,r1,loot-crate,210509,310509,0.4,0,1,20,9,0.7674455642700195,3.2019615173339844,35e288c7c8968d01f26cb1b71d67f9db308bae39314cf099a4e3c32f888e7083,True
control,r1,loot-crate,210510,310510,0.64,0,0,32,19,1.0049819946289062,2.1500587463378906,bbb450232a955934fa00859543c9704b77bf3b392a68e6629eadb1f8e4a12768,True
control,r1,loot-crate,210511,310511,0.02,0,0,1,1,0.803256034851074,1.2841224670410156,38a0356c8a0d611e615e19bf02e9e610cdf6b9e52cb9fb82aade36d514fb69db,True
control,r1,loot-crate,210512,310512,0.22,0,0,11,5,0.5348563194274895,1.3091564178466797,b964f8761cf0a76490dadd9e400e1cf013723db3b98611440c55df1073b92396,True
control,r1,loot-crate,210513,310513,0.02,0,0,1,46,0.32627582550048795,0.8101463317871094,dc529995f08d5eda094669485d1d67c5e113dcaa5733ae5ccf95983392c6ae70,True
control,r1,loot-crate,210514,310514,0.66,0,0,33,9,0.5141139030456542,0.9801387786865234,b4e65ddd573e3d177114e130f2042e1815728bf9e983bb0eb583b17354eaed82,True
control,r1,loot-crate,210515,310515,0.34,0,0,17,2,0.48279762268066406,0.7338523864746094,12fb024ebe0b388f1a75f2b3d4643be77afad01e92d76591dccddb950ccf0da9,True
control,r1,loot-crate,210516,310516,0.06,0,0,3,0,0.35802125930786116,0.5931854248046875,aa9e75b36b14f18d465d78cd65e9b04b0635a4de70caf8e36af7962adf74b68a,True
control,r1,loot-crate,210517,310517,0.6,0,0,30,24,0.4425644874572749,1.013040542602539,56feb26803372b9afded8e76fe8a0efd429d73e7e37994cb079b69b2a4e62ecf,True
control,r1,loot-crate,210518,310518,0.58,0,0,29,15,0.29689073562622065,0.7748603820800781,3f8aee09359b10f6c9c5d0351fe9c189f7ec97c3b25f7814d86dec573ed78911,True
control,r1,loot-crate,210519,310519,0.12,0,0,6,2,0.2763271331787107,0.5199909210205078,4bb95e95205c1983c9bfa4e2b6e0c51332190d10c8b4b1ee8755b4c2b56d83ed,True
control,r1,loot-crate,210520,310520,0.06,0,0,3,2,0.2592086791992187,0.45800209045410156,353a4c1be54bf620ed6f77aa9cd9c4dba5e0f798cdb55e2e9f95eb00eaa1cbc2,True
control,r2,peaceful,210101,310101,0.0,0,0,0,0,0.393271446228027,0.7719993591308594,46511e939fcdd22c1899fa56c05f7da942dabaa6002cebac18c2b2531bdd0efe,True
control,r2,peaceful,210102,310102,0.2222222222222222,0,0,2,0,0.26274919509887695,0.4680156707763672,60603f8fd7885152b668b224c9427545eb197e547cf574ee51c7522a6f1c2b34,True
control,r2,peaceful,210103,310103,0.3333333333333333,0,0,3,5,0.42700767517089844,0.8418560028076172,55f44fe0ab18a59ec6871561c577b64acd80864efe5009ca533121444c3dab93,True
control,r2,peaceful,210104,310104,0.4444444444444444,0,0,4,2,0.336182117462158,0.5538463592529297,39fee8ee8fc057b4698e203ad75832770a942bfe240ed9d37786fd564455ab99,True
control,r2,peaceful,210105,310105,0.6666666666666666,0,0,6,24,0.5581855773925781,0.9479522705078125,1813d8ebfcec7a1f24f2179be94c0bad3f9aa2febdf07ada5e530774b8621a17,True
control,r2,peaceful,210106,310106,0.0,0,0,0,0,0.3068923950195312,0.5750656127929688,b22286c45abe5447a5610fb3da108efa6044589cf34d867972c1e643c82720fb,True
control,r2,peaceful,210107,310107,0.0,1,0,5,35,0.2942919731140136,1.1980533599853516,49bbc9355dd47adc178a2702a7b30128a364ab1371c98317b5978e4ccd88ca4c,False
control,r2,peaceful,210108,310108,0.4444444444444444,0,0,4,5,0.43320655822753906,0.9381771087646484,830626bce53017d9557ef75446ea3aae0e05cd44a808f0a039f73e191d25d5dc,True
control,r2,peaceful,210109,310109,0.3333333333333333,0,0,3,4,0.4362583160400389,0.7228851318359375,60f938e54e7ff917de07632320c303d17f7146a12cfc287025da9c1cb18a5c5f,True
control,r2,peaceful,210110,310110,0.0,0,0,0,0,0.4012942314147936,0.7100105285644531,6338fc3d20c37f49d2f4a0884935ec3a911bfeac5ca16620add725df327a0d79,True
control,r2,peaceful,210111,310111,0.3333333333333333,0,0,3,4,0.48228502273559554,1.6131401062011719,b9af1f02b98fc179fcf286cc374c37134e1a433d1cd3c92384b0dbc0d254fb82,True
control,r2,peaceful,210112,310112,0.5555555555555556,1,0,10,10,0.37407875061035156,0.8020401000976562,3e7cd3c052a619e8b1b978d8e2fe6bbf1f494493a8d5c7fce26cc19e7a9a9c66,False
control,r2,peaceful,210113,310113,0.0,0,0,0,0,0.2539634704589843,0.6620883941650391,b57c10b83222ac39cbb830585fcd8f064e510358acbb76e1c10212adfe5f03dd,True
control,r2,peaceful,210114,310114,0.7777777777777778,1,0,12,5,0.30740499496459955,0.4069805145263672,63e82820aed42b0c370141014e7b33037a52cb26255d7570e072b8aea4b35e1e,False
control,r2,peaceful,210115,310115,0.2222222222222222,0,0,2,18,0.2586960792541504,0.5638599395751953,1863b9977ba65087b89f02d18345e1842696b71af26a1977914919d844f38c62,True
control,r2,peaceful,210116,310116,0.2222222222222222,0,0,2,17,0.39606094360351557,0.7028579711914062,ee6d9cd0c57788ea092acf7adba8a2fea79bcec8f88b1fe3186de6fe69cb176c,True
control,r2,peaceful,210117,310117,0.1111111111111111,0,0,1,3,0.46896934509277344,0.8220672607421875,ab3a5260c2e2db28c7b74a42e1072a5028a8b8714a642259c351f68ebc225b5e,True
control,r2,peaceful,210118,310118,0.3333333333333333,0,0,3,23,0.4621505737304678,1.1639595031738281,db125727b0fcd024dca9429fa22448286fe5463515de680b0ab1a5b71dbfa443,True
control,r2,peaceful,210119,310119,0.2222222222222222,0,0,2,1,0.8070468902587891,1.322031021118164,1727674258023649b595ac8d265218a84cbc19db05f4475681fd1d2525c558cc,True
control,r2,peaceful,210120,310120,0.4444444444444444,0,0,4,0,0.7963180541992176,1.6889572143554688,5b9b65fc23a3e4cbf3931f96fefc31ad5e609ffe18baef22dd6bd60ca7805e9b,True
control,r2,coincollector,210201,310201,0.4444444444444444,1,0,9,5,0.7389545440673827,1.2791156768798828,667c35dca8f88799deed307fcb9afaff64fbbd97e383a482fdb29c6f5175e374,False
control,r2,coincollector,210202,310202,0.1111111111111111,0,1,1,41,1.3654232025146482,3.0317306518554688,b2cb4cf2e86513311d22d96f6c987d728f5ea1791ea6845701e507c6fa360be3,False
control,r2,coincollector,210203,310203,0.0,0,0,0,7,1.030445098876953,2.8781890869140625,5f0a7237c5eaccb2b83b7ffdda6d1248da89f69d3bd043f281492dcc18c1cef4,False
control,r2,coincollector,210204,310204,0.2222222222222222,0,1,2,4,0.808906555175781,1.954793930053711,c5c0a422c81f6260fa35c25e5843cfc93cc0f739f325cb6d814e2424f89849ae,True
control,r2,coincollector,210205,310205,0.1111111111111111,0,0,1,1,0.6540775299072266,0.8208751678466797,fb346e54085914690799e3c4e31c7bcd27762f5df318b4524acd1080284294d1,False
control,r2,coincollector,210206,310206,0.3333333333333333,0,0,3,3,1.1192321777343748,2.3517608642578125,b78475f2e79d6dead78b6cec0b5ce021b92c1fcdfd4fa2f8335982353602b361,False
control,r2,coincollector,210207,310207,0.2222222222222222,0,0,2,8,1.825296878814697,2.9478073120117188,59a9d372d3e9a2f366cba2f3b68216c3e8d0ca2dba99b1673d443709f11b7d1a,False
control,r2,coincollector,210208,310208,0.0,0,0,0,4,1.253664493560791,4.598140716552734,043954ff6d356c45bd5058691f1c9ae3016a090feb39401eddafc7263543828f,False
control,r2,coincollector,210209,310209,0.7777777777777778,0,1,7,5,1.0929107666015625,1.7538070678710938,1f14a5fb1a43af15e65226c44de6c32215c76631686b66cf1c2a2007a592beae,False
control,r2,coincollector,210210,310210,0.0,0,0,0,2,1.9643783569335933,8.770942687988281,1e9ccd634f97e15b107f453cdf7b842e441fe19cc3722ad42503f1d7785f03c1,False
control,r2,coincollector,210211,310211,0.4444444444444444,0,1,4,6,1.4035224914550781,2.670764923095703,81a3ebabfc60c38b11a6195631d19cfe2bd0d2b4603d1d92e122fcf58ae913f7,False
control,r2,coincollector,210212,310212,0.1111111111111111,0,1,1,2,0.79197883605957,1.1560916900634766,5986485cb23984a71a562808f6e8028b9ec44dadb8005a602acd5104cb43c6bb,False
control,r2,coincollector,210213,310213,0.3333333333333333,0,0,3,2,0.5895495414733881,3.2820701599121094,218c03eaddbca13736746f84d82fa67f8b55c273cbe9023ec71d83751bfd2586,False
control,r2,coincollector,210214,310214,0.2222222222222222,0,0,2,11,1.8138527870178214,5.381107330322266,896bde28f8a1c5369245ab46f463ed409ea123353f7f5b613796036e7bd9c24f,False
control,r2,coincollector,210215,310215,0.2222222222222222,0,0,2,14,1.011347770690915,2.4950504302978516,005007627fc703ad6b0f0962bfe23861a94030c5941d15e99427a93974638d9f,False
control,r2,coincollector,210216,310216,0.1111111111111111,0,1,1,10,2.0130515098571764,5.908966064453125,8830caccb923f9ab002c84145ac77fc675641594fb52152e836707fa84ea6c90,False
control,r2,coincollector,210217,310217,0.2222222222222222,0,0,2,8,1.4366507530212396,4.194021224975586,ee143e81d1fb0feee847c9c1500f48461038bba9ce0eb2545344651d9b9a78be,False
control,r2,coincollector,210218,310218,0.1111111111111111,0,0,1,7,1.8392562866210938,3.3347606658935547,8acfacf0afdcf7702dda0dd030053db4eaa1811628b7fe92c74a51490785a01e,False
control,r2,coincollector,210219,310219,0.1111111111111111,0,0,1,7,1.838052272796629,5.213737487792969,8165024768b2b1dc61fd2586d812ad7ceac2e7d9ec5fde6c700a8460df1f2b24,False
control,r2,coincollector,210220,310220,0.0,0,1,0,1,1.1897444725036619,1.3632774353027344,2a0ab8825b557ec2bb84d47bf3bbae8c0ae0a22cc8d420a2488b75151034cb22,False
control,r2,classic,210301,310301,0.4444444444444444,0,0,4,21,0.2210617065429687,0.5350112915039062,d4c1ab67d80e04820f21567b718d87588a1b51ad3da592585287ea1d5910c867,True
control,r2,classic,210302,310302,0.0,0,0,0,0,0.1329541206359862,0.3268718719482422,21be693491130024a337c7498de0ba0f445807b7f1ad5a1da8e161ecad3c8e75,True
control,r2,classic,210303,310303,0.1111111111111111,0,0,1,0,0.15597343444824213,0.36716461181640625,0f175f59a8cd53cfc28f7a2a5d2774c86e55e9bad341cb050be4216d470ae3d8,True
control,r2,classic,210304,310304,0.2222222222222222,0,0,2,19,0.17385482788085932,0.4661083221435547,3d6bb3ef2d7c8fe3a10870b9ae6dc34db925f103915109a58b66c48b8e0c0f66,True
control,r2,classic,210305,310305,0.0,0,0,0,1,0.1542687416076658,0.2720355987548828,fc28e0648c4d9bada4a4aba66e6249265cfd5fb1439de3ff4fda237380d5afa1,True
control,r2,classic,210306,310306,0.4444444444444444,0,0,4,2,0.20414590835571284,0.37980079650878906,b70179f461a154a69e4fcc740999d8918650540be0d23f18d130d0df49028655,True
control,r2,classic,210307,310307,0.1111111111111111,0,0,1,0,0.12328624725341794,0.43129920959472656,d4625c3dd9d7e187335f5b0fd9471f4e55002bec832c4e765b462dfe15411998,True
control,r2,classic,210308,310308,0.1111111111111111,0,0,1,1,0.22393465042114252,0.45180320739746094,2f2f72a58e15155836c006ad9c7fcfa05e37fdd511ebcb5a4b747abfbe7f68d4,True
control,r2,classic,210309,310309,0.0,0,0,0,0,0.1369118690490722,0.3199577331542969,9850775d72f003053e32acac9db877cf777f4d06b91dc22dd7baa82743864b3c,True
control,r2,classic,210310,310310,0.3333333333333333,0,0,3,0,0.14597177505493159,0.3838539123535156,3c06498856cad1632a1dcf205e3c07fe9fb48081cc101ef3e9b2d9fd543fcdaa,True
control,r2,classic,210311,310311,0.8888888888888888,0,0,8,4,0.2460479736328125,0.5929470062255859,6c7522a8d2ea7d572a7ab9bf3c35ed8f0d8ed909cd6aa72483680a80b476c03a,True
control,r2,classic,210312,310312,0.4444444444444444,0,0,4,9,0.30519962310790993,0.5400180816650391,3d72e37d299b120391fcd3ad5a75d1faccf489a9abe2268962976b6e701264f3,True
control,r2,classic,210313,310313,0.5555555555555556,0,0,5,1,0.3472805023193358,0.6010532379150391,f041734fed45cd1102035a6dbbdaa303e0cede57aa3398a06c0afdae4eb7f807,True
control,r2,classic,210314,310314,0.3333333333333333,0,0,3,5,0.23099184036254863,0.5497932434082031,47a6c5a3ea2abe1ad4d2d6c2ca96386e84c48360eb274685862a573cf60e1fd0,True
control,r2,classic,210315,310315,0.5555555555555556,0,0,5,1,0.3209590911865234,0.5431175231933594,766ba705b0a6c9dbc37271d7ea8c0fbd3806bf2844b33f6ba4b5d388dcecac7f,True
control,r2,classic,210316,310316,0.1111111111111111,0,0,1,0,0.214433670043945,0.5559921264648438,22e5683f7112ef8ae0ca707257ebefc33111f89285e5bbe458008bc894e16db2,True
control,r2,classic,210317,310317,0.3333333333333333,0,0,3,3,0.3003001213073727,0.6809234619140625,a134cdd3fe0d41633d5de93e37bcd05da6027dba72ec719ba16ac0a6c5fe3732,True
control,r2,classic,210318,310318,0.3333333333333333,0,0,3,2,0.2013087272644042,0.4029273986816406,a86df72fc8b9f3fdc8e519ad240f93da99099a0fb1ad6c5ba1a7dcd8ddf60efe,True
control,r2,classic,210319,310319,0.1111111111111111,0,0,1,0,0.24509429931640625,0.7119178771972656,4645f842119563c829dfa5ef0c2eca18279cb8b5372eee4f8edb576138225bdd,True
control,r2,classic,210320,310320,0.1111111111111111,0,0,1,0,0.1709580421447754,0.8020401000976562,4a68aebaa54130d247fbfb1c38e227ac8b9e3c19fc92e04981ecf19416b3906f,True
control,r2,coin-heaven,210401,310401,1.0,0,0,50,0,0.4563331604003905,1.1210441589355469,b67c0dbd01088e8ee350ddc51913e3100d0b6ecece7122799153c33cba42cf8d,True
control,r2,coin-heaven,210402,310402,1.0,0,0,50,0,0.6714820861816402,1.2440681457519531,cd9ac602ed885bfa687425b596b8f5f28d7016fa4dc5cdae469b90086a8ecc1f,True
control,r2,coin-heaven,210403,310403,1.0,0,0,50,1,0.47080516815185547,0.7159709930419922,915c7d7cb32db32a348c8a04cb7f021343b01ace4919fb41e6520d4ccbc72602,True
control,r2,coin-heaven,210404,310404,1.0,0,0,50,0,0.34883022308349604,0.7688999176025391,69a3f73db208c7b5c1e19bfbd3d5768a744d9f4cdaf4a7319af1feb7b4e7a310,True
control,r2,coin-heaven,210405,310405,1.0,0,0,50,0,0.38260221481323237,1.2500286102294922,2124791a325ebb899c69fecfda106974dc71e494e17e557fe7f628b4fbd54da8,True
control,r2,coin-heaven,210406,310406,1.0,0,0,50,0,0.4776954650878905,2.1500587463378906,2f4b05af7a83d805685adc0b5be90849f66f37e25207dad499ed37742b7f8263,True
control,r2,coin-heaven,210407,310407,1.0,0,0,50,0,0.6614208221435542,1.6062259674072266,e292c9323f7ce570819a498543ec77d6b27205ea7272d6388621d885e0010cce,True
control,r2,coin-heaven,210408,310408,1.0,0,0,50,0,0.7056117057800293,1.3031959533691406,7d7b68becea839287e055f04e60487084c907868492153ee198fe6eec010f824,True
control,r2,coin-heaven,210409,310409,1.0,0,0,50,0,0.41773319244384766,0.6101131439208984,f5b69d872dcd9d7c1735f2d829bf78967976e0e06a86f5190a41a556610afd3c,True
control,r2,coin-heaven,210410,310410,1.0,0,0,50,0,0.39063692092895497,0.8358955383300781,56d824db8a7e6ddd0d4da36a3f119d62e890ccf08510e81993d7cb2db915e9e6,True
control,r2,coin-heaven,210411,310411,1.0,0,0,50,0,0.8783340454101559,3.017902374267578,7e449cc8acee15fb0045d856f457ad9048539436a4e768000be18e42bb2ed1a1,True
control,r2,coin-heaven,210412,310412,1.0,0,0,50,0,0.514829158782959,1.3530254364013672,4738f7a2a8c9d6ac72e82ea3065651e155b87b014e695344903f585072be746f,True
control,r2,coin-heaven,210413,310413,1.0,0,0,50,0,0.4267930984497069,0.7419586181640625,5bb71eda63da4ab7d30938f50713c565620dd13ffc77bd40db616b91053f4d84,True
control,r2,coin-heaven,210414,310414,1.0,0,0,50,0,0.45168399810791,0.7371902465820312,8a23a3fe22bac6690d9ac5f688e1b5e0de740fdd23c9b77eba0c3199f8c3cc5c,True
control,r2,coin-heaven,210415,310415,1.0,0,0,50,0,0.4945039749145507,1.232147216796875,fe77a4f166ec7ffdb2c8549f84ea627b74c467d80231863c7c8faa286ee18f42,True
control,r2,coin-heaven,210416,310416,1.0,0,0,50,0,0.5785822868347166,1.096963882446289,7be22def5888ae3f407ae730ac28b42b48c84af4774f369cadad9f4c5165453e,True
control,r2,coin-heaven,210417,310417,1.0,0,0,50,0,0.5620241165161131,1.6789436340332031,d6ae73b92f1aeb338912f0332b623aedc9a02ff7a3d3289912acd013fd4cb4fd,True
control,r2,coin-heaven,210418,310418,1.0,0,0,50,0,0.3754138946533203,0.8671283721923828,8c8d8fe6ca106b2be74be59f247e141c93ce622c9fd1b9061540aa3e592add62,True
control,r2,coin-heaven,210419,310419,1.0,0,0,50,1,0.5247235298156737,1.3680458068847656,0a025c966b94cf900abc56e9eca3254103ccd0e9d6a115d4b1847373021b3fbd,True
control,r2,coin-heaven,210420,310420,1.0,0,0,50,0,0.6289482116699219,2.5110244750976562,a9176b10b0670745cbd8cd03e28a0b3fc0b0b97683bb77953b17e0744d9fffb7,True
control,r2,loot-crate,210501,310501,0.5,0,0,25,5,0.7202506065368648,2.8672218322753906,46c53b626484e8a10cb973e34c96cae0ed00f67dc4f49e5e9ebda49931d18972,True
control,r2,loot-crate,210502,310502,0.14,0,0,7,3,0.5960583686828611,1.5480518341064453,392cbfb82984c7ff49b3a1d6aa61130b2b1024898fb94765e26897183f3bc9a1,True
control,r2,loot-crate,210503,310503,0.54,0,0,27,13,0.8759617805480957,4.036664962768555,f7046321f812abcc3d6df97e2963886b5d3a25d8555cc5a77465f65e3ad800ea,True
control,r2,loot-crate,210504,310504,0.04,0,0,2,2,0.8579373359680159,5.31315803527832,fdcf39757535a9b0849ed57215d1412d8a841f3acd1fe57d242f3d1949f9b916,True
control,r2,loot-crate,210505,310505,0.14,0,0,7,43,0.770163536071777,1.3880729675292969,b1f3fe0a7054abfb00197c925cba642efb4a6aa17ca75988878038156d73eeae,True
control,r2,loot-crate,210506,310506,0.06,0,0,3,5,0.7071614265441892,1.5499591827392578,caeb309902f9a05716bc7bd84f41be7eb9cd636d74609c5b487c3565362d5fd9,True
control,r2,loot-crate,210507,310507,0.28,0,0,14,4,0.7747650146484367,2.6721954345703125,f0625455e08fbf9651c8ebf003b6c5b72754e09be00f945ec7fc242b09c8223e,True
control,r2,loot-crate,210508,310508,0.12,0,0,6,4,0.5915403366088863,1.1637210845947266,659a6bb7f18d6c42c67d3d3e1433fed586bbf87e5de81a19dd337f076316ad3d,True
control,r2,loot-crate,210509,310509,0.38,0,0,19,11,0.5663514137268063,0.9829998016357422,822928701b5857f8df92cd756327f155543a1411593b7399484a33395010665f,True
control,r2,loot-crate,210510,310510,0.18,0,0,9,1,0.5162954330444333,1.3852119445800781,0b218347565a945e3a1707253012f876517b922904701af5ce73914779cb55b7,True
control,r2,loot-crate,210511,310511,0.1,0,1,5,2,1.0163784027099607,1.8999576568603516,231798c8223c9e28d68141fef61a0aeda552c4da5c174ef2a6b8f81fcabca046,True
control,r2,loot-crate,210512,310512,0.22,0,0,11,5,0.6814122200012205,2.871990203857422,d18eb854c93cec36f5655fe87fc07c04a0e52ae034914d9fc6a9de1e14bfc56a,True
control,r2,loot-crate,210513,310513,0.02,0,0,1,46,0.7333636283874488,2.1109580993652344,dc529995f08d5eda094669485d1d67c5e113dcaa5733ae5ccf95983392c6ae70,True
control,r2,loot-crate,210514,310514,0.18,0,0,9,3,0.9161233901977536,3.8421154022216797,a398336ec313788f2613d3e82ebdfc52af53c1b7bb0374c81492833656ceab58,True
control,r2,loot-crate,210515,310515,0.26,0,0,13,2,0.6261587142944333,1.950979232788086,07133504650a93e6c4c894964e592ee709a1b44c2fb4639610c254420e2481ab,True
control,r2,loot-crate,210516,310516,0.3,0,0,15,2,0.5593299865722654,1.2409687042236328,20f248068613e995586fcf6ae9c5a3943f21d63f328cf461a36c2b7721f33e28,True
control,r2,loot-crate,210517,310517,0.12,0,0,6,1,0.8640050888061521,3.1321048736572266,3656ec1a001f653eb83a76a2f21b05b25479f8c6b5ba6d68822a89a74407e3da,True
control,r2,loot-crate,210518,310518,0.62,0,0,31,11,1.478600502014158,4.49824333190918,e6029726e2441eb89af5e5e3e61f1fbc124f2b72f42025b77d2678de4274c156,True
control,r2,loot-crate,210519,310519,0.34,0,0,17,10,0.9946227073669428,2.1529197692871094,e5c791d6bf86b713648eef69320f38054bed1da1739044279259863e35895445,True
control,r2,loot-crate,210520,310520,0.06,0,0,3,3,0.8882999420166013,3.3588409423828125,1536a256e618951e84ba6bb8214392ebd2e6135e1d22767be894484ad73dfc89,True
control,r3,peaceful,210101,310101,0.0,0,0,0,0,0.650846958160399,2.885103225708008,76b106811dea85c5eb2fb951c8cc85b3afc6e6f7fb1d400a58e4ae28bd47d8c0,True
control,r3,peaceful,210102,310102,0.6666666666666666,0,0,6,7,1.6259193420410147,4.414081573486328,b7dea6c9bd0269501a0f41d96fe8561a27e5fff6e935230b392b41a863e34b5e,True
control,r3,peaceful,210103,310103,0.2222222222222222,0,0,2,2,0.9533166885375967,1.8057823181152344,af1573ba15a264a60ccc6b231d4aae1dbb6e15c92a47a1d2b17c69af2b5f7a39,True
control,r3,peaceful,210104,310104,0.6666666666666666,0,0,6,10,1.1424183845520015,3.9339065551757812,e738f1ce363fed9b6f30c17493d2335373eff21898c52f6ac5f78ef60b7a7c78,False
control,r3,peaceful,210105,310105,0.7777777777777778,0,0,7,3,1.1341333389282218,4.42194938659668,db3706957c86157aa3e931855022cc2ee8ead15518bb13bded0198c3cde7030a,True
control,r3,peaceful,210106,310106,0.4444444444444444,0,0,4,3,0.8096098899841303,4.36091423034668,1abbad12cfd8ccad9061f85cce09d417a365c74d83c70909360d396f17591bbb,True
control,r3,peaceful,210107,310107,0.6666666666666666,0,0,6,8,0.5408406257629389,1.1992454528808594,96973abe6f6d646cd86112fd1534a866642abe1fd8e4351330c76de958bbfdcf,True
control,r3,peaceful,210108,310108,0.7777777777777778,0,0,7,2,0.5613565444946286,1.0199546813964844,8f741f93b7545b7190177fe218f83b0fe7b8980eaaabeb0d12e16d5e1b3aef0c,True
control,r3,peaceful,210109,310109,0.1111111111111111,0,0,1,0,0.20235776901245078,0.5171298980712891,3a5be598f6a403d4eff5c0681c166f0749eef9c3542d5881d043dbc3030910d5,True
control,r3,peaceful,210110,310110,0.1111111111111111,0,0,1,1,0.4361629486083983,0.8158683776855469,866ae4ba096f60264bc38aaf0c0c3a6f969b0883689215b625a416e589ba192e,True
control,r3,peaceful,210111,310111,0.1111111111111111,0,0,1,0,0.2631783485412596,1.2450218200683594,3be275bd80f9340a4e8b6b7f976f7db282f2218704c2c562f001922d94003e1d,True
control,r3,peaceful,210112,310112,0.4444444444444444,0,0,4,2,0.25300979614257807,0.45108795166015625,dd0460b0bb38062221981ffdfbbacbb6dadc5bdb2c80c0e58d65547e1682455c,False
control,r3,peaceful,210113,310113,0.0,0,0,0,0,0.16502141952514646,0.6241798400878906,b57c10b83222ac39cbb830585fcd8f064e510358acbb76e1c10212adfe5f03dd,True
control,r3,peaceful,210114,310114,0.0,0,0,0,2,0.22201538085937494,0.43892860412597656,fde30fc70f313b7f3fd157bc0f534f9b0ba19b989da53c3634ecbbba82240460,True
control,r3,peaceful,210115,310115,0.1111111111111111,0,0,1,2,0.2630233764648437,0.49304962158203125,1bb7e97a34d1a768251e93f52dbf12300b9c47c2291b4ba0f0e1165364c52dd7,True
control,r3,peaceful,210116,310116,0.6666666666666666,0,0,6,5,0.4974126815795898,0.8549690246582031,2451e8af8de5658888acd917b478dbbecd8a4fd00846c19eb20642d2e8f4b16e,True
control,r3,peaceful,210117,310117,0.2222222222222222,1,0,7,3,0.2580761909484862,0.4410743713378906,c055852625e86564517722b5a2e1de57c52e61ba002d3856afe0cc94b70499b2,True
control,r3,peaceful,210118,310118,0.6666666666666666,0,0,6,4,0.4169225692749022,0.8680820465087891,ef8f7444e4cdf0d806fc2fd95f231bfadcecb58d5558b74d75e90e8107f3e2c8,False
control,r3,peaceful,210119,310119,0.6666666666666666,0,0,6,1,0.40613412857055653,0.8950233459472656,1609fd00c354e764ac4c20d47ad32a178f038dc2e1afd4375cc13417ecf2bab2,True
control,r3,peaceful,210120,310120,0.5555555555555556,0,0,5,2,0.46525001525878895,0.9372234344482422,f3396fb624d55edbe07b92dd6e573877c4ff46631f8c907ccbcade7dc61ff204,True
control,r3,coincollector,210201,310201,0.0,0,0,0,10,0.7177710533142073,1.2350082397460938,6466587b156c0c4247fcab7fe4af8dfbf6884c549205ca1bde5cd76b8cd3b86f,False
control,r3,coincollector,210202,310202,0.3333333333333333,1,0,8,6,0.43336153030395475,1.0218620300292969,5ff0bd94769f94478bbe51904da30ac7a0440cf4bb305547496bf22b3f9f1567,False
control,r3,coincollector,210203,310203,0.0,0,0,0,3,0.4107117652893066,0.55694580078125,475626341ab198da6947589ce2fc8f57bc08b34eec3585235e150203a560f9e0,False
control,r3,coincollector,210204,310204,0.1111111111111111,0,1,1,4,0.6183862686157225,1.1589527130126953,a2a40b3d8a39238aadc1ca150b98264e6eaaca5cbbe6777f3ac1e2bee01b7e1e,False
control,r3,coincollector,210205,310205,0.2222222222222222,1,0,7,5,0.6001830101013182,0.8580684661865234,ccb7d49749014a4b90e53968f0441afb5dc84a80872573a7b07fd7eb626f3d7d,False
control,r3,coincollector,210206,310206,0.2222222222222222,0,0,2,10,0.5590915679931641,0.8409023284912109,3129aeb462904dd7a2c940e7f43febc170c545e6a3e4fa5976cc61ed265e8478,False
control,r3,coincollector,210207,310207,0.3333333333333333,0,0,3,10,0.724494457244873,1.1188983917236328,77068229e98aacf053f28819128063a19cd3b4b271aac1178c77f7c9b4d9b522,False
control,r3,coincollector,210208,310208,0.0,0,0,0,16,0.6531119346618643,1.2128353118896484,f6afe528ee82d987219da96a081bd52119e8fa3da225bba923a5956756655504,False
control,r3,coincollector,210209,310209,0.1111111111111111,0,0,1,3,0.39019584655761713,0.5550384521484375,ee508dea88fa9edf4422ea6f18fa4bb2b44e9af09575013979a987b3e06e3f88,False
control,r3,coincollector,210210,310210,0.1111111111111111,0,0,1,6,0.6220340728759765,1.0211467742919922,dbc53448e74020e5cf84b15eeb827b5388818b1fb0be0b0cd77ae09a7bd4920c,False
control,r3,coincollector,210211,310211,0.3333333333333333,0,1,3,3,0.6134867668151855,1.0409355163574219,4b9448a11bac78592ec5fe8f97671dbe9bdb0c1850ad78cd0b334f38243d7597,False
control,r3,coincollector,210212,310212,0.1111111111111111,0,0,1,2,0.8542418479919429,3.0689239501953125,474bc39788ea8e64d27ee1860855bc32ffb4c40ae718d85e4fa1dd0d63b6b6bd,False
control,r3,coincollector,210213,310213,0.3333333333333333,0,0,3,4,0.7587909698486327,1.4231204986572266,8c9b2529ffca422fd8c51bfe72fc63c977dd8870a9fda2fdd46a05bfcf0269d8,False
control,r3,coincollector,210214,310214,0.0,0,1,0,2,0.9755611419677733,3.3202171325683594,b5df6b00c41087fd405430b5b3f449b31e66cb3fa436fa5b175b0d9f334dcf6c,False
control,r3,coincollector,210215,310215,0.2222222222222222,0,0,2,1,0.5500316619873047,0.7472038269042969,d90e71f833303acc00ee9d98f299e7155340963e89c422496d9b5e840304c5ee,False
control,r3,coincollector,210216,310216,0.2222222222222222,0,1,2,3,0.8455753326416015,1.3320446014404297,446f5ba16df81f0906efc3c054fa2e0fbc4f0a76b5496ebec98ee4ef17438808,False
control,r3,coincollector,210217,310217,0.0,0,0,0,5,1.1958122253417969,2.2683143615722656,7291f33156153c85e865d8fd4383c6378ab9a18d92de718a803771eb1a3cde86,False
control,r3,coincollector,210218,310218,0.4444444444444444,0,0,4,5,1.040577888488769,1.4338493347167969,388a614572d1079b7679923be89f7239651935ab33a05d72a944aec16070a5c9,False
control,r3,coincollector,210219,310219,0.3333333333333333,0,0,3,11,1.4542341232299794,10.064840316772461,d90e810a0f36b51a51af1462cfd9c6efd9cd94bf1dc063cc1104d04613ace480,False
control,r3,coincollector,210220,310220,0.2222222222222222,0,0,2,5,0.8921861648559548,2.6009082794189453,d5ac174227a3dd20c3093de884de2275359d9ba4fd621ce72c693888339af3bd,False
control,r3,classic,210301,310301,0.0,0,0,0,0,0.520539283752441,2.5179386138916016,d6b136e0deb550d1dbeb46f77f35ccc9546b0749ce5916249fc6661a1f43d5ed,True
control,r3,classic,210302,310302,0.0,0,0,0,0,0.6505370140075678,1.7900466918945312,292b547604f1a802d7e171fac1da1ca85da14500ffca6561ada6dd6e0aac4ece,True
control,r3,classic,210303,310303,0.2222222222222222,0,0,2,19,0.5853772163391102,1.0082721710205078,8f8031029ab7759bd5bcdab0190e3aa9f9dff9d568e000a1489069aa6ddfb5a2,True
control,r3,classic,210304,310304,0.1111111111111111,0,0,1,0,0.6322860717773435,2.401113510131836,953e603061e941bc8c4fad8793ca59199c372bb142e111ce0bbad2490f23581c,True
control,r3,classic,210305,310305,0.2222222222222222,0,0,2,0,0.34887790679931635,1.8110275268554688,45d5fc253ea675382239b4bbc67116aa5c8bcd6216333fdfe1c1a02da92a34f7,True
control,r3,classic,210306,310306,0.5555555555555556,0,0,5,3,1.5681147575378362,12.401819229125977,12c147cc3e1bc2a41e2ea714bb6ebdc168c18f0ce3c0d924f72e0ac8470e3292,True
control,r3,classic,210307,310307,0.2222222222222222,0,0,2,1,1.1027574539184555,11.39688491821289,cd7badf2c9378fdb265f50474b3c94dab268caebe54e60b9d95a791f96b11add,True
control,r3,classic,210308,310308,0.1111111111111111,0,0,1,1,0.3359675407409666,1.2290477752685547,0790e5ca4a0c590e24daec46bd2e4a5410cc625f1ad2e81b65a3509d277d1e66,True
control,r3,classic,210309,310309,0.0,0,0,0,0,0.26426315307617176,1.2516975402832031,9850775d72f003053e32acac9db877cf777f4d06b91dc22dd7baa82743864b3c,True
control,r3,classic,210310,310310,0.5555555555555556,0,0,5,1,0.718784332275389,1.8770694732666016,885c32308a173b4c343ffb1274a60b5d3df4cbd87b7a7423e6c0e7549701ae7e,True
control,r3,classic,210311,310311,0.1111111111111111,0,0,1,0,0.40946006774902316,1.4986991882324219,98591f43709e2eceb05f8bdfd1bcfb3bdc9f3c5f1ee428afc4659c0c6d9da88b,True
control,r3,classic,210312,310312,0.0,0,0,0,1,0.6748080253601066,3.0128955841064453,ff58805d7660ba34c153e464f78ac21f33089cb0a874bbca12b1b3288f5b24f2,True
control,r3,classic,210313,310313,0.6666666666666666,0,0,6,2,0.5688786506652832,5.837917327880859,5b4186255431b679964fa1f044b0fdb323b38ceb91b6428bad79cd004edc349c,True
control,r3,classic,210314,310314,0.2222222222222222,0,0,2,2,0.5814671516418445,1.184225082397461,9e55a0f2e8b2fa06fffc6b2a61edbc2ae6de66eee272944700b6c3f6df3bf77b,True
control,r3,classic,210315,310315,0.6666666666666666,0,0,6,2,0.5492210388183593,4.289150238037109,72271e7a8b86e99d28e000fcc9e8b7e1d9a8b3a1c1b7a9fedc32521b302203eb,True
control,r3,classic,210316,310316,0.0,0,0,0,0,0.9065389633178706,4.29224967956543,df8fcc329e60037fca6f5c6ebe6c1e55131c34ec2381369b97054b4d41b4e176,True
control,r3,classic,210317,310317,0.2222222222222222,0,0,2,1,0.5437493324279782,7.550954818725586,11f9ddab73cef96deca1a4eeeae2293a298132353fbc737c880129f8e5f948cf,True
control,r3,classic,210318,310318,0.4444444444444444,0,0,4,9,1.49065256118774,3.7479400634765625,e24a29508e9386b3b194877d71cc896a124edaffe36cb897f5d42461cb78f9af,True
control,r3,classic,210319,310319,0.1111111111111111,0,0,1,0,0.5432128906249999,1.4941692352294922,4645f842119563c829dfa5ef0c2eca18279cb8b5372eee4f8edb576138225bdd,True
control,r3,classic,210320,310320,0.1111111111111111,0,0,1,0,0.7961869239807128,2.7680397033691406,4a68aebaa54130d247fbfb1c38e227ac8b9e3c19fc92e04981ecf19416b3906f,True
control,r3,coin-heaven,210401,310401,1.0,0,0,50,0,0.30155181884765614,0.6268024444580078,b67c0dbd01088e8ee350ddc51913e3100d0b6ecece7122799153c33cba42cf8d,True
control,r3,coin-heaven,210402,310402,1.0,0,0,50,0,0.30236244201660145,0.5118846893310547,cd9ac602ed885bfa687425b596b8f5f28d7016fa4dc5cdae469b90086a8ecc1f,True
control,r3,coin-heaven,210403,310403,1.0,0,0,50,1,0.24731159210205086,0.7722377777099609,915c7d7cb32db32a348c8a04cb7f021343b01ace4919fb41e6520d4ccbc72602,True
control,r3,coin-heaven,210404,310404,1.0,0,0,50,0,0.1550197601318359,0.35691261291503906,69a3f73db208c7b5c1e19bfbd3d5768a744d9f4cdaf4a7319af1feb7b4e7a310,True
control,r3,coin-heaven,210405,310405,1.0,0,0,50,0,0.18136501312255848,0.9930133819580078,2124791a325ebb899c69fecfda106974dc71e494e17e557fe7f628b4fbd54da8,True
control,r3,coin-heaven,210406,310406,1.0,0,0,50,0,0.22640228271484375,0.9090900421142578,2f4b05af7a83d805685adc0b5be90849f66f37e25207dad499ed37742b7f8263,True
control,r3,coin-heaven,210407,310407,1.0,0,0,50,0,0.27213096618652344,0.4191398620605469,e292c9323f7ce570819a498543ec77d6b27205ea7272d6388621d885e0010cce,True
control,r3,coin-heaven,210408,310408,0.06,0,1,3,0,0.23126602172851562,0.23508071899414062,ae50dce16d5d81688cb94e7d1cb17afa89e4f369d4720ccc774e519f993cab6e,True
control,r3,coin-heaven,210409,310409,1.0,0,0,50,0,0.22317171096801752,0.3230571746826172,f5b69d872dcd9d7c1735f2d829bf78967976e0e06a86f5190a41a556610afd3c,True
control,r3,coin-heaven,210410,310410,1.0,0,0,50,0,0.23624897003173828,0.4532337188720703,56d824db8a7e6ddd0d4da36a3f119d62e890ccf08510e81993d7cb2db915e9e6,True
control,r3,coin-heaven,210411,310411,1.0,0,0,50,0,0.32367706298828125,0.4169940948486328,7e449cc8acee15fb0045d856f457ad9048539436a4e768000be18e42bb2ed1a1,True
control,r3,coin-heaven,210412,310412,1.0,0,0,50,0,0.2462744712829588,0.5171298980712891,4738f7a2a8c9d6ac72e82ea3065651e155b87b014e695344903f585072be746f,True
control,r3,coin-heaven,210413,310413,1.0,0,0,50,0,0.30057430267333984,0.5300045013427734,5bb71eda63da4ab7d30938f50713c565620dd13ffc77bd40db616b91053f4d84,True
control,r3,coin-heaven,210414,310414,1.0,0,0,50,0,0.21779537200927734,0.34308433532714844,8a23a3fe22bac6690d9ac5f688e1b5e0de740fdd23c9b77eba0c3199f8c3cc5c,True
control,r3,coin-heaven,210415,310415,1.0,0,0,50,0,0.23199319839477536,0.3876686096191406,fe77a4f166ec7ffdb2c8549f84ea627b74c467d80231863c7c8faa286ee18f42,True
control,r3,coin-heaven,210416,310416,1.0,0,0,50,0,0.20012855529785156,0.26798248291015625,7be22def5888ae3f407ae730ac28b42b48c84af4774f369cadad9f4c5165453e,True
control,r3,coin-heaven,210417,310417,1.0,0,0,50,0,0.15723705291748039,0.4353523254394531,d6ae73b92f1aeb338912f0332b623aedc9a02ff7a3d3289912acd013fd4cb4fd,True
control,r3,coin-heaven,210418,310418,1.0,0,0,50,0,0.14235973358154297,0.3402233123779297,8c8d8fe6ca106b2be74be59f247e141c93ce622c9fd1b9061540aa3e592add62,True
control,r3,coin-heaven,210419,310419,1.0,0,0,50,1,0.17194747924804665,0.3490447998046875,0a025c966b94cf900abc56e9eca3254103ccd0e9d6a115d4b1847373021b3fbd,True
control,r3,coin-heaven,210420,310420,0.04,0,1,2,0,0.3095865249633789,0.3180503845214844,ae50dce16d5d81688cb94e7d1cb17afa89e4f369d4720ccc774e519f993cab6e,True
control,r3,loot-crate,210501,310501,0.18,0,0,9,1,0.1791000366210937,0.5571842193603516,29735bc063c858a7661f9d2b3a17908adf3bed2cee66f2c48f2598e202f91df2,True
control,r3,loot-crate,210502,310502,0.58,0,0,29,16,0.2606868743896477,1.0418891906738281,7af2afdaaa42883b1c4a363f874ed6c938d5397ea6e4973bbd9ceaf560e45112,True
control,r3,loot-crate,210503,310503,0.08,0,0,4,1,0.15997886657714844,0.6208419799804688,84531f8825154ff197cdd460080b4b3c37ba34edc1569c171b0a26fa73cc96ae,True
control,r3,loot-crate,210504,310504,0.02,0,0,1,1,0.16486644744873036,2.008676528930664,248d235c456a50afe2ff5adb5f407ecb521f32c018b02893e33164d70de1a6cb,True
control,r3,loot-crate,210505,310505,0.6,0,0,30,4,0.23307800292968736,0.5400180816650391,b5da44fa943810cc6388b4fbefb14c711b9432fb790bbe4538827510d50d5542,True
control,r3,loot-crate,210506,310506,0.08,0,0,4,4,0.23702383041381747,0.6699562072753906,5dadfed0fe469ee21cc6209d9e537bc6d19435a7d083728129295fbbd2a069f5,True
control,r3,loot-crate,210507,310507,0.4,0,1,20,8,0.2303481101989746,0.5350112915039062,8f450399d535dc10fe40415dff50205473aa7e0be7d30c7e139f7c0e773d47c7,True
control,r3,loot-crate,210508,310508,0.34,0,0,17,8,0.20631551742553703,0.4417896270751953,54274f5fad349a66c6d62696969409362f1f3de9fe7fa5ad8612fdfe30a5db03,True
control,r3,loot-crate,210509,310509,0.12,0,1,6,1,0.20859241485595695,1.2810230255126953,a55f887f2da8c4b050284d2c2b3668287a915d444a92eef375bf8aaa07c55fff,True
control,r3,loot-crate,210510,310510,0.1,0,0,5,0,0.1572608947753905,0.6761550903320312,9c35f6c36a66f5232b4c845703932e6c8332965c32f01876f8e0033ef49eeeec,True
control,r3,loot-crate,210511,310511,0.12,0,0,6,0,0.22051334381103474,0.6747245788574219,2268d7c9b1a3b930b438b7ac353b8aba9b1a32932db2e6accb9d66564b71c0cb,True
control,r3,loot-crate,210512,310512,0.66,0,0,33,11,0.43302774429321284,1.2669563293457031,133dc76314e3b426ddd4cc8457f74aa03d8f6f0bd50c069a3938d36dce37a6b1,True
control,r3,loot-crate,210513,310513,0.38,0,0,19,10,0.23536682128906225,0.4889965057373047,c6a1fa9e167bdfcc999757f261c212e719d302b5744a07d86cca17d7cff3a6ac,True
control,r3,loot-crate,210514,310514,0.52,0,0,26,11,0.5361199378967284,0.8718967437744141,8450fc2e04430b2b06782d21994411c586082a8609eb4f80d21fac4cbe214e28,True
control,r3,loot-crate,210515,310515,0.34,0,0,17,2,0.4639744758605957,1.0409355163574219,5fb03f38666c14942d24027d7fa03eba0a02263b86d069cbe12261569ae98dc1,True
control,r3,loot-crate,210516,310516,0.48,0,0,24,6,0.4260540008544922,0.8871555328369141,e118bfed6633c02140b5ccff991ca4d2d4487a2238b2f69f1ff919686e4fb05d,True
control,r3,loot-crate,210517,310517,0.12,0,0,6,1,0.4323601722717282,0.9739398956298828,3656ec1a001f653eb83a76a2f21b05b25479f8c6b5ba6d68822a89a74407e3da,True
control,r3,loot-crate,210518,310518,0.22,0,0,11,3,0.395405292510986,1.62506103515625,8d25efa38a12387085619b70dfe71ce3f84ea6c57d028f6a130098eeda3e0611,True
control,r3,loot-crate,210519,310519,0.4,0,0,20,10,0.3383636474609372,0.8459091186523438,c1d5ac945da7f2c4f6cb72b17bf1cb51cbd852b5e578e2096d83a52d2156a733,True
control,r3,loot-crate,210520,310520,0.06,0,0,3,2,0.3373622894287107,0.9529590606689453,353a4c1be54bf620ed6f77aa9cd9c4dba5e0f798cdb55e2e9f95eb00eaa1cbc2,True
control,r4,peaceful,210101,310101,0.0,0,0,0,0,0.5854606628417957,1.9657611846923828,f9b14bd62615fd619f8ae3e2833bde1c9c16aa57e09a4c9060a9f3f15cf36308,True
control,r4,peaceful,210102,310102,0.1111111111111111,0,0,1,47,0.9709596633911116,2.4771690368652344,4c5ff56d59bd60523f74ab2faa30d56a60749102003ad3728e5160ae0ebdc77c,True
control,r4,peaceful,210103,310103,0.0,0,0,0,0,1.3924121856689404,9.0179443359375,28da7d47ee26157dcddb7fe700b02e156a0fd11a913c167a65cb38a00c974986,True
control,r4,peaceful,210104,310104,0.0,0,0,0,0,0.5934834480285642,2.099275588989258,63473700a796a66116d941c142553ecaab4aa4c2b4d468a94c45a44a49a73a22,True
control,r4,peaceful,210105,310105,0.4444444444444444,0,0,4,6,1.0099649429321282,2.1288394927978516,6160ceba155bf75e076b2f3dc4e9895877ace15b8d285ce80414b132a89b13ec,True
control,r4,peaceful,210106,310106,0.0,0,0,0,0,0.5869984626770013,2.048969268798828,91de2fc18a9b3285d88d2e97d406b94c70b5c773241531e20a72ebe37664a15c,True
control,r4,peaceful,210107,310107,0.0,0,0,0,0,0.7536053657531734,1.2972354888916016,c0ce068d1457461966db7e45d675496f3f2f338fa2fc148c17f46e80fc759ec5,True
control,r4,peaceful,210108,310108,0.2222222222222222,0,0,2,1,1.2573003768920896,3.299713134765625,da98563a80141166a099c2c3d397a8e6419ce5859eb656b158d8be0fc3529477,True
control,r4,peaceful,210109,310109,0.1111111111111111,0,0,1,0,0.8400440216064452,1.5001296997070312,7a91d96f5489e8e03bd0a6bfa4c6e159390c6f4b27998d1e92a3a34dfffe1cb3,True
control,r4,peaceful,210110,310110,0.0,0,0,0,1,1.3051390647888175,3.5457611083984375,058cef56e9c469309a7d424795b8592b5fd933ffc13021169e591842166c4169,True
control,r4,peaceful,210111,310111,0.1111111111111111,0,0,1,0,0.8948206901550286,2.9959678649902344,b456992dcdbbd0fdaba12ef52fe2428ac9d148edee108b053f55215f8cb08ddc,True
control,r4,peaceful,210112,310112,0.0,0,0,0,0,0.6380081176757812,1.1088848114013672,82c4b85144a8ca0a9b0f0ae8e3b6d67cc3e207dabcb7288ac3e8338158bc41e6,True
control,r4,peaceful,210113,310113,0.0,0,0,0,0,0.5503296852111814,1.4252662658691406,82c4b85144a8ca0a9b0f0ae8e3b6d67cc3e207dabcb7288ac3e8338158bc41e6,True
control,r4,peaceful,210114,310114,0.4444444444444444,1,1,9,8,0.7003545761108395,1.1856555938720703,3dcd5578abb9326080661e90ca1c3ea3b0d7e924b441f0983a82cc9b1084e615,False
control,r4,peaceful,210115,310115,0.1111111111111111,0,0,1,2,0.7601261138916016,1.0638236999511719,6a4cfe7f553e5e5c23c6d2fd02bf1bd9e76c28e95ae9123bd6f68d0ac56f8a02,True
control,r4,peaceful,210116,310116,0.0,0,0,0,42,0.8343815803527829,1.9037723541259766,b3b8b0f8764c05e3f3f5f92325d4da031789b41233be8ac0e6b83617050be488,True
control,r4,peaceful,210117,310117,0.1111111111111111,0,0,1,39,1.1346340179443317,3.6916732788085938,153da59016ea2ff81761261c3c8a9f5332988a917d5170c21538838b82204a00,True
control,r4,peaceful,210118,310118,0.2222222222222222,0,1,2,2,0.6530284881591797,4.136085510253906,6a479677bc459d612a083864c326eb08fbd6741d5169fa1166433597e1cdc2ae,False
control,r4,peaceful,210119,310119,0.0,0,0,0,0,0.8877038955688472,2.5060176849365234,e8bef6dfec4e5a215cbe83928d46ca5cc273643cdbb6a6ba06a2c9a01ff7e01d,True
control,r4,peaceful,210120,310120,0.0,0,0,0,0,0.7812261581420895,1.898050308227539,f9b14bd62615fd619f8ae3e2833bde1c9c16aa57e09a4c9060a9f3f15cf36308,True
control,r4,coincollector,210201,310201,0.3333333333333333,1,0,8,14,0.7520437240600583,10.503053665161133,7aae024347cb97f77532d205a4f396dbaea42b060a892725032038d2342146b5,False
control,r4,coincollector,210202,310202,0.4444444444444444,0,0,4,5,0.6253957748413081,1.3837814331054688,b0c837003a5969097b899792570146d0b2f949380444fc8df1ea2bb3dd323ee9,False
control,r4,coincollector,210203,310203,0.0,0,0,0,3,1.5190362930297845,2.7070045471191406,3486bcfb9fd217744d3479e9f1428e24712c2628ea169f38dd668cc394cf8616,False
control,r4,coincollector,210204,310204,0.1111111111111111,0,0,1,2,0.9140372276306147,7.915019989013672,230b7ea8840ac018ecbbac9d7c763f494580bc3c7705e313e90e782172f2fb7d,False
control,r4,coincollector,210205,310205,0.3333333333333333,0,1,3,13,0.766301155090332,1.0182857513427734,6f4a2f2048e2c3e790a1b892c7f8c26e8071a8759025553d3685ac425f8b1e4f,False
control,r4,coincollector,210206,310206,0.0,0,1,0,3,0.713002681732177,2.849102020263672,b5a83afb0f223b9db33c9705cf26249f5c6a1a9b0ba047a37147418705dda1cd,False
control,r4,coincollector,210207,310207,0.3333333333333333,0,0,3,8,1.7323970794677732,8.100032806396484,65ec93c4f570fdbdbb374ed9935ba45034128a9a40bae21f04700893a5968fc0,False
control,r4,coincollector,210208,310208,0.2222222222222222,0,0,2,26,1.9233584403991695,3.1499862670898438,98ef4a9ec1abf2df7e4086e126e8d1552905f06434fba558ed164efd6f260901,False
control,r4,coincollector,210209,310209,0.3333333333333333,0,0,3,13,1.7835497856140121,3.57818603515625,945d53bbfbf6d8a2a6024e0655eb0fc82c57dd669e3dd06480d71b6ee0ac447b,False
control,r4,coincollector,210210,310210,0.2222222222222222,1,0,7,10,1.291680335998532,3.3690929412841797,5fb213a43af6bebed9ced1ce7a2346c52a1f2c498a16d85e7541e6d835554f4b,False
control,r4,coincollector,210211,310211,0.4444444444444444,0,0,4,13,2.105641365051269,6.017208099365234,62efba1ae217fd483c8fc66d1660a61a916604b28516544812bbc0eb5aaec548,False
control,r4,coincollector,210212,310212,0.4444444444444444,0,0,4,4,1.672589778900146,5.143880844116211,e6ba3caed03f66687048577178854e1bcfe60cf9bda0897239549be6b389aedf,False
control,r4,coincollector,210213,310213,0.5555555555555556,1,0,10,0,0.6941914558410643,3.500223159790039,75c024373e9b6f36b42da353e437902715c543322a0642cf45b5d718930e701b,False
control,r4,coincollector,210214,310214,0.2222222222222222,1,0,7,3,1.1957526206970153,9.34290885925293,ae4d9d9fc4bc3dde4d4d2dee14a334570bf828f98cae6f570bf55a403bff3139,False
control,r4,coincollector,210215,310215,0.4444444444444444,0,0,4,6,1.4920830726623535,2.9959678649902344,5f83613bca2cc83dac7d95492bd3eacca490cabc36bfcf893e26fea3208738ea,False
control,r4,coincollector,210216,310216,0.2222222222222222,0,0,2,10,0.911653041839599,1.5840530395507812,54543e19d18c0379dcf6d9e242a978fefd80ddab0aed486d04c04a0847cefc0c,False
control,r4,coincollector,210217,310217,0.0,0,0,0,2,0.5518913269042961,2.1469593048095703,3cb2c1e78964269584904faf8ae1cf0ccb956752f19fd6dbcee9ccd5ec261e53,False
control,r4,coincollector,210218,310218,0.0,0,1,0,1,0.23436546325683594,0.3979206085205078,d6f7c8356d9962ba245d21fed7f1c9723a2602aa5859ad803ef1e48f2957b270,False
control,r4,coincollector,210219,310219,0.0,0,0,0,9,0.27985572814941406,0.5800724029541016,812f2e04e0a5b632d55584702dfe818d71eac2ba152c7441ed0ca5cac9a704b0,False
control,r4,coincollector,210220,310220,0.2222222222222222,0,0,2,12,0.4960060119628905,0.8788108825683594,1dd39ebb71d6cea55fee11a194aeb1de9d67477e052d817c1e0ff649f1d34bbf,False
control,r4,classic,210301,310301,0.0,0,0,0,22,0.13214349746704096,0.4470348358154297,89d253eff25ae0798c71155880c1b307537ac6b901c6921943ffc5edb404f91e,True
control,r4,classic,210302,310302,0.1111111111111111,0,0,1,0,0.13899803161621094,0.3159046173095703,cbc62762bd21654eb6c90c6775eda21c91d8435032b20a191660d31c227a0c83,True
control,r4,classic,210303,310303,0.1111111111111111,0,0,1,0,0.1404285430908201,0.4000663757324219,ff3966fdec7fd7f47f8900a3fdd8111fcabd122ee5d15979c8a85ec1c0b1a155,True
control,r4,classic,210304,310304,0.1111111111111111,0,0,1,2,0.14328956604003906,0.6139278411865234,f31ee9c10aa5d124d8e5a4b897ce0fe383ce8932bbf7fda8d19532215093a94a,True
control,r4,classic,210305,310305,0.0,0,0,0,0,0.12285709381103509,0.5071163177490234,ab95e5cf12e7c122250c7e95631c206a936ef36ac09f06aeab943621e074035a,True
control,r4,classic,210306,310306,0.0,0,0,0,0,0.13127326965332017,0.5350112915039062,d70cb5bb87f5d0efbf6e0f5ffa0de175b95d7545a1ea57ab817ea76bc5291548,True
control,r4,classic,210307,310307,0.1111111111111111,0,0,1,0,0.40034055709838823,1.4700889587402344,77894ad96fec6df785a1498ef10f4214d010693d5e946ebc3b70d263fd49db37,True
control,r4,classic,210308,310308,0.0,0,0,0,0,0.2729654312133787,0.4971027374267578,d70cb5bb87f5d0efbf6e0f5ffa0de175b95d7545a1ea57ab817ea76bc5291548,True
control,r4,classic,210309,310309,0.0,0,0,0,0,0.27617216110229487,1.2159347534179688,d70cb5bb87f5d0efbf6e0f5ffa0de175b95d7545a1ea57ab817ea76bc5291548,True
control,r4,classic,210310,310310,0.4444444444444444,0,0,4,5,0.46525001525878895,1.188039779663086,b0de2622779c5fb987fef6ef27b3caeb9338a861a427ffeda4455000ea30de2f,True
control,r4,classic,210311,310311,0.1111111111111111,0,0,1,0,0.38620233535766585,1.0271072387695312,cf8b8f0c16e86d5a28f4cc1880c68bae7975d905288f1841314f3e1388fe181e,True
control,r4,classic,210312,310312,0.0,0,0,0,2,0.5140542984008787,1.149892807006836,c5f9aa14c8bafa9253170c0de0b23dd366a73f6b353df9f0c463c7f749f43312,True
control,r4,classic,210313,310313,0.0,0,0,0,0,0.33794641494750965,0.7081031799316406,6983d43bbf8532a231448366e17956fce4efa501f2c6a06b08fa54257f12c387,True
control,r4,classic,210314,310314,0.0,0,0,0,0,0.3541588783264159,1.1508464813232422,d7395d8d23eda4a1e21cdf523db0a5efb8f3d712e0d247799ccbb18b2bd2798b,True
control,r4,classic,210315,310315,0.3333333333333333,0,0,3,3,0.4410386085510252,1.4410018920898438,88719f7e10e38c5585a78aa6232502ff553a3da5159f03d289e5ecd556d65d89,True
control,r4,classic,210316,310316,0.0,0,0,0,0,0.5735635757446266,2.2840499877929688,d98681a2c1c8b444c5eee1623da8643dcb341d380035425b7bd242af68ad3632,True
control,r4,classic,210317,310317,0.1111111111111111,0,0,1,0,0.7478952407836907,3.1859874725341797,575a102451c6650e97d0e37c70b11b91ce16b85d6ecd5b92acac2e6d0967481f,True
control,r4,classic,210318,310318,0.0,0,0,0,0,0.5433320999145503,2.048015594482422,d70cb5bb87f5d0efbf6e0f5ffa0de175b95d7545a1ea57ab817ea76bc5291548,True
control,r4,classic,210319,310319,0.0,0,0,0,0,1.168084144592285,9.37509536743164,d70cb5bb87f5d0efbf6e0f5ffa0de175b95d7545a1ea57ab817ea76bc5291548,True
control,r4,classic,210320,310320,0.1111111111111111,0,0,1,2,0.5919575691223126,2.298116683959961,2c1d7556f2b785d8d2a2372b7eba778c34e82c90d376280a34a5c49549d495a7,True
control,r4,coin-heaven,210401,310401,1.0,0,0,50,0,0.5936145782470702,1.6429424285888672,b67c0dbd01088e8ee350ddc51913e3100d0b6ecece7122799153c33cba42cf8d,True
control,r4,coin-heaven,210402,310402,1.0,0,0,50,0,0.8905410766601561,3.5309791564941406,cd9ac602ed885bfa687425b596b8f5f28d7016fa4dc5cdae469b90086a8ecc1f,True
control,r4,coin-heaven,210403,310403,1.0,0,0,50,1,0.7130384445190436,2.396821975708008,915c7d7cb32db32a348c8a04cb7f021343b01ace4919fb41e6520d4ccbc72602,True
control,r4,coin-heaven,210404,310404,1.0,0,0,50,0,0.5743741989135738,0.7119178771972656,69a3f73db208c7b5c1e19bfbd3d5768a744d9f4cdaf4a7319af1feb7b4e7a310,True
control,r4,coin-heaven,210405,310405,1.0,0,0,50,0,0.6207942962646482,1.5752315521240234,2124791a325ebb899c69fecfda106974dc71e494e17e557fe7f628b4fbd54da8,True
control,r4,coin-heaven,210406,310406,1.0,0,0,50,0,1.1153697967529295,4.500150680541992,2f4b05af7a83d805685adc0b5be90849f66f37e25207dad499ed37742b7f8263,True
control,r4,coin-heaven,210407,310407,1.0,0,0,50,0,1.5897274017333982,4.194974899291992,e292c9323f7ce570819a498543ec77d6b27205ea7272d6388621d885e0010cce,True
control,r4,coin-heaven,210408,310408,0.06,0,1,3,0,0.6428956985473633,0.7288455963134766,ae50dce16d5d81688cb94e7d1cb17afa89e4f369d4720ccc774e519f993cab6e,True
control,r4,coin-heaven,210409,310409,1.0,0,0,50,0,0.916743278503417,2.232074737548828,561a8dc5732cc96e3bc407eb150390202d0a1bb4eaf3630da9e4e4bcb30ecdd5,True
control,r4,coin-heaven,210410,310410,1.0,0,0,50,0,0.6221532821655272,1.9021034240722656,56d824db8a7e6ddd0d4da36a3f119d62e890ccf08510e81993d7cb2db915e9e6,True
control,r4,coin-heaven,210411,310411,1.0,0,0,50,0,0.4656791687011718,0.8802413940429688,7e449cc8acee15fb0045d856f457ad9048539436a4e768000be18e42bb2ed1a1,True
control,r4,coin-heaven,210412,310412,1.0,0,0,50,0,0.4763841629028319,1.157999038696289,4738f7a2a8c9d6ac72e82ea3065651e155b87b014e695344903f585072be746f,True
control,r4,coin-heaven,210413,310413,1.0,0,0,50,0,0.4792928695678709,0.92315673828125,5bb71eda63da4ab7d30938f50713c565620dd13ffc77bd40db616b91053f4d84,True
control,r4,coin-heaven,210414,310414,1.0,0,0,50,0,1.1023283004760742,3.9589405059814453,8a23a3fe22bac6690d9ac5f688e1b5e0de740fdd23c9b77eba0c3199f8c3cc5c,True
control,r4,coin-heaven,210415,310415,1.0,0,0,50,0,0.76829195022583,1.4829635620117188,fe77a4f166ec7ffdb2c8549f84ea627b74c467d80231863c7c8faa286ee18f42,True
control,r4,coin-heaven,210416,310416,1.0,0,0,50,0,0.8332371711730955,2.6769638061523438,7be22def5888ae3f407ae730ac28b42b48c84af4774f369cadad9f4c5165453e,True
control,r4,coin-heaven,210417,310417,1.0,0,0,50,0,1.286268234252929,1.9979476928710938,d6ae73b92f1aeb338912f0332b623aedc9a02ff7a3d3289912acd013fd4cb4fd,True
control,r4,coin-heaven,210418,310418,1.0,0,0,50,0,0.8568763732910156,2.646923065185547,8c8d8fe6ca106b2be74be59f247e141c93ce622c9fd1b9061540aa3e592add62,True
control,r4,coin-heaven,210419,310419,1.0,0,0,50,1,0.5950212478637694,2.9659271240234375,0a025c966b94cf900abc56e9eca3254103ccd0e9d6a115d4b1847373021b3fbd,True
control,r4,coin-heaven,210420,310420,0.04,0,1,2,0,0.3064870834350586,0.3199577331542969,ae50dce16d5d81688cb94e7d1cb17afa89e4f369d4720ccc774e519f993cab6e,True
control,r4,loot-crate,210501,310501,0.1,0,0,5,1,0.5175948143005364,0.9241104125976562,82cd0ff208daf59aea9975231961a77fa084318301d8c13e5d8d1b6408298af7,True
control,r4,loot-crate,210502,310502,0.14,0,0,7,2,0.6613492965698238,1.355886459350586,2c4d39e933cf1b67a8cc99076066c3e473a08278e150a7d8424b9a8a185de820,True
control,r4,loot-crate,210503,310503,0.04,0,0,2,0,0.6565690040588347,7.32874870300293,7859b2a1e917b63a18b3fa3bad08b836537bef5027ce975e49231c613e4568e4,True
control,r4,loot-crate,210504,310504,0.36,0,0,18,8,0.9112715721130367,3.374814987182617,d1c0324cb41869c0d9e619c483defab27a26d13ab6214025ac8f2b45b319bf88,True
control,r4,loot-crate,210505,310505,0.42,0,0,21,7,0.5915999412536616,1.9800662994384766,4adeb948d3ee5a719fc643ce22878e7586c57a863d926c42456c6b8425d3921e,True
control,r4,loot-crate,210506,310506,0.3,0,0,15,6,0.8033752441406249,3.1571388244628906,55afa51a4e60a67b5699db4ba5bbad0b8b0ebf3b78ef533f70e1ffb336ae443e,True
control,r4,loot-crate,210507,310507,0.3,0,0,15,36,0.9442687034606932,10.99705696105957,3b9c650c9044e55e62d9afc097bd9d7645ad2b5ab5a367246fa1c6b1697aa436,True
control,r4,loot-crate,210508,310508,0.0,0,0,0,0,0.6728172302246085,5.823850631713867,c3e3eff9384f03273737e526e59930deeacf532ba9c37d90513fe83ee7d805fd,True
control,r4,loot-crate,210509,310509,0.06,0,0,3,0,0.3294110298156735,1.608133316040039,03329a2d0c5ce1796a80aafbeab3fbc834b823957e4f8ffa76124224aac678d8,True
control,r4,loot-crate,210510,310510,0.16,0,0,8,1,0.9229302406311035,13.525009155273438,4a4b268437b202c57ec393d5fd89a3e2d54e27963a0d98d9004ccfbc49f832a7,True
control,r4,loot-crate,210511,310511,0.02,0,0,1,0,0.9070873260498037,10.882139205932617,77894ad96fec6df785a1498ef10f4214d010693d5e946ebc3b70d263fd49db37,True
control,r4,loot-crate,210512,310512,0.16,0,0,8,2,1.4991283416748045,4.644870758056641,297aaf63a0066fbb7a6803316268008043df75ff2a54c5a90320eebf577e6c75,True
control,r4,loot-crate,210513,310513,0.02,0,0,1,0,0.5782485008239733,2.6769638061523438,247fb4bcc3807f68ecf66a55f227cfaa13ae3471bc41a3fd2a5edf462e2c4cc9,True
control,r4,loot-crate,210514,310514,0.0,0,0,0,0,1.1639595031738281,3.214120864868164,c3e3eff9384f03273737e526e59930deeacf532ba9c37d90513fe83ee7d805fd,True
control,r4,loot-crate,210515,310515,0.4,0,0,20,12,0.7995486259460444,1.9879341125488281,76a2a599258570a8f1357959f1a7ed95c9f6c7f27e81eccc2ff22b4110b888fa,True
control,r4,loot-crate,210516,310516,0.04,0,0,2,0,0.8010387420654278,2.231121063232422,fc9834cdc34f484f3e80bd1fbb0c5f1d6f01b25c1edf665a409f3e3734d45fb2,True
control,r4,loot-crate,210517,310517,0.0,0,0,0,0,0.6492614746093748,1.600027084350586,c3e3eff9384f03273737e526e59930deeacf532ba9c37d90513fe83ee7d805fd,True
control,r4,loot-crate,210518,310518,0.12,0,0,6,2,0.5539536476135253,2.665996551513672,da4ea366e13a5af94971bccc6ca661846647b408c5cedf80172450d3c419b398,True
control,r4,loot-crate,210519,310519,0.54,0,0,27,7,1.4623641967773315,8.400917053222656,013c0ee4d539ac439b620e756dfc587caea41290bcc81f1c67a319385e76cd11,True
control,r4,loot-crate,210520,310520,0.06,0,0,3,3,0.9893655776977536,4.381895065307617,cd548ddc8a86cb42c711712a5d1ca9ff12f66dd6810d8826dd343cee188e50cf,True
control,r5,peaceful,210101,310101,0.0,0,0,0,0,0.7226824760436987,3.6699771881103516,0f44cf90008cd09abd6cf8304e67ae903a09280eb59e9b8586be8b4f0a119823,True
control,r5,peaceful,210102,310102,0.5555555555555556,0,0,5,11,0.7001399993896483,1.8000602722167969,0604b36888e1464c2aa56fc69f53fbea968907084fc5ab907a8b4465be73c56d,True
control,r5,peaceful,210103,310103,0.0,0,0,0,0,0.38441419601440335,0.8561611175537109,28da7d47ee26157dcddb7fe700b02e156a0fd11a913c167a65cb38a00c974986,True
control,r5,peaceful,210104,310104,0.0,0,0,0,0,0.48645734786987166,1.7209053039550781,63473700a796a66116d941c142553ecaab4aa4c2b4d468a94c45a44a49a73a22,True
control,r5,peaceful,210105,310105,0.7777777777777778,0,0,7,30,1.1918425559997552,9.104013442993164,7c5078141c64219d7b90f25d701115d072f8e1d1229d61ab88806b5027b82ecd,True
control,r5,peaceful,210106,310106,0.0,0,0,0,0,0.7557749748229955,2.2971630096435547,91de2fc18a9b3285d88d2e97d406b94c70b5c773241531e20a72ebe37664a15c,True
control,r5,peaceful,210107,310107,0.0,0,0,0,0,1.2445569038391109,3.2351016998291016,721a28feceec1caf54b73e4de71c4a4845d146b4db0999a1979d7151283b3088,True
control,r5,peaceful,210108,310108,0.4444444444444444,0,0,4,34,1.3387084007263157,2.637147903442383,455d73b1683f2941b03baddbb6ea9f7495cb1979977edc858233169e72dda537,True
control,r5,peaceful,210109,310109,0.1111111111111111,0,0,1,1,0.7947087287902823,4.576206207275391,6ad33ac80ce881da4f36bc8ec7cf4ac1f5c52227db60ed683000ce7be2121228,True
control,r5,peaceful,210110,310110,0.5555555555555556,0,0,5,7,1.3774991035461412,3.583192825317383,eac732cdc7972e5adf43164b15393b7117ee016e4e5bbed3f95e33e6b6d979a1,True
control,r5,peaceful,210111,310111,0.2222222222222222,0,0,2,48,1.0473370552062986,3.4351348876953125,f45d1e1c71971f8ed63648d65df536a71638032223b848c8fcdb2219dd42188a,True
control,r5,peaceful,210112,310112,0.0,0,0,0,52,0.8304834365844722,2.1970272064208984,599593b30c2487cb510d88a4625dd7cf5e78732ea768f46f23ea2b070a3b1bf0,True
control,r5,peaceful,210113,310113,0.5555555555555556,0,0,5,0,1.3197422027587884,9.443044662475586,0851ba2bcef28f171f4ce1b01d06cdfb6f3fb94b7252ad1bb553cd96c351e9b3,True
control,r5,peaceful,210114,310114,0.0,0,0,0,36,0.654339790344238,4.75001335144043,fc21ab7ee088e6ec204e79f82390448e39d4e6a76d0c0839c6816f6c490f9e89,True
control,r5,peaceful,210115,310115,0.0,0,0,0,34,0.42284727096557606,1.363992691040039,1b007877445ad698d80938d753149b4766a348da13aabb8302fcddf9be0cc267,True
control,r5,peaceful,210116,310116,0.1111111111111111,0,0,1,2,1.2056469917297359,5.053997039794922,a0a18ec853c1b21502a14c8a6d85be622648c039dcb98b5ec06e6a38f0820909,True
control,r5,peaceful,210117,310117,0.0,0,0,0,0,0.889146327972412,7.70878791809082,e01d7e384f15efa57ced358cb86c0eb25f4d90cd5b92c19a7430b669f5eb4b39,True
control,r5,peaceful,210118,310118,0.1111111111111111,0,0,1,12,0.5229592323303222,1.573324203491211,96e98b72a417440abbffa61e3dac8097bece2b3782ead751c5c6b006d3bcd043,True
control,r5,peaceful,210119,310119,0.0,0,0,0,0,0.3522396087646483,0.7071495056152344,7866e3116ae5f85c9ffdda018c9747b14f4483873831f84f9f8370fbb082152b,True
control,r5,peaceful,210120,310120,0.0,0,0,0,2,0.6920576095581054,1.4767646789550781,b6e93c62869a14e49651029bc7f507f075c67076077608b1475d473ec6bc0617,True
control,r5,coincollector,210201,310201,0.1111111111111111,0,0,1,4,0.46528577804565413,1.0962486267089844,ca3242be2c3a41e307fa0d177500ddf003a3e269d66c918081bec0e849305c11,False
control,r5,coincollector,210202,310202,0.1111111111111111,0,1,1,3,0.32858848571777344,0.5939006805419922,0143cc50cfb2c2633c3905938bf4fdb9fec59bf4a481a6d579b5fc4126782a26,False
control,r5,coincollector,210203,310203,0.0,0,0,0,1,0.3201127052307127,1.1670589447021484,68942d0baa6d3224ee1f8893ca51537821c203a0fe92518469eef25e2b7753d4,False
control,r5,coincollector,210204,310204,0.1111111111111111,0,0,1,21,0.5192279815673826,1.1181831359863281,e87c2641efdf3a1599650c357fda63d758bd9818654d4dced0933a64fbb10094,False
control,r5,coincollector,210205,310205,0.2222222222222222,0,0,2,10,0.9539604187011719,1.8258094787597656,e7db59ae63d1155b921de1cbd37925ace6536e27e7a3b102be1387180324b3cf,False
control,r5,coincollector,210206,310206,0.0,0,1,0,3,0.28438568115234375,0.6699562072753906,b5a83afb0f223b9db33c9705cf26249f5c6a1a9b0ba047a37147418705dda1cd,False
control,r5,coincollector,210207,310207,0.3333333333333333,0,0,3,11,1.1572718620300289,1.7900466918945312,bedf14390b3afcf4a4dce113298e0c0e0c0bfa8ddb5dd928781fa1624b69d1cf,False
control,r5,coincollector,210208,310208,0.0,0,0,0,5,0.34891366958618153,0.7092952728271484,39377ea74b92eb13743173ff36de887a92ba9c4e3d58cc0930ce8ccb73cf5775,False
control,r5,coincollector,210209,310209,0.2222222222222222,0,1,2,4,0.32370090484619135,0.5960464477539062,25b21e37fbca9ff4611bd34c985501b7cb496e085c6558dbb59e352a8b73c1bc,False
control,r5,coincollector,210210,310210,0.1111111111111111,0,0,1,13,0.7271409034729002,1.2161731719970703,be697c5226e68606803d7d9c352d07a1ef006826a95a0d1eee5f54b00f13d357,False
control,r5,coincollector,210211,310211,0.2222222222222222,0,0,2,3,0.7543206214904783,1.8181800842285156,7e4bb8226b5acabe3660cf1ca22c12c7d7b18a36104bdb52ce2e969e20ee7a12,False
control,r5,coincollector,210212,310212,0.2222222222222222,0,0,2,15,0.6242156028747559,1.2478828430175781,ffa1e28a246ad549791de33e9325b9ec216658a8106b182d2ec184f314fe1088,False
control,r5,coincollector,210213,310213,0.1111111111111111,0,0,1,12,0.9128570556640622,1.7230510711669922,476a9ed28890c91993c89bd294b983c7578f79ee70f44f4887303f2408327098,False
control,r5,coincollector,210214,310214,0.1111111111111111,0,0,1,7,0.7149100303649895,1.6112327575683594,a2b4e22515ce7379655f8d95f9faf723ece63c1ee0aeb6f81177379b56a9c92f,False
control,r5,coincollector,210215,310215,0.3333333333333333,0,1,3,5,0.9194016456604004,1.741647720336914,2bbfe8c2b2e085f2215da15120c1af2dc58debaa384ff54836781518dbb09498,False
control,r5,coincollector,210216,310216,0.1111111111111111,0,0,1,4,1.0491371154785156,2.853870391845703,5348d5eed02087a4c20a366dcce2240004de7d5efc606a52077388d65757be6b,False
control,r5,coincollector,210217,310217,0.0,0,0,0,2,0.4914522171020508,0.7281303405761719,b3922023fa6ead91067d7e54fd60afce13e76266f347b3b0948bd1df3b97d667,False
control,r5,coincollector,210218,310218,0.0,0,1,0,1,1.3151764869689941,2.979755401611328,79d82e1c0ed2c6dba71ca3e247f1197a3fe76b7ccdb2472b4d4fb7cee59c1da8,False
control,r5,coincollector,210219,310219,0.0,0,0,0,5,0.7697582244873049,1.6632080078125,2607f7e55f2a8dfdba9ddd997c679058f7c004d24b6339785f412a62d235f67d,False
control,r5,coincollector,210220,310220,0.0,0,1,0,1,0.48645734786987294,0.640869140625,5426e496a4630e6af9e26b48f713d830e480dcd0c1ff25b6256dd22be9fc3c6d,False
control,r5,classic,210301,310301,0.3333333333333333,0,0,3,1,0.5385875701904292,3.251791000366211,993d2bfb7da632f35aa04231d28d99965b0a9ca149c6cf23dbd442d7b93de1aa,True
control,r5,classic,210302,310302,0.1111111111111111,0,0,1,44,0.46821832656860335,1.239776611328125,cfaea1df2f83621281bcfc9211e2facd8bb6468b75faa79b25d8154ef142dd46,True
control,r5,classic,210303,310303,0.1111111111111111,0,0,1,1,0.47909021377563465,1.4498233795166016,2c63b2c4af3cc5c62c69c1fd64158739257db98ae625bc1a1558a2409bcd0d99,True
control,r5,classic,210304,310304,0.1111111111111111,0,0,1,3,0.7937073707580562,2.259969711303711,68f91a11dfc5829ced5d171f5bc6ed4b1f421c6ec4c9e2e7c2f67e6ad02a05fd,True
control,r5,classic,210305,310305,0.0,0,0,0,0,0.926554203033445,5.627870559692383,8b0c7942c7c9a9d8fac82dfaed0feb03243d213e12085c046540286aa88032b2,True
control,r5,classic,210306,310306,0.2222222222222222,0,0,2,1,1.6872525215148924,6.399393081665039,cccc971f66393ea9257d51d6377cd1a0640d1f39111826ecc33b5a61763556da,True
control,r5,classic,210307,310307,0.1111111111111111,0,0,1,1,0.9611129760742188,3.0889511108398438,105aaa014c66145ccc3733da5780b03863dd2bc6aa29e3b9c085ad76eb04b9d2,True
control,r5,classic,210308,310308,0.1111111111111111,0,0,1,1,0.9835362434387185,1.821756362915039,b6f001331e78fc7e10571c2bfd9c7995451a952ae54e28c8bd5e3eb65d83fd96,True
control,r5,classic,210309,310309,0.0,0,0,0,0,0.8203029632568358,8.381843566894531,e47adc2287b6b624ae748cba3a297f294eb46058d64c8ac02c8cfd26e803fb65,True
control,r5,classic,210310,310310,0.5555555555555556,0,0,5,3,0.7638096809387201,3.191232681274414,8a8566884b9aa30847285344f01f6b2f426bf3bb0707e1639989246572fc16fb,True
control,r5,classic,210311,310311,0.1111111111111111,0,0,1,0,1.0788679122924798,2.244234085083008,cf8b8f0c16e86d5a28f4cc1880c68bae7975d905288f1841314f3e1388fe181e,True
control,r5,classic,210312,310312,0.0,0,0,0,0,0.48470497131347656,1.8701553344726562,d740b1581dc35f1ff9e0173ace25c242cb8b5c24521b909931a766afbcd06b01,True
control,r5,classic,210313,310313,0.4444444444444444,0,0,4,4,0.7648587226867676,3.410816192626953,8d9af13c10f6d9370fe951ffaafeb37b9f28fb077321d81db5d94b5ae5debbd2,True
control,r5,classic,210314,310314,0.0,0,0,0,0,0.6291151046752917,2.618074417114258,6dd0e67c28e72a6d2b96d34a1432167cf9f709329069b693e1bc1aa6eb30a3d4,True
control,r5,classic,210315,310315,0.4444444444444444,0,0,4,14,0.8072733879089351,8.277177810668945,ec05640f15b69b7b33f81e69292957682acce946df4986a03c482a873f808e2e,True
control,r5,classic,210316,310316,0.0,0,0,0,0,0.8350491523742675,4.1370391845703125,d90f11b608bf4b06683c1bcd383afe26e1a347774d14aa7370f38e1a1a8a9b82,True
control,r5,classic,210317,310317,0.1111111111111111,0,0,1,0,0.8669972419738768,2.5420188903808594,575a102451c6650e97d0e37c70b11b91ce16b85d6ecd5b92acac2e6d0967481f,True
control,r5,classic,210318,310318,0.0,0,0,0,0,0.6193041801452636,3.145933151245117,e47adc2287b6b624ae748cba3a297f294eb46058d64c8ac02c8cfd26e803fb65,True
control,r5,classic,210319,310319,0.1111111111111111,0,0,1,0,0.511026382446289,2.068042755126953,7ca400926a244ce7e1285fdfb4e1e8daceb2a3017212a136e78f0ac64209d280,True
control,r5,classic,210320,310320,0.2222222222222222,0,0,2,1,1.1350035667419427,6.170034408569336,69615a5faa5902d74eb0d9e85cab7b6bd3c407c5a1900b13f97de4bb3a5aec51,True
control,r5,coin-heaven,210401,310401,1.0,0,0,50,0,0.2206325531005859,0.2620220184326172,b67c0dbd01088e8ee350ddc51913e3100d0b6ecece7122799153c33cba42cf8d,True
control,r5,coin-heaven,210402,310402,1.0,0,0,50,0,0.2597808837890623,0.3199577331542969,cd9ac602ed885bfa687425b596b8f5f28d7016fa4dc5cdae469b90086a8ecc1f,True
control,r5,coin-heaven,210403,310403,1.0,0,0,50,1,0.4092693328857423,2.1219253540039062,915c7d7cb32db32a348c8a04cb7f021343b01ace4919fb41e6520d4ccbc72602,True
control,r5,coin-heaven,210404,310404,1.0,0,0,50,0,0.22375583648681624,0.5781650543212891,69a3f73db208c7b5c1e19bfbd3d5768a744d9f4cdaf4a7319af1feb7b4e7a310,True
control,r5,coin-heaven,210405,310405,1.0,0,0,50,0,0.2619624137878418,0.3941059112548828,2124791a325ebb899c69fecfda106974dc71e494e17e557fe7f628b4fbd54da8,True
control,r5,coin-heaven,210406,310406,1.0,0,0,50,0,0.22654533386230452,0.4150867462158203,2f4b05af7a83d805685adc0b5be90849f66f37e25207dad499ed37742b7f8263,True
control,r5,coin-heaven,210407,310407,1.0,0,0,50,0,0.17976760864257768,0.33783912658691406,e292c9323f7ce570819a498543ec77d6b27205ea7272d6388621d885e0010cce,True
control,r5,coin-heaven,210408,310408,0.06,0,1,3,0,0.287473201751709,0.3108978271484375,ae50dce16d5d81688cb94e7d1cb17afa89e4f369d4720ccc774e519f993cab6e,True
control,r5,coin-heaven,210409,310409,1.0,0,0,50,0,0.170755386352539,0.39505958557128906,2cdb5e8cffdaae0bbd1bb2f378fa0d30084982d36e2ab1e8d3f30ed6b1996e1e,True
control,r5,coin-heaven,210410,310410,1.0,0,0,50,0,0.1768350601196288,0.2751350402832031,56d824db8a7e6ddd0d4da36a3f119d62e890ccf08510e81993d7cb2db915e9e6,True
control,r5,coin-heaven,210411,310411,1.0,0,0,50,0,0.2818584442138672,0.3600120544433594,7e449cc8acee15fb0045d856f457ad9048539436a4e768000be18e42bb2ed1a1,True
control,r5,coin-heaven,210412,310412,1.0,0,0,50,0,0.1802444458007812,0.3440380096435547,4738f7a2a8c9d6ac72e82ea3065651e155b87b014e695344903f585072be746f,True
control,r5,coin-heaven,210413,310413,1.0,0,0,50,0,0.1652479171752929,0.5469322204589844,5bb71eda63da4ab7d30938f50713c565620dd13ffc77bd40db616b91053f4d84,True
control,r5,coin-heaven,210414,310414,1.0,0,0,50,0,0.2885103225708007,0.43511390686035156,8a23a3fe22bac6690d9ac5f688e1b5e0de740fdd23c9b77eba0c3199f8c3cc5c,True
control,r5,coin-heaven,210415,310415,1.0,0,0,50,0,0.13022422790527344,0.4010200500488281,fe77a4f166ec7ffdb2c8549f84ea627b74c467d80231863c7c8faa286ee18f42,True
control,r5,coin-heaven,210416,310416,1.0,0,0,50,0,0.1690387725830078,0.5927085876464844,91d1041d55e14b17114ceb27f834b4df0a8ae2fcee722df307f97461da672e06,True
control,r5,coin-heaven,210417,310417,1.0,0,0,50,0,0.1773595809936523,1.7020702362060547,d6ae73b92f1aeb338912f0332b623aedc9a02ff7a3d3289912acd013fd4cb4fd,True
control,r5,coin-heaven,210418,310418,1.0,0,0,50,0,0.17197132110595695,0.35190582275390625,8c8d8fe6ca106b2be74be59f247e141c93ce622c9fd1b9061540aa3e592add62,True
control,r5,coin-heaven,210419,310419,1.0,0,0,50,1,0.18904209136962885,0.42891502380371094,0a025c966b94cf900abc56e9eca3254103ccd0e9d6a115d4b1847373021b3fbd,True
control,r5,coin-heaven,210420,310420,0.04,0,1,2,0,0.18984079360961914,0.19812583923339844,ae50dce16d5d81688cb94e7d1cb17afa89e4f369d4720ccc774e519f993cab6e,True
control,r5,loot-crate,210501,310501,0.02,0,1,1,3,0.38100481033325173,0.4649162292480469,ac77eb7b404d0f130aa72d72600a276fc5367ff34b1ac759e03d60748cdeb7eb,True
control,r5,loot-crate,210502,310502,0.66,0,0,33,20,0.2540707588195799,0.766754150390625,ee2fb9703902e4ddc7fdf8d141889e0b2465272358e95f06619412b1679fe405,True
control,r5,loot-crate,210503,310503,0.08,0,0,4,4,0.1703143119812011,0.5819797515869141,2d0c388f5f359e61718757146530f403b4c2245238912fe399fd082503276897,True
control,r5,loot-crate,210504,310504,0.24,0,0,12,6,0.19431114196777322,0.5860328674316406,a3631bd359897c8cb4071fa7b25b57e14d2f643fd5861e8e29cc3560eac62c45,True
control,r5,loot-crate,210505,310505,0.18,0,0,9,2,0.16418695449829088,0.4208087921142578,d313fae5bfb7c701089bc6ee7b7fb61ddefbac939a067fd6f365afb2cfa823a8,True
control,r5,loot-crate,210506,310506,0.2,0,0,10,9,0.1780986785888672,0.4870891571044922,0e70dc4191437f2eac965bff3c678dfb1c369bd39b3eadd655f3c634167828fa,True
control,r5,loot-crate,210507,310507,0.26,0,1,13,5,0.34294128417968733,0.40912628173828125,07eafaa1a735844ed1c4ce2eeb301b03c05dcb4cf7647d7296f97ca4cd6b025f,True
control,r5,loot-crate,210508,310508,0.16,0,0,8,7,0.1958489418029784,0.49424171447753906,535476da6a7419baeda545570922caff69012a3d5b582667568cac52857fb899,True
control,r5,loot-crate,210509,310509,0.18,0,0,9,0,0.20586252212524403,0.5838871002197266,567d4c393f9362b71e090148849a675769bda04f259e7e843d18a07fbb7c67d2,True
control,r5,loot-crate,210510,310510,0.16,0,1,8,5,0.15691518783569333,0.33783912658691406,014aeef68532376802b660127b78b7c95db8932529b8c5b000bdba441af7121d,True
control,r5,loot-crate,210511,310511,0.02,0,0,1,1,0.26723146438598616,0.5791187286376953,105aaa014c66145ccc3733da5780b03863dd2bc6aa29e3b9c085ad76eb04b9d2,True
control,r5,loot-crate,210512,310512,0.12,0,0,6,2,0.1580357551574705,0.3788471221923828,991be55c192dbd2014311b2a25860492d9a5aae8f1bc8c09c83c155c761128ed,True
control,r5,loot-crate,210513,310513,0.02,0,0,1,1,0.1678466796875,0.5030632019042969,95e22e0dc2362559c7235763f37d63c245c6aeaabed5a46fe0615ab49f0a08ec,True
control,r5,loot-crate,210514,310514,0.06,0,0,3,0,0.14325380325317363,0.9958744049072266,409eb6da9c7c79aa6477cebffa087c0723b7a6fe4b4a9f4945c0b0ae73448b00,True
control,r5,loot-crate,210515,310515,0.78,0,0,39,8,0.2851605415344236,0.49614906311035156,2d4d4c7529aa7e3d1ca91fe61a1a9ca5408448d608950c9d6b95d2043cbcefe3,True
control,r5,loot-crate,210516,310516,0.04,0,0,2,1,0.14810562133789057,0.5292892456054688,dd1bf6962c2287b2a38409b6d4a95f5c83e3750e06ec6384a3a2772445471086,True
control,r5,loot-crate,210517,310517,0.16,0,0,8,1,0.20503997802734375,0.39505958557128906,98874eb2c5d36ca95d6625ac1bc8acf5fb9d16db30b0af8eafa1dd2bf6bcc452,True
control,r5,loot-crate,210518,310518,0.12,0,0,6,47,0.17544031143188457,0.45228004455566406,5bc4cef4b228ed0afabe40c546d1974c4fd2ddbe656499a6541778d6ea60b6b2,True
control,r5,loot-crate,210519,310519,0.2,0,0,10,3,0.17217397689819333,0.45180320739746094,2e38b0bf5e3005d22f3acfc1acf4622123d067964186dc3c654e583792210b86,True
control,r5,loot-crate,210520,310520,0.12,0,1,6,5,0.20546913146972587,0.6008148193359375,7c0f08936e202be6f367ab1329f8645c7968181eb3fcca50fab35af4a72565e7,True
candidate,r1,peaceful,210101,310101,0.0,0,0,0,3,0.30438899993896446,0.7569789886474609,7296d81db76106c093e25a86d6bde4ac5e6aa09fa806be090224da3664d87f5a,True
candidate,r1,peaceful,210102,310102,0.1111111111111111,0,0,1,2,0.6909370422363272,1.2967586517333984,59b1f419e80a62ff28aa8ab2d32242af8d9270f1cd855128d9bb303dc72a2e3d,True
candidate,r1,peaceful,210103,310103,0.1111111111111111,0,0,1,4,0.7660865783691406,3.2198429107666016,1e297215b65b4a6ca9884e06ab25b590ed66cafcb9fe74465d9b0a64296d0973,True
candidate,r1,peaceful,210104,310104,0.1111111111111111,0,0,1,6,0.5629539489746094,1.4262199401855469,3549d48f031079c638b7482e28151008591b5761d97f8eb122d0d3950a3711af,True
candidate,r1,peaceful,210105,310105,0.2222222222222222,0,0,2,7,0.7127404212951655,1.8818378448486328,be3d4bf57bd88cd9a44f2fa77250952f6e0db124b8b409ae81b12f69a004b9db,True
candidate,r1,peaceful,210106,310106,0.1111111111111111,0,0,1,5,0.6466150283813472,2.315998077392578,991db922013e76ca2928551446786c1e4510472da6f3e8517c8a321d15e5d63c,True
candidate,r1,peaceful,210107,310107,0.1111111111111111,0,0,1,6,0.34509897232055653,1.1019706726074219,03f380936a4b49a41e9974b8cf84ba49ceadeabf9103bbab2c09391052dab46f,True
candidate,r1,peaceful,210108,310108,0.1111111111111111,0,0,1,3,0.32826662063598616,0.9379386901855469,71db2b5fb2dc6810b28b1665d6827e6b2559cca2d0a2729c176ea498e7f76115,True
candidate,r1,peaceful,210109,310109,0.2222222222222222,0,0,2,3,0.653433799743652,1.2850761413574219,28f013df50d6da175a3ae186443861c2df692032a78f3035a32dcaff000ebc4f,True
candidate,r1,peaceful,210110,310110,0.0,0,0,0,2,0.6211280822753906,1.497030258178711,2329855e53f5dd573c902f1acc10eeef4a569096529180c5468df2567afe96ae,True
candidate,r1,peaceful,210111,310111,0.1111111111111111,0,0,1,2,0.5856275558471675,2.162933349609375,1afd6080b924aa0f50ee901ed8444f6dd6a1c3c13b0e6f18af5f2b49c848a537,True
candidate,r1,peaceful,210112,310112,0.2222222222222222,0,0,2,8,0.7941842079162595,1.6698837280273438,776df2a32e9acc89b84e854bdf5eccccf4206e65a2aab00b3ad51ca2d4eca2d7,True
candidate,r1,peaceful,210113,310113,0.1111111111111111,0,0,1,3,0.4367113113403314,1.9528865814208984,b667c2eaa74d4a8469de43ecca1a9ec16e91f3e42d28951888655dab568518cd,True
candidate,r1,peaceful,210114,310114,0.0,0,0,0,5,0.41203498840332026,1.0669231414794922,fad745c631e971b25087cd36ec27e213420960035279f26b003a31aacf1426fd,True
candidate,r1,peaceful,210115,310115,0.0,0,0,0,1,0.28492212295532227,0.8759498596191406,861e9f03219f157c56bfe1d5fda14a0fdea6c41b67998f2fc11e0e7c3ca8ddcd,True
candidate,r1,peaceful,210116,310116,0.0,0,0,0,1,0.7065892219543454,1.40380859375,9c04c3f9d8047ff59b6777f53550fdba6d1e323f1b3b373bb7a4a50e3b0b1651,True
candidate,r1,peaceful,210117,310117,0.0,0,0,0,2,0.663340091705322,2.7801990509033203,2329855e53f5dd573c902f1acc10eeef4a569096529180c5468df2567afe96ae,True
candidate,r1,peaceful,210118,310118,0.1111111111111111,0,0,1,1,0.4849195480346669,1.7218589782714844,1aa6cea7e109c02551ec50fdf76104e98546be19b24bc7358fbe0f3db08f0afb,True
candidate,r1,peaceful,210119,310119,0.2222222222222222,0,0,2,16,0.7092833518981929,1.241922378540039,2053d605b106fbcf4a280ca9c96f154c1857827e08c82b7123741066f8c0d548,True
candidate,r1,peaceful,210120,310120,0.0,0,0,0,3,1.3072013854980458,1.6970634460449219,20db8c362b37ff61c175fddd11d66680f5ec7a4aca112f88f678f9fbd1995914,True
candidate,r1,coincollector,210201,310201,0.0,0,1,0,23,0.6921291351318359,1.6140937805175781,862bece0ec1f50a1dc785518e2f10064f1d79e8d7b14264bc2a99f29792dfca4,False
candidate,r1,coincollector,210202,310202,0.1111111111111111,0,0,1,9,0.4916310310363768,1.1501312255859375,833faa8eb84032536da69a10ef37b0777226e0a159ac4452f770f75cf64142a7,False
candidate,r1,coincollector,210203,310203,0.0,0,0,0,208,0.9100675582885724,1.4050006866455078,ca65539ad0839bce95bccbc5fc4ff50a6fc725d0913ea4bc55f7f146e7ae6782,False
candidate,r1,coincollector,210204,310204,0.0,0,1,0,6,0.3341436386108397,0.5171298980712891,38dcd52f961cd6a435e6774c7501335adacc88f66732464447ec0065d10172ae,False
candidate,r1,coincollector,210205,310205,0.0,0,1,0,8,0.30133724212646484,0.3199577331542969,1794e19a975d8c1a61631d9e5a861e05ffed4254f2cc6be8ebd3695bf58064b8,False
candidate,r1,coincollector,210206,310206,0.1111111111111111,0,1,1,3,0.2251505851745605,0.3390312194824219,7229099c0513fb9fb4ff5c47747a2e43013194656fe2c2efbc950b7f3d28f76e,False
candidate,r1,coincollector,210207,310207,0.1111111111111111,0,1,1,6,0.36978721618652344,0.431060791015625,21c282cd37f193e45cfc395112e6799ac9d51dbfae5d91dc20096f16b7a1487c,True
candidate,r1,coincollector,210208,310208,0.0,0,1,0,4,0.22363662719726543,0.2841949462890625,6a555b0126ca0c4500ab2cfeb0ba3416fe8d1d709a5cbff35871a449a4e4e309,False
candidate,r1,coincollector,210209,310209,0.2222222222222222,0,1,2,11,0.18436908721923825,0.27489662170410156,9408dba369608d17ae9ccf8f9449012fa81bae5bfc2e2d2a20599962065b1dd8,False
candidate,r1,coincollector,210210,310210,0.0,0,1,0,11,0.32131671905517567,0.45609474182128906,f1fd8734cc9a987ba73b1d2a46f56341fbbe01b7eeb160cce5cf9c172ac17184,False
candidate,r1,coincollector,210211,310211,0.1111111111111111,0,0,1,1,0.17204284667968747,0.29921531677246094,9a89eac0710e392d36112fe90fe41607cb475fe176f84e07287570b037b90d45,False
candidate,r1,coincollector,210212,310212,0.1111111111111111,0,0,1,4,0.5002737045288083,4.84776496887207,205b866b9d63ee26870449a36e4043f3e4ccb0b3f23dfc1038f547791b68cd97,False
candidate,r1,coincollector,210213,310213,0.1111111111111111,0,1,1,87,0.48410892486572266,0.5469322204589844,60aed34797ec355dba9c7730baff7d486e6bf88c2c6894035e6d6f1d0d908942,False
candidate,r1,coincollector,210214,310214,0.1111111111111111,0,0,1,14,0.2210617065429687,0.32520294189453125,acf24a06871564652e4468e1647de0035c8fe4cf57f009ec6194222c85da686f,False
candidate,r1,coincollector,210215,310215,0.1111111111111111,0,1,1,37,0.22828578948974604,0.4858970642089844,be41c69e2d42e1b649263d8cc6bba66ad128c50c8c3fb8cf3078a60f58129d50,False
candidate,r1,coincollector,210216,310216,0.0,0,1,0,2,0.21910667419433585,0.3178119659423828,0c2cedbd526bff8ebdf9d2417e258896ae88cdb54c004cfa74b596c26dc8ec33,False
candidate,r1,coincollector,210217,310217,0.1111111111111111,0,1,1,4,0.28820037841796875,0.44989585876464844,e46441c635a2af09a1222701c306f4d8a55abf7a28c284bd04691c097c63598b,False
candidate,r1,coincollector,210218,310218,0.0,0,1,0,8,0.19508600234985352,0.38886070251464844,234852c3a3fe775b461a078d5a037c17b72300fbe04b7abf8dedb9ad5ccb503d,False
candidate,r1,coincollector,210219,310219,0.0,0,0,0,44,0.36606788635253895,0.6530284881591797,9a465dd386ed3e6e87a6001e6732cfcd06263ed2f05c1114676d727876a2cd43,False
candidate,r1,coincollector,210220,310220,0.0,0,1,0,6,0.3119349479675293,0.47087669372558594,69966bbb992573e0d75679e543bd5b97ec7c1e545f25fb3730ce837821e76507,True
candidate,r1,classic,210301,310301,0.0,0,0,0,0,0.13589859008789062,0.3829002380371094,ec4d2d691ba807368054ab792e15b86f9a876da886ced21d0f6805ce126bf166,True
candidate,r1,classic,210302,310302,0.0,0,0,0,0,0.13594627380371088,0.41484832763671875,3e457cc2304ad2ccf2d6296a66213cdc8d455614dc7958b9ee35c31a82fdf5fa,True
candidate,r1,classic,210303,310303,0.0,0,0,0,0,0.13285875320434565,0.6957054138183594,ec4d2d691ba807368054ab792e15b86f9a876da886ced21d0f6805ce126bf166,True
candidate,r1,classic,210304,310304,0.0,0,0,0,0,0.5574822425842281,0.9951591491699219,c303f71cd32830d4eb7aaa675cbd026054e2784365885cbd946ae463c419fbb1,True
candidate,r1,classic,210305,310305,0.0,0,0,0,0,0.4702806472778317,2.062082290649414,ec4d2d691ba807368054ab792e15b86f9a876da886ced21d0f6805ce126bf166,True
candidate,r1,classic,210306,310306,0.0,0,0,0,0,0.24086236953735346,1.5747547149658203,ec4d2d691ba807368054ab792e15b86f9a876da886ced21d0f6805ce126bf166,True
candidate,r1,classic,210307,310307,0.0,0,0,0,0,0.19690990447997983,0.8211135864257812,ec4d2d691ba807368054ab792e15b86f9a876da886ced21d0f6805ce126bf166,True
candidate,r1,classic,210308,310308,0.0,0,0,0,0,0.26707649230957026,1.0480880737304688,ec4d2d691ba807368054ab792e15b86f9a876da886ced21d0f6805ce126bf166,True
candidate,r1,classic,210309,310309,0.0,0,0,0,0,0.2204537391662594,2.5899410247802734,ec4d2d691ba807368054ab792e15b86f9a876da886ced21d0f6805ce126bf166,True
candidate,r1,classic,210310,310310,0.0,0,0,0,0,0.16328096389770488,0.7808208465576172,3e457cc2304ad2ccf2d6296a66213cdc8d455614dc7958b9ee35c31a82fdf5fa,True
candidate,r1,classic,210311,310311,0.0,0,0,0,0,0.14404058456420896,0.47588348388671875,ec4d2d691ba807368054ab792e15b86f9a876da886ced21d0f6805ce126bf166,True
candidate,r1,classic,210312,310312,0.0,0,0,0,0,0.5162239074707031,1.8720626831054688,3e457cc2304ad2ccf2d6296a66213cdc8d455614dc7958b9ee35c31a82fdf5fa,True
candidate,r1,classic,210313,310313,0.0,0,0,0,0,0.5800366401672353,2.4771690368652344,ec4d2d691ba807368054ab792e15b86f9a876da886ced21d0f6805ce126bf166,True
candidate,r1,classic,210314,310314,0.0,0,0,0,1,0.5382776260375973,2.512693405151367,2e1ba852eaaaac2a09429a18daaf2ff4c4707d004f6d06892055b7ef97ffb05a,True
candidate,r1,classic,210315,310315,0.0,0,0,0,0,0.5217909812927238,2.7430057525634766,ec4d2d691ba807368054ab792e15b86f9a876da886ced21d0f6805ce126bf166,True
candidate,r1,classic,210316,310316,0.0,0,0,0,0,0.5262732505798331,5.970001220703125,3e457cc2304ad2ccf2d6296a66213cdc8d455614dc7958b9ee35c31a82fdf5fa,True
candidate,r1,classic,210317,310317,0.0,0,0,0,0,0.3582000732421874,1.8582344055175781,ec4d2d691ba807368054ab792e15b86f9a876da886ced21d0f6805ce126bf166,True
candidate,r1,classic,210318,310318,0.0,0,0,0,0,0.30299425125122054,2.0208358764648438,ec4d2d691ba807368054ab792e15b86f9a876da886ced21d0f6805ce126bf166,True
candidate,r1,classic,210319,310319,0.0,0,0,0,0,0.26808977127075184,1.0669231414794922,ec4d2d691ba807368054ab792e15b86f9a876da886ced21d0f6805ce126bf166,True
candidate,r1,classic,210320,310320,0.0,0,0,0,0,0.34446716308593733,1.0571479797363281,ec4d2d691ba807368054ab792e15b86f9a876da886ced21d0f6805ce126bf166,True
candidate,r1,coin-heaven,210401,310401,0.02,0,1,1,2,0.6852149963378905,0.7712841033935547,8e2427079c9ef061c195b5fb36c9dcaad22078ed83f762f551c761e113d1dfc5,True
candidate,r1,coin-heaven,210402,310402,1.0,0,0,50,0,0.6752014160156247,0.9400844573974609,cd9ac602ed885bfa687425b596b8f5f28d7016fa4dc5cdae469b90086a8ecc1f,True
candidate,r1,coin-heaven,210403,310403,0.02,0,1,1,0,0.8871078491210936,0.9849071502685547,9ae35ffb40f0d39acf9a743d2a570c83a0f4cd0f7e082a72308337d052623a1c,True
candidate,r1,coin-heaven,210404,310404,1.0,0,0,50,0,0.40239095687866183,0.6930828094482422,69a3f73db208c7b5c1e19bfbd3d5768a744d9f4cdaf4a7319af1feb7b4e7a310,True
candidate,r1,coin-heaven,210405,310405,1.0,0,0,50,0,0.23376941680908195,0.8728504180908203,2124791a325ebb899c69fecfda106974dc71e494e17e557fe7f628b4fbd54da8,True
candidate,r1,coin-heaven,210406,310406,1.0,0,0,50,0,0.2738475799560541,0.5290508270263672,2f4b05af7a83d805685adc0b5be90849f66f37e25207dad499ed37742b7f8263,True
candidate,r1,coin-heaven,210407,310407,1.0,0,0,50,0,0.2653121948242185,0.4520416259765625,e292c9323f7ce570819a498543ec77d6b27205ea7272d6388621d885e0010cce,True
candidate,r1,coin-heaven,210408,310408,0.02,0,1,1,2,0.4786968231201172,0.5128383636474609,c0fb693a7f31cdb58c8e09470bf076613b5eb7682a73618910f2f169d4da699f,True
candidate,r1,coin-heaven,210409,310409,0.02,0,1,1,2,0.5582332611083984,0.6251335144042969,c0fb693a7f31cdb58c8e09470bf076613b5eb7682a73618910f2f169d4da699f,True
candidate,r1,coin-heaven,210410,310410,1.0,0,0,50,0,0.47945976257324213,0.8780956268310547,56d824db8a7e6ddd0d4da36a3f119d62e890ccf08510e81993d7cb2db915e9e6,True
candidate,r1,coin-heaven,210411,310411,1.0,0,0,50,0,0.6952762603759765,0.8378028869628906,7e449cc8acee15fb0045d856f457ad9048539436a4e768000be18e42bb2ed1a1,True
candidate,r1,coin-heaven,210412,310412,1.0,0,0,50,0,0.4782438278198241,1.0192394256591797,4738f7a2a8c9d6ac72e82ea3065651e155b87b014e695344903f585072be746f,True
candidate,r1,coin-heaven,210413,310413,1.0,0,0,50,0,0.563812255859375,0.797271728515625,5bb71eda63da4ab7d30938f50713c565620dd13ffc77bd40db616b91053f4d84,True
candidate,r1,coin-heaven,210414,310414,1.0,0,0,50,0,0.7693767547607422,1.238107681274414,8a23a3fe22bac6690d9ac5f688e1b5e0de740fdd23c9b77eba0c3199f8c3cc5c,True
candidate,r1,coin-heaven,210415,310415,1.0,0,0,50,0,0.6447434425354003,1.3027191162109375,fe77a4f166ec7ffdb2c8549f84ea627b74c467d80231863c7c8faa286ee18f42,True
candidate,r1,coin-heaven,210416,310416,1.0,0,0,50,2,0.41906833648681624,0.9250640869140625,c46b50a22d2449024ed1f19f17da3deb5fd5f5888f3b6b62be609f4f7ee8d69a,True
candidate,r1,coin-heaven,210417,310417,1.0,0,0,50,0,0.2808809280395499,0.6859302520751953,d6ae73b92f1aeb338912f0332b623aedc9a02ff7a3d3289912acd013fd4cb4fd,True
candidate,r1,coin-heaven,210418,310418,1.0,0,0,50,0,0.4326701164245604,1.4948844909667969,8c8d8fe6ca106b2be74be59f247e141c93ce622c9fd1b9061540aa3e592add62,True
candidate,r1,coin-heaven,210419,310419,0.02,0,1,1,2,0.41022300720214844,0.43129920959472656,8e2427079c9ef061c195b5fb36c9dcaad22078ed83f762f551c761e113d1dfc5,True
candidate,r1,coin-heaven,210420,310420,0.04,0,1,2,1,0.3937244415283203,0.40912628173828125,99a6cb8e5474aee98a582efff916e554f9b3cffdd7afa0e7f9308739ed0e913f,True
candidate,r1,loot-crate,210501,310501,0.0,0,0,0,0,0.2789378166198728,1.870870590209961,3e457cc2304ad2ccf2d6296a66213cdc8d455614dc7958b9ee35c31a82fdf5fa,True
candidate,r1,loot-crate,210502,310502,0.0,0,0,0,0,0.335276126861572,1.5180110931396484,ec4d2d691ba807368054ab792e15b86f9a876da886ced21d0f6805ce126bf166,True
candidate,r1,loot-crate,210503,310503,0.0,0,0,0,0,0.4143357276916502,0.7948875427246094,c303f71cd32830d4eb7aaa675cbd026054e2784365885cbd946ae463c419fbb1,True
candidate,r1,loot-crate,210504,310504,0.0,0,0,0,0,0.5361795425415035,1.6808509826660156,3e457cc2304ad2ccf2d6296a66213cdc8d455614dc7958b9ee35c31a82fdf5fa,True
candidate,r1,loot-crate,210505,310505,0.0,0,0,0,0,0.5823493003845214,1.2662410736083984,ec4d2d691ba807368054ab792e15b86f9a876da886ced21d0f6805ce126bf166,True
candidate,r1,loot-crate,210506,310506,0.0,0,0,0,0,0.65779685974121,1.1949539184570312,c303f71cd32830d4eb7aaa675cbd026054e2784365885cbd946ae463c419fbb1,True
candidate,r1,loot-crate,210507,310507,0.0,0,0,0,0,0.5280971527099609,0.9360313415527344,ec4d2d691ba807368054ab792e15b86f9a876da886ced21d0f6805ce126bf166,True
candidate,r1,loot-crate,210508,310508,0.0,0,0,0,0,0.3567576408386223,2.0627975463867188,6bd9bd24d6ce9f66a59e9f9d2b289ae158d57287692a6cc19f25ce5a844f8478,True
candidate,r1,loot-crate,210509,310509,0.0,0,0,0,1,0.48594474792480463,1.1811256408691406,9cfb0637be52a96f84281485e2d8edbf51a87238b5e7970f8dae99a6fce1ef79,True
candidate,r1,loot-crate,210510,310510,0.0,0,0,0,0,0.19216537475585938,0.4978179931640625,ec4d2d691ba807368054ab792e15b86f9a876da886ced21d0f6805ce126bf166,True
candidate,r1,loot-crate,210511,310511,0.0,0,0,0,0,0.5543351173400877,1.62506103515625,ec4d2d691ba807368054ab792e15b86f9a876da886ced21d0f6805ce126bf166,True
candidate,r1,loot-crate,210512,310512,0.0,0,0,0,0,0.552999973297119,1.1818408966064453,ec4d2d691ba807368054ab792e15b86f9a876da886ced21d0f6805ce126bf166,True
candidate,r1,loot-crate,210513,310513,0.0,0,0,0,0,0.694286823272704,2.4259090423583984,c303f71cd32830d4eb7aaa675cbd026054e2784365885cbd946ae463c419fbb1,True
candidate,r1,loot-crate,210514,310514,0.0,0,0,0,0,0.601208209991455,2.3691654205322266,6bd9bd24d6ce9f66a59e9f9d2b289ae158d57287692a6cc19f25ce5a844f8478,True
candidate,r1,loot-crate,210515,310515,0.0,0,0,0,0,0.5661964416503904,1.867055892944336,3e457cc2304ad2ccf2d6296a66213cdc8d455614dc7958b9ee35c31a82fdf5fa,True
candidate,r1,loot-crate,210516,310516,0.0,0,0,0,0,0.48691034317016596,1.6520023345947266,ec4d2d691ba807368054ab792e15b86f9a876da886ced21d0f6805ce126bf166,True
candidate,r1,loot-crate,210517,310517,0.0,0,0,0,0,0.5593180656433094,3.226041793823242,6bd9bd24d6ce9f66a59e9f9d2b289ae158d57287692a6cc19f25ce5a844f8478,True
candidate,r1,loot-crate,210518,310518,0.0,0,0,0,0,0.5222797393798827,1.2710094451904297,6bd9bd24d6ce9f66a59e9f9d2b289ae158d57287692a6cc19f25ce5a844f8478,True
candidate,r1,loot-crate,210519,310519,0.0,0,0,0,0,0.5973458290100094,1.2578964233398438,ec4d2d691ba807368054ab792e15b86f9a876da886ced21d0f6805ce126bf166,True
candidate,r1,loot-crate,210520,310520,0.1,0,0,5,1,0.5252242088317867,1.291036605834961,91f15c442273287277a8e3b9eb7e7eae8fc117b1137771a450e61c5db8386a84,True
candidate,r2,peaceful,210101,310101,0.2222222222222222,0,0,2,13,0.2298831939697265,0.3161430358886719,1fbfcc1fd1f2f068376441f459882b3dc634eb188aab46660e568dc78bec7170,True
candidate,r2,peaceful,210102,310102,0.3333333333333333,0,1,3,9,0.23996829986572266,0.38886070251464844,99683f6d6bde562137244548d6a8bf3d4277a64e3e319d42c9da39160d8d7403,True
candidate,r2,peaceful,210103,310103,0.2222222222222222,0,0,2,11,0.3213286399841307,1.4891624450683594,6f78e14593b55d71b8282cd59c3b4a394577be9746321021463a40214b63ddcc,True
candidate,r2,peaceful,210104,310104,0.6666666666666666,0,0,6,25,0.3201127052307127,0.5099773406982422,3f2905ad6c148d7ac5d2446239703d13de8ea58e455d1077976a62b3143b51a0,True
candidate,r2,peaceful,210105,310105,0.4444444444444444,1,0,9,44,0.30422210693359375,0.4189014434814453,ad734a1ebbcf5f9d9fa843c13aa253a936fff500666d801ae53717e221f07206,False
candidate,r2,peaceful,210106,310106,0.2222222222222222,0,0,2,20,0.2512574195861815,0.3039836883544922,540158faf05b958eb6256c1344fc148a1728f326adcb858149a5cde3c97833a1,True
candidate,r2,peaceful,210107,310107,0.1111111111111111,0,0,1,11,0.22794008255004883,0.2918243408203125,9122782d6e14cbe05cc95a4b355ad609847de649422ff4363410cc864b64062d,True
candidate,r2,peaceful,210108,310108,0.1111111111111111,0,0,1,50,0.18820762634277335,0.3459453582763672,0ad19d37bb9b8c2eb0cd65f8de499a5723ba6fb8c8821320e3519ddd20f5c60c,True
candidate,r2,peaceful,210109,310109,0.3333333333333333,0,0,3,40,0.2110004425048828,0.4851818084716797,bb223f05f7897cf89dd1e69ceadf832a1a361e93b8a59a67eadf0491a8790d63,True
candidate,r2,peaceful,210110,310110,0.0,0,0,0,2,0.1509785652160644,0.2810955047607422,b7088bb7ec7f465a2978d8e50f1e24ff354ef6105dfa2127502017b7a576a4e6,True
candidate,r2,peaceful,210111,310111,0.0,0,1,0,2,0.24634599685668943,0.2951622009277344,83864968113a5d29f0dc88cc5916cc5db7aa2fae408f80d3e6f9abfdab568bad,True
candidate,r2,peaceful,210112,310112,0.0,0,1,0,5,0.1717925071716308,0.3077983856201172,445a0256acff9c6c7b5c7bbe7af247a1766641c928f39e0b59fda90ce40d9a83,True
candidate,r2,peaceful,210113,310113,0.1111111111111111,0,0,1,17,0.28315782546997054,0.3840923309326172,b3f37a1d08a6d5fa372d52dd67dd3fec4426a820b228dfad6619ba436b7a2f9c,True
candidate,r2,peaceful,210114,310114,0.0,0,1,0,4,0.15991926193237302,0.3039836883544922,8e1b1f3799c62821547c28983f84819c87aac483e0fcd18ad2c1b71a279cb3d1,True
candidate,r2,peaceful,210115,310115,0.0,0,0,0,2,0.1672744750976561,0.36787986755371094,b7088bb7ec7f465a2978d8e50f1e24ff354ef6105dfa2127502017b7a576a4e6,True
candidate,r2,peaceful,210116,310116,0.0,0,0,0,4,0.1848220825195312,0.3058910369873047,d99c08b86dd7014cdcd40e4e9ecab6e8abf071c9190eb7157df401423510850a,True
candidate,r2,peaceful,210117,310117,0.0,0,0,0,2,0.14905929565429682,0.32901763916015625,b7088bb7ec7f465a2978d8e50f1e24ff354ef6105dfa2127502017b7a576a4e6,True
candidate,r2,peaceful,210118,310118,0.0,0,0,0,2,0.13809204101562494,0.3769397735595703,b7088bb7ec7f465a2978d8e50f1e24ff354ef6105dfa2127502017b7a576a4e6,True
candidate,r2,peaceful,210119,310119,0.2222222222222222,1,1,7,18,0.19669532775878906,0.3139972686767578,dd5220bdfbaa60fdae7eccf5ff6d023882584124391f0f6aa477db203f3c955a,False
candidate,r2,peaceful,210120,310120,0.5555555555555556,1,1,10,35,0.3020763397216797,0.38909912109375,cfdba0ecf278bbdd8be5b1191f6bf0ef736865bb53be436f2669020ca425f6b9,False
candidate,r2,coincollector,210201,310201,0.0,0,1,0,10,0.6145954132080076,0.8649826049804688,05e6035c29740f186acbe41a8f42988e0110abaa8bbf47f94d30851fa6915697,False
candidate,r2,coincollector,210202,310202,0.1111111111111111,0,1,1,5,0.23384094238281247,0.3039836883544922,7adb6ba39de628a1443cae489e35560a19596eb0c09e3b213aba675cc1f33d63,True
candidate,r2,coincollector,210203,310203,0.0,0,1,0,7,0.5228996276855469,1.2218952178955078,9c5fb37708acce11a9482ba7922d1097b67f41cd63e406675fb3e03ce4310d59,False
candidate,r2,coincollector,210204,310204,0.0,0,1,0,9,0.2737879753112793,0.2989768981933594,cc67b6a01f93922c45e9fd770085fb6b7bb02fe2e89bc89cfbf07bc98c8dba83,False
candidate,r2,coincollector,210205,310205,0.1111111111111111,0,1,1,21,0.3097653388977051,0.51116943359375,1e55da4010a25d7854e185f2b74651f06a41d8fe594b02c62dde90f972522f74,False
candidate,r2,coincollector,210206,310206,0.1111111111111111,0,1,1,8,0.2974748611450194,0.5099773406982422,7a3c4c6a2d637c8112e4da3cb258ac49e82dbf769d6eff024cb1b3d74d0b2ae7,False
candidate,r2,coincollector,210207,310207,0.1111111111111111,0,1,1,77,0.49042701721191406,0.9140968322753906,ae2d6491b0212f972f09f3f7b480f48e6ca202cca95f4865cc991ce5f1c04324,False
candidate,r2,coincollector,210208,310208,0.0,0,1,0,4,0.3000855445861817,0.5238056182861328,8a8aeabc0765f9d3216339241427f65415bfdeb8fe249b6e37d243af39cc642c,False
candidate,r2,coincollector,210209,310209,0.3333333333333333,0,1,3,28,0.37747621536254883,0.6039142608642578,8f2e2b44cadebab27958b2e7ff6b3b34887c2ec79703d712e939aaaf7a65f3c1,False
candidate,r2,coincollector,210210,310210,0.0,0,1,0,9,0.7233619689941405,1.9042491912841797,b349b179bfbb1ae6284a33b65b12cfec6938ec433f3e8a12ac94af069bf80460,False
candidate,r2,coincollector,210211,310211,0.2222222222222222,0,1,2,12,1.0090827941894525,7.16710090637207,a53ea9ea6a0ca8674c18e39481a2fe1d80e52f9abfeebe310c71d24beaaf7e31,False
candidate,r2,coincollector,210212,310212,0.0,0,1,0,7,0.462055206298828,1.2562274932861328,36b89dce3a54f58d193fdfbae3896506cfa0d6d8e25ea14fa6771ea78efc934e,False
candidate,r2,coincollector,210213,310213,0.1111111111111111,0,0,1,10,0.951230525970459,1.6090869903564453,2beefe1238064fa733f49e214fd29a62124b9b2fc4c88424e14a53f8a501a826,False
candidate,r2,coincollector,210214,310214,0.0,0,1,0,13,0.5841970443725584,1.7278194427490234,20fbcb98694c3de1c1968760ec4e7ac3ef9fb0a47df4264b54f4aefd4cc80b2e,False
candidate,r2,coincollector,210215,310215,0.0,0,1,0,9,0.5852580070495594,0.8399486541748047,83ef64a31d646fd90b586b69ff50fe34c99ed9d67e5f8b0864544be6b1907467,False
candidate,r2,coincollector,210216,310216,0.1111111111111111,0,1,1,6,0.5454182624816893,1.1761188507080078,6ee3c02b1695b0e85f57233af933d563a52a1c9de2260a81a31131482ad0cb9f,False
candidate,r2,coincollector,210217,310217,0.1111111111111111,0,1,1,10,0.5260944366455077,1.0082721710205078,1fb5ad6f79a05b5e81d8945596b2fc312cb1bf911ab220376a798f11dddc0200,False
candidate,r2,coincollector,210218,310218,0.0,0,0,0,9,1.259851455688474,4.210948944091797,d89a58dae1717d18b15939a414f283e10bd81f990cc1b19ccae7d405c693de15,False
candidate,r2,coincollector,210219,310219,0.0,0,0,0,17,0.5716085433959955,1.3523101806640625,a195af34163ac63fc598d3b1498c68e43b456e8cd9315b8223875a1b1e830926,False
candidate,r2,coincollector,210220,310220,0.0,0,1,0,9,1.0195851325988763,2.4878978729248047,dbf22230eb3b6587b6d6060aaa152a771b8bd7bef528b0e313b30fb9f4468527,False
candidate,r2,classic,210301,310301,0.0,0,0,0,7,0.5614638328552239,4.037141799926758,dc33c777375e75cbe7450bf1cd3164c3d3d469d04aed97a856088db19f438315,True
candidate,r2,classic,210302,310302,0.0,0,1,0,6,1.2569308280944809,1.992940902709961,a6eec4c8903a48cb2b85a5dfcf6a9c38a0685167a0e1760cd18025067860d662,True
candidate,r2,classic,210303,310303,0.1111111111111111,0,0,1,10,0.3163576126098629,0.9491443634033203,9e4eb9c12506aa867e312a0b50904806259fd680739940ffca071c63a7ea023d,True
candidate,r2,classic,210304,310304,0.1111111111111111,0,0,1,18,0.6309509277343749,3.921985626220703,2441223f6e676b1d9ea2425c189b430feac84ff422f8eeb75268be6335fb77f9,True
candidate,r2,classic,210305,310305,0.0,0,0,0,8,0.5146145820617672,0.9469985961914062,97328017a5be37618f2f1ac0735854742445091f324f04fe63455770cd8588e9,True
candidate,r2,classic,210306,310306,0.2222222222222222,0,0,2,18,0.28667449951171803,1.2640953063964844,0e3d95670bf1a72b54fbef2c012d11b88f0e70d86d01d405d8988cc2ecd7bf48,True
candidate,r2,classic,210307,310307,0.1111111111111111,0,0,1,3,0.2133965492248533,0.6823539733886719,36635abfc996343169cf582890c8a2e25deb30292f322f37b416143545698ae5,True
candidate,r2,classic,210308,310308,0.0,0,0,0,5,0.5014657974243151,2.732992172241211,4a1e252a7f32c36cc42dec0f1b09b33ad10364cd09bb868891b120ea6fea4ad8,True
candidate,r2,classic,210309,310309,0.0,0,0,0,4,0.4861474037170399,1.8641948699951172,11bc97c410617620857107f65b3e42c0b969cec2d463627df69ccd6b49a612eb,True
candidate,r2,classic,210310,310310,0.0,0,0,0,6,0.40713548660278304,1.8630027770996094,6693e5726100e566f6c53fd8a0a6057705db48a79a65246a92df452007ec1da4,True
candidate,r2,classic,210311,310311,0.0,0,0,0,1,0.4483938217163082,1.0039806365966797,5837fb5a425009c153b90c32a46bd4819b563789784ca5dd546ee9fbb7ca4f04,True
candidate,r2,classic,210312,310312,0.0,0,0,0,10,0.2561926841735839,1.1038780212402344,c03503346b22d45f3b23aefe0c5b85255cc4a0fb5c9748735795deb8ad69441e,True
candidate,r2,classic,210313,310313,0.0,0,0,0,5,0.21743774414062478,0.6022453308105469,da5bf289596516166d6c9af47f0764fa87409638534fd4f2cfe78b7e828cd7f6,True
candidate,r2,classic,210314,310314,0.0,0,1,0,2,1.4906883239746094,1.566171646118164,8dde40fa6ac26e3419c771f8c911c67a7e007ba19105c0e56c105ff7d70563fe,True
candidate,r2,classic,210315,310315,0.0,0,1,0,4,0.6213545799255369,0.8368492126464844,56835121146094147fbd396fc20a0434f52f0e45748ed21d73f0b8d4cc5ec430,True
candidate,r2,classic,210316,310316,0.0,0,1,0,4,0.48233270645141596,0.5869865417480469,16ac2b4b929487ff52e831a0026bee2c7f5ce9efdc58a101765d6cc8f3431019,True
candidate,r2,classic,210317,310317,0.0,0,0,0,3,0.4274010658264148,0.8766651153564453,36af436f5fc4966bf2eac10f2b411af3173bf7eb938be8b513bd1464ae533ba8,True
candidate,r2,classic,210318,310318,0.0,0,0,0,9,1.120352745056151,5.540132522583008,173971b6f7b207d47d2d8f4448ea0c10d101d601c03737c6a0e315990721677e,True
candidate,r2,classic,210319,310319,0.2222222222222222,0,1,2,14,0.5840778350830078,1.6970634460449219,b02f32c3e4ad2e7b4cab35952b6f185cf268517da1febeec2591fe484bffbe3b,True
candidate,r2,classic,210320,310320,0.1111111111111111,0,0,1,2,0.41548013687133667,1.5900135040283203,57d91c2fdf63c214dd73575e7a94463722f478c2131dfc9daf2ba2388ca4ea85,True
candidate,r2,coin-heaven,210401,310401,0.02,0,1,1,1,0.44674873352050776,0.48995018005371094,73ebfd715676755860c028aba68cf8127db5f307be68d092ba1e9d793d73a3d4,True
candidate,r2,coin-heaven,210402,310402,1.0,0,0,50,0,0.5763053894042968,0.8382797241210938,cd9ac602ed885bfa687425b596b8f5f28d7016fa4dc5cdae469b90086a8ecc1f,True
candidate,r2,coin-heaven,210403,310403,1.0,0,0,50,0,0.38588047027587885,0.5087852478027344,4f95a6bc7da9d796e0d7213da86168056fa2ad5057b52e8a1ca5376075e2878e,True
candidate,r2,coin-heaven,210404,310404,1.0,0,0,50,0,0.25269985198974604,0.5643367767333984,69a3f73db208c7b5c1e19bfbd3d5768a744d9f4cdaf4a7319af1feb7b4e7a310,True
candidate,r2,coin-heaven,210405,310405,1.0,0,0,50,0,0.5510926246643064,1.5900135040283203,2124791a325ebb899c69fecfda106974dc71e494e17e557fe7f628b4fbd54da8,True
candidate,r2,coin-heaven,210406,310406,1.0,0,0,50,0,0.3869533538818355,1.7251968383789062,2f4b05af7a83d805685adc0b5be90849f66f37e25207dad499ed37742b7f8263,True
candidate,r2,coin-heaven,210407,310407,1.0,0,0,50,0,0.30031204223632796,0.720977783203125,e292c9323f7ce570819a498543ec77d6b27205ea7272d6388621d885e0010cce,True
candidate,r2,coin-heaven,210408,310408,1.0,0,0,50,0,0.2110004425048828,0.5288124084472656,07a5ad91d4133ad8a3b718a1f0b00d87825d0c0192178f7a8cf83340d54ef9a7,True
candidate,r2,coin-heaven,210409,310409,1.0,0,0,50,2,0.15950202941894523,0.23984909057617188,9c2b3c950c69c21f08ace001c405dc3083af7a23eed5e650b6654e7df297c07e,True
candidate,r2,coin-heaven,210410,310410,1.0,0,0,50,0,0.14388561248779294,0.2980232238769531,56d824db8a7e6ddd0d4da36a3f119d62e890ccf08510e81993d7cb2db915e9e6,True
candidate,r2,coin-heaven,210411,310411,1.0,0,0,50,0,0.2779960632324218,0.3027915954589844,7e449cc8acee15fb0045d856f457ad9048539436a4e768000be18e42bb2ed1a1,True
candidate,r2,coin-heaven,210412,310412,1.0,0,0,50,0,0.7074475288391112,2.1567344665527344,4738f7a2a8c9d6ac72e82ea3065651e155b87b014e695344903f585072be746f,True
candidate,r2,coin-heaven,210413,310413,1.0,0,0,50,0,0.35986900329589777,0.8161067962646484,5bb71eda63da4ab7d30938f50713c565620dd13ffc77bd40db616b91053f4d84,True
candidate,r2,coin-heaven,210414,310414,1.0,0,0,50,0,0.2897381782531738,0.6039142608642578,8a23a3fe22bac6690d9ac5f688e1b5e0de740fdd23c9b77eba0c3199f8c3cc5c,True
candidate,r2,coin-heaven,210415,310415,1.0,0,0,50,0,0.23162364959716777,0.6966590881347656,fe77a4f166ec7ffdb2c8549f84ea627b74c467d80231863c7c8faa286ee18f42,True
candidate,r2,coin-heaven,210416,310416,1.0,0,0,50,1,0.1723051071166991,0.3120899200439453,437aae819c51e44ea3b1b229ef72efd92cf51ee6513c4426d1520548e040b0c1,True
candidate,r2,coin-heaven,210417,310417,1.0,0,0,50,0,0.5063772201538083,0.8139610290527344,d6ae73b92f1aeb338912f0332b623aedc9a02ff7a3d3289912acd013fd4cb4fd,True
candidate,r2,coin-heaven,210418,310418,1.0,0,0,50,0,0.506627559661865,3.2911300659179688,8c8d8fe6ca106b2be74be59f247e141c93ce622c9fd1b9061540aa3e592add62,True
candidate,r2,coin-heaven,210419,310419,0.02,0,1,1,1,0.21338462829589844,0.22077560424804688,73ebfd715676755860c028aba68cf8127db5f307be68d092ba1e9d793d73a3d4,True
candidate,r2,coin-heaven,210420,310420,1.0,0,0,50,0,0.39077997207641596,0.6160736083984375,098ce799a98d4d677a20974c77dafa8dc6f7ce6067ab677f967cb1a577bb4a19,True
candidate,r2,loot-crate,210501,310501,0.0,0,1,0,5,0.18043518066406256,0.26106834411621094,e0f456f523740a9653921c32f7d4c8d6de308ee98e993592ea4b437d308cdd23,True
candidate,r2,loot-crate,210502,310502,0.0,0,0,0,3,0.09703636169433594,0.3917217254638672,36af436f5fc4966bf2eac10f2b411af3173bf7eb938be8b513bd1464ae533ba8,True
candidate,r2,loot-crate,210503,310503,0.06,0,1,3,18,0.1492977142333984,0.27179718017578125,34c39fc5c056fcb04277c246c7700afe85a08b30caa28942369824c9d910dfae,True
candidate,r2,loot-crate,210504,310504,0.0,0,0,0,6,0.10100603103637681,0.26607513427734375,6693e5726100e566f6c53fd8a0a6057705db48a79a65246a92df452007ec1da4,True
candidate,r2,loot-crate,210505,310505,0.04,0,0,2,7,0.10095834732055654,0.28395652770996094,1f0f6c95b8322c85c42ecf79b4fe972f51daf09cfeb6cdad02f8b341aa5932d5,True
candidate,r2,loot-crate,210506,310506,0.14,0,0,7,20,0.14309883117675776,0.3368854522705078,a6206a9d29336fa6a464d7d0be0c3cc97c1156facee4ef2150974226b8e2c9bc,True
candidate,r2,loot-crate,210507,310507,0.0,0,1,0,5,0.13870000839233398,0.2713203430175781,d2c19bd376a598d3e27b7ceceeb84af6fd03ed83147fb46c710f48a1e4868040,True
candidate,r2,loot-crate,210508,310508,0.0,0,0,0,10,0.10899305343627927,0.2880096435546875,81722d20c6e2143f03882077e12105bd7f68d5cb745c9e393d59bb389607f050,True
candidate,r2,loot-crate,210509,310509,0.0,0,0,0,2,0.09585618972778319,0.2853870391845703,351ca887da7dfe070a798dfc31952e1927c1d9a9d4d891688fbd1e04cc4d5159,True
candidate,r2,loot-crate,210510,310510,0.06,0,0,3,4,0.12998580932617182,0.2911090850830078,feb46c16c7fd578e9367b402e33fd532e3a8fcc75ac1e08fb797628506691df2,True
candidate,r2,loot-crate,210511,310511,0.02,0,0,1,4,0.09590387344360346,0.2598762512207031,b558fe2eecd374872ef8e6681881e107c102159d62ea777e51da7298f0248d4a,True
candidate,r2,loot-crate,210512,310512,0.02,0,0,1,3,0.09799003601074219,0.2727508544921875,ff85d00fd8c03bc5cca62e74e569d9e18200a236b0a29a14a9ece3f336e60b64,True
candidate,r2,loot-crate,210513,310513,0.0,0,0,0,2,0.1049041748046875,0.2677440643310547,c9e487e1e956d5ce8b623dd5cab351d18003328fde0b089d0b8027c0ad213e37,True
candidate,r2,loot-crate,210514,310514,0.02,0,0,1,8,0.13021230697631833,0.2868175506591797,357248703c67d6331965dda1a76ee1b200b883bb23017dd7f9eed4881f40f9c7,True
candidate,r2,loot-crate,210515,310515,0.06,0,1,3,6,0.1553535461425782,0.2758502960205078,f24ff8916023dc4ff578ce50c71036159631dc7d460d59630caf7fd058a9115f,True
candidate,r2,loot-crate,210516,310516,0.0,0,1,0,4,0.14055967330932617,0.26488304138183594,e89d753c0f0593f114d439f62f788f3ade5b6d84f0f9a3c9520a41c21b0e35cd,True
candidate,r2,loot-crate,210517,310517,0.02,0,0,1,7,0.10399818420410152,0.31185150146484375,a0f6d1871815e3501d40114748df3170d81419bd6f57259c55b5718856d5b23e,True
candidate,r2,loot-crate,210518,310518,0.06,0,0,3,10,0.12683868408203125,0.38504600524902344,8d14c4d35b14d0d60e2f80e1473407367acc40f2dfabb838399727b1773e3c22,True
candidate,r2,loot-crate,210519,310519,0.0,0,0,0,3,0.09999275207519523,0.2830028533935547,36af436f5fc4966bf2eac10f2b411af3173bf7eb938be8b513bd1464ae533ba8,True
candidate,r2,loot-crate,210520,310520,0.0,0,0,0,0,0.0801444053649902,0.2701282501220703,cc036eeacc29a6df14cd4e04fc9b32e52d58c558acc9e29e45b0c4a61e7b202a,True
candidate,r3,peaceful,210101,310101,0.0,0,0,0,0,0.15411376953124992,0.2989768981933594,f19da3d8bf1208c26fef2f9b8d62c364ebbab4c3baf16efde1c71cb0dfe9a7ed,True
candidate,r3,peaceful,210102,310102,0.0,0,0,0,3,0.13685226440429688,0.28896331787109375,0dda4f6f2e227469534133e3629a2cc1900a81c0229c36b7aea8d3ffa0786ceb,True
candidate,r3,peaceful,210103,310103,0.0,0,0,0,0,0.14119148254394526,0.29277801513671875,ab30f52591354471508ccb70158a7c4067f021bb690dcaaf0dc34896b4827b58,True
candidate,r3,peaceful,210104,310104,0.0,0,0,0,1,0.15125274658203117,0.3249645233154297,2747394f57bcff65cf0c63588825c93bcb2f78723f91c53e55e3b1517715ab0d,True
candidate,r3,peaceful,210105,310105,0.7777777777777778,0,0,7,17,0.3822684288024902,1.1639595031738281,82494342a8b9cd9f659267f9be8a5fd9fbd3d160f099824f2d8b4ef5677e82ba,True
candidate,r3,peaceful,210106,310106,0.0,0,0,0,1,0.18696784973144526,0.3972053527832031,2747394f57bcff65cf0c63588825c93bcb2f78723f91c53e55e3b1517715ab0d,True
candidate,r3,peaceful,210107,310107,0.0,0,0,0,0,0.17518997192382796,0.5831718444824219,9d5c4f07ef76f95f8bda9110edde883908546fa101679cab29e4724088b9a8a4,True
candidate,r3,peaceful,210108,310108,0.1111111111111111,0,0,1,2,0.19913911819458002,0.4508495330810547,f368645e3d572a9984f62ea4d7bf496a49adfa055804eb551ce99af6d00300ab,True
candidate,r3,peaceful,210109,310109,0.1111111111111111,0,0,1,2,0.26012659072875954,0.6604194641113281,928f582332500ef9e4ac8754aabbaf2ba6723cee0af27bb803ba08606eb2b93e,True
candidate,r3,peaceful,210110,310110,0.2222222222222222,0,0,2,19,0.22552013397216755,0.6248950958251953,814ba4b1e6981bddf5b46f7b2e22ee3f5472af66d32d0e3f54d04a7ac6be4b23,True
candidate,r3,peaceful,210111,310111,0.3333333333333333,0,0,3,7,0.3021836280822753,0.5161762237548828,326fc0d5fa9265942c777f9a6c07b5fddc2ea25009083fe66bde5c0b4a6b057a,True
candidate,r3,peaceful,210112,310112,0.6666666666666666,1,0,11,16,0.27921199798583984,0.5640983581542969,9d94caa87c170cfbfbcbb72d35a79d1a377513e6fedb11888e1b31094ba2c05c,False
candidate,r3,peaceful,210113,310113,0.3333333333333333,0,0,3,12,0.29726028442382796,0.7219314575195312,0c1884d6f93d3f26fbb125bf8ebff550e44d972f58da073dfc1cf60a89738d58,True
candidate,r3,peaceful,210114,310114,0.3333333333333333,1,0,8,117,0.2858757972717285,0.5831718444824219,29a474850e82d36d9b6b54ae304b4ac2e26e61402c92e07ad22e274e98fc70cf,False
candidate,r3,peaceful,210115,310115,0.5555555555555556,0,0,5,20,0.3520607948303221,0.7541179656982422,f34e6cf88dab00f1ceb58aa1c154cd6f1465e610ea2375e94904b81fd2772f90,True
candidate,r3,peaceful,210116,310116,0.0,0,0,0,6,0.49029588699340787,0.9958744049072266,b714b78be47fdb266dda9093c5309fab9f3d030eba6da0047082e5a05538a06a,True
candidate,r3,peaceful,210117,310117,0.1111111111111111,0,0,1,15,0.2649426460266113,0.5056858062744141,25fd4f44d1aa41b7ea1e70501d7e853205b77f60e40cb25ec080c7c5ba1f7b42,True
candidate,r3,peaceful,210118,310118,0.2222222222222222,0,0,2,10,0.2308964729309081,0.4601478576660156,9876df4ca60fe43d5ab07d5e8004dd716220f5ec049165f95f0d3c63440aa747,False
candidate,r3,peaceful,210119,310119,0.0,0,0,0,0,0.6539702415466306,1.1789798736572266,39d62c958a608885392671ed327302d1212b2ec15017b9172120545fd3336e8d,True
candidate,r3,peaceful,210120,310120,0.0,0,0,0,0,0.26016235351562494,0.5071163177490234,61934e220509b791ac2801961a69e42ee5da5d239aeaf85668626afda8e79626,True
candidate,r3,coincollector,210201,310201,0.0,1,0,5,22,0.3936409950256343,1.3098716735839844,ab12d35da8bd597030a1680151da1545f0291d716ee6e264b535c75c0ffe2374,False
candidate,r3,coincollector,210202,310202,0.2222222222222222,0,0,2,6,0.5666613578796381,1.1777877807617188,abe8d2246657c3342807d9717faf993e509894f04272128ee5f41cefef638c00,False
candidate,r3,coincollector,210203,310203,0.0,0,1,0,4,0.516676902770996,2.595186233520508,344ecf7122dd52144cc5864034f760b704192e60d0eaa473597fbf60353c498d,False
candidate,r3,coincollector,210204,310204,0.0,0,0,0,3,0.5930900573730468,1.0118484497070312,ebf0e5d89259a26a2f2e56f865b2156c183c0fc65a19a9897c03b19377c3300b,True
candidate,r3,coincollector,210205,310205,0.0,0,1,0,10,0.5835771560668945,3.0231475830078125,acfd4ee6d218cd36e3e4fcb287080e752a6fe220dac66b94901588c090f10887,False
candidate,r3,coincollector,210206,310206,0.0,0,0,0,9,0.5729198455810547,0.9737014770507812,542e671093977e204dfce397ff3a0562d164102be5d41f11a5e96152c45b1e4c,True
candidate,r3,coincollector,210207,310207,0.1111111111111111,0,0,1,2,0.5509614944458008,1.6350746154785156,4d5238fa5b04b09a0cb5674e3c74fc975b76da3b836fa0afce7be62d7f0e455e,False
candidate,r3,coincollector,210208,310208,0.1111111111111111,0,1,1,13,0.7383346557617181,1.416921615600586,b7c8e629244564a5c44e1274696620c34c51f9ea7184cb0d392f5505125cbf61,False
candidate,r3,coincollector,210209,310209,0.1111111111111111,0,1,1,1,0.5041837692260741,1.1980533599853516,3bb58e195969918b563c68fbedd8c73d680e3adc8c60fe0637be7021e2743343,False
candidate,r3,coincollector,210210,310210,0.0,0,1,0,5,0.6212711334228517,1.0230541229248047,01634dac75e2cc86fe8e68e3fd77ae77ad3aa70bf72aac9be3bf96f9d09b7638,False
candidate,r3,coincollector,210211,310211,0.2222222222222222,0,1,2,18,0.9269237518310538,1.1649131774902344,fbb448512c1df73157a3b25a3a624014dafa81d9d73e4cd09c34eea2d0a60401,False
candidate,r3,coincollector,210212,310212,0.1111111111111111,0,1,1,4,1.105260848999023,2.0558834075927734,3150d97afc57f3cf0606ff424838c00e08d2108a936baa6e04535db7a87155fe,False
candidate,r3,coincollector,210213,310213,0.1111111111111111,0,1,1,5,0.5745887756347656,2.820253372192383,1445d314397f8a77d210b6f8388a90fcf5e138587935694b93b51d4e8a4698d9,False
candidate,r3,coincollector,210214,310214,0.0,0,1,0,2,0.6607532501220695,1.0712146759033203,a26c782bc58ece21efcdc003971a3e50847840cd686d66753e0c04085c314fe9,False
candidate,r3,coincollector,210215,310215,0.0,0,1,0,1,0.5120158195495605,0.823974609375,824860c0065e04b42576f4d15db1c9cb806a2fb58f3b3686e3da2c510e3504df,False
candidate,r3,coincollector,210216,310216,0.0,0,1,0,2,0.6203651428222656,1.6009807586669922,04756f93a4866c88b84db3957a4ca1ae40a9e5cf4a03ae92191bf9b8fd9b2131,False
candidate,r3,coincollector,210217,310217,0.0,0,1,0,7,0.40752887725830067,0.7328987121582031,8c8eef445c856e8cd666ea10cd1e2b949c03c6018fa150d7f71e57698ff73489,False
candidate,r3,coincollector,210218,310218,0.0,0,1,0,3,0.35833120346069336,0.9310245513916016,43e43bedb78b06e387ec3e3b82f1124f02edd3b850db9e6bc84902eef89d2019,False
candidate,r3,coincollector,210219,310219,0.1111111111111111,0,1,1,13,0.44748783111572255,0.6511211395263672,6a0db31dd42142331aeea1f803655730cc36beaaeb4b457f057e34aaed639cf5,False
candidate,r3,coincollector,210220,310220,0.0,0,0,0,30,0.44205188751220675,0.7011890411376953,393e4350978e54f475302795186cfbdadc82191edac5e95bf356c49a8ab8e732,False
candidate,r3,classic,210301,310301,0.0,0,0,0,3,0.6615757942199703,1.4460086822509766,88bf83e2f80858fc9ea2fda80d3cd2b143dc395c39c7f342ad6cc8d8987b1fe7,True
candidate,r3,classic,210302,310302,0.0,0,0,0,0,0.5204677581787107,1.2407302856445312,3e457cc2304ad2ccf2d6296a66213cdc8d455614dc7958b9ee35c31a82fdf5fa,True
candidate,r3,classic,210303,310303,0.0,0,0,0,11,0.7451772689819333,3.968954086303711,480e78dddbdd95582eee38454e67396c0440e2c666913730c254127e6d468590,True
candidate,r3,classic,210304,310304,0.0,0,0,0,2,0.5360126495361328,1.0690689086914062,d6ea268e9c6beff4d49dc13018508eb29f591359444b9786c41ec1e7fb8eddb8,True
candidate,r3,classic,210305,310305,0.0,0,0,0,4,0.16518831253051738,0.39196014404296875,9420bd3fe18e670bd641f57dff2cfdc862778629ad032eba2843717d379587f2,True
candidate,r3,classic,210306,310306,0.0,0,0,0,5,0.7623434066772458,1.7621517181396484,fc097170c519ce0f36fe27223ae18c8ef4a2b08ae314c48bd98db657b8e13564,True
candidate,r3,classic,210307,310307,0.1111111111111111,0,0,1,1,0.4381775856018065,0.7529258728027344,2b1ca068994b2ddd706e84f6d6216d41209aa02a3a86c3d360978ca5c824978a,True
candidate,r3,classic,210308,310308,0.0,0,0,0,1,0.37572383880615173,0.6520748138427734,d129d60144e469a2cb1875ea54b788cf7d0973ad0dbdd8bdb0351a14136c1452,True
candidate,r3,classic,210309,310309,0.0,0,0,0,4,0.11428594589233391,0.3159046173095703,a0e68a76aea08101172550e3b8c29cadd7a3e99b4d7341802bda638afbc9d2b3,True
candidate,r3,classic,210310,310310,0.0,0,0,0,0,0.11711120605468746,0.2799034118652344,3e457cc2304ad2ccf2d6296a66213cdc8d455614dc7958b9ee35c31a82fdf5fa,True
candidate,r3,classic,210311,310311,0.0,0,0,0,0,0.17547607421874978,0.4279613494873047,30d0b1c589aeead58a2abbed60ff0a3537703d95cdf0962a62aa47d35f15c1a8,True
candidate,r3,classic,210312,310312,0.0,0,0,0,0,0.21328926086425767,1.4460086822509766,3e457cc2304ad2ccf2d6296a66213cdc8d455614dc7958b9ee35c31a82fdf5fa,True
candidate,r3,classic,210313,310313,0.0,0,0,0,0,0.09931325912475573,0.2951622009277344,f2796bf9297033f4810e93584d24e3ea5153a885a434cb972d76ce5b97fc353f,True
candidate,r3,classic,210314,310314,0.0,0,0,0,7,0.13116598129272458,0.26869773864746094,a9c0a16aff840eb0b7fcbdcb9fca10915c37e54619a1f5c8c5b7e44b7454346f,True
candidate,r3,classic,210315,310315,0.0,0,0,0,1,0.10399818420410152,0.30803680419921875,4915addbef7e8ff76d6d2b166207528f482bd4a5ef03e184538405b2a2421744,True
candidate,r3,classic,210316,310316,0.0,0,0,0,0,0.11873245239257812,0.2980232238769531,3e457cc2304ad2ccf2d6296a66213cdc8d455614dc7958b9ee35c31a82fdf5fa,True
candidate,r3,classic,210317,310317,0.0,0,0,0,4,0.10230541229248044,0.3578662872314453,3cc6269ffed26e7eaa951768f624ff8a9c3bf53b5b481e88b4895e08c073fb3f,True
candidate,r3,classic,210318,310318,0.0,0,0,0,4,0.11492967605590819,0.33402442932128906,a0e68a76aea08101172550e3b8c29cadd7a3e99b4d7341802bda638afbc9d2b3,True
candidate,r3,classic,210319,310319,0.0,0,0,0,1,0.1719594001770019,0.6208419799804688,d129d60144e469a2cb1875ea54b788cf7d0973ad0dbdd8bdb0351a14136c1452,True
candidate,r3,classic,210320,310320,0.1111111111111111,0,0,1,10,0.13284683227539057,0.26702880859375,cd88edcce6db5573956b3eec23e5c30487309fabcc06b4ea9c935a28f07a6c75,True
candidate,r3,coin-heaven,210401,310401,1.0,0,0,50,0,0.12737512588500977,0.20503997802734375,0f9ceb2064c794244b926e04a57bd28897c2c677c42629602023db5fe5def20c,True
candidate,r3,coin-heaven,210402,310402,1.0,0,0,50,0,0.2526283264160155,0.3161430358886719,cd9ac602ed885bfa687425b596b8f5f28d7016fa4dc5cdae469b90086a8ecc1f,True
candidate,r3,coin-heaven,210403,310403,0.04,0,1,2,3,0.2144336700439453,0.2257823944091797,e8efb5522aa30c0205e828652d7d6c6cdef353119e1465026b1b923764639922,True
candidate,r3,coin-heaven,210404,310404,1.0,0,0,50,0,0.09721517562866208,0.21195411682128906,69a3f73db208c7b5c1e19bfbd3d5768a744d9f4cdaf4a7319af1feb7b4e7a310,True
candidate,r3,coin-heaven,210405,310405,1.0,0,0,50,0,0.14370679855346674,0.21505355834960938,2124791a325ebb899c69fecfda106974dc71e494e17e557fe7f628b4fbd54da8,True
candidate,r3,coin-heaven,210406,310406,1.0,0,0,50,0,0.18243789672851546,0.2751350402832031,2f4b05af7a83d805685adc0b5be90849f66f37e25207dad499ed37742b7f8263,True
candidate,r3,coin-heaven,210407,310407,1.0,0,0,50,0,0.12955665588378903,0.23698806762695312,e292c9323f7ce570819a498543ec77d6b27205ea7272d6388621d885e0010cce,True
candidate,r3,coin-heaven,210408,310408,1.0,0,0,50,0,0.17554759979248044,0.23484230041503906,931c733065edd3704488571854af33cb89a9092a722952dd4d06db4bfa410ed5,True
candidate,r3,coin-heaven,210409,310409,1.0,0,0,50,0,0.1625299453735351,0.25272369384765625,b0dd278e6b23fc2cbb3669f9c7730c9ea7312b99d4236a42a52e2eadde4e8342,True
candidate,r3,coin-heaven,210410,310410,1.0,0,0,50,0,0.11367797851562497,0.2512931823730469,56d824db8a7e6ddd0d4da36a3f119d62e890ccf08510e81993d7cb2db915e9e6,True
candidate,r3,coin-heaven,210411,310411,1.0,0,0,50,0,0.2550125122070312,0.308990478515625,7e449cc8acee15fb0045d856f457ad9048539436a4e768000be18e42bb2ed1a1,True
candidate,r3,coin-heaven,210412,310412,1.0,0,0,50,0,0.1265406608581543,0.2307891845703125,4738f7a2a8c9d6ac72e82ea3065651e155b87b014e695344903f585072be746f,True
candidate,r3,coin-heaven,210413,310413,1.0,0,0,50,0,0.11901855468749993,0.24509429931640625,5bb71eda63da4ab7d30938f50713c565620dd13ffc77bd40db616b91053f4d84,True
candidate,r3,coin-heaven,210414,310414,1.0,0,0,50,0,0.188314914703369,0.29921531677246094,8a23a3fe22bac6690d9ac5f688e1b5e0de740fdd23c9b77eba0c3199f8c3cc5c,True
candidate,r3,coin-heaven,210415,310415,1.0,0,0,50,0,0.10435581207275388,0.22983551025390625,fe77a4f166ec7ffdb2c8549f84ea627b74c467d80231863c7c8faa286ee18f42,True
candidate,r3,coin-heaven,210416,310416,0.04,0,1,2,1,0.21567344665527344,0.2200603485107422,efd7d752e6377632d6e20d72695918e1cb3a7d7ff7501307a38931abf4b54f69,True
candidate,r3,coin-heaven,210417,310417,1.0,0,0,50,0,0.13103485107421875,0.225067138671875,d6ae73b92f1aeb338912f0332b623aedc9a02ff7a3d3289912acd013fd4cb4fd,True
candidate,r3,coin-heaven,210418,310418,1.0,0,0,50,0,0.11394023895263668,0.20265579223632812,8c8d8fe6ca106b2be74be59f247e141c93ce622c9fd1b9061540aa3e592add62,True
candidate,r3,coin-heaven,210419,310419,1.0,0,0,50,2,0.22952556610107414,0.26607513427734375,7260f918ccb53b76830198a1b3f772b5ae4849bf170a8c6eb9cb7d67e3063bdb,True
candidate,r3,coin-heaven,210420,310420,1.0,0,0,50,0,0.10592937469482418,0.19788742065429688,80e13c4208574527a0bf6d88d06302df5fa51fa3d063a5cc405d94f628c688ae,True
candidate,r3,loot-crate,210501,310501,0.0,0,0,0,0,0.18510818481445304,0.4286766052246094,3e457cc2304ad2ccf2d6296a66213cdc8d455614dc7958b9ee35c31a82fdf5fa,True
candidate,r3,loot-crate,210502,310502,0.0,0,0,0,8,0.11317729949951134,0.32591819763183594,f33dc1ac820871c0fffd2a66aec992b5781914a84569e2e4c58bfe88e8631229,True
candidate,r3,loot-crate,210503,310503,0.04,0,1,2,3,0.1747608184814453,0.29015541076660156,7365e42bc5eeafffdf4cd1811212699b71c4838276014a6cdd4e7da103f64d8f,True
candidate,r3,loot-crate,210504,310504,0.0,0,0,0,0,0.1270890235900879,0.2880096435546875,3e457cc2304ad2ccf2d6296a66213cdc8d455614dc7958b9ee35c31a82fdf5fa,True
candidate,r3,loot-crate,210505,310505,0.02,0,0,1,9,0.1650810241699218,0.5619525909423828,d230b77057997b0f0033ec4fad825621af92d6e67d232dec8e86c0780280b067,True
candidate,r3,loot-crate,210506,310506,0.02,0,0,1,8,0.14090538024902344,0.31304359436035156,cf4628c0b3ede69e0e526b18b6c9ae46c07e472884aaa60ba65b8f2f61926731,True
candidate,r3,loot-crate,210507,310507,0.0,0,0,0,1,0.12227296829223615,0.5550384521484375,4915addbef7e8ff76d6d2b166207528f482bd4a5ef03e184538405b2a2421744,True
candidate,r3,loot-crate,210508,310508,0.0,0,0,0,88,0.13113021850585938,0.33402442932128906,d692c145250dd149b5b49075403b48b50cf29eee48750f1643cfc57517b83c79,True
candidate,r3,loot-crate,210509,310509,0.0,0,0,0,0,0.144052505493164,0.4570484161376953,3e457cc2304ad2ccf2d6296a66213cdc8d455614dc7958b9ee35c31a82fdf5fa,True
candidate,r3,loot-crate,210510,310510,0.12,0,0,6,13,0.13527870178222648,0.3833770751953125,9af128d1450b07242df59409058f2d65378438c909668f95a425cf0a6ea343f6,True
candidate,r3,loot-crate,210511,310511,0.02,0,0,1,1,0.11925697326660152,0.2968311309814453,527e31d00acb6b15b307cc403cecc02644ab54013c0dfb61ff1789aa828be1e0,True
candidate,r3,loot-crate,210512,310512,0.06,0,0,3,6,0.14190673828124994,0.3590583801269531,7658da0a76359ccb9270cf89727577bf694b14fec25b39be63ee5c86b870e218,True
candidate,r3,loot-crate,210513,310513,0.0,0,0,0,1,0.42186975479125965,0.7610321044921875,6a4bd769e62cfe4ab58036df837c879c464e258d5c5044dbe1073a42eb2d7e5f,True
candidate,r3,loot-crate,210514,310514,0.0,0,0,0,88,0.17319917678832997,0.5519390106201172,15c823fac9431ed1a54b4d0e769eac05e4e55b3edb6cc205ea052ff141f7e205,True
candidate,r3,loot-crate,210515,310515,0.0,0,0,0,0,0.22317171096801758,0.8420944213867188,3e457cc2304ad2ccf2d6296a66213cdc8d455614dc7958b9ee35c31a82fdf5fa,True
candidate,r3,loot-crate,210516,310516,0.0,0,0,0,1,0.29836893081665006,3.787994384765625,4915addbef7e8ff76d6d2b166207528f482bd4a5ef03e184538405b2a2421744,True
candidate,r3,loot-crate,210517,310517,0.0,0,0,0,88,0.37528276443481334,1.2590885162353516,d692c145250dd149b5b49075403b48b50cf29eee48750f1643cfc57517b83c79,True
candidate,r3,loot-crate,210518,310518,0.0,0,0,0,86,0.3096222877502418,0.9858608245849609,4d426f52feb37a503e2055e12300ea409ef5778970f7359419558aa5fbbe5284,True
candidate,r3,loot-crate,210519,310519,0.0,0,0,0,2,0.13686418533325195,0.3502368927001953,d3b880c31e71a853257bcf716ab7a751ee32d274e2d726d60e737c5146bf7a1d,True
candidate,r3,loot-crate,210520,310520,0.0,0,0,0,0,0.15597343444824213,0.5848407745361328,89715665afcc2d7bd523537b8a7033c0e8f90913f17a44ae8f1c43ebfb56dc83,True
candidate,r4,peaceful,210101,310101,0.0,0,0,0,2,0.8163571357727049,1.821279525756836,90c789a262e31543745c656b243ad13ffddf63d2af9581e20fb613440f9eaab1,True
candidate,r4,peaceful,210102,310102,0.1111111111111111,0,0,1,2,0.5848526954650879,1.0759830474853516,467aad5657eafa819978de1ccdb4cf80fd26149623a4ec2025f430f64e2b94d8,True
candidate,r4,peaceful,210103,310103,0.0,0,0,0,0,0.734865665435791,2.911090850830078,72d69865f9ff91637f1f9e9f03e44c82895fd85c161701bf38f193e3df5b42dd,True
candidate,r4,peaceful,210104,310104,0.1111111111111111,0,0,1,4,0.5385756492614739,1.2621879577636719,622ab0194ce9b4b8753507030cfefb166546e377cbd016da57a1d3729bf3fee5,True
candidate,r4,peaceful,210105,310105,0.3333333333333333,0,0,3,6,0.3419160842895501,1.2979507446289062,aa1674c4cf599193c582c4947388817643e3520a5a8e4a41b60f868c3fc23d20,True
candidate,r4,peaceful,210106,310106,0.1111111111111111,0,0,1,4,0.42315721511840804,1.1458396911621094,85df62a29c6c838b4d8793cbd635c3934691b4a67b35ab3153261c0444983344,True
candidate,r4,peaceful,210107,310107,0.2222222222222222,0,0,2,2,0.44096708297729414,1.0340213775634766,80745e3b6ff34775d87ba2a321da998142430498e5c8a10c2aad56fb4dd80286,False
candidate,r4,peaceful,210108,310108,0.1111111111111111,0,0,1,2,0.45573711395263616,1.0731220245361328,440d7c2147d3d1f38c549017b04658852c9f753133e79cfbbf457d9235ddff5e,True
candidate,r4,peaceful,210109,310109,0.5555555555555556,1,0,10,8,0.3154873847961423,0.881195068359375,6f3654d70c73517cf4b21f4ad9ee7ca06f77e87a5b73d227eb6d904867d677fd,True
candidate,r4,peaceful,210110,310110,0.1111111111111111,0,0,1,6,0.6470322608947752,1.6970634460449219,079c83681731b4bccb31e9f6e110c3df16cb8772b9b8e03672791ce15c7b83b9,True
candidate,r4,peaceful,210111,310111,0.0,0,0,0,3,0.5943179130554189,2.363920211791992,6c4b65954d25e450cb26ae9c4fe3664dba197d9a92b8fb7b38eee0f9901e6ac7,True
candidate,r4,peaceful,210112,310112,0.2222222222222222,0,0,2,5,0.6173610687255858,2.8450489044189453,5fd0234da30dc9378aea2a263e06058b802643447c7183ec224931d8ecb85579,True
candidate,r4,peaceful,210113,310113,0.1111111111111111,0,0,1,4,0.4181027412414549,1.3959407806396484,3082f6ab1505d055bb61ab8c821c0859f2ead59106e4003222a2959359bbcd08,True
candidate,r4,peaceful,210114,310114,0.0,0,0,0,2,0.696969032287597,3.3490657806396484,3349c0a16058496be399bb69906b1d3962f3b3955c66f09e2d86296118d4a110,True
candidate,r4,peaceful,210115,310115,0.1111111111111111,0,0,1,2,0.6900906562805175,1.9159317016601562,94ca624f7b988dd6b538695dece32e4238e71e7debf335a689b93dfe663940b4,True
candidate,r4,peaceful,210116,310116,0.0,0,1,0,7,0.9108066558837888,4.767894744873047,2192d87f341972ce35ce79be1b578c4e7b43042809b5721aec73ebb8cab59352,False
candidate,r4,peaceful,210117,310117,0.1111111111111111,0,0,1,6,0.909984111785887,2.7618408203125,347d82f48fc55fe573ee1ba5f7936e018c56701a470d0cc579ca838c24f55c16,True
candidate,r4,peaceful,210118,310118,0.1111111111111111,0,0,1,5,0.5604386329650876,6.572961807250977,d9c5e17d24f6cda7e2c639ebed9f292b1aff43611631baafa619c3cce0be8fb5,True
candidate,r4,peaceful,210119,310119,0.0,0,0,0,1,0.32118558883666903,1.4469623565673828,42aa9a3e394c83bc7dce403f0d15cb020c71140c8fcda6d552f6122c3a6b1606,True
candidate,r4,peaceful,210120,310120,0.0,0,0,0,3,0.4503011703491207,1.2023448944091797,67f7fcf4fbd2acb65ad7c568a99b5551f02a425eeb057fe181484981b5c093fe,True
candidate,r4,coincollector,210201,310201,0.0,0,1,0,16,1.3646602630615232,2.974271774291992,9bf51bcbf5506ca282b39b630906c54feea505033f46dc2e5b0de1a4f05b03e3,False
candidate,r4,coincollector,210202,310202,0.1111111111111111,0,1,1,12,0.9268760681152339,2.9859542846679688,0c683525f2dc3c9970587756d40dd18b515250921235e32d71d646f85096c3f8,False
candidate,r4,coincollector,210203,310203,0.0,0,1,0,30,1.104271411895752,1.6739368438720703,c93d35a8ba562122de200dc65149850326a3aa94d8317dfcea504ec8ef16a0e3,True
candidate,r4,coincollector,210204,310204,0.0,0,1,0,44,1.070117950439453,2.2389888763427734,55044dbfb48a58c8ddf40ad3d3edee5b0f73e0fca429ca398eff0fcb16900bd2,False
candidate,r4,coincollector,210205,310205,0.2222222222222222,0,0,2,16,1.0859966278076172,2.0551681518554688,a3fe3e2434f756b8a40fbcbacf53bfffd2fdcda1a5015b2512e53cd13ea5b40a,False
candidate,r4,coincollector,210206,310206,0.1111111111111111,0,1,1,4,0.42502880096435536,0.7359981536865234,e3c1719d8c2ef41be96444c992c77a471d1214175db197539bfb9aa7e779e85b,False
candidate,r4,coincollector,210207,310207,0.1111111111111111,0,0,1,179,1.5252590179443357,7.14111328125,fe062bfaf2549e9dfda973ed75cf064f37fcfcb10ca58b2baa3207fcafeee9b3,False
candidate,r4,coincollector,210208,310208,0.0,0,1,0,14,0.5100846290588374,1.4481544494628906,981e9c68ded5baf7e3a7381f20a22f9cfa20a7624c7085e31c96c4137700e4b0,False
candidate,r4,coincollector,210209,310209,0.2222222222222222,0,0,2,46,1.742160320281982,2.7968883514404297,53af1177f45f4a9a8cdf0698d440a6f6d7d6cfc0530b4e7bcb4bc71cf48d73d7,False
candidate,r4,coincollector,210210,310210,0.0,0,1,0,8,0.9753704071044916,1.8351078033447266,7f35e691e4b78beac68c245ce0c8b6e7c01deb406af50ad6de43f65e6f45008c,False
candidate,r4,coincollector,210211,310211,0.4444444444444444,0,0,4,15,0.9685635566711422,2.1851062774658203,7b88724d4d074137b74ed46c469645bd11fe4b6afa9da7c79d8fcfe977b98a1b,False
candidate,r4,coincollector,210212,310212,0.2222222222222222,0,0,2,39,0.9271860122680662,2.033710479736328,8c4f062b21988f1ae96bf734dd9fbefcf4672094e251434255390f86d65a711d,False
candidate,r4,coincollector,210213,310213,0.3333333333333333,0,0,3,18,1.072144508361816,2.902984619140625,96ec3a540a31e042b600b7e0644e232fbb3ea8eab22a2003569a48d0d9c52964,False
candidate,r4,coincollector,210214,310214,0.0,0,1,0,3,0.760197639465332,1.3399124145507812,e7a4fa29e3be84fbcb601758b1dc571877523bca6dfd5dfdbaef2700e31875c9,False
candidate,r4,coincollector,210215,310215,0.0,0,1,0,4,0.46825408935546803,0.75531005859375,a5228d127113d6890e23ef825649615c1dd16b262e228802e52362e9588646cb,False
candidate,r4,coincollector,210216,310216,0.1111111111111111,0,1,1,7,0.3120899200439453,0.4420280456542969,61d6b606bd2644feed659111d304f2a4fc897b49029dbcce1982519d6e2adaa1,False
candidate,r4,coincollector,210217,310217,0.0,0,0,0,54,0.5096197128295896,0.8490085601806641,2908d88a93bfaa3942b7bce8e621b38200ae1ac0c27e1ff90d21fd086e309a24,False
candidate,r4,coincollector,210218,310218,0.0,0,1,0,104,0.4139065742492676,0.5290508270263672,ea2bc0b801928224282b7e96bfcf43b5bd40b46a106c2f027dff67c312c65256,False
candidate,r4,coincollector,210219,310219,0.0,0,1,0,29,0.3429412841796874,0.3998279571533203,199fc946e6b1ff07b25a49a2f56b85af8a1fcdeda7022e7d03103ecfb9275b62,False
candidate,r4,coincollector,210220,310220,0.1111111111111111,0,0,1,71,0.4558563232421875,0.7989406585693359,6d46a08ecf40bdb315aaad55b31c710a1db393817a6733d46794c9287593fa96,False
candidate,r4,classic,210301,310301,0.0,0,0,0,2,0.11310577392578117,0.28395652770996094,927890ffd8ce9b54d9f92aa572930fee638656d85711bdebfee54015d5b7ee62,True
candidate,r4,classic,210302,310302,0.0,0,0,0,2,0.16001462936401364,0.3209114074707031,6cff77665181ebb0518e07734fa4976547af863991df552bc480e684b72b0f11,True
candidate,r4,classic,210303,310303,0.0,0,1,0,3,0.18839836120605452,0.2639293670654297,c2ec52fec9a12509a424b27ac95071b8fd58c27b4e409795d2bd2c89268a44df,True
candidate,r4,classic,210304,310304,0.0,0,0,0,0,0.12376308441162107,0.8108615875244141,ec4d2d691ba807368054ab792e15b86f9a876da886ced21d0f6805ce126bf166,True
candidate,r4,classic,210305,310305,0.0,0,0,0,0,0.12425184249877927,0.32520294189453125,3e39670ae18bd4bfa450749b087ca2221fa789a5c450facdeef92830c06089d9,True
candidate,r4,classic,210306,310306,0.0,0,0,0,0,0.12334585189819329,0.2639293670654297,3e39670ae18bd4bfa450749b087ca2221fa789a5c450facdeef92830c06089d9,True
candidate,r4,classic,210307,310307,0.0,0,0,0,2,0.1270771026611328,0.2989768981933594,c4ae0a0364e89b611149a59567f6f4d6609c5d2ebd717612299e05f44a2ada3a,True
candidate,r4,classic,210308,310308,0.0,0,0,0,0,0.11229515075683594,0.2980232238769531,3e39670ae18bd4bfa450749b087ca2221fa789a5c450facdeef92830c06089d9,True
candidate,r4,classic,210309,310309,0.0,0,0,0,0,0.1201629638671875,0.29206275939941406,3e39670ae18bd4bfa450749b087ca2221fa789a5c450facdeef92830c06089d9,True
candidate,r4,classic,210310,310310,0.2222222222222222,0,0,2,6,0.16222000122070304,0.5960464477539062,440f2a39ec786bd1c78707170dc9fc8e3d13e98b26f81b2284602fee8e65937a,True
candidate,r4,classic,210311,310311,0.0,0,0,0,387,0.12278556823730469,0.33020973205566406,caea682e9fe472cb682cd962156283c80519251c4d10170f95298deaee543b15,True
candidate,r4,classic,210312,310312,0.0,0,0,0,70,0.14452934265136694,0.3230571746826172,311d92378cf3e0c1821413a4f67d68c0672ccec42f391ab900fce8af9d749598,True
candidate,r4,classic,210313,310313,0.0,0,0,0,0,0.1933097839355467,0.49114227294921875,ec4d2d691ba807368054ab792e15b86f9a876da886ced21d0f6805ce126bf166,True
candidate,r4,classic,210314,310314,0.0,0,0,0,0,0.16175508499145497,0.5197525024414062,ec4d2d691ba807368054ab792e15b86f9a876da886ced21d0f6805ce126bf166,True
candidate,r4,classic,210315,310315,0.0,0,0,0,0,0.3013253211975087,1.028299331665039,3e39670ae18bd4bfa450749b087ca2221fa789a5c450facdeef92830c06089d9,True
candidate,r4,classic,210316,310316,0.0,0,0,0,3,0.12615919113159177,0.2930164337158203,82061213c4925abb2108051e06b5d9ef5aed6e285199ad527561277a9cb27360,True
candidate,r4,classic,210317,310317,0.0,0,0,0,2,0.15830993652343728,0.4951953887939453,927890ffd8ce9b54d9f92aa572930fee638656d85711bdebfee54015d5b7ee62,True
candidate,r4,classic,210318,310318,0.0,0,0,0,0,0.1549839973449707,0.3592967987060547,3e39670ae18bd4bfa450749b087ca2221fa789a5c450facdeef92830c06089d9,True
candidate,r4,classic,210319,310319,0.0,0,0,0,0,0.12407302856445304,0.3046989440917969,3e39670ae18bd4bfa450749b087ca2221fa789a5c450facdeef92830c06089d9,True
candidate,r4,classic,210320,310320,0.0,0,1,0,3,0.328683853149414,0.3478527069091797,35b5aa4900985faba2a2427693778b6d79b15e4ae031fa9f9b58cee282ab2f92,True
candidate,r4,coin-heaven,210401,310401,1.0,0,0,50,1,0.46923160552978505,0.8099079132080078,edded2b9656ae9d499421d8b52d269ce4242544e97323772ff12179fc3436edf,True
candidate,r4,coin-heaven,210402,310402,1.0,0,0,50,0,0.5296707153320311,0.8289813995361328,cd9ac602ed885bfa687425b596b8f5f28d7016fa4dc5cdae469b90086a8ecc1f,True
candidate,r4,coin-heaven,210403,310403,0.04,0,1,2,0,0.25081634521484375,0.26297569274902344,4568a8643dcc445bf6a35e5bf258e3fcb88705716a11ac77c5a4221d947c6d87,True
candidate,r4,coin-heaven,210404,310404,1.0,0,0,50,0,0.40131807327270497,0.6988048553466797,69a3f73db208c7b5c1e19bfbd3d5768a744d9f4cdaf4a7319af1feb7b4e7a310,True
candidate,r4,coin-heaven,210405,310405,1.0,0,0,50,0,0.20184516906738278,0.39696693420410156,2124791a325ebb899c69fecfda106974dc71e494e17e557fe7f628b4fbd54da8,True
candidate,r4,coin-heaven,210406,310406,1.0,0,0,50,0,0.2855300903320312,0.5650520324707031,2f4b05af7a83d805685adc0b5be90849f66f37e25207dad499ed37742b7f8263,True
candidate,r4,coin-heaven,210407,310407,1.0,0,0,50,0,0.38423538208007807,1.1229515075683594,e292c9323f7ce570819a498543ec77d6b27205ea7272d6388621d885e0010cce,True
candidate,r4,coin-heaven,210408,310408,1.0,0,0,50,0,0.9004712104797362,1.6579627990722656,511cd8a6d8f27f1926bd21d6f6fe7d4a3eb1d66e5484229dfec3c9b0ff0e2e66,True
candidate,r4,coin-heaven,210409,310409,1.0,0,0,50,0,0.5265235900878905,1.4090538024902344,d5300b94c0c2ec82bbe8416cd8eea151a51aecaeebe17dad3edfb92cbeaa1322,True
candidate,r4,coin-heaven,210410,310410,1.0,0,0,50,0,0.18582344055175776,0.3390312194824219,56d824db8a7e6ddd0d4da36a3f119d62e890ccf08510e81993d7cb2db915e9e6,True
candidate,r4,coin-heaven,210411,310411,1.0,0,0,50,0,0.2777099609375,0.3342628479003906,7e449cc8acee15fb0045d856f457ad9048539436a4e768000be18e42bb2ed1a1,True
candidate,r4,coin-heaven,210412,310412,1.0,0,0,50,0,0.16241073608398438,0.7460117340087891,4738f7a2a8c9d6ac72e82ea3065651e155b87b014e695344903f585072be746f,True
candidate,r4,coin-heaven,210413,310413,1.0,0,0,50,0,0.47674179077148426,0.9911060333251953,5bb71eda63da4ab7d30938f50713c565620dd13ffc77bd40db616b91053f4d84,True
candidate,r4,coin-heaven,210414,310414,1.0,0,0,50,0,0.45244693756103505,1.0879039764404297,8a23a3fe22bac6690d9ac5f688e1b5e0de740fdd23c9b77eba0c3199f8c3cc5c,True
candidate,r4,coin-heaven,210415,310415,1.0,0,0,50,0,0.47466754913330056,0.9639263153076172,fe77a4f166ec7ffdb2c8549f84ea627b74c467d80231863c7c8faa286ee18f42,True
candidate,r4,coin-heaven,210416,310416,1.0,0,0,50,1,0.8313655853271483,1.0590553283691406,0fa7b874d383d636a2672560ae87b9900df987c0b72c2c08be0bba2091e6c4bf,True
candidate,r4,coin-heaven,210417,310417,1.0,0,0,50,0,0.47004222869873,1.0030269622802734,d6ae73b92f1aeb338912f0332b623aedc9a02ff7a3d3289912acd013fd4cb4fd,True
candidate,r4,coin-heaven,210418,310418,1.0,0,0,50,0,0.5984187126159668,1.0800361633300781,8c8d8fe6ca106b2be74be59f247e141c93ce622c9fd1b9061540aa3e592add62,True
candidate,r4,coin-heaven,210419,310419,1.0,0,0,50,0,0.8168816566467285,1.6798973083496094,1bdb1970f5fc9ef89e797a48b318b885d5e03fd4c0b74408e837e4d01d56be0f,True
candidate,r4,coin-heaven,210420,310420,1.0,0,0,50,0,0.23207664489746083,1.0609626770019531,87c7e412e96b6a87b54f11447947b996397a4b9c5f9fdad4d302889d40db3547,True
candidate,r4,loot-crate,210501,310501,0.0,0,0,0,366,0.5480885505676267,0.98419189453125,93ac9f7e628a0b23c3194240f1935030f818d5f19212d67f5ebd43e4bc16de03,True
candidate,r4,loot-crate,210502,310502,0.0,0,0,0,2,0.5459427833557127,1.2869834899902344,927890ffd8ce9b54d9f92aa572930fee638656d85711bdebfee54015d5b7ee62,True
candidate,r4,loot-crate,210503,310503,0.0,0,0,0,0,0.5573511123657223,1.898050308227539,ec4d2d691ba807368054ab792e15b86f9a876da886ced21d0f6805ce126bf166,True
candidate,r4,loot-crate,210504,310504,0.02,0,0,1,4,0.599265098571777,1.188039779663086,af17d895b0092f9aabf61fa9f5246004dc711f87c41c17fa3dc4c8e617c13feb,True
candidate,r4,loot-crate,210505,310505,0.0,0,1,0,3,0.6067752838134763,0.6890296936035156,c2ec52fec9a12509a424b27ac95071b8fd58c27b4e409795d2bd2c89268a44df,True
candidate,r4,loot-crate,210506,310506,0.0,0,0,0,0,0.3159761428832996,1.1150836944580078,8d9888d7b1add285bb1a3d03b00fb746524c713c24d707cec891aafcc29f4aff,True
candidate,r4,loot-crate,210507,310507,0.0,0,0,0,0,0.43832063674926725,2.079010009765625,3e39670ae18bd4bfa450749b087ca2221fa789a5c450facdeef92830c06089d9,True
candidate,r4,loot-crate,210508,310508,0.0,0,0,0,0,0.5579113960266113,0.9467601776123047,6bd9bd24d6ce9f66a59e9f9d2b289ae158d57287692a6cc19f25ce5a844f8478,True
candidate,r4,loot-crate,210509,310509,0.04,0,0,2,5,0.5580902099609365,1.4410018920898438,f96d12f92d8887e6abce8c0336a3dbe6039ba63ab3f92aaf3211e066b3f96d95,True
candidate,r4,loot-crate,210510,310510,0.0,0,0,0,0,0.4234194755554195,1.3649463653564453,8d9888d7b1add285bb1a3d03b00fb746524c713c24d707cec891aafcc29f4aff,True
candidate,r4,loot-crate,210511,310511,0.0,0,0,0,2,0.43889284133911116,1.7588138580322266,c4ae0a0364e89b611149a59567f6f4d6609c5d2ebd717612299e05f44a2ada3a,True
candidate,r4,loot-crate,210512,310512,0.0,0,0,0,2,0.5879998207092285,6.672859191894531,c4ae0a0364e89b611149a59567f6f4d6609c5d2ebd717612299e05f44a2ada3a,True
candidate,r4,loot-crate,210513,310513,0.0,0,0,0,0,0.481140613555908,0.8211135864257812,ec4d2d691ba807368054ab792e15b86f9a876da886ced21d0f6805ce126bf166,True
candidate,r4,loot-crate,210514,310514,0.02,0,0,1,3,0.6738543510437004,1.3890266418457031,239d789cfde945ed0cd788ec15aae501f113a140923afc7b12810587797b901d,True
candidate,r4,loot-crate,210515,310515,0.0,0,0,0,392,0.8392453193664549,4.361152648925781,7af5421e02388a36044bd798cb3126d957c6fe5b40ac92396c059e0a9a9dca79,True
candidate,r4,loot-crate,210516,310516,0.0,0,0,0,0,0.48451423645019503,3.5500526428222656,3e39670ae18bd4bfa450749b087ca2221fa789a5c450facdeef92830c06089d9,True
candidate,r4,loot-crate,210517,310517,0.0,0,0,0,0,0.2810955047607422,0.8919239044189453,6bd9bd24d6ce9f66a59e9f9d2b289ae158d57287692a6cc19f25ce5a844f8478,True
candidate,r4,loot-crate,210518,310518,0.0,0,0,0,0,0.2821087837219238,1.3339519500732422,6bd9bd24d6ce9f66a59e9f9d2b289ae158d57287692a6cc19f25ce5a844f8478,True
candidate,r4,loot-crate,210519,310519,0.0,0,0,0,0,0.3282070159912108,1.0528564453125,ec4d2d691ba807368054ab792e15b86f9a876da886ced21d0f6805ce126bf166,True
candidate,r4,loot-crate,210520,310520,0.06,0,0,3,1,0.35320520401000965,1.0647773742675781,55aa1c80395220f00d968036537f43fabff1f33b2ce73a2403748f7979cd16bd,True
candidate,r5,peaceful,210101,310101,0.0,0,0,0,3,0.4623174667358394,2.554178237915039,a52e1404f304eda959babe91e94041d2b526217c0fff708f7ff0f92506c91298,True
candidate,r5,peaceful,210102,310102,0.2222222222222222,0,0,2,13,0.814604759216308,3.0951499938964844,786cc7c11faa30f5875d727abeb1fd971004f737c701de4f561889ffad3ab7dd,True
candidate,r5,peaceful,210103,310103,0.1111111111111111,0,0,1,9,0.7523775100707996,5.298852920532227,8f0dc95b080dfdb39bde2112a1fea6f179ec25315a52c4ebf7cbfb07137b6ec6,True
candidate,r5,peaceful,210104,310104,0.1111111111111111,0,0,1,5,0.6301045417785642,1.703023910522461,f5270aaf214145fc954a1f3619f7accf3320f662e894909480c8b1156fd8c8dd,True
candidate,r5,peaceful,210105,310105,0.4444444444444444,0,0,4,18,0.5397558212280267,2.1049976348876953,a71ea3e30145e26d730f86d390e7cc813ad22b57757027d41f430b45dc36130e,True
candidate,r5,peaceful,210106,310106,0.0,0,0,0,3,0.31117200851440424,0.9438991546630859,a52e1404f304eda959babe91e94041d2b526217c0fff708f7ff0f92506c91298,True
candidate,r5,peaceful,210107,310107,0.0,0,0,0,11,0.26345252990722634,0.4360675811767578,b505802dbdec363bf1aa0a2e1c1d19164145a272062a068355cee46f5c5b970c,True
candidate,r5,peaceful,210108,310108,0.3333333333333333,0,0,3,15,0.8640766143798828,5.623817443847656,e9fe881a1729965bad23af3b98cc94d729da985a4fedf43032efd55cdf07821c,True
candidate,r5,peaceful,210109,310109,0.0,0,0,0,3,0.4120111465454095,2.341032028198242,a52e1404f304eda959babe91e94041d2b526217c0fff708f7ff0f92506c91298,True
candidate,r5,peaceful,210110,310110,0.5555555555555556,0,0,5,32,0.5651354789733883,3.9789676666259766,8b7a29e03191ca94d2b57c2cd3f8a7605c229a7c4e2f36a172553c96d076cc33,True
candidate,r5,peaceful,210111,310111,0.2222222222222222,0,0,2,5,0.3058910369873047,0.621795654296875,825b71910d013fc952cd90ff647ce7ea62900e43a455fa6dc0dcc92eb8eeb7ca,True
candidate,r5,peaceful,210112,310112,0.4444444444444444,0,0,4,23,0.3379106521606445,0.8592605590820312,1b34e3b18536a2f15df9361f0944e46b11dc6379efd031cffd006886987e33d6,True
candidate,r5,peaceful,210113,310113,0.3333333333333333,0,0,3,23,1.0213971138000486,3.2529830932617188,4e27b8825cf5c8ec24c7c9a500ffbf1aaea99da961d710049ef64d569fd1137c,True
candidate,r5,peaceful,210114,310114,0.0,0,0,0,6,0.8413314819335935,1.3828277587890625,3cf421b396315ffe87e270d654bc5089bf585aea4481e4e42b6610289e3ec37e,True
candidate,r5,peaceful,210115,310115,0.0,0,0,0,6,0.17191171646118164,0.33092498779296875,ed8b302641b58d79e1a5fd497faeeda981cc81aaa2a0a29221dbb0073665193c,True
candidate,r5,peaceful,210116,310116,0.1111111111111111,0,0,1,6,0.3483295440673828,0.5998611450195312,9ff3dc072a43a697ce205cc37d05d74efc9f83e313f746cb91394deb7f5f721a,True
candidate,r5,peaceful,210117,310117,0.1111111111111111,0,0,1,16,0.20200014114379877,0.5109310150146484,f4b96dab6c74b7839ec9f8ef72e2d41fa8e9e3d76ba9aa019098e2a3b57797c8,True
candidate,r5,peaceful,210118,310118,0.1111111111111111,0,0,1,7,0.14687776565551758,0.3190040588378906,2955602e4b18d38f1f00d210979621ad9ea2c9375d25b703a39201daef604140,True
candidate,r5,peaceful,210119,310119,0.0,0,0,0,2,0.1350045204162597,0.3070831298828125,447035d21d6636385e1461cd43ab952d97f0658193341cf0d63f7300112b31d3,True
candidate,r5,peaceful,210120,310120,0.0,0,0,0,3,0.13122558593749992,0.30493736267089844,a52e1404f304eda959babe91e94041d2b526217c0fff708f7ff0f92506c91298,True
candidate,r5,coincollector,210201,310201,0.0,0,0,0,10,0.25616884231567383,0.3540515899658203,dd5ad84f87e94e9e564a0983f3b1884abe4f5917431ea46aa767ac865aa02967,False
candidate,r5,coincollector,210202,310202,0.2222222222222222,1,0,7,11,0.29126405715942366,0.41985511779785156,7157e209e45369212dffafc7168d259211567dcdaed6afc9d3bd92f4dcbb243f,False
candidate,r5,coincollector,210203,310203,0.1111111111111111,0,1,1,31,0.37920475006103516,0.47469139099121094,e6be2233bcdc37075ea20f029a1530069f032071fc25425894505950e6cd38cc,False
candidate,r5,coincollector,210204,310204,0.0,0,1,0,9,0.2555370330810547,0.37980079650878906,d9a7c371b859214b5c613913ae6e478d431dbc5874b787a641b10107eac6df86,True
candidate,r5,coincollector,210205,310205,0.1111111111111111,0,1,1,14,0.3165006637573242,0.4429817199707031,bcf2402e7d657d065940f6610c402ee4e6f4d408e61275a63d8614717e2f436a,False
candidate,r5,coincollector,210206,310206,0.0,0,0,0,5,0.2219676971435547,0.5440711975097656,a351ab54753a9478bb95f20565c68ef295aacb3f09a4ef239a95f5ca099151d8,True
candidate,r5,coincollector,210207,310207,0.1111111111111111,0,0,1,48,0.4138946533203125,0.8420944213867188,9303a1b1e1ef985496114772d27b3997fe0ad53628fa20c27f15dd70d3fe7e5d,False
candidate,r5,coincollector,210208,310208,0.1111111111111111,0,1,1,25,0.2443552017211914,0.41222572326660156,573d529fe5073b9e69d89ffa81729137d7be5529c7b5617d2903067b56562d0e,False
candidate,r5,coincollector,210209,310209,0.1111111111111111,0,1,1,11,0.18032789230346677,0.28586387634277344,a8d1772e89edc0f020137e298ec0a0a388f723ee45b4fe7847bf7a841df8e097,False
candidate,r5,coincollector,210210,310210,0.0,0,1,0,6,0.22972822189331055,0.46515464782714844,c6c05f62481d33b4177f876fe2f45518905ff044a458c2d12a51feb897fd2420,False
candidate,r5,coincollector,210211,310211,0.4444444444444444,0,1,4,11,0.49245357513427734,0.8130073547363281,b12a9b7c18b552571ec159eb23bda84645c0f442e9a6075bd86603762fc7ec91,False
candidate,r5,coincollector,210212,310212,0.1111111111111111,0,1,1,11,0.33859014511108393,1.4150142669677734,2f2d73531b9e94b64a2e72474a2fd94820dbb52f097cef6630c56f345ac8d433,False
candidate,r5,coincollector,210213,310213,0.0,0,1,0,12,0.3004074096679686,0.4227161407470703,c210d548166e7f0a5cf8c4dceae79e31ad4bf83a9b9ef086b1b41846baf4ad8f,False
candidate,r5,coincollector,210214,310214,0.0,0,1,0,6,0.8323788642883301,1.1970996856689453,293d264ca89a7cfeb86daa67cf30424cf903ba52829ed41c88b96f03ad074347,False
candidate,r5,coincollector,210215,310215,0.0,0,1,0,8,0.2294778823852539,0.31495094299316406,987d9654336860f781dea84f72dcaf6e691f2743635669825059ec541dcca715,False
candidate,r5,coincollector,210216,310216,0.1111111111111111,0,1,1,11,0.5124092102050781,0.8668899536132812,db5ae6872fd1f6626b0e7729a8aa95553578603f8fe649371bd12f2dc7e96998,False
candidate,r5,coincollector,210217,310217,0.0,0,1,0,8,0.29659271240234375,0.3299713134765625,0b7193227ca9abb85a5599ad26fb015a1bc7c96b37bfe091c55cc1384ea60112,False
candidate,r5,coincollector,210218,310218,0.0,0,1,0,12,0.2985954284667969,0.4200935363769531,001bd1d4e9aba6513d01a0fa936b51dce7545d3320b367afbce785a406932e9e,False
candidate,r5,coincollector,210219,310219,0.1111111111111111,0,0,1,21,0.3253102302551266,0.46825408935546875,014b6aebf673870448b02b8953a6e151531f049885c7e742c11ca5ebb09abdf1,False
candidate,r5,coincollector,210220,310220,0.1111111111111111,0,0,1,6,0.3811120986938476,0.5540847778320312,45d6a912fd6875c52c2d13c321ec03a46dfef58ed095a131718632f94a90bdb9,False
candidate,r5,classic,210301,310301,0.0,0,0,0,2,0.4305243492126459,1.4047622680664062,77a0717c6fe69b62ee3f999b7a589029bfe94bb66c5208e9fa1e2a0752564aaa,True
candidate,r5,classic,210302,310302,0.0,0,0,0,7,0.589001178741455,1.004934310913086,59a8276ff5f981be7cda8c9e473708bfbb7abf95bbac604dad676d172cdc6d16,True
candidate,r5,classic,210303,310303,0.0,0,0,0,396,0.5528926849365234,1.8978118896484375,99259206b6c5b1dc942fa1bc718d4c964a872b3f6082d557a741891b9078c614,True
candidate,r5,classic,210304,310304,0.0,0,0,0,3,0.6957292556762691,3.3197402954101562,0375072aac60f8eaee046c990ecea6ae0dd23aaa83bc2566bb89313c50caf7d4,True
candidate,r5,classic,210305,310305,0.0,0,0,0,7,0.33656358718872037,0.9980201721191406,294c4e4b0cde182c5e6fba2f028380bd67ca7fc5c84613e9418fae46b9496553,True
candidate,r5,classic,210306,310306,0.0,0,0,0,7,0.19322633743286122,0.9887218475341797,eff7e0415471dbb41ce5c31131a2ae3fc6b1b5e09525345c96cfc7bca27fded5,True
candidate,r5,classic,210307,310307,0.1111111111111111,0,0,1,7,0.2794504165649401,0.8819103240966797,9f786151da06cca967a6856e19fd8df9af4049443958a01fade8942659814638,True
candidate,r5,classic,210308,310308,0.0,0,0,0,4,0.41807889938354414,1.7621517181396484,876544a7b110d336c10a4503bd12d82a7e1a909f3242708e1a588f45c15d7a03,True
candidate,r5,classic,210309,310309,0.0,0,0,0,7,0.6012558937072752,2.3040771484375,eff7e0415471dbb41ce5c31131a2ae3fc6b1b5e09525345c96cfc7bca27fded5,True
candidate,r5,classic,210310,310310,0.0,0,1,0,5,0.86212158203125,0.8778572082519531,0a38bbb2877c79147249969375b0271b4e8d1608f4886ac3c6f3524bcf368a4b,True
candidate,r5,classic,210311,310311,0.0,0,0,0,4,0.5095124244689937,1.1410713195800781,a6c9fc821716b014f30e2884acc45d51c4c74558d9f11622b8747fa2ba4f5ed4,True
candidate,r5,classic,210312,310312,0.0,0,0,0,6,0.514423847198486,1.77001953125,85507768b45a3619d397bfb0964008e6f4378930427a80c8dbc2cf0b87518e70,True
candidate,r5,classic,210313,310313,0.0,0,0,0,5,0.47112703323364236,1.3167858123779297,839d201a2c55bc9c6a3c73d5a9f24db2a77c2545ef2eb6bfebc34dab9183b9a9,True
candidate,r5,classic,210314,310314,0.0,0,0,0,3,0.6320953369140625,1.7170906066894531,55e840e23545df89bd13b98c956d11c72b51d9f8b1b3acb8b88748cfbe1f7ee6,True
candidate,r5,classic,210315,310315,0.0,0,0,0,389,0.47954320907592723,1.9130706787109375,5f730c962e37e85a701a25247e2a14e4127005fc28ab81a2c8ead32b420d0a61,True
candidate,r5,classic,210316,310316,0.0,0,0,0,2,0.5485057830810544,2.2687911987304688,f047dca339102449d0b68d9ac16bbf5c7254e049354ada635c8653538e69f5f7,True
candidate,r5,classic,210317,310317,0.0,0,0,0,3,0.5159854888916016,1.5537738800048828,e86721a486ff82f31247b04a1c54782ace382a7bd7e61996ce0d5ae929b14705,True
candidate,r5,classic,210318,310318,0.0,0,0,0,5,0.47725439071655235,1.2106895446777344,c7d1d718061a8584de171610c7b4910548a793143b92e539bebd5671ca7fa1ae,True
candidate,r5,classic,210319,310319,0.0,0,0,0,383,0.23105144500732397,0.9710788726806641,fbee99e820063da171b77992972d927ea7dc3592365aa3d91375aeddd8ac1b4f,True
candidate,r5,classic,210320,310320,0.0,0,0,0,394,0.2821087837219238,0.7526874542236328,75eab502e304d8858d9d1aae6e3bb89f98713ebb967aeae38dfac11c2307c3ae,True
candidate,r5,coin-heaven,210401,310401,1.0,0,0,50,1,0.6175041198730469,0.7109642028808594,6da00effa473ac3c1244291ad77475eb54275dc8857198cea70c0e3a854d2a9b,True
candidate,r5,coin-heaven,210402,310402,1.0,0,0,50,0,0.4522323608398436,0.7381439208984375,cd9ac602ed885bfa687425b596b8f5f28d7016fa4dc5cdae469b90086a8ecc1f,True
candidate,r5,coin-heaven,210403,310403,0.04,0,1,2,2,1.2186050415039062,1.2600421905517578,cec1df8ee3cacf8ce1a365a270f01cd1ad0f1779942c041b7b06ccc832344b4c,True
candidate,r5,coin-heaven,210404,310404,1.0,0,0,50,0,0.6690740585327145,1.123189926147461,69a3f73db208c7b5c1e19bfbd3d5768a744d9f4cdaf4a7319af1feb7b4e7a310,True
candidate,r5,coin-heaven,210405,310405,1.0,0,0,50,0,0.3281831741333008,0.8449554443359375,2124791a325ebb899c69fecfda106974dc71e494e17e557fe7f628b4fbd54da8,True
candidate,r5,coin-heaven,210406,310406,1.0,0,0,50,0,0.5383014678955077,1.1088848114013672,2f4b05af7a83d805685adc0b5be90849f66f37e25207dad499ed37742b7f8263,True
candidate,r5,coin-heaven,210407,310407,1.0,0,0,50,0,0.23412704467773415,0.308990478515625,e292c9323f7ce570819a498543ec77d6b27205ea7272d6388621d885e0010cce,True
candidate,r5,coin-heaven,210408,310408,1.0,0,0,50,3,0.32234191894531244,0.8869171142578125,ce1f86e4671efc9087b9d93960f3a972d2721b6c1b4f89b01e6670c3211f1891,True
candidate,r5,coin-heaven,210409,310409,1.0,0,0,50,2,0.32634735107421875,1.1019706726074219,1a7294e108b1395678da0902cf09246890ad2e0a1f32f30cf9d2a23d66fa02cc,True
candidate,r5,coin-heaven,210410,310410,1.0,0,0,50,0,0.22523403167724607,0.3478527069091797,56d824db8a7e6ddd0d4da36a3f119d62e890ccf08510e81993d7cb2db915e9e6,True
candidate,r5,coin-heaven,210411,310411,1.0,0,0,50,0,0.2792835235595703,0.2930164337158203,7e449cc8acee15fb0045d856f457ad9048539436a4e768000be18e42bb2ed1a1,True
candidate,r5,coin-heaven,210412,310412,1.0,0,0,50,0,0.2314329147338867,0.3981590270996094,4738f7a2a8c9d6ac72e82ea3065651e155b87b014e695344903f585072be746f,True
candidate,r5,coin-heaven,210413,310413,1.0,0,0,50,0,0.21529197692871088,0.6740093231201172,5bb71eda63da4ab7d30938f50713c565620dd13ffc77bd40db616b91053f4d84,True
candidate,r5,coin-heaven,210414,310414,1.0,0,0,50,0,0.2897500991821288,0.61798095703125,8a23a3fe22bac6690d9ac5f688e1b5e0de740fdd23c9b77eba0c3199f8c3cc5c,True
candidate,r5,coin-heaven,210415,310415,1.0,0,0,50,0,0.13185739517211914,0.308990478515625,fe77a4f166ec7ffdb2c8549f84ea627b74c467d80231863c7c8faa286ee18f42,True
candidate,r5,coin-heaven,210416,310416,1.0,0,0,50,0,0.38925409317016585,0.8552074432373047,f77b2a9394ef2061a88f0a528521b7c8c1114d31eaef51b8cefb3dc8783a577a,True
candidate,r5,coin-heaven,210417,310417,1.0,0,0,50,0,0.21519660949707026,0.4208087921142578,d6ae73b92f1aeb338912f0332b623aedc9a02ff7a3d3289912acd013fd4cb4fd,True
candidate,r5,coin-heaven,210418,310418,1.0,0,0,50,0,0.259721279144287,0.926971435546875,8c8d8fe6ca106b2be74be59f247e141c93ce622c9fd1b9061540aa3e592add62,True
candidate,r5,coin-heaven,210419,310419,1.0,0,0,50,0,0.3304004669189452,0.74005126953125,a5e42e8393abe936855a75e1c1164cbe49ec0a33daf11e5df1d8a858ba3f4e29,True
candidate,r5,coin-heaven,210420,310420,0.02,0,1,1,2,0.26645660400390625,0.27179718017578125,6e59070e887c1ce8753edf6bc4af747db54d008c3134d7b6c9d539f7da4abdae,True
candidate,r5,loot-crate,210501,310501,0.02,0,0,1,6,0.5242705345153804,6.405115127563477,b8f320f0aecb166b6a6b23492001714cb6dbee3c01275ce6d25b298ea4e48cfa,True
candidate,r5,loot-crate,210502,310502,0.0,0,0,0,3,0.33346414566040006,2.6979446411132812,e86721a486ff82f31247b04a1c54782ace382a7bd7e61996ce0d5ae929b14705,True
candidate,r5,loot-crate,210503,310503,0.0,0,0,0,2,0.3394007682800292,0.9319782257080078,81522028e3061dceca69c1c4fa07720a49733004c05cb2266db46a1c2cbd9454,True
candidate,r5,loot-crate,210504,310504,0.0,0,0,0,13,0.5014777183532709,0.9608268737792969,a8550b392e20516a4f1f446c87d9c5a1b59584f00b438ccda2ec06b5abe58172,True
candidate,r5,loot-crate,210505,310505,0.0,0,0,0,396,0.4813313484191893,3.532886505126953,99259206b6c5b1dc942fa1bc718d4c964a872b3f6082d557a741891b9078c614,True
candidate,r5,loot-crate,210506,310506,0.0,0,0,0,1,0.16833543777465798,0.28586387634277344,399f9b5a74f649f652e659e7a13e5c3ac747efc8b78badd67ba796b232b5a324,True
candidate,r5,loot-crate,210507,310507,0.0,0,0,0,389,0.1491069793701171,0.7300376892089844,9083729ad9632fd3a52db39f0ac8c1c05327e5b808bac6a55023b843cc541621,True
candidate,r5,loot-crate,210508,310508,0.04,0,0,2,5,0.1262187957763671,0.3578662872314453,8b7b28488a328fa2cea7728ce9136630d23168bb54c7196b8aacb57c749ec633,True
candidate,r5,loot-crate,210509,310509,0.0,0,0,0,133,0.14524459838867182,0.4401206970214844,841908c17951ea6f543b648ab9765afd7339236fd9fa4f8324942eaccdbeeaf8,True
candidate,r5,loot-crate,210510,310510,0.02,0,0,1,6,0.19102096557617182,0.614166259765625,1e6dae41238f569003c97a4bfba55f4ea132a210f2d148fc0817baf93c83f6d1,True
candidate,r5,loot-crate,210511,310511,0.02,0,1,1,9,0.18212795257568354,0.27489662170410156,dda76b9e890c903c37239a8bce47d0eeb86b984a37b5a678106aeae472962bbe,True
candidate,r5,loot-crate,210512,310512,0.02,0,0,1,4,0.12683868408203125,0.5362033843994141,7b7a653275aa733486c6cdd56a5bc3ee475940a6a86ba7aea50671482f7c2ea8,True
candidate,r5,loot-crate,210513,310513,0.0,0,0,0,2,0.10305643081665034,0.26988983154296875,92a31199f84523514914a2f44d9434cd60225b39955b3c62f8634a31b447bd3c,True
candidate,r5,loot-crate,210514,310514,0.02,0,0,1,140,0.13599395751953117,0.2830028533935547,a69748233ef8579ecc8c3d2d075deace68f305ce4a845e2a9f4de7ca562f8fc3,True
candidate,r5,loot-crate,210515,310515,0.0,0,0,0,396,0.10900497436523433,0.2880096435546875,e6edd12d429ccf1d8012e592197df2f1b2e6a1b840ef898fa7c077515671a082,True
candidate,r5,loot-crate,210516,310516,0.0,0,0,0,7,0.11237859725952141,0.27179718017578125,eff7e0415471dbb41ce5c31131a2ae3fc6b1b5e09525345c96cfc7bca27fded5,True
candidate,r5,loot-crate,210517,310517,0.04,0,0,2,136,0.12807846069335932,0.27108192443847656,978002007ecf064a3f27bae85f097ddb2b9df39abce0ba53108309b128668111,True
candidate,r5,loot-crate,210518,310518,0.0,0,0,0,144,0.13331174850463864,0.4291534423828125,5d40037f6241d96364170b336098108c14c51f0983999173688750eca8be69a8,True
candidate,r5,loot-crate,210519,310519,0.0,0,0,0,3,0.1170992851257324,0.38886070251464844,e86721a486ff82f31247b04a1c54782ace382a7bd7e61996ce0d5ae929b14705,True
candidate,r5,loot-crate,210520,310520,0.0,0,0,0,120,0.13996362686157227,0.27871131896972656,09e11918484d454809991de281ad556f123367bcd3eb01cc43314611f9c15708,True
