treatment,replica,scenario,world_seed,agent_seed,collection_fraction,opponents_eliminated,self_kills,score,invalid_actions,decision_time_p95_ms,decision_time_max_ms,action_sequence_sha256,repeat_match
control,r1,peaceful,220101,320101,0.1111111111111111,0,0,1,0,0.30903816223144526,0.4782676696777344,02ca247f85fda871193ce93b1835256edd6c304fd742e51fa9a7e4bcd4995fc2,True
control,r1,peaceful,220102,320102,0.6666666666666666,0,0,6,5,0.5958676338195801,0.7188320159912109,2f1c753b50ed7fed081ecd36e205807e87736174f76618d50d28054096786550,True
control,r1,peaceful,220103,320103,0.0,0,0,0,0,0.3040909767150878,0.44083595275878906,1ea12fde1c3b2b4909b112828ead783ae6b353167d2fc4190ebf7d49840fb398,True
control,r1,peaceful,220104,320104,0.6666666666666666,0,0,6,37,0.4171013832092284,0.5869865417480469,1aabcd836eb6a5397966df6c599efd17ccedb2cfcf46af69e7c5966bb7d9b63f,True
control,r1,peaceful,220105,320105,0.3333333333333333,0,0,3,2,0.39128065109252924,0.492095947265625,9a4f4de8ab6aa0eb0eca639603c50569972ad3573aa2290429da99ed8d4e8356,True
control,r1,peaceful,220106,320106,0.3333333333333333,0,0,3,3,0.6574988365173339,0.7617473602294922,b18f184ca95d9acdf5b063aaeeeef0a3da597927c4aeac79efeb79932165f889,True
control,r1,peaceful,220107,320107,0.3333333333333333,0,0,3,14,0.4423141479492187,0.5717277526855469,4d7760375ffea6e8513b353af7bb4ebb1bcbf20b7c71ccc0d2db74f2bce1f3b0,False
control,r1,peaceful,220108,320108,0.4444444444444444,0,0,4,2,0.5450248718261719,0.9200572967529297,27e31f4c086d3b119b6ea9f0f9d0292777f7459e7e6b54b9bf3639bfb081d087,True
control,r1,peaceful,220109,320109,0.3333333333333333,0,0,3,6,0.48090219497680664,0.7238388061523438,641df666ac559387f44fcd4a31482330314b53831db73779091229df9f624f7f,True
control,r1,peaceful,220110,320110,0.2222222222222222,0,0,2,1,0.2949357032775879,0.55694580078125,6e3a533fb7a16409eb8a1e3dda2a2e7dbac2ce4faf65b7b784b1578743ccc0d8,True
control,r1,peaceful,220111,320111,0.0,0,0,0,0,0.28897523880004883,0.5199909210205078,69b9cb66b6c89876bf693f44ada900c8ca4fb48965996663f90aecedd56bb521,True
control,r1,peaceful,220112,320112,0.0,0,0,0,1,0.32806396484375,0.4639625549316406,8ede0fd87b77ef39da81726604943dc31c12b4e7644ebfc63d79cf82f9032b72,True
control,r1,peaceful,220113,320113,0.0,0,0,0,0,0.2730846405029296,0.4291534423828125,8aaa9cd96397e783a11ea355138a2b0c1b40cfdbdeaac9907589c054324be088,True
control,r1,peaceful,220114,320114,0.0,0,0,0,5,0.4878044128417969,0.6220340728759766,a09d03de6bb7121e44c82bc747d6713b611cfcf9ac42fce17342f74ed7462458,True
control,r1,peaceful,220115,320115,0.8888888888888888,0,0,8,3,0.7480263710021972,1.0139942169189453,ab7014933cf27fe91689312b4f8c5745ca38f8ecfaaf2467326d4a5555f69362,True
control,r1,peaceful,220116,320116,0.7777777777777778,0,0,7,3,0.9354233741760251,1.5521049499511719,08803702c62d9653982ba2703c3c0db70a7a11e8a20a0868ed9af03f114b3a02,True
control,r1,peaceful,220117,320117,0.5555555555555556,0,0,5,9,0.7623553276062011,1.1930465698242188,a2dd22acb9a8eabab451a09b7b1c029414185412a0396a792b738ee95a8226ec,True
control,r1,peaceful,220118,320118,0.0,0,0,0,0,0.3968358039855956,0.6608963012695312,f85571cf334815f3d0361d53e30025f86a28616b2b205a54fde8f29617f95269,True
control,r1,peaceful,220119,320119,0.4444444444444444,0,0,4,0,0.7256150245666501,0.9517669677734375,cdfb48000edb2a76890f76d5c027f6da55ceccfbb8d4686a2355536e2bed7d55,True
control,r1,peaceful,220120,320120,0.3333333333333333,0,0,3,1,0.5589723587036132,0.7700920104980469,0d0dc99c39d378ff4b5d267e788c1e1074fc90cc195da9ca181de773716fee76,True
control,r1,coincollector,220201,320201,0.2222222222222222,0,0,2,1,0.9774446487426752,1.5659332275390625,7893f7f5d85802fe439ab1f1705523290e21df1aecd7250384ce2fe0cfd2c8bd,False
control,r1,coincollector,220202,320202,0.3333333333333333,0,0,3,4,1.4813184738159166,4.567146301269531,c9bc59ba69a9d3d3c5019397b72c43199a3fb1b415e615c0ba3d19f79c777506,False
control,r1,coincollector,220203,320203,0.1111111111111111,0,0,1,7,1.1968970298767083,2.294778823852539,21d88186a52c57e957e4eca5ae6875a1502e69f18147282a7b91a6cd24ab648f,False
control,r1,coincollector,220204,320204,0.4444444444444444,0,0,4,7,0.9633541107177733,1.6851425170898438,b5b4e214391acac30e31982c61d96aec42dcd662def99f1146e0ae2b38516b17,False
control,r1,coincollector,220205,320205,0.2222222222222222,0,1,2,0,1.2716174125671387,2.0859241485595703,cfc6e8e364f18b375174d904d8b75f56b80d2a94facc2c5642a09b6d46b17ed2,False
control,r1,coincollector,220206,320206,0.3333333333333333,0,0,3,7,2.0363688468933088,3.831148147583008,9c5248c4fe8267dc4a4b71dcd8484c50753fe3fd36c20c73584cc342e89d11fa,False
control,r1,coincollector,220207,320207,0.2222222222222222,0,0,2,11,1.837742328643798,4.569768905639648,73fc118a10802c49ca25bb2988d0990f9c4dab13bb5f8fd9da2b9937f4e56c50,False
control,r1,coincollector,220208,320208,0.1111111111111111,0,1,1,1,1.0609626770019531,5.3119659423828125,4c26b41fc31c24be77da78a11635d906c63b5740314771dd5cf8021ce6e2bf52,False
control,r1,coincollector,220209,320209,0.2222222222222222,0,0,2,1,1.567840576171875,2.6051998138427734,0f580fcf0e238ac5a47372aaf5b633e16f5d906a3ae2f75efb71ff15acfab2fd,False
control,r1,coincollector,220210,320210,0.3333333333333333,0,1,3,5,2.3190975189208967,20.792245864868164,72ff7cf779cf78540bcb59a1705690ad99f36df1c443b62d06ddf20708259ffc,False
control,r1,coincollector,220211,320211,0.2222222222222222,0,1,2,1,1.967716217041015,3.329038619995117,b10cc01b04d671948a41e143776a21e50d2ccdb37544dae8c599ae97b6c986be,False
control,r1,coincollector,220212,320212,0.3333333333333333,0,0,3,5,1.2229084968566886,2.070188522338867,77bee82678fa3573612f29d498c4858c04d0464bd1416ee3f2b4ad9b100c50d8,False
control,r1,coincollector,220213,320213,0.2222222222222222,0,0,2,4,1.0160565376281736,1.4367103576660156,11fc40b27fb34175994fad88a7cbbdf2d4fd25418b2bfc6315f40deeff79cf3d,False
control,r1,coincollector,220214,320214,0.4444444444444444,1,0,9,7,0.5471110343933102,0.7479190826416016,ad4199a8b58b10d836973f5d11dbb5e1bb642083652c12426911868f507b3370,False
control,r1,coincollector,220215,320215,0.2222222222222222,0,0,2,2,0.7308244705200194,1.1458396911621094,8f77bb3e052b374e1090112f6c4fdcd8dcc3c89c96dc18f2fa5fc6e3003de38e,False
control,r1,coincollector,220216,320216,0.1111111111111111,0,0,1,4,0.638437271118164,0.7112026214599609,914cb400b08550a6848ee6974cdf8d2abb19ee90531d5f25283ff8baad7a846f,False
control,r1,coincollector,220217,320217,0.3333333333333333,0,0,3,7,0.500023365020752,0.7479190826416016,8b9599653bab0e1dfbfe04260b87f733a79781d94906c0e9ce0eb5b5dd0460c8,False
control,r1,coincollector,220218,320218,0.1111111111111111,0,1,1,7,0.6683468818664551,0.7488727569580078,17c54dde9868cbac48531177bec5e55b9f801d4d36889152746f1a46cf7e703b,False
control,r1,coincollector,220219,320219,0.3333333333333333,0,0,3,6,0.903081893920898,1.4030933380126953,9129669ead1aa4bc2aadd142003d1f96ab22b10398cfc06cc089bb230b454837,False
control,r1,coincollector,220220,320220,0.3333333333333333,0,0,3,5,0.32789707183837885,0.5280971527099609,9903cd2d067fc172e53eba236f29ad6eb0f376e02bd2e5b78a56ac2fcae50669,True
control,r1,classic,220301,320301,0.3333333333333333,0,0,3,3,0.3838658332824707,0.6227493286132812,e8da730d0af7a28e81a7589edf0fe300e5efa797af57faedc9db66a818661d42,True
control,r1,classic,220302,320302,0.2222222222222222,0,0,2,1,0.3578543663024894,0.7038116455078125,28ffd3d3622617f677902544fa48e4db2853aa6e0ba9bbeaa5f45cb81be1b625,True
control,r1,classic,220303,320303,0.0,0,0,0,0,0.3734469413757319,0.7269382476806641,3040d064279ff452de7e0ecb8a8ace3304c4f14feb9fb1a1208aeaa04c3585d9,True
control,r1,classic,220304,320304,0.2222222222222222,0,0,2,5,0.41985511779785156,0.9610652923583984,c93cbb8143c0ec9835d422131a4842c4db2066c6f237f2de03056bc448f7aa5d,True
control,r1,classic,220305,320305,0.6666666666666666,0,0,6,6,0.41996240615844715,0.6639957427978516,770c84385c036901f001cfd44d0285ba212053294aeb9128f5352dcf22482568,True
control,r1,classic,220306,320306,0.1111111111111111,0,0,1,0,0.39128065109252924,0.8509159088134766,621eacca087debbdbdcc416eea754aa1b97686e8fcc5e7b2cd8c8aaa17f7cd3c,True
control,r1,classic,220307,320307,0.0,0,0,0,0,0.3582000732421874,0.7688999176025391,460e49ed720d4d38d0d39e22ef9349b20d9733adf340f092382d559cade3d2ea,True
control,r1,classic,220308,320308,0.0,0,0,0,0,0.42487382888793945,0.7443428039550781,5969e02f19887757b1992082278df870b427560d5188db7af2b6682cd0cbd173,True
control,r1,classic,220309,320309,0.3333333333333333,0,0,3,1,0.4182219505310058,0.6749629974365234,e90234d6d0ff76f2e6fe9c1df1db5446f9708067aca34eb6bb50def3656f95b3,True
control,r1,classic,220310,320310,0.1111111111111111,0,0,1,0,0.4261493682861327,0.8080005645751953,8f0313c81feada17f2c9f98af2f08fdd931bed4bc393e467a261f5dd387d6092,True
control,r1,classic,220311,320311,0.1111111111111111,0,0,1,0,0.5349159240722648,1.7480850219726562,66e8d02fdc9ed33b715861eec9c55072fbbd8f7707a4dc600a4aaa4a1488707a,True
control,r1,classic,220312,320312,0.4444444444444444,0,0,4,3,0.5587220191955561,1.0008811950683594,bc319b2e5e748960b3ca1f3cc98aae18e8c5e3f4a3222092bf5345adfc1fdae2,True
control,r1,classic,220313,320313,0.2222222222222222,0,0,2,0,0.3741264343261718,0.6949901580810547,a9131ff9711c3ce54783649d2d30006c719bede6f30714adbd8f7f48ff8462a9,True
control,r1,classic,220314,320314,0.2222222222222222,0,0,2,3,0.4830837249755859,0.9527206420898438,d2e3f5e0ce9268dd757c7c4bc9554cc71d46f79fe7ea8e66dc8f4c06ba983228,True
control,r1,classic,220315,320315,0.0,0,0,0,0,0.38028955459594704,0.67901611328125,460e49ed720d4d38d0d39e22ef9349b20d9733adf340f092382d559cade3d2ea,True
control,r1,classic,220316,320316,0.0,0,0,0,0,0.32606124877929676,0.8490085601806641,8aaa9cd96397e783a11ea355138a2b0c1b40cfdbdeaac9907589c054324be088,True
control,r1,classic,220317,320317,0.4444444444444444,0,0,4,0,0.4768490791320801,2.485990524291992,95465fdd5d3e705601225bdbaf1d41303a70654a71d1137ea4e29b56c4042514,True
control,r1,classic,220318,320318,0.1111111111111111,0,0,1,3,0.4379749298095703,0.8280277252197266,b2af7d1d9d394d8a97da035856191725cb4a8915afab1c1be60db43b482b7963,True
control,r1,classic,220319,320319,0.3333333333333333,0,0,3,3,0.3800392150878906,0.8170604705810547,b90e07f7906947686cefc8d6c8c8f65a35a5bb942b0f434c50cdff9fa06958c0,True
control,r1,classic,220320,320320,0.1111111111111111,0,0,1,2,0.3840923309326172,0.9620189666748047,836448d69e725aaced54c9781435993edc0c533bfada3e85bc7b3a614510688f,True
control,r1,coin-heaven,220401,320401,1.0,0,0,50,0,0.9423494338989258,1.7740726470947266,163b2ce2b1cd0e19de5a68529ed41976e02a88d02f6e3116158b13a1f508bd4f,True
control,r1,coin-heaven,220402,320402,1.0,0,0,50,0,1.1351943016052242,4.667758941650391,aa14b2f9767f977782e59cec05a5832c695019a0a286546aa9945c39c01c2656,True
control,r1,coin-heaven,220403,320403,1.0,0,0,50,0,1.296567916870117,2.438068389892578,37724d43a47ecde6f2b5bd8c036af1cef51506a3e6817db1c74db3fa9430bc7f,True
control,r1,coin-heaven,220404,320404,1.0,0,0,50,0,0.6590843200683588,0.8158683776855469,55ff5db71f98da3257eb00b3fad801fb3d362d20c0419bb9e850f5ccdab2b1d7,True
control,r1,coin-heaven,220405,320405,1.0,0,0,50,0,0.9835243225097654,1.4929771423339844,00faa51be40af07593bbdc02709550ce4dee3fb49991e114d700df4166f0cedc,True
control,r1,coin-heaven,220406,320406,1.0,0,0,50,0,1.0676860809326167,2.401113510131836,53681c65909fe5b5837085c22ee1809e6d8bdbc7147af267d8bddd14ce2b885b,True
control,r1,coin-heaven,220407,320407,1.0,0,0,50,0,1.2506723403930657,3.9339065551757812,169eb0b736672e7c84616bac5b9395f50fa887197ccc55946a89fe40d8edf7da,True
control,r1,coin-heaven,220408,320408,1.0,0,0,50,0,1.455044746398925,2.319812774658203,efcd5331469cdebe34f1ad08fc401d3512e154fec28253c265a83da78ad422da,True
control,r1,coin-heaven,220409,320409,1.0,0,0,50,0,1.2108683586120583,1.7080307006835938,4fc2c7be4b9a255a074a9cfa9fbbcec214f77b9c1dbb3b270919f4f32878cd18,True
control,r1,coin-heaven,220410,320410,1.0,0,0,50,0,1.091933250427246,3.572225570678711,2a0e54cba14d26122226d560d1fd2b12495d6411a53284caa1dbcdc127899fe9,True
control,r1,coin-heaven,220411,320411,1.0,0,0,50,0,1.2440681457519531,1.497030258178711,9b51578ed3f83416c3e97b32986a74f1aa9cbaa8a280debf2ec3575a2d83d3d1,True
control,r1,coin-heaven,220412,320412,1.0,0,0,50,0,1.048469543457031,2.505064010620117,494459215fea730638e2f8f37e9c58fb5c8bc67bea57f6b28712174f61d194c3,True
control,r1,coin-heaven,220413,320413,1.0,0,0,50,0,1.0814905166625977,2.0301342010498047,c5305d48b0d0130e83db8a87fad037718fb3ad3e6ca987ba33fb38d32101d46e,True
control,r1,coin-heaven,220414,320414,1.0,0,0,50,0,1.0345458984374996,1.7731189727783203,98d7e6cc343be2cb5318bdde3e09eff45cd60d6c0919ae577d9531d268e8002d,True
control,r1,coin-heaven,220415,320415,1.0,0,0,50,0,1.1815547943115225,3.287792205810547,e550006a7091a0533539b3055f97e8e9c4a2855f7fa4697021b5730072b4caf8,True
control,r1,coin-heaven,220416,320416,1.0,0,0,50,0,0.9655475616455077,1.497030258178711,2379fb88c10cf7b8c91b1a76d4531816fb95dc5a501167240ce6d7dc2be63e72,True
control,r1,coin-heaven,220417,320417,1.0,0,0,50,0,1.9625425338745117,3.2410621643066406,ede093830988e10b14e263232c3162c6172d1f00271bc52e75095c53984fda53,True
control,r1,coin-heaven,220418,320418,1.0,0,0,50,0,1.1275053024291992,3.606081008911133,71b7687c5479f8e80d1cce9945415007f6f09fd15b6eb923f9f664a15196d6a1,True
control,r1,coin-heaven,220419,320419,1.0,0,0,50,0,1.5143394470214835,3.8971900939941406,ff44fb5b008be7c02d4a12f0fb9e5cec2d99ea5d056729f83b0c4ab344b99b72,True
control,r1,coin-heaven,220420,320420,1.0,0,0,50,0,1.1511683464050293,2.1162033081054688,c1c0eb7b76af5d2dc3dd864df0b61abe3e0105467262739ac62631a5513a357f,True
control,r1,loot-crate,220501,320501,0.72,0,0,36,21,0.42700767517089844,0.5843639373779297,a626c6abcdde9a9a64689d97ba19d14c31c033417b517a3e098e0a1b7854ad29,True
control,r1,loot-crate,220502,320502,0.14,0,0,7,0,0.38204193115234364,0.5869865417480469,32da9135bc625229806c155be91ce79cd8dba642bf719703a116bb0f886305d4,True
control,r1,loot-crate,220503,320503,0.66,0,0,33,13,0.3783941268920894,0.5729198455810547,da0c17a3179c855591c86760697ee7639ba2e7190140a3c96f50b55235a4a2c9,True
control,r1,loot-crate,220504,320504,0.54,0,0,27,17,0.4244327545166013,0.6647109985351562,d172dea7d7932b694d9b6a8544087b13ec6d125663e6430fa06a62c79c615c35,True
control,r1,loot-crate,220505,320505,0.58,0,0,29,13,0.47807693481445307,0.7510185241699219,6f37ccb2d0308117bfb7330c3da2f8d4cca1e18127c4b54c0dc0898b785d1b0c,True
control,r1,loot-crate,220506,320506,0.2,0,0,10,3,0.3139972686767578,0.5083084106445312,83fe52e734bbbe64e6b4305df82d68b0db7794c2cfe61e7e63bc95bce58a5eca,True
control,r1,loot-crate,220507,320507,0.12,0,0,6,2,0.31185150146484375,0.6022453308105469,cdfba5d8d3a22293ec8f01dbfc655238b23f146ac4f7a56a50b0e4143f1e6f9e,True
control,r1,loot-crate,220508,320508,0.1,0,0,5,2,0.3819584846496582,0.5428791046142578,4eb2736eea364ba3a50b89f9ad331cbe0ac69c1655d4c0f6ae8105424aac4aba,True
control,r1,loot-crate,220509,320509,0.04,0,1,2,4,0.3175020217895508,0.5590915679931641,5ef51909cd3180b02b0621d6f2f1a3babe660dbc5e23c8f1496528005495ffe9,True
control,r1,loot-crate,220510,320510,0.28,0,0,14,14,0.4119873046875,0.6473064422607422,7d297436a1b25372383cb0f48ddbe476744d8c8e0a0939f9402ce172c490e18b,True
control,r1,loot-crate,220511,320511,0.06,0,0,3,1,0.31809806823730463,0.6229877471923828,36fccd48d5b03b6ec7bc3d1ee93aa58adb5466bc19073d100e201a42cd5dcd48,True
control,r1,loot-crate,220512,320512,0.24,0,1,12,5,0.3324270248413086,0.4839897155761719,8a31df11147f9a4b637c67fabab26946d7caa4af9a2d8eeddaf48be74445d4b1,True
control,r1,loot-crate,220513,320513,0.74,0,0,37,13,0.4109621047973631,0.6761550903320312,9ca85c843b09273721e24a693349c19dcf45efd2e36c213734794d2861c9d54a,True
control,r1,loot-crate,220514,320514,0.46,0,0,23,7,0.39505958557128906,0.5719661712646484,4a09c2aaa50684b3e85f028980aa5b8473855d41d1e90e3c56321d0c1dfd5cce,True
control,r1,loot-crate,220515,320515,0.12,0,0,6,0,0.2643108367919921,0.5507469177246094,b660794fc06a1d18e7ac7475f18b27032ee74afd2b478d1e49a79be6fb23deba,True
control,r1,loot-crate,220516,320516,0.56,0,0,28,12,0.37628412246704074,0.6468296051025391,e7b1b9f96266d96c64bf566b70c9d944792ad11224662ecdf978114ced5c1d46,True
control,r1,loot-crate,220517,320517,0.38,0,0,19,50,0.4282116889953611,0.6062984466552734,f103199928fd549e87a1f03c7429a3902957e4651e7e3e608c8621f7a3285534,True
control,r1,loot-crate,220518,320518,0.2,0,0,10,1,0.3802299499511717,0.5600452423095703,8796a050153193821d9ed944346c3aa0a238e96392d43aeea2a49a586588847b,True
control,r1,loot-crate,220519,320519,0.04,0,0,2,0,0.2907991409301756,0.5087852478027344,723e0f6d6cd21092b298990a9c5d0308886712a3160e03ea8647829d4babb1db,True
control,r1,loot-crate,220520,320520,0.54,0,0,27,6,0.3652691841125486,0.6399154663085938,0f16c9096e57cfc7b44331127401761790670a01f6a4a83b1ce6be21ab5d709c,True
control,r2,peaceful,220101,320101,0.1111111111111111,0,0,1,0,0.48213005065917963,0.6148815155029297,7bd5f6e2f168fb14be9bb20eb30e8f6dfcbfe3d9e1efccfdb932328e8745b4af,True
control,r2,peaceful,220102,320102,0.4444444444444444,0,0,4,5,0.7003545761108395,1.3959407806396484,4ac2f8598103654414bad7b3370b5045513fd13ad32491d0eb2959d0444b9e77,True
control,r2,peaceful,220103,320103,0.4444444444444444,1,0,9,3,0.5833387374877926,0.7889270782470703,3f1a63f20107d64eb7c72ffd860218fad141d30261fb2b64ba3ae1c7ef7e4a0c,False
control,r2,peaceful,220104,320104,0.6666666666666666,0,0,6,13,0.7844686508178706,0.96893310546875,62b764e4c357e0ac0e131d745ad4965e1b9ff02e2c2bcfa2ec3e316d7141da3a,True
control,r2,peaceful,220105,320105,0.0,0,0,0,50,0.46825408935546853,0.6771087646484375,af4177ba20c23f460a91789ba6f324f24fc83d0c2f4c9793a7e0afa3433a99e4,True
control,r2,peaceful,220106,320106,0.2222222222222222,0,0,2,1,0.48351287841796853,0.6680488586425781,384f259b45079224546951939985c9752afdf749ad5a3846374f25b0b06ef4ea,True
control,r2,peaceful,220107,320107,0.0,0,0,0,0,0.3910064697265625,0.7481575012207031,65eed221e54bc76c5538b45396862473d5386de503191ba9e64c876935c78c8d,True
control,r2,peaceful,220108,320108,0.3333333333333333,0,0,3,26,0.6871700286865234,0.9119510650634766,c182715c6164019abb8572d408d2d1d98447d22ed2c3226c1ebfc8de24ba66b9,True
control,r2,peaceful,220109,320109,0.1111111111111111,0,0,1,0,0.5401372909545897,0.7660388946533203,706d8467d510924ee147eb5e7b1bada05f5325502a522b952a2e1ab449815f93,True
control,r2,peaceful,220110,320110,0.2222222222222222,0,0,2,1,0.4622459411621092,0.7219314575195312,11a2156217058a000a5c0cdb3622a79666993850a0dad95112dc549304bb8bef,True
control,r2,peaceful,220111,320111,0.1111111111111111,0,0,1,0,0.7444024085998533,0.9038448333740234,17b2b4caf4effe074955ed9f7144dd3a9a6ac83120bfe5c34c2da3fdc1d819f1,True
control,r2,peaceful,220112,320112,0.0,0,0,0,0,0.47206878662109375,0.7660388946533203,190acdc5fe8aab8fbeacadaa78d1485f50569b10c31ea0d8a7c952af0802ceca,True
control,r2,peaceful,220113,320113,0.6666666666666666,0,0,6,5,0.7852911949157712,0.9660720825195312,c0a3a0a140585c4e3dfc8b67cd9a297f33621d5c5435c39a463618f81749272f,True
control,r2,peaceful,220114,320114,0.4444444444444444,1,0,9,11,0.8354187011718748,1.0797977447509766,98e178a02a693f9652f226b4055d374fb424974994195e7a3f561f657d9ec85a,False
control,r2,peaceful,220115,320115,0.6666666666666666,1,0,11,13,0.8563995361328123,1.219034194946289,b267cac3e73ff7afb71a8e28a6388e266e08a3ba511e537eb658fb5bfca81124,False
control,r2,peaceful,220116,320116,0.3333333333333333,0,0,3,20,0.8270502090454099,1.0418891906738281,92791302727de88c210aa6988399bf67604bd68e7dd4f74822a30034821ebadd,True
control,r2,peaceful,220117,320117,0.5555555555555556,0,0,5,12,0.8385181427001951,1.7600059509277344,55401c0965f47c7ad093bed554d651f6e731bdfc6132649b08251942ef9e1fa4,True
control,r2,peaceful,220118,320118,0.0,0,0,0,22,1.0399580001831052,2.2950172424316406,a14a97be7cda57650f6248dc31dbb62633ec44a5614d81db1f1e8cd45359324f,True
control,r2,peaceful,220119,320119,0.0,0,0,0,0,0.4382371902465818,0.9357929229736328,265119014efa62ca6984a1f49e4cd6893feb465cc7abf3f8663367ff04f27bb2,True
control,r2,peaceful,220120,320120,0.6666666666666666,0,0,6,2,1.0710716247558594,1.9998550415039062,3b299de5d1875359ee69f7ccae1b726b6874b229fb421c6444483e359d7118f3,True
control,r2,coincollector,220201,320201,0.2222222222222222,0,1,2,6,1.609241962432861,2.7260780334472656,4c9c629e495d555868c518151c633ae7e6172ad3f994053c31924af149087b3b,False
control,r2,coincollector,220202,320202,0.0,0,0,0,7,1.1883258819580078,1.6047954559326172,cdff149e7b2e976f341361a42e151556b08b30bd2fd824db38600883966f5a82,False
control,r2,coincollector,220203,320203,0.0,0,1,0,1,0.8285045623779297,1.7778873443603516,96972b3c263333c377ec7417cbbc53d04fa06d143abc2cd4f253cd0a9f5a0fdb,False
control,r2,coincollector,220204,320204,0.3333333333333333,0,0,3,13,1.572632789611814,3.206968307495117,87bdeb4281d2c03036e3a8c49c19882915127f32d8dd831722efc7105d23f537,False
control,r2,coincollector,220205,320205,0.5555555555555556,0,0,5,1,0.4542827606201171,0.6709098815917969,cee7b81a21bb5281d4fe5eaef38f59a1524cb3024f60b7126ffb3c32053d9cc2,True
control,r2,coincollector,220206,320206,0.3333333333333333,0,0,3,6,1.0360360145568848,1.3241767883300781,0b746162afe8525a325610ddc6b6530f969598c5961706996d0e3d7aa3f18aa6,False
control,r2,coincollector,220207,320207,0.3333333333333333,0,0,3,6,0.9633541107177733,1.7859935760498047,bc0b81735a6050067e7b8d61f91eb265983950845ce71853c5928317fc2d6931,False
control,r2,coincollector,220208,320208,0.3333333333333333,0,0,3,30,0.8803963661193835,1.3611316680908203,e7c06866e562e11a1e9ab11a0efd860e3c8d206453960401b5e38bbc9821275f,False
control,r2,coincollector,220209,320209,0.3333333333333333,0,0,3,3,1.176774501800537,1.791238784790039,8b7dea97c0ac790567f2d1a206d2d82d6375b95feb4a2d285b89b8d031a111ce,False
control,r2,coincollector,220210,320210,0.4444444444444444,0,0,4,6,0.65385103225708,0.9779930114746094,e74acd900821a8ea050191ba797224c8eb604bed798db814329e0571c5836e0a,False
control,r2,coincollector,220211,320211,0.6666666666666666,0,0,6,8,0.7152557373046875,0.9319782257080078,55a15c373f40d09e41d8577e61a8d367751c8fff44ebc278060765847cb49549,False
control,r2,coincollector,220212,320212,0.0,0,1,0,34,0.7591128349304199,1.3480186462402344,ee5089df6d956385235f2d0e0b4ed7a3d3a3e019ef46e2a43ef75500d25804dd,False
control,r2,coincollector,220213,320213,0.4444444444444444,0,0,4,4,0.5385160446166989,0.6189346313476562,8ac6045419f3716ac5123f133eb8df635302b0b6dfa37a316e17fe59d0085f31,False
control,r2,coincollector,220214,320214,0.6666666666666666,0,0,6,12,1.0922431945800781,1.9288063049316406,8a44afea41d823dc0628210699fc11fc02690baa87f48767298e2a5713f6dcd0,False
control,r2,coincollector,220215,320215,0.2222222222222222,0,0,2,8,0.8793234825134277,1.5408992767333984,3dd73110c28613a1183a5adb6a1fdd4c90d822c536e12df60a3000107cc8ae9e,False
control,r2,coincollector,220216,320216,0.1111111111111111,0,1,1,2,0.7813215255737302,0.9939670562744141,a3c95f5e09860f4141e529deefd222ce1673d0f22189ac0ae5de1d49f3158f48,False
control,r2,coincollector,220217,320217,0.4444444444444444,0,0,4,2,0.4239082336425781,0.6191730499267578,cfbf12716ddd160c266d03f010a32fa9913dc018659b776ad7adf84d2bb87b53,True
control,r2,coincollector,220218,320218,0.2222222222222222,0,0,2,26,1.5271186828613281,1.9757747650146484,038ba36e8956e4ef6e34c1bb3938151c8efd6838c3ab8aa5e691433400ad22ab,False
control,r2,coincollector,220219,320219,0.3333333333333333,0,0,3,12,0.8741259574890136,1.9659996032714844,5992d9bd183b1d7129a1c21e48b3bdb63755d529c1898151c4184cf6f4431bf9,False
control,r2,coincollector,220220,320220,0.2222222222222222,0,0,2,10,0.5309581756591797,0.7967948913574219,283f7120d6b96668df1d8cb7dbbdcea7bd656f0617a2a37cde9777169e25768e,True
control,r2,classic,220301,320301,0.2222222222222222,0,0,2,1,0.4379749298095703,0.9188652038574219,19cf5d34fb825c9845803115d5cbce20fc1c1d34d3d7b31cbe85bbd8ae364b75,True
control,r2,classic,220302,320302,0.5555555555555556,0,0,5,9,0.46402215957641596,1.7180442810058594,8e8479fb223f0a7c66c879c16b80e6bd44c1ae79c9eefa02070773689a35d46d,True
control,r2,classic,220303,320303,0.2222222222222222,0,0,2,0,0.5099773406982422,0.9398460388183594,775bdca83f6636e4aa442a1e680d8a55bd5b12c8b0395ad185a9824fe2524540,True
control,r2,classic,220304,320304,0.1111111111111111,0,0,1,3,0.6404161453247066,1.4040470123291016,c3eda4483a0482f36ee452b4219db8a3eac64cc38df9b44853aa72526bccb8f2,True
control,r2,classic,220305,320305,0.2222222222222222,0,0,2,4,0.5309700965881348,3.7698745727539062,fb02a08910536433950d1df0e512566a08f00559c2a16fd7c1491139ff6afbe5,True
control,r2,classic,220306,320306,0.1111111111111111,0,0,1,25,0.37426948547363265,1.0051727294921875,27e0ff1e2d54652d90a6b3e205c6a51979b2f9c5eed9d8e53553dc5da7341fd9,True
control,r2,classic,220307,320307,0.0,0,0,0,0,0.31110048294067366,0.7860660552978516,0593c4d7ae85635b663f56ccfe6247f8c2523285f1f617cf764921dd68b888ae,True
control,r2,classic,220308,320308,0.0,0,0,0,0,0.3441214561462402,0.6310939788818359,2f37a7bdb565bd49a51868fba29fc99afe03bd40059765ed7686b3c80c73a994,True
control,r2,classic,220309,320309,0.0,0,0,0,50,0.5942463874816891,1.1126995086669922,5838d5b868112f9cce1b51238a7631367c1dca46ff27351e52ece0a1cd9eddf7,True
control,r2,classic,220310,320310,0.1111111111111111,0,0,1,1,0.5506396293640111,2.894163131713867,e5355f12f593dff384040f5699c2a831a12548f136183b4926d1f34f65770b59,True
control,r2,classic,220311,320311,0.1111111111111111,0,0,1,3,0.39741992950439414,1.3523101806640625,7793d248ea44241a32d31c6a4b0ea1dd3f464273f859d2dd41033795527e3a46,True
control,r2,classic,220312,320312,0.2222222222222222,0,0,2,0,0.8113145828247066,2.3338794708251953,b2a0f4956ff6f0f9cde003f14360439ba56337d4ed5016a953c13d459227218f,True
control,r2,classic,220313,320313,0.2222222222222222,0,0,2,3,0.6537914276123047,4.541873931884766,b980219c6d0baa0bfb175496b1d349b13508e94c0ff11a71caee46538937cc46,True
control,r2,classic,220314,320314,0.0,0,0,0,0,0.644278526306152,4.504203796386719,e0f03e73ddee96bd1a1487db6db2d8ca6efef2413e1eab059f6104e9bfa1d618,True
control,r2,classic,220315,320315,0.0,0,0,0,0,0.684762001037597,1.5211105346679688,65a0429d89266ed4f8c96de06857f1b6d534e6fd1ba51c453df4a19b5030743b,True
control,r2,classic,220316,320316,0.1111111111111111,0,0,1,24,0.7367014884948724,1.558065414428711,05d4e6ebb22962ce6a5ccb2265db1989e4083ae1dc4e24c3d9ddf15eb73afe0b,True
control,r2,classic,220317,320317,0.5555555555555556,0,0,5,1,0.4466772079467768,0.9500980377197266,0b0945762379e7011c91e37b03299448e637bbc2b0247bfc9c459d05ce02fba5,True
control,r2,classic,220318,320318,0.0,0,0,0,1,0.5023717880249019,1.3539791107177734,ba668d3ee40a340b92a789959e05fa0b46ecb7c25890299224593667edb594bc,True
control,r2,classic,220319,320319,0.3333333333333333,0,0,3,1,0.4707455635070795,1.1897087097167969,fe4c6e064fc6369517967588ace9f61c0a4a5b2ebe4c8a9505c79e33ccdb4bc0,True
control,r2,classic,220320,320320,0.0,0,0,0,54,0.43631792068481423,1.046895980834961,d4a99aa048743f4306a5929f967f7c489b2b4bc838b534976b24824051bc8acb,True
control,r2,coin-heaven,220401,320401,1.0,0,0,50,0,0.4075765609741211,0.5052089691162109,163b2ce2b1cd0e19de5a68529ed41976e02a88d02f6e3116158b13a1f508bd4f,True
control,r2,coin-heaven,220402,320402,1.0,0,0,50,0,0.4804253578186031,1.857757568359375,aa14b2f9767f977782e59cec05a5832c695019a0a286546aa9945c39c01c2656,True
control,r2,coin-heaven,220403,320403,1.0,0,0,50,0,0.4726886749267577,0.6570816040039062,37724d43a47ecde6f2b5bd8c036af1cef51506a3e6817db1c74db3fa9430bc7f,True
control,r2,coin-heaven,220404,320404,1.0,0,0,50,0,0.507521629333496,0.8399486541748047,55ff5db71f98da3257eb00b3fad801fb3d362d20c0419bb9e850f5ccdab2b1d7,True
control,r2,coin-heaven,220405,320405,1.0,0,0,50,0,0.2880096435546875,0.36597251892089844,00faa51be40af07593bbdc02709550ce4dee3fb49991e114d700df4166f0cedc,True
control,r2,coin-heaven,220406,320406,1.0,0,0,50,0,0.39024353027343717,0.6437301635742188,53681c65909fe5b5837085c22ee1809e6d8bdbc7147af267d8bddd14ce2b885b,True
control,r2,coin-heaven,220407,320407,1.0,0,0,50,0,0.2386689186096191,0.4830360412597656,169eb0b736672e7c84616bac5b9395f50fa887197ccc55946a89fe40d8edf7da,True
control,r2,coin-heaven,220408,320408,1.0,0,0,50,0,0.29866695404052723,0.6320476531982422,efcd5331469cdebe34f1ad08fc401d3512e154fec28253c265a83da78ad422da,True
control,r2,coin-heaven,220409,320409,1.0,0,0,50,0,0.38188695907592746,0.5171298980712891,4fc2c7be4b9a255a074a9cfa9fbbcec214f77b9c1dbb3b270919f4f32878cd18,True
control,r2,coin-heaven,220410,320410,1.0,0,0,50,0,0.321042537689209,0.5230903625488281,2a0e54cba14d26122226d560d1fd2b12495d6411a53284caa1dbcdc127899fe9,True
control,r2,coin-heaven,220411,320411,1.0,0,0,50,0,0.18539428710937497,0.30112266540527344,f3db430ffd70b5b83cc2efbedc9de1ac806664d6e0412509af8b00c3a90c14f2,True
control,r2,coin-heaven,220412,320412,1.0,0,0,50,0,0.33438205718994135,0.43487548828125,494459215fea730638e2f8f37e9c58fb5c8bc67bea57f6b28712174f61d194c3,True
control,r2,coin-heaven,220413,320413,1.0,0,0,50,0,0.41179656982421875,0.4990100860595703,c5305d48b0d0130e83db8a87fad037718fb3ad3e6ca987ba33fb38d32101d46e,True
control,r2,coin-heaven,220414,320414,1.0,0,0,50,0,0.3546714782714842,1.4591217041015625,98d7e6cc343be2cb5318bdde3e09eff45cd60d6c0919ae577d9531d268e8002d,True
control,r2,coin-heaven,220415,320415,1.0,0,0,50,0,0.28800964355468733,0.4627704620361328,e550006a7091a0533539b3055f97e8e9c4a2855f7fa4697021b5730072b4caf8,True
control,r2,coin-heaven,220416,320416,1.0,0,0,50,0,0.38101673126220664,0.5450248718261719,2379fb88c10cf7b8c91b1a76d4531816fb95dc5a501167240ce6d7dc2be63e72,True
control,r2,coin-heaven,220417,320417,1.0,0,0,50,0,0.2734661102294922,0.4069805145263672,ede093830988e10b14e263232c3162c6172d1f00271bc52e75095c53984fda53,True
control,r2,coin-heaven,220418,320418,1.0,0,0,50,0,0.21734237670898435,0.3631114959716797,71b7687c5479f8e80d1cce9945415007f6f09fd15b6eb923f9f664a15196d6a1,True
control,r2,coin-heaven,220419,320419,1.0,0,0,50,0,0.2537250518798827,0.34499168395996094,ff44fb5b008be7c02d4a12f0fb9e5cec2d99ea5d056729f83b0c4ab344b99b72,True
control,r2,coin-heaven,220420,320420,1.0,0,0,50,0,0.19894838333129855,0.3859996795654297,c1c0eb7b76af5d2dc3dd864df0b61abe3e0105467262739ac62631a5513a357f,True
control,r2,loot-crate,220501,320501,0.04,0,0,2,0,0.22541284561157196,0.6201267242431641,2f37a7bdb565bd49a51868fba29fc99afe03bd40059765ed7686b3c80c73a994,True
control,r2,loot-crate,220502,320502,0.02,0,0,1,0,0.24396181106567377,0.4360675811767578,1bfed824c497638bd85f0a69ee8964e05e36cafd7ce64218c7ea17e299215f53,True
control,r2,loot-crate,220503,320503,0.12,0,1,6,2,0.2590656280517577,0.4329681396484375,0f53c20fe2ccbcf0ec128af923e1992434454400f358a0a841bc6cf50956de3e,True
control,r2,loot-crate,220504,320504,0.32,0,0,16,6,0.486147403717041,0.5910396575927734,a36b449a04b54163b5e5f0774450603db885d137398084de39ce285d5c96f320,True
control,r2,loot-crate,220505,320505,0.6,0,0,30,6,0.3209114074707031,0.4849433898925781,b49c09c0265951912ba1a952057779460bfccad261ee85a71e1ea402000efa2a,True
control,r2,loot-crate,220506,320506,0.12,0,0,6,38,0.3472328186035155,0.530242919921875,fb34a76427b81472e8679cb2800115cd5488dc078fcd36dd5f086e3e7f70813e,True
control,r2,loot-crate,220507,320507,0.02,0,0,1,0,0.25615692138671864,0.44083595275878906,40c6adc9f5bae1ddc8e981627932d63b784a8e5076f3ee3b5f7b1279caeab588,True
control,r2,loot-crate,220508,320508,0.2,0,0,10,1,0.27823448181152344,0.44417381286621094,46c460c2c0da351638ffd6d99c42d8ef8bbac1fd110afd852d6837658a0d6a56,True
control,r2,loot-crate,220509,320509,0.04,0,0,2,0,0.19412040710449213,0.4482269287109375,5760d3084b002f7e41c7f7d577a1c354468ac386be7b63fafb79251e93fc5637,True
control,r2,loot-crate,220510,320510,0.14,0,0,7,0,0.30522346496582026,0.49686431884765625,7a37c6c260d365918787bc3b5d5bb9409ad4a748c954b08fa73d0c4ca0af7bb6,True
control,r2,loot-crate,220511,320511,0.08,0,0,4,3,0.23608207702636713,0.47588348388671875,41079fc6bfc31f3ec6423f7156d4b0dd6fdb590e9c518eb589b7dc961bcfd656,True
control,r2,loot-crate,220512,320512,0.26,0,0,13,35,0.28023719787597645,0.48065185546875,cc771d614159c59b4ac9a362ec32f4ba88da4bf2202d9a1f5ee1bf6666c80c40,True
control,r2,loot-crate,220513,320513,0.58,0,0,29,8,0.3541588783264159,0.762939453125,f3b49d579d3274738d8598b09d1f723cf28794b0033042b05fe6db34e618f7b8,True
control,r2,loot-crate,220514,320514,0.3,0,0,15,6,0.25182962417602534,0.42700767517089844,e08b489de870939410d518120e91cee0182b7ad1130109e4cbcba9bf6322da0a,True
control,r2,loot-crate,220515,320515,0.16,0,0,8,22,0.3190040588378906,0.8211135864257812,4fa1556b6495be5f41559b84509e2c4b406e00bb8230d4328eca30433d34475e,True
control,r2,loot-crate,220516,320516,0.58,0,0,29,12,0.3290772438049316,0.5350112915039062,7ba2b7abbd3cc3e3d26973f2b155cca3d3afa329528121d6a04dcc0ec8431a92,True
control,r2,loot-crate,220517,320517,0.58,0,0,29,15,0.3290772438049316,0.6279945373535156,c855b37bfc73415ab659a4f3c91408d0dcf8285e3137935e9630a5e461413672,True
control,r2,loot-crate,220518,320518,0.48,0,0,24,10,0.2993702888488766,0.4620552062988281,99a83d734c08ac166f0cd7502d3df273eabed45cc2efb6933f1a9ee5e6ef33b9,True
control,r2,loot-crate,220519,320519,0.06,0,0,3,37,0.2823233604431152,0.5009174346923828,aba4e09a2cd9455471a69f631e9ba03da5e7c1a575adb0888fc07e4c1f7779d6,True
control,r2,loot-crate,220520,320520,0.06,0,1,3,0,0.25558471679687494,0.4990100860595703,e6f0e3f1eb524d09f6c8be60a44e6e48e526e5a1a223317f7fa1d68927fad9f0,True
control,r3,peaceful,220101,320101,0.0,0,0,0,1,0.42920112609863276,0.6608963012695312,1eb3030b5393c4433b354a95cdb84512a79cafacaa7e399c48edcfdc83929cc9,True
control,r3,peaceful,220102,320102,0.3333333333333333,0,0,3,2,0.819599628448486,1.2221336364746094,afb70571da12fddc69f2e76672e29f39ab6312be6606e332b5934711ed3539d1,True
control,r3,peaceful,220103,320103,0.1111111111111111,0,0,1,1,0.4130959510803221,0.6110668182373047,1779777ad1725374c11582088363baa52d9ec7dd92402ea336102ad5c62940a6,True
control,r3,peaceful,220104,320104,0.2222222222222222,0,0,2,60,0.6286144256591794,0.8838176727294922,d4e6973195e7f8dbf98e6dcee4bfe06195b02d7f132e7ed9f964b6c5c152e7ad,True
control,r3,peaceful,220105,320105,0.4444444444444444,0,0,4,3,1.0683655738830564,4.212856292724609,dba839141d79d5366b1e56b7bf0f225669814da1538c11e18f18bb37341c1e50,True
control,r3,peaceful,220106,320106,0.3333333333333333,0,0,3,30,0.7812499999999998,1.1682510375976562,66a753566c19b39fd01b340254b78d1f88019fefe0e6cef434de77070bba15aa,False
control,r3,peaceful,220107,320107,0.3333333333333333,0,0,3,1,1.1692762374877927,2.492189407348633,e5728871e85af862a15cc8b388bc6bb769284ff341407b539058a556ae082d4e,True
control,r3,peaceful,220108,320108,0.3333333333333333,0,0,3,6,0.722205638885498,4.368305206298828,b02a402b540d2154108bb41c9e0e8482a1b208e71f0b1785b3fcad62a933038c,True
control,r3,peaceful,220109,320109,0.1111111111111111,0,0,1,1,0.7532715797424313,1.1169910430908203,97c7eddfec804ca60ddc08fc4d5dec7b1bc3f7e18c29d41fae8dd4bebb53e929,True
control,r3,peaceful,220110,320110,0.2222222222222222,0,0,2,1,0.6261229515075684,1.1010169982910156,656f520041c7b73e6574e28100e237ef3b8bb1d88d8e6b1eeafa0bb3d2dc50a1,True
control,r3,peaceful,220111,320111,0.0,0,0,0,0,0.9498715400695801,1.4488697052001953,450e5d38e29d0bc3a4553364f337dfd475536b02c1e8ff077f17d869ed2adec9,True
control,r3,peaceful,220112,320112,0.3333333333333333,0,0,3,1,0.9256601333618159,1.5101432800292969,ad8d205cb96078baff90434d91e2aee87c432f47f0e7b5b20d4c13f48fe111d6,True
control,r3,peaceful,220113,320113,0.0,0,0,0,0,0.7673859596252438,1.2269020080566406,717f86c3fa68cf17b55c43944dc1f442601f5b5a8c9ac09767572b35e87625ac,True
control,r3,peaceful,220114,320114,0.1111111111111111,0,0,1,4,1.5119075775146467,8.246183395385742,89858d087cc9c87dfc206e922027f01e3d5274d8b381bef145a88170a6574915,True
control,r3,peaceful,220115,320115,0.1111111111111111,0,0,1,0,0.8315682411193843,1.8661022186279297,a1f3f166ed6a30d2992a57d3f44d51bd1ab75520ca2f6fc589dfeab7496225e6,True
control,r3,peaceful,220116,320116,0.1111111111111111,0,0,1,1,0.9380817413330068,2.569913864135742,37adb0041c9b5db826ed9ae0944d113ad68e430b566c14ed4dc458b1733002ae,True
control,r3,peaceful,220117,320117,0.1111111111111111,0,0,1,0,0.9549260139465332,1.4410018920898438,0df1adf617388c0d7da1677aa43288a506f9f942bedfefab16ea20f2d52fdc9f,True
control,r3,peaceful,220118,320118,0.0,0,0,0,0,0.6719112396240225,1.4662742614746094,6b14b55af065c7163c081e91ed2d4d6f35ae4fd9677db672d8e736b9630a0749,True
control,r3,peaceful,220119,320119,0.0,0,0,0,2,1.0844588279724117,1.9121170043945312,608c4c159384dd92b28bb7a36017c08b958215b7c0ba07e2c7f71bbe229befdb,True
control,r3,peaceful,220120,320120,0.0,0,0,0,0,0.9130597114562987,1.9872188568115234,717f86c3fa68cf17b55c43944dc1f442601f5b5a8c9ac09767572b35e87625ac,True
control,r3,coincollector,220201,320201,0.5555555555555556,0,0,5,10,0.9324550628662094,1.9021034240722656,b87b82d175825afa39748670fc86109279ad4c0c1eed640c68c23d4e59a8991c,False
control,r3,coincollector,220202,320202,0.1111111111111111,0,0,1,5,0.9426236152648918,1.886129379272461,b4a7f5c00021a111369fea8e4010ed5e8bc4c73c0b48c7400fbca6eee05a9c59,False
control,r3,coincollector,220203,320203,0.1111111111111111,0,0,1,9,0.9527206420898435,1.5180110931396484,928a676d78921e76dc4cbffed10a5d2eb9ec2db516c6a93940433fa1a6468c0b,False
control,r3,coincollector,220204,320204,0.5555555555555556,0,0,5,6,0.834596157073974,1.3201236724853516,682d112e7c225e1df5eb781bc881bd1ffe2297fd3268690f70e09e908c45f5c4,False
control,r3,coincollector,220205,320205,0.0,0,1,0,2,0.4347562789916991,0.5309581756591797,16a85aa4db9ee2c129b045f58fa83f100e0a2dc9aed57f0b9fab625e37dc579e,True
control,r3,coincollector,220206,320206,0.2222222222222222,0,0,2,7,0.7162094116210938,0.8749961853027344,faa17998c5206e9d34c261e1ed89f693a04bdbcbaa40485e5deaecddaec75ab4,False
control,r3,coincollector,220207,320207,0.2222222222222222,0,0,2,11,0.7865667343139644,1.4820098876953125,2df76d29b89bbb24eee6397ddd3548619cd757d3f7bd3a87a0b644a185488da2,False
control,r3,coincollector,220208,320208,0.1111111111111111,0,0,1,3,0.42487382888793945,0.5891323089599609,2d7fa6994c58ce8be0da447fbb091dedf0fb182fa58fd326dd09bfd22d3155d6,False
control,r3,coincollector,220209,320209,0.3333333333333333,0,0,3,5,1.1144638061523435,1.4729499816894531,f45086b4813028f304ea83686f1cfbf0fb8871d01c9ef6edb2f3642fd069e4b1,False
control,r3,coincollector,220210,320210,0.4444444444444444,0,1,4,7,0.5539655685424805,0.7979869842529297,8d8c008871bfa8b64db5fa1d4539ac2378888ce2f495d5da4aeeff2c40155003,False
control,r3,coincollector,220211,320211,0.3333333333333333,0,1,3,3,0.9104728698730469,0.9701251983642578,b4eff3f001b83194913c65d47136ef87a8b5c8e91bc5becba19b27677c52e27c,False
control,r3,coincollector,220212,320212,0.1111111111111111,0,0,1,9,1.1261463165283203,1.695871353149414,3a1044f59c10f1f6ad336e8a7bc4499b94be41ac9f4a5d10292f9d7745e57e65,False
control,r3,coincollector,220213,320213,0.1111111111111111,0,0,1,4,0.39105415344238276,0.6551742553710938,4d92c9ea4b8ab3ca8ec9fc6435a86cf45dc523d1f8eb267a8cb063760980c5de,False
control,r3,coincollector,220214,320214,0.3333333333333333,0,1,3,4,0.6654739379882811,0.7212162017822266,09dcf4ad968e828e73fd7e849c283c4beb6fd1bdf2f41f5bc2b613c4e2a9410a,False
control,r3,coincollector,220215,320215,0.3333333333333333,0,0,3,12,0.8500099182128906,1.4011859893798828,cfe42d9a02b2e23b47f9465218ba69fc7e9f988a30864aa5d70c495331ff7074,False
control,r3,coincollector,220216,320216,0.2222222222222222,0,0,2,9,1.0952472686767576,1.8808841705322266,1f7296963c41c895e409a2ba302c3e14b0646f1957903738f0b96df971846493,False
control,r3,coincollector,220217,320217,0.3333333333333333,1,0,8,0,0.43829679489135737,0.888824462890625,e2afbdd530c417ad2e578fb1ead87da4369b692add36d3d970d5ed51ac4cd106,False
control,r3,coincollector,220218,320218,0.2222222222222222,0,0,2,14,1.6222238540649412,2.608060836791992,caa8eb092a32aae3c12b51e67031c05f81811cc02003e170290f4c089f4fd5d4,False
control,r3,coincollector,220219,320219,0.0,0,1,0,2,0.5248069763183592,0.7228851318359375,5c2691aee4a8234bc00292b4472935c148c66d31a0acae3c0e1ecbf0b55d7ea1,False
control,r3,coincollector,220220,320220,0.4444444444444444,0,0,4,11,1.2049674987792969,2.2220611572265625,5f9216bb7284a903d3807ecfb9d998fe0b689589238b426a8768f5ade1b679b7,False
control,r3,classic,220301,320301,0.5555555555555556,0,0,5,5,1.1027574539184566,1.8649101257324219,68c66bb332fd9ddada68c606bdd38253b0e5e824d04098770b80015808e1ad0e,True
control,r3,classic,220302,320302,0.0,0,1,0,1,1.1341571807861328,1.5208721160888672,49aeabcebc99cb52483c7e07fd47ed70b077566751164c13aadec485c60a75d4,True
control,r3,classic,220303,320303,0.2222222222222222,0,0,2,2,1.0937333106994611,8.857011795043945,793c02a956be3e0ffedf178c2e3f89766ad78d6c1bab44136a56519120a7bfc6,True
control,r3,classic,220304,320304,0.6666666666666666,0,0,6,3,1.3869881629943848,8.461952209472656,e793ee7ba763f88b32e62dcc64c8700441132834374b1230b6d7743679f6569f,True
control,r3,classic,220305,320305,0.6666666666666666,0,0,6,6,1.1244297027587888,2.7642250061035156,0456272a5f6f6344192158862d1bee4533737113655c5c50c475e418e0442e49,True
control,r3,classic,220306,320306,0.3333333333333333,0,0,3,4,1.2217164039611803,3.7729740142822266,6080838c4f34a3f23e5e4a68a9109f778e0919fa7dfe71aa04b93a122b1f8bda,True
control,r3,classic,220307,320307,0.0,0,0,0,0,1.1096835136413568,2.0520687103271484,ccfd1f01834ecb1ba3249a6d5eb2ffd7d2e5152f092ee6585709e5b3e09daf1b,True
control,r3,classic,220308,320308,0.0,0,0,0,0,1.4781713485717765,3.9360523223876953,79a403a6329c9b102a8f182284ee23e12975f9cfc9ac6980f2e3a61228076a86,True
control,r3,classic,220309,320309,0.0,0,0,0,0,1.064848899841307,2.0079612731933594,747c66f17a8dc0290d6aaf91c56d8f608593d9491e315c1cc0170b39a039ff0b,True
control,r3,classic,220310,320310,0.1111111111111111,0,0,1,0,1.0752797126770017,2.2301673889160156,2a287e7acfa256e4f8879bf322f531a4f94a853d3b120699a2cdd035e0ff1cb0,True
control,r3,classic,220311,320311,0.6666666666666666,0,0,6,3,1.3144254684448209,6.030082702636719,2a434eb403b098f733c82ac19af6cb6867e2b0420824d14eaa72367ce8a6d17a,True
control,r3,classic,220312,320312,0.3333333333333333,0,0,3,1,0.6583690643310544,1.1479854583740234,688d618e09e1cd0369ec8797b93766b8008d0be0b088155122969947e3d710ce,True
control,r3,classic,220313,320313,0.2222222222222222,0,0,2,0,0.4430532455444333,0.8580684661865234,835cd5230ccf99d271b44244e5f0c367ec9b5b77b5e3a4845c20301b3bb71e4c,True
control,r3,classic,220314,320314,0.4444444444444444,0,0,4,4,0.6322026252746581,2.4199485778808594,242886b604d4461a69cd135dc2f049f6b2ce5975cdbd69b516dc8f83162c189b,True
control,r3,classic,220315,320315,0.4444444444444444,0,0,4,3,0.649130344390869,0.8158683776855469,240605f383efae0fd680c7d35aa5d2fdff402e7f0be5853f6f65f7b25de4f08d,True
control,r3,classic,220316,320316,0.0,0,0,0,0,0.27922391891479487,0.5238056182861328,717f86c3fa68cf17b55c43944dc1f442601f5b5a8c9ac09767572b35e87625ac,True
control,r3,classic,220317,320317,0.2222222222222222,0,0,2,44,0.33603906631469715,0.4839897155761719,ea921d223616eae13b0fcb2dd40c5ff661bdf0c189bb24a2497ea9ecf135ef20,True
control,r3,classic,220318,320318,0.0,0,0,0,0,0.25774240493774414,0.5898475646972656,717f86c3fa68cf17b55c43944dc1f442601f5b5a8c9ac09767572b35e87625ac,True
control,r3,classic,220319,320319,0.3333333333333333,0,0,3,7,0.35628080368041987,0.5753040313720703,8e14be10217623c48438b5dd2ed49be335513eb805ee9371c282feb1ef59f3f8,True
control,r3,classic,220320,320320,0.0,0,0,0,0,0.2552032470703124,0.7281303405761719,346a55d3e07c84e5d039172897a9de87687a0163e459fdb563ce6de333a06c4a,True
control,r3,coin-heaven,220401,320401,1.0,0,0,50,0,0.37360191345214844,0.4909038543701172,163b2ce2b1cd0e19de5a68529ed41976e02a88d02f6e3116158b13a1f508bd4f,True
control,r3,coin-heaven,220402,320402,1.0,0,0,50,0,0.28992891311645486,0.41794776916503906,aa14b2f9767f977782e59cec05a5832c695019a0a286546aa9945c39c01c2656,True
control,r3,coin-heaven,220403,320403,1.0,0,0,50,0,0.556659698486328,0.7569789886474609,37724d43a47ecde6f2b5bd8c036af1cef51506a3e6817db1c74db3fa9430bc7f,True
control,r3,coin-heaven,220404,320404,1.0,0,0,50,0,0.50981044769287,0.6241798400878906,55ff5db71f98da3257eb00b3fad801fb3d362d20c0419bb9e850f5ccdab2b1d7,True
control,r3,coin-heaven,220405,320405,1.0,0,0,50,0,0.32787322998046875,1.3480186462402344,00faa51be40af07593bbdc02709550ce4dee3fb49991e114d700df4166f0cedc,True
control,r3,coin-heaven,220406,320406,1.0,0,0,50,0,0.45585632324218717,0.7128715515136719,53681c65909fe5b5837085c22ee1809e6d8bdbc7147af267d8bddd14ce2b885b,True
control,r3,coin-heaven,220407,320407,1.0,0,0,50,0,0.2579331398010254,0.5571842193603516,169eb0b736672e7c84616bac5b9395f50fa887197ccc55946a89fe40d8edf7da,True
control,r3,coin-heaven,220408,320408,1.0,0,0,50,0,0.381660461425781,0.6289482116699219,efcd5331469cdebe34f1ad08fc401d3512e154fec28253c265a83da78ad422da,True
control,r3,coin-heaven,220409,320409,1.0,0,0,50,0,0.447297096252441,0.6318092346191406,4fc2c7be4b9a255a074a9cfa9fbbcec214f77b9c1dbb3b270919f4f32878cd18,True
control,r3,coin-heaven,220410,320410,1.0,0,0,50,0,0.3410220146179197,0.6031990051269531,2a0e54cba14d26122226d560d1fd2b12495d6411a53284caa1dbcdc127899fe9,True
control,r3,coin-heaven,220411,320411,1.0,0,0,50,0,0.23229122161865232,0.4086494445800781,f3db430ffd70b5b83cc2efbedc9de1ac806664d6e0412509af8b00c3a90c14f2,True
control,r3,coin-heaven,220412,320412,1.0,0,0,50,0,0.3787755966186521,0.4978179931640625,494459215fea730638e2f8f37e9c58fb5c8bc67bea57f6b28712174f61d194c3,True
control,r3,coin-heaven,220413,320413,1.0,0,0,50,0,0.4368066787719724,0.6148815155029297,c5305d48b0d0130e83db8a87fad037718fb3ad3e6ca987ba33fb38d32101d46e,True
control,r3,coin-heaven,220414,320414,1.0,0,0,50,0,0.3784418106079097,0.48089027404785156,98d7e6cc343be2cb5318bdde3e09eff45cd60d6c0919ae577d9531d268e8002d,True
control,r3,coin-heaven,220415,320415,1.0,0,0,50,0,0.2858877182006836,0.54931640625,e550006a7091a0533539b3055f97e8e9c4a2855f7fa4697021b5730072b4caf8,True
control,r3,coin-heaven,220416,320416,1.0,0,0,50,0,0.3560543060302734,0.5459785461425781,2379fb88c10cf7b8c91b1a76d4531816fb95dc5a501167240ce6d7dc2be63e72,True
control,r3,coin-heaven,220417,320417,1.0,0,0,50,0,0.25594234466552734,0.3781318664550781,ede093830988e10b14e263232c3162c6172d1f00271bc52e75095c53984fda53,True
control,r3,coin-heaven,220418,320418,1.0,0,0,50,0,0.2508640289306639,0.37407875061035156,71b7687c5479f8e80d1cce9945415007f6f09fd15b6eb923f9f664a15196d6a1,True
control,r3,coin-heaven,220419,320419,1.0,0,0,50,0,0.2630233764648437,0.4429817199707031,ff44fb5b008be7c02d4a12f0fb9e5cec2d99ea5d056729f83b0c4ab344b99b72,True
control,r3,coin-heaven,220420,320420,1.0,0,0,50,0,0.2642512321472168,0.44798851013183594,c1c0eb7b76af5d2dc3dd864df0b61abe3e0105467262739ac62631a5513a357f,True
control,r3,loot-crate,220501,320501,0.22,0,0,11,3,0.40829181671142545,0.7259845733642578,bcc7216204065d14b706cd9aa67cbee79aa36c45f420800298b0b46d574b1dda,True
control,r3,loot-crate,220502,320502,0.46,0,0,23,4,0.6114125251770016,0.8728504180908203,2de0c273c5e225752c31b212a40b44993b99d0df966d81f92f0bdf5ba9a2ace6,True
control,r3,loot-crate,220503,320503,0.72,0,0,36,8,0.5031466484069823,0.7770061492919922,2d2297fcb232b09ec744ba8395a3a49dd9f84607df407a49455c554f03be96ca,True
control,r3,loot-crate,220504,320504,0.24,0,0,12,2,0.573885440826416,0.7338523864746094,23670956ae35e3acc10112f89a185d931125f3c68fbd5ebae14011f0e20c5dbe,True
control,r3,loot-crate,220505,320505,0.5,0,0,25,8,0.5955219268798818,1.0161399841308594,80334e70b0bc9dd9a1fb782c4592d0156bc15f4d443833617aed6c93ea651b51,True
control,r3,loot-crate,220506,320506,0.3,0,0,15,30,0.5960583686828613,0.7867813110351562,5aa1d78d1cb34a2b1b2e362a2706325d13f2ed37c2453355bc85a0e2066a05fe,True
control,r3,loot-crate,220507,320507,0.12,0,0,6,2,0.3991961479187011,0.6241798400878906,3f1e3717b60e9ee1492b0ed33914b8dfd31f4c6ad83f4bb2fbea480aaf0865e6,True
control,r3,loot-crate,220508,320508,0.1,0,0,5,0,0.3803610801696777,0.7522106170654297,977dfad2326cc657ad21374c5e993075498cfe0d50baeafeb47b1a65d19efdb5,True
control,r3,loot-crate,220509,320509,0.0,0,0,0,0,0.37602186203002924,0.8907318115234375,20edfd57bb8193257a75fab43b2d73ea793ac563c364f54a02c6e7a15a4fd0ed,True
control,r3,loot-crate,220510,320510,0.2,0,0,10,3,0.37909746170043945,0.5769729614257812,2ee9eb081dcfd947875b42f1a4a0a7c9854f78e55d4cddb376a39d05ea88ca42,True
control,r3,loot-crate,220511,320511,0.08,0,0,4,2,0.36211013793945296,0.7407665252685547,c29ca855043f180b48ac67b1a0268d1f8a23d1988e75dad69144372b5e4fc771,True
control,r3,loot-crate,220512,320512,0.6,0,0,30,9,0.4881024360656738,0.9417533874511719,e39367da9d2345408ec22f373bcf73f992ebe9ec0d2da6dd64cb54908b889e27,True
control,r3,loot-crate,220513,320513,0.7,0,0,35,15,0.4369974136352537,0.8230209350585938,7dbb2f0c671ac40a15bd0f7f203e41cb4c633b330e3ee1429e355a0436909266,True
control,r3,loot-crate,220514,320514,0.3,0,0,15,4,0.4693865776062008,0.7529258728027344,9db73fab657147af6bf5878196b302b50f03aea9fcb32b0f2dcbedd85d73ff07,True
control,r3,loot-crate,220515,320515,0.12,0,1,6,1,0.38970708847045893,0.5958080291748047,4e9423fcb3c270fc7619f3dac0c3d7f32522fc68c012a0976cc4c57e85169ca0,True
control,r3,loot-crate,220516,320516,0.52,0,0,26,18,0.5942225456237792,0.8249282836914062,413742b5c85ff718bc51bb072e8dacf9a68a7562a740ce6628cc25b489a7ebf0,True
control,r3,loot-crate,220517,320517,0.18,0,0,9,5,0.3776192665100094,0.621795654296875,3ba891bc2885a4ff50ea7a77e99f90edaedc789cfd45d1b004ac4d1710ff2e59,True
control,r3,loot-crate,220518,320518,0.28,0,0,14,5,0.7652282714843749,1.615762710571289,9cb11a927507f721c312c22c59167e56a43b9342f70e769e94dcf71417108faa,True
control,r3,loot-crate,220519,320519,0.24,0,0,12,23,0.5265355110168454,0.9188652038574219,bc9273c86535a7f343faa849674074e0d671e1afc0a20de1350e5e25e228a563,True
control,r3,loot-crate,220520,320520,0.52,0,0,26,9,0.7935523986816398,1.6949176788330078,a5d83df30dbab28d6f0f82607c4cd51ce84073f02dda3c8ff93223b8af8eba6a,True
control,r4,peaceful,220101,320101,0.7777777777777778,1,0,12,4,1.986980438232421,4.323244094848633,98cad6d0c695e1bfe63d79a0e56626ea2ec24dcc7ed4aacf9481a52bdfc14900,False
control,r4,peaceful,220102,320102,0.1111111111111111,0,0,1,80,1.7353892326354965,13.76199722290039,7e96b49a57b71b7804ecd6adabd0c5842f99bc9410ad271e67dc050e85fb4102,True
control,r4,peaceful,220103,320103,0.0,0,0,0,0,1.0295391082763665,8.788108825683594,5c557e3817bc29aad70dd253a89c28c22c048c4cf80589bf9414551d6d092b10,True
control,r4,peaceful,220104,320104,0.4444444444444444,0,0,4,61,2.1360397338867188,8.327722549438477,074de8a9f1171326e89809407de8fd0d6e0a89fce568c5738ffba8d1f0fafea2,True
control,r4,peaceful,220105,320105,0.3333333333333333,0,0,3,47,1.303851604461669,2.4039745330810547,aa74103e1e34231c8d571506b1cc8e0e506092958d797cad8d46b3f60e782e5f,True
control,r4,peaceful,220106,320106,0.0,0,0,0,0,0.8091688156127927,1.194000244140625,bbaff3894538c04f586997194397a8fab05777cf4f20879b62d043ca364c6c8e,True
control,r4,peaceful,220107,320107,0.5555555555555556,1,0,10,9,1.1627554893493646,10.46299934387207,a453b35ca63e4e9dffa81b66ef07998f0a90baf30bceaf3532a1960877880209,False
control,r4,peaceful,220108,320108,0.4444444444444444,0,0,4,10,2.025532722473144,3.5293102264404297,75b18df3191d857b78e5a81e2cc543b63ce52fa43e7f6a964bf4a40a90bb29df,False
control,r4,peaceful,220109,320109,0.2222222222222222,0,0,2,31,0.9970903396606436,3.9758682250976562,2f02f22917aad35716f4d2058c9bf7512fe404b31440f6cd3da3ab016e2a1dc7,True
control,r4,peaceful,220110,320110,0.2222222222222222,0,0,2,0,0.811028480529785,1.9981861114501953,3c3afa3480e7b2dc80e0a0d84b07ea0c1688212846d0a3be6299933d73e13931,True
control,r4,peaceful,220111,320111,0.0,0,0,0,0,0.3913760185241698,0.5650520324707031,a81d035ca2f7a6d13b922a788a5ef26b7a1c7d509295df508ea0753cee41f7dd,True
control,r4,peaceful,220112,320112,0.6666666666666666,0,1,6,4,0.5912184715270997,0.7491111755371094,4e8f421665fc2e6a646d5058c2896b2cfe54f34b08771a7d92d73c80d4f6cf00,False
control,r4,peaceful,220113,320113,0.0,0,0,0,0,0.31999349594116205,0.5509853363037109,38ed245a7468fdf21052eb932273758f8205f520842ce95c64f58cf21c233e1b,True
control,r4,peaceful,220114,320114,0.2222222222222222,0,0,2,1,0.4795074462890622,0.5829334259033203,6493ac4d0223775f39f06ddc42af6c0cda2f5720694dad779873cae958eebb70,True
control,r4,peaceful,220115,320115,0.1111111111111111,0,1,1,4,0.35866498947143544,0.45418739318847656,b58a377bc72a87966d08fb481965c247e5ccd44c9ce1204e26bfba45005daa52,True
control,r4,peaceful,220116,320116,0.3333333333333333,0,1,3,7,0.47888755798339844,0.5328655242919922,7d69585c12539529593aceca582629affc58f4eaec4e2e0fa67f21003dca25a2,True
control,r4,peaceful,220117,320117,0.1111111111111111,0,0,1,0,0.3202319145202636,0.5328655242919922,f6e4098233fec1112cf4c779b641d768738a60a6fd44309da4f78828ab379c99,True
control,r4,peaceful,220118,320118,0.1111111111111111,0,0,1,1,0.4471778869628905,0.6859302520751953,23a5d0a007d1b48333540ec73cd3ce4fee66229b4a905c0e2958c4004e3003be,True
control,r4,peaceful,220119,320119,0.0,0,0,0,47,0.27804374694824213,0.446319580078125,c06fb16ea4d09bfaadf63a1cd45ddec2e9b77dbda07044c24fa42880ae3f62ff,True
control,r4,peaceful,220120,320120,0.3333333333333333,0,0,3,33,0.5109310150146484,0.5500316619873047,13425ada67817adec554cdc1a4e89fce26f1d55da3760a741b2b5ceac0e48d6f,True
control,r4,coincollector,220201,320201,0.3333333333333333,0,0,3,14,1.0127067565917953,18.507003784179688,d47666fdeeb4c6c47c55039dfe0fdba9b03d96eda8d894d1d4971ef1fdfa168a,False
control,r4,coincollector,220202,320202,0.5555555555555556,0,0,5,5,0.5892276763916015,0.8666515350341797,b73feab1535f852543a2ee5609cf1d31fe68660253a4d608e7f0f4517a1b88be,False
control,r4,coincollector,220203,320203,0.0,0,0,0,5,1.2214064598083472,3.548145294189453,0fc97cef72940ad88fc3f549fd49467e10834e75bbec134870ae74cf756d8066,False
control,r4,coincollector,220204,320204,0.3333333333333333,0,0,3,12,1.112627983093261,1.4557838439941406,38fd0d4af449c58162366e3bf5c4cc1e564e28b4792e201d78af5ebebe8a89db,False
control,r4,coincollector,220205,320205,0.2222222222222222,0,0,2,3,1.2690782546997068,1.7619132995605469,f2896fa2696c5d2b41f5a6afe7bdd7cd11d4fd82e6fa53c04fee771ad610f120,False
control,r4,coincollector,220206,320206,0.3333333333333333,0,1,3,5,0.9779930114746094,1.2280941009521484,439c4cbe75f9985abd53d4436223f4091c3277f4f5afa29ce04c1546527a2b6b,False
control,r4,coincollector,220207,320207,0.4444444444444444,0,1,4,8,0.824737548828125,1.0781288146972656,baab36d3dd1fe91b04c99ec0f08e201f6d971e8b40ed7a4e64588b30ceeca3d3,False
control,r4,coincollector,220208,320208,0.5555555555555556,0,0,5,13,0.5741357803344724,0.7867813110351562,9cb0b0f5eb6463ddb872c7488dff29d00c5fb7d421883787a6df3358dea08ddc,False
control,r4,coincollector,220209,320209,0.2222222222222222,0,0,2,4,1.3427734374999987,3.0410289764404297,67e5ec9b47aee1c1438e2ddb1709df278f6d25bdf2d0c9a950c3673ff064cb8f,False
control,r4,coincollector,220210,320210,0.5555555555555556,0,0,5,7,0.7040500640869141,0.9889602661132812,375ba64576af80197ec4ff313d8d7ff50534de3ab5a6132243c0c4e86583b592,False
control,r4,coincollector,220211,320211,0.6666666666666666,0,0,6,5,0.7734060287475581,1.0409355163574219,1c9a10272a29977f688233293113d55b45b3e2a77fb91bf993240c633424c501,False
control,r4,coincollector,220212,320212,0.3333333333333333,0,1,3,11,1.7305612564086637,3.4508705139160156,ed2d08a192d91422466cafc506eb2392ca23075138231bb1603f7c577f00bf62,False
control,r4,coincollector,220213,320213,0.2222222222222222,0,1,2,2,0.8887052536010741,1.062154769897461,2ea07f54a55d711fa80e7a14ddafe872ecdd89eb97049f1e4441cb79d5fb0266,False
control,r4,coincollector,220214,320214,0.0,0,0,0,2,1.1595487594604488,2.833127975463867,8ed593d3dc21d3caf0978eb9b9119d2c80952a7a2b78b18f6ea12ce59d4d5186,False
control,r4,coincollector,220215,320215,0.4444444444444444,0,0,4,8,0.8462071418762205,2.2199153900146484,b4bb6bed6f24513558ded22b5af320eb831125c8f1fba87efcc04466e00f9b45,False
control,r4,coincollector,220216,320216,0.3333333333333333,0,0,3,7,1.1004209518432604,2.0949840545654297,8e7eaa6d8f0049928001c704763f6a627fc6de9c909d7a52fc231f79d29a3cfd,False
control,r4,coincollector,220217,320217,0.3333333333333333,0,0,3,6,1.2513160705566406,3.3872127532958984,3f5cb89176572f8cae8482d110f686d59ed54a9c845dfa53b456c0ee5e62e8cc,False
control,r4,coincollector,220218,320218,0.1111111111111111,0,0,1,20,1.9227981567382804,6.060123443603516,bf94f04394f8b68002ef056967b42d872d2c020d6fd53d55280e39ecd6118c0a,False
control,r4,coincollector,220219,320219,0.3333333333333333,0,0,3,3,1.2474060058593748,6.16002082824707,a6547ab4cc878bf47f8f6e8af330992b7b70aec0089c69a58460efe6b7122edc,False
control,r4,coincollector,220220,320220,0.1111111111111111,0,0,1,4,0.8420467376708982,1.9538402557373047,74de23e1f0bcf98a632629170af7cdd99644af594ef26e42301de8da9dcef3fe,False
control,r4,classic,220301,320301,0.3333333333333333,0,0,3,14,0.2781391143798827,0.5018711090087891,44e85f36ee17d43affcdd31201ef3c9ee2bea5f7027fd6fce4478b7f1c4f7f0e,True
control,r4,classic,220302,320302,0.5555555555555556,0,0,5,5,0.39128065109252924,0.5490779876708984,13f299cf4a83e9974c8c8afc1e8a12f532c2243534214c98e086d493081b1517,True
control,r4,classic,220303,320303,0.0,0,0,0,42,0.3221511840820312,0.5061626434326172,3ac6e2248e1e1a5f9c9cec5a045f342829f655b70a2e6bdb281b66293ed47483,True
control,r4,classic,220304,320304,0.3333333333333333,0,1,3,3,0.2866268157958985,0.5071163177490234,9943b157ab1e08f1531cb0110443c2c23ae0bf8426da10c445c402243cb7e0e5,True
control,r4,classic,220305,320305,0.6666666666666666,0,0,6,6,0.516557693481445,1.8489360809326172,5c8d3fce1cebdb398acd61250adcdf24ae0b95ed0cf183cf76f7cabaf581cd64,True
control,r4,classic,220306,320306,0.1111111111111111,0,0,1,0,0.31325817108154297,241907.08899497986,ab2fc35ce7cd7f95cb355916f6230036467ecdbc88080c80b7b5b4bd21dbda11,False
control,r4,classic,220307,320307,0.3333333333333333,0,0,3,0,0.3100037574768066,0.7910728454589844,2438fb161850ef7cc397478f693d33e0b53b6138d361b16af1cfc8a4645e7fe4,True
control,r4,classic,220308,320308,0.0,0,0,0,0,0.31495094299316406,0.7832050323486328,09a2a17a93e73bd009a2e835ae5447b57f039e2a179db3bdd82d56daea0c9f0b,True
control,r4,classic,220309,320309,0.3333333333333333,0,0,3,14,0.19358396530151303,0.5047321319580078,4f56af6fb47337bf56fcd914aac212a578739557ed5d5f994c495f5aa2b3ddc1,True
control,r4,classic,220310,320310,0.1111111111111111,0,0,1,45,0.1380443572998047,0.31495094299316406,7b5d6b8966d2d807f36fe1fe085e13ea2340a02633e38e0ccb5c2cf184298eff,True
control,r4,classic,220311,320311,0.7777777777777778,0,0,7,3,0.1491069793701171,0.2601146697998047,455b944d5a50432102e5f790fa0a94d6e18a361be7e7ec99f5cad86fbec770d8,True
control,r4,classic,220312,320312,0.5555555555555556,0,0,5,4,0.13589859008789062,0.2551078796386719,ae90d12a5adc8cc7c5c57065c1f36ee9a6a7141f6ae7bbac45767ad013449bc6,True
control,r4,classic,220313,320313,0.4444444444444444,0,0,4,1,0.13117790222167963,0.4112720489501953,30833153394a64bea95295b7e43595cecb7a5f253fee6c640bb2ed3738244840,True
control,r4,classic,220314,320314,0.0,0,0,0,0,0.10805130004882808,0.26297569274902344,b0b6af7a71cc67a62f675531ecd037511b4106c5222900a99b43f3a346ccdef0,True
control,r4,classic,220315,320315,0.1111111111111111,0,0,1,1,0.16882419586181638,0.2770423889160156,367fad3a04c409362d834738e081aa303ff546adbe67359cd453e46605ef69ba,True
control,r4,classic,220316,320316,0.1111111111111111,0,0,1,1,0.11801719665527344,0.25391578674316406,98b3098e86b8c08fcb6fbde71f880c5a771abec8a0be9912951c91b6b0004105,True
control,r4,classic,220317,320317,0.4444444444444444,0,0,4,0,0.14011859893798814,0.9849071502685547,128a8261c15ff5230b815778616409a49edde3555be5fd3a1a0716be36667dc9,True
control,r4,classic,220318,320318,0.0,0,0,0,0,0.12092590332031246,0.26798248291015625,0850c5beaaf0d3d2a23f6bcb55e2ee3a463c932f5ea663985db669a6e8a0efa5,True
control,r4,classic,220319,320319,0.3333333333333333,0,0,3,6,0.23894309997558588,0.6082057952880859,99ee53d92270c810ce418d8849c523563b2f0fa91050cb465a0775bdcdc2b50a,True
control,r4,classic,220320,320320,0.0,0,0,0,0,0.12233257293701169,0.27489662170410156,fa2c07e130dbcb8d9406d62aa96285ef8d16345eed8d8826a155d22ede5316e1,True
control,r4,coin-heaven,220401,320401,1.0,0,0,50,0,0.2785325050354004,0.3609657287597656,163b2ce2b1cd0e19de5a68529ed41976e02a88d02f6e3116158b13a1f508bd4f,True
control,r4,coin-heaven,220402,320402,1.0,0,0,50,0,0.11774301528930663,0.2779960632324219,aa14b2f9767f977782e59cec05a5832c695019a0a286546aa9945c39c01c2656,True
control,r4,coin-heaven,220403,320403,1.0,0,0,50,0,0.23794174194335932,0.3342628479003906,37724d43a47ecde6f2b5bd8c036af1cef51506a3e6817db1c74db3fa9430bc7f,True
control,r4,coin-heaven,220404,320404,1.0,0,0,50,0,0.24602413177490223,0.3151893615722656,55ff5db71f98da3257eb00b3fad801fb3d362d20c0419bb9e850f5ccdab2b1d7,True
control,r4,coin-heaven,220405,320405,1.0,0,0,50,0,0.1920223236083984,0.28014183044433594,00faa51be40af07593bbdc02709550ce4dee3fb49991e114d700df4166f0cedc,True
control,r4,coin-heaven,220406,320406,1.0,0,0,50,0,0.23150444030761702,0.3268718719482422,53681c65909fe5b5837085c22ee1809e6d8bdbc7147af267d8bddd14ce2b885b,True
control,r4,coin-heaven,220407,320407,1.0,0,0,50,0,0.14114379882812497,0.28061866760253906,169eb0b736672e7c84616bac5b9395f50fa887197ccc55946a89fe40d8edf7da,True
control,r4,coin-heaven,220408,320408,1.0,0,0,50,0,0.15258789062499997,0.286102294921875,efcd5331469cdebe34f1ad08fc401d3512e154fec28253c265a83da78ad422da,True
control,r4,coin-heaven,220409,320409,1.0,0,0,50,0,0.2915978431701659,0.6639957427978516,4fc2c7be4b9a255a074a9cfa9fbbcec214f77b9c1dbb3b270919f4f32878cd18,True
control,r4,coin-heaven,220410,320410,1.0,0,0,50,0,0.2822518348693847,1.631021499633789,2a0e54cba14d26122226d560d1fd2b12495d6411a53284caa1dbcdc127899fe9,True
control,r4,coin-heaven,220411,320411,1.0,0,0,50,0,0.179290771484375,0.3209114074707031,9b51578ed3f83416c3e97b32986a74f1aa9cbaa8a280debf2ec3575a2d83d3d1,True
control,r4,coin-heaven,220412,320412,1.0,0,0,50,0,0.22923946380615232,0.25391578674316406,494459215fea730638e2f8f37e9c58fb5c8bc67bea57f6b28712174f61d194c3,True
control,r4,coin-heaven,220413,320413,1.0,0,0,50,0,0.2516984939575194,0.6716251373291016,c5305d48b0d0130e83db8a87fad037718fb3ad3e6ca987ba33fb38d32101d46e,True
control,r4,coin-heaven,220414,320414,1.0,0,0,50,0,0.2554178237915038,0.6577968597412109,98d7e6cc343be2cb5318bdde3e09eff45cd60d6c0919ae577d9531d268e8002d,True
control,r4,coin-heaven,220415,320415,1.0,0,0,50,0,0.1769304275512695,0.31113624572753906,e550006a7091a0533539b3055f97e8e9c4a2855f7fa4697021b5730072b4caf8,True
control,r4,coin-heaven,220416,320416,1.0,0,0,50,0,0.29225349426269515,0.4069805145263672,2379fb88c10cf7b8c91b1a76d4531816fb95dc5a501167240ce6d7dc2be63e72,True
control,r4,coin-heaven,220417,320417,1.0,0,0,50,0,0.3210306167602539,0.7307529449462891,ede093830988e10b14e263232c3162c6172d1f00271bc52e75095c53984fda53,True
control,r4,coin-heaven,220418,320418,1.0,0,0,50,0,0.21328926086425778,0.2732276916503906,71b7687c5479f8e80d1cce9945415007f6f09fd15b6eb923f9f664a15196d6a1,True
control,r4,coin-heaven,220419,320419,1.0,0,0,50,0,0.19111633300781242,0.45990943908691406,ff44fb5b008be7c02d4a12f0fb9e5cec2d99ea5d056729f83b0c4ab344b99b72,True
control,r4,coin-heaven,220420,320420,1.0,0,0,50,0,0.14919042587280273,0.23794174194335938,c1c0eb7b76af5d2dc3dd864df0b61abe3e0105467262739ac62631a5513a357f,True
control,r4,loot-crate,220501,320501,0.14,0,0,7,81,0.6165504455566404,1.33514404296875,3bb0857a9032813494def227687d682e64aab9e1760f9461db7c532ba37bc141,True
control,r4,loot-crate,220502,320502,0.26,0,0,13,25,0.35630464553832975,0.9219646453857422,a6b9ffcf30c4fd77731b8a032ab659a67dec8f6344b38e41ec2455cc84bfbeec,True
control,r4,loot-crate,220503,320503,0.12,0,1,6,2,0.3641128540039062,0.7376670837402344,02a26c93a52eb9cab8346c0fdb1d94fc1b79738d022e5aa8952913d65fd83353,True
control,r4,loot-crate,220504,320504,0.16,0,0,8,5,0.41031837463378884,1.3308525085449219,5da012ebdecd364cd4b40f299e0ae3917e5d1c51b1ba5bf00d186100ac76a9de,True
control,r4,loot-crate,220505,320505,0.72,0,0,36,7,0.5770802497863768,1.5499591827392578,51c9fe1aac1c31eebf72599812b27ebb942ca9c418d6fbc2ad63256d90921325,True
control,r4,loot-crate,220506,320506,0.2,0,0,10,7,0.4258275032043457,1.2478828430175781,0d82cdcd808632ed8e35d97d02f334e0fc5e1bd9567cb40b8d64aa80e5cdfc50,True
control,r4,loot-crate,220507,320507,0.48,0,1,24,11,0.5860328674316406,1.56402587890625,a2f1fa667c9d99aeec68c7e1998bce72a6e15dfa92d50ab29de3c258ed876f4c,True
control,r4,loot-crate,220508,320508,0.1,0,0,5,0,0.3787875175476068,0.6692409515380859,4f16b31c3c68a5f3b99b9cbc0315652e50bd3e674690370e0399e0663ecdd38e,True
control,r4,loot-crate,220509,320509,0.26,0,0,13,34,0.7201433181762692,1.2631416320800781,26f0ca05c292d19e5e07734f94ceefd9badf3ce8adfc531f0a77fb249c38662e,True
control,r4,loot-crate,220510,320510,0.3,0,0,15,32,0.2830028533935538,0.5388259887695312,fe293e31782262a64d5197026dc2d8f2103c0111206968c8d00eb714ef7bdb46,True
control,r4,loot-crate,220511,320511,0.24,0,0,12,4,0.43931007385253895,1.1677742004394531,d2f4de17aee7b4974d1d435da473a4df2c58f5795da1dfeb967ffc2273af690d,True
control,r4,loot-crate,220512,320512,0.2,0,0,10,37,0.40996074676513594,1.3320446014404297,8cb5598c9009048781d3bd2376a2fff8a3b6a19ddf0a1ff30faa3014c1da54d4,True
control,r4,loot-crate,220513,320513,0.5,0,0,25,12,0.5221605300903318,1.0559558868408203,d6a3973c6215e0927b0941cc7b3f09748b4cd3d190775cbb4a4f57074c3b110e,True
control,r4,loot-crate,220514,320514,0.24,0,0,12,7,0.5749344825744628,1.8270015716552734,e5dddd69a890f13ffccc4e84d2f93b605bca1bf548b4f71dd1d3e2a032e7be47,True
control,r4,loot-crate,220515,320515,0.1,0,0,5,0,0.6333470344543454,1.1551380157470703,5473bf35b43f527e88b7d6bf861c349897101a43f64d9b5e5ab90ad60ee51cb7,True
control,r4,loot-crate,220516,320516,0.62,0,0,31,20,0.6713867187499998,1.7516613006591797,dae5253e08d4dac4d9d8777ad76a00914acf4c3333e05d94e771b9a40ff0f58d,True
control,r4,loot-crate,220517,320517,0.1,0,0,5,0,0.6784081459045407,2.2840499877929688,3a83dd3ea25e2b379aeb01cceaaaf1e4e8fac8b8f676f1095b3582f0b266a5b8,True
control,r4,loot-crate,220518,320518,0.36,0,0,18,6,0.6950736045837393,2.1789073944091797,ee83c5b556f6b203c0b6c2862d19eccc69e4f7ad8076b0ebd8051b41ecec91be,True
control,r4,loot-crate,220519,320519,0.74,0,0,37,6,0.3264427185058591,0.6861686706542969,0bb0c4b88b1dc52a82082eaf8a7d8ed5f8897143e5772a98cbaf5618a3660955,True
control,r4,loot-crate,220520,320520,0.06,0,1,3,0,0.4279136657714843,0.7479190826416016,06aba310611e7e31dd57d04409f87c20810a6cfe36842fe1aebe1d191dcdbc4d,True
control,r5,peaceful,220101,320101,0.4444444444444444,0,1,4,3,0.8223056793212891,1.5649795532226562,d195bb106cb38f28fddde56d6fc638ffc173e0584fd3457c1a18501687b7cefd,True
control,r5,peaceful,220102,320102,0.0,0,0,0,0,0.6399154663085929,2.332925796508789,fa665a9aa52faa683b6637c69fc39f09c79aaa3afb23fa9bd95a153fa44bb7d0,True
control,r5,peaceful,220103,320103,0.0,0,0,0,0,0.6751656532287595,1.058816909790039,c5ffc21264cdeabff7eae28b8efdfd9c3cdc979b6a7d84d0d832791b9aebdd9d,True
control,r5,peaceful,220104,320104,0.7777777777777778,0,0,7,10,1.294255256652831,3.481149673461914,592a99db23a284ada03b587061017f14ef98e1da2e5f25590ae0a8649f2a8f6b,True
control,r5,peaceful,220105,320105,0.4444444444444444,0,0,4,5,0.8140921592712399,1.9450187683105469,ebf1416427250da541b126d214a985b68186665029ef9b422447e196f414de64,True
control,r5,peaceful,220106,320106,0.2222222222222222,0,0,2,0,0.9073138236999508,2.9659271240234375,2a713e20223bf414fb4a13956d90fde4f89ebed8a64ec32b04fbb0b9b0ec52e2,True
control,r5,peaceful,220107,320107,0.1111111111111111,0,0,1,25,0.7922291755676267,1.6598701477050781,e8ecb4f34e660ce0b0c139af93d57c19f28de4cd173562c03a16467ce9bba868,True
control,r5,peaceful,220108,320108,0.5555555555555556,1,0,10,4,0.9818196296691895,2.045869827270508,741e1b20541d8c444dc9354c576add8a5fbf8ca2e938c890ba02b54de1f46c92,False
control,r5,peaceful,220109,320109,0.3333333333333333,0,0,3,14,0.3128767013549804,0.4277229309082031,60aba7326ddb5babd103a791dc8cc785b5cded43aab05e9f62ab565caa2b940f,True
control,r5,peaceful,220110,320110,0.2222222222222222,0,0,2,1,0.3689289093017577,0.6718635559082031,d7c7f430ca415a4add4f4070a5099940032837440fa70942850dd52c29a7952a,True
control,r5,peaceful,220111,320111,0.1111111111111111,0,0,1,1,0.34931898117065424,0.9088516235351562,d936ebc8aa1067e8a2e71c56707ab2dbe1e3512bc2b55e1fe2f8e60b6c992e41,True
control,r5,peaceful,220112,320112,0.4444444444444444,1,0,9,7,0.26408433914184554,0.44226646423339844,fd8cc9a142587469d2f47f24e77263729a62a7b6f02334ba6d8b55ac2c389602,False
control,r5,peaceful,220113,320113,0.1111111111111111,1,0,6,0,0.14710426330566406,0.4291534423828125,07267b9f3126e26e93ce4d430c308d17b2b789533899991f898647ca3075ac8e,True
control,r5,peaceful,220114,320114,0.0,0,0,0,0,0.16571283340454102,0.26917457580566406,e4bd933648bd72808ac01a047cec31d26783c31e5e18761afb3573de5c5b4040,True
control,r5,peaceful,220115,320115,0.1111111111111111,0,1,1,3,0.1856088638305664,0.28896331787109375,431d073f185d21f6cac34aa38d4c59176bbc10a053e331ae59823db4b3210c9e,True
control,r5,peaceful,220116,320116,0.2222222222222222,0,0,2,4,0.21318197250366208,1.4269351959228516,97adf133ff65e9bf9d27e9f7ff70b6b25bd49f9101a3fa17f73073944655a8a5,True
control,r5,peaceful,220117,320117,0.1111111111111111,0,0,1,35,0.262308120727539,0.5221366882324219,f18acb8751d762f8d9668d199d6ef185cab269a1ae0bb57f1cb16e52552dd4b2,True
control,r5,peaceful,220118,320118,0.0,0,0,0,3,0.14787912368774409,0.33402442932128906,73388cdd7f4ede32e89d7f8eb5dcfb66592829ba350522175e6592123611bf96,True
control,r5,peaceful,220119,320119,0.2222222222222222,0,0,2,0,0.21295547485351557,0.2818107604980469,0141b0fdc4e972ab4d44c7a79fd3cb23890f155db9ffe9a25282e9add21e3b13,True
control,r5,peaceful,220120,320120,0.6666666666666666,0,0,6,11,0.3939270973205566,0.5857944488525391,cac7cdff36e5d383caa4b10a9d07bf8facf4f53f13a98c1dfefcd5e763bd5601,True
control,r5,coincollector,220201,320201,0.1111111111111111,0,1,1,1,0.2070307731628418,0.2849102020263672,fede8f51552a679e65511a479bb94b170c1b851bd7ccd8a49249ffeb728551fe,False
control,r5,coincollector,220202,320202,0.4444444444444444,0,1,4,7,0.36406517028808577,1.4190673828125,b7e9f0586d8ca0b30f0a0a5de8a30c2763bac21d363cb63e4dbfc9ff2fcbcd01,False
control,r5,coincollector,220203,320203,0.1111111111111111,0,1,1,2,0.25237798690795893,0.3237724304199219,c57fe384c23eab3855c4c3026f9cf7d9c5ee8c87d49f3adbffb7f587a33a2e6a,False
control,r5,coincollector,220204,320204,0.6666666666666666,0,0,6,16,0.3191590309143065,0.6608963012695312,64f4f2dc1619b062e61fd6ee817ff3db8d92629470d1458b063e9a16a9f46f53,False
control,r5,coincollector,220205,320205,0.3333333333333333,0,0,3,7,0.6008267402648926,1.0292530059814453,866cfb6145c6b38911916f86ef27e7c51815a035e5ef9e29b528e826213bce82,False
control,r5,coincollector,220206,320206,0.4444444444444444,0,0,4,9,0.49562454223632685,1.049041748046875,35a684357484e6bb17bcfaa4151a31e5e7768abb7330ad8ee46451d4bbfeb175,False
control,r5,coincollector,220207,320207,0.4444444444444444,0,1,4,10,0.4786968231201172,0.7100105285644531,66d15379aea263a136595fca062c0c9e667be64f07e5ac7ba7fd184bfe208fb4,False
control,r5,coincollector,220208,320208,0.3333333333333333,0,0,3,4,0.7634639739990228,1.3077259063720703,acd696bc18a6d6b98a2483d0a0efbf430f854f013d13f009278e46908afe1646,False
control,r5,coincollector,220209,320209,0.3333333333333333,0,0,3,10,0.4044175148010251,0.7009506225585938,387c71f6582aeeec506521dfe2d423d9073d46723251dff7564f6826ddbb3caa,False
control,r5,coincollector,220210,320210,0.3333333333333333,0,1,3,3,0.34546852111816406,0.36978721618652344,89b17583a5f32de8c073e95b7b287fad2683d114fcf87a410d56aaa826bb8cc8,False
control,r5,coincollector,220211,320211,0.1111111111111111,1,0,6,7,0.25328397750854487,0.4572868347167969,4b12b05fc2496fe8eb10d680ba751da5ba07e6b84bf5aec88ce06b53ffb7f26c,False
control,r5,coincollector,220212,320212,0.3333333333333333,0,0,3,5,0.5168914794921875,1.1281967163085938,ae98e8ae7d25afe903707b7084e1a50228946977a4ba43b04da2414a61320fbc,False
control,r5,coincollector,220213,320213,0.2222222222222222,0,1,2,7,0.21003484725952148,0.3020763397216797,75c87f791e5c8f7d3b22bc75eea2dbd531cc588b890893fff4659375b59a856d,False
control,r5,coincollector,220214,320214,0.4444444444444444,0,0,4,19,0.6106138229370113,1.1022090911865234,f6c136e753a8de056d7ef3e30fb2a6ee718c528b523e196c182772ed15c8bca5,False
control,r5,coincollector,220215,320215,0.2222222222222222,1,0,7,0,0.27900934219360346,0.4627704620361328,9e1cdde1550b37e9c799ebc61608393aa667121919b2851ab9e0705e5adcbb2d,False
control,r5,coincollector,220216,320216,0.4444444444444444,0,0,4,9,0.6012558937072752,0.7407665252685547,472835c10adf1dc2f851968588c021accd3246d9aca99fc9367cc52c84c3b5ae,False
control,r5,coincollector,220217,320217,0.2222222222222222,0,1,2,2,0.2034902572631836,0.5061626434326172,09e15fffee2c5c6ac2a14fec5e97529a9949c84e22d0705955cf07f741d5640f,False
control,r5,coincollector,220218,320218,0.1111111111111111,0,0,1,12,0.5571961402893068,0.965118408203125,908cd628c4e5cad1e1864f4efd78356e9144b6a27713375531bdbf5a26463d85,False
control,r5,coincollector,220219,320219,0.2222222222222222,0,0,2,7,0.3515601158142089,0.6799697875976562,0c22a1aed0b81b5cec43ac4dfe874bd5c60601a017d65867c59dbc7334b99cf2,False
control,r5,coincollector,220220,320220,0.2222222222222222,1,0,7,4,0.1900196075439453,0.48804283142089844,143add56bc436e28caa6c70a906d9a4e042816344fcab618a22e6ae62f4af05f,False
control,r5,classic,220301,320301,0.2222222222222222,0,0,2,24,0.6062269210815426,1.2280941009521484,a0a27dad55a99abefd248eba553478aa2d055d6373b9f59f500df58ef720009e,True
control,r5,classic,220302,320302,0.4444444444444444,0,0,4,4,0.575804710388182,1.2972354888916016,437216fa99036f97b11cefccd4ef270c46f359c4421197c6ab9bde095a5e7428,True
control,r5,classic,220303,320303,0.1111111111111111,0,0,1,1,0.5657553672790521,3.3180713653564453,ed5e9a90a87ebe2459e7e2689693848ab1a0710e2d13efff79ba601969071653,True
control,r5,classic,220304,320304,0.0,0,0,0,0,0.5730152130126943,1.1589527130126953,7a74792bbf3ff7e48b1348075d73725bfa3d7d90768f17a54d12ddb4e13a8a28,True
control,r5,classic,220305,320305,0.8888888888888888,0,0,8,4,0.24133920669555636,0.5860328674316406,27fbc62e074ae19e799e5e99954d8963ffa998371b71d121694f199514690470,True
control,r5,classic,220306,320306,0.1111111111111111,0,0,1,0,0.14711618423461914,0.4661083221435547,ef5c4efd1e63db0cedd48782190567bac3e10a7ba85069962f418d1a9bc82ebf,True
control,r5,classic,220307,320307,0.2222222222222222,0,0,2,1,0.14091730117797852,0.3063678741455078,8124391d93f43b7b727b1a61d76c09e40194414135bd749c167cf9dfd073c436,True
control,r5,classic,220308,320308,0.2222222222222222,0,0,2,2,0.2357840538024896,0.8039474487304688,e2a92d986543a8b25ee481710e8ebc974885fbfcd45d8878a11555558b110f97,True
control,r5,classic,220309,320309,0.1111111111111111,0,0,1,2,0.1309037208557129,0.2529621124267578,8a125c356dbf064629e3505b8818090b51d500335f906c8d1bbb8363736d8ee6,True
control,r5,classic,220310,320310,0.1111111111111111,0,0,1,2,0.1239776611328125,0.2620220184326172,c69783134b2425b606a97f019cdb60fc7289ac8ec3e8f006ba03ffa38c68fcf1,True
control,r5,classic,220311,320311,0.0,0,0,0,0,0.12328624725341794,0.29087066650390625,6b3d8e39f488d0fafc37726b7d9bf5a80a31727beacdc786a7d9d34933e9ac6d,True
control,r5,classic,220312,320312,0.0,0,0,0,21,0.12813806533813465,0.270843505859375,e4552aab53023a365dfcbfdeb63c19b8d9c91c2476507669f1a02e1c7833d102,True
control,r5,classic,220313,320313,0.5555555555555556,0,0,5,11,0.16812086105346677,0.2560615539550781,0b6740b9568571e88069b335efe60809884ef53baf8fda99f5ca4f446cd525f6,True
control,r5,classic,220314,320314,0.2222222222222222,0,1,2,0,0.11849403381347656,0.2551078796386719,0a9d38c0a2d987f50e0ff626178bb4ba332f8128e53371973a4942272cba4cf9,True
control,r5,classic,220315,320315,0.1111111111111111,0,0,1,0,0.1328110694885254,0.270843505859375,766d1913b53cd04d42d2ced33053b43c4d09a8f6fd3498d9ebc7dadc3c4b84d3,True
control,r5,classic,220316,320316,0.3333333333333333,0,0,3,6,0.21508932113647458,0.5371570587158203,1972d8c77eaf2be5e0dd31e3c4122460cc1396a4e3cfd872dae0395e985e1007,True
control,r5,classic,220317,320317,0.4444444444444444,0,0,4,0,0.16194581985473627,0.40602684020996094,29c7a8595e9f39f3422503ea6149f5f26074503674046a0ee2a5dd3047d8333a,True
control,r5,classic,220318,320318,0.0,0,0,0,0,0.11706352233886719,0.2779960632324219,574cf9e8cfa9ecbdaeb83c9a1dedaddb1ee2b5329968bdcf3d388f8b1dad7e72,True
control,r5,classic,220319,320319,0.3333333333333333,0,0,3,2,0.10997056961059565,0.2651214599609375,2c4c68c4aa43d0bef015f81ad2b3ce04bbe49fa70e355dae6339c0ea75c6f06b,True
control,r5,classic,220320,320320,0.0,0,0,0,0,0.1239776611328125,0.2989768981933594,fa2c07e130dbcb8d9406d62aa96285ef8d16345eed8d8826a155d22ede5316e1,True
control,r5,coin-heaven,220401,320401,1.0,0,0,50,0,0.16897916793823242,0.2560615539550781,163b2ce2b1cd0e19de5a68529ed41976e02a88d02f6e3116158b13a1f508bd4f,True
control,r5,coin-heaven,220402,320402,1.0,0,0,50,0,0.12686252593994135,0.2079010009765625,aa14b2f9767f977782e59cec05a5832c695019a0a286546aa9945c39c01c2656,True
control,r5,coin-heaven,220403,320403,1.0,0,0,50,0,0.23813247680664062,0.3228187561035156,37724d43a47ecde6f2b5bd8c036af1cef51506a3e6817db1c74db3fa9430bc7f,True
control,r5,coin-heaven,220404,320404,1.0,0,0,50,0,0.22149085998535137,0.26988983154296875,55ff5db71f98da3257eb00b3fad801fb3d362d20c0419bb9e850f5ccdab2b1d7,True
control,r5,coin-heaven,220405,320405,1.0,0,0,50,0,0.12531280517578122,0.20599365234375,00faa51be40af07593bbdc02709550ce4dee3fb49991e114d700df4166f0cedc,True
control,r5,coin-heaven,220406,320406,1.0,0,0,50,0,0.224637985229492,0.30112266540527344,53681c65909fe5b5837085c22ee1809e6d8bdbc7147af267d8bddd14ce2b885b,True
control,r5,coin-heaven,220407,320407,1.0,0,0,50,0,0.14160871505737305,0.2918243408203125,169eb0b736672e7c84616bac5b9395f50fa887197ccc55946a89fe40d8edf7da,True
control,r5,coin-heaven,220408,320408,1.0,0,0,50,0,0.1451969146728515,0.2620220184326172,efcd5331469cdebe34f1ad08fc401d3512e154fec28253c265a83da78ad422da,True
control,r5,coin-heaven,220409,320409,1.0,0,0,50,0,0.2516269683837889,0.3120899200439453,4fc2c7be4b9a255a074a9cfa9fbbcec214f77b9c1dbb3b270919f4f32878cd18,True
control,r5,coin-heaven,220410,320410,1.0,0,0,50,0,0.16582012176513652,0.3018379211425781,2a0e54cba14d26122226d560d1fd2b12495d6411a53284caa1dbcdc127899fe9,True
control,r5,coin-heaven,220411,320411,1.0,0,0,50,0,0.11184215545654297,0.18787384033203125,f3db430ffd70b5b83cc2efbedc9de1ac806664d6e0412509af8b00c3a90c14f2,True
control,r5,coin-heaven,220412,320412,1.0,0,0,50,0,0.2458810806274414,0.6361007690429688,494459215fea730638e2f8f37e9c58fb5c8bc67bea57f6b28712174f61d194c3,True
control,r5,coin-heaven,220413,320413,1.0,0,0,50,0,0.22647380828857414,0.3261566162109375,c5305d48b0d0130e83db8a87fad037718fb3ad3e6ca987ba33fb38d32101d46e,True
control,r5,coin-heaven,220414,320414,1.0,0,0,50,0,0.18584728240966789,0.244140625,98d7e6cc343be2cb5318bdde3e09eff45cd60d6c0919ae577d9531d268e8002d,True
control,r5,coin-heaven,220415,320415,1.0,0,0,50,0,0.13589859008789062,0.2319812774658203,e550006a7091a0533539b3055f97e8e9c4a2855f7fa4697021b5730072b4caf8,True
control,r5,coin-heaven,220416,320416,1.0,0,0,50,0,0.1895904541015624,0.27871131896972656,2379fb88c10cf7b8c91b1a76d4531816fb95dc5a501167240ce6d7dc2be63e72,True
control,r5,coin-heaven,220417,320417,1.0,0,0,50,0,0.12540817260742188,0.2570152282714844,ede093830988e10b14e263232c3162c6172d1f00271bc52e75095c53984fda53,True
control,r5,coin-heaven,220418,320418,1.0,0,0,50,0,0.12321472167968749,0.2110004425048828,71b7687c5479f8e80d1cce9945415007f6f09fd15b6eb923f9f664a15196d6a1,True
control,r5,coin-heaven,220419,320419,1.0,0,0,50,0,0.12793540954589835,0.21409988403320312,ff44fb5b008be7c02d4a12f0fb9e5cec2d99ea5d056729f83b0c4ab344b99b72,True
control,r5,coin-heaven,220420,320420,1.0,0,0,50,0,0.14220476150512681,0.26535987854003906,c1c0eb7b76af5d2dc3dd864df0b61abe3e0105467262739ac62631a5513a357f,True
control,r5,loot-crate,220501,320501,0.18,0,0,9,4,0.2442836761474608,0.5290508270263672,6e8ce6a790d6a2d4ecbc12c9c3bb9300feb481197d52055c2c71cb16998d4cca,True
control,r5,loot-crate,220502,320502,0.64,0,0,32,13,0.29952526092529247,0.49304962158203125,814aad181fcbb945b7f040f6f776278204369260183c004bb79580f66b7a2cd1,True
control,r5,loot-crate,220503,320503,0.12,0,1,6,2,0.18199682235717773,0.4229545593261719,f757b58572b3dbf58fd221a06110463fc47df69337d9c493d3612e748b8f600b,True
control,r5,loot-crate,220504,320504,0.2,0,0,10,1,0.23409128189086895,0.4239082336425781,46e9b642f64e27082cb58fbb969bd3239acaf08970533bb402513aaf665d820a,True
control,r5,loot-crate,220505,320505,0.6,0,0,30,5,0.2976655960083002,0.9341239929199219,4a97cd033142ce915c4693f391aa13fa133c762ac5a7b91b2ddf7a2c73e9d6fc,True
control,r5,loot-crate,220506,320506,0.3,0,0,15,12,0.3694176673889157,0.8759498596191406,3163b8dae489c48239ff622a04f77f1e7f15c119a19b36b88c1d9391d3ff9d2c,True
control,r5,loot-crate,220507,320507,0.34,0,1,17,5,0.25962591171264643,0.4978179931640625,ba626fe183bc2761ebdf8407cec827328537499917ce63735abaed5da6461315,True
control,r5,loot-crate,220508,320508,0.48,0,0,24,7,0.2373695373535155,0.5748271942138672,6792c2f5850114c7cd2b1e1707768d85e1e870ff22844ecdbcc04c7af1b3be76,True
control,r5,loot-crate,220509,320509,0.0,0,0,0,0,0.1600265502929687,0.3781318664550781,c0ceb247aecce7b1991aef445bffbd52a371324e906a735ba0df43b34d8611de,True
control,r5,loot-crate,220510,320510,0.06,0,0,3,0,0.36350488662719693,0.7207393646240234,4bfcdc82236393d44eeb32439616598d31af400f1bc4b70040f8f331562a03b9,True
control,r5,loot-crate,220511,320511,0.08,0,0,4,1,0.21295547485351557,0.7658004760742188,85e9ebe2c6d99b0ba698de18144f8a305e112eed6cd557133f7965b4ae9329e4,True
control,r5,loot-crate,220512,320512,0.32,0,0,16,24,0.2521634101867674,0.5869865417480469,180409849fd627f4876b2e70253624d3de2582d66bf5b6476856005dd5eea020,True
control,r5,loot-crate,220513,320513,0.18,0,0,9,3,0.38620233535766585,1.4541149139404297,4f3f7f41ea71d8da76a02799da7346549c1fd988eadf79e8fe75d858400287d8,True
control,r5,loot-crate,220514,320514,0.24,0,0,12,7,0.21574497222900327,0.865936279296875,43f630445bc339e3f69b00d2dbeb28d6941c1a3c025983e0ff68d6f9f8b8a906,True
control,r5,loot-crate,220515,320515,0.1,0,0,5,3,0.15606880187988267,0.35500526428222656,a0903ab368956f1c6bcc43c417a48d513ed20f3153e79f95f1566dc0f370e76c,True
control,r5,loot-crate,220516,320516,0.22,0,0,11,75,0.19316673278808588,0.4019737243652344,87039378f23cb26a51c698c07ca76ca40d3a3193d10cd5fe4416d8377f5d158d,True
control,r5,loot-crate,220517,320517,0.28,0,0,14,7,0.2570748329162597,0.6031990051269531,4750b76025618b1c32dc5962999afae1766d4eed222affc86930de8bfb67ee02,True
control,r5,loot-crate,220518,320518,0.66,0,0,33,8,0.5468010902404784,0.820159912109375,bbb9f395565f805b31acf339b73ee6aa1f50db9eeca8d868466e65aebcf75e08,True
control,r5,loot-crate,220519,320519,0.04,0,0,2,0,0.37710666656494124,0.8819103240966797,8d28a6da0655c1779603c18f5f3452b05b3f2f519bda5f1591419e7a4e1a34ea,True
control,r5,loot-crate,220520,320520,0.14,0,0,7,40,0.22052526473999004,0.49114227294921875,c310935d0b4d084d95b8165bcbbc9a016251a21f7759e1338d51be5223882167,True
candidate,r1,peaceful,220101,320101,0.0,0,0,0,0,1.0037064552307122,2.3920536041259766,f379ab9eae204f1a311fada906f507fc4f57fcd4a0b1dc384cbc936bcbf23d26,True
candidate,r1,peaceful,220102,320102,0.0,0,0,0,0,2.2903323173522936,3.9949417114257812,cd9c587bf815ee10ba6f2281457a931bf87879515e25294f261084ad6cfdf8d4,True
candidate,r1,peaceful,220103,320103,0.0,1,0,5,0,1.3908147811889624,2.5148391723632812,6e6305d214fc31b55a835d1461a480559c76dc65f4977c607060744733542017,False
candidate,r1,peaceful,220104,320104,0.5555555555555556,0,0,5,3,1.3877868652343732,3.119230270385742,01e077ae5a21ba67900b4e9c1f9c177e1547b75545aa1a52dcf8f35bbb1a17f9,True
candidate,r1,peaceful,220105,320105,0.0,0,0,0,0,0.9799480438232413,1.850128173828125,548afb1656f5901447c411752ba51d880200467f72b6ac544ed1349f099f0d46,True
candidate,r1,peaceful,220106,320106,0.0,0,0,0,0,2.380299568176269,7.526874542236328,3b334521ea6c8ea7f9fe7e40556a69cfb742019f4e624123f50730f3e9282107,True
candidate,r1,peaceful,220107,320107,0.0,0,0,0,0,2.073585987091064,5.008935928344727,f379ab9eae204f1a311fada906f507fc4f57fcd4a0b1dc384cbc936bcbf23d26,True
candidate,r1,peaceful,220108,320108,0.4444444444444444,0,0,4,3,3.3048033714294425,43.29681396484375,3026e25590c8e4695301c7924f040086bfbea7f3a148cf181da063f9a2b019b8,True
candidate,r1,peaceful,220109,320109,0.1111111111111111,0,0,1,0,2.672958374023433,4.078865051269531,148fd542afc3e62986b916f3747e9ad7fdaf3cbcc82a38310988b3eca2d63e55,True
candidate,r1,peaceful,220110,320110,0.0,0,0,0,1,2.5793313980102535,4.464864730834961,030dd6685da1ca4e421bad7e2b815dbb507bdd08996591e4121689773b139fff,True
candidate,r1,peaceful,220111,320111,0.0,0,0,0,0,0.9483695030212401,1.4500617980957031,fe85367ff656a85f2946d2d833ad8659ceccff1d4f8d1a0816a0b043bd17d0ed,True
candidate,r1,peaceful,220112,320112,0.0,0,1,0,3,0.8214473724365234,0.9827613830566406,19ed8bf2624437b8473777fc614604092a787bf54bc84b7d280a168d46a85380,True
candidate,r1,peaceful,220113,320113,0.0,0,0,0,1,1.0773897171020503,1.9969940185546875,47474d120187135ed8c77b43a7c247dcb2f78221d172ad9a8fb8b786dc9d9a3e,True
candidate,r1,peaceful,220114,320114,0.0,0,0,0,1,0.89505910873413,2.9039382934570312,0339de88deeff659ee26d17617674135d902cb17d65828568d70d533b40889bb,True
candidate,r1,peaceful,220115,320115,0.0,0,0,0,0,0.32221078872680653,0.7641315460205078,571052d84567af86e5d777aa35998f97288ba3d308ed7e1a5d63fa3c803104e3,True
candidate,r1,peaceful,220116,320116,0.4444444444444444,0,1,4,4,0.7754802703857422,1.0609626770019531,67b17d0f0b101f2812b7f1456c010bbe0268197e9c878408eb55fdd1584a24e3,True
candidate,r1,peaceful,220117,320117,0.3333333333333333,0,0,3,2,0.6769180297851562,0.8211135864257812,0c36280ddebc15b026caff03b92ebf554d60b78974a8e87d07f03a75288bab62,True
candidate,r1,peaceful,220118,320118,0.0,0,0,0,0,0.19006729125976557,0.4279613494873047,df4659ddd364c511e11aff6e1e539a29a73b05a4d80d8427d3690400d40117b3,True
candidate,r1,peaceful,220119,320119,0.0,0,0,0,0,0.4044413566589355,0.5538463592529297,14bf1941ac6ca0d2bcd287cae5a9eefe01a6629497ba19bb22a4f7d307b44d8f,True
candidate,r1,peaceful,220120,320120,0.0,0,0,0,0,0.201129913330078,0.3762245178222656,62897e320704f199e01a6e5fc7b2379c22e7b5b3cb798520845cdce8f3b5906a,True
candidate,r1,coincollector,220201,320201,0.2222222222222222,0,1,2,1,0.2498388290405273,0.32401084899902344,711216407746f7376b989cf45209f91974e6bb79f5fe3a25dda6f2b8b17e0223,False
candidate,r1,coincollector,220202,320202,0.1111111111111111,0,1,1,3,0.3433704376220703,0.7548332214355469,cdef3d732104004b107cbc4543e0b9534ee779fe8e35b46669d081e86707bb42,False
candidate,r1,coincollector,220203,320203,0.0,0,1,0,2,0.19299983978271484,0.35190582275390625,6211eb05c213f4dba8001a1fbf45ff9c79f6cf35c9e4054a377a0322c61a88f0,False
candidate,r1,coincollector,220204,320204,0.0,0,1,0,9,0.4214882850646972,0.5018711090087891,4f37474aeba9194a3a27f51a0d71b54c3a02078d6d09e7489fe97e982193a366,False
candidate,r1,coincollector,220205,320205,0.1111111111111111,0,1,1,2,0.23773908615112305,0.37932395935058594,1415bba76f35bb21ee297816bd9e2ee2dbf057cd2e0628b50f074411e4b532ba,False
candidate,r1,coincollector,220206,320206,0.0,0,1,0,1,0.49364566802978516,0.675201416015625,92c71e825280e35267a2332af3fc3e68daf41735b4bd4bb344c1a877875f1b95,False
candidate,r1,coincollector,220207,320207,0.2222222222222222,0,1,2,6,0.3511428833007812,0.42700767517089844,8f4257e08bc63abd3fbcfc26e49f4a61f5cb098fa2a6845c45828b35ad6295b6,False
candidate,r1,coincollector,220208,320208,0.1111111111111111,0,1,1,14,0.24595260620117185,0.32210350036621094,c64bec666ba3edaf06437024bb4a6343cf1b5704aeccbda16de7031ab79ca95e,False
candidate,r1,coincollector,220209,320209,0.1111111111111111,0,1,1,0,0.2787709236145019,0.308990478515625,4f4a29f6c872f63e49f4ef97c8146422748205104c708e379373c561228312c8,False
candidate,r1,coincollector,220210,320210,0.0,0,1,0,8,0.4347085952758788,0.5080699920654297,3f2be4a6582232d8ae474be06da4b75452d00f7dbf9089b72c1aae3e58f2ed56,True
candidate,r1,coincollector,220211,320211,0.0,0,1,0,3,0.37747621536254883,0.41604042053222656,02431ecf4b32fcb1f452acfcf2cb57b1d73118b0525b9d3d96e8fed3229db238,False
candidate,r1,coincollector,220212,320212,0.1111111111111111,0,1,1,4,0.38764476776123025,0.4730224609375,2a142de9387498cd0d51cc7a456e88eec1fb2856e3333a9b01efa3ebb6dc3121,False
candidate,r1,coincollector,220213,320213,0.1111111111111111,0,1,1,2,0.35451650619506836,0.3898143768310547,aab201c7db676a89d5bb82de4fa0b69bda049d6c1fbe8770d6c946fead3b1335,False
candidate,r1,coincollector,220214,320214,0.2222222222222222,0,1,2,8,0.4897356033325194,0.6089210510253906,6df6bb4c97130a749a5923f730e14bba263a46a50b1d5f9b78ccabb1a7ac76e1,False
candidate,r1,coincollector,220215,320215,0.2222222222222222,0,1,2,5,0.45790672302246094,0.560760498046875,c050bd92952a43f996a836bb4916fa51ac2ed175c46b979cca967f5e219424c1,False
candidate,r1,coincollector,220216,320216,0.1111111111111111,0,1,1,6,0.48428773880004883,0.7619857788085938,23d601181a5d7d2f3be456f24b0114c1cf92780da6de473f95ccbc3a4ddbdc66,False
candidate,r1,coincollector,220217,320217,0.2222222222222222,0,1,2,13,0.5912303924560546,0.6899833679199219,4974fbebee8894f67b40293d30a32739baa38fddffc4fe6452dee0bfd81f4481,False
candidate,r1,coincollector,220218,320218,0.1111111111111111,0,1,1,6,0.3174543380737304,0.4410743713378906,f03c515122a78d700379785a5fb1212345676eac7432effb39a3d0513c2623ca,False
candidate,r1,coincollector,220219,320219,0.2222222222222222,0,1,2,12,0.4378318786621094,0.6737709045410156,2814c788521cf204ff2046dd50892c233c64eaa8c8185016f46b450dea146590,False
candidate,r1,coincollector,220220,320220,0.0,0,1,0,6,0.517129898071289,0.8649826049804688,a334fb9811de2086ddb81a58de34b44f4eba7379d41c9ef6268ace97d42ef93e,False
candidate,r1,classic,220301,320301,0.3333333333333333,0,0,3,1,0.5870938301086425,1.6570091247558594,9efd688e13a90081138d8a4c7d8356fae11960ba09ff51d61c9e9f4fd5742a18,True
candidate,r1,classic,220302,320302,0.2222222222222222,0,1,2,0,0.5450248718261719,1.0938644409179688,34a953f81443d96183c5dfcd0572b66705f8ba6ca18a976f47cbf5605867fb3c,True
candidate,r1,classic,220303,320303,0.0,0,0,0,28,0.18907785415649414,0.3962516784667969,39a83bae90801170b7a04cc8d4adf74b2359b8377a5587385ec2260955a6d1af,True
candidate,r1,classic,220304,320304,0.3333333333333333,0,0,3,8,0.27208328247070307,0.45108795166015625,3429d507bc570c9d8937e5f5025ffc4f09f3de046ffb3768680c65ea9a55fc3c,True
candidate,r1,classic,220305,320305,0.4444444444444444,0,1,4,4,0.20623207092285156,0.3368854522705078,a84155eb0e6967df30db4aee523785886583c18937fd015b78f0c4bf1039c48c,True
candidate,r1,classic,220306,320306,0.2222222222222222,0,1,2,1,0.14818906784057614,0.29015541076660156,a17ab7db2d7823b72e9d102126ec96c4b7cd1f6fa1c522a6bfa9cee6301eca25,True
candidate,r1,classic,220307,320307,0.0,0,0,0,0,0.11091232299804683,0.33211708068847656,2671b7f2e00b8c0228c70e968f7c089aa1b9b254a0814d45bc127b7da22c725e,True
candidate,r1,classic,220308,320308,0.2222222222222222,0,0,2,11,0.18917322158813446,0.3230571746826172,e87f6fa9232cce014bd5de85a0ca7a0cc896469586d306cc9c5f5420099bb0a8,True
candidate,r1,classic,220309,320309,0.0,0,0,0,0,0.14282464981079102,0.29397010803222656,03aa560be2e9862f5fa880df957ae49f242a28938e9fb2289ef01bb759329ca3,True
candidate,r1,classic,220310,320310,0.1111111111111111,0,1,1,9,0.1739501953124999,0.2880096435546875,87e3c89781f93f503cec4711f954be39d936a72024ea035ad67ed842134b2088,True
candidate,r1,classic,220311,320311,0.1111111111111111,0,0,1,2,0.1342296600341797,0.2961158752441406,57fb04b8baac46ae3b35a256500890ad64e81d4b3a607d19990da9e15ce658a9,True
candidate,r1,classic,220312,320312,0.2222222222222222,0,0,2,1,0.13589859008789062,0.30422210693359375,1d217d02d1fa2371a877e3335536099e98da30417b19f54a532ff12004a65bee,True
candidate,r1,classic,220313,320313,0.6666666666666666,0,0,6,6,0.24796724319458008,0.7240772247314453,a878ceb727f6f1f23efd6509a79ec66fad434fa61a0184908a95e107c585b24c,True
candidate,r1,classic,220314,320314,0.0,0,0,0,0,0.1328110694885254,0.30422210693359375,3a667193facfe82b53da8a1576837142ea2efe47d01f3aa754dfd905fbac0383,True
candidate,r1,classic,220315,320315,0.0,0,0,0,0,0.10921955108642575,0.3387928009033203,2671b7f2e00b8c0228c70e968f7c089aa1b9b254a0814d45bc127b7da22c725e,True
candidate,r1,classic,220316,320316,0.1111111111111111,0,0,1,1,0.12116432189941402,0.2989768981933594,1724e7db2e8262bd23ef49120f03e5e3aed2a0c17079a1c5e892a366ca602dc9,True
candidate,r1,classic,220317,320317,0.1111111111111111,0,1,1,2,0.1480579376220703,0.2849102020263672,9a13aa22ea346cab138caffb544c92f518b2ba3f8b692794c7901cad672d9594,True
candidate,r1,classic,220318,320318,0.0,0,0,0,0,0.13017654418945312,0.31304359436035156,db5218fe88bb7e6037d89976e71bab0cebf67377df993fc058725f861f754a77,True
candidate,r1,classic,220319,320319,0.5555555555555556,0,0,5,3,0.16103982925415028,0.28896331787109375,a88d2bb7e0844be4cd50144e2f328250e605c23758cf2480fe2b2dd72bab0f99,True
candidate,r1,classic,220320,320320,0.0,0,0,0,0,0.13399124145507812,0.31495094299316406,fa2c07e130dbcb8d9406d62aa96285ef8d16345eed8d8826a155d22ede5316e1,True
candidate,r1,coin-heaven,220401,320401,1.0,0,0,50,0,0.1946091651916504,0.29206275939941406,163b2ce2b1cd0e19de5a68529ed41976e02a88d02f6e3116158b13a1f508bd4f,True
candidate,r1,coin-heaven,220402,320402,1.0,0,0,50,0,0.1278162002563476,0.22864341735839844,aa14b2f9767f977782e59cec05a5832c695019a0a286546aa9945c39c01c2656,True
candidate,r1,coin-heaven,220403,320403,1.0,0,0,50,0,0.27575492858886713,0.37097930908203125,37724d43a47ecde6f2b5bd8c036af1cef51506a3e6817db1c74db3fa9430bc7f,True
candidate,r1,coin-heaven,220404,320404,1.0,0,0,50,0,0.25382041931152316,0.30994415283203125,55ff5db71f98da3257eb00b3fad801fb3d362d20c0419bb9e850f5ccdab2b1d7,True
candidate,r1,coin-heaven,220405,320405,1.0,0,0,50,0,0.14643669128417963,0.2570152282714844,00faa51be40af07593bbdc02709550ce4dee3fb49991e114d700df4166f0cedc,True
candidate,r1,coin-heaven,220406,320406,1.0,0,0,50,0,0.23789405822753903,0.3521442413330078,53681c65909fe5b5837085c22ee1809e6d8bdbc7147af267d8bddd14ce2b885b,True
candidate,r1,coin-heaven,220407,320407,1.0,0,0,50,0,0.1623272895812988,0.3199577331542969,169eb0b736672e7c84616bac5b9395f50fa887197ccc55946a89fe40d8edf7da,True
candidate,r1,coin-heaven,220408,320408,1.0,0,0,50,0,0.1710891723632812,0.3037452697753906,efcd5331469cdebe34f1ad08fc401d3512e154fec28253c265a83da78ad422da,True
candidate,r1,coin-heaven,220409,320409,1.0,0,0,50,0,0.2544283866882322,0.3409385681152344,4fc2c7be4b9a255a074a9cfa9fbbcec214f77b9c1dbb3b270919f4f32878cd18,True
candidate,r1,coin-heaven,220410,320410,1.0,0,0,50,0,0.18835067749023415,0.347137451171875,2a0e54cba14d26122226d560d1fd2b12495d6411a53284caa1dbcdc127899fe9,True
candidate,r1,coin-heaven,220411,320411,1.0,0,0,50,0,0.1805305480957031,0.2899169921875,cbcdd5c628d4c84a8dd0ddbaa6e63fd63dedd22bade5b6755f6da90d86570eb1,True
candidate,r1,coin-heaven,220412,320412,1.0,0,0,50,0,0.22201538085937497,0.29015541076660156,494459215fea730638e2f8f37e9c58fb5c8bc67bea57f6b28712174f61d194c3,True
candidate,r1,coin-heaven,220413,320413,1.0,0,0,50,0,0.2524852752685546,0.3218650817871094,c5305d48b0d0130e83db8a87fad037718fb3ad3e6ca987ba33fb38d32101d46e,True
candidate,r1,coin-heaven,220414,320414,1.0,0,0,50,0,0.2082824707031249,0.2789497375488281,98d7e6cc343be2cb5318bdde3e09eff45cd60d6c0919ae577d9531d268e8002d,True
candidate,r1,coin-heaven,220415,320415,1.0,0,0,50,0,0.15592575073242188,0.26798248291015625,e550006a7091a0533539b3055f97e8e9c4a2855f7fa4697021b5730072b4caf8,True
candidate,r1,coin-heaven,220416,320416,1.0,0,0,50,0,0.22172927856445304,0.3173351287841797,2379fb88c10cf7b8c91b1a76d4531816fb95dc5a501167240ce6d7dc2be63e72,True
candidate,r1,coin-heaven,220417,320417,1.0,0,0,50,0,0.13256072998046875,0.225067138671875,ede093830988e10b14e263232c3162c6172d1f00271bc52e75095c53984fda53,True
candidate,r1,coin-heaven,220418,320418,1.0,0,0,50,0,0.12421607971191406,0.2410411834716797,71b7687c5479f8e80d1cce9945415007f6f09fd15b6eb923f9f664a15196d6a1,True
candidate,r1,coin-heaven,220419,320419,1.0,0,0,50,0,0.1476764678955078,0.23698806762695312,ff44fb5b008be7c02d4a12f0fb9e5cec2d99ea5d056729f83b0c4ab344b99b72,True
candidate,r1,coin-heaven,220420,320420,1.0,0,0,50,0,0.11378526687622059,0.2288818359375,c1c0eb7b76af5d2dc3dd864df0b61abe3e0105467262739ac62631a5513a357f,True
candidate,r1,loot-crate,220501,320501,0.24,0,1,12,11,0.23336410522460932,0.5228519439697266,c096e86684a428eb1b26653d91d0e8e444f0f1afc8ea9613ff1c5bf6c9cc6bd0,True
candidate,r1,loot-crate,220502,320502,0.14,0,0,7,6,0.21195411682128906,0.39315223693847656,37140b3f5a4550c98fa9bafa4557946708be82b0131a5d334ad4ed5281a77cbf,True
candidate,r1,loot-crate,220503,320503,0.08,0,1,4,4,0.24636983871459955,0.3762245178222656,57e85ddcc54b9ca2c7155c22ca2b245dbf7a9b07135ce197ce03e3aa8b7d1142,True
candidate,r1,loot-crate,220504,320504,0.0,0,0,0,0,0.2260684967041015,0.3719329833984375,03d3196c4eb0724722dc9ade8bc874b560e421a50407aba1d1ac1f7dc475c21e,True
candidate,r1,loot-crate,220505,320505,0.2,0,0,10,2,0.20514726638793934,0.7569789886474609,b1d185faf0b3aa3bd943b247697390c702a9f0a8c271146dcdc923df4e887a5e,True
candidate,r1,loot-crate,220506,320506,0.12,0,1,6,6,0.43501853942871094,1.4488697052001953,3f3eaec71770740d8e17d38da71122ee46d56a4befd3dbc1b70841d8fb0b3793,True
candidate,r1,loot-crate,220507,320507,0.02,0,1,1,3,0.21810531616210938,0.4570484161376953,d852171e7ebde9597fa9301b61c7280a6b34a4abb327c44fb9cac4d668cbc3b4,True
candidate,r1,loot-crate,220508,320508,0.2,0,1,10,15,0.2741813659667969,0.4360675811767578,c4224072195c4ce8be4a83ba738d892595c16761f6496386a4c5cc84b4acd370,True
candidate,r1,loot-crate,220509,320509,0.0,0,0,0,0,0.16700029373168934,0.5812644958496094,3a667193facfe82b53da8a1576837142ea2efe47d01f3aa754dfd905fbac0383,True
candidate,r1,loot-crate,220510,320510,0.18,0,1,9,6,0.40364265441894503,0.5381107330322266,e17d3809b245e6b5a91be4562fb432f32a7d325b5c77b6387f6c001036120ab9,True
candidate,r1,loot-crate,220511,320511,0.04,0,0,2,0,0.21605491638183588,0.44226646423339844,07123cbd9b8004d7590d82827bc8414f62a7911dadd8a53e1b5de89566e032b5,True
candidate,r1,loot-crate,220512,320512,0.0,0,0,0,0,0.164031982421875,0.43010711669921875,3a667193facfe82b53da8a1576837142ea2efe47d01f3aa754dfd905fbac0383,True
candidate,r1,loot-crate,220513,320513,0.56,0,1,28,28,0.3515243530273437,0.5288124084472656,bc8721917faf343454fd0a92d11434da55bf9424581401a3b1e9a1a0c0d9ce10,True
candidate,r1,loot-crate,220514,320514,0.2,0,0,10,5,0.220346450805664,0.42891502380371094,4bafc35f474dc159f76ffc5e31ab60567f8aff2b2f414df7b252c1101e35d69f,True
candidate,r1,loot-crate,220515,320515,0.1,0,1,5,3,0.2337932586669922,0.3540515899658203,ec567dd60ce52416a2addf25c94781e394949b227bcf64aa6f5bd7ebbebb86c5,True
candidate,r1,loot-crate,220516,320516,0.52,0,0,26,36,0.6724953651428219,1.2710094451904297,3f79080663e49b6470d268f08b27cfa20b33e406da02ddcd78f54538a4bdeaa5,True
candidate,r1,loot-crate,220517,320517,0.02,0,0,1,1,0.22224187850952146,0.4401206970214844,95752bd1e2773479f1e8ab9f5714c5ae5c9fd0d70dce409a8f03815c54dc0e00,True
candidate,r1,loot-crate,220518,320518,0.14,0,0,7,7,0.21823644638061515,0.42819976806640625,d406d34a7cdb4a0937c4bc10fd22b20534d66a24d27d68089226acfb89c7cdc6,True
candidate,r1,loot-crate,220519,320519,0.0,0,0,0,16,0.1793265342712402,0.5192756652832031,bdf9d3bf5d3103a04d084061f39d09f0d1e3ccfd87fea4f35bedb57b2cae3bdd,True
candidate,r1,loot-crate,220520,320520,0.14,0,0,7,5,0.3611207008361815,0.8597373962402344,9aefb6cad20d27089762c91b7692911a893bd9c248a7bb9ab0954f30c8ba8a9a,True
candidate,r2,peaceful,220101,320101,0.1111111111111111,0,0,1,1,0.9104847908020015,1.8031597137451172,dfe56ac6df97056e0bd964f21f4700aae59a4355aed5cda37c190fc98bf34048,True
candidate,r2,peaceful,220102,320102,0.0,0,0,0,56,0.6153225898742674,3.368854522705078,b9a45326447ecc09bc3a2e07bbcfa96131493927d8fdb426c37108764808b8ad,True
candidate,r2,peaceful,220103,320103,0.0,0,0,0,0,0.8409619331359863,3.9877891540527344,6bd1b1c98b1e644d867c62080bba48f262fe89f37116dc21b42396085f1ead66,True
candidate,r2,peaceful,220104,320104,0.0,1,0,5,15,0.7848739624023438,3.041982650756836,f141d590623fdd59a5606a5aed5d9b5f3580fa3a1e53d9a643ed8b69cc3e15bc,False
candidate,r2,peaceful,220105,320105,0.0,0,0,0,0,0.9135723114013667,1.5330314636230469,60f61b29f141ddf37d35d334c53bfa3883f1b96391804ff3079ef3a2d9b2f9b2,True
candidate,r2,peaceful,220106,320106,0.0,0,0,0,0,0.8409500122070304,1.1420249938964844,07835ac67739ed677bd204a0ccca7edf9fa060233a451adc9130d091994facd5,True
candidate,r2,peaceful,220107,320107,0.1111111111111111,0,0,1,1,0.8584499359130854,1.451730728149414,dfe56ac6df97056e0bd964f21f4700aae59a4355aed5cda37c190fc98bf34048,True
candidate,r2,peaceful,220108,320108,0.0,0,0,0,0,1.1320710182189941,1.7552375793457031,64beaf046899bffe40de1a70309e4301183bc2a1d60a9a61dccf640517af9a3c,True
candidate,r2,peaceful,220109,320109,0.0,0,0,0,0,0.6681323051452633,1.1577606201171875,8a4efb12363f553773da3a3c7c5b14e52c8e88751d49c66941934c10c47f2bcb,True
candidate,r2,peaceful,220110,320110,0.1111111111111111,0,0,1,0,0.49229860305786116,1.8570423126220703,9695bbf862c65902b5c324245f6ffec9b3cb752b0d2963b57e4699902d521211,True
candidate,r2,peaceful,220111,320111,0.0,0,1,0,6,0.5265474319458008,1.3790130615234375,af2d54fd1142483959f879cbba69ed50439874e4cfa90fc8897930c6e1cee23f,False
candidate,r2,peaceful,220112,320112,0.0,0,0,0,0,0.7727622985839837,1.6770362854003906,eec7efd4d8dd9fa3a92673222c70912ab748571416cf45dfe7bbc0f79513e3f2,True
candidate,r2,peaceful,220113,320113,0.0,0,0,0,0,0.5607366561889634,1.425027847290039,6bd1b1c98b1e644d867c62080bba48f262fe89f37116dc21b42396085f1ead66,True
candidate,r2,peaceful,220114,320114,0.0,0,0,0,0,0.6841778755187987,1.0440349578857422,ecefc7f8768dd5455a99f05d0623bd1b1d948dd5f1217e7c5ce849329edb7340,True
candidate,r2,peaceful,220115,320115,0.0,0,0,0,0,0.31304359436035156,0.7848739624023438,c3e3eff9384f03273737e526e59930deeacf532ba9c37d90513fe83ee7d805fd,True
candidate,r2,peaceful,220116,320116,0.0,0,0,0,0,0.6778836250305176,1.2898445129394531,1ad484c9a2a9690f1de02c10236b927ab02ce89471242949ecd27efbbf31bd48,True
candidate,r2,peaceful,220117,320117,0.1111111111111111,0,0,1,0,0.408172607421875,0.5881786346435547,429ae4812e1a5df6fcfaba983f89ced3f21b31a9caecabb4d129f30ee4fcb4da,True
candidate,r2,peaceful,220118,320118,0.0,0,0,0,0,0.2940654754638671,0.49805641174316406,50e591b6d4a412e11361e7900fd559c456779686351bd6421072a7a24c630acb,True
candidate,r2,peaceful,220119,320119,0.1111111111111111,0,0,1,0,0.2830028533935547,0.6000995635986328,f124cc41ea33f04a394247b94e3897361988df878b171096818079764f7b06be,True
candidate,r2,peaceful,220120,320120,0.1111111111111111,0,0,1,0,0.3248453140258788,0.40912628173828125,6e9e95cdb3cb1e06de98ae4bf158c5da25a38c3477756116c68f225b50122dbc,True
candidate,r2,coincollector,220201,320201,0.0,0,1,0,2,0.2346158027648926,0.4010200500488281,19df5b0cd43aee5dac76f78896897180c9801defb63968065c6f111abf209f14,True
candidate,r2,coincollector,220202,320202,0.0,0,1,0,1,0.402069091796875,0.4820823669433594,d4b8ed42c4811f71c4a7a63dbaa02dda388b38dbd6fc4a9113caf6f24bd9c344,False
candidate,r2,coincollector,220203,320203,0.1111111111111111,0,1,1,3,0.37574768066406233,0.6670951843261719,d2375d1fd8ac94c75c6a979dd4d91f65995ee65c20cb26caec792f381490a3b3,False
candidate,r2,coincollector,220204,320204,0.1111111111111111,0,1,1,9,0.5067586898803711,0.5791187286376953,c795f501ba582dd5c4e5b65eac188c16c389329b44e8ca02c4c4a588bb1fed64,False
candidate,r2,coincollector,220205,320205,0.1111111111111111,0,1,1,3,0.34356117248535156,0.4379749298095703,fb93dfb7ed3443709f398d2ab5c25240332e4e9f68a5ce6705a604603807435a,True
candidate,r2,coincollector,220206,320206,0.2222222222222222,0,1,2,2,0.38933753967285156,0.43082237243652344,f84b7976bd03c80445bb40e474e1ebde1b89fbc81c271a77694bc1655ed7c585,False
candidate,r2,coincollector,220207,320207,0.3333333333333333,0,1,3,6,0.2923011779785156,0.4038810729980469,955a263048cca7d6b0cef77fc560b692f40fb10da799d34cf6c76b7a80b5cd8d,False
candidate,r2,coincollector,220208,320208,0.0,0,1,0,1,0.3374099731445312,0.3821849822998047,d51cdb738000a26474d98a5760a3185dc5537b191a524214701698561f8203fc,False
candidate,r2,coincollector,220209,320209,0.3333333333333333,1,1,8,4,0.4945516586303711,0.6928443908691406,d90464ec771ed2e8e4d663b61522629793c2d241484ecfe3892aec28e5f23f77,False
candidate,r2,coincollector,220210,320210,0.2222222222222222,0,1,2,1,0.4635810852050781,0.5850791931152344,35c89d4a32e4f07a0818cc5db7be3b2844920898f14bc209fd231258e7f28feb,True
candidate,r2,coincollector,220211,320211,0.0,0,1,0,1,0.4785060882568359,0.5900859832763672,0756c8eeb78800f88fbd950658bce5497a31c8c945f512d83767d4e306a0fca1,False
candidate,r2,coincollector,220212,320212,0.0,0,1,0,3,0.5839109420776366,0.7848739624023438,8c7486c403edd87e84533b4105eabcee481f2505f730e04259616b43e46439e7,False
candidate,r2,coincollector,220213,320213,0.0,0,1,0,8,0.5834460258483886,0.6608963012695312,a9f4ce85383e6392dfc0abbd8a7a659209f9c3718b482f91b049a88ef84067b4,False
candidate,r2,coincollector,220214,320214,0.1111111111111111,0,1,1,4,0.4528522491455076,0.6301403045654297,dd9d9d45bb1c0f6cc97e337627e108619e32a7d61b6f824154e8c769f473ce5e,False
candidate,r2,coincollector,220215,320215,0.1111111111111111,0,1,1,0,0.47959089279174805,0.5850791931152344,00312fe15040bf0ef2d69f57ddd8626257321a54c9d831924452ca0818d7c155,False
candidate,r2,coincollector,220216,320216,0.1111111111111111,0,1,1,13,0.4593968391418456,0.6728172302246094,1133ed3181e7e40f3916384074ce91bfdcee2ef7c5f13d8c519b11d37ca0553f,False
candidate,r2,coincollector,220217,320217,0.1111111111111111,0,1,1,2,0.37560462951660123,0.5538463592529297,c8b64575624a76737e6d1bf6deae5d341a5e7fa58c3447c5a62576cf4359db53,False
candidate,r2,coincollector,220218,320218,0.1111111111111111,0,0,1,3,0.6232738494873047,0.7030963897705078,f7322dd752f6dc77ce3b6fe06f90ad99968ae53c4d014ffd61f15b0e4c30c5b6,False
candidate,r2,coincollector,220219,320219,0.0,0,1,0,3,0.3070831298828125,0.47469139099121094,d7e4160571fdb3b5e0b44c8c33730f8106eb376f64f32aecfa98b89316b4cc4c,True
candidate,r2,coincollector,220220,320220,0.0,0,1,0,2,0.4315972328186035,0.4496574401855469,2435eb0cccfcbd19079f9e8409cb52d81a165311a16eef82f80fdaac13309852,False
candidate,r2,classic,220301,320301,0.2222222222222222,0,0,2,0,0.5262970924377438,0.9860992431640625,74b7cd799ded78839ba315de62699c3ca6c53297a21906f3a40567808967d241,True
candidate,r2,classic,220302,320302,0.0,0,1,0,1,0.40352344512939453,0.7412433624267578,d8d33949ba9a6fd56e5844a56d27202ca2917692ef9d7ce89b47a35a50923479,True
candidate,r2,classic,220303,320303,0.2222222222222222,0,0,2,1,0.21625757217407204,0.36597251892089844,9dd50734fb7beec267adbb47dde39f635b71aaab3561294b568caf29a9a2a536,True
candidate,r2,classic,220304,320304,0.2222222222222222,0,0,2,7,0.21886825561523438,0.44798851013183594,b4f97ce1ff842acd348e9e784ed2f3c62c8ba5be080f2e3b4ea52e4c03a5751b,True
candidate,r2,classic,220305,320305,0.3333333333333333,0,0,3,0,0.14688968658447263,0.30732154846191406,de9dc074ffb7fab4f19effe3b2ae119de9a2f4cd6f693b78e93d8034e88e31ed,True
candidate,r2,classic,220306,320306,0.3333333333333333,0,0,3,0,0.18625259399414057,0.30922889709472656,8882e92bdca7a316ad75a866e3096089554db672da4c46f93061c1ff52527257,True
candidate,r2,classic,220307,320307,0.0,0,0,0,0,0.14710426330566406,0.3688335418701172,b49ee18a1ae4b9fed7f246e345135a598d444c0c3be3640f897720ff8a6533e8,True
candidate,r2,classic,220308,320308,0.2222222222222222,0,0,2,0,0.19288063049316406,0.3330707550048828,521e0000270f5a1fafcfe260ae775566dfc0c4386c1fc8fc83f4bff700d2e214,True
candidate,r2,classic,220309,320309,0.0,0,0,0,0,0.1468658447265625,0.3120899200439453,603f1ab6bcece417c9ed53993ca3de33452214ce2dd599fb269340dd65063235,True
candidate,r2,classic,220310,320310,0.1111111111111111,0,0,1,0,0.12993812561035156,0.3249645233154297,fb08ef1e65f75444e2bc06094db98eea6f5dbf4fc1dfd76874fd8fd6e24d47a0,True
candidate,r2,classic,220311,320311,0.0,0,0,0,47,0.164031982421875,0.37026405334472656,2e88d2a21d64fcf9885f589145372642510fda7cb8966e724942519e39a11f10,True
candidate,r2,classic,220312,320312,0.0,0,0,0,1,0.13685226440429688,0.34499168395996094,4a8e0a6cadb436b3407f2ff755ff3f24810a2b36fce7f58e3ad295f18ef7526b,True
candidate,r2,classic,220313,320313,0.3333333333333333,0,0,3,0,0.14283657073974607,0.3311634063720703,bf00676d7dd8e5ae5c06667c7e633591513bd7ea7dd479414d45e7c07c8bc0d8,True
candidate,r2,classic,220314,320314,0.1111111111111111,0,0,1,1,0.1350045204162597,0.3190040588378906,7faaedbd019bbfe928f5099a8716a1cd42abaf4696aa121131b6b09d9507eafd,True
candidate,r2,classic,220315,320315,0.0,0,0,0,0,0.1468658447265625,0.3380775451660156,9e9f34dfafb7a9fad4a7f45b9359f42c44731d2529afa2f5010b5f41828906ec,True
candidate,r2,classic,220316,320316,0.2222222222222222,0,0,2,0,0.17917156219482389,1.2450218200683594,ec3a872a1c27e53df717023c477c903f41c2e1bfa41af105d988eff8df9c4426,True
candidate,r2,classic,220317,320317,0.4444444444444444,0,1,4,5,0.19927024841308594,0.33593177795410156,2a4313921e60a4fe8e40195f39c0ccb3adb6026ad74c308b5d18bb929ebd69a9,True
candidate,r2,classic,220318,320318,0.3333333333333333,0,0,3,2,0.14920234680175765,0.33283233642578125,51340d97ff79242f3d7c5b21af5900b9b6ef97247cc56b3b05a881070b3cd796,True
candidate,r2,classic,220319,320319,0.3333333333333333,0,0,3,0,0.18310546875,0.3159046173095703,93aa8d3197ad947c8b7211e3bb1a201a6915a8477b73a220e0c22f26a36f814b,True
candidate,r2,classic,220320,320320,0.0,0,0,0,13,0.13712644577026364,0.3390312194824219,135901fc4128c6d14794216605bd3523bf128b9bb8e38be40057885630445881,True
candidate,r2,coin-heaven,220401,320401,1.0,0,0,50,0,0.2129077911376953,0.32520294189453125,163b2ce2b1cd0e19de5a68529ed41976e02a88d02f6e3116158b13a1f508bd4f,True
candidate,r2,coin-heaven,220402,320402,1.0,0,0,50,0,0.13767480850219724,0.25916099548339844,aa14b2f9767f977782e59cec05a5832c695019a0a286546aa9945c39c01c2656,True
candidate,r2,coin-heaven,220403,320403,1.0,0,0,50,0,0.2994060516357422,0.408172607421875,37724d43a47ecde6f2b5bd8c036af1cef51506a3e6817db1c74db3fa9430bc7f,True
candidate,r2,coin-heaven,220404,320404,1.0,0,0,50,0,0.2757549285888669,0.33164024353027344,55ff5db71f98da3257eb00b3fad801fb3d362d20c0419bb9e850f5ccdab2b1d7,True
candidate,r2,coin-heaven,220405,320405,1.0,0,0,50,0,0.14729499816894528,0.2486705780029297,00faa51be40af07593bbdc02709550ce4dee3fb49991e114d700df4166f0cedc,True
candidate,r2,coin-heaven,220406,320406,1.0,0,0,50,0,0.3237724304199219,0.4611015319824219,53681c65909fe5b5837085c22ee1809e6d8bdbc7147af267d8bddd14ce2b885b,True
candidate,r2,coin-heaven,220407,320407,1.0,0,0,50,0,0.18573999404907224,0.35190582275390625,169eb0b736672e7c84616bac5b9395f50fa887197ccc55946a89fe40d8edf7da,True
candidate,r2,coin-heaven,220408,320408,1.0,0,0,50,0,0.18320083618164062,0.3299713134765625,efcd5331469cdebe34f1ad08fc401d3512e154fec28253c265a83da78ad422da,True
candidate,r2,coin-heaven,220409,320409,1.0,0,0,50,0,0.2769470214843748,0.3750324249267578,4fc2c7be4b9a255a074a9cfa9fbbcec214f77b9c1dbb3b270919f4f32878cd18,True
candidate,r2,coin-heaven,220410,320410,1.0,0,0,50,0,0.20488500595092748,0.3781318664550781,2a0e54cba14d26122226d560d1fd2b12495d6411a53284caa1dbcdc127899fe9,True
candidate,r2,coin-heaven,220411,320411,1.0,0,0,50,0,0.12183189392089844,0.21910667419433594,e54511ce3f4ef0853196f07a113a9b21a61c186295f1bd41b85ef48aaac05301,True
candidate,r2,coin-heaven,220412,320412,1.0,0,0,50,0,0.25174617767333973,0.3609657287597656,494459215fea730638e2f8f37e9c58fb5c8bc67bea57f6b28712174f61d194c3,True
candidate,r2,coin-heaven,220413,320413,1.0,0,0,50,0,0.288701057434082,0.37097930908203125,c5305d48b0d0130e83db8a87fad037718fb3ad3e6ca987ba33fb38d32101d46e,True
candidate,r2,coin-heaven,220414,320414,1.0,0,0,50,0,0.24909973144531236,0.30994415283203125,98d7e6cc343be2cb5318bdde3e09eff45cd60d6c0919ae577d9531d268e8002d,True
candidate,r2,coin-heaven,220415,320415,1.0,0,0,50,0,0.17299652099609375,0.2899169921875,e550006a7091a0533539b3055f97e8e9c4a2855f7fa4697021b5730072b4caf8,True
candidate,r2,coin-heaven,220416,320416,1.0,0,0,50,0,0.23987293243408173,0.3418922424316406,2379fb88c10cf7b8c91b1a76d4531816fb95dc5a501167240ce6d7dc2be63e72,True
candidate,r2,coin-heaven,220417,320417,1.0,0,0,50,0,0.1354217529296875,0.2529621124267578,ede093830988e10b14e263232c3162c6172d1f00271bc52e75095c53984fda53,True
candidate,r2,coin-heaven,220418,320418,1.0,0,0,50,0,0.1206398010253906,0.2701282501220703,71b7687c5479f8e80d1cce9945415007f6f09fd15b6eb923f9f664a15196d6a1,True
candidate,r2,coin-heaven,220419,320419,1.0,0,0,50,0,0.1568794250488281,0.2498626708984375,ff44fb5b008be7c02d4a12f0fb9e5cec2d99ea5d056729f83b0c4ab344b99b72,True
candidate,r2,coin-heaven,220420,320420,1.0,0,0,50,0,0.1255393028259277,0.26106834411621094,c1c0eb7b76af5d2dc3dd864df0b61abe3e0105467262739ac62631a5513a357f,True
candidate,r2,loot-crate,220501,320501,0.06,0,0,3,0,0.17601251602172846,0.44083595275878906,a33c202c552067401097b7e1c46f943d2b736ac748c9e2bfe94bf269f0175aeb,True
candidate,r2,loot-crate,220502,320502,0.04,0,0,2,0,0.1851558685302733,0.44798851013183594,0a310f651ec311d62db701b96c70dbb9de8fe584caa992927aafbe55ac8d4eb4,True
candidate,r2,loot-crate,220503,320503,0.14,0,0,7,0,0.3952026367187499,0.8449554443359375,cde71517689f869f6827c91715edef82cdb570c77bb3e54f4f829b5c61344b85,True
candidate,r2,loot-crate,220504,320504,0.1,0,0,5,0,0.19407272338867188,0.43320655822753906,54e3dbd9d4c75ccacf475057e351830acf449f13f4a4fa526664264aa998d17a,True
candidate,r2,loot-crate,220505,320505,0.5,0,0,25,13,0.28113126754760737,0.4448890686035156,619d2a1e2fe0bc603f5f2cace6fd6bf7c10c57c251215f5e12e2559a980fe9a2,True
candidate,r2,loot-crate,220506,320506,0.02,0,0,1,0,0.3901720046997067,0.47588348388671875,a89117f2d93d139eb2f51ef91faf59e0601d6ac4f6043a3929c4bd5d6e3f186a,True
candidate,r2,loot-crate,220507,320507,0.02,0,1,1,1,0.2593994140625,0.4596710205078125,ba395fad1fa3152cbfe021ffdd29b022b1c12bdb2f34385ab5409c3fa02398d4,True
candidate,r2,loot-crate,220508,320508,0.02,0,1,1,3,0.36706924438476546,0.46896934509277344,709b669ed91783ccfd8b57e51e603a55514edc054ebcd60d4bd362b8c21ffaff,True
candidate,r2,loot-crate,220509,320509,0.12,0,0,6,0,0.2928972244262694,0.5428791046142578,fe2f2a0f48bbbc16c76778f855db658aa5fc1e7a00f0b29de9871aaa47f0a7a6,True
candidate,r2,loot-crate,220510,320510,0.16,0,1,8,3,0.2314209938049316,0.4010200500488281,0b7bd84bbc7501408b31272d360b34aa968d01ba35492cc61a02eaec76a1f3da,True
candidate,r2,loot-crate,220511,320511,0.06,0,0,3,1,0.2190709114074705,0.41294097900390625,cf48e541cdbcf4c8613b5b8d30859493d64fc0d6be073a475eb9d15e7eb5f82b,True
candidate,r2,loot-crate,220512,320512,0.02,0,0,1,0,0.2229690551757812,0.5309581756591797,ee7c2f4411c079feb906db415e28d3b1bdb5bba21290029a28c7a281e88a5f68,True
candidate,r2,loot-crate,220513,320513,0.02,0,1,1,2,0.43911933898925776,0.492095947265625,b0da2f12b0d715b2d233afb25c3c4100c38d2004316550b5ade4d5468eb6591f,True
candidate,r2,loot-crate,220514,320514,0.0,0,0,0,0,0.20503997802734375,0.39196014404296875,eec7efd4d8dd9fa3a92673222c70912ab748571416cf45dfe7bbc0f79513e3f2,True
candidate,r2,loot-crate,220515,320515,0.36,0,1,18,6,0.24454593658447255,0.3960132598876953,6da2eabfff602234d20b2dccd789c5de9bd359fa754d2f27acc3dfe3d4d72f1d,True
candidate,r2,loot-crate,220516,320516,0.34,0,0,17,0,0.5148768424987785,0.7951259613037109,b3b13f9544847d798338f522e1d2bbbaf0d4d46375b5dc3475de8e3af987b305,True
candidate,r2,loot-crate,220517,320517,0.2,0,1,10,2,0.26702880859375,0.5002021789550781,90efb8bc4ec0d1720f4cb6ff4b961c76cae9bf05b960f0590ca706c1062951e3,True
candidate,r2,loot-crate,220518,320518,0.08,0,0,4,1,0.22125244140625,0.45108795166015625,5a3ddb6b477e96f9bdf3495a6e8355fa5aac0aa10e242d61eee3435d347469d4,True
candidate,r2,loot-crate,220519,320519,0.42,0,0,21,4,0.5143523216247557,1.5110969543457031,231b7055cb7b7bf9cae82a23bb8276b8a82df6fe7d86c08c8c2f3324c36cf613,True
candidate,r2,loot-crate,220520,320520,0.08,0,1,4,2,0.25534629821777344,0.6082057952880859,bd5cd1070386bb077abc17a51f165bccdc7f9f71f66f8d4dfabbc79b603c4724,True
candidate,r3,peaceful,220101,320101,0.1111111111111111,0,0,1,0,1.013541221618652,1.954793930053711,5c2ee04b21fb5cb47d3162d87e2037335317cf6c2547b4b3497952198772bc52,True
candidate,r3,peaceful,220102,320102,0.0,0,0,0,56,0.8471131324768064,2.0689964294433594,e35761cae542983856e2ecd2f398a4a96d33736ad5f13758444f5e58b5e50fbc,True
candidate,r3,peaceful,220103,320103,0.0,0,0,0,0,0.8692979812622048,2.0418167114257812,3e63c5139ad37862b2ea7d3c768000b5b6ae5474b0f88545a3c74b29b9aee4be,True
candidate,r3,peaceful,220104,320104,0.1111111111111111,0,0,1,1,1.239669322967528,2.088785171508789,a5f8a6a46237391ebf9c529c3eb9d7b0b885d3ad8f2bb1b4961c103e47076b18,True
candidate,r3,peaceful,220105,320105,0.0,0,0,0,2,1.0715723037719722,2.2361278533935547,42cc956c06f8cdd28ef8492c64823e7810f17de059132a439dc84d7602a15ad0,True
candidate,r3,peaceful,220106,320106,0.0,0,0,0,2,0.5313038825988766,1.6891956329345703,b2110648004129a5c5854adca2704766341b4dea593b77b6f6bd8ae3fb5047c0,True
candidate,r3,peaceful,220107,320107,0.3333333333333333,0,1,3,4,0.3179788589477538,0.47588348388671875,500b61a7238a8c7b7a4653cfebe3d9b5a02b03362567deef86fe16b80ffaa566,False
candidate,r3,peaceful,220108,320108,0.0,0,0,0,1,0.23821592330932614,0.4260540008544922,ed97a7c82c029ca81e732d0a8c2019d764f54c8e0dee209691dd87fdbdaa3648,True
candidate,r3,peaceful,220109,320109,0.1111111111111111,0,0,1,0,0.2579689025878906,0.3688335418701172,ad81fca70cd41ee2a0160eab904b1ba5d50dacc9181fb327ef3d8e58ad5e2f0e,True
candidate,r3,peaceful,220110,320110,0.2222222222222222,0,0,2,15,0.3149986267089843,0.37789344787597656,f9adc9a47f4cfb149a59b5fbc5631a16c32474e42dc85877f5089f6876a9c3f1,False
candidate,r3,peaceful,220111,320111,0.1111111111111111,0,0,1,0,0.17213821411132812,0.35309791564941406,37c9be5b78fac622a4f666613f65593153ff314832253d7b82005ebfb3bf14c6,True
candidate,r3,peaceful,220112,320112,0.2222222222222222,0,0,2,0,0.37789344787597656,0.4360675811767578,d604ff7fc50e8eb34dd0a7a1cc759cdbb31bbb7b94a32066fdd98a9997ab3e75,True
candidate,r3,peaceful,220113,320113,0.0,0,0,0,3,0.3261566162109375,0.5548000335693359,c4399a2f9f13ea871a935fec68f4a22aec3a98db348903103df78b919bfa129c,True
candidate,r3,peaceful,220114,320114,0.0,0,0,0,4,0.33001899719238276,0.4069805145263672,8664e37c2d43a62e9ea0b52cdab5fea8cfa0861d53d7fcfb1ec31d47fb93921b,True
candidate,r3,peaceful,220115,320115,0.1111111111111111,0,0,1,0,0.18097162246704102,0.33164024353027344,46d5fc6fecf85b56a72bc23fec742b610981fab32174222f3443ebbd2439d7fa,True
candidate,r3,peaceful,220116,320116,0.0,0,0,0,0,0.16307830810546875,0.3490447998046875,9c8f7576f3864736f3d26b0e83419c62ab3d823faf6fe7b50f4510499a68b01e,True
candidate,r3,peaceful,220117,320117,0.1111111111111111,0,0,1,0,0.3437995910644531,0.4398822784423828,1b5210a08ad478f6b37068adf75bd19ce2015c374544b2508bbc281be7b0bdba,True
candidate,r3,peaceful,220118,320118,0.0,0,0,0,0,0.3221511840820312,0.43392181396484375,41ee38700c72ce916a9d9ad6d7c135864691c3c4d6ad2c330105fb1cca516132,True
candidate,r3,peaceful,220119,320119,0.1111111111111111,0,0,1,2,0.24200677871704102,0.3571510314941406,074a8a2462f7f62f32f6c2b2e223dce6afa8eddd59902fe4cd14b271c64a3611,True
candidate,r3,peaceful,220120,320120,0.0,0,0,0,0,0.25300979614257807,0.7309913635253906,b9e7340723a5db1eed8de9cdc8e09a778e4e3723cfb0d0dd830d4ac2bea88205,True
candidate,r3,coincollector,220201,320201,0.0,0,1,0,3,0.27370452880859375,0.4150867462158203,19a6931d1a4305b6b1612defaaf3f2791e1e8a860cbd3aa658013f0dc39ece84,False
candidate,r3,coincollector,220202,320202,0.0,0,1,0,1,0.4414081573486327,0.591278076171875,61b624e1f6409cba080d426d7ccd8b502d7a8f42e6c7305d44ae532dac193361,False
candidate,r3,coincollector,220203,320203,0.1111111111111111,0,0,1,3,0.7490992546081534,2.2618770599365234,5d2bcb0b32059ad6ba15efab2ea608e683ac9c585983b4809136966f6ac2c950,False
candidate,r3,coincollector,220204,320204,0.0,0,1,0,5,0.478982925415039,0.5161762237548828,2b2263db84079bd491ae9d218f9f03024a80f4a4117612bb4ddae094f9e196e2,False
candidate,r3,coincollector,220205,320205,0.0,0,1,0,10,0.44524669647216797,0.6411075592041016,572d8689f91d3b4df1db38c442931ec2aefb4db1a5acc371077ab0952e69045a,True
candidate,r3,coincollector,220206,320206,0.1111111111111111,0,1,1,0,0.4254937171936035,0.49614906311035156,fd9eb5a6ae755a479892b1d5a177e42e4c55fc5a1e0203e6e975a5ddb84baf1e,False
candidate,r3,coincollector,220207,320207,0.0,0,1,0,3,0.3833293914794922,0.8130073547363281,189f98e14ede27d52a0cd8ca10ae416e1d01114eb374517d59883eb33c17963f,False
candidate,r3,coincollector,220208,320208,0.0,0,1,0,3,0.4385590553283691,0.5199909210205078,7dfae54969793ba66b36c8a29b020c7b10d9ac6b4e6cf4fad5c9a786dc58ad4d,False
candidate,r3,coincollector,220209,320209,0.1111111111111111,0,1,1,3,0.46796798706054676,0.6101131439208984,9b5c797decd8eb883e2cf35719f019d9ac471a9736848b71207c4e055f341974,False
candidate,r3,coincollector,220210,320210,0.0,0,1,0,6,0.2765417098999023,0.47779083251953125,ae821dd6a19da44c08bf78cbb331522d7de832a4f6a5a87019bf7ce75f4342dd,True
candidate,r3,coincollector,220211,320211,0.0,0,1,0,4,0.3718376159667967,0.4432201385498047,055d9e0fceb15fbb6b0d479b7fb018e0813458bada13dcfb577a138753c2cd41,False
candidate,r3,coincollector,220212,320212,0.1111111111111111,0,1,1,10,0.44292211532592773,0.48828125,e8bb9d09df4104aa6b3fa123aa3b71a5da8b7b984b8680a9aa658eb6644ac8af,False
candidate,r3,coincollector,220213,320213,0.0,1,0,5,2,0.3726005554199215,0.6587505340576172,a7cd6f71b407f4a361932a4a8edf3325eee22018faf23f0a98cdfe26729d94bb,False
candidate,r3,coincollector,220214,320214,0.0,0,1,0,14,0.4730820655822754,0.6499290466308594,1a7cf386047641d234ef2aebb394ce5cb4468cc0e8cfb58597f5be3033f654ae,False
candidate,r3,coincollector,220215,320215,0.2222222222222222,0,1,2,2,0.3908514976501465,0.6170272827148438,e0cd291f7d8d6eb5a222028ff7d78e9bf235503e89f7d0a0643ad9317995aace,False
candidate,r3,coincollector,220216,320216,0.1111111111111111,0,1,1,2,0.4206299781799315,0.6048679351806641,b2d60756d1de3ab7c4be3a6d6b05b9d0ce9f027e9647defa68db31424537eeb9,False
candidate,r3,coincollector,220217,320217,0.0,0,1,0,3,0.3862142562866211,0.4906654357910156,f75528381d3390c27d197443a856cb862cbc21cc2370d3f7da1c92edd7d500a6,False
candidate,r3,coincollector,220218,320218,0.2222222222222222,0,1,2,2,0.3399848937988281,0.4730224609375,1f1e077a5b9b23949f6f7eb4d342731fdf288b542733981acc935d61fbe92431,False
candidate,r3,coincollector,220219,320219,0.1111111111111111,0,1,1,8,0.6879329681396483,0.8540153503417969,eaa2e23e12e07d0ab2e05bb2ded7d73de5e899ee4e5c990c6b7e43ae19fe33ab,False
candidate,r3,coincollector,220220,320220,0.1111111111111111,0,1,1,2,0.41201114654541016,0.5056858062744141,ad52470d8813261ea16865eb0e0dc5fa3bc229dbe1a82e8e19ea583f69d2cad9,True
candidate,r3,classic,220301,320301,0.2222222222222222,0,0,2,0,0.18310546875,0.3757476806640625,ed9bd8cf03ca9c46ce30980f96fd134da3a3db7ff4c1d9f7b507625c5dfb89e8,True
candidate,r3,classic,220302,320302,0.1111111111111111,0,0,1,0,0.19909143447875977,0.3452301025390625,6fd910e80348ae77ef428af2f9ce69825677467fb436a7eff3b1f424f07d0537,True
candidate,r3,classic,220303,320303,0.0,0,0,0,0,0.21196603775024414,0.40078163146972656,d43b8fef41b0f1fa09faa2751be9f66b346509fc1baf06cb4a8e29e17b612c3a,True
candidate,r3,classic,220304,320304,0.1111111111111111,0,0,1,1,0.2938389778137206,0.5729198455810547,af069e5f6fd774b58a9e8dee3b003a61140e2381e7459fcb1222a2843f2ee1d0,True
candidate,r3,classic,220305,320305,0.1111111111111111,0,0,1,0,0.20313262939453125,0.335693359375,a6bd6ce7b4f4c1e202d0534c367ceeca8c20ba9e37e56150fda4312536d3c430,True
candidate,r3,classic,220306,320306,0.1111111111111111,0,0,1,3,0.13116598129272458,0.33926963806152344,69060ceae0838f10fde89cf655b743d96f61e2b58efb76d375d44186e26ac315,True
candidate,r3,classic,220307,320307,0.1111111111111111,0,0,1,0,0.19316673278808588,0.3788471221923828,3ffcba29227ffc9596214a8a9154d2e53de9123c0390c19ae531beb3e1ddb10b,True
candidate,r3,classic,220308,320308,0.0,0,0,0,3,0.21076202392578125,0.3628730773925781,77873d2a1271c58b1ccd6dc2406eaa3801ac87dceb38b70d8779fccfaf928008,True
candidate,r3,classic,220309,320309,0.0,0,0,0,0,0.2060294151306152,0.35190582275390625,317373597db2219c80c8cf7306a67f397a8ab7e5a004a259cddeea9c5bd27abd,True
candidate,r3,classic,220310,320310,0.1111111111111111,0,0,1,48,0.15907287597656244,0.4222393035888672,5d38dddb58e65350169f4be06903c9297111eb05df9cd6a3a0e89fdffd064da9,True
candidate,r3,classic,220311,320311,0.1111111111111111,0,0,1,52,0.1499652862548828,0.3101825714111328,dd7691d5f0df29d2ea6ac5626d78869f6438224a997b2de8408631bedd51ee51,True
candidate,r3,classic,220312,320312,0.1111111111111111,0,0,1,0,0.19407272338867188,0.35572052001953125,d804c54195afa1c4d1aa51aa68c19c0c5e2546f9d283ec675adc11f7ab93dda7,True
candidate,r3,classic,220313,320313,0.4444444444444444,0,0,4,3,0.2232670783996579,1.1138916015625,59bf490e379cdb92f6e7ee79ba985c8b70b3dbb9a10039ee51b71679f61cdf24,True
candidate,r3,classic,220314,320314,0.1111111111111111,0,0,1,0,0.15592575073242188,0.3521442413330078,246f9a20f20b0c978a54ff0f4ab1a33249d49095943b5fc2d26a7b8725664dcc,True
candidate,r3,classic,220315,320315,0.1111111111111111,0,0,1,0,0.16835927963256833,0.43010711669921875,5d923e4e931ee235d830a16bffaf392d56d8bedc59f6527bf0b55a53530449fc,True
candidate,r3,classic,220316,320316,0.0,0,0,0,0,0.29087066650390625,0.6649494171142578,de47519643af69c8939f8877c0ce119dce8acc9f04c68b3823b05140c2bd86b2,True
candidate,r3,classic,220317,320317,0.3333333333333333,0,0,3,0,0.1841545104980468,0.3898143768310547,c2720d98030ab51132d4f455249d2f5bb6c48de9847829f5a20a877478721dcb,True
candidate,r3,classic,220318,320318,0.0,0,0,0,0,0.22526979446411113,0.5650520324707031,efd72046672f6600ab7a054f5cd63a1fd012f28a778b84243529e4bb62142c35,True
candidate,r3,classic,220319,320319,0.2222222222222222,0,0,2,0,0.19389390945434565,0.41103363037109375,a4437bdc7741a941211e936141631ef32275682f5f99c5d476a13e1e6399c00b,True
candidate,r3,classic,220320,320320,0.0,0,0,0,0,0.16188621520996094,0.39005279541015625,2faa1ff94f92cd1c7390b311d79a78f063ec294c1b1b183d1936d0ce03cd982c,True
candidate,r3,coin-heaven,220401,320401,1.0,0,0,50,0,0.22923946380615234,0.3368854522705078,163b2ce2b1cd0e19de5a68529ed41976e02a88d02f6e3116158b13a1f508bd4f,True
candidate,r3,coin-heaven,220402,320402,1.0,0,0,50,0,0.1557230949401855,0.2739429473876953,aa14b2f9767f977782e59cec05a5832c695019a0a286546aa9945c39c01c2656,True
candidate,r3,coin-heaven,220403,320403,1.0,0,0,50,0,0.32811164855957026,0.4420280456542969,37724d43a47ecde6f2b5bd8c036af1cef51506a3e6817db1c74db3fa9430bc7f,True
candidate,r3,coin-heaven,220404,320404,1.0,0,0,50,0,0.32021999359130854,0.37789344787597656,55ff5db71f98da3257eb00b3fad801fb3d362d20c0419bb9e850f5ccdab2b1d7,True
candidate,r3,coin-heaven,220405,320405,1.0,0,0,50,0,0.17094612121582023,0.2758502960205078,00faa51be40af07593bbdc02709550ce4dee3fb49991e114d700df4166f0cedc,True
candidate,r3,coin-heaven,220406,320406,1.0,0,0,50,0,0.34456253051757785,0.518798828125,53681c65909fe5b5837085c22ee1809e6d8bdbc7147af267d8bddd14ce2b885b,True
candidate,r3,coin-heaven,220407,320407,1.0,0,0,50,0,0.3501534461975096,0.6577968597412109,169eb0b736672e7c84616bac5b9395f50fa887197ccc55946a89fe40d8edf7da,True
candidate,r3,coin-heaven,220408,320408,1.0,0,0,50,0,0.3278017044067382,0.7150173187255859,efcd5331469cdebe34f1ad08fc401d3512e154fec28253c265a83da78ad422da,True
candidate,r3,coin-heaven,220409,320409,1.0,0,0,50,0,0.39458274841308555,0.5137920379638672,4fc2c7be4b9a255a074a9cfa9fbbcec214f77b9c1dbb3b270919f4f32878cd18,True
candidate,r3,coin-heaven,220410,320410,1.0,0,0,50,0,0.35433769226074197,0.6191730499267578,2a0e54cba14d26122226d560d1fd2b12495d6411a53284caa1dbcdc127899fe9,True
candidate,r3,coin-heaven,220411,320411,1.0,0,0,50,0,0.3255367279052734,0.42700767517089844,8b1338db5f1f98a5a237458bfc40ef44fd33db1a9883120fb87fca009450123f,True
candidate,r3,coin-heaven,220412,320412,1.0,0,0,50,0,0.3993749618530273,0.7250308990478516,494459215fea730638e2f8f37e9c58fb5c8bc67bea57f6b28712174f61d194c3,True
candidate,r3,coin-heaven,220413,320413,1.0,0,0,50,0,0.45990943908691395,0.6132125854492188,c5305d48b0d0130e83db8a87fad037718fb3ad3e6ca987ba33fb38d32101d46e,True
candidate,r3,coin-heaven,220414,320414,1.0,0,0,50,0,0.3352165222167966,0.47397613525390625,98d7e6cc343be2cb5318bdde3e09eff45cd60d6c0919ae577d9531d268e8002d,True
candidate,r3,coin-heaven,220415,320415,1.0,0,0,50,0,0.3547668457031249,0.5309581756591797,e550006a7091a0533539b3055f97e8e9c4a2855f7fa4697021b5730072b4caf8,True
candidate,r3,coin-heaven,220416,320416,1.0,0,0,50,0,0.3215789794921874,0.5488395690917969,2379fb88c10cf7b8c91b1a76d4531816fb95dc5a501167240ce6d7dc2be63e72,True
candidate,r3,coin-heaven,220417,320417,1.0,0,0,50,0,0.21648406982421875,0.3256797790527344,ede093830988e10b14e263232c3162c6172d1f00271bc52e75095c53984fda53,True
candidate,r3,coin-heaven,220418,320418,1.0,0,0,50,0,0.18839836120605466,0.3330707550048828,71b7687c5479f8e80d1cce9945415007f6f09fd15b6eb923f9f664a15196d6a1,True
candidate,r3,coin-heaven,220419,320419,1.0,0,0,50,0,0.24652481079101557,0.36978721618652344,ff44fb5b008be7c02d4a12f0fb9e5cec2d99ea5d056729f83b0c4ab344b99b72,True
candidate,r3,coin-heaven,220420,320420,1.0,0,0,50,0,0.19977092742919914,0.39505958557128906,c1c0eb7b76af5d2dc3dd864df0b61abe3e0105467262739ac62631a5513a357f,True
candidate,r3,loot-crate,220501,320501,0.06,0,0,3,3,0.24199485778808594,0.5099773406982422,93081ec8d3be8550e5c6c9ce5fa100d47d6e4885d2c84e4c13e9c04db4d68f99,True
candidate,r3,loot-crate,220502,320502,0.02,0,0,1,0,0.5236864089965815,0.9937286376953125,8743fb7ad30c0822b0eee818beed540197cd6144d86d051ad5f859277e388bda,True
candidate,r3,loot-crate,220503,320503,0.0,0,0,0,0,0.2680301666259765,0.9901523590087891,6f49fab05baef7884799004a96bebf2819cc096506210ff624986cec33b0776a,True
candidate,r3,loot-crate,220504,320504,0.22,0,0,11,7,0.46770572662353455,0.9808540344238281,16b029b3e2074eea4e755e5b3b337a1343d6b18a551fc393befbbce7c2bbec66,True
candidate,r3,loot-crate,220505,320505,0.1,0,0,5,3,0.7844328880310054,1.5978813171386719,1a4d1cdda46dc6eba980cf238ee847ce491923871795f5151ce7339f51becf95,True
candidate,r3,loot-crate,220506,320506,0.04,0,0,2,3,0.5602359771728513,0.8618831634521484,a6bf0b472d4b553d28e7d1a340d834f88e90dff2abaa9d36a16c02818eb45e22,True
candidate,r3,loot-crate,220507,320507,0.0,0,0,0,0,0.2550840377807615,0.47588348388671875,6f49fab05baef7884799004a96bebf2819cc096506210ff624986cec33b0776a,True
candidate,r3,loot-crate,220508,320508,0.08,0,1,4,2,0.3085851669311524,0.51116943359375,38ac8acc91265e08ea87d0f37f93c752fca7c9da037e8d8a8b8e2afbc951e8f4,True
candidate,r3,loot-crate,220509,320509,0.0,0,0,0,0,0.24620294570922838,0.6668567657470703,64bc063f1376aef2ca32ae98b16d5095b729ea2465052dd7efe7b9a3556d643b,True
candidate,r3,loot-crate,220510,320510,0.0,0,0,0,0,0.2429485321044922,0.5970001220703125,6f49fab05baef7884799004a96bebf2819cc096506210ff624986cec33b0776a,True
candidate,r3,loot-crate,220511,320511,0.22,0,0,11,6,0.680613517761229,1.0881423950195312,85c3fa212d7df56d82db4c4a8941922d35f46b192b2c61719173e4adfa8f8e69,True
candidate,r3,loot-crate,220512,320512,0.0,0,1,0,0,0.6891012191772458,1.0209083557128906,01eddacca9ea6a5ea795de680b1544b2d0b82078947c82a179b3c1fce6670676,True
candidate,r3,loot-crate,220513,320513,0.12,0,1,6,4,0.3058910369873047,0.42891502380371094,ac4af7d843a56544e213e31b3f83d25e500401552cdf5f8ec4f626b3b573858f,True
candidate,r3,loot-crate,220514,320514,0.18,0,0,9,60,0.8222699165344236,2.5548934936523438,4445ab1ac68803d70f32373ef5353632499d1e502c4fe1c82d431e950bd48cfb,True
candidate,r3,loot-crate,220515,320515,0.14,0,0,7,3,0.7761240005493161,3.565073013305664,0285b7ed3c013fb63a65137322090603036fc21a79507c8d0108e3bf539ba230,True
candidate,r3,loot-crate,220516,320516,0.26,0,1,13,5,0.5469322204589844,0.8871555328369141,bb5e06cfeaec9ca6493e3439616753708d61cab25d06253a9efa69de07193c4e,True
candidate,r3,loot-crate,220517,320517,0.26,0,0,13,9,0.5176663398742671,0.8859634399414062,85514540b13adb36f22238df015a12a9ab595937bf26d32683996db3815cdf11,True
candidate,r3,loot-crate,220518,320518,0.34,0,1,17,16,0.4388213157653806,0.8089542388916016,8e597ddf507623b8ffd1dd4c279e9f6eb4336458e1e815c68e613055a43ba4c0,True
candidate,r3,loot-crate,220519,320519,0.0,0,0,0,34,0.5422592163085928,1.0471343994140625,dda74265619eb4b785066174f5450aa24c52b5dd4f6741884aa0c7b4073cacf9,True
candidate,r3,loot-crate,220520,320520,0.0,0,0,0,0,0.7017970085144035,1.50299072265625,6f49fab05baef7884799004a96bebf2819cc096506210ff624986cec33b0776a,True
candidate,r4,peaceful,220101,320101,0.0,0,0,0,1,1.078987121582031,3.7958621978759766,c44706ba738b988aa1531659efaeee52f7ff2f9b17760c4f452be15041d3c4f3,True
candidate,r4,peaceful,220102,320102,0.4444444444444444,0,0,4,37,1.0527849197387689,1.4719963073730469,b2ffc23542e962b50eb0c565d645f8730a510478c971b4f2fa62eee59131263d,True
candidate,r4,peaceful,220103,320103,0.0,0,0,0,0,0.8594512939453123,1.405954360961914,217524a94bc2f3c25153c06845ea3bbbcd52c99702860a9d54e955b7dd5ba36d,True
candidate,r4,peaceful,220104,320104,0.0,1,0,5,3,0.858938694000244,1.4469623565673828,1abdad85b2e5d7a79e0b3d198549bc10e3a47c26b7ff8a39991e16a2b9e7cc35,False
candidate,r4,peaceful,220105,320105,0.0,0,0,0,0,0.7601976394653317,1.4109611511230469,6a20d7230abebeffe5f39ef72e3d1bd2d18599604b9426eb228dc664b9c036ba,True
candidate,r4,peaceful,220106,320106,0.0,0,0,0,0,0.2551078796386719,0.5843639373779297,dbe854257db63b1b27e419b499eced2c226c657e917ad1afbfc975e259bceb05,True
candidate,r4,peaceful,220107,320107,0.1111111111111111,0,0,1,43,0.39505958557128906,0.6058216094970703,300bf2dfc9d42a9e5dd6240a57e849db6feeb90a2147e05efd3d6a5c0cfcd172,True
candidate,r4,peaceful,220108,320108,0.2222222222222222,0,0,2,45,0.2880096435546875,0.4208087921142578,a16cd087d89f1a54802e900d355e20df2af969fb40e0540a8deab1bcb84ad124,True
candidate,r4,peaceful,220109,320109,0.0,0,0,0,45,0.23865699768066406,0.37670135498046875,5bd9c8637bf254d032aebcc91ae5f42f1f2256e60908ea4b66eac7b332accf40,True
candidate,r4,peaceful,220110,320110,0.2222222222222222,0,0,2,3,0.24868249893188477,0.37598609924316406,fdd3da5910e093f77c4f7926d788922761ac67baa0ce26bac65431780b34273f,True
candidate,r4,peaceful,220111,320111,0.0,0,0,0,0,0.18192529678344727,0.3800392150878906,ad11b37d8aef345bad8773b106bf4b2ca891891e480bf0b88de91ab7fc1b3c72,True
candidate,r4,peaceful,220112,320112,0.0,0,0,0,0,0.1951098442077636,0.5891323089599609,eec7efd4d8dd9fa3a92673222c70912ab748571416cf45dfe7bbc0f79513e3f2,True
candidate,r4,peaceful,220113,320113,0.1111111111111111,0,0,1,0,0.30422210693359375,0.36406517028808594,365881fdb0c73d5f506734e701eb3e8412b98bb3995f7fc3c38807b572272c77,True
candidate,r4,peaceful,220114,320114,0.5555555555555556,1,0,10,11,0.3942012786865233,0.61798095703125,847c65d8848891aa89c0aad70edb9b04076932869df309fb9f0d859aaaa27ceb,False
candidate,r4,peaceful,220115,320115,0.2222222222222222,0,0,2,0,0.2961277961730957,0.37407875061035156,8d8c39b4a3d09428df43b90789156af8d65f5638ba8b93731475d3fab14f0a26,True
candidate,r4,peaceful,220116,320116,0.0,0,0,0,1,0.24677515029907227,0.3829002380371094,21efcc4917b4c04f2d9c2e9f5d85d9ec11bf8302bb37c662acb0655f9cbbd019,True
candidate,r4,peaceful,220117,320117,0.1111111111111111,0,0,1,43,0.3140091896057129,0.3693103790283203,594478967e483dada7cf15cb3abd106231aff2caec6392a3c07ad1a637c50afa,True
candidate,r4,peaceful,220118,320118,0.1111111111111111,0,0,1,4,0.29206275939941406,0.39196014404296875,0ee415fcf9a41646dca6b2f7b55e1192532e12c8b938f805419caf42019ff069,True
candidate,r4,peaceful,220119,320119,0.0,0,0,0,43,0.21791458129882812,0.37288665771484375,1443f54d9332f0ca747238c655640a935c404b3da1bb02637b47b54621ee1655,True
candidate,r4,peaceful,220120,320120,0.5555555555555556,0,0,5,5,0.40602684020996094,0.78582763671875,9c3ccc9a04b3f934ff60a1ba8213e0d013f5059318ab758ac1b5b23280cf8333,True
candidate,r4,coincollector,220201,320201,0.0,0,1,0,9,0.2976655960083007,0.3681182861328125,110dd8b6b9e568cedc53d50cd46d86985086a11ab20dedaecbf16bb0c784627a,False
candidate,r4,coincollector,220202,320202,0.0,0,1,0,2,0.3972530364990233,0.6620883941650391,e2cab684c0a1f0e8559fe09692227d1696dc1f2da1ca8ab7fe1cc8294151cfba,False
candidate,r4,coincollector,220203,320203,0.0,0,0,0,1,0.3480911254882812,0.5371570587158203,1b4a6fe6e764990c3ba4747df8a271bdf40b9eb636bee3e677cb0ca315664e82,False
candidate,r4,coincollector,220204,320204,0.0,0,1,0,1,0.438237190246582,0.6210803985595703,6048c97bc4d4e0fd8989dd3db03ed1aaefce963530a786f73a677e4cd2f73cba,False
candidate,r4,coincollector,220205,320205,0.2222222222222222,0,1,2,6,0.5736827850341797,0.6558895111083984,5ea6789f8d2d170a3addcdc7f059988cbfa4e6783187d863830580e422a9a8bb,False
candidate,r4,coincollector,220206,320206,0.1111111111111111,0,1,1,0,0.44192075729370117,0.45800209045410156,fcae9b940380e03b4e16d1e89db6371722aca98f033948e992dc4ab08860624e,False
candidate,r4,coincollector,220207,320207,0.2222222222222222,0,1,2,1,0.36417245864868164,0.5180835723876953,a15ec477893cecb0d27d1a2e51b35fefba878bd10ef4c728c1e08e7c7ab55cbf,False
candidate,r4,coincollector,220208,320208,0.1111111111111111,0,1,1,5,0.4568576812744139,0.5640983581542969,90cb598237d72380ea2843bb52b71b29a6a2705e95c0a52f7cf663820dbbb3e0,False
candidate,r4,coincollector,220209,320209,0.0,0,1,0,1,0.32767057418823237,0.5748271942138672,a01589c97434760db4393f8db3900878bfe2ce28247dcf218539652da054580d,False
candidate,r4,coincollector,220210,320210,0.0,0,1,0,3,0.5435943603515624,1.0769367218017578,b8fbc62a105fda17205728acf76cbbd9b29a28867f197b11857600712efd7dc3,False
candidate,r4,coincollector,220211,320211,0.0,0,1,0,2,0.44598579406738276,0.4940032958984375,4654a4f92c370ce70f60fa2fc3f1ac797f5e700a0d937db43ba914f97f926c54,False
candidate,r4,coincollector,220212,320212,0.2222222222222222,0,1,2,6,0.7215023040771482,0.9238719940185547,b4c865f3fae53ed5f139d7534372292d902ec65b4715a320995e5bec54e27508,False
candidate,r4,coincollector,220213,320213,0.1111111111111111,0,1,1,18,0.4562139511108397,0.5738735198974609,3635420342c5f7db0e8504ae7faf7e75ae616cebab42d233c82ec1ffff86b947,False
candidate,r4,coincollector,220214,320214,0.0,0,1,0,9,0.44611692428588867,0.5691051483154297,db38aa5cf9e6633d5a6463f3db7ebd1b7fa060f2d430f767dc4997ce75154c44,False
candidate,r4,coincollector,220215,320215,0.0,0,1,0,2,0.41637420654296875,0.5881786346435547,36700e6a8c0a454e22d932596edcc90baf7f0a6754e756f3baa780aacba66467,False
candidate,r4,coincollector,220216,320216,0.0,0,1,0,2,0.3790855407714844,0.5621910095214844,92651279fa511d0337e2511a2c3f412bd03b36150a6458cfcb3b9cf66cc8b06d,False
candidate,r4,coincollector,220217,320217,0.2222222222222222,0,1,2,1,0.7103919982910155,0.8261203765869141,c42d162928a29eebb80531c34dd4fcba76de700f9e8d7c425e090411d7d43754,False
candidate,r4,coincollector,220218,320218,0.2222222222222222,0,1,2,4,0.925183296203613,1.4772415161132812,bf61ea942bba3d532b70a09f010acd8473fd3f2aa5ec69d54cd540a14187196a,False
candidate,r4,coincollector,220219,320219,0.0,0,1,0,1,0.5161643028259277,0.7071495056152344,b81b7e7add77917a3c6dc52ae4c92c5c37f2841e2b952301aafe99ab49bd3a87,False
candidate,r4,coincollector,220220,320220,0.1111111111111111,0,1,1,3,0.9849071502685547,2.2211074829101562,5c35e8daf3d31a2c8b4b5bd0fac6ff88a1d4d02d2f8e324c6ad1b0f5c62d2b2f,False
candidate,r4,classic,220301,320301,0.2222222222222222,0,0,2,3,0.15420913696289046,0.35309791564941406,12d28d4814a61323627ca151b4c8c8e1ae7bbc80b7d4f7951f28bfd85674f7b4,True
candidate,r4,classic,220302,320302,0.3333333333333333,0,0,3,4,0.24546384811401312,0.3497600555419922,cf220dd608fd9deb6331e9d70e0e649b1a53b01d67c683673fdc6a77d43dddc8,True
candidate,r4,classic,220303,320303,0.1111111111111111,0,0,1,5,0.15821456909179674,0.3559589385986328,59ce1c172a82c9a8eac293d8907098d4ebd9f90baaea7ef790ac2925be79d346,True
candidate,r4,classic,220304,320304,0.0,0,0,0,0,0.1609325408935547,0.31495094299316406,caa0b37960d4db0de174947836cd649cb676a45c62e318824ed0956af5df050c,True
candidate,r4,classic,220305,320305,0.2222222222222222,0,0,2,1,0.17836093902587888,0.41985511779785156,98842b31564b42d6b423e2f15b2f14593f54100d264332426adca53547952dbf,True
candidate,r4,classic,220306,320306,0.1111111111111111,0,0,1,1,0.14282464981079102,0.3230571746826172,db5dbb2e466996d81c452743af05a0d64e2a077468582effa70b3abd80205946,True
candidate,r4,classic,220307,320307,0.0,0,0,0,0,0.20003318786621094,0.3898143768310547,2695dfa01fe1d64042d02eca5b9febbbebcfef0ae36f7a6529fe6c39b1310b4d,True
candidate,r4,classic,220308,320308,0.4444444444444444,0,0,4,1,0.19890069961547846,0.4076957702636719,f5d77cd42c1e9afe60de0a152e8822fe055a8c746a554823626cc61c0a1af1af,True
candidate,r4,classic,220309,320309,0.0,0,0,0,0,0.16380548477172852,0.3390312194824219,28c4d74537aae9ee590a3e6cebe00c3091c660c7f00bf8c6d7635db3e36bcf8b,True
candidate,r4,classic,220310,320310,0.0,0,0,0,0,0.16001462936401364,0.4439353942871094,caa0b37960d4db0de174947836cd649cb676a45c62e318824ed0956af5df050c,True
candidate,r4,classic,220311,320311,0.0,0,0,0,0,0.16188621520996094,0.3559589385986328,caa0b37960d4db0de174947836cd649cb676a45c62e318824ed0956af5df050c,True
candidate,r4,classic,220312,320312,0.0,0,0,0,0,0.1791000366210937,0.3657341003417969,caa0b37960d4db0de174947836cd649cb676a45c62e318824ed0956af5df050c,True
candidate,r4,classic,220313,320313,0.3333333333333333,0,0,3,1,0.22629499435424802,0.5738735198974609,e3e1ff85f153481af6a41e41ab05073bf929fe9b91762d1ca2aaeca4c3823403,True
candidate,r4,classic,220314,320314,0.1111111111111111,0,0,1,3,0.1621246337890625,0.3399848937988281,c162de4c85987790037bb11d3944ad4b72246e2cc5cc9a37fd27a6733a33b474,True
candidate,r4,classic,220315,320315,0.0,0,0,0,0,0.18001794815063477,0.3578662872314453,d713498f5afa90b9cef7ecc7b522c434d79bffc51c617d4112b0cfb9b8612272,True
candidate,r4,classic,220316,320316,0.0,0,0,0,0,0.18814802169799802,0.3368854522705078,c519746b1253f7127b6369362b15ba7e846a76a2c088219425315f2e9fabc802,True
candidate,r4,classic,220317,320317,0.2222222222222222,0,0,2,1,0.1957416534423828,0.34689903259277344,725d90e3135884793db58988d92f2c4f616aa74c363282c1760c1bd04defe0d6,True
candidate,r4,classic,220318,320318,0.2222222222222222,0,0,2,1,0.22301673889160148,0.3612041473388672,89dd0106d0e0b127bafb7c6243ea3b95908fc4fd2575876c3f17255367d8d5d1,True
candidate,r4,classic,220319,320319,0.3333333333333333,0,0,3,5,0.1621603965759277,0.3540515899658203,0d80cbb6a61b807a2fc5d4317d42d8b4ed3b6f73fab246c851406dddb56e3722,True
candidate,r4,classic,220320,320320,0.0,0,0,0,0,0.18525123596191406,0.3871917724609375,a4881960df1f6ceae554b78912f428be5ccf0d959c6cb087facce4c6a9fafe41,True
candidate,r4,coin-heaven,220401,320401,1.0,0,0,50,0,0.3393888473510742,0.42819976806640625,163b2ce2b1cd0e19de5a68529ed41976e02a88d02f6e3116158b13a1f508bd4f,True
candidate,r4,coin-heaven,220402,320402,1.0,0,0,50,0,0.24811029434204063,0.3540515899658203,aa14b2f9767f977782e59cec05a5832c695019a0a286546aa9945c39c01c2656,True
candidate,r4,coin-heaven,220403,320403,1.0,0,0,50,0,0.4218101501464843,0.5562305450439453,37724d43a47ecde6f2b5bd8c036af1cef51506a3e6817db1c74db3fa9430bc7f,True
candidate,r4,coin-heaven,220404,320404,1.0,0,0,50,0,0.38118362426757774,0.46515464782714844,55ff5db71f98da3257eb00b3fad801fb3d362d20c0419bb9e850f5ccdab2b1d7,True
candidate,r4,coin-heaven,220405,320405,1.0,0,0,50,0,0.2182006835937499,0.34499168395996094,00faa51be40af07593bbdc02709550ce4dee3fb49991e114d700df4166f0cedc,True
candidate,r4,coin-heaven,220406,320406,1.0,0,0,50,0,0.3515243530273436,0.6160736083984375,53681c65909fe5b5837085c22ee1809e6d8bdbc7147af267d8bddd14ce2b885b,True
candidate,r4,coin-heaven,220407,320407,1.0,0,0,50,0,0.24973154067993159,0.5571842193603516,169eb0b736672e7c84616bac5b9395f50fa887197ccc55946a89fe40d8edf7da,True
candidate,r4,coin-heaven,220408,320408,1.0,0,0,50,0,0.4057168960571288,0.6506443023681641,efcd5331469cdebe34f1ad08fc401d3512e154fec28253c265a83da78ad422da,True
candidate,r4,coin-heaven,220409,320409,1.0,0,0,50,0,0.4175901412963864,0.5161762237548828,4fc2c7be4b9a255a074a9cfa9fbbcec214f77b9c1dbb3b270919f4f32878cd18,True
candidate,r4,coin-heaven,220410,320410,1.0,0,0,50,0,0.2867460250854489,0.5533695220947266,2a0e54cba14d26122226d560d1fd2b12495d6411a53284caa1dbcdc127899fe9,True
candidate,r4,coin-heaven,220411,320411,1.0,0,0,50,0,0.32634735107421875,0.4298686981201172,271f3c0085bbec1c5598482a70a4705fde6b93fa4285eafa0db7ecadfade8705,True
candidate,r4,coin-heaven,220412,320412,1.0,0,0,50,0,0.3502368927001953,0.4730224609375,494459215fea730638e2f8f37e9c58fb5c8bc67bea57f6b28712174f61d194c3,True
candidate,r4,coin-heaven,220413,320413,1.0,0,0,50,0,0.38094520568847634,0.48804283142089844,c5305d48b0d0130e83db8a87fad037718fb3ad3e6ca987ba33fb38d32101d46e,True
candidate,r4,coin-heaven,220414,320414,1.0,0,0,50,0,0.3454446792602539,0.4780292510986328,98d7e6cc343be2cb5318bdde3e09eff45cd60d6c0919ae577d9531d268e8002d,True
candidate,r4,coin-heaven,220415,320415,1.0,0,0,50,0,0.2539873123168945,0.3578662872314453,e550006a7091a0533539b3055f97e8e9c4a2855f7fa4697021b5730072b4caf8,True
candidate,r4,coin-heaven,220416,320416,1.0,0,0,50,0,0.3293275833129879,0.4830360412597656,2379fb88c10cf7b8c91b1a76d4531816fb95dc5a501167240ce6d7dc2be63e72,True
candidate,r4,coin-heaven,220417,320417,1.0,0,0,50,0,0.20897388458251953,0.3261566162109375,ede093830988e10b14e263232c3162c6172d1f00271bc52e75095c53984fda53,True
candidate,r4,coin-heaven,220418,320418,1.0,0,0,50,0,0.1920461654663086,0.38504600524902344,71b7687c5479f8e80d1cce9945415007f6f09fd15b6eb923f9f664a15196d6a1,True
candidate,r4,coin-heaven,220419,320419,1.0,0,0,50,0,0.22091865539550767,0.3409385681152344,ff44fb5b008be7c02d4a12f0fb9e5cec2d99ea5d056729f83b0c4ab344b99b72,True
candidate,r4,coin-heaven,220420,320420,1.0,0,0,50,0,0.21852254867553708,0.38886070251464844,c1c0eb7b76af5d2dc3dd864df0b61abe3e0105467262739ac62631a5513a357f,True
candidate,r4,loot-crate,220501,320501,0.28,0,1,14,15,0.41707754135131836,0.4982948303222656,5803a97d0cca807c24a7085ae04d66a838fba3cef2fa0a5c24e1beb8faa604ef,True
candidate,r4,loot-crate,220502,320502,0.06,0,0,3,4,0.18925666809082015,0.5776882171630859,48b1765a1626849a851e9dc8e4eeb351eeb94027e330109352a444741c456436,True
candidate,r4,loot-crate,220503,320503,0.18,0,1,9,8,0.2770781517028808,0.45108795166015625,a7eca06b44dd5cba47f6a4185aa80993e655da8251946803270af5b3ae17dbb0,True
candidate,r4,loot-crate,220504,320504,0.04,0,0,2,0,0.21413564682006833,0.5128383636474609,c15c5f370f9f5b749591ab80f9aca87516512997f827334fcabc80d7da84c933,True
candidate,r4,loot-crate,220505,320505,0.14,0,0,7,1,0.2213239669799802,0.4189014434814453,d464f8e32dfc6e62155935040c5db931296d68c3f057ebe94f27515644b6b641,True
candidate,r4,loot-crate,220506,320506,0.04,0,0,2,1,0.3647923469543457,0.6940364837646484,ea9241fbd7eee297b035c20008af94a03f9c5c92a43821d36b333a4ea4778dac,True
candidate,r4,loot-crate,220507,320507,0.04,0,0,2,1,0.2561092376708984,0.46896934509277344,c50b746673f45cda9b40525dda8242be6af7093ddbf745d587d7ecb364154743,True
candidate,r4,loot-crate,220508,320508,0.2,0,0,10,0,0.25720596313476546,0.5540847778320312,ad3843a4738e1ddc01f409b8d0a7162e6315dc45993304832cd3585b905ce67d,True
candidate,r4,loot-crate,220509,320509,0.0,0,0,0,2,0.22511482238769526,0.48995018005371094,bdd79baa75bb897c83b1cbfad43676e8dc361bd1e86e21b0ce43a0c319b4e62e,True
candidate,r4,loot-crate,220510,320510,0.26,0,0,13,6,0.5062341690063473,0.8509159088134766,87ca6da15868c49c7c329a4a6b6eaa9446e5f43978d763dd65431f275751e10d,True
candidate,r4,loot-crate,220511,320511,0.08,0,1,4,4,0.9021759033203125,1.4159679412841797,f4c1092205ebae0af235dfde580d1dd66f311b6cb19b37ffe5d1376b4ff9e4e7,True
candidate,r4,loot-crate,220512,320512,0.0,0,0,0,2,0.6831169128417969,7.714033126831055,d099a2a04df2c6cba1dc6dce84768f90d120736b8d04f5386e32b0c4b971faec,True
candidate,r4,loot-crate,220513,320513,0.12,0,0,6,2,0.4819154739379882,0.8442401885986328,d36cdd3738217de8f3c0a6a364b6077d4d9091ab99685039848ee27282017ac3,True
candidate,r4,loot-crate,220514,320514,0.02,0,0,1,0,0.3612875938415527,0.7579326629638672,7ba94a5d99c236be6e2d839a8a5d49795630e40c3365dd0fe1a70da8ff7c574c,True
candidate,r4,loot-crate,220515,320515,0.0,0,0,0,0,0.5288004875183099,1.0073184967041016,caa0b37960d4db0de174947836cd649cb676a45c62e318824ed0956af5df050c,True
candidate,r4,loot-crate,220516,320516,0.06,0,0,3,0,0.693225860595703,1.123189926147461,3da3511d345ffa4969af88a32e563e2624b6af6e9db3c514bc2cb00603074367,True
candidate,r4,loot-crate,220517,320517,0.04,0,0,2,0,0.36787986755371094,0.7658004760742188,e312244b63b7580cdf2d9a7ce295bbdf0573d988835514ec0f99e2bcf15a945c,True
candidate,r4,loot-crate,220518,320518,0.08,0,0,4,1,0.49787759780883784,0.8640289306640625,3cc360b36f3dcd066179da10ebd3002167d3c9a4a2ce227596eb64f4cc4b1ee3,True
candidate,r4,loot-crate,220519,320519,0.0,0,0,0,1,0.608980655670166,1.363992691040039,8601e613be89f92e5f7353bab827a178d595fe7b4566f001e02af2d45a10aec8,True
candidate,r4,loot-crate,220520,320520,0.04,0,1,2,2,0.5977153778076172,0.7839202880859375,91a3d53290491d6445186b1597cdd1c5f1c9e6bedd98d2005ffa77d4bad6cde5,True
candidate,r5,peaceful,220101,320101,0.5555555555555556,0,0,5,4,0.32427310943603516,0.3750324249267578,b4663626736bd8931a8ecd43c169934246bb09e04d1d4fa7eaa95b4825433d6e,True
candidate,r5,peaceful,220102,320102,0.5555555555555556,0,0,5,1,0.28420686721801736,0.40602684020996094,276ee0beb804688ece73314cceb2ed6a3263588abacc18c60674083f49f0e2eb,True
candidate,r5,peaceful,220103,320103,0.2222222222222222,0,0,2,1,0.2608895301818847,0.3631114959716797,786fd6ab80737a28024f690c5b4921ad7b7914e34c5219d43c98bb94859f6637,True
candidate,r5,peaceful,220104,320104,0.0,0,0,0,1,0.24396181106567377,0.3380775451660156,ff60cdee30cf2730a849829690de7ae14d420a8886519270904eb049c25e41f0,True
candidate,r5,peaceful,220105,320105,0.2222222222222222,0,0,2,4,0.3697991371154785,0.4248619079589844,638afb399bfb01406b796eb74c0699d1df928abb51bd57a11b9677ae5e105dc2,True
candidate,r5,peaceful,220106,320106,0.3333333333333333,0,0,3,4,0.36005973815917963,0.4811286926269531,88dc7a6655db4cec8e9ae7c4c3a373db9870e999cd151b0b0132a7109cae76cb,True
candidate,r5,peaceful,220107,320107,0.2222222222222222,0,0,2,12,0.31113624572753906,0.3688335418701172,bb8231350edd1190b882872533e8323befe1e0efa6172f84ca212728a67accb9,True
candidate,r5,peaceful,220108,320108,0.3333333333333333,0,0,3,3,0.2410411834716797,0.32901763916015625,e6319fb0fa198507a743d162c4a868b7c4afba8659958c27ed831dea7c0d7f61,True
candidate,r5,peaceful,220109,320109,0.1111111111111111,0,0,1,2,0.21200180053710932,0.32591819763183594,2f5fd94cfa36e57b1f072df1123f651bff21edfa3b13e536c5941b249274327b,True
candidate,r5,peaceful,220110,320110,0.0,0,0,0,0,0.21835565567016582,0.3719329833984375,caa0b37960d4db0de174947836cd649cb676a45c62e318824ed0956af5df050c,True
candidate,r5,peaceful,220111,320111,0.0,0,0,0,2,0.26707649230957026,0.4229545593261719,94cf9b0a166af82160775ee5825f61c4f822d4bcf1232671eced89d90cbaa1ce,True
candidate,r5,peaceful,220112,320112,0.0,0,0,0,0,0.2298831939697265,0.3788471221923828,c5ace97c06d69a7060a6329d04793e75209c3b52f30acda5b0bb1e1b7040df3f,True
candidate,r5,peaceful,220113,320113,0.0,0,0,0,1,0.2160191535949707,0.6940364837646484,9e4d992adc023b72728484d6da3644d87fe431ef4eaaa523eb4ea174caa4e66b,True
candidate,r5,peaceful,220114,320114,0.0,0,0,0,0,0.17690658569335938,0.3647804260253906,031735285a94dccb4cb2a61e99f84fc0777b283ef690921c56d3d391b760434e,True
candidate,r5,peaceful,220115,320115,0.2222222222222222,0,0,2,0,0.2900242805480956,0.3771781921386719,595faed01ccade60713d95e90ddc15d35ee4f11fd2b623017ff210517cb1c16b,True
candidate,r5,peaceful,220116,320116,0.0,0,0,0,0,0.18533468246459953,0.41294097900390625,caa0b37960d4db0de174947836cd649cb676a45c62e318824ed0956af5df050c,True
candidate,r5,peaceful,220117,320117,0.1111111111111111,0,0,1,15,0.23298263549804682,0.3631114959716797,d8f343e4e86f578352974eec63218cfa6b8ad5b9b8f2299e2171125301d99b40,True
candidate,r5,peaceful,220118,320118,0.0,0,0,0,0,0.2517819404602051,0.5800724029541016,e12962499b244e719ace7183f2ccef30459d87c632d3eee8afe88d64208342da,True
candidate,r5,peaceful,220119,320119,0.4444444444444444,1,1,9,1,0.31495094299316406,0.3998279571533203,3c139504b697d23907626a9019a9358430643a0734e651220bb3ca827da55f94,False
candidate,r5,peaceful,220120,320120,0.1111111111111111,0,0,1,2,0.2181529998779297,0.3452301025390625,b9d845d1ad6a4b7d0c7de2fd459a4251099645560bec367abf748b02051eab88,True
candidate,r5,coincollector,220201,320201,0.0,0,1,0,3,0.3539800643920898,0.6198883056640625,33c810ee61b2d4ecb659d1f00a0a5a3e90cbc061ad89a839d0fe1744b3e4d231,True
candidate,r5,coincollector,220202,320202,0.2222222222222222,0,1,2,1,0.3758072853088379,0.5791187286376953,f7c8d59e6ec7e52165864d8aa8e0fccfe894e4f043776f1db8bba6cd52e9b68c,False
candidate,r5,coincollector,220203,320203,0.1111111111111111,0,1,1,3,0.6186246871948239,0.9350776672363281,5f6d576d4a888b82b31b379b9189bc67cf5ab5a2062b6f1f50f45c4e477b10c0,False
candidate,r5,coincollector,220204,320204,0.0,0,1,0,3,0.3945827484130859,0.5550384521484375,c607185a95deed303ed00bd90490059f35637d5dcf024e542c5340d4c2714ee1,False
candidate,r5,coincollector,220205,320205,0.2222222222222222,0,0,2,1,0.44618844985961914,0.5381107330322266,243bf99cb1b597c31213c040d5f627fa00d1109d0b66f7d5467e77bb32e83b4a,False
candidate,r5,coincollector,220206,320206,0.0,0,1,0,8,0.385904312133789,0.4527568817138672,c6771653aacf2c12aea056f9a16873cb17f78b3eacf5b401d9742c19e865a9c9,False
candidate,r5,coincollector,220207,320207,0.2222222222222222,0,1,2,3,0.46274662017822255,0.5619525909423828,c17cf236c64376521ddcd4a337fabd979192420d988181b6fc33d13c0575015d,False
candidate,r5,coincollector,220208,320208,0.0,0,1,0,1,0.38471221923828125,0.5209445953369141,26270df8fff1b80f8c1ed00998ee2467d6c9bb2a87e628ca183f6a4eee8b6dd9,False
candidate,r5,coincollector,220209,320209,0.1111111111111111,0,1,1,5,0.3687739372253418,0.46896934509277344,ded46f4e357c01493674d1b14d9c93cb30a5fd10fd1e912140f2e0b75bfdfc4e,True
candidate,r5,coincollector,220210,320210,0.2222222222222222,0,1,2,2,0.6293058395385742,0.8089542388916016,1a2cda21c2c23400bf96f085988af650dd50389317e26a47fe33c052eff7ed80,True
candidate,r5,coincollector,220211,320211,0.2222222222222222,0,1,2,0,0.5338668823242188,0.5476474761962891,6a2797a767aea338d1a7d31d0b1903b9136b74a95ea9f243a895d8273730683f,False
candidate,r5,coincollector,220212,320212,0.1111111111111111,0,1,1,5,0.9135127067565918,2.096891403198242,a94b8234f47f1b3bdcefe57ea2a6d14807c3829882ca618148666555bcfcec46,False
candidate,r5,coincollector,220213,320213,0.1111111111111111,0,1,1,4,0.6600022315979004,0.9748935699462891,83e5fee2daacf90f5c598e833ecca53aaa86d833197fb9fac99edef7889d325c,False
candidate,r5,coincollector,220214,320214,0.1111111111111111,0,1,1,61,0.6118297576904297,0.8497238159179688,3d05ab7bf260e2811cbcb97e1e99b6a459fc0d1d88a561eaf1677793d5677905,False
candidate,r5,coincollector,220215,320215,0.2222222222222222,0,1,2,4,0.8004188537597655,1.184701919555664,b34366ca8a16a74e9f0316ed31ae295cc768e56cc8c385d1f14c750f38c050b1,False
candidate,r5,coincollector,220216,320216,0.1111111111111111,0,1,1,6,1.2348413467407213,2.051115036010742,f9e872fb5496d65fafb1811fa0b9ef221f2523e1dc5e94cc3cb204d4cac285c8,False
candidate,r5,coincollector,220217,320217,0.0,0,1,0,1,0.9102225303649902,2.2170543670654297,472260c8411a44d009ef7cc47352d1760bf8efc754aa8ad40834abece9c4b286,False
candidate,r5,coincollector,220218,320218,0.0,0,1,0,7,1.4949440956115723,3.5250186920166016,f819e2cb5d95be214c67c924f27c7ea03ff3911ab864ad689d3489b35ab2b300,False
candidate,r5,coincollector,220219,320219,0.1111111111111111,0,1,1,14,0.7626533508300779,1.3508796691894531,377905deeb5b62174056d486fe30276f4e328a1ed8e833c855b40b185fa52fa4,False
candidate,r5,coincollector,220220,320220,0.3333333333333333,0,0,3,2,1.244091987609863,8.935213088989258,b4bafd0c6bffaee3bb46c354b27a37936f3f6779b86fccde7c996c3ff8510b42,False
candidate,r5,classic,220301,320301,0.0,0,0,0,0,0.17714500427246094,0.42510032653808594,25137ced47b6c40c2871a8a3db68f4e66d2b458c48d38440d4228028b9a45936,True
candidate,r5,classic,220302,320302,0.2222222222222222,0,0,2,1,0.28897523880004883,0.4031658172607422,acc80695552d5326d42cb63e0309f8bb98d25384875511204b1e37fce5bbeb09,True
candidate,r5,classic,220303,320303,0.0,0,0,0,0,0.18819570541381828,0.37288665771484375,e01f4095eb02ff9a26293054c06978bb2f71d26741ca8ad98790dce4508f87c0,True
candidate,r5,classic,220304,320304,0.0,0,0,0,0,0.15497207641601562,0.34618377685546875,3e457cc2304ad2ccf2d6296a66213cdc8d455614dc7958b9ee35c31a82fdf5fa,True
candidate,r5,classic,220305,320305,0.3333333333333333,0,0,3,0,0.2579689025878906,0.3540515899658203,3fd7cddf0a02034beaa29e59d365d3d86e8af4dd6e44a56fc5d621c5c51326ed,True
candidate,r5,classic,220306,320306,0.1111111111111111,0,0,1,6,0.2181529998779297,0.35190582275390625,e620f522905ab2782895cb9d8abf558a5b01ca7ff1bae2ec414daed56d2b061d,True
candidate,r5,classic,220307,320307,0.0,0,0,0,1,0.15004873275756828,0.3609657287597656,0a1558adfdb1b427f49765d0332d57e47fa1d91be476e22583ddea8594ae872d,True
candidate,r5,classic,220308,320308,0.1111111111111111,0,0,1,75,0.25131702423095703,0.51116943359375,de95ac60f77e7bf04f677f0be98c47c81a7ef5bbaa74be9400f826a91f5cacf5,True
candidate,r5,classic,220309,320309,0.2222222222222222,0,0,2,129,0.2213954925537108,0.3921985626220703,ccc5b7b2bf656bbfd2558f3ba365411a2cd7ccf9ba6714f4b2cadfe2cd86941e,True
candidate,r5,classic,220310,320310,0.1111111111111111,0,0,1,0,0.18405914306640625,0.392913818359375,31cb48f854ce4121f942662606525f3a40d87c53ddde8b0ec4291ad979d10ff4,True
candidate,r5,classic,220311,320311,0.0,0,0,0,0,0.15907287597656244,0.36787986755371094,3e457cc2304ad2ccf2d6296a66213cdc8d455614dc7958b9ee35c31a82fdf5fa,True
candidate,r5,classic,220312,320312,0.0,0,0,0,0,0.1759648323059082,0.38695335388183594,3e457cc2304ad2ccf2d6296a66213cdc8d455614dc7958b9ee35c31a82fdf5fa,True
candidate,r5,classic,220313,320313,0.2222222222222222,0,0,2,0,0.34689903259277344,0.4391670227050781,9a6e79938b23ee2e847b2cff9fc02db488440538874bc25dc1cc9608dc4a0dea,True
candidate,r5,classic,220314,320314,0.0,0,0,0,1,0.16595125198364258,0.37980079650878906,ed9c257b594030e3a3d9c9108f3c1c87d40ff4bedb87fe095a20db3da60cbc4a,True
candidate,r5,classic,220315,320315,0.0,0,0,0,46,0.22579431533813477,0.4138946533203125,cea639cfe72dd056f2849b75c8595b0d08966fee7333fc1203310ce8e903a3db,True
candidate,r5,classic,220316,320316,0.0,0,0,0,0,0.1780986785888672,0.3921985626220703,25137ced47b6c40c2871a8a3db68f4e66d2b458c48d38440d4228028b9a45936,True
candidate,r5,classic,220317,320317,0.1111111111111111,0,0,1,0,0.22388696670532227,0.408172607421875,3c8051656dab3df674802bfe6d8ac9442c08b8e65100e58b5168dca66bbe40db,True
candidate,r5,classic,220318,320318,0.0,0,0,0,0,0.17499923706054688,0.4029273986816406,25137ced47b6c40c2871a8a3db68f4e66d2b458c48d38440d4228028b9a45936,True
candidate,r5,classic,220319,320319,0.3333333333333333,0,0,3,0,0.1740574836730957,0.3750324249267578,b376e084eb50179f105775ce2bc9d9924fe562367b074fbb30aabd68bbb9979e,True
candidate,r5,classic,220320,320320,0.0,0,0,0,0,0.17690658569335938,0.47206878662109375,fc2db6bfbc230fe973690b7f765a28e23d033cedbd1a21592eb4ae7c4ff05f7d,True
candidate,r5,coin-heaven,220401,320401,1.0,0,0,50,0,0.34421682357788086,0.5860328674316406,163b2ce2b1cd0e19de5a68529ed41976e02a88d02f6e3116158b13a1f508bd4f,True
candidate,r5,coin-heaven,220402,320402,1.0,0,0,50,0,0.1949787139892578,0.34689903259277344,aa14b2f9767f977782e59cec05a5832c695019a0a286546aa9945c39c01c2656,True
candidate,r5,coin-heaven,220403,320403,1.0,0,0,50,0,0.4403114318847653,0.5559921264648438,37724d43a47ecde6f2b5bd8c036af1cef51506a3e6817db1c74db3fa9430bc7f,True
candidate,r5,coin-heaven,220404,320404,1.0,0,0,50,0,0.44746398925781194,0.5419254302978516,55ff5db71f98da3257eb00b3fad801fb3d362d20c0419bb9e850f5ccdab2b1d7,True
candidate,r5,coin-heaven,220405,320405,1.0,0,0,50,0,0.4029750823974607,0.7979869842529297,00faa51be40af07593bbdc02709550ce4dee3fb49991e114d700df4166f0cedc,True
candidate,r5,coin-heaven,220406,320406,1.0,0,0,50,0,0.3957271575927731,0.5230903625488281,53681c65909fe5b5837085c22ee1809e6d8bdbc7147af267d8bddd14ce2b885b,True
candidate,r5,coin-heaven,220407,320407,1.0,0,0,50,0,0.26599168777465815,0.48613548278808594,169eb0b736672e7c84616bac5b9395f50fa887197ccc55946a89fe40d8edf7da,True
candidate,r5,coin-heaven,220408,320408,1.0,0,0,50,0,0.28252601623535145,0.5469322204589844,efcd5331469cdebe34f1ad08fc401d3512e154fec28253c265a83da78ad422da,True
candidate,r5,coin-heaven,220409,320409,1.0,0,0,50,0,0.5259394645690918,0.759124755859375,4fc2c7be4b9a255a074a9cfa9fbbcec214f77b9c1dbb3b270919f4f32878cd18,True
candidate,r5,coin-heaven,220410,320410,1.0,0,0,50,0,0.35322904586791976,0.5977153778076172,2a0e54cba14d26122226d560d1fd2b12495d6411a53284caa1dbcdc127899fe9,True
candidate,r5,coin-heaven,220411,320411,1.0,0,0,50,0,0.36871433258056635,0.4990100860595703,f3db430ffd70b5b83cc2efbedc9de1ac806664d6e0412509af8b00c3a90c14f2,True
candidate,r5,coin-heaven,220412,320412,1.0,0,0,50,0,0.4335880279541015,0.5340576171875,494459215fea730638e2f8f37e9c58fb5c8bc67bea57f6b28712174f61d194c3,True
candidate,r5,coin-heaven,220413,320413,1.0,0,0,50,0,0.4347801208496091,0.5650520324707031,c5305d48b0d0130e83db8a87fad037718fb3ad3e6ca987ba33fb38d32101d46e,True
candidate,r5,coin-heaven,220414,320414,1.0,0,0,50,0,0.3425598144531247,0.431060791015625,98d7e6cc343be2cb5318bdde3e09eff45cd60d6c0919ae577d9531d268e8002d,True
candidate,r5,coin-heaven,220415,320415,1.0,0,0,50,0,0.3217935562133789,0.4620552062988281,e550006a7091a0533539b3055f97e8e9c4a2855f7fa4697021b5730072b4caf8,True
candidate,r5,coin-heaven,220416,320416,1.0,0,0,50,0,0.3381490707397458,0.47516822814941406,2379fb88c10cf7b8c91b1a76d4531816fb95dc5a501167240ce6d7dc2be63e72,True
candidate,r5,coin-heaven,220417,320417,1.0,0,0,50,0,0.21660327911376953,0.32711029052734375,ede093830988e10b14e263232c3162c6172d1f00271bc52e75095c53984fda53,True
candidate,r5,coin-heaven,220418,320418,1.0,0,0,50,0,0.22141933441162107,0.4570484161376953,71b7687c5479f8e80d1cce9945415007f6f09fd15b6eb923f9f664a15196d6a1,True
candidate,r5,coin-heaven,220419,320419,1.0,0,0,50,0,0.3662109374999999,0.5340576171875,ff44fb5b008be7c02d4a12f0fb9e5cec2d99ea5d056729f83b0c4ab344b99b72,True
candidate,r5,coin-heaven,220420,320420,1.0,0,0,50,0,0.39753913879394526,0.5538463592529297,c1c0eb7b76af5d2dc3dd864df0b61abe3e0105467262739ac62631a5513a357f,True
candidate,r5,loot-crate,220501,320501,0.02,0,1,1,3,1.3266086578369143,1.5540122985839844,a49877557443bbf03767550ac2bcd97bd43ab267d3557331647d9f81dc0cfbca,True
candidate,r5,loot-crate,220502,320502,0.04,0,0,2,15,0.8090972900390624,1.4071464538574219,8678539457964acc31ae8490aa34f4846036a9760d05600d5abe34f0f80174b4,True
candidate,r5,loot-crate,220503,320503,0.0,0,0,0,0,0.8506417274475093,2.0689964294433594,3e457cc2304ad2ccf2d6296a66213cdc8d455614dc7958b9ee35c31a82fdf5fa,True
candidate,r5,loot-crate,220504,320504,0.02,0,0,1,2,0.8691191673278791,2.3300647735595703,acbc1e8f522bdd4d59912638010c2578c4750f403465c9f900515255827243e8,True
candidate,r5,loot-crate,220505,320505,0.08,0,0,4,17,0.7524371147155757,1.363992691040039,820fda925f731312ea3c35e67ec669a7e78aa6669e7e2b56b2ef336ec38dbc67,True
candidate,r5,loot-crate,220506,320506,0.02,0,0,1,0,0.9373784065246579,1.558065414428711,a89117f2d93d139eb2f51ef91faf59e0601d6ac4f6043a3929c4bd5d6e3f186a,True
candidate,r5,loot-crate,220507,320507,0.0,0,0,0,0,0.7601261138916016,6.362199783325195,3e457cc2304ad2ccf2d6296a66213cdc8d455614dc7958b9ee35c31a82fdf5fa,True
candidate,r5,loot-crate,220508,320508,0.04,0,1,2,3,0.7340908050537109,0.9260177612304688,273834d93e7c6c9494b93f181c177f48f1d69205ab04acd7319021c6c43dcc8b,True
candidate,r5,loot-crate,220509,320509,0.0,0,0,0,97,0.9645342826843256,3.394603729248047,a0d0f67334a6c10471865c50a1e7d6efb3d9d4d1106fe4efcabc0f05972c223c,True
candidate,r5,loot-crate,220510,320510,0.0,0,0,0,0,0.7525086402893064,4.23884391784668,3e457cc2304ad2ccf2d6296a66213cdc8d455614dc7958b9ee35c31a82fdf5fa,True
candidate,r5,loot-crate,220511,320511,0.02,0,0,1,0,0.33512115478515525,1.13677978515625,f9daef36b4e7d256b93394f45a0fb8b2dec385c629354e5d0f29f44ed2af37af,True
candidate,r5,loot-crate,220512,320512,0.02,0,0,1,0,0.2422690391540527,0.9808540344238281,04eabde9a39a4665473b3f32bdc6d6870fa9b35267b392f541239ea00ea90afe,True
candidate,r5,loot-crate,220513,320513,0.12,0,0,6,98,0.3741741180419921,0.61798095703125,e39b23cab1fbf2c07ddcb62c6568e9bb471fc938cb1f6cdb7e798f970a699563,True
candidate,r5,loot-crate,220514,320514,0.48,0,1,24,7,0.2521038055419922,0.3807544708251953,91c48f08eca7b5ede820618dbb1127683e64d8088f2309995245bead5ef48fc5,True
candidate,r5,loot-crate,220515,320515,0.0,0,0,0,0,0.23633241653442355,1.0509490966796875,3e457cc2304ad2ccf2d6296a66213cdc8d455614dc7958b9ee35c31a82fdf5fa,True
candidate,r5,loot-crate,220516,320516,0.1,0,1,5,4,0.2876520156860351,0.5040168762207031,a0920e213d9e6b973a8e93f2f0d8b93d922d6b9d3ac6c7ee7c7e6aa57fdbdd70,True
candidate,r5,loot-crate,220517,320517,0.16,0,0,8,4,0.28896331787109375,0.4291534423828125,16805619f1c32f3e9c9f59d24052d7b1a148ab821ef77275922267a15428bf2c,True
candidate,r5,loot-crate,220518,320518,0.14,0,1,7,3,0.2218246459960936,0.4470348358154297,5eefbfb357f4e48a1b1a7090ef50fecff60ee6b90c46186922a2834891ec4326,True
candidate,r5,loot-crate,220519,320519,0.0,0,0,0,0,0.21600723266601562,0.38313865661621094,e80b3293272ddb5a9ce3a027db88f13015527cfdcff18e95b9010e9a38f9570e,True
candidate,r5,loot-crate,220520,320520,0.02,0,0,1,0,0.1709461212158203,0.35500526428222656,894fb95de5c0297f1872c90336b82f4e224daa83db6fe7a4834baba59d2bebf8,True
