schema_version,round,agent,mode,episode_steps,survival_steps,score,coins_collected,initially_available_coins,coins_found,crates_destroyed,bombs_dropped,useful_bombs,self_kills,invalid_actions,attempted_actions,invalid_action_rate,survived,termination_reason,executed_action_sequence_sha256,action_up,action_right,action_down,action_left,action_wait,action_bomb,action_unknown,decision_time_median_ms,decision_time_p95_ms,decision_time_max_ms,shaped_reward,epsilon,q_table_size,total_state_visits,mean_visits_per_state,singleton_state_fraction,evaluation_decisions,evaluation_unseen_decisions,evaluation_unseen_state_rate,replay_size,update_count,mean_loss,mean_abs_td_error,target_synchronizations,episode_target_synchronizations,world_seed,agent_seed,cell,model,scenario,collection_fraction
1,1,_run_plan_8c11018f40_82f3e9c695,evaluation,400,400,6,6,9,6,69,40,,0,15,400,0.0375,True,step_limit,5d5a9d6fc6005958e113a7b061b64f758e9f0d7761a30dee03a96707111acf05,92,51,104,51,48,54,0,3.113269805908203,6.93840980529785,10.498046875,,,,,,,,,,,,,,,,29100001,39100001,A,r1,classic,0.6666666666666666
1,1,_run_plan_8c11018f40_82f3e9c695,evaluation,400,400,8,8,9,8,109,53,,0,17,400,0.0425,True,step_limit,510a883ac52f709bc3bdabd0afa057beda106e874cf0312dc8f4e9acbd4c2081,76,61,68,53,76,66,0,3.221869468688965,8.772337436676022,12.47262954711914,,,,,,,,,,,,,,,,29100002,39100002,A,r1,classic,0.8888888888888888
1,1,_run_plan_8c11018f40_82f3e9c695,evaluation,400,400,2,2,9,3,27,51,,0,126,400,0.315,True,step_limit,cc2e076c4d3b2c2f5036922d220a455c0fd21ae8acda362eebfa3fe788fcc9d1,54,51,49,58,12,176,0,1.5270709991455078,4.155409336090088,6.20269775390625,,,,,,,,,,,,,,,,29100003,39100003,A,r1,classic,0.2222222222222222
1,1,_run_plan_8c11018f40_82f3e9c695,evaluation,400,400,1,1,9,3,25,6,,0,2,400,0.005,True,step_limit,9bd4925eefae7853fdaf530553bca8fc26dd49195302e039f2e1c29a3408bef4,9,7,3,5,368,8,0,4.256963729858398,4.50892448425293,5.294561386108398,,,,,,,,,,,,,,,,29100004,39100004,A,r1,classic,0.1111111111111111
1,1,_run_plan_8c11018f40_82f3e9c695,evaluation,317,317,3,3,9,4,81,43,,1,7,317,0.022082018927444796,False,killed,1c3e2635e7e620ca351c218b4895e4e53758179524cfa65947347563a6784ae5,51,57,41,43,75,50,0,2.221822738647461,6.347322463989258,9.019136428833008,,,,,,,,,,,,,,,,29100005,39100005,A,r1,classic,0.3333333333333333
1,1,_run_plan_8c11018f40_82f3e9c695,evaluation,400,400,6,6,9,6,88,51,,0,18,400,0.045,True,step_limit,6a6603c3eda01a980f203f6fe520c1d5713d7ba1e9d714ec3f1c03b9c6813a9b,57,69,68,70,69,67,0,3.075718879699707,8.259952068328856,10.365486145019531,,,,,,,,,,,,,,,,29100006,39100006,A,r1,classic,0.6666666666666666
1,1,_run_plan_8c11018f40_82f3e9c695,evaluation,400,400,7,7,9,7,77,40,,0,16,400,0.04,True,step_limit,a8221e3e7ffc8c0d8821231cd85eace9f208b2e998f8d76f69f9f6fce0927be9,48,101,41,102,58,50,0,3.806471824645996,7.473957538604734,10.634660720825195,,,,,,,,,,,,,,,,29100007,39100007,A,r1,classic,0.7777777777777778
1,1,_run_plan_8c11018f40_82f3e9c695,evaluation,400,400,3,3,9,3,63,54,,0,6,400,0.015,True,step_limit,1227084f561eb1991e0a6fb412d61f3c97fb4e5b8941193db1b10988e39eb065,53,74,57,67,90,59,0,3.7533044815063477,10.180497169494629,11.905193328857422,,,,,,,,,,,,,,,,29100008,39100008,A,r1,classic,0.3333333333333333
1,1,_run_plan_8c11018f40_82f3e9c695,evaluation,400,400,0,0,9,0,31,54,,0,3,400,0.0075,True,step_limit,1bb1573d9ed9459507ef3f5a9d1fa70875c48200e8993003e388b271b78e2079,55,77,55,74,82,57,0,3.0908584594726562,6.913471221923827,8.056640625,,,,,,,,,,,,,,,,29100009,39100009,A,r1,classic,0.0
1,1,_run_plan_8c11018f40_82f3e9c695,evaluation,400,400,5,5,9,5,81,54,,0,14,400,0.035,True,step_limit,a79e02c9937ce47ad939a365755436ad9cd54021c2a7ed9fe495ce49b20b373a,64,62,46,73,93,62,0,2.9724836349487305,7.763087749481194,10.088682174682617,,,,,,,,,,,,,,,,29100010,39100010,A,r1,classic,0.5555555555555556
1,1,_run_plan_8c11018f40_82f3e9c695,evaluation,400,400,8,8,9,8,102,53,,0,12,400,0.03,True,step_limit,39c89f18c67f3aff8b1ff91cb8a113d3c32e9408829ea149857b2f15307e7d84,68,66,62,56,86,62,0,2.3949146270751953,6.283760070800779,9.251117706298828,,,,,,,,,,,,,,,,29100011,39100011,A,r1,classic,0.8888888888888888
1,1,_run_plan_8c11018f40_82f3e9c695,evaluation,400,400,2,2,9,2,39,16,,0,4,400,0.01,True,step_limit,e7ab76a96280e6052301de1fc910dd9543136490cd3c79cf584dd8fce43bbf91,19,159,17,158,28,19,0,4.246234893798828,5.459713935852046,10.42938232421875,,,,,,,,,,,,,,,,29100012,39100012,A,r1,classic,0.2222222222222222
1,1,_run_plan_8c11018f40_82f3e9c695,evaluation,75,75,1,1,9,3,25,10,,1,4,75,0.05333333333333334,False,killed,fc33c4da63f6de4e76ab4c9d7a6af25af980454a153361af862ca10309e2986b,17,8,11,10,17,12,0,1.3501644134521484,2.9438257217407227,3.7527084350585938,,,,,,,,,,,,,,,,29100013,39100013,A,r1,classic,0.1111111111111111
1,1,_run_plan_8c11018f40_82f3e9c695,evaluation,400,400,1,1,9,2,7,2,,0,1,400,0.0025,True,step_limit,2b24adb0a3ea612cfff27b0a1b430e0bce69d8085d55c48fe9459d1fcead6155,4,194,3,194,3,2,0,1.8799304962158203,2.0498156547546387,2.777576446533203,,,,,,,,,,,,,,,,29100014,39100014,A,r1,classic,0.1111111111111111
1,1,_run_plan_8c11018f40_82f3e9c695,evaluation,400,400,3,3,9,4,65,28,,0,193,400,0.4825,True,step_limit,9f709918f0b8031281061d777421c49f1613f41b5cadeeab74c5b841647311a1,40,214,24,36,56,30,0,1.7031431198120117,4.608237743377683,8.603096008300781,,,,,,,,,,,,,,,,29100015,39100015,A,r1,classic,0.3333333333333333
1,1,_run_plan_8c11018f40_82f3e9c695,evaluation,400,400,0,0,9,1,16,7,,0,1,400,0.0025,True,step_limit,83200ec5545c44f4770d9b4998582d99c7c55d9e7c1979e7a96e228c1e7327d8,10,183,8,178,13,8,0,3.1943321228027344,5.863010883331296,6.893634796142578,,,,,,,,,,,,,,,,29100016,39100016,A,r1,classic,0.0
1,1,_run_plan_8c11018f40_82f3e9c695,evaluation,400,400,0,0,9,1,11,4,,0,0,400,0.0,True,step_limit,2d5387c384e39bb3e82e520e7e6c329af3d2c4c9451a84098601373f80293e95,4,3,3,3,383,4,0,2.267599105834961,2.5962114334106445,3.1473636627197266,,,,,,,,,,,,,,,,29100017,39100017,A,r1,classic,0.0
1,1,_run_plan_8c11018f40_82f3e9c695,evaluation,354,354,4,4,9,6,98,48,,1,7,354,0.01977401129943503,False,killed,9f635459700077f6ac255716544f3a9a4d22b05563efbec02b550c633cdc87a7,64,61,54,46,77,52,0,2.996683120727539,7.921230792999262,10.32257080078125,,,,,,,,,,,,,,,,29100018,39100018,A,r1,classic,0.4444444444444444
1,1,_run_plan_8c11018f40_82f3e9c695,evaluation,400,400,9,9,9,9,109,53,,0,24,400,0.06,True,step_limit,bc17a7db4bde7f976d49db3ec80c402078d83df28e7c028a1d306c06496f5f9b,74,60,61,70,66,69,0,3.16011905670166,8.883750438690186,11.30986213684082,,,,,,,,,,,,,,,,29100019,39100019,A,r1,classic,1.0
1,1,_run_plan_8c11018f40_82f3e9c695,evaluation,400,400,0,0,9,1,7,3,,0,0,400,0.0,True,step_limit,93db3312306f5dcbf8db4d88d3f6b1bc45113045bd1cbce90ea80e875950bb02,3,192,3,191,8,3,0,2.0012855529785156,2.2909760475158683,4.315376281738281,,,,,,,,,,,,,,,,29100020,39100020,A,r1,classic,0.0
1,1,_run_plan_8c11018f40_82f3e9c695,evaluation,400,400,7,7,9,7,90,53,,0,18,400,0.045,True,step_limit,42a7b3f67f1b7f74bf909c8a7d3fe4a2ca3bb9eb6f3f1984ecc8e234f8a30390,56,75,66,59,76,68,0,2.855539321899414,7.874941825866698,10.70094108581543,,,,,,,,,,,,,,,,29100021,39100021,A,r1,classic,0.7777777777777778
1,1,_run_plan_8c11018f40_82f3e9c695,evaluation,400,400,3,3,9,4,26,9,,0,6,400,0.015,True,step_limit,400f4012929618bf7103e68fb824866f5b73a00e5771a1dce4977f33a84ebf4c,13,175,8,180,14,10,0,3.363966941833496,4.0656328201293945,5.173921585083008,,,,,,,,,,,,,,,,29100022,39100022,A,r1,classic,0.3333333333333333
1,1,_run_plan_8c11018f40_82f3e9c695,evaluation,400,400,2,2,9,3,32,17,,0,4,400,0.01,True,step_limit,dc669cc4a4938e3dcfa510549d7cd7ee082e2ed9c834e9fd7bb9e1f342ed16a1,21,158,15,157,29,20,0,4.534006118774414,7.391750812530517,8.576154708862305,,,,,,,,,,,,,,,,29100023,39100023,A,r1,classic,0.2222222222222222
1,1,_run_plan_8c11018f40_82f3e9c695,evaluation,400,400,7,7,9,7,99,54,,0,19,400,0.0475,True,step_limit,ebc99a8e0a8d780b33e716f165ce07c89b13363db923003a0ff19155374ba9bb,74,66,71,53,69,67,0,3.081798553466797,7.912862300872799,10.79869270324707,,,,,,,,,,,,,,,,29100024,39100024,A,r1,classic,0.7777777777777778
1,1,_run_plan_8c11018f40_82f3e9c695,evaluation,400,400,8,8,9,8,111,54,,0,24,400,0.06,True,step_limit,3f66045f52a9edec0f6041dea159f5b76ba044386d0fe5d44b9d65dc84bf3f6b,54,71,65,61,74,75,0,3.0225515365600586,7.888460159301758,11.158227920532227,,,,,,,,,,,,,,,,29100025,39100025,A,r1,classic,0.8888888888888888
1,1,_run_plan_8c11018f40_82f3e9c695,evaluation,400,400,1,1,9,1,17,54,,0,33,400,0.0825,True,step_limit,ea1407d94eb74b9e7d372c26c1971b83a160819c5c4eb9aa531653fc61a6274f,73,54,73,52,61,87,0,2.2521018981933594,5.421006679534912,6.433010101318359,,,,,,,,,,,,,,,,29100026,39100026,A,r1,classic,0.1111111111111111
1,1,_run_plan_8c11018f40_82f3e9c695,evaluation,400,400,0,0,9,0,13,55,,0,34,400,0.085,True,step_limit,625fc5205706d896d5238a0ee5d38c623500091e61990aa574bacb3816dfafeb,71,53,73,53,61,89,0,2.121567726135254,5.111432075500488,6.140947341918945,,,,,,,,,,,,,,,,29100027,39100027,A,r1,classic,0.0
1,1,_run_plan_8c11018f40_82f3e9c695,evaluation,400,400,8,8,9,8,100,54,,0,20,400,0.05,True,step_limit,08ca81a6ae06216e32b4ea582b8916b738e8d416d9ff7167dc90fcb3d265e6c0,67,66,61,54,83,69,0,2.808809280395508,7.345533370971676,10.41555404663086,,,,,,,,,,,,,,,,29100028,39100028,A,r1,classic,0.8888888888888888
1,1,_run_plan_8c11018f40_82f3e9c695,evaluation,400,400,2,2,9,2,58,35,,0,7,400,0.0175,True,step_limit,727a3909f41f557c77431f66cbc3c6a682b88b6bfa5f8a2c9352c7d3921899d2,110,43,125,42,40,40,0,3.3251047134399414,5.84380626678466,9.310245513916016,,,,,,,,,,,,,,,,29100029,39100029,A,r1,classic,0.2222222222222222
1,1,_run_plan_8c11018f40_82f3e9c695,evaluation,400,400,8,8,9,8,96,52,,0,18,400,0.045,True,step_limit,48947fd7952e2eb8ab838eb5091d9c2e68ddd7aeb4ea2cd66fff4bb6fb502d90,66,64,79,56,69,66,0,2.9124021530151367,7.626974582672118,10.448217391967773,,,,,,,,,,,,,,,,29100030,39100030,A,r1,classic,0.8888888888888888
1,1,_run_plan_8c11018f40_82f3e9c695,evaluation,400,400,0,0,9,0,13,55,,0,34,400,0.085,True,step_limit,3f2b7b1f22fa7d39a36e7e8a8da5c7dd800170b2c1e817a9c93d2e5069c927a1,71,55,72,53,60,89,0,1.9450187683105469,4.27628755569458,4.573822021484375,,,,,,,,,,,,,,,,29100031,39100031,A,r1,classic,0.0
1,1,_run_plan_8c11018f40_82f3e9c695,evaluation,400,400,7,7,9,7,87,54,,0,19,400,0.0475,True,step_limit,87ac7d99e37a79cfc96b6e56e70cf0e8d54ef16b9971314b7f69aada04f358c8,59,71,72,59,74,65,0,2.9398202896118164,7.4493527412414515,10.74838638305664,,,,,,,,,,,,,,,,29100032,39100032,A,r1,classic,0.7777777777777778
1,1,_run_plan_8c11018f40_82f3e9c695,evaluation,400,400,0,0,9,1,11,4,,0,0,400,0.0,True,step_limit,16ed8c424f78b083f678a86f285795b64fb0082eb0457e23ba713b49bb4d8eb6,3,3,5,3,382,4,0,3.0574798583984375,3.2538414001464844,3.842592239379883,,,,,,,,,,,,,,,,29100033,39100033,A,r1,classic,0.0
1,1,_run_plan_8c11018f40_82f3e9c695,evaluation,234,234,5,5,9,6,68,30,,1,8,234,0.03418803418803419,False,killed,121fcf5c8230cc60d2851fc98e075d3ce8ef1ebd1b6c2edf552eb3d1c9e4a8ba,45,31,30,39,54,35,0,2.873659133911133,6.700098514556885,10.169029235839844,,,,,,,,,,,,,,,,29100034,39100034,A,r1,classic,0.5555555555555556
1,1,_run_plan_8c11018f40_82f3e9c695,evaluation,400,400,7,7,9,7,103,53,,0,20,400,0.05,True,step_limit,cef41f8fc3bac9110bee14af2081cf1600030daf313faea5a2b8a5d318018280,67,60,61,72,72,68,0,3.09908390045166,8.092117309570305,10.855436325073242,,,,,,,,,,,,,,,,29100035,39100035,A,r1,classic,0.7777777777777778
1,1,_run_plan_8c11018f40_82f3e9c695,evaluation,400,400,7,7,9,7,51,52,,0,9,400,0.0225,True,step_limit,1c29f008e2edda1397bc20355681360c1656a69fa100001b5fc85340ae6d44b3,49,79,53,92,68,59,0,3.654599189758301,8.642923831939695,10.751962661743164,,,,,,,,,,,,,,,,29100036,39100036,A,r1,classic,0.7777777777777778
1,1,_run_plan_8c11018f40_82f3e9c695,evaluation,400,400,2,2,9,3,41,18,,0,3,400,0.0075,True,step_limit,178d6412ae7e1e6054d12d71e8fe4a89711f20689e4f144c744deee13687d425,25,156,19,158,22,20,0,4.053831100463867,7.288062572479247,8.30984115600586,,,,,,,,,,,,,,,,29100037,39100037,A,r1,classic,0.2222222222222222
1,1,_run_plan_8c11018f40_82f3e9c695,evaluation,400,400,8,8,9,8,87,53,,0,19,400,0.0475,True,step_limit,466a4f3315396699c3adee65c38bef6a6a86612ede4199fed8be9e02c4e4cbc4,59,61,74,68,69,69,0,3.0410289764404297,7.860207557678222,11.260509490966797,,,,,,,,,,,,,,,,29100038,39100038,A,r1,classic,0.8888888888888888
1,1,_run_plan_8c11018f40_82f3e9c695,evaluation,400,400,8,8,9,8,106,55,,0,18,400,0.045,True,step_limit,461e0e7df5e6cd8b0e002651f6a66418680a90882fa56d16c5ed0bebedbe8e4c,66,59,63,48,92,72,0,2.86102294921875,8.344137668609612,10.062217712402344,,,,,,,,,,,,,,,,29100039,39100039,A,r1,classic,0.8888888888888888
1,1,_run_plan_8c11018f40_82f3e9c695,evaluation,400,400,2,2,9,3,34,14,,0,294,400,0.735,True,step_limit,1c0de2fead29598de6943c2c6c295e32d7f4b924bfeafbdf746ea01581cda86a,313,15,15,16,27,14,0,4.265308380126953,4.861283302307129,7.115364074707031,,,,,,,,,,,,,,,,29100040,39100040,A,r1,classic,0.2222222222222222
1,1,_run_plan_8c11018f40_82f3e9c695,evaluation,400,400,17,17,50,0,0,3,,0,1,400,0.0025,True,step_limit,e8adde4ffe2e3a6a9bf7bca504999ca20592918e420e839d9419d2cd94d20a77,3,189,16,188,1,3,0,6.123542785644531,9.221923351287842,11.673212051391602,,,,,,,,,,,,,,,,29100101,39100101,A,r1,coin-heaven,0.34
1,1,_run_plan_8c11018f40_82f3e9c695,evaluation,400,400,1,1,50,0,0,0,,0,399,400,0.9975,True,step_limit,a1cf38ac769150887a263f8942c964a9605f12dbed928fb646ff18b3470c749b,0,0,1,399,0,0,0,3.478527069091797,3.8098216056823726,4.408836364746094,,,,,,,,,,,,,,,,29100102,39100102,A,r1,coin-heaven,0.02
1,1,_run_plan_8c11018f40_82f3e9c695,evaluation,400,400,16,16,50,0,0,5,,0,6,400,0.015,True,step_limit,1f08995422687bff5e66df0412949aaed1af960b7db2be2d4455402abb03b024,3,194,14,181,0,8,0,5.353689193725586,6.471347808837886,12.327194213867188,,,,,,,,,,,,,,,,29100103,39100103,A,r1,coin-heaven,0.32
1,1,_run_plan_8c11018f40_82f3e9c695,evaluation,400,400,27,27,50,0,0,3,,0,1,400,0.0025,True,step_limit,358a877a7f9865a192756b117d4df4416aa8481168836a9e17a82135a934e328,9,178,22,188,0,3,0,6.593465805053711,10.204553604125977,12.269258499145508,,,,,,,,,,,,,,,,29100104,39100104,A,r1,coin-heaven,0.54
1,1,_run_plan_8c11018f40_82f3e9c695,evaluation,400,400,7,7,50,0,0,2,,0,385,400,0.9625,True,step_limit,67a654c6941340da5518abad4feca4bf800b3d5d75a5e5851d58b933e74c450f,7,1,0,390,0,2,0,7.332444190979004,8.247065544128416,11.564970016479492,,,,,,,,,,,,,,,,29100105,39100105,A,r1,coin-heaven,0.14
1,1,_run_plan_8c11018f40_82f3e9c695,evaluation,400,400,12,12,50,0,0,1,,0,376,400,0.94,True,step_limit,0d9123810f5e96eead56524d0b17a53bda6af08d4233f8eaaf3f0817da6c5589,1,3,391,4,0,1,0,3.488779067993164,4.342114925384519,10.541677474975586,,,,,,,,,,,,,,,,29100106,39100106,A,r1,coin-heaven,0.24
1,1,_run_plan_8c11018f40_82f3e9c695,evaluation,400,400,9,9,50,0,0,2,,0,378,400,0.945,True,step_limit,670b4eb868aa93d8be65964297b81df83e74f2597f0419134e4f3423ae34f7a3,3,8,385,1,1,2,0,7.3394775390625,8.48269462585449,12.443304061889648,,,,,,,,,,,,,,,,29100107,39100107,A,r1,coin-heaven,0.18
1,1,_run_plan_8c11018f40_82f3e9c695,evaluation,400,400,14,14,50,0,0,1,,0,380,400,0.95,True,step_limit,5af8dfea87b5807ba44b162f411b9f78ed03cfd710bac5a2c6e0fbb9e1b11b3a,11,5,381,2,0,1,0,6.551504135131836,7.39614963531494,11.81483268737793,,,,,,,,,,,,,,,,29100108,39100108,A,r1,coin-heaven,0.28
1,1,_run_plan_8c11018f40_82f3e9c695,evaluation,400,400,21,21,50,0,0,3,,0,0,400,0.0,True,step_limit,c71b0d17266e6f5ca290c312db1c0098f4abb8ba66a0602801d51d0673c955ce,14,187,14,182,0,3,0,5.983591079711914,7.070207595825193,12.342453002929688,,,,,,,,,,,,,,,,29100109,39100109,A,r1,coin-heaven,0.42
1,1,_run_plan_8c11018f40_82f3e9c695,evaluation,400,400,4,4,50,0,0,0,,0,395,400,0.9875,True,step_limit,29334ac52c89c996c3c832ee6611aaed959c3f244e7f3260a9bc09ee79646e7f,0,0,395,5,0,0,0,4.708528518676758,5.058634281158444,6.7138671875,,,,,,,,,,,,,,,,29100110,39100110,A,r1,coin-heaven,0.08
1,1,_run_plan_8c11018f40_82f3e9c695,evaluation,400,400,8,8,50,0,0,0,,0,1,400,0.0025,True,step_limit,db210305cde65ee642abee101cf964bbb4f5d8e2b052d85fd026240674969fbb,4,0,1,5,390,0,0,7.105469703674316,7.69698619842529,11.205196380615234,,,,,,,,,,,,,,,,29100111,39100111,A,r1,coin-heaven,0.16
1,1,_run_plan_8c11018f40_82f3e9c695,evaluation,400,400,3,3,50,0,0,0,,0,395,400,0.9875,True,step_limit,48ced81fa638fdaa586153e1a9530c2181935c88f08d47d4eb209f7b73797079,3,2,0,395,0,0,0,5.701541900634766,6.634628772735595,9.758234024047852,,,,,,,,,,,,,,,,29100112,39100112,A,r1,coin-heaven,0.06
1,1,_run_plan_8c11018f40_82f3e9c695,evaluation,400,400,6,6,50,0,0,1,,0,0,400,0.0,True,step_limit,4363ba6d923ea463365a0c614208a26d86a801c88b79d2dfe66ca9c517d785d8,1,3,7,2,386,1,0,5.635619163513184,6.158435344696042,10.311126708984375,,,,,,,,,,,,,,,,29100113,39100113,A,r1,coin-heaven,0.12
1,1,_run_plan_8c11018f40_82f3e9c695,evaluation,400,400,19,19,50,0,0,7,,0,9,400,0.0225,True,step_limit,7a2352d04b1568e2201a989c606d7c9d70066a224a303cb54a81399b93124780,17,190,6,174,0,13,0,5.2089691162109375,6.502366065979004,12.556791305541992,,,,,,,,,,,,,,,,29100114,39100114,A,r1,coin-heaven,0.38
1,1,_run_plan_8c11018f40_82f3e9c695,evaluation,400,400,1,1,50,0,0,0,,0,397,400,0.9925,True,step_limit,5837b0c31488a1214d0871bc3b629d27bf612c23a34698e84651c4f15bc111da,0,2,397,1,0,0,0,3.4863948822021484,3.8309216499328613,4.582643508911133,,,,,,,,,,,,,,,,29100115,39100115,A,r1,coin-heaven,0.02
1,1,_run_plan_8c11018f40_82f3e9c695,evaluation,400,400,10,10,50,0,0,1,,0,0,400,0.0,True,step_limit,1b40bd8545cb87c3ddf11ca1adc466eeabafb6b663164d41eeec19ca500dc8b7,4,0,0,11,384,1,0,6.494402885437012,7.185590267181396,11.701822280883789,,,,,,,,,,,,,,,,29100116,39100116,A,r1,coin-heaven,0.2
1,1,_run_plan_8c11018f40_82f3e9c695,evaluation,400,400,6,6,50,0,0,1,,0,380,400,0.95,True,step_limit,7409d4e3326e1f85d9dad91dcb4dd8832a89aaa5954076a523d73f075ff8c1f9,4,3,392,0,0,1,0,6.852984428405762,7.877600193023682,10.24937629699707,,,,,,,,,,,,,,,,29100117,39100117,A,r1,coin-heaven,0.12
1,1,_run_plan_8c11018f40_82f3e9c695,evaluation,400,400,10,10,50,0,0,2,,0,1,400,0.0025,True,step_limit,465ef0ccee529182599f31b423ace7c2ffbcc92cac710ba421f029e3fb273861,1,202,6,189,0,2,0,5.96463680267334,6.63092136383056,9.682178497314453,,,,,,,,,,,,,,,,29100118,39100118,A,r1,coin-heaven,0.2
1,1,_run_plan_8c11018f40_82f3e9c695,evaluation,400,400,9,9,50,0,0,2,,0,374,400,0.935,True,step_limit,a9410488746f8d06cf11002059b1a5cb42f7f7651f80b86567046ac3e231793d,3,9,10,375,1,2,0,7.647037506103516,8.856356143951416,12.108564376831055,,,,,,,,,,,,,,,,29100119,39100119,A,r1,coin-heaven,0.18
1,1,_run_plan_8c11018f40_82f3e9c695,evaluation,400,400,1,1,50,0,0,0,,0,0,400,0.0,True,step_limit,0f88e659d4161b477aebc14a397e039e38a78e3e91c5b0f68f41aa222d8963f2,1,0,1,1,397,0,0,3.524899482727051,3.9795517921447754,4.694938659667969,,,,,,,,,,,,,,,,29100120,39100120,A,r1,coin-heaven,0.02
1,1,_run_plan_8c11018f40_82f3e9c695,evaluation,400,400,0,0,50,0,0,0,,0,0,400,0.0,True,step_limit,6bd9bd24d6ce9f66a59e9f9d2b289ae158d57287692a6cc19f25ce5a844f8478,0,200,0,200,0,0,0,3.4536123275756836,3.8248538970947266,4.692792892456055,,,,,,,,,,,,,,,,29100121,39100121,A,r1,coin-heaven,0.0
1,1,_run_plan_8c11018f40_82f3e9c695,evaluation,400,400,9,9,50,0,0,2,,0,377,400,0.9425,True,step_limit,9feaeac5c312e8cc339b0eb3c53d76d73f945ee860afc8303df14d375cadae71,11,6,377,3,0,3,0,6.453275680541992,7.501137256622314,11.536359786987305,,,,,,,,,,,,,,,,29100122,39100122,A,r1,coin-heaven,0.18
1,1,_run_plan_8c11018f40_82f3e9c695,evaluation,400,400,0,0,50,0,0,0,,0,0,400,0.0,True,step_limit,708a40220e94daf4e63133f835066e65f92bb54cb36b121e8746efd128528fbe,0,0,0,1,399,0,0,3.486156463623047,3.970098495483398,4.587888717651367,,,,,,,,,,,,,,,,29100123,39100123,A,r1,coin-heaven,0.0
1,1,_run_plan_8c11018f40_82f3e9c695,evaluation,400,400,3,3,50,0,0,0,,0,395,400,0.9875,True,step_limit,c0cd2bff87e434ca1d7fa32509dedb8ea09f8d087e0567c226eadcdafc2ce6b1,2,2,395,1,0,0,0,4.644870758056641,5.25522232055664,7.366657257080078,,,,,,,,,,,,,,,,29100124,39100124,A,r1,coin-heaven,0.06
1,1,_run_plan_8c11018f40_82f3e9c695,evaluation,400,400,0,0,50,0,0,0,,0,0,400,0.0,True,step_limit,6bd9bd24d6ce9f66a59e9f9d2b289ae158d57287692a6cc19f25ce5a844f8478,0,200,0,200,0,0,0,3.4633874893188477,3.9977312088012695,4.369974136352539,,,,,,,,,,,,,,,,29100125,39100125,A,r1,coin-heaven,0.0
1,1,_run_plan_8c11018f40_82f3e9c695,evaluation,400,400,9,9,50,0,0,2,,0,375,400,0.9375,True,step_limit,d95977b9711a3593913a665b485138927bb6d56976d2934544a5c760bd6bc886,12,8,373,5,0,2,0,6.626129150390625,7.453501224517821,11.952877044677734,,,,,,,,,,,,,,,,29100126,39100126,A,r1,coin-heaven,0.18
1,1,_run_plan_8c11018f40_82f3e9c695,evaluation,400,400,1,1,50,0,0,1,,0,1,400,0.0025,True,step_limit,f2d637c04baa13a0435cbfcfd91093331f5b66bfbb24959c4ef526b5b9f59710,1,198,2,198,0,1,0,3.4210681915283203,3.6708354949951167,4.80341911315918,,,,,,,,,,,,,,,,29100127,39100127,A,r1,coin-heaven,0.02
1,1,_run_plan_8c11018f40_82f3e9c695,evaluation,400,400,21,21,50,0,0,7,,0,10,400,0.025,True,step_limit,68ec63729e748588ac77458eb93fa6427e1bb0fa4745db72138400790299e8bf,12,178,21,175,2,12,0,6.523489952087402,10.657489299774168,12.467622756958008,,,,,,,,,,,,,,,,29100128,39100128,A,r1,coin-heaven,0.42
1,1,_run_plan_8c11018f40_82f3e9c695,evaluation,400,400,5,5,50,0,0,0,,0,387,400,0.9675,True,step_limit,25e75a7a0c1031115b62877a201eccf0a6eff2061f9f43d92bc4d938978d7e75,388,1,1,10,0,0,0,4.643917083740234,5.174708366394041,6.773710250854492,,,,,,,,,,,,,,,,29100129,39100129,A,r1,coin-heaven,0.1
1,1,_run_plan_8c11018f40_82f3e9c695,evaluation,9,9,3,3,50,0,0,1,,1,0,9,0.0,False,killed,ce71dcf05721bc5ef28aa4209e0a45bab0e95c9d3645278093def9bddc2dd6ba,1,2,5,0,0,1,0,4.543304443359375,6.999349594116211,7.057428359985352,,,,,,,,,,,,,,,,29100130,39100130,A,r1,coin-heaven,0.06
1,1,_run_plan_8c11018f40_82f3e9c695,evaluation,400,400,5,5,50,0,0,0,,0,0,400,0.0,True,step_limit,366950a1c2f69a6d3e8e11114f43af1017982f1723ea4d8f5d7c1aef1e5000ae,2,0,0,11,387,0,0,5.71441650390625,6.625819206237793,10.570764541625977,,,,,,,,,,,,,,,,29100131,39100131,A,r1,coin-heaven,0.1
1,1,_run_plan_8c11018f40_82f3e9c695,evaluation,400,400,1,1,50,0,0,0,,0,399,400,0.9975,True,step_limit,a160d03ff4fecda24e5d6f0afb9abd3f843ba89ab5433a09694a25305afdb3ed,1,0,1,398,0,0,0,3.492593765258789,3.832936286926269,4.447221755981445,,,,,,,,,,,,,,,,29100132,39100132,A,r1,coin-heaven,0.02
1,1,_run_plan_8c11018f40_82f3e9c695,evaluation,400,400,17,17,50,0,0,3,,0,2,400,0.005,True,step_limit,017f10e7fe568bed2e6d1fc9467aa83287a8f630a33e6c3d7d7abc951948add6,14,187,11,184,0,4,0,7.283568382263184,11.892926692962645,13.085603713989258,,,,,,,,,,,,,,,,29100133,39100133,A,r1,coin-heaven,0.34
1,1,_run_plan_8c11018f40_82f3e9c695,evaluation,400,400,12,12,50,0,0,2,,0,373,400,0.9325,True,step_limit,a6c161732ce323598bdb92c20ff1dcf45ebab6c1871d561c184d0c4c45fd4e26,375,2,4,17,0,2,0,3.4993886947631836,5.473697185516355,11.758565902709961,,,,,,,,,,,,,,,,29100134,39100134,A,r1,coin-heaven,0.24
1,1,_run_plan_8c11018f40_82f3e9c695,evaluation,400,400,20,20,50,0,0,6,,0,343,400,0.8575,True,step_limit,6e49ddc904788cfecdc800b0aa4acadcfb6a886fdadde69b356669ff8eebcf0b,14,11,349,18,0,8,0,6.387829780578613,7.433521747589109,11.733531951904297,,,,,,,,,,,,,,,,29100135,39100135,A,r1,coin-heaven,0.4
1,1,_run_plan_8c11018f40_82f3e9c695,evaluation,400,400,3,3,50,0,0,0,,0,395,400,0.9875,True,step_limit,373f2b34ce86f54ff0bc0e744fe043928ba58ea68a0384c389e34c32f3bfdd1c,3,0,1,396,0,0,0,5.6906938552856445,6.169307231903074,10.588884353637695,,,,,,,,,,,,,,,,29100136,39100136,A,r1,coin-heaven,0.06
1,1,_run_plan_8c11018f40_82f3e9c695,evaluation,400,400,1,1,50,0,0,0,,0,1,400,0.0025,True,step_limit,7e1adfd0e6dcce0c3b64f5d42f24ffac32da328f89760ea925e706941aba3667,0,0,1,1,398,0,0,3.6132335662841797,3.9830446243286133,4.641294479370117,,,,,,,,,,,,,,,,29100137,39100137,A,r1,coin-heaven,0.02
1,1,_run_plan_8c11018f40_82f3e9c695,evaluation,400,400,2,2,50,0,0,0,,0,395,400,0.9875,True,step_limit,93863dc9c948f5efc5b189009957e3ee0d33dc32b5de38dde857904348808e98,1,3,396,0,0,0,0,4.244089126586914,4.693830013275145,5.846738815307617,,,,,,,,,,,,,,,,29100138,39100138,A,r1,coin-heaven,0.04
1,1,_run_plan_8c11018f40_82f3e9c695,evaluation,400,400,1,1,50,0,0,0,,0,0,400,0.0,True,step_limit,708a40220e94daf4e63133f835066e65f92bb54cb36b121e8746efd128528fbe,0,0,0,1,399,0,0,3.4738779067993164,3.7680268287658683,4.515647888183594,,,,,,,,,,,,,,,,29100139,39100139,A,r1,coin-heaven,0.02
1,1,_run_plan_8c11018f40_82f3e9c695,evaluation,400,400,8,8,50,0,0,1,,0,2,400,0.005,True,step_limit,68cd6a56146226cdaf4cd3e809bcfa2550ee6951d71b8509cf1d5f68d6357018,8,2,2,5,382,1,0,6.805062294006348,7.370102405548094,10.207414627075195,,,,,,,,,,,,,,,,29100140,39100140,A,r1,coin-heaven,0.16
1,1,_run_plan_8c11018f40_82f3e9c695,evaluation,400,400,2,2,50,3,8,3,,0,1,400,0.0025,True,step_limit,583b804f68420e2dafe0ec64ade128d0248e4ba024d10e9a9c99d507c0beca63,7,3,3,3,380,4,0,2.63214111328125,3.023695945739746,3.412008285522461,,,,,,,,,,,,,,,,29100201,39100201,A,r1,loot-crate,0.04
1,1,_run_plan_8c11018f40_82f3e9c695,evaluation,400,400,4,4,50,7,20,8,,0,7,400,0.0175,True,step_limit,9824fe2c5fc3cb1ffbe720fa533738af34769d0306cb665c5a33eabfb5668019,11,180,6,184,8,11,0,4.2209625244140625,5.690705776214599,6.651401519775391,,,,,,,,,,,,,,,,29100202,39100202,A,r1,loot-crate,0.08
1,1,_run_plan_8c11018f40_82f3e9c695,evaluation,400,400,26,26,50,27,67,23,,0,19,400,0.0475,True,step_limit,91452db95da32704b92e073be3c7d8ecb2ba6f794fc4ebe29d300d48c2d5347f,38,145,20,132,27,38,0,2.724766731262207,5.639266967773434,8.258819580078125,,,,,,,,,,,,,,,,29100203,39100203,A,r1,loot-crate,0.52
1,1,_run_plan_8c11018f40_82f3e9c695,evaluation,400,400,26,26,50,27,62,24,,0,24,400,0.06,True,step_limit,74acbc14e3e4a6d8c56c5db880c386f361761e218c206878f7ba0bc3e99ae228,42,38,23,44,215,38,0,4.183769226074219,4.745960235595701,7.896661758422852,,,,,,,,,,,,,,,,29100204,39100204,A,r1,loot-crate,0.52
1,1,_run_plan_8c11018f40_82f3e9c695,evaluation,400,400,31,31,50,34,81,34,,0,15,400,0.0375,True,step_limit,81b75beda98dd5ed1dc1a9285342af315e75177ef509af62953c9a15a61ab452,51,64,34,54,153,44,0,2.582430839538574,7.548630237579346,8.518218994140625,,,,,,,,,,,,,,,,29100205,39100205,A,r1,loot-crate,0.62
1,1,_run_plan_8c11018f40_82f3e9c695,evaluation,400,400,5,5,50,7,14,4,,0,1,400,0.0025,True,step_limit,460906cae7db916f02c10c5f77d489f69513173ebe08b9246cd58d51c37dee23,13,5,6,3,369,4,0,1.6692876815795898,1.9316196441650377,4.400730133056641,,,,,,,,,,,,,,,,29100206,39100206,A,r1,loot-crate,0.1
1,1,_run_plan_8c11018f40_82f3e9c695,evaluation,31,31,4,4,50,6,12,3,,1,1,31,0.03225806451612903,False,killed,632499a925c4d5f97970a5a44b791a51ede583cec0fdfe52abd0fe3ef4203109,3,7,3,11,3,4,0,1.2402534484863281,2.123117446899414,3.0524730682373047,,,,,,,,,,,,,,,,29100207,39100207,A,r1,loot-crate,0.08
1,1,_run_plan_8c11018f40_82f3e9c695,evaluation,400,400,26,26,50,30,67,26,,0,12,400,0.03,True,step_limit,ecf954df4a21fa9c9e4fc507c4d9b6ae57f9e5a3033bd1aad3904e01830dc41d,41,45,47,34,200,33,0,3.8573741912841797,6.163966655731201,8.856773376464844,,,,,,,,,,,,,,,,29100208,39100208,A,r1,loot-crate,0.52
1,1,_run_plan_8c11018f40_82f3e9c695,evaluation,35,35,1,1,50,3,11,5,,1,1,35,0.02857142857142857,False,killed,9cf842a66f6effcbfa0d8638b38ea643ba1607534d6a8a793c968c8bdd61b921,6,7,5,7,5,5,0,0.9188652038574219,1.8062591552734368,2.0682811737060547,,,,,,,,,,,,,,,,29100209,39100209,A,r1,loot-crate,0.02
1,1,_run_plan_8c11018f40_82f3e9c695,evaluation,400,400,7,7,50,9,36,17,,0,7,400,0.0175,True,step_limit,58a75a68c22515957ca0d53cd2aef6aa8b2b1658b7d24780366c427295444c02,20,158,21,152,26,23,0,3.6753416061401367,7.022488117218017,8.176565170288086,,,,,,,,,,,,,,,,29100210,39100210,A,r1,loot-crate,0.14
1,1,_run_plan_8c11018f40_82f3e9c695,evaluation,400,400,16,16,50,19,40,17,,0,16,400,0.04,True,step_limit,8f552458b75b265016715dc4bef21af0d97100e2f8b22200331c70ec714daffb,27,143,30,153,18,29,0,3.144383430480957,4.5051336288452095,8.376836776733398,,,,,,,,,,,,,,,,29100211,39100211,A,r1,loot-crate,0.32
1,1,_run_plan_8c11018f40_82f3e9c695,evaluation,55,55,4,4,50,7,23,7,,1,0,55,0.0,False,killed,ab88af7f90262f783134dcfa71413a2ca31f4724e611af751b2da289bcb82682,8,13,6,7,14,7,0,1.4753341674804688,3.7245273590087873,5.034446716308594,,,,,,,,,,,,,,,,29100212,39100212,A,r1,loot-crate,0.08
1,1,_run_plan_8c11018f40_82f3e9c695,evaluation,115,115,6,6,50,12,33,15,,1,11,115,0.09565217391304348,False,killed,0837717e1806a42f65b90be0779259717318e20c25cef28c0181e1f83a016c45,37,15,21,15,3,24,0,1.2645721435546875,2.792835235595703,4.32586669921875,,,,,,,,,,,,,,,,29100213,39100213,A,r1,loot-crate,0.12
1,1,_run_plan_8c11018f40_82f3e9c695,evaluation,400,400,5,5,50,10,22,7,,0,5,400,0.0125,True,step_limit,559990c3590aaf8a3ed3f99be2e8b96bfd97427bc5cacb5a255dcde38d4c7118,11,185,6,182,7,9,0,4.11224365234375,5.09805679321289,7.356882095336914,,,,,,,,,,,,,,,,29100214,39100214,A,r1,loot-crate,0.1
1,1,_run_plan_8c11018f40_82f3e9c695,evaluation,400,400,2,2,50,5,9,3,,0,0,400,0.0,True,step_limit,1e0977a3f83c15bbaac313e68430296b7b6618b6edc79fc5493a13771caebde2,2,5,2,5,383,3,0,2.0428895950317383,2.390694618225097,2.6862621307373047,,,,,,,,,,,,,,,,29100215,39100215,A,r1,loot-crate,0.04
1,1,_run_plan_8c11018f40_82f3e9c695,evaluation,400,400,6,6,50,8,25,7,,0,3,400,0.0075,True,step_limit,f74b99732b86b84bb831089f2e7b114d9daf3bb865477596f7f6490d46413055,15,182,8,183,5,7,0,3.5959482192993164,5.923759937286376,7.025003433227539,,,,,,,,,,,,,,,,29100216,39100216,A,r1,loot-crate,0.12
1,1,_run_plan_8c11018f40_82f3e9c695,evaluation,400,400,3,3,50,5,11,5,,0,2,400,0.005,True,step_limit,34f1f9fd2f816b73a4df55fe51f19461b28f502c1d3070d74176e99cd54657a3,16,2,10,2,364,6,0,2.0499229431152344,2.1960616111755367,2.7418136596679688,,,,,,,,,,,,,,,,29100217,39100217,A,r1,loot-crate,0.06
1,1,_run_plan_8c11018f40_82f3e9c695,evaluation,88,88,8,8,50,17,39,10,,1,11,88,0.125,False,killed,b2bd212366cc26252c4835d6780f0cec9c4f9e45b0edd7c449e515b5fdfb2839,16,15,10,19,12,16,0,1.5659332275390625,4.010283946990965,6.546974182128906,,,,,,,,,,,,,,,,29100218,39100218,A,r1,loot-crate,0.16
1,1,_run_plan_8c11018f40_82f3e9c695,evaluation,400,400,12,12,50,14,42,17,,0,7,400,0.0175,True,step_limit,38f5f7fa84eb4de811836789af10485e5494f298d3e4683f38b1b8073bf3c8e3,29,19,39,23,267,23,0,3.09598445892334,3.850305080413817,7.372617721557617,,,,,,,,,,,,,,,,29100219,39100219,A,r1,loot-crate,0.24
1,1,_run_plan_8c11018f40_82f3e9c695,evaluation,94,94,12,12,50,15,30,11,,1,8,94,0.0851063829787234,False,killed,1d155fc3ee8eb434f269a2bf6626848e8a3f81ab188b5575a43b143b07eca5d7,33,13,15,12,10,11,0,1.6674995422363281,4.246497154235834,6.03032112121582,,,,,,,,,,,,,,,,29100220,39100220,A,r1,loot-crate,0.24
1,1,_run_plan_8c11018f40_82f3e9c695,evaluation,400,400,5,5,50,7,16,6,,0,7,400,0.0175,True,step_limit,d89e84d3641ff8678b69d27b454409330e9ca48371ab633aa3ce7d3f5b87c597,7,181,9,185,5,13,0,4.052996635437012,6.315851211547852,7.163763046264648,,,,,,,,,,,,,,,,29100221,39100221,A,r1,loot-crate,0.1
1,1,_run_plan_8c11018f40_82f3e9c695,evaluation,400,400,2,2,50,3,5,2,,0,2,400,0.005,True,step_limit,552474a6317540a96870d41e8193985c9282997c50a372a249ed6be7ea85e184,4,6,1,2,384,3,0,2.6903152465820312,3.097152709960937,3.5288333892822266,,,,,,,,,,,,,,,,29100222,39100222,A,r1,loot-crate,0.04
1,1,_run_plan_8c11018f40_82f3e9c695,evaluation,400,400,4,4,50,6,10,5,,0,2,400,0.005,True,step_limit,7ac9b0d5584bcb6821e889cf2228bbbf4a13e0af4ad3ba91e3c73ce639497725,9,5,12,7,361,6,0,2.371549606323242,2.477622032165527,3.1239986419677734,,,,,,,,,,,,,,,,29100223,39100223,A,r1,loot-crate,0.08
1,1,_run_plan_8c11018f40_82f3e9c695,evaluation,39,39,2,2,50,6,15,5,,1,3,39,0.07692307692307693,False,killed,006c24babdfa97b0f8026a75650032311a60995131fcf35e847b6042fc1d346f,11,3,13,3,3,6,0,1.2569427490234375,2.620077133178711,2.849102020263672,,,,,,,,,,,,,,,,29100224,39100224,A,r1,loot-crate,0.04
1,1,_run_plan_8c11018f40_82f3e9c695,evaluation,106,106,10,10,50,15,33,12,,1,11,106,0.10377358490566038,False,killed,789a238ff863086a5f2ab14a05cd49d147a404f914ae2779e3e65edb01319edf,20,16,22,23,6,19,0,1.5579462051391602,4.0901899337768555,6.858348846435547,,,,,,,,,,,,,,,,29100225,39100225,A,r1,loot-crate,0.2
1,1,_run_plan_8c11018f40_82f3e9c695,evaluation,400,400,5,5,50,6,13,4,,0,371,400,0.9275,True,step_limit,abfd3389885f19f33edbe25c0e3e65c2549a9c5eefcffab12328a33251b50cae,375,3,6,6,4,6,0,2.219557762145996,2.303028106689453,2.925872802734375,,,,,,,,,,,,,,,,29100226,39100226,A,r1,loot-crate,0.1
1,1,_run_plan_8c11018f40_82f3e9c695,evaluation,12,12,0,0,50,2,5,2,,1,5,12,0.4166666666666667,False,killed,2dd3feb4a19376a1341548ec39b362b2779022b968f4140d8dfd9a5db14f66e2,1,3,3,0,2,3,0,1.005411148071289,1.4965415000915523,1.7995834350585938,,,,,,,,,,,,,,,,29100227,39100227,A,r1,loot-crate,0.0
1,1,_run_plan_8c11018f40_82f3e9c695,evaluation,400,400,12,12,50,13,18,7,,0,339,400,0.8475,True,step_limit,bb6bc9a5e1daaa86a8444ae6dcbd7402a0da0282f2f5220bfd95d785b5a8e3ba,10,352,12,9,8,9,0,3.022909164428711,3.567588329315184,6.204128265380859,,,,,,,,,,,,,,,,29100228,39100228,A,r1,loot-crate,0.24
1,1,_run_plan_8c11018f40_82f3e9c695,evaluation,190,190,22,22,50,23,56,22,,1,10,190,0.05263157894736842,False,killed,1b6567848fdfb42f36b31e9c69b99b51367b3c67c9b7b036a3ffeb49da9c6381,32,43,35,36,13,31,0,1.971125602722168,6.231355667114255,8.747100830078125,,,,,,,,,,,,,,,,29100229,39100229,A,r1,loot-crate,0.44
1,1,_run_plan_8c11018f40_82f3e9c695,evaluation,77,77,5,5,50,8,25,9,,1,5,77,0.06493506493506493,False,killed,ff26a55b623bc948e0d000befdca7d7efe321ff048911fa28c4d95e7ade49213,14,12,15,8,15,13,0,1.4710426330566406,3.3271789550781277,4.843950271606445,,,,,,,,,,,,,,,,29100230,39100230,A,r1,loot-crate,0.1
1,1,_run_plan_8c11018f40_82f3e9c695,evaluation,400,400,8,8,50,9,28,10,,0,10,400,0.025,True,step_limit,2b6d39f474ab7f47b03c4359870fd10c62f04883c982673e568a2f06b671635f,15,11,10,19,326,19,0,3.783702850341797,4.461848735809326,5.295991897583008,,,,,,,,,,,,,,,,29100231,39100231,A,r1,loot-crate,0.16
1,1,_run_plan_8c11018f40_82f3e9c695,evaluation,28,28,2,2,50,6,11,4,,1,5,28,0.17857142857142858,False,killed,b2dcd083a40c3eede1e5c0bc07133562263f00f02707edc5a88d56c8f0373479,8,5,1,5,3,6,0,0.9273290634155273,2.107942104339599,2.3348331451416016,,,,,,,,,,,,,,,,29100232,39100232,A,r1,loot-crate,0.04
1,1,_run_plan_8c11018f40_82f3e9c695,evaluation,400,400,1,1,50,5,11,5,,0,0,400,0.0,True,step_limit,c7a4be6ae011bc5795dc6cfe71f8f77a4215c9e9660f0467cb120708b81d2242,4,7,4,13,367,5,0,3.629446029663086,3.982794284820556,4.477739334106445,,,,,,,,,,,,,,,,29100233,39100233,A,r1,loot-crate,0.02
1,1,_run_plan_8c11018f40_82f3e9c695,evaluation,400,400,2,2,50,4,5,2,,0,1,400,0.0025,True,step_limit,70757fdcf7dd9ec5fd4575e0b7d79c09160d77687ab532dd04d752f201bc7db1,5,1,1,1,389,3,0,1.4569759368896484,1.5928506851196287,2.0470619201660156,,,,,,,,,,,,,,,,29100234,39100234,A,r1,loot-crate,0.04
1,1,_run_plan_8c11018f40_82f3e9c695,evaluation,400,400,3,3,50,6,10,4,,0,1,400,0.0025,True,step_limit,0b974ebd6254d6721287368398e1ca81e290ddb3710ef1c2305bf6f36ef6c6e6,5,6,5,6,373,5,0,2.208113670349121,2.3584604263305664,2.8738975524902344,,,,,,,,,,,,,,,,29100235,39100235,A,r1,loot-crate,0.06
1,1,_run_plan_8c11018f40_82f3e9c695,evaluation,400,400,1,1,50,2,7,5,,0,1,400,0.0025,True,step_limit,36e0011a080e25e8329528ad93cae72f3a73cfca40b03cc552383ad9c0e5056d,5,5,7,5,372,6,0,3.0030012130737305,3.444397449493408,3.925323486328125,,,,,,,,,,,,,,,,29100236,39100236,A,r1,loot-crate,0.02
1,1,_run_plan_8c11018f40_82f3e9c695,evaluation,400,400,16,16,50,19,61,21,,0,16,400,0.04,True,step_limit,889e9f7ebf1bd527e42f6cbe00a76ac0b13d467cef0924b55c36d7080f845d0b,18,41,20,35,251,35,0,9.498119354248047,10.045576095581055,11.200666427612305,,,,,,,,,,,,,,,,29100237,39100237,A,r1,loot-crate,0.32
1,1,_run_plan_8c11018f40_82f3e9c695,evaluation,400,400,2,2,50,4,10,3,,0,374,400,0.935,True,step_limit,c1b8796f246209ac8f61fa5240f6d2f72f90eef20fb3e45e2644bef1c25b3b9e,378,4,6,3,4,5,0,1.763463020324707,1.9289016723632812,2.4480819702148438,,,,,,,,,,,,,,,,29100238,39100238,A,r1,loot-crate,0.04
1,1,_run_plan_8c11018f40_82f3e9c695,evaluation,400,400,2,2,50,4,9,3,,0,374,400,0.935,True,step_limit,f18413f5f93dd9ec6e5211d0c6d4311e6c139fc2821b0197fa3ac84a3da8a7db,380,5,4,4,3,4,0,3.1403303146362305,3.3234357833862305,4.104137420654297,,,,,,,,,,,,,,,,29100239,39100239,A,r1,loot-crate,0.04
1,1,_run_plan_8c11018f40_82f3e9c695,evaluation,61,61,1,1,50,3,16,8,,1,5,61,0.08196721311475409,False,killed,134e68d5828293bb5c3ccb847e098031e407aa7ae072bbd1686f9ee93089d67b,9,14,9,9,8,12,0,1.2593269348144531,2.4764537811279297,2.936840057373047,,,,,,,,,,,,,,,,29100240,39100240,A,r1,loot-crate,0.02
1,1,_run_plan_8c11018f40_db77fd01af,evaluation,400,400,3,3,9,3,44,23,,0,6,400,0.015,True,step_limit,f42de778bd04ddc331e787d78f598b261ee2bacbd8616756ca3fb70ffa9b88db,133,27,146,27,39,28,0,2.959728240966797,4.565513134002685,8.875608444213867,,,,,,,,,,,,,,,,29100001,39100001,A,r2,classic,0.3333333333333333
1,1,_run_plan_8c11018f40_db77fd01af,evaluation,400,400,1,1,9,2,37,16,,0,280,400,0.7,True,step_limit,0395377926867c474583ebdbce2bbb05e725ac3881ccab1acbebddab8ebea8e5,295,26,16,22,23,18,0,5.441427230834961,5.864465236663812,8.475303649902344,,,,,,,,,,,,,,,,29100002,39100002,A,r2,classic,0.1111111111111111
1,1,_run_plan_8c11018f40_db77fd01af,evaluation,400,400,3,3,9,5,33,14,,0,297,400,0.7425,True,step_limit,af032b98c343bb7eaa491cc9d80bbf22eef25a6d98562c05bad493c23aafd676,309,23,13,22,16,17,0,4.299640655517578,4.757511615753173,7.04646110534668,,,,,,,,,,,,,,,,29100003,39100003,A,r2,classic,0.3333333333333333
1,1,_run_plan_8c11018f40_db77fd01af,evaluation,400,400,1,1,9,3,22,7,,0,348,400,0.87,True,step_limit,c62f6257c52365b199c4b8939609cb6f27b2e44d6dfaa18a85abb55515633242,353,11,7,9,12,8,0,4.269719123840332,4.970073699951171,6.8111419677734375,,,,,,,,,,,,,,,,29100004,39100004,A,r2,classic,0.1111111111111111
1,1,_run_plan_8c11018f40_db77fd01af,evaluation,400,400,2,2,9,4,41,18,,0,265,400,0.6625,True,step_limit,2ffaca730e5126cb30e214afeddddc6b4ab1f038473afc0162f7e8cca16d817d,280,31,17,24,28,20,0,4.666924476623535,5.372560024261474,7.833003997802734,,,,,,,,,,,,,,,,29100005,39100005,A,r2,classic,0.2222222222222222
1,1,_run_plan_8c11018f40_db77fd01af,evaluation,400,400,0,0,9,1,36,17,,0,3,400,0.0075,True,step_limit,cd5068787fc375818c0bab9d4384ae7e115060134fc3936714f0e6af7c6c4ec8,17,154,24,156,30,19,0,4.547238349914551,7.55993127822876,8.883476257324219,,,,,,,,,,,,,,,,29100006,39100006,A,r2,classic,0.0
1,1,_run_plan_8c11018f40_db77fd01af,evaluation,400,400,0,0,9,1,10,4,,0,370,400,0.925,True,step_limit,c0cbfd5e0132939249c39f65e254c7d5994f3afa3773ead5742873b52b2c1bfe,5,3,3,375,9,5,0,1.9543170928955078,2.243971824645996,4.988431930541992,,,,,,,,,,,,,,,,29100007,39100007,A,r2,classic,0.0
1,1,_run_plan_8c11018f40_db77fd01af,evaluation,320,320,7,7,9,8,90,40,,1,16,320,0.05,False,killed,cbf54b04886a7fb443b29c09c3d2158afcfa5439985633038bc979bd213ce32c,38,67,47,61,59,48,0,3.0080080032348633,8.378791809082033,11.471271514892578,,,,,,,,,,,,,,,,29100008,39100008,A,r2,classic,0.7777777777777778
1,1,_run_plan_8c11018f40_db77fd01af,evaluation,233,233,5,5,9,6,96,30,,1,11,233,0.04721030042918455,False,killed,b1eeca80ec2fa47c868e689b7e2eda27e2b90d54a0c52d078c3ecb78c53e145d,24,46,36,34,54,39,0,2.523660659790039,7.5333118438720685,11.526107788085938,,,,,,,,,,,,,,,,29100009,39100009,A,r2,classic,0.5555555555555556
1,1,_run_plan_8c11018f40_db77fd01af,evaluation,400,400,0,0,9,0,15,46,,0,0,400,0.0,True,step_limit,3fdccaeb56a7cccc2f9d341cfc17f91907e0e7bbe609a91c38d028ccc237e4bb,44,105,44,105,56,46,0,2.421855926513672,5.4616570472717285,6.533384323120117,,,,,,,,,,,,,,,,29100010,39100010,A,r2,classic,0.0
1,1,_run_plan_8c11018f40_db77fd01af,evaluation,400,400,2,2,9,3,43,13,,0,294,400,0.735,True,step_limit,7ce84b6bf7241716dacaa15fb55fd9cf52b9d4e49574bd7456668881942363b4,309,24,15,14,24,14,0,3.9658546447753906,4.394900798797603,7.7114105224609375,,,,,,,,,,,,,,,,29100011,39100011,A,r2,classic,0.2222222222222222
1,1,_run_plan_8c11018f40_db77fd01af,evaluation,400,400,1,1,9,1,32,47,,0,2,400,0.005,True,step_limit,a87787251f54f2898c586afeaccedd03fd4b6bd9100da2e6430431447613fa46,47,105,43,106,51,48,0,3.25620174407959,7.0784091949462855,8.639335632324219,,,,,,,,,,,,,,,,29100012,39100012,A,r2,classic,0.1111111111111111
1,1,_run_plan_8c11018f40_db77fd01af,evaluation,400,400,1,1,9,2,12,4,,0,365,400,0.9125,True,step_limit,c07b7a141f587f859c394120ce208a16942e7a988767484c5ca1e7f17b60813c,9,3,5,371,8,4,0,1.6415119171142578,1.8427491188049314,3.288745880126953,,,,,,,,,,,,,,,,29100013,39100013,A,r2,classic,0.1111111111111111
1,1,_run_plan_8c11018f40_db77fd01af,evaluation,16,16,1,1,9,2,7,2,,1,1,16,0.0625,False,killed,a12afe51a5b3e670f900aa04a55195339eb55a4ebc571491afb997ed5a68975b,4,2,3,2,3,2,0,0.9530782699584961,1.6893744468688965,1.8050670623779297,,,,,,,,,,,,,,,,29100014,39100014,A,r2,classic,0.1111111111111111
1,1,_run_plan_8c11018f40_db77fd01af,evaluation,400,400,0,0,9,0,13,42,,0,0,400,0.0,True,step_limit,b84fa23f3a36acb54c00076b5794a46e1ae5677303b17787c0378320ef00d834,78,76,76,78,50,42,0,2.2330284118652344,3.690493106842041,4.018068313598633,,,,,,,,,,,,,,,,29100015,39100015,A,r2,classic,0.0
1,1,_run_plan_8c11018f40_db77fd01af,evaluation,400,400,0,0,9,1,10,4,,0,0,400,0.0,True,step_limit,d5abb7c1aaa7951592310cf7217041c9718b19edee15a6d415530f243946ae80,8,3,5,3,377,4,0,2.743959426879883,2.913784980773926,3.542661666870117,,,,,,,,,,,,,,,,29100016,39100016,A,r2,classic,0.0
1,1,_run_plan_8c11018f40_db77fd01af,evaluation,400,400,3,3,9,3,74,48,,0,9,400,0.0225,True,step_limit,51947698107b841ec98d5b166739873ee4fd925d1768eb801b7496f3950c12ba,53,100,46,83,66,52,0,3.303408622741699,7.823097705841058,9.905338287353516,,,,,,,,,,,,,,,,29100017,39100017,A,r2,classic,0.3333333333333333
1,1,_run_plan_8c11018f40_db77fd01af,evaluation,400,400,1,1,9,2,19,7,,0,354,400,0.885,True,step_limit,5e136bf96285b7d22f8a3a5dcf7b71153af32c8af2068d4a13070fec677473ff,357,10,6,7,12,8,0,3.558516502380371,4.106771945953368,5.131244659423828,,,,,,,,,,,,,,,,29100018,39100018,A,r2,classic,0.1111111111111111
1,1,_run_plan_8c11018f40_db77fd01af,evaluation,400,400,0,0,9,2,8,2,,0,1,400,0.0025,True,step_limit,ca61fa3305fbf56a97073ab5fdab00783ad7f6e725eea4ece02eeb48fe210d88,2,193,2,197,3,3,0,1.6459226608276367,1.8705129623413086,2.2614002227783203,,,,,,,,,,,,,,,,29100019,39100019,A,r2,classic,0.0
1,1,_run_plan_8c11018f40_db77fd01af,evaluation,400,400,1,1,9,2,16,8,,0,2,400,0.005,True,step_limit,c70a86ce07a5031779fb0d456ccd0bb869268ae3ba9519636df1ccc9e1d8e3fe,184,9,179,9,11,8,0,3.0432939529418945,3.3995032310485835,4.550933837890625,,,,,,,,,,,,,,,,29100020,39100020,A,r2,classic,0.1111111111111111
1,1,_run_plan_8c11018f40_db77fd01af,evaluation,400,400,0,0,9,1,17,7,,0,344,400,0.86,True,step_limit,f885c28c69cdb4ce8d23d240be34cdac45e35394722a7ea4a8fb111fd4206c3c,5,12,350,10,16,7,0,3.4084320068359375,3.6865830421447754,5.608081817626953,,,,,,,,,,,,,,,,29100021,39100021,A,r2,classic,0.0
1,1,_run_plan_8c11018f40_db77fd01af,evaluation,400,400,1,1,9,2,12,3,,0,377,400,0.9425,True,step_limit,4e739ae133f29fe6bc20f18109e2cefa2c00526e9383f8d960694cf3a0e7b4db,3,1,3,383,7,3,0,1.3394355773925781,1.4784455299377441,3.0210018157958984,,,,,,,,,,,,,,,,29100022,39100022,A,r2,classic,0.1111111111111111
1,1,_run_plan_8c11018f40_db77fd01af,evaluation,400,400,2,2,9,3,25,12,,0,301,400,0.7525,True,step_limit,6b7e1e6b33ee20051f2fdc9dc7a13df161ac5ddfa12d909cfe3056ae8c696b25,310,26,12,18,20,14,0,4.3487548828125,4.714167118072509,6.693840026855469,,,,,,,,,,,,,,,,29100023,39100023,A,r2,classic,0.2222222222222222
1,1,_run_plan_8c11018f40_db77fd01af,evaluation,400,400,4,4,9,5,94,40,,0,105,400,0.2625,True,step_limit,6ead02d03a64d6ea7013ba42bc0191fae146d9203f117689856be468233a0720,121,59,44,56,70,50,0,2.9311180114746094,5.808794498443602,9.516477584838867,,,,,,,,,,,,,,,,29100024,39100024,A,r2,classic,0.4444444444444444
1,1,_run_plan_8c11018f40_db77fd01af,evaluation,400,400,4,4,9,5,47,19,,0,273,400,0.6825,True,step_limit,062a4a623bf3c17d6e0e028f1357dd4f7ececb6a2349404bb65626acd1e569c1,275,27,19,18,31,30,0,1.8981695175170898,3.954470157623281,7.094144821166992,,,,,,,,,,,,,,,,29100025,39100025,A,r2,classic,0.4444444444444444
1,1,_run_plan_8c11018f40_db77fd01af,evaluation,400,400,1,1,9,2,21,7,,0,348,400,0.87,True,step_limit,c510b8b35975c06c5bc946a9943cb67b17d005f7e73e957bcfa6b0bc15d40592,5,10,355,6,16,8,0,3.7064552307128906,4.1925668716430655,5.949735641479492,,,,,,,,,,,,,,,,29100026,39100026,A,r2,classic,0.1111111111111111
1,1,_run_plan_8c11018f40_db77fd01af,evaluation,400,400,5,5,9,6,73,25,,0,8,400,0.02,True,step_limit,8f08c2cbaecbe1680fff0e28e41f6d2f51340b568108f1136340b7fcb6b103eb,18,35,30,30,259,28,0,8.91256332397461,9.394526481628418,10.512590408325195,,,,,,,,,,,,,,,,29100027,39100027,A,r2,classic,0.5555555555555556
1,1,_run_plan_8c11018f40_db77fd01af,evaluation,400,400,1,1,9,1,61,51,,0,7,400,0.0175,True,step_limit,4cd66fc6a6d78a6375f8c3fb52485081271b380e460b671c2683c3a187b40026,53,92,47,76,78,54,0,3.3894777297973633,8.189427852630613,10.037899017333984,,,,,,,,,,,,,,,,29100028,39100028,A,r2,classic,0.1111111111111111
1,1,_run_plan_8c11018f40_db77fd01af,evaluation,400,400,0,0,9,1,8,3,,0,0,400,0.0,True,step_limit,5e1fde839813d94b8f70bab2f01868f01030bb117daa230a00023aca8527bfb7,1,1,2,5,388,3,0,1.5877485275268555,1.687407493591308,2.1491050720214844,,,,,,,,,,,,,,,,29100029,39100029,A,r2,classic,0.0
1,1,_run_plan_8c11018f40_db77fd01af,evaluation,400,400,0,0,9,1,10,4,,0,2,400,0.005,True,step_limit,2703a1774ceb3d1d1f26ddc0f88d0480ac46f8c35eceaaa1b1993791065c316a,3,4,3,4,380,6,0,2.3071765899658203,2.474832534790039,3.155231475830078,,,,,,,,,,,,,,,,29100030,39100030,A,r2,classic,0.0
1,1,_run_plan_8c11018f40_db77fd01af,evaluation,400,400,0,0,9,1,18,6,,0,1,400,0.0025,True,step_limit,dd4ea5c007d72c65649e6d83dc573aad819a9eca025056f2c01619523434f1f3,6,10,6,7,365,6,0,3.7903785705566406,4.0253281593322745,4.619359970092773,,,,,,,,,,,,,,,,29100031,39100031,A,r2,classic,0.0
1,1,_run_plan_8c11018f40_db77fd01af,evaluation,400,400,0,0,9,1,12,5,,0,2,400,0.005,True,step_limit,3efec88844d65f0b7480a6da868f3aae3fd39fa509d3189b8c0cfcfb7044ac87,4,6,4,5,375,6,0,3.039121627807617,3.239214420318603,3.936290740966797,,,,,,,,,,,,,,,,29100032,39100032,A,r2,classic,0.0
1,1,_run_plan_8c11018f40_db77fd01af,evaluation,400,400,2,2,9,3,34,13,,0,7,400,0.0175,True,step_limit,803ee903d6e1bb205376c9ed47407371efae11ae3dda5e2b46d9c2d42111b33a,15,168,15,163,24,15,0,4.130721092224121,5.691325664520264,8.031845092773438,,,,,,,,,,,,,,,,29100033,39100033,A,r2,classic,0.2222222222222222
1,1,_run_plan_8c11018f40_db77fd01af,evaluation,400,400,0,0,9,1,8,8,,0,339,400,0.8475,True,step_limit,8d7909179ce58c229dec5b4010aa6b23a556fbf34385aacf5dbc7066ee20c3fa,8,10,6,355,13,8,0,1.5047788619995117,2.254676818847655,4.799604415893555,,,,,,,,,,,,,,,,29100034,39100034,A,r2,classic,0.0
1,1,_run_plan_8c11018f40_db77fd01af,evaluation,400,400,1,1,9,2,10,5,,0,367,400,0.9175,True,step_limit,3f52b07a83ad98b0d16c15d632d60f68905a4a2aba8fb96beb39e34221937793,8,4,367,7,5,9,0,2.3032426834106445,2.552402019500731,4.017829895019531,,,,,,,,,,,,,,,,29100035,39100035,A,r2,classic,0.1111111111111111
1,1,_run_plan_8c11018f40_db77fd01af,evaluation,400,400,6,6,9,7,52,22,,0,227,400,0.5675,True,step_limit,6751151e832dc1fc6ef43fd1e35655b3712f68b91bdb8635152f0bfe4775df4c,20,32,23,259,41,25,0,2.1126270294189453,5.366754531860346,8.809089660644531,,,,,,,,,,,,,,,,29100036,39100036,A,r2,classic,0.6666666666666666
1,1,_run_plan_8c11018f40_db77fd01af,evaluation,400,400,2,2,9,3,27,13,,0,304,400,0.76,True,step_limit,f5a22ed670b155adc145d93101560c1e601f5a11804b0e50a93fb8e444efe1fa,317,17,12,22,17,15,0,1.6214847564697266,2.6026129722595206,5.540609359741211,,,,,,,,,,,,,,,,29100037,39100037,A,r2,classic,0.2222222222222222
1,1,_run_plan_8c11018f40_db77fd01af,evaluation,400,400,3,3,9,3,24,12,,0,6,400,0.015,True,step_limit,2a1528bdf5cc0d9dc19cf7865afa69e95c8235811a216523eb370e20b627baaf,165,14,165,18,22,16,0,4.257559776306152,5.053472518920897,6.800174713134766,,,,,,,,,,,,,,,,29100038,39100038,A,r2,classic,0.3333333333333333
1,1,_run_plan_8c11018f40_db77fd01af,evaluation,400,400,2,2,9,3,13,6,,0,4,400,0.01,True,step_limit,34dd574f5963669a55da6bed76201377695311644d7675d68d310261184c2965,9,181,5,182,16,7,0,2.9071569442749023,3.3563375473022456,4.682302474975586,,,,,,,,,,,,,,,,29100039,39100039,A,r2,classic,0.2222222222222222
1,1,_run_plan_8c11018f40_db77fd01af,evaluation,400,400,0,0,9,1,4,2,,0,0,400,0.0,True,step_limit,809650de1b780c7b8fc514b131a83bae0daf6287fde9a94e7a4347dd5c5b67d2,1,194,1,196,6,2,0,1.5799999237060547,1.7128348350524898,2.1483898162841797,,,,,,,,,,,,,,,,29100040,39100040,A,r2,classic,0.0
1,1,_run_plan_8c11018f40_db77fd01af,evaluation,400,400,2,2,50,0,0,0,,0,0,400,0.0,True,step_limit,5eca0bb52a61836f5c1e1b50a89e61eebf5a1b6a21874a99c315f7984ccbe0a3,0,1,0,0,399,0,0,3.506183624267578,3.9079308509826656,4.406929016113281,,,,,,,,,,,,,,,,29100101,39100101,A,r2,coin-heaven,0.04
1,1,_run_plan_8c11018f40_db77fd01af,evaluation,400,400,9,9,50,0,0,0,,0,373,400,0.9325,True,step_limit,ef4cd4b850a10a65fa0dc3f7557bf38246f850dde90f97d70f9daab8ac3e45c8,373,0,14,13,0,0,0,3.496408462524414,4.3258428573608345,7.117033004760742,,,,,,,,,,,,,,,,29100102,39100102,A,r2,coin-heaven,0.18
1,1,_run_plan_8c11018f40_db77fd01af,evaluation,400,400,0,0,50,0,0,0,,0,0,400,0.0,True,step_limit,f6cf5ab55526d53a9eb3c4e3af2116aaf34571ea8a3e6fe8852cfe969be82e0e,0,200,0,200,0,0,0,3.44085693359375,3.7181973457336426,4.646539688110352,,,,,,,,,,,,,,,,29100103,39100103,A,r2,coin-heaven,0.0
1,1,_run_plan_8c11018f40_db77fd01af,evaluation,400,400,12,12,50,0,0,0,,0,0,400,0.0,True,step_limit,3120c8d61f59b877e8e19529317ee8a527c3f7cd077f2577b48dd1e4513f1ba8,187,0,201,12,0,0,0,5.262613296508789,5.810081958770751,6.84356689453125,,,,,,,,,,,,,,,,29100104,39100104,A,r2,coin-heaven,0.24
1,1,_run_plan_8c11018f40_db77fd01af,evaluation,400,400,2,2,50,0,0,0,,0,0,400,0.0,True,step_limit,19d493be79ff3633c418a4a1457c1c154fe247499b414c5422097c14dc7ecadc,199,0,199,2,0,0,0,5.217432975769043,5.545806884765625,6.438255310058594,,,,,,,,,,,,,,,,29100105,39100105,A,r2,coin-heaven,0.04
1,1,_run_plan_8c11018f40_db77fd01af,evaluation,400,400,4,4,50,0,0,0,,0,0,400,0.0,True,step_limit,6d79ab07330adf33d6128756a0b6dcd5eb7ccf9304a610709536eb6bfeeb402a,192,0,206,2,0,0,0,5.3054094314575195,6.041359901428222,7.117509841918945,,,,,,,,,,,,,,,,29100106,39100106,A,r2,coin-heaven,0.08
1,1,_run_plan_8c11018f40_db77fd01af,evaluation,400,400,1,1,50,0,0,0,,0,0,400,0.0,True,step_limit,5eca0bb52a61836f5c1e1b50a89e61eebf5a1b6a21874a99c315f7984ccbe0a3,0,1,0,0,399,0,0,3.5070180892944336,4.092419147491454,4.591941833496094,,,,,,,,,,,,,,,,29100107,39100107,A,r2,coin-heaven,0.02
1,1,_run_plan_8c11018f40_db77fd01af,evaluation,400,400,1,1,50,0,0,0,,0,398,400,0.995,True,step_limit,471e55b5cfda200c390bb8131c4470f654902b53d43a86315977e1fc427847f9,1,0,1,398,0,0,0,3.3447742462158203,3.568148612976074,4.517793655395508,,,,,,,,,,,,,,,,29100108,39100108,A,r2,coin-heaven,0.02
1,1,_run_plan_8c11018f40_db77fd01af,evaluation,400,400,1,1,50,0,0,0,,0,0,400,0.0,True,step_limit,ec4d2d691ba807368054ab792e15b86f9a876da886ced21d0f6805ce126bf166,200,0,200,0,0,0,0,3.4613609313964844,3.8298010826110835,4.266262054443359,,,,,,,,,,,,,,,,29100109,39100109,A,r2,coin-heaven,0.02
1,1,_run_plan_8c11018f40_db77fd01af,evaluation,400,400,4,4,50,0,0,0,,0,0,400,0.0,True,step_limit,242068ba40a01ffeaead09a3243c025c6f2b4f87d64169fc7d2da7a74da61369,197,0,197,6,0,0,0,6.461381912231445,7.093942165374755,8.172035217285156,,,,,,,,,,,,,,,,29100110,39100110,A,r2,coin-heaven,0.08
1,1,_run_plan_8c11018f40_db77fd01af,evaluation,400,400,2,2,50,0,0,0,,0,398,400,0.995,True,step_limit,3a712b0f3b7043ce1591e7a9effba090047bcb56dc0829d03e5b5cfbb9c14ed6,398,0,0,1,1,0,0,3.491640090942383,3.7443399429321285,4.34565544128418,,,,,,,,,,,,,,,,29100111,39100111,A,r2,coin-heaven,0.04
1,1,_run_plan_8c11018f40_db77fd01af,evaluation,400,400,0,0,50,0,0,0,,0,400,400,1.0,True,step_limit,de7093db5cdd32cca18571d31b2a60ee38f885b4ec9d38c4d38b0c5b77f454d0,0,0,0,400,0,0,0,3.3577680587768555,3.845262527465819,4.474878311157227,,,,,,,,,,,,,,,,29100112,39100112,A,r2,coin-heaven,0.0
1,1,_run_plan_8c11018f40_db77fd01af,evaluation,400,400,1,1,50,0,0,0,,0,0,400,0.0,True,step_limit,5eca0bb52a61836f5c1e1b50a89e61eebf5a1b6a21874a99c315f7984ccbe0a3,0,1,0,0,399,0,0,3.517031669616699,4.028129577636719,4.41741943359375,,,,,,,,,,,,,,,,29100113,39100113,A,r2,coin-heaven,0.02
1,1,_run_plan_8c11018f40_db77fd01af,evaluation,400,400,0,0,50,0,0,0,,0,0,400,0.0,True,step_limit,ec4d2d691ba807368054ab792e15b86f9a876da886ced21d0f6805ce126bf166,200,0,200,0,0,0,0,3.4737586975097656,3.7375569343566886,4.34422492980957,,,,,,,,,,,,,,,,29100114,39100114,A,r2,coin-heaven,0.0
1,1,_run_plan_8c11018f40_db77fd01af,evaluation,400,400,1,1,50,0,0,0,,0,1,400,0.0025,True,step_limit,485d6f053b7a4713876083f1066da266e7f0a34311112ac3c1007387f0662975,200,0,199,1,0,0,0,3.4481287002563477,3.7221789360046373,4.454135894775391,,,,,,,,,,,,,,,,29100115,39100115,A,r2,coin-heaven,0.02
1,1,_run_plan_8c11018f40_db77fd01af,evaluation,400,400,5,5,50,0,0,0,,0,387,400,0.9675,True,step_limit,d715ae04b086ed1fb419b80f52f0bdd49754c421c33285a0dc280212edbf5737,388,0,1,11,0,0,0,4.265189170837402,4.931640624999999,6.778717041015625,,,,,,,,,,,,,,,,29100116,39100116,A,r2,coin-heaven,0.1
1,1,_run_plan_8c11018f40_db77fd01af,evaluation,400,400,0,0,50,0,0,0,,0,0,400,0.0,True,step_limit,fecee921df710726731d79707a7abcd79a0be7bf629024b81ab6ee8df6ae2871,0,1,0,0,399,0,0,3.51107120513916,3.8285374641418457,4.596471786499023,,,,,,,,,,,,,,,,29100117,39100117,A,r2,coin-heaven,0.0
1,1,_run_plan_8c11018f40_db77fd01af,evaluation,400,400,1,1,50,0,0,0,,0,0,400,0.0,True,step_limit,5eca0bb52a61836f5c1e1b50a89e61eebf5a1b6a21874a99c315f7984ccbe0a3,0,1,0,0,399,0,0,3.5153627395629883,3.844034671783445,4.547119140625,,,,,,,,,,,,,,,,29100118,39100118,A,r2,coin-heaven,0.02
1,1,_run_plan_8c11018f40_db77fd01af,evaluation,400,400,1,1,50,0,0,0,,0,398,400,0.995,True,step_limit,2a235668fefb8ada9d97a0b7ce78926086b0ad1a69181662ee2d0a0679008127,0,1,398,0,1,0,0,3.4993886947631836,3.8482308387756343,4.4193267822265625,,,,,,,,,,,,,,,,29100119,39100119,A,r2,coin-heaven,0.02
1,1,_run_plan_8c11018f40_db77fd01af,evaluation,400,400,6,6,50,0,0,0,,0,0,400,0.0,True,step_limit,6d79ab07330adf33d6128756a0b6dcd5eb7ccf9304a610709536eb6bfeeb402a,192,0,206,2,0,0,0,5.26118278503418,5.607295036315917,7.512807846069336,,,,,,,,,,,,,,,,29100120,39100120,A,r2,coin-heaven,0.12
1,1,_run_plan_8c11018f40_db77fd01af,evaluation,400,400,4,4,50,0,0,0,,0,0,400,0.0,True,step_limit,cbadb95915969329b2bc19dcd24ed448f4613bf25dab2d0822ec481ea1a75e2d,191,0,205,4,0,0,0,6.145954132080078,6.786894798278806,7.588624954223633,,,,,,,,,,,,,,,,29100121,39100121,A,r2,coin-heaven,0.08
1,1,_run_plan_8c11018f40_db77fd01af,evaluation,400,400,1,1,50,0,0,0,,0,400,400,1.0,True,step_limit,de7093db5cdd32cca18571d31b2a60ee38f885b4ec9d38c4d38b0c5b77f454d0,0,0,0,400,0,0,0,3.3560991287231445,3.8457393646240234,4.360198974609375,,,,,,,,,,,,,,,,29100122,39100122,A,r2,coin-heaven,0.02
1,1,_run_plan_8c11018f40_db77fd01af,evaluation,400,400,6,6,50,0,0,0,,0,0,400,0.0,True,step_limit,6d79ab07330adf33d6128756a0b6dcd5eb7ccf9304a610709536eb6bfeeb402a,192,0,206,2,0,0,0,5.2651166915893555,5.583047866821288,7.20977783203125,,,,,,,,,,,,,,,,29100123,39100123,A,r2,coin-heaven,0.12
1,1,_run_plan_8c11018f40_db77fd01af,evaluation,400,400,1,1,50,0,0,0,,0,1,400,0.0025,True,step_limit,485d6f053b7a4713876083f1066da266e7f0a34311112ac3c1007387f0662975,200,0,199,1,0,0,0,3.4732818603515625,4.10950183868408,6.03795051574707,,,,,,,,,,,,,,,,29100124,39100124,A,r2,coin-heaven,0.02
1,1,_run_plan_8c11018f40_db77fd01af,evaluation,400,400,7,7,50,0,0,1,,0,376,400,0.94,True,step_limit,1875d0515a78ee2ba8d42860d26c2a41d59d24c6c1f61937955c27f182391095,377,0,15,7,0,1,0,4.788637161254883,5.543971061706542,7.436513900756836,,,,,,,,,,,,,,,,29100125,39100125,A,r2,coin-heaven,0.14
1,1,_run_plan_8c11018f40_db77fd01af,evaluation,400,400,0,0,50,0,0,0,,0,400,400,1.0,True,step_limit,de7093db5cdd32cca18571d31b2a60ee38f885b4ec9d38c4d38b0c5b77f454d0,0,0,0,400,0,0,0,3.3686161041259766,3.631603717803952,4.3697357177734375,,,,,,,,,,,,,,,,29100126,39100126,A,r2,coin-heaven,0.0
1,1,_run_plan_8c11018f40_db77fd01af,evaluation,400,400,5,5,50,0,0,0,,0,377,400,0.9425,True,step_limit,1aad57c73cbadaeb8a6f4f8f51e67124a17bf4e3eb6242118bac8e537485c1b4,378,0,15,7,0,0,0,4.809260368347168,5.578649044036864,7.143497467041016,,,,,,,,,,,,,,,,29100127,39100127,A,r2,coin-heaven,0.1
1,1,_run_plan_8c11018f40_db77fd01af,evaluation,400,400,0,0,50,0,0,0,,0,0,400,0.0,True,step_limit,f6cf5ab55526d53a9eb3c4e3af2116aaf34571ea8a3e6fe8852cfe969be82e0e,0,200,0,200,0,0,0,3.4722089767456055,3.905761241912842,4.380941390991211,,,,,,,,,,,,,,,,29100128,39100128,A,r2,coin-heaven,0.0
1,1,_run_plan_8c11018f40_db77fd01af,evaluation,400,400,2,2,50,0,0,0,,0,397,400,0.9925,True,step_limit,8ecc883b53d17a8cca9ebb63dda8b0ee55c6349e14c255bc2a70e766c74ee71f,397,0,0,3,0,0,0,4.25410270690918,4.579102993011475,5.829811096191406,,,,,,,,,,,,,,,,29100129,39100129,A,r2,coin-heaven,0.04
1,1,_run_plan_8c11018f40_db77fd01af,evaluation,400,400,0,0,50,0,0,0,,0,0,400,0.0,True,step_limit,fecee921df710726731d79707a7abcd79a0be7bf629024b81ab6ee8df6ae2871,0,1,0,0,399,0,0,3.509998321533203,4.067277908325195,4.708290100097656,,,,,,,,,,,,,,,,29100130,39100130,A,r2,coin-heaven,0.0
1,1,_run_plan_8c11018f40_db77fd01af,evaluation,400,400,2,2,50,0,0,1,,0,0,400,0.0,True,step_limit,f221bb743703b3e1139cae801d491b0be1975b461a3d02884892c11b20e85e43,197,0,196,6,0,1,0,6.334900856018066,6.876575946807856,9.231328964233398,,,,,,,,,,,,,,,,29100131,39100131,A,r2,coin-heaven,0.04
1,1,_run_plan_8c11018f40_db77fd01af,evaluation,400,400,1,1,50,0,0,0,,0,398,400,0.995,True,step_limit,3a712b0f3b7043ce1591e7a9effba090047bcb56dc0829d03e5b5cfbb9c14ed6,398,0,0,1,1,0,0,3.527402877807617,3.9522171020507812,4.720449447631836,,,,,,,,,,,,,,,,29100132,39100132,A,r2,coin-heaven,0.02
1,1,_run_plan_8c11018f40_db77fd01af,evaluation,400,400,1,1,50,0,0,0,,0,0,400,0.0,True,step_limit,ec4d2d691ba807368054ab792e15b86f9a876da886ced21d0f6805ce126bf166,200,0,200,0,0,0,0,3.4700632095336914,3.984475135803222,4.648447036743164,,,,,,,,,,,,,,,,29100133,39100133,A,r2,coin-heaven,0.02
1,1,_run_plan_8c11018f40_db77fd01af,evaluation,400,400,8,8,50,0,0,0,,0,0,400,0.0,True,step_limit,230d9711a1f24164bd4c50bff4547db7faaa9ba75c3648568aae17aa14d71d71,1,0,1,13,385,0,0,3.500819206237793,4.172825813293455,7.436990737915039,,,,,,,,,,,,,,,,29100134,39100134,A,r2,coin-heaven,0.16
1,1,_run_plan_8c11018f40_db77fd01af,evaluation,400,400,5,5,50,0,0,0,,0,385,400,0.9625,True,step_limit,6fb9bbf4bc43b9d5925a335a4cc63d432970df9d3c5f39434bba385b2c052512,386,0,1,13,0,0,0,3.49271297454834,4.114770889282225,6.969451904296875,,,,,,,,,,,,,,,,29100135,39100135,A,r2,coin-heaven,0.1
1,1,_run_plan_8c11018f40_db77fd01af,evaluation,400,400,1,1,50,0,0,0,,0,0,400,0.0,True,step_limit,80da31560f4e9392ddd38dc887b3140e81d5ac0ef44f29e9a0d11e35b30c3b82,200,0,199,0,1,0,0,3.4711360931396484,3.987550735473633,4.666566848754883,,,,,,,,,,,,,,,,29100136,39100136,A,r2,coin-heaven,0.02
1,1,_run_plan_8c11018f40_db77fd01af,evaluation,400,400,3,3,50,0,0,1,,0,0,400,0.0,True,step_limit,8178feebe3abc909d3712d70f4dfd2b80a54f44910b6348c1a87cd93652c8914,196,0,196,6,1,1,0,6.322503089904785,6.812679767608642,7.689237594604492,,,,,,,,,,,,,,,,29100137,39100137,A,r2,coin-heaven,0.06
1,1,_run_plan_8c11018f40_db77fd01af,evaluation,400,400,0,0,50,0,0,0,,0,400,400,1.0,True,step_limit,de7093db5cdd32cca18571d31b2a60ee38f885b4ec9d38c4d38b0c5b77f454d0,0,0,0,400,0,0,0,3.337383270263672,3.6456942558288565,4.209280014038086,,,,,,,,,,,,,,,,29100138,39100138,A,r2,coin-heaven,0.0
1,1,_run_plan_8c11018f40_db77fd01af,evaluation,400,400,13,13,50,0,0,0,,0,0,400,0.0,True,step_limit,93cb731c97981c44fffd8fb3380ecc1355920efe60387292c35df936735cfcf8,189,0,203,8,0,0,0,6.379485130310059,7.454228401184081,11.762857437133789,,,,,,,,,,,,,,,,29100139,39100139,A,r2,coin-heaven,0.26
1,1,_run_plan_8c11018f40_db77fd01af,evaluation,400,400,2,2,50,0,0,0,,0,0,400,0.0,True,step_limit,80da31560f4e9392ddd38dc887b3140e81d5ac0ef44f29e9a0d11e35b30c3b82,200,0,199,0,1,0,0,3.4461021423339844,3.9282321929931627,4.616260528564453,,,,,,,,,,,,,,,,29100140,39100140,A,r2,coin-heaven,0.04
1,1,_run_plan_8c11018f40_db77fd01af,evaluation,400,400,1,1,50,3,8,3,,0,6,400,0.015,True,step_limit,eefa5481b7c47247f4001e787d9b0126519efe9109c9c6a1c3b182d01a439acf,192,2,191,3,4,8,0,2.346158027648926,2.493298053741455,3.2286643981933594,,,,,,,,,,,,,,,,29100201,39100201,A,r2,loot-crate,0.02
1,1,_run_plan_8c11018f40_db77fd01af,evaluation,400,400,5,5,50,7,22,9,,0,332,400,0.83,True,step_limit,88933812756cab6ac97ffadcee36cc95118711bf6ae27c3b97caa53ccc676095,11,6,9,346,16,12,0,2.075672149658203,2.453863620758056,4.606723785400391,,,,,,,,,,,,,,,,29100202,39100202,A,r2,loot-crate,0.1
1,1,_run_plan_8c11018f40_db77fd01af,evaluation,400,400,6,6,50,10,19,6,,0,6,400,0.015,True,step_limit,10719692b2f1fee8c5c22a037beb85897b7cfa733b79ca0a5494682f2ce4042e,10,185,7,181,9,8,0,3.3282041549682617,3.6197781562805176,4.797458648681641,,,,,,,,,,,,,,,,29100203,39100203,A,r2,loot-crate,0.12
1,1,_run_plan_8c11018f40_db77fd01af,evaluation,38,38,7,7,50,11,15,4,,1,0,38,0.0,False,killed,a55a0459a55f255c076f2a455dc4670cb7e528d48cb403a5fc33d24340b44b05,7,3,4,9,11,4,0,1.2241601943969727,2.558863162994384,3.114938735961914,,,,,,,,,,,,,,,,29100204,39100204,A,r2,loot-crate,0.14
1,1,_run_plan_8c11018f40_db77fd01af,evaluation,400,400,7,7,50,10,24,7,,0,334,400,0.835,True,step_limit,abdf280ba870f6da725cd5a93d02e659e51ee28a244c4698bfc46a8c6f7a8ec1,338,22,6,11,16,7,0,2.9823780059814453,3.432130813598633,3.851652145385742,,,,,,,,,,,,,,,,29100205,39100205,A,r2,loot-crate,0.14
1,1,_run_plan_8c11018f40_db77fd01af,evaluation,18,18,1,1,50,4,8,2,,1,1,18,0.05555555555555555,False,killed,5bdee032f926799b96323565425bc73d67802862d3efe6e238cb03b9c912a036,5,2,3,2,3,3,0,0.9557008743286133,1.9466996192932122,2.2966861724853516,,,,,,,,,,,,,,,,29100206,39100206,A,r2,loot-crate,0.02
1,1,_run_plan_8c11018f40_db77fd01af,evaluation,400,400,6,6,50,7,13,4,,0,1,400,0.0025,True,step_limit,adb2a1ad9b6567952a2e2f0e8a483c5d829cc2e9e42c90bf2b1a56b356d1254f,4,8,7,13,364,4,0,1.3245344161987305,1.6215682029724112,3.164052963256836,,,,,,,,,,,,,,,,29100207,39100207,A,r2,loot-crate,0.12
1,1,_run_plan_8c11018f40_db77fd01af,evaluation,400,400,6,6,50,9,16,6,,0,359,400,0.8975,True,step_limit,a9bf3b9d145ad0cdb0736a9729f3e6805f0c8ce0f773ba3782d0c29515569bb5,4,10,362,11,4,9,0,1.3959407806396484,1.6496419906616202,3.692150115966797,,,,,,,,,,,,,,,,29100208,39100208,A,r2,loot-crate,0.12
1,1,_run_plan_8c11018f40_db77fd01af,evaluation,400,400,6,6,50,6,17,7,,0,1,400,0.0025,True,step_limit,e025d1ad843a15c98749559b23a50432f949e02b78fe56a0674df38ec243ff96,182,9,181,11,10,7,0,3.171205520629883,3.7765979766845703,4.482269287109375,,,,,,,,,,,,,,,,29100209,39100209,A,r2,loot-crate,0.12
1,1,_run_plan_8c11018f40_db77fd01af,evaluation,400,400,0,0,50,2,21,8,,0,2,400,0.005,True,step_limit,38d0d2e9f45453c5bedfe438de6b4c2d3f7cc4cc06ee41465cd147e1dbc80070,177,10,179,8,18,8,0,3.8063526153564453,6.102848052978516,7.113218307495117,,,,,,,,,,,,,,,,29100210,39100210,A,r2,loot-crate,0.0
1,1,_run_plan_8c11018f40_db77fd01af,evaluation,400,400,16,16,50,17,45,23,,0,223,400,0.5575,True,step_limit,51b5eacbaf6f4148c4cfe82ac59bcff4569a31ab1488152e3fa6f587b429cf30,241,23,32,31,44,29,0,1.6838312149047852,4.9560546875,10.022163391113281,,,,,,,,,,,,,,,,29100211,39100211,A,r2,loot-crate,0.32
1,1,_run_plan_8c11018f40_db77fd01af,evaluation,400,400,0,0,50,1,8,3,,0,2,400,0.005,True,step_limit,dc09ea4a505898a518ec710e01ccda079b64b975e8b7c121efe0501ff05e7ab4,3,194,3,190,6,4,0,2.020597457885742,2.376246452331543,2.6078224182128906,,,,,,,,,,,,,,,,29100212,39100212,A,r2,loot-crate,0.0
1,1,_run_plan_8c11018f40_db77fd01af,evaluation,400,400,1,1,50,2,5,2,,0,386,400,0.965,True,step_limit,1ee64b712b7306121231f158900f6a672d3aea915458bdc3209196670d2a6d8e,2,1,2,389,2,4,0,1.001596450805664,1.1145949363708492,1.7066001892089844,,,,,,,,,,,,,,,,29100213,39100213,A,r2,loot-crate,0.02
1,1,_run_plan_8c11018f40_db77fd01af,evaluation,51,51,4,4,50,8,18,5,,1,4,51,0.0784313725490196,False,killed,6fb64db7240d95fc07efd12676468c35032b5dbac294b9617caff4987f870746,11,14,5,8,7,6,0,1.4681816101074219,2.98154354095459,3.387451171875,,,,,,,,,,,,,,,,29100214,39100214,A,r2,loot-crate,0.08
1,1,_run_plan_8c11018f40_db77fd01af,evaluation,400,400,2,2,50,5,8,2,,0,384,400,0.96,True,step_limit,a0b37c62e261269c2e6ec1ca80e5d896ff6929512f74900ee17966a8f851127b,1,5,1,389,2,2,0,1.7684698104858398,1.8925070762634275,2.5043487548828125,,,,,,,,,,,,,,,,29100215,39100215,A,r2,loot-crate,0.04
1,1,_run_plan_8c11018f40_db77fd01af,evaluation,400,400,1,1,50,3,18,6,,0,360,400,0.9,True,step_limit,f65ee67aeb2c2dfc214aabb15cd2672d0efc9cae83240cd6bf4f57c96d832f9b,9,7,361,10,5,8,0,3.17537784576416,3.5305738449096675,5.356073379516602,,,,,,,,,,,,,,,,29100216,39100216,A,r2,loot-crate,0.02
1,1,_run_plan_8c11018f40_db77fd01af,evaluation,7,7,0,0,50,1,3,1,,1,0,7,0.0,False,killed,55aab9efaeb984c56b98cca8cf19f48490d216d487e4dffbee273ddd2de9ef54,1,1,1,1,2,1,0,0.6961822509765625,1.3841152191162105,1.5795230865478516,,,,,,,,,,,,,,,,29100217,39100217,A,r2,loot-crate,0.0
1,1,_run_plan_8c11018f40_db77fd01af,evaluation,400,400,0,0,50,2,7,2,,0,386,400,0.965,True,step_limit,c36660ff313dcec9585b88604d52a030e76fef775387cef591bc932c1b139c35,3,1,387,3,4,2,0,1.803278923034668,1.9693613052368162,2.462625503540039,,,,,,,,,,,,,,,,29100218,39100218,A,r2,loot-crate,0.0
1,1,_run_plan_8c11018f40_db77fd01af,evaluation,400,400,4,4,50,5,12,5,,0,349,400,0.8725,True,step_limit,be24dea69e3ab0acd9b622a034ad92f06d3f82d022e4c8ea662a2bffff40198a,7,10,11,358,7,7,0,1.8711090087890625,2.0960450172424308,4.264116287231445,,,,,,,,,,,,,,,,29100219,39100219,A,r2,loot-crate,0.08
1,1,_run_plan_8c11018f40_db77fd01af,evaluation,31,31,2,2,50,3,7,4,,1,2,31,0.06451612903225806,False,killed,1d85d91c01fadf3f931d1a47d074567836f1a81c6ae1d9f85c70fd01fc7856c2,7,3,6,3,7,5,0,1.1148452758789062,1.869797706604004,1.9810199737548828,,,,,,,,,,,,,,,,29100220,39100220,A,r2,loot-crate,0.04
1,1,_run_plan_8c11018f40_db77fd01af,evaluation,400,400,8,8,50,12,29,10,,0,321,400,0.8025,True,step_limit,5abacbecbb25521d7c80f1bed9441f6b4818cb25f5346654bd8aa0f7fe3272c5,10,13,328,20,16,13,0,4.219651222229004,4.904520511627197,7.111072540283203,,,,,,,,,,,,,,,,29100221,39100221,A,r2,loot-crate,0.16
1,1,_run_plan_8c11018f40_db77fd01af,evaluation,400,400,0,0,50,1,3,1,,0,0,400,0.0,True,step_limit,5dd2d586489ed51662cb777acceacc4dc6d1b856cb3d3af4a81ef88db959df30,2,2,0,1,394,1,0,0.9942054748535156,1.1042356491088865,1.9276142120361328,,,,,,,,,,,,,,,,29100222,39100222,A,r2,loot-crate,0.0
1,1,_run_plan_8c11018f40_db77fd01af,evaluation,400,400,12,12,50,14,26,10,,0,6,400,0.015,True,step_limit,5a945bd3ef35aacdc59b49e3ad157dc2cec997031398faf6ab29869519633cc2,168,14,181,19,6,12,0,2.7805566787719727,4.836916923522949,6.89244270324707,,,,,,,,,,,,,,,,29100223,39100223,A,r2,loot-crate,0.24
1,1,_run_plan_8c11018f40_db77fd01af,evaluation,400,400,13,13,50,15,35,11,,0,6,400,0.015,True,step_limit,e2daa69d9eddecfd912615cd96b2f6774f3fd84df0336ccc246632b7bdbacc55,14,32,16,25,299,14,0,8.226990699768066,9.273159503936764,10.136127471923828,,,,,,,,,,,,,,,,29100224,39100224,A,r2,loot-crate,0.26
1,1,_run_plan_8c11018f40_db77fd01af,evaluation,400,400,11,11,50,12,26,10,,0,6,400,0.015,True,step_limit,0b27f4411e80bdf5ea08de45003840837070bb7cdf9958a7617dd34e81046edb,19,161,29,162,15,14,0,2.2644996643066406,3.1805634498596183,6.500959396362305,,,,,,,,,,,,,,,,29100225,39100225,A,r2,loot-crate,0.22
1,1,_run_plan_8c11018f40_db77fd01af,evaluation,400,400,4,4,50,6,13,6,,0,2,400,0.005,True,step_limit,be0d287d106efea525bcebe424a8f00bd9b150e4cda8652b6ec2f1932cae0762,4,183,4,193,9,7,0,1.999497413635254,2.2057533264160156,2.7365684509277344,,,,,,,,,,,,,,,,29100226,39100226,A,r2,loot-crate,0.08
1,1,_run_plan_8c11018f40_db77fd01af,evaluation,400,400,0,0,50,2,3,1,,0,396,400,0.99,True,step_limit,c4052afd20593d22fdf1fdfb7aa49a01f4783655f5811ebad8c0da9ab5da29dd,396,1,2,0,0,1,0,0.9899139404296875,1.0870575904846191,1.796722412109375,,,,,,,,,,,,,,,,29100227,39100227,A,r2,loot-crate,0.0
1,1,_run_plan_8c11018f40_db77fd01af,evaluation,400,400,3,3,50,7,8,2,,0,383,400,0.9575,True,step_limit,6eb66a719d5b6d273692788bf58c37f424945578faa5b05a85a43f3942a98031,1,5,1,388,3,2,0,1.6651153564453125,1.905989646911621,2.2830963134765625,,,,,,,,,,,,,,,,29100228,39100228,A,r2,loot-crate,0.06
1,1,_run_plan_8c11018f40_db77fd01af,evaluation,400,400,0,0,50,1,3,1,,0,1,400,0.0025,True,step_limit,c28bcc179f485ce43cadb516e90ba463a017f90dac240cd687592f4fdf9e2adf,1,1,1,2,394,1,0,1.4948844909667969,1.6445755958557127,1.9710063934326172,,,,,,,,,,,,,,,,29100229,39100229,A,r2,loot-crate,0.0
1,1,_run_plan_8c11018f40_db77fd01af,evaluation,400,400,0,0,50,1,3,1,,0,1,400,0.0025,True,step_limit,c28bcc179f485ce43cadb516e90ba463a017f90dac240cd687592f4fdf9e2adf,1,1,1,2,394,1,0,1.1932849884033203,1.3227820396423338,2.2771358489990234,,,,,,,,,,,,,,,,29100230,39100230,A,r2,loot-crate,0.0
1,1,_run_plan_8c11018f40_db77fd01af,evaluation,400,400,0,0,50,3,7,2,,0,385,400,0.9625,True,step_limit,ef2217c8fb1002012d57199e10714202c72c544882ec38c7dd3fcc5583665b76,2,1,387,4,4,2,0,1.5404224395751953,1.7751097679138181,2.077341079711914,,,,,,,,,,,,,,,,29100231,39100231,A,r2,loot-crate,0.0
1,1,_run_plan_8c11018f40_db77fd01af,evaluation,400,400,3,3,50,5,5,2,,0,378,400,0.945,True,step_limit,982a1048f464fbeb24a724d11fb19f2e083654ac579303d2235c0a9a8c6749c4,1,5,378,10,3,3,0,1.7718076705932617,2.0817875862121578,2.553701400756836,,,,,,,,,,,,,,,,29100232,39100232,A,r2,loot-crate,0.06
1,1,_run_plan_8c11018f40_db77fd01af,evaluation,400,400,0,0,50,3,7,3,,0,0,400,0.0,True,step_limit,93862539f706c228f3f10a95fbd59208dac591941945dc189e160517b4554fcb,2,190,2,194,9,3,0,1.3599395751953125,2.3177742958068848,2.9816627502441406,,,,,,,,,,,,,,,,29100233,39100233,A,r2,loot-crate,0.0
1,1,_run_plan_8c11018f40_db77fd01af,evaluation,38,38,3,3,50,4,12,4,,1,5,38,0.13157894736842105,False,killed,647e13d9cfd85d577d4ba7d5fe12906f563229ecedc6f0371ec63d8739aba042,11,4,7,6,3,7,0,1.4177560806274414,2.5302767753601065,3.251314163208008,,,,,,,,,,,,,,,,29100234,39100234,A,r2,loot-crate,0.06
1,1,_run_plan_8c11018f40_db77fd01af,evaluation,400,400,2,2,50,5,8,2,,0,383,400,0.9575,True,step_limit,6eb66a719d5b6d273692788bf58c37f424945578faa5b05a85a43f3942a98031,1,5,1,388,3,2,0,1.7404556274414062,1.9246816635131834,2.340555191040039,,,,,,,,,,,,,,,,29100235,39100235,A,r2,loot-crate,0.04
1,1,_run_plan_8c11018f40_db77fd01af,evaluation,400,400,6,6,50,14,30,9,,0,2,400,0.005,True,step_limit,4265689f673bae253092a0be6439eb6a7cfb8982a2e917d95c7ccf6c76ec7880,13,11,20,9,336,11,0,4.341840744018555,4.743432998657227,5.711793899536133,,,,,,,,,,,,,,,,29100236,39100236,A,r2,loot-crate,0.12
1,1,_run_plan_8c11018f40_db77fd01af,evaluation,63,63,2,2,50,6,17,8,,1,2,63,0.031746031746031744,False,killed,7872452889d8e1658bb45932e6209fb6e761b536e0854208f90139db0e77f5a0,8,11,12,10,13,9,0,1.1756420135498047,2.819442749023437,3.4019947052001953,,,,,,,,,,,,,,,,29100237,39100237,A,r2,loot-crate,0.04
1,1,_run_plan_8c11018f40_db77fd01af,evaluation,400,400,5,5,50,7,19,6,,0,343,400,0.8575,True,step_limit,b0dc47014cc3de125e2cd01b62487e8c5e2dc89453d348c9a89d5566094713a1,21,6,354,6,6,7,0,2.7189254760742188,2.9314875602722164,3.511190414428711,,,,,,,,,,,,,,,,29100238,39100238,A,r2,loot-crate,0.1
1,1,_run_plan_8c11018f40_db77fd01af,evaluation,400,400,2,2,50,4,9,3,,0,372,400,0.93,True,step_limit,17237f86df702e955bd25e155cc516aa760c61ef9faa64b8569ec1cb1ccf17ee,8,6,374,4,4,4,0,2.6673078536987305,2.918088436126709,3.5381317138671875,,,,,,,,,,,,,,,,29100239,39100239,A,r2,loot-crate,0.04
1,1,_run_plan_8c11018f40_db77fd01af,evaluation,400,400,0,0,50,1,7,3,,0,1,400,0.0025,True,step_limit,b8b77409aa24dafb067a7146b2ecf4d2a75528227eec1339b603399bb27e5e2d,2,3,2,4,386,3,0,2.0313262939453125,2.1883249282836914,2.766847610473633,,,,,,,,,,,,,,,,29100240,39100240,A,r2,loot-crate,0.0
1,1,_run_plan_8c11018f40_e49d63b2a8,evaluation,400,400,8,8,9,8,100,52,,0,4,400,0.01,True,step_limit,d8f90d14ad1b4f7bfbd184060f2a5aa2ad87d7ce5e2e375cbaf807c0fe3dc8ef,76,52,82,59,77,54,0,2.590060234069824,8.216047286987301,12.086629867553711,,,,,,,,,,,,,,,,29100001,39100001,A,r3,classic,0.8888888888888888
1,1,_run_plan_8c11018f40_e49d63b2a8,evaluation,400,400,5,5,9,5,60,54,,0,3,400,0.0075,True,step_limit,4df0297114e5a80a3d7466c855a20032aded32354abdfa3393b53761d4bd0362,78,60,76,57,73,56,0,2.906918525695801,6.782245635986328,10.225534439086914,,,,,,,,,,,,,,,,29100002,39100002,A,r3,classic,0.5555555555555556
1,1,_run_plan_8c11018f40_e49d63b2a8,evaluation,100,100,2,2,9,4,34,14,,1,10,100,0.1,False,killed,2fa11a2d4e4a55391c090ef9c9fc7149a7c1d41c4b9a3d2427d5ccb5e269611d,19,16,19,20,9,17,0,1.7211437225341797,4.385197162628174,7.075071334838867,,,,,,,,,,,,,,,,29100003,39100003,A,r3,classic,0.2222222222222222
1,1,_run_plan_8c11018f40_e49d63b2a8,evaluation,400,400,3,3,9,4,64,33,,0,4,400,0.01,True,step_limit,cd6962c2c9ded2f441a83977c7931926e7ec003f6608584d64985d212e37657c,129,40,115,38,45,33,0,3.2674074172973633,7.102739810943596,9.743928909301758,,,,,,,,,,,,,,,,29100004,39100004,A,r3,classic,0.3333333333333333
1,1,_run_plan_8c11018f40_e49d63b2a8,evaluation,400,400,8,8,9,8,93,51,,0,5,400,0.0125,True,step_limit,2d392e7378a250b5318068bb695fbc1e9438305746862053c65c460df9a289f9,76,64,68,62,74,56,0,3.1998157501220703,8.555316925048825,11.334419250488281,,,,,,,,,,,,,,,,29100005,39100005,A,r3,classic,0.8888888888888888
1,1,_run_plan_8c11018f40_e49d63b2a8,evaluation,400,400,4,4,9,4,58,23,,0,4,400,0.01,True,step_limit,735624c2df0af390b9590dfb348aeeb4bcadd4c9bc8596c8f3b18a5be644225d,26,16,39,24,270,25,0,1.9097328186035156,4.53822612762451,8.68678092956543,,,,,,,,,,,,,,,,29100006,39100006,A,r3,classic,0.4444444444444444
1,1,_run_plan_8c11018f40_e49d63b2a8,evaluation,400,400,8,8,9,8,92,42,,0,106,400,0.265,True,step_limit,79ef205351ece80484182b983bc76cff8d34ab872dbee043885fa06479776c14,152,40,42,53,62,51,0,2.9144287109375,6.639075279235825,10.098934173583984,,,,,,,,,,,,,,,,29100007,39100007,A,r3,classic,0.8888888888888888
1,1,_run_plan_8c11018f40_e49d63b2a8,evaluation,400,400,7,7,9,7,76,53,,0,4,400,0.01,True,step_limit,44754bd18dc067f98e1c729d2ba47f75b970dbcb2045d6bc261f7dc58782ecd8,65,59,72,56,93,55,0,3.447890281677246,8.498620986938475,11.943578720092773,,,,,,,,,,,,,,,,29100008,39100008,A,r3,classic,0.7777777777777778
1,1,_run_plan_8c11018f40_e49d63b2a8,evaluation,400,400,5,5,9,5,88,54,,0,2,400,0.005,True,step_limit,d00ea8b7ceac706dacb83df8da1caf7ed843d59e6f6a21e3989ddb95b476c437,60,57,71,54,103,55,0,3.3299922943115234,7.846534252166746,12.369871139526367,,,,,,,,,,,,,,,,29100009,39100009,A,r3,classic,0.5555555555555556
1,1,_run_plan_8c11018f40_e49d63b2a8,evaluation,71,71,0,0,9,2,22,10,,1,3,71,0.04225352112676056,False,killed,17b716de62059a1a927265ca18b8ac0ba3e4d0cbf5c1679a9381f11fc55792df,11,6,9,13,21,11,0,1.7192363739013672,3.653883934020996,5.892753601074219,,,,,,,,,,,,,,,,29100010,39100010,A,r3,classic,0.0
1,1,_run_plan_8c11018f40_e49d63b2a8,evaluation,400,400,1,1,9,1,18,41,,0,1,400,0.0025,True,step_limit,85ceb605a78055f64389b587096274ef1e5f7e291b73dd2575f0d42f1f40c38d,80,79,78,78,44,41,0,2.732396125793457,4.899871349334717,5.682945251464844,,,,,,,,,,,,,,,,29100011,39100011,A,r3,classic,0.1111111111111111
1,1,_run_plan_8c11018f40_e49d63b2a8,evaluation,400,400,3,3,9,3,60,52,,0,3,400,0.0075,True,step_limit,41a660fdb48fdcec646feed2f0b5b2b1aca2e49699ca7206ca6903bc32df753c,86,53,83,61,64,53,0,3.796696662902832,9.439361095428467,10.837793350219727,,,,,,,,,,,,,,,,29100012,39100012,A,r3,classic,0.3333333333333333
1,1,_run_plan_8c11018f40_e49d63b2a8,evaluation,256,256,4,4,9,5,62,33,,1,10,256,0.0390625,False,killed,aba56f21e1a2cc388f148ab92292f2a367632736c3ef904b1306a01425701a69,55,26,50,39,49,37,0,2.5854110717773438,7.627308368682861,9.053230285644531,,,,,,,,,,,,,,,,29100013,39100013,A,r3,classic,0.4444444444444444
1,1,_run_plan_8c11018f40_e49d63b2a8,evaluation,400,400,3,3,9,3,28,53,,0,1,400,0.0025,True,step_limit,14054939c807bcf83c020263da8ff0e2a4d6d289d36d297566e5dcab0f168b07,75,60,71,59,82,53,0,3.2666921615600586,7.050061225891112,7.996559143066406,,,,,,,,,,,,,,,,29100014,39100014,A,r3,classic,0.3333333333333333
1,1,_run_plan_8c11018f40_e49d63b2a8,evaluation,400,400,3,3,9,3,61,52,,0,5,400,0.0125,True,step_limit,7d48d91db28ee3c06c1657d18ba9d8849d52a6e44ff4a0d587515c1ca1ad6439,83,54,79,61,69,54,0,3.5216808319091797,9.140503406524658,10.715246200561523,,,,,,,,,,,,,,,,29100015,39100015,A,r3,classic,0.3333333333333333
1,1,_run_plan_8c11018f40_e49d63b2a8,evaluation,400,400,5,5,9,5,85,51,,0,13,400,0.0325,True,step_limit,79f3498295e6a31b83c3e360fab54796d4ba709bae7f75d4db135a5843b7a6ba,84,62,70,60,68,56,0,3.545999526977539,9.070837497711171,14.420747756958008,,,,,,,,,,,,,,,,29100016,39100016,A,r3,classic,0.5555555555555556
1,1,_run_plan_8c11018f40_e49d63b2a8,evaluation,400,400,1,1,9,1,19,42,,0,2,400,0.005,True,step_limit,4936c8c88bedcadb15ab5ad08099b0bb385007802caf57136406581748a8d763,77,80,77,76,48,42,0,2.7474164962768555,5.0560712814331055,6.056070327758789,,,,,,,,,,,,,,,,29100017,39100017,A,r3,classic,0.1111111111111111
1,1,_run_plan_8c11018f40_e49d63b2a8,evaluation,400,400,2,2,9,2,18,42,,0,0,400,0.0,True,step_limit,bcfb627880f652bd54897477e82ca4da8801be1609da582e02b27fe84c2584f1,78,78,78,76,48,42,0,2.887845039367676,5.350816249847412,5.782127380371094,,,,,,,,,,,,,,,,29100018,39100018,A,r3,classic,0.2222222222222222
1,1,_run_plan_8c11018f40_e49d63b2a8,evaluation,400,400,4,4,9,4,47,47,,0,2,400,0.005,True,step_limit,f0261c25d359be6bfe741ac8cd7212bb233fd32e65368c0acf42bebe79faf9d9,76,65,72,77,63,47,0,2.6324987411499023,6.2602877616882315,7.317543029785156,,,,,,,,,,,,,,,,29100019,39100019,A,r3,classic,0.4444444444444444
1,1,_run_plan_8c11018f40_e49d63b2a8,evaluation,400,400,4,4,9,4,42,56,,0,2,400,0.005,True,step_limit,d2188ca732d7c1ff856b660610bc20d1c9b6ce28beafb99ab9db5581650d6b35,67,55,62,56,103,57,0,3.7643909454345703,7.124781608581528,10.464191436767578,,,,,,,,,,,,,,,,29100020,39100020,A,r3,classic,0.4444444444444444
1,1,_run_plan_8c11018f40_e49d63b2a8,evaluation,400,400,1,1,9,1,52,55,,0,1,400,0.0025,True,step_limit,35dd8192739f499700616b12f57ba13b650e26152a364f13ae0e01c99cb74061,66,56,76,54,92,56,0,3.164529800415039,8.4120512008667,9.372711181640625,,,,,,,,,,,,,,,,29100021,39100021,A,r3,classic,0.1111111111111111
1,1,_run_plan_8c11018f40_e49d63b2a8,evaluation,96,96,4,4,9,5,36,12,,1,6,96,0.0625,False,killed,e88d6fb5e7b983aebcc0e61da65f32e7cd2f80ee4bc6544194fd6f324d03041e,16,15,14,20,18,13,0,1.8590688705444336,4.479885101318359,6.257772445678711,,,,,,,,,,,,,,,,29100022,39100022,A,r3,classic,0.4444444444444444
1,1,_run_plan_8c11018f40_e49d63b2a8,evaluation,400,400,6,6,9,6,66,34,,0,5,400,0.0125,True,step_limit,486927b85b053f6a0f05d759e5789d7b314751a231305cdcc9d9d64ce5c92aad,49,44,39,36,198,34,0,2.7976036071777344,5.64887523651123,8.98122787475586,,,,,,,,,,,,,,,,29100023,39100023,A,r3,classic,0.6666666666666666
1,1,_run_plan_8c11018f40_e49d63b2a8,evaluation,112,112,3,3,9,4,40,15,,1,8,112,0.07142857142857142,False,killed,b2ed447e430b2d1282075baed58b8b504f0388ff2ffd669d55b702c32be9b630,14,15,24,12,27,20,0,1.762986183166504,3.808867931365965,6.656169891357422,,,,,,,,,,,,,,,,29100024,39100024,A,r3,classic,0.3333333333333333
1,1,_run_plan_8c11018f40_e49d63b2a8,evaluation,400,400,3,3,9,3,45,18,,0,3,400,0.0075,True,step_limit,ad16c39bb09a49079d94f89b570300b718cd0845c46068f266da1cc9fbadaf05,18,22,27,20,292,21,0,2.4781227111816406,3.956294059753417,8.572578430175781,,,,,,,,,,,,,,,,29100025,39100025,A,r3,classic,0.3333333333333333
1,1,_run_plan_8c11018f40_e49d63b2a8,evaluation,400,400,6,6,9,6,98,51,,0,7,400,0.0175,True,step_limit,55b5e61a51611a9a436145125ef7e6a639624daf841af2d3f23776956d463d01,64,71,76,63,70,56,0,3.0295848846435547,7.939255237579345,10.279178619384766,,,,,,,,,,,,,,,,29100026,39100026,A,r3,classic,0.6666666666666666
1,1,_run_plan_8c11018f40_e49d63b2a8,evaluation,400,400,4,4,9,4,67,53,,0,6,400,0.015,True,step_limit,b504f160761ea5208479a73847c3c56b63aa202937e2be6309f05c645bcb6ce4,66,60,79,56,82,57,0,2.9218196868896484,7.558596134185791,9.653091430664062,,,,,,,,,,,,,,,,29100027,39100027,A,r3,classic,0.4444444444444444
1,1,_run_plan_8c11018f40_e49d63b2a8,evaluation,400,400,0,0,9,0,15,42,,0,0,400,0.0,True,step_limit,86e1dd8ba6ab03b5e91ff1d0e4c0e64cbca60f8de29e8aca87cf4bbb7860b79d,79,76,77,75,51,42,0,3.09145450592041,5.7338714599609375,7.158517837524414,,,,,,,,,,,,,,,,29100028,39100028,A,r3,classic,0.0
1,1,_run_plan_8c11018f40_e49d63b2a8,evaluation,400,400,0,0,9,0,0,0,,0,0,400,0.0,True,step_limit,868af88dd5c07040cd7792f609ea0a2881a121ba06feea67a096e0e58f5aa111,0,0,1,0,399,0,0,0.635981559753418,0.715029239654541,1.5747547149658203,,,,,,,,,,,,,,,,29100029,39100029,A,r3,classic,0.0
1,1,_run_plan_8c11018f40_e49d63b2a8,evaluation,400,400,2,2,9,2,25,12,,0,0,400,0.0,True,step_limit,c2c36cc70f6eafb080b27195723467b948076119bea5f5d238849381e1e7524b,14,10,25,10,329,12,0,1.3811588287353516,2.4008393287658687,5.427122116088867,,,,,,,,,,,,,,,,29100030,39100030,A,r3,classic,0.2222222222222222
1,1,_run_plan_8c11018f40_e49d63b2a8,evaluation,400,400,3,3,9,3,51,54,,0,2,400,0.005,True,step_limit,dc666716d440d7fb33ac2ff821be2befefa0a12e085db5998da450c7756a3b74,66,55,78,54,91,56,0,3.1278133392333984,7.579433917999267,8.281230926513672,,,,,,,,,,,,,,,,29100031,39100031,A,r3,classic,0.3333333333333333
1,1,_run_plan_8c11018f40_e49d63b2a8,evaluation,400,400,7,7,9,7,96,53,,0,6,400,0.015,True,step_limit,5b8022cee24b63df372e09bbd71943c731d4ccfea3c0792cea83f2d5bc764be7,68,58,68,57,93,56,0,2.830982208251953,8.024346828460692,10.82921028137207,,,,,,,,,,,,,,,,29100032,39100032,A,r3,classic,0.7777777777777778
1,1,_run_plan_8c11018f40_e49d63b2a8,evaluation,400,400,2,2,9,2,43,23,,0,2,400,0.005,True,step_limit,8c8c08eace93b7f5867af5d72a97a3712c39c4768b993c176d0557babfba9de4,25,23,36,21,270,25,0,2.3735761642456055,4.82944250106811,9.049415588378906,,,,,,,,,,,,,,,,29100033,39100033,A,r3,classic,0.2222222222222222
1,1,_run_plan_8c11018f40_e49d63b2a8,evaluation,42,42,0,0,9,1,13,6,,1,3,42,0.07142857142857142,False,killed,79885e938b6d62acbf083321df3394d2471c9a3b36aeb90d6d8096c0e07ce0ff,6,7,3,8,12,6,0,1.5459060668945312,4.8803210258483825,5.39851188659668,,,,,,,,,,,,,,,,29100034,39100034,A,r3,classic,0.0
1,1,_run_plan_8c11018f40_e49d63b2a8,evaluation,6,6,0,0,9,1,3,1,,1,1,6,0.16666666666666666,False,killed,220c6f24c3522e1eafef3049f0c3b1b35670c36715685f5ac316ce92ffb5e46d,2,1,0,1,0,2,0,0.7942914962768555,1.5686750411987305,1.7962455749511719,,,,,,,,,,,,,,,,29100035,39100035,A,r3,classic,0.0
1,1,_run_plan_8c11018f40_e49d63b2a8,evaluation,63,63,0,0,9,1,28,9,,1,0,63,0.0,False,killed,a0e3746e484bdcc41ac5404ce9d481561e4ac5741d058d90793a45cc4803e050,12,5,14,9,14,9,0,1.4574527740478516,3.6298990249633785,5.6171417236328125,,,,,,,,,,,,,,,,29100036,39100036,A,r3,classic,0.0
1,1,_run_plan_8c11018f40_e49d63b2a8,evaluation,400,400,3,3,9,3,62,53,,0,3,400,0.0075,True,step_limit,7fc9514985ceacb901649c8d83abb569377705f6e30b915b6301b31dcaff0b83,86,51,80,60,69,54,0,3.0840635299682617,9.223663806915283,10.831832885742188,,,,,,,,,,,,,,,,29100037,39100037,A,r3,classic,0.3333333333333333
1,1,_run_plan_8c11018f40_e49d63b2a8,evaluation,400,400,8,8,9,8,93,43,,0,6,400,0.015,True,step_limit,8b73d9b37dafba53bfaee78cf9e7b9e7a736a3d15275cb5265863a04b5605a68,54,78,64,92,66,46,0,2.755880355834961,6.177937984466547,10.066986083984375,,,,,,,,,,,,,,,,29100038,39100038,A,r3,classic,0.8888888888888888
1,1,_run_plan_8c11018f40_e49d63b2a8,evaluation,400,400,4,4,9,4,51,55,,0,4,400,0.01,True,step_limit,7a141933edf429236b6a51cee608fd0cd871ab90bb4147434e62ad3173742461,64,61,58,60,102,55,0,3.45611572265625,7.1074247360229466,10.649442672729492,,,,,,,,,,,,,,,,29100039,39100039,A,r3,classic,0.4444444444444444
1,1,_run_plan_8c11018f40_e49d63b2a8,evaluation,400,400,3,3,9,3,47,46,,0,2,400,0.005,True,step_limit,42f3046144babcd153843b99e6b13faf34df5b482966ae9b7e9fe4410f14b564,75,67,73,81,57,47,0,2.676248550415039,6.273233890533447,7.988691329956055,,,,,,,,,,,,,,,,29100040,39100040,A,r3,classic,0.3333333333333333
1,1,_run_plan_8c11018f40_e49d63b2a8,evaluation,400,400,7,7,50,0,0,0,,0,389,400,0.9725,True,step_limit,15f40e089c1b66b069270855e1e99339c9216eb89ffcbeca0fbafafc63e85234,0,392,5,3,0,0,0,4.649996757507324,5.2580952644348145,9.758710861206055,,,,,,,,,,,,,,,,29100101,39100101,A,r3,coin-heaven,0.14
1,1,_run_plan_8c11018f40_e49d63b2a8,evaluation,400,400,10,10,50,0,0,1,,0,378,400,0.945,True,step_limit,73786f343d3d17de72590dd24688bbcd1884944ac67bcbefb15ea31f873b6ae7,381,1,10,7,0,1,0,7.611393928527832,8.421325683593746,12.217283248901367,,,,,,,,,,,,,,,,29100102,39100102,A,r3,coin-heaven,0.2
1,1,_run_plan_8c11018f40_e49d63b2a8,evaluation,97,97,41,41,50,0,0,5,,1,2,97,0.020618556701030927,False,killed,587d543f3dc628df3bbbcae1fcf6b8cf0e6d034751691db4ac4bb3aec559153f,24,27,26,13,0,7,0,6.505727767944336,11.945009231567381,12.469053268432617,,,,,,,,,,,,,,,,29100103,39100103,A,r3,coin-heaven,0.82
1,1,_run_plan_8c11018f40_e49d63b2a8,evaluation,400,400,9,9,50,0,0,0,,0,387,400,0.9675,True,step_limit,1222be75ec6a1554ec20c0d6f5318f41337bc16b4d35a7faf900c338853c5291,387,1,6,6,0,0,0,7.537603378295898,8.222973346710203,11.955022811889648,,,,,,,,,,,,,,,,29100104,39100104,A,r3,coin-heaven,0.18
1,1,_run_plan_8c11018f40_e49d63b2a8,evaluation,400,400,17,17,50,0,0,2,,0,359,400,0.8975,True,step_limit,138036324b2587ff715a38ae211b0b9acbc9217a1fed7b803b5f01c4acc48d4b,370,5,6,16,0,3,0,6.816506385803223,7.92785882949829,13.754606246948242,,,,,,,,,,,,,,,,29100105,39100105,A,r3,coin-heaven,0.34
1,1,_run_plan_8c11018f40_e49d63b2a8,evaluation,400,400,18,18,50,0,0,2,,0,2,400,0.005,True,step_limit,2c456a50368ae40c305aab144264fe89be77058f7ff2cb87d45af75e29396668,185,3,196,13,0,3,0,7.262110710144043,10.140037536621094,11.791229248046875,,,,,,,,,,,,,,,,29100106,39100106,A,r3,coin-heaven,0.36
1,1,_run_plan_8c11018f40_e49d63b2a8,evaluation,400,400,18,18,50,0,0,2,,0,0,400,0.0,True,step_limit,6ca8c10b134618697f7647fef8d80506bead1c5848373785bdd2268081bdb10b,184,13,196,5,0,2,0,7.812261581420898,11.15864515304565,12.330770492553711,,,,,,,,,,,,,,,,29100107,39100107,A,r3,coin-heaven,0.36
1,1,_run_plan_8c11018f40_e49d63b2a8,evaluation,400,400,26,26,50,0,0,3,,0,4,400,0.01,True,step_limit,f2d7995986c9d7eeea82918c42c3cfd77e780e8a2ca1a350082dabc28e26d306,188,21,177,11,0,3,0,8.097171783447266,12.018704414367672,13.190269470214844,,,,,,,,,,,,,,,,29100108,39100108,A,r3,coin-heaven,0.52
1,1,_run_plan_8c11018f40_e49d63b2a8,evaluation,400,400,48,48,50,0,0,37,,0,108,400,0.27,True,step_limit,a1853eb9ddb4fd600e02ca586cd17888824463f12f53dfaaf8dd21d9af7f7d09,114,59,62,58,0,107,0,3.3680200576782227,10.19834280014038,12.514114379882812,,,,,,,,,,,,,,,,29100109,39100109,A,r3,coin-heaven,0.96
1,1,_run_plan_8c11018f40_e49d63b2a8,evaluation,400,400,12,12,50,0,0,0,,0,0,400,0.0,True,step_limit,94c7800dc4e0edf5d320dda679b6036606d56ea484ebd06aab33a432f80c9068,196,1,192,11,0,0,0,8.328676223754883,11.681795120239254,12.76850700378418,,,,,,,,,,,,,,,,29100110,39100110,A,r3,coin-heaven,0.24
1,1,_run_plan_8c11018f40_e49d63b2a8,evaluation,400,400,3,3,50,0,0,0,,0,0,400,0.0,True,step_limit,0e16ff3ec157902306fae8a4a5f734720f339257cf63600322bdddb597b70625,199,1,199,1,0,0,0,3.518223762512207,3.792977333068847,4.6405792236328125,,,,,,,,,,,,,,,,29100111,39100111,A,r3,coin-heaven,0.06
1,1,_run_plan_8c11018f40_e49d63b2a8,evaluation,400,400,3,3,50,0,0,0,,0,0,400,0.0,True,step_limit,15408acde48fe6f15367e95de1de1781ef4de4962201fa051ad8fd3a7326ddd1,200,2,198,0,0,0,0,7.042646408081055,9.259259700775146,10.295867919921875,,,,,,,,,,,,,,,,29100112,39100112,A,r3,coin-heaven,0.06
1,1,_run_plan_8c11018f40_e49d63b2a8,evaluation,400,400,42,42,50,0,0,7,,0,284,400,0.71,True,step_limit,aa3491ce94f330623462028764d382d533cee7faf03553fe72c786be41f6803d,23,314,31,25,0,7,0,7.472991943359375,9.01072025299072,13.722419738769531,,,,,,,,,,,,,,,,29100113,39100113,A,r3,coin-heaven,0.84
1,1,_run_plan_8c11018f40_e49d63b2a8,evaluation,73,73,27,27,50,0,0,4,,1,3,73,0.0410958904109589,False,killed,43d8b1c0e5777af625d094555c74dcbee5274de0676b80bf93efda9a30a19d02,17,22,9,19,0,6,0,6.105899810791016,11.8424892425537,14.044046401977539,,,,,,,,,,,,,,,,29100114,39100114,A,r3,coin-heaven,0.54
1,1,_run_plan_8c11018f40_e49d63b2a8,evaluation,400,400,2,2,50,0,0,0,,0,397,400,0.9925,True,step_limit,173c4de943851b414f237796af84bf2e629679b69724a6c7348899273d421831,398,1,0,1,0,0,0,4.622697830200195,5.307674407958984,5.712747573852539,,,,,,,,,,,,,,,,29100115,39100115,A,r3,coin-heaven,0.04
1,1,_run_plan_8c11018f40_e49d63b2a8,evaluation,400,400,19,19,50,0,0,1,,0,364,400,0.91,True,step_limit,6639db12554b8d81cb3d94d5d7876051e1857fedfcd5d1d6dce61f4a788446c8,372,10,4,13,0,1,0,6.486058235168457,7.464873790740963,11.730194091796875,,,,,,,,,,,,,,,,29100116,39100116,A,r3,coin-heaven,0.38
1,1,_run_plan_8c11018f40_e49d63b2a8,evaluation,17,17,4,4,50,0,0,1,,1,2,17,0.11764705882352941,False,killed,bfbf4071e3544e7c798defbb3b2e3d2c0441c4e7dcb72419c92e4bebec00d723,5,3,5,1,0,3,0,4.838705062866211,7.889366149902343,9.116172790527344,,,,,,,,,,,,,,,,29100117,39100117,A,r3,coin-heaven,0.08
1,1,_run_plan_8c11018f40_e49d63b2a8,evaluation,155,155,50,50,50,0,0,10,,0,3,155,0.01935483870967742,True,survived,6fcc638b072c84a73d4320634cb466c033ba5260875ae3c39c332de5544501c2,30,41,31,41,0,12,0,6.495952606201172,11.978507041931147,13.153076171875,,,,,,,,,,,,,,,,29100118,39100118,A,r3,coin-heaven,1.0
1,1,_run_plan_8c11018f40_e49d63b2a8,evaluation,400,400,1,1,50,0,0,0,,0,0,400,0.0,True,step_limit,d4b626587490c929a21cbd5133abe98d975adc392eec72180d337ed1653e23dd,199,1,199,1,0,0,0,3.440737724304199,3.7468910217285156,4.389762878417969,,,,,,,,,,,,,,,,29100119,39100119,A,r3,coin-heaven,0.02
1,1,_run_plan_8c11018f40_e49d63b2a8,evaluation,400,400,17,17,50,0,0,2,,0,361,400,0.9025,True,step_limit,d7a1fe8dd52c6ebe24b71b2019893ca66887e69e2b96b2953f6f09ff7acdfb43,361,4,16,15,0,4,0,4.24647331237793,5.809247493743894,10.345458984375,,,,,,,,,,,,,,,,29100120,39100120,A,r3,coin-heaven,0.34
1,1,_run_plan_8c11018f40_e49d63b2a8,evaluation,400,400,8,8,50,0,0,2,,0,375,400,0.9375,True,step_limit,f8cce55da2e8266c50a738a3b64afb4c4f4035f735217cba6542003dee723bf2,377,2,4,15,0,2,0,4.696130752563477,5.609738826751708,10.468482971191406,,,,,,,,,,,,,,,,29100121,39100121,A,r3,coin-heaven,0.16
1,1,_run_plan_8c11018f40_e49d63b2a8,evaluation,400,400,12,12,50,0,0,0,,0,383,400,0.9575,True,step_limit,0c0a027db66eec6cbe25822afb9b66b72a9dd607a43064ebbd8965f512ddf0dc,386,8,0,6,0,0,0,6.696343421936035,7.463502883911132,12.16268539428711,,,,,,,,,,,,,,,,29100122,39100122,A,r3,coin-heaven,0.24
1,1,_run_plan_8c11018f40_e49d63b2a8,evaluation,147,147,50,50,50,0,0,9,,0,4,147,0.027210884353741496,True,survived,3e707f410b5ecf83ca6acd8f0a0ae3b91303da196a574d8c7f370f236c5185d4,34,30,30,44,0,9,0,6.122350692749023,11.50670051574707,12.309551239013672,,,,,,,,,,,,,,,,29100123,39100123,A,r3,coin-heaven,1.0
1,1,_run_plan_8c11018f40_e49d63b2a8,evaluation,400,400,7,7,50,0,0,0,,0,383,400,0.9575,True,step_limit,408069eb543cb9ae7a50a99c2132bf8e33393a6f91c3c96b5aace59e95e832a4,391,4,1,4,0,0,0,5.572795867919922,6.38587474822998,10.18667221069336,,,,,,,,,,,,,,,,29100124,39100124,A,r3,coin-heaven,0.14
1,1,_run_plan_8c11018f40_e49d63b2a8,evaluation,400,400,23,23,50,0,0,1,,0,355,400,0.8875,True,step_limit,9b5b5df94be657df36465d94cd7e03195fb3cddfb1d79eb6309a3ce96bd74e87,360,6,17,15,1,1,0,6.32631778717041,7.496118545532223,12.542247772216797,,,,,,,,,,,,,,,,29100125,39100125,A,r3,coin-heaven,0.46
1,1,_run_plan_8c11018f40_e49d63b2a8,evaluation,400,400,2,2,50,0,0,0,,0,0,400,0.0,True,step_limit,15408acde48fe6f15367e95de1de1781ef4de4962201fa051ad8fd3a7326ddd1,200,2,198,0,0,0,0,7.512331008911133,9.164178371429443,14.742851257324219,,,,,,,,,,,,,,,,29100126,39100126,A,r3,coin-heaven,0.04
1,1,_run_plan_8c11018f40_e49d63b2a8,evaluation,400,400,16,16,50,0,0,1,,0,370,400,0.925,True,step_limit,e6bd6b2ceb94ac4099a5edcf8f7b9bffd88aa8b6e147c195b5a1eb9ac2e4f15a,3,374,8,14,0,1,0,7.109284400939941,8.065915107727049,11.215686798095703,,,,,,,,,,,,,,,,29100127,39100127,A,r3,coin-heaven,0.32
1,1,_run_plan_8c11018f40_e49d63b2a8,evaluation,400,400,19,19,50,0,0,2,,0,0,400,0.0,True,step_limit,46ec60ea2734aaac2ccc0bc54bf9fc544c85fbb107d1d3283a62834397b72207,188,7,200,3,0,2,0,7.565021514892578,10.695159435272215,12.567520141601562,,,,,,,,,,,,,,,,29100128,39100128,A,r3,coin-heaven,0.38
1,1,_run_plan_8c11018f40_e49d63b2a8,evaluation,400,400,2,2,50,0,0,0,,0,397,400,0.9925,True,step_limit,8ecc883b53d17a8cca9ebb63dda8b0ee55c6349e14c255bc2a70e766c74ee71f,397,0,0,3,0,0,0,4.250049591064453,4.603815078735351,5.858659744262695,,,,,,,,,,,,,,,,29100129,39100129,A,r3,coin-heaven,0.04
1,1,_run_plan_8c11018f40_e49d63b2a8,evaluation,109,109,38,38,50,0,0,7,,1,4,109,0.03669724770642202,False,killed,31680ff7a0fbfd6474e8c1086d0a6fc7c8061888324a02aa5b613c9424c24c7b,26,29,26,17,0,11,0,6.43610954284668,11.624526977539062,12.30168342590332,,,,,,,,,,,,,,,,29100130,39100130,A,r3,coin-heaven,0.76
1,1,_run_plan_8c11018f40_e49d63b2a8,evaluation,400,400,2,2,50,0,0,0,,0,395,400,0.9875,True,step_limit,6b7d2c3bb0c574b803766301d5474146b5261cfe9f4b0d2c858e8d59baf2135b,395,0,0,5,0,0,0,4.694104194641113,5.112063884735107,6.778240203857422,,,,,,,,,,,,,,,,29100131,39100131,A,r3,coin-heaven,0.04
1,1,_run_plan_8c11018f40_e49d63b2a8,evaluation,400,400,1,1,50,0,0,0,,0,0,400,0.0,True,step_limit,0e16ff3ec157902306fae8a4a5f734720f339257cf63600322bdddb597b70625,199,1,199,1,0,0,0,3.4276247024536133,3.830504417419432,5.99980354309082,,,,,,,,,,,,,,,,29100132,39100132,A,r3,coin-heaven,0.02
1,1,_run_plan_8c11018f40_e49d63b2a8,evaluation,400,400,16,16,50,0,0,1,,0,372,400,0.93,True,step_limit,64f330d7ba3f3d5d58a75f6cce12be9111c257e67183a4591c00a95ba14e80d1,13,377,6,3,0,1,0,6.633639335632324,7.496178150176997,12.095451354980469,,,,,,,,,,,,,,,,29100133,39100133,A,r3,coin-heaven,0.32
1,1,_run_plan_8c11018f40_e49d63b2a8,evaluation,153,153,50,50,50,0,0,11,,0,5,153,0.032679738562091505,True,survived,a5eecb8ab6d9aaf52b1e0e2b135cccc255aed0979cea60e3fdba127c5e22bb8a,35,37,27,42,0,12,0,6.250619888305664,11.382484436035158,12.664079666137695,,,,,,,,,,,,,,,,29100134,39100134,A,r3,coin-heaven,1.0
1,1,_run_plan_8c11018f40_e49d63b2a8,evaluation,400,400,5,5,50,0,0,0,,0,389,400,0.9725,True,step_limit,9bc27dc8a8aa7ac4c944c5fe7d32cd8c9a9bd35c82d770e3210f1a96f014e6c0,391,1,0,8,0,0,0,6.428122520446777,7.091081142425536,10.244607925415039,,,,,,,,,,,,,,,,29100135,39100135,A,r3,coin-heaven,0.1
1,1,_run_plan_8c11018f40_e49d63b2a8,evaluation,400,400,3,3,50,0,0,0,,0,0,400,0.0,True,step_limit,f39ac17e715af04fe4d493900bd7b19834016ff80d67a23a5c57c400a8339082,199,1,197,3,0,0,0,6.760716438293457,8.942401409149168,9.86790657043457,,,,,,,,,,,,,,,,29100136,39100136,A,r3,coin-heaven,0.06
1,1,_run_plan_8c11018f40_e49d63b2a8,evaluation,400,400,2,2,50,0,0,0,,0,393,400,0.9825,True,step_limit,e193b77ace9ad125f1a1f65fec4e0ae8633cd5a1902ece3af469c8ae651a0204,393,1,0,6,0,0,0,4.684805870056152,5.000412464141846,6.684780120849609,,,,,,,,,,,,,,,,29100137,39100137,A,r3,coin-heaven,0.04
1,1,_run_plan_8c11018f40_e49d63b2a8,evaluation,400,400,3,3,50,0,0,0,,0,395,400,0.9875,True,step_limit,707704d25ca90a05ad8848b938212817dced68c32bdc607240594efc71ae0041,397,3,0,0,0,0,0,5.698204040527344,6.536376476287842,9.279727935791016,,,,,,,,,,,,,,,,29100138,39100138,A,r3,coin-heaven,0.06
1,1,_run_plan_8c11018f40_e49d63b2a8,evaluation,400,400,26,26,50,0,0,4,,0,337,400,0.8425,True,step_limit,0e663b1c6f731166764e399220fb09a7f8d5d33a92cf0e6f05aacae41800c7f3,17,344,18,17,0,4,0,6.844639778137207,8.195650577545162,12.177467346191406,,,,,,,,,,,,,,,,29100139,39100139,A,r3,coin-heaven,0.52
1,1,_run_plan_8c11018f40_e49d63b2a8,evaluation,400,400,7,7,50,0,0,0,,0,389,400,0.9725,True,step_limit,878997e811ca0e08cbbc573b93f87fb8cc4c63998db8639132eb7f34d61561ca,395,2,0,3,0,0,0,5.586504936218262,6.09307289123535,7.098674774169922,,,,,,,,,,,,,,,,29100140,39100140,A,r3,coin-heaven,0.14
1,1,_run_plan_8c11018f40_e49d63b2a8,evaluation,400,400,17,17,50,18,51,24,,0,217,400,0.5425,True,step_limit,63a4ade032151dc4f2cce9cc79a078c00a0efff9cde7b9a4b9295ba0055d0d98,247,36,27,30,31,29,0,2.7344226837158203,4.856050014495849,8.893013000488281,,,,,,,,,,,,,,,,29100201,39100201,A,r3,loot-crate,0.34
1,1,_run_plan_8c11018f40_e49d63b2a8,evaluation,28,28,0,0,50,1,6,4,,1,1,28,0.03571428571428571,False,killed,db23da239aec3ca99eb12ccdaf618fff69bfe8b65b96259b7e68a422604ab807,5,3,3,5,7,5,0,1.2149810791015625,3.2213687896728516,3.303050994873047,,,,,,,,,,,,,,,,29100202,39100202,A,r3,loot-crate,0.0
1,1,_run_plan_8c11018f40_e49d63b2a8,evaluation,400,400,13,13,50,15,40,50,,0,47,400,0.1175,True,step_limit,6a7494538b20bd884a245a38bd01382b22eeddf22aa45114ea6e133b686f97ba,56,136,53,94,3,58,0,4.581093788146973,8.421874046325682,9.680032730102539,,,,,,,,,,,,,,,,29100203,39100203,A,r3,loot-crate,0.26
1,1,_run_plan_8c11018f40_e49d63b2a8,evaluation,400,400,34,34,50,35,78,32,,0,9,400,0.0225,True,step_limit,acfa0189e36f100e48c670c4e97ca374dd043281009e0899b8b5ac5455bda2b8,56,123,42,123,22,34,0,3.239870071411133,5.8651089668273855,8.752584457397461,,,,,,,,,,,,,,,,29100204,39100204,A,r3,loot-crate,0.68
1,1,_run_plan_8c11018f40_e49d63b2a8,evaluation,400,400,11,11,50,13,35,54,,0,51,400,0.1275,True,step_limit,ae3d74aed87ad697f3d0ed667a2fa29bbf5a46e2f0636320b2c5ae5be8c3038a,55,72,54,66,54,99,0,1.6373395919799805,3.9550781249999996,6.674289703369141,,,,,,,,,,,,,,,,29100205,39100205,A,r3,loot-crate,0.22
1,1,_run_plan_8c11018f40_e49d63b2a8,evaluation,198,198,22,22,50,24,61,20,,1,8,198,0.04040404040404041,False,killed,7523fae575ce81b1eb21cd642ac34372b6bfab708083e81fc7a8a250fcaf1c9f,41,51,40,37,8,21,0,2.6471614837646484,6.855440139770505,9.07135009765625,,,,,,,,,,,,,,,,29100206,39100206,A,r3,loot-crate,0.44
1,1,_run_plan_8c11018f40_e49d63b2a8,evaluation,400,400,11,11,50,11,27,9,,0,2,400,0.005,True,step_limit,84ae6131a68d3f8a8583d104e5898ec1ffdba19d1c4c4dd19db97d9a75cf30a4,18,13,28,14,318,9,0,2.020597457885742,3.447556495666503,7.088184356689453,,,,,,,,,,,,,,,,29100207,39100207,A,r3,loot-crate,0.22
1,1,_run_plan_8c11018f40_e49d63b2a8,evaluation,400,400,19,19,50,23,52,48,,0,33,400,0.0825,True,step_limit,9cad6918657e4f73eada145f45de3db7ffd7e2d9331141fe0e67a54052aeddee,52,128,55,96,16,53,0,3.4352540969848633,9.010803699493408,9.780645370483398,,,,,,,,,,,,,,,,29100208,39100208,A,r3,loot-crate,0.38
1,1,_run_plan_8c11018f40_e49d63b2a8,evaluation,400,400,7,7,50,9,40,15,,0,6,400,0.015,True,step_limit,86baaf0ffcab08574f8cd42bab333912cd844c936fa7fc522ca1250cf8812012,23,152,30,159,17,19,0,2.1942853927612305,3.5223484039306636,6.611824035644531,,,,,,,,,,,,,,,,29100209,39100209,A,r3,loot-crate,0.14
1,1,_run_plan_8c11018f40_e49d63b2a8,evaluation,400,400,7,7,50,14,45,19,,0,2,400,0.005,True,step_limit,a5ea025c5f0a3a860dea4800773f839ffdf79b795696b01da48292c1908e7667,20,27,31,25,276,21,0,2.3949146270751953,3.6918997764587393,7.71331787109375,,,,,,,,,,,,,,,,29100210,39100210,A,r3,loot-crate,0.14
1,1,_run_plan_8c11018f40_e49d63b2a8,evaluation,400,400,0,0,50,0,0,0,,0,0,400,0.0,True,step_limit,868af88dd5c07040cd7792f609ea0a2881a121ba06feea67a096e0e58f5aa111,0,0,1,0,399,0,0,0.6444454193115234,0.7778644561767577,1.544952392578125,,,,,,,,,,,,,,,,29100211,39100211,A,r3,loot-crate,0.0
1,1,_run_plan_8c11018f40_e49d63b2a8,evaluation,400,400,14,14,50,16,41,13,,0,298,400,0.745,True,step_limit,8270989de2548cb2f7ec1ffcae5ca1f36522003333ddf5480ffb6a65ffebebce,315,25,19,11,14,16,0,3.155231475830078,4.0439128875732395,7.294654846191406,,,,,,,,,,,,,,,,29100212,39100212,A,r3,loot-crate,0.28
1,1,_run_plan_8c11018f40_e49d63b2a8,evaluation,400,400,34,34,50,37,93,47,,0,14,400,0.035,True,step_limit,07d0852582a657822ca4678801334d611f28905de7d038ae1dc69042c0cafbc1,87,72,75,74,40,52,0,2.3702383041381836,7.277870178222641,11.233329772949219,,,,,,,,,,,,,,,,29100213,39100213,A,r3,loot-crate,0.68
1,1,_run_plan_8c11018f40_e49d63b2a8,evaluation,25,25,1,1,50,4,9,3,,1,2,25,0.08,False,killed,7d8e87d46a0b052ae5290e67921fb8bdea7507044e0cc1505dcebc2caf7d2cdf,2,8,2,5,5,3,0,0.9005069732666016,1.8384456634521482,1.9352436065673828,,,,,,,,,,,,,,,,29100214,39100214,A,r3,loot-crate,0.02
1,1,_run_plan_8c11018f40_e49d63b2a8,evaluation,400,400,2,2,50,5,8,2,,0,381,400,0.9525,True,step_limit,773b1a37f2a7dc57b1e558b6d8dfedfd8cbbb25ff6ff7aaced9e8e94430abf5e,1,5,384,5,3,2,0,1.0540485382080078,1.2328505516052242,1.9104480743408203,,,,,,,,,,,,,,,,29100215,39100215,A,r3,loot-crate,0.04
1,1,_run_plan_8c11018f40_e49d63b2a8,evaluation,55,55,2,2,50,4,16,8,,1,6,55,0.10909090909090909,False,killed,6269578862be059c192fda7f09e8f27c292be5941c2a5eeb55c75dab994e5b7c,9,10,7,12,8,9,0,1.3654232025146484,3.1782627105712877,3.6635398864746094,,,,,,,,,,,,,,,,29100216,39100216,A,r3,loot-crate,0.04
1,1,_run_plan_8c11018f40_e49d63b2a8,evaluation,313,313,31,31,50,32,79,38,,1,18,313,0.05750798722044728,False,killed,360cedf577513942cc34d1be9574cc5dccde8cd8e733cb61fbcd0c42f1287a9c,61,69,58,63,16,46,0,2.932310104370117,7.441806793212891,11.651277542114258,,,,,,,,,,,,,,,,29100217,39100217,A,r3,loot-crate,0.62
1,1,_run_plan_8c11018f40_e49d63b2a8,evaluation,400,400,8,8,50,10,24,12,,0,303,400,0.7575,True,step_limit,d52be59132e68ccd02b46396a6242c2f241b898149deaeeaff681aebfb87db00,23,13,19,321,11,13,0,2.167940139770508,2.812957763671873,3.968477249145508,,,,,,,,,,,,,,,,29100218,39100218,A,r3,loot-crate,0.16
1,1,_run_plan_8c11018f40_e49d63b2a8,evaluation,400,400,0,0,50,0,0,0,,0,0,400,0.0,True,step_limit,868af88dd5c07040cd7792f609ea0a2881a121ba06feea67a096e0e58f5aa111,0,0,1,0,399,0,0,0.6295442581176758,0.7104396820068357,1.5189647674560547,,,,,,,,,,,,,,,,29100219,39100219,A,r3,loot-crate,0.0
1,1,_run_plan_8c11018f40_e49d63b2a8,evaluation,400,400,15,15,50,18,40,18,,0,12,400,0.03,True,step_limit,5c94f2774ff94a0a1229adce9b42b3a86ee0afd9ac44f87aaca35c8f6d16f3ac,152,38,142,38,7,23,0,2.366304397583008,4.505944252014159,6.818294525146484,,,,,,,,,,,,,,,,29100220,39100220,A,r3,loot-crate,0.3
1,1,_run_plan_8c11018f40_e49d63b2a8,evaluation,29,29,1,1,50,3,10,4,,1,0,29,0.0,False,killed,2597a89f9c78412273b97ec79b0870b7910248e2cece1291e1fb076aa345fed2,5,3,5,5,7,4,0,1.0933876037597656,2.7597427368164062,2.998828887939453,,,,,,,,,,,,,,,,29100221,39100221,A,r3,loot-crate,0.02
1,1,_run_plan_8c11018f40_e49d63b2a8,evaluation,37,37,2,2,50,4,13,5,,1,7,37,0.1891891891891892,False,killed,0e2ef78943828238593fe73bda94bf436cb173ba73b517210b278e5c14d99108,6,10,4,7,2,8,0,1.4045238494873047,3.048658370971678,3.986835479736328,,,,,,,,,,,,,,,,29100222,39100222,A,r3,loot-crate,0.04
1,1,_run_plan_8c11018f40_e49d63b2a8,evaluation,117,117,13,13,50,15,31,13,,1,4,117,0.03418803418803419,False,killed,01857004222de8f4f5dd6c95e205c537ee948e4a658735640686bad4ed9bbc80,22,17,32,19,10,17,0,2.368450164794922,6.291770935058594,7.467985153198242,,,,,,,,,,,,,,,,29100223,39100223,A,r3,loot-crate,0.26
1,1,_run_plan_8c11018f40_e49d63b2a8,evaluation,400,400,6,6,50,8,16,5,,0,2,400,0.005,True,step_limit,3a5411ec9e5b8644233ba2f07923e253f983881c53a0819714f53bc85ac51f19,175,22,179,14,5,5,0,2.664327621459961,2.930450439453125,3.509044647216797,,,,,,,,,,,,,,,,29100224,39100224,A,r3,loot-crate,0.12
1,1,_run_plan_8c11018f40_e49d63b2a8,evaluation,16,16,1,1,50,4,5,2,,1,0,16,0.0,False,killed,01cc8f6c0e962359d2e84627c2a1f3ad894342cd39452babba72a293700d74de,3,2,3,2,4,2,0,0.7996559143066406,1.4144182205200195,1.4820098876953125,,,,,,,,,,,,,,,,29100225,39100225,A,r3,loot-crate,0.02
1,1,_run_plan_8c11018f40_e49d63b2a8,evaluation,400,400,8,8,50,11,24,11,,0,312,400,0.78,True,step_limit,952d76c17d675e20ca70e2b8ba5ef80a9453b6d172bb74ff7d2a9aa5f7e63644,317,21,11,31,8,12,0,1.2662410736083984,1.946055889129638,3.1528472900390625,,,,,,,,,,,,,,,,29100226,39100226,A,r3,loot-crate,0.16
1,1,_run_plan_8c11018f40_e49d63b2a8,evaluation,400,400,11,11,50,12,29,9,,0,6,400,0.015,True,step_limit,ca039067003f9b2437c47324f7425802a72efe896ab6a83456d30d4b9795bc4a,11,11,21,7,336,14,0,1.7937421798706055,2.8725624084472594,6.582021713256836,,,,,,,,,,,,,,,,29100227,39100227,A,r3,loot-crate,0.22
1,1,_run_plan_8c11018f40_e49d63b2a8,evaluation,400,400,3,3,50,7,8,2,,0,382,400,0.955,True,step_limit,773b1a37f2a7dc57b1e558b6d8dfedfd8cbbb25ff6ff7aaced9e8e94430abf5e,1,5,384,5,3,2,0,1.104593276977539,1.2870550155639646,1.5969276428222656,,,,,,,,,,,,,,,,29100228,39100228,A,r3,loot-crate,0.06
1,1,_run_plan_8c11018f40_e49d63b2a8,evaluation,270,270,30,30,50,36,88,30,,1,16,270,0.05925925925925926,False,killed,118362933e508534d44a31847e6a410aacc4ac1ab212a6c5dc076697a0decb0b,43,57,57,50,23,40,0,2.530694007873535,5.504584312438962,8.166313171386719,,,,,,,,,,,,,,,,29100229,39100229,A,r3,loot-crate,0.6
1,1,_run_plan_8c11018f40_e49d63b2a8,evaluation,400,400,18,18,50,20,49,21,,0,8,400,0.02,True,step_limit,17f0ac9a0feb3f3e51d2f19beea620957a135380c9af64de75a9a9e71f7d10c0,143,31,149,31,22,24,0,2.3567676544189453,4.435086250305165,7.120847702026367,,,,,,,,,,,,,,,,29100230,39100230,A,r3,loot-crate,0.36
1,1,_run_plan_8c11018f40_e49d63b2a8,evaluation,44,44,5,5,50,8,19,6,,1,8,44,0.18181818181818182,False,killed,e0f881b4d2f92f58421cb2c2ff945f6905fd63bd023f702154bdc51b87f081c1,9,11,3,9,3,9,0,1.4549493789672852,3.4126162528991704,4.456996917724609,,,,,,,,,,,,,,,,29100231,39100231,A,r3,loot-crate,0.1
1,1,_run_plan_8c11018f40_e49d63b2a8,evaluation,320,320,32,32,50,34,95,37,,1,23,320,0.071875,False,killed,efa968500ba4af010ccfb7901ace92daf9ffd4f88fed0eaf079735af6d55a763,62,62,53,69,30,44,0,2.8096437454223633,7.197129726409916,10.555505752563477,,,,,,,,,,,,,,,,29100232,39100232,A,r3,loot-crate,0.64
1,1,_run_plan_8c11018f40_e49d63b2a8,evaluation,400,400,8,8,50,10,25,9,,0,8,400,0.02,True,step_limit,f723aec2f0682586b2b2e6b94a3f3a433c1d6c19b3a8fa1edebf567541d1d1c3,13,170,20,174,8,15,0,2.1011829376220703,3.206145763397217,6.350278854370117,,,,,,,,,,,,,,,,29100233,39100233,A,r3,loot-crate,0.16
1,1,_run_plan_8c11018f40_e49d63b2a8,evaluation,400,400,7,7,50,7,19,52,,0,2,400,0.005,True,step_limit,d30598895a0a888e6f54680e75e4ff1c71cb362be9940ad8ff7e33b104103db9,81,58,80,56,73,52,0,2.765774726867676,6.388962268829346,7.915496826171875,,,,,,,,,,,,,,,,29100234,39100234,A,r3,loot-crate,0.14
1,1,_run_plan_8c11018f40_e49d63b2a8,evaluation,400,400,2,2,50,5,8,2,,0,0,400,0.0,True,step_limit,d421e3ec7d9417ad0fb91d5e251eb58a27649150e3ae9a3241f4da6442956c3c,192,5,193,5,3,2,0,1.6036033630371094,1.8133044242858884,2.3407936096191406,,,,,,,,,,,,,,,,29100235,39100235,A,r3,loot-crate,0.04
1,1,_run_plan_8c11018f40_e49d63b2a8,evaluation,400,400,41,41,50,45,113,46,,0,14,400,0.035,True,step_limit,d5b37262021edd773252da12ca6ab96fcf43cbc97a15f84700b073b6a27fd8d2,78,83,76,75,35,53,0,3.41641902923584,9.034955501556391,11.753559112548828,,,,,,,,,,,,,,,,29100236,39100236,A,r3,loot-crate,0.82
1,1,_run_plan_8c11018f40_e49d63b2a8,evaluation,400,400,16,16,50,20,59,23,,0,13,400,0.0325,True,step_limit,5429d069d79e8aebedd6ac1fe310f2de118f23989a45f5a0fc225418b1080b1a,135,34,139,24,36,32,0,3.3468008041381836,5.376100540161128,10.245561599731445,,,,,,,,,,,,,,,,29100237,39100237,A,r3,loot-crate,0.32
1,1,_run_plan_8c11018f40_e49d63b2a8,evaluation,400,400,41,41,50,41,102,42,,0,21,400,0.0525,True,step_limit,b56f9dd0d9b50fb74f9eea19a106c9eca7a5447f47ae4a84419851775bda5646,85,91,72,77,28,47,0,3.447413444519043,8.737552165985107,11.51895523071289,,,,,,,,,,,,,,,,29100238,39100238,A,r3,loot-crate,0.82
1,1,_run_plan_8c11018f40_e49d63b2a8,evaluation,206,206,23,23,50,24,56,23,,1,15,206,0.07281553398058252,False,killed,27c919a6ee45563dc57862c12491d0acbc5d4a813830283246f944d710aec346,40,53,34,38,9,32,0,2.3140907287597656,6.385743618011475,10.22791862487793,,,,,,,,,,,,,,,,29100239,39100239,A,r3,loot-crate,0.46
1,1,_run_plan_8c11018f40_e49d63b2a8,evaluation,231,231,22,22,50,23,67,27,,1,11,231,0.047619047619047616,False,killed,5eea0700eb9de06a3fec4822d089ec13ea28ec5f4baf59a9d26e37bd66ca523e,34,44,46,36,39,32,0,2.0749568939208984,4.890799522399902,8.923053741455078,,,,,,,,,,,,,,,,29100240,39100240,A,r3,loot-crate,0.44
1,1,_run_plan_8c11018f40_a2ec8adac7,evaluation,400,400,3,3,9,3,27,54,,0,28,400,0.07,True,step_limit,c7aab8fc7a986fe5873775987756e0cfef064c0d8cb4fdb6aca0f2c9c69e04c0,50,100,51,84,57,58,0,2.754807472229004,6.024420261383056,7.905006408691406,,,,,,,,,,,,,,,,29100001,39100001,A,r4,classic,0.3333333333333333
1,1,_run_plan_8c11018f40_a2ec8adac7,evaluation,400,400,4,4,9,5,42,14,,0,5,400,0.0125,True,step_limit,62ae7cfd0e64a6271bdbfaad974b00771e657605cab0a8d52b84b7cf3b4434a6,26,20,10,17,310,17,0,1.4798641204833984,2.8612971305847164,7.004976272583008,,,,,,,,,,,,,,,,29100002,39100002,A,r4,classic,0.4444444444444444
1,1,_run_plan_8c11018f40_a2ec8adac7,evaluation,400,400,6,6,9,6,87,53,,0,16,400,0.04,True,step_limit,bcea84937a0b7505a6de395e0bd9b37979b83f1503e97b77f3aba29175c03019,59,79,53,75,78,56,0,2.724170684814453,7.3123335838317844,11.916875839233398,,,,,,,,,,,,,,,,29100003,39100003,A,r4,classic,0.6666666666666666
1,1,_run_plan_8c11018f40_a2ec8adac7,evaluation,400,400,0,0,9,1,17,5,,0,1,400,0.0025,True,step_limit,cf8052ca5d5b13af2cc02acced59b3a5f9d7658aec83d115366261cc9ca0895f,7,6,3,7,372,5,0,3.6405324935913086,4.1559100151062,4.681587219238281,,,,,,,,,,,,,,,,29100004,39100004,A,r4,classic,0.0
1,1,_run_plan_8c11018f40_a2ec8adac7,evaluation,400,400,7,7,9,7,95,52,,0,10,400,0.025,True,step_limit,9b8783493b99acd28c91d64f04ef3171c206e56e376beb2d7dc1c4610b99abb6,64,91,49,81,60,55,0,2.8580427169799805,7.469785213470457,11.181116104125977,,,,,,,,,,,,,,,,29100005,39100005,A,r4,classic,0.7777777777777778
1,1,_run_plan_8c11018f40_a2ec8adac7,evaluation,400,400,0,0,9,0,40,53,,0,37,400,0.0925,True,step_limit,de20a42af2241c8fe8e2bcf3ce3cfe285cc22a2b350b8b56b763fae7f7a8836f,67,99,51,84,46,53,0,3.1244754791259766,6.980121135711627,9.337902069091797,,,,,,,,,,,,,,,,29100006,39100006,A,r4,classic,0.0
1,1,_run_plan_8c11018f40_a2ec8adac7,evaluation,400,400,1,1,9,1,40,52,,0,6,400,0.015,True,step_limit,b7411ad07b07f0859932651140f403e3cc5e3ccf1206d143bd10621787507c6b,60,87,46,87,67,53,0,2.9871463775634766,7.825136184692381,8.913040161132812,,,,,,,,,,,,,,,,29100007,39100007,A,r4,classic,0.1111111111111111
1,1,_run_plan_8c11018f40_a2ec8adac7,evaluation,400,400,2,2,9,2,35,51,,0,24,400,0.06,True,step_limit,3b10604a738db48dc279a2642e8a74d1e90be2ca13d017297466529c02afb9b7,69,100,49,88,43,51,0,2.9947757720947266,6.756091117858887,7.564544677734375,,,,,,,,,,,,,,,,29100008,39100008,A,r4,classic,0.2222222222222222
1,1,_run_plan_8c11018f40_a2ec8adac7,evaluation,400,400,2,2,9,2,69,53,,0,21,400,0.0525,True,step_limit,665fc5a91a6e0703e548cad4ba544d5c810775410ec129a07750ea5e90c81c56,64,92,58,75,56,55,0,2.9942989349365234,8.888387680053706,10.351181030273438,,,,,,,,,,,,,,,,29100009,39100009,A,r4,classic,0.2222222222222222
1,1,_run_plan_8c11018f40_a2ec8adac7,evaluation,400,400,4,4,9,4,60,53,,0,18,400,0.045,True,step_limit,fc6efeaeec369bf16710e04ecb3a3c02b81c2410a336b6e34e857651310cae78,75,72,55,67,78,53,0,2.789616584777832,5.922782421112055,8.618831634521484,,,,,,,,,,,,,,,,29100010,39100010,A,r4,classic,0.4444444444444444
1,1,_run_plan_8c11018f40_a2ec8adac7,evaluation,400,400,9,9,9,9,85,52,,0,20,400,0.05,True,step_limit,1f04b0988a72523c1a8d7adf4216dbec75f9eacbc44941f48fcbcb25623acf31,81,86,61,63,54,55,0,2.821803092956543,6.718373298645019,10.42318344116211,,,,,,,,,,,,,,,,29100011,39100011,A,r4,classic,1.0
1,1,_run_plan_8c11018f40_a2ec8adac7,evaluation,400,400,4,4,9,4,63,51,,0,13,400,0.0325,True,step_limit,55bcb365bcd0b3b4f2ff2f835c05dde9747ce0e5b85ba4be8d495c6d14ca1f1a,75,79,57,77,58,54,0,2.9342174530029297,7.73297548294067,9.867668151855469,,,,,,,,,,,,,,,,29100012,39100012,A,r4,classic,0.4444444444444444
1,1,_run_plan_8c11018f40_a2ec8adac7,evaluation,400,400,4,4,9,4,55,54,,0,30,400,0.075,True,step_limit,34c7f925d05fd26b77a3ccd4862c5de770ffad9ae336014c0199390fec019f10,88,69,64,58,62,59,0,2.872467041015625,5.600607395172118,9.164571762084961,,,,,,,,,,,,,,,,29100013,39100013,A,r4,classic,0.4444444444444444
1,1,_run_plan_8c11018f40_a2ec8adac7,evaluation,400,400,9,9,9,9,94,53,,0,21,400,0.0525,True,step_limit,99f345de9a4f6ca9e33baad83de822a1ac7bf9d0dda6776df71442ef11b5698c,66,77,51,64,78,64,0,2.4688243865966797,6.446635723114007,10.075807571411133,,,,,,,,,,,,,,,,29100014,39100014,A,r4,classic,1.0
1,1,_run_plan_8c11018f40_a2ec8adac7,evaluation,400,400,6,6,9,6,79,52,,0,13,400,0.0325,True,step_limit,226d15ad6471e3fea68632fee400459eb04c106fdc03b00a93fd2e5f97cc652e,66,75,53,73,77,56,0,2.7152299880981445,7.767987251281734,10.09511947631836,,,,,,,,,,,,,,,,29100015,39100015,A,r4,classic,0.6666666666666666
1,1,_run_plan_8c11018f40_a2ec8adac7,evaluation,400,400,1,1,9,2,18,9,,0,2,400,0.005,True,step_limit,a80b59330ab42994d2c0108f5647b401ffaa62486d933b841f29a23b7b3bfb26,10,17,9,14,340,10,0,3.916144371032715,4.173660278320311,6.820440292358398,,,,,,,,,,,,,,,,29100016,39100016,A,r4,classic,0.1111111111111111
1,1,_run_plan_8c11018f40_a2ec8adac7,evaluation,400,400,0,0,9,1,10,3,,0,0,400,0.0,True,step_limit,00247aef5eecebca851850508a46836968785cf54a35c098c64fb9ccb84bfd2b,4,4,3,4,382,3,0,2.0782947540283203,2.264070510864258,2.843141555786133,,,,,,,,,,,,,,,,29100017,39100017,A,r4,classic,0.0
1,1,_run_plan_8c11018f40_a2ec8adac7,evaluation,400,400,9,9,9,9,85,51,,0,21,400,0.0525,True,step_limit,32e747fef3eb4b6137abdab5d493fcd6b8f7482c6dff3f05324c80acfadcf20b,73,86,53,68,63,57,0,2.4999380111694336,6.129693984985351,10.895490646362305,,,,,,,,,,,,,,,,29100018,39100018,A,r4,classic,1.0
1,1,_run_plan_8c11018f40_a2ec8adac7,evaluation,400,400,4,4,9,4,40,52,,0,33,400,0.0825,True,step_limit,877d1d803d06f29fe7bd7cabfa8bf38db46cbf238e0b24f5daf654274342d34f,80,86,55,77,48,54,0,2.697587013244629,7.259404659271239,8.387327194213867,,,,,,,,,,,,,,,,29100019,39100019,A,r4,classic,0.4444444444444444
1,1,_run_plan_8c11018f40_a2ec8adac7,evaluation,400,400,3,3,9,3,87,52,,0,14,400,0.035,True,step_limit,033a14cfcdf7e3fe49db25224334ead6fb34754c221b8c843a85466dd12876e5,68,91,46,77,63,55,0,3.077387809753418,7.946002483367918,10.095834732055664,,,,,,,,,,,,,,,,29100020,39100020,A,r4,classic,0.3333333333333333
1,1,_run_plan_8c11018f40_a2ec8adac7,evaluation,400,400,4,4,9,4,68,53,,0,13,400,0.0325,True,step_limit,2ee10ebb688228146107dfc1a29a4ee89bcafb6640221086513b8769c522fbb3,55,96,53,81,58,57,0,3.2912492752075195,8.506822586059567,11.361360549926758,,,,,,,,,,,,,,,,29100021,39100021,A,r4,classic,0.4444444444444444
1,1,_run_plan_8c11018f40_a2ec8adac7,evaluation,400,400,5,5,9,5,62,52,,0,18,400,0.045,True,step_limit,fd6f5a92d58d906a07a1ce5f8a3b00ddd7a41ddc603413439019b409aff25d37,79,73,59,70,64,55,0,2.512693405151367,6.212711334228516,8.958816528320312,,,,,,,,,,,,,,,,29100022,39100022,A,r4,classic,0.5555555555555556
1,1,_run_plan_8c11018f40_a2ec8adac7,evaluation,400,400,0,0,9,1,3,1,,0,0,400,0.0,True,step_limit,8630b59f0e40185ed3ba4f21563cf58176af49feaa54f9d5548a25f744d98a86,2,1,1,1,394,1,0,1.3772249221801758,1.5340924263000488,1.9397735595703125,,,,,,,,,,,,,,,,29100023,39100023,A,r4,classic,0.0
1,1,_run_plan_8c11018f40_a2ec8adac7,evaluation,400,400,5,5,9,5,68,53,,0,20,400,0.05,True,step_limit,51f2822bbd17bbff38be49ecb55c65ec3ee7eb8a2065346f5759d1f242228687,60,86,60,66,73,55,0,2.7005672454833984,6.514120101928711,9.345293045043945,,,,,,,,,,,,,,,,29100024,39100024,A,r4,classic,0.5555555555555556
1,1,_run_plan_8c11018f40_a2ec8adac7,evaluation,400,400,2,2,9,2,46,55,,0,42,400,0.105,True,step_limit,b63cc4dac6e6ee66a0c6420555c2e37e9fef736b1c7f1269ac6bfc62126a4553,73,90,54,57,71,55,0,2.844572067260742,6.239783763885498,6.948232650756836,,,,,,,,,,,,,,,,29100025,39100025,A,r4,classic,0.2222222222222222
1,1,_run_plan_8c11018f40_a2ec8adac7,evaluation,400,400,2,2,9,3,37,10,,0,5,400,0.0125,True,step_limit,c08387d3ae61da06b4d43c28ab2cb74bcfd020e1a953212ad1ff9f396bdbfd01,11,19,14,10,336,10,0,4.222750663757324,4.950106143951416,7.964849472045898,,,,,,,,,,,,,,,,29100026,39100026,A,r4,classic,0.2222222222222222
1,1,_run_plan_8c11018f40_a2ec8adac7,evaluation,400,400,6,6,9,6,98,52,,0,18,400,0.045,True,step_limit,e45dfcbd9092367363478892d2123d7c0467b56f2652c5a442bf6927d388b876,53,95,57,73,67,55,0,2.962350845336914,8.792746067047117,12.153863906860352,,,,,,,,,,,,,,,,29100027,39100027,A,r4,classic,0.6666666666666666
1,1,_run_plan_8c11018f40_a2ec8adac7,evaluation,400,400,1,1,9,2,54,26,,0,210,400,0.525,True,step_limit,a099111c44c97722641db6dbf17d23461bfa2a050819ea1babcc3fd27a3510ae,32,43,20,234,45,26,0,1.6140937805175781,5.862271785736082,9.382486343383789,,,,,,,,,,,,,,,,29100028,39100028,A,r4,classic,0.1111111111111111
1,1,_run_plan_8c11018f40_a2ec8adac7,evaluation,400,400,2,2,9,2,39,53,,0,40,400,0.1,True,step_limit,ca60b95e703a8b88dc72bf5a43de6ecd3386629d7ce5e1a76065891b263028f0,70,90,66,74,44,56,0,2.3818016052246094,6.046891212463379,7.7915191650390625,,,,,,,,,,,,,,,,29100029,39100029,A,r4,classic,0.2222222222222222
1,1,_run_plan_8c11018f40_a2ec8adac7,evaluation,400,400,5,5,9,5,51,54,,0,22,400,0.055,True,step_limit,a7e8148ba8e0daaae9eded59df0f4550fe5297143befea578c948e93b62c2f4a,74,89,75,59,48,55,0,3.36301326751709,8.242750167846678,9.493827819824219,,,,,,,,,,,,,,,,29100030,39100030,A,r4,classic,0.5555555555555556
1,1,_run_plan_8c11018f40_a2ec8adac7,evaluation,400,400,5,5,9,5,97,52,,0,18,400,0.045,True,step_limit,6d4de1c9eb497b318e306bb60f6a3b224e0f9c87d1c6a9bf39fe6260c99e97df,54,95,54,75,66,56,0,2.743363380432129,8.917880058288572,11.435508728027344,,,,,,,,,,,,,,,,29100031,39100031,A,r4,classic,0.5555555555555556
1,1,_run_plan_8c11018f40_a2ec8adac7,evaluation,400,400,4,4,9,4,47,54,,0,39,400,0.0975,True,step_limit,d6c0f8d93efbcf198ee47d7b24d31877c9c0f989321f6aacd8be9f7eedd717b7,68,97,52,68,60,55,0,2.7322769165039062,6.481480598449706,8.164405822753906,,,,,,,,,,,,,,,,29100032,39100032,A,r4,classic,0.4444444444444444
1,1,_run_plan_8c11018f40_a2ec8adac7,evaluation,400,400,4,4,9,4,47,55,,0,46,400,0.115,True,step_limit,c49a1334b10da2b241b95673d6728bbb5983091d572fe15fc4922139e84f0e68,72,89,56,59,62,62,0,2.857327461242676,6.248986721038816,8.205413818359375,,,,,,,,,,,,,,,,29100033,39100033,A,r4,classic,0.4444444444444444
1,1,_run_plan_8c11018f40_a2ec8adac7,evaluation,400,400,6,6,9,6,58,51,,0,15,400,0.0375,True,step_limit,7eda26d89b61b69eca2a7ec4d92084d2ab5495f0bf6e48cdcc3cd5037e06717e,71,82,48,82,66,51,0,3.429293632507324,8.616840839385985,9.926319122314453,,,,,,,,,,,,,,,,29100034,39100034,A,r4,classic,0.6666666666666666
1,1,_run_plan_8c11018f40_a2ec8adac7,evaluation,400,400,0,0,9,2,10,3,,0,382,400,0.955,True,step_limit,8ec66a4f4394b10abb771a88e26bff26812128a80b502cd9e101413ef2244cb7,6,3,2,379,1,9,0,1.5132427215576172,1.6814827919006345,2.5980472564697266,,,,,,,,,,,,,,,,29100035,39100035,A,r4,classic,0.0
1,1,_run_plan_8c11018f40_a2ec8adac7,evaluation,400,400,0,0,9,0,15,57,,0,3,400,0.0075,True,step_limit,1d5a83a633efe23a0e819f95cb009241dadb0894caa5c4975cb81d77ff6a211a,108,59,109,57,10,57,0,1.273036003112793,3.63161563873291,4.580020904541016,,,,,,,,,,,,,,,,29100036,39100036,A,r4,classic,0.0
1,1,_run_plan_8c11018f40_a2ec8adac7,evaluation,400,400,4,4,9,4,54,51,,0,21,400,0.0525,True,step_limit,4603dde57af90e702ffa48323dd41b7ea6e166d17b9226f09e51e3f9c7eec969,71,88,46,85,58,52,0,3.067135810852051,8.221817016601562,11.1541748046875,,,,,,,,,,,,,,,,29100037,39100037,A,r4,classic,0.4444444444444444
1,1,_run_plan_8c11018f40_a2ec8adac7,evaluation,400,400,3,3,9,3,21,50,,0,21,400,0.0525,True,step_limit,e03025b8285cd2581de3d965c51b43e70287543734fe9638d45a1679be7be39b,70,93,52,96,39,50,0,2.6421546936035156,5.626809597015381,6.377458572387695,,,,,,,,,,,,,,,,29100038,39100038,A,r4,classic,0.3333333333333333
1,1,_run_plan_8c11018f40_a2ec8adac7,evaluation,400,400,6,6,9,6,72,50,,0,21,400,0.0525,True,step_limit,6d87c918defa27ae64046882b9778a6a3c996008ca4d895c188c62b69e0073cb,84,74,61,61,63,57,0,2.2575855255126953,5.682885646820068,8.803606033325195,,,,,,,,,,,,,,,,29100039,39100039,A,r4,classic,0.6666666666666666
1,1,_run_plan_8c11018f40_a2ec8adac7,evaluation,400,400,5,5,9,5,65,52,,0,24,400,0.06,True,step_limit,4bbb260e1f1dab5a2c468fade18845930f8811b0b7685714b312eddc66bf3ca4,80,73,59,67,65,56,0,2.9408931732177734,7.120692729949951,9.690284729003906,,,,,,,,,,,,,,,,29100040,39100040,A,r4,classic,0.5555555555555556
1,1,_run_plan_8c11018f40_a2ec8adac7,evaluation,400,400,24,24,50,0,0,1,,0,0,400,0.0,True,step_limit,30aa9ceba19728f4360674cb6557abd369997686ff189c63784ce69ecd6b8640,6,191,18,184,0,1,0,7.266998291015625,10.876357555389404,12.489795684814453,,,,,,,,,,,,,,,,29100101,39100101,A,r4,coin-heaven,0.48
1,1,_run_plan_8c11018f40_a2ec8adac7,evaluation,400,400,1,1,50,0,0,0,,0,399,400,0.9975,True,step_limit,a1cf38ac769150887a263f8942c964a9605f12dbed928fb646ff18b3470c749b,0,0,1,399,0,0,0,3.481149673461914,3.7711262702941895,4.4384002685546875,,,,,,,,,,,,,,,,29100102,39100102,A,r4,coin-heaven,0.02
1,1,_run_plan_8c11018f40_a2ec8adac7,evaluation,400,400,28,28,50,0,0,1,,0,0,400,0.0,True,step_limit,92a5f3e4cb88c98537f4456bc210a66016bff1b740ccb819e7658e931921f3ba,14,15,15,11,344,1,0,5.291581153869629,7.808208465576165,12.737274169921875,,,,,,,,,,,,,,,,29100103,39100103,A,r4,coin-heaven,0.56
1,1,_run_plan_8c11018f40_a2ec8adac7,evaluation,400,400,4,4,50,0,0,0,,0,395,400,0.9875,True,step_limit,578b65afe806db5fb42f3055157855b002e084cf571fb2a15f88a7a6d03bd411,0,0,399,1,0,0,0,5.282402038574219,5.974793434143066,6.65736198425293,,,,,,,,,,,,,,,,29100104,39100104,A,r4,coin-heaven,0.08
1,1,_run_plan_8c11018f40_a2ec8adac7,evaluation,400,400,7,7,50,0,0,0,,0,387,400,0.9675,True,step_limit,003757be73d01f40a43685b6b53cdd99d22fdb53f740f931dc0ccee42b946424,7,1,0,392,0,0,0,7.316350936889648,8.173561096191404,11.849641799926758,,,,,,,,,,,,,,,,29100105,39100105,A,r4,coin-heaven,0.14
1,1,_run_plan_8c11018f40_a2ec8adac7,evaluation,400,400,12,12,50,0,0,1,,0,1,400,0.0025,True,step_limit,9a329aec99cca95055da38f74d9088314348e00c6ef08d493c7bd3c2a511f663,0,193,14,192,0,1,0,3.450751304626465,4.468262195587153,10.194063186645508,,,,,,,,,,,,,,,,29100106,39100106,A,r4,coin-heaven,0.24
1,1,_run_plan_8c11018f40_a2ec8adac7,evaluation,400,400,1,1,50,0,0,0,,0,0,400,0.0,True,step_limit,d816b0c8441e2537ca716fb71ede28c064bbeb079bb71430d407678cc0707fc0,0,1,0,1,398,0,0,3.325819969177246,3.6757469177246094,4.288911819458008,,,,,,,,,,,,,,,,29100107,39100107,A,r4,coin-heaven,0.02
1,1,_run_plan_8c11018f40_a2ec8adac7,evaluation,400,400,17,17,50,0,0,1,,0,372,400,0.93,True,step_limit,5659f05b18aa8d76dd57d34b0d64f7bb01ec9aec3f8b9bf8a15ef9cff37a6b42,11,9,375,4,0,1,0,7.38370418548584,8.495700359344482,12.84337043762207,,,,,,,,,,,,,,,,29100108,39100108,A,r4,coin-heaven,0.34
1,1,_run_plan_8c11018f40_a2ec8adac7,evaluation,400,400,20,20,50,0,0,0,,0,0,400,0.0,True,step_limit,38919127416ae6ea580d774f209f0a62c5bfd87565235b567aabcd4ce8da8445,14,188,14,184,0,0,0,6.5010786056518555,7.926559448242184,13.3514404296875,,,,,,,,,,,,,,,,29100109,39100109,A,r4,coin-heaven,0.4
1,1,_run_plan_8c11018f40_a2ec8adac7,evaluation,400,400,13,13,50,0,0,0,,0,381,400,0.9525,True,step_limit,c6eef6acfc8e2d784a09553ac440c8c368334136da9ed0e85bedf30ee74fdaaa,5,1,0,394,0,0,0,6.220102310180664,6.930696964263914,11.437416076660156,,,,,,,,,,,,,,,,29100110,39100110,A,r4,coin-heaven,0.26
1,1,_run_plan_8c11018f40_a2ec8adac7,evaluation,400,400,9,9,50,0,0,1,,0,388,400,0.97,True,step_limit,df6bf8a8cc6a63476f6c453b442cb5e6adc3c4bdb034964963520591448afeeb,4,0,2,393,0,1,0,6.847858428955078,7.956242561340332,13.066291809082031,,,,,,,,,,,,,,,,29100111,39100111,A,r4,coin-heaven,0.18
1,1,_run_plan_8c11018f40_a2ec8adac7,evaluation,400,400,3,3,50,0,0,0,,0,395,400,0.9875,True,step_limit,48ced81fa638fdaa586153e1a9530c2181935c88f08d47d4eb209f7b73797079,3,2,0,395,0,0,0,5.710244178771973,6.1876535415649405,9.099960327148438,,,,,,,,,,,,,,,,29100112,39100112,A,r4,coin-heaven,0.06
1,1,_run_plan_8c11018f40_a2ec8adac7,evaluation,400,400,10,10,50,0,0,1,,0,379,400,0.9475,True,step_limit,65338c9959b23c067819762051b51d59d87713afbd04984033ef06a1b0684ec4,1,3,13,382,0,1,0,5.350470542907715,6.199204921722411,10.383844375610352,,,,,,,,,,,,,,,,29100113,39100113,A,r4,coin-heaven,0.2
1,1,_run_plan_8c11018f40_a2ec8adac7,evaluation,400,400,18,18,50,0,0,1,,0,2,400,0.005,True,step_limit,bbbc648c3ec3e6c626d67901598f2d9d7e599dfff1f8537612962698eb577a0b,16,195,4,183,1,1,0,5.243659019470215,7.1099877357482875,13.458251953125,,,,,,,,,,,,,,,,29100114,39100114,A,r4,coin-heaven,0.36
1,1,_run_plan_8c11018f40_a2ec8adac7,evaluation,400,400,1,1,50,0,0,0,,0,0,400,0.0,True,step_limit,f6c071d6b038f169dfc274e55038d714b9cf7a29fd3d93c671e75e5559872142,0,201,0,199,0,0,0,4.24802303314209,5.56793212890625,6.621122360229492,,,,,,,,,,,,,,,,29100115,39100115,A,r4,coin-heaven,0.02
1,1,_run_plan_8c11018f40_a2ec8adac7,evaluation,400,400,17,17,50,0,0,1,,0,370,400,0.925,True,step_limit,7904360604b450f612253c6bd1c6e7980d78d3e1a138e3376b46ba5d51ca7573,4,9,374,12,0,1,0,4.254341125488281,5.475258827209461,11.759757995605469,,,,,,,,,,,,,,,,29100116,39100116,A,r4,coin-heaven,0.34
1,1,_run_plan_8c11018f40_a2ec8adac7,evaluation,400,400,2,2,50,0,0,0,,0,396,400,0.99,True,step_limit,00ed1b35ea93ab82c0e8c18edd92ec51c3467861a65398563765553b9a0d916b,0,0,4,396,0,0,0,6.079435348510742,6.734359264373778,12.017488479614258,,,,,,,,,,,,,,,,29100117,39100117,A,r4,coin-heaven,0.04
1,1,_run_plan_8c11018f40_a2ec8adac7,evaluation,400,400,7,7,50,0,0,0,,0,387,400,0.9675,True,step_limit,7b98256e370641153b31da3313dbdb2841b6a51abafdbb8f2f512a03e7315c81,0,10,389,1,0,0,0,6.261229515075684,6.832277774810791,10.324716567993164,,,,,,,,,,,,,,,,29100118,39100118,A,r4,coin-heaven,0.14
1,1,_run_plan_8c11018f40_a2ec8adac7,evaluation,400,400,1,1,50,0,0,0,,0,0,400,0.0,True,step_limit,efaf3dbf2c265ca2ec6a44795c258081074cecf23349b958fccf027a77d3a29f,0,1,1,1,397,0,0,3.4939050674438477,4.014217853546143,4.548072814941406,,,,,,,,,,,,,,,,29100119,39100119,A,r4,coin-heaven,0.02
1,1,_run_plan_8c11018f40_a2ec8adac7,evaluation,400,400,8,8,50,0,0,2,,0,380,400,0.95,True,step_limit,4b645fc7bb1bbd93fec638a2da0c35c8cd8b7cd7ca2a574d2295d6f1d2fbe204,1,4,8,384,1,2,0,6.437540054321289,7.044553756713867,10.047197341918945,,,,,,,,,,,,,,,,29100120,39100120,A,r4,coin-heaven,0.16
1,1,_run_plan_8c11018f40_a2ec8adac7,evaluation,400,400,0,0,50,0,0,0,,0,399,400,0.9975,True,step_limit,d23d6a7d00d5cb816c05d255a5fd7aa3e5f54b0b655eb1a0282a10f75c353864,0,0,399,1,0,0,0,3.522038459777832,4.065132141113281,4.396915435791016,,,,,,,,,,,,,,,,29100121,39100121,A,r4,coin-heaven,0.0
1,1,_run_plan_8c11018f40_a2ec8adac7,evaluation,400,400,31,31,50,0,0,0,,0,339,400,0.8475,True,step_limit,58b7d512e46a9c4f19ef7390f098b2711e58572a9af2d1412562fb91782bc8ac,21,21,8,350,0,0,0,5.29634952545166,6.762528419494624,11.754989624023438,,,,,,,,,,,,,,,,29100122,39100122,A,r4,coin-heaven,0.62
1,1,_run_plan_8c11018f40_a2ec8adac7,evaluation,400,400,1,1,50,0,0,1,,0,396,400,0.99,True,step_limit,932d4707e96a4aaf5ea6dc0c8ffe51bdbfd7ea91bc1d71ef58f32947619a497a,0,0,1,398,0,1,0,4.658222198486328,5.263125896453857,10.155439376831055,,,,,,,,,,,,,,,,29100123,39100123,A,r4,coin-heaven,0.02
1,1,_run_plan_8c11018f40_a2ec8adac7,evaluation,400,400,4,4,50,0,0,0,,0,0,400,0.0,True,step_limit,8480d674f748b602d269965705ddd58a97a437225a296d39872a1fb23c598ce6,3,199,1,197,0,0,0,5.371809005737305,8.664190769195557,9.87386703491211,,,,,,,,,,,,,,,,29100124,39100124,A,r4,coin-heaven,0.08
1,1,_run_plan_8c11018f40_a2ec8adac7,evaluation,400,400,0,0,50,0,0,0,,0,399,400,0.9975,True,step_limit,d23d6a7d00d5cb816c05d255a5fd7aa3e5f54b0b655eb1a0282a10f75c353864,0,0,399,1,0,0,0,3.497481346130371,3.802728652954101,4.513263702392578,,,,,,,,,,,,,,,,29100125,39100125,A,r4,coin-heaven,0.0
1,1,_run_plan_8c11018f40_a2ec8adac7,evaluation,400,400,3,3,50,0,0,0,,0,0,400,0.0,True,step_limit,63ed1854ea9cb2e178e6f299327bf764671433e29f96d83e0f9ff40750c5e617,3,2,0,2,393,0,0,4.269123077392578,4.700803756713867,9.737968444824219,,,,,,,,,,,,,,,,29100126,39100126,A,r4,coin-heaven,0.06
1,1,_run_plan_8c11018f40_a2ec8adac7,evaluation,400,400,1,1,50,0,0,1,,0,395,400,0.9875,True,step_limit,02dbc57b6bf0b9ba599804d659e8633bbce55ff979c12cc266d9050a71f950b5,1,0,394,3,1,1,0,3.5039186477661133,3.77352237701416,4.823207855224609,,,,,,,,,,,,,,,,29100127,39100127,A,r4,coin-heaven,0.02
1,1,_run_plan_8c11018f40_a2ec8adac7,evaluation,400,400,5,5,50,0,0,0,,0,392,400,0.98,True,step_limit,6f45a30046659337d51b421e7aef794612b27cb42f4c30f6ee22263032343322,0,0,8,392,0,0,0,6.450533866882324,6.869125366210933,7.88426399230957,,,,,,,,,,,,,,,,29100128,39100128,A,r4,coin-heaven,0.1
1,1,_run_plan_8c11018f40_a2ec8adac7,evaluation,400,400,18,18,50,0,0,0,,0,0,400,0.0,True,step_limit,5003c6f47bba37b7b1322b1fa63ac6cc93d671861c39fc357aed0817baedee3e,10,191,0,199,0,0,0,8.288860321044922,12.40870952606201,17.957210540771484,,,,,,,,,,,,,,,,29100129,39100129,A,r4,coin-heaven,0.36
1,1,_run_plan_8c11018f40_a2ec8adac7,evaluation,400,400,8,8,50,0,0,0,,0,385,400,0.9625,True,step_limit,fd3b36d6c7add3546b85aefb0615e0ab8584c31459e7f2946f1292992a7b4a29,4,6,389,1,0,0,0,4.642248153686523,5.347704887390132,10.289669036865234,,,,,,,,,,,,,,,,29100130,39100130,A,r4,coin-heaven,0.16
1,1,_run_plan_8c11018f40_a2ec8adac7,evaluation,400,400,6,6,50,0,0,1,,0,384,400,0.96,True,step_limit,23ab58a16c0d159ae7b5c34f8c39ec61986c57fc9a5ab5fd1cc19b936867369e,2,0,1,396,0,1,0,4.6759843826293945,5.479621887207031,10.553598403930664,,,,,,,,,,,,,,,,29100131,39100131,A,r4,coin-heaven,0.12
1,1,_run_plan_8c11018f40_a2ec8adac7,evaluation,400,400,15,15,50,0,0,1,,0,369,400,0.9225,True,step_limit,493cb39681b039fadfc7f530b66aa2c6e03d94c89eab4790e8626ec86c2dbe70,9,1,6,383,0,1,0,6.137490272521973,7.108557224273682,12.938499450683594,,,,,,,,,,,,,,,,29100132,39100132,A,r4,coin-heaven,0.3
1,1,_run_plan_8c11018f40_a2ec8adac7,evaluation,400,400,17,17,50,0,0,0,,0,367,400,0.9175,True,step_limit,bc682d4612fe3eac4f7d4cb8f6613866a1967a07b75574958ea0b77a3e5d2917,13,6,378,3,0,0,0,5.675792694091797,6.6206812858581525,11.644363403320312,,,,,,,,,,,,,,,,29100133,39100133,A,r4,coin-heaven,0.34
1,1,_run_plan_8c11018f40_a2ec8adac7,evaluation,400,400,12,12,50,0,0,1,,0,376,400,0.94,True,step_limit,71f4aa6336a9df27a110b74400941500a2c61c8bf94ffca1257fd835f93e1264,9,4,0,386,0,1,0,7.461309432983398,8.641445636749264,12.416839599609375,,,,,,,,,,,,,,,,29100134,39100134,A,r4,coin-heaven,0.24
1,1,_run_plan_8c11018f40_a2ec8adac7,evaluation,400,400,15,15,50,0,0,1,,0,368,400,0.92,True,step_limit,0a12fd49e74ecda636da062d9ede65c212ac47a3fef3bd93b8dbc56852a9dbe8,10,5,370,14,0,1,0,7.625341415405273,8.662700653076172,13.50092887878418,,,,,,,,,,,,,,,,29100135,39100135,A,r4,coin-heaven,0.3
1,1,_run_plan_8c11018f40_a2ec8adac7,evaluation,400,400,16,16,50,0,0,2,,0,363,400,0.9075,True,step_limit,34875835da5c5f0e5e7aac16e353988de1465f673651d485d93ce2feac5eac76,6,5,367,20,0,2,0,3.5306215286254883,5.60255050659179,11.59811019897461,,,,,,,,,,,,,,,,29100136,39100136,A,r4,coin-heaven,0.32
1,1,_run_plan_8c11018f40_a2ec8adac7,evaluation,400,400,4,4,50,0,0,0,,0,1,400,0.0025,True,step_limit,d322312c7c97e510de1519ee48bf9671a4a40717b5427e18a17ad66fe150fba4,2,195,1,202,0,0,0,7.531404495239258,10.821664333343502,12.087345123291016,,,,,,,,,,,,,,,,29100137,39100137,A,r4,coin-heaven,0.08
1,1,_run_plan_8c11018f40_a2ec8adac7,evaluation,400,400,5,5,50,0,0,0,,0,391,400,0.9775,True,step_limit,fa0717884b1acba320ad6aeba9730c04d56744d5c704827f9470df725cdcbed3,4,3,391,2,0,0,0,5.30552864074707,6.01954460144043,9.502887725830078,,,,,,,,,,,,,,,,29100138,39100138,A,r4,coin-heaven,0.1
1,1,_run_plan_8c11018f40_a2ec8adac7,evaluation,400,400,9,9,50,0,0,1,,0,382,400,0.955,True,step_limit,af4934bc0d0a7aa9c04dd4cb304372b22ca57bb614ee314c88f0bc958f5b990f,3,0,6,388,2,1,0,6.863832473754883,7.8694820404052725,11.622428894042969,,,,,,,,,,,,,,,,29100139,39100139,A,r4,coin-heaven,0.18
1,1,_run_plan_8c11018f40_a2ec8adac7,evaluation,400,400,11,11,50,0,0,0,,0,1,400,0.0025,True,step_limit,d639fb01fc38c7a9679efb1b3e86e3a053209ac9a9e1728fdc362469a93aef3f,10,194,1,195,0,0,0,6.129980087280273,6.5682291984558105,10.60628890991211,,,,,,,,,,,,,,,,29100140,39100140,A,r4,coin-heaven,0.22
1,1,_run_plan_8c11018f40_a2ec8adac7,evaluation,29,29,2,2,50,3,10,4,,1,2,29,0.06896551724137931,False,killed,51b251fab8dda08260145669e45f654f49182051e1467c0b831e90e44861e6f4,6,5,5,3,4,6,0,1.1544227600097656,2.531862258911133,2.804279327392578,,,,,,,,,,,,,,,,29100201,39100201,A,r4,loot-crate,0.04
1,1,_run_plan_8c11018f40_a2ec8adac7,evaluation,400,400,5,5,50,6,22,12,,0,8,400,0.02,True,step_limit,8992ba145df642cbb96dee6bab26f1ad05600c004dfe7e470abfed5f55ae04da,16,15,9,25,320,15,0,2.644062042236328,3.5065412521362305,5.707263946533203,,,,,,,,,,,,,,,,29100202,39100202,A,r4,loot-crate,0.1
1,1,_run_plan_8c11018f40_a2ec8adac7,evaluation,400,400,27,27,50,28,80,29,,0,11,400,0.0275,True,step_limit,7f770388ba16f6104b965229d5cc151e2a085e099014c6fc2b1fbb17de98fed0,57,54,44,45,163,37,0,3.8465261459350586,5.873477458953854,8.926630020141602,,,,,,,,,,,,,,,,29100203,39100203,A,r4,loot-crate,0.54
1,1,_run_plan_8c11018f40_a2ec8adac7,evaluation,400,400,39,39,50,39,91,48,,0,28,400,0.07,True,step_limit,0a620049723527a55c3dd71b35e2d9a0666fd82dc4dd5bf646bb250e0554e468,62,90,50,93,48,57,0,3.0089616775512695,6.791710853576654,9.775161743164062,,,,,,,,,,,,,,,,29100204,39100204,A,r4,loot-crate,0.78
1,1,_run_plan_8c11018f40_a2ec8adac7,evaluation,400,400,1,1,50,2,6,2,,0,1,400,0.0025,True,step_limit,b5f5e7bf0f7a7321b6b891020abc277adb44e6a03923149b71e6b57d2855dd69,3,3,2,3,386,3,0,1.6368627548217773,1.7865061759948728,2.0775794982910156,,,,,,,,,,,,,,,,29100205,39100205,A,r4,loot-crate,0.02
1,1,_run_plan_8c11018f40_a2ec8adac7,evaluation,400,400,2,2,50,7,9,2,,0,0,400,0.0,True,step_limit,19e6b401ae1454734e441be7022fb6297a5da6daa3fc344d4574f8254ee20660,2,5,1,5,385,2,0,1.058340072631836,1.2135863304138184,1.5549659729003906,,,,,,,,,,,,,,,,29100206,39100206,A,r4,loot-crate,0.04
1,1,_run_plan_8c11018f40_a2ec8adac7,evaluation,400,400,24,24,50,24,61,46,,0,18,400,0.045,True,step_limit,1cb4bacce303b0ec259e9cef5fbf0216645f85cca5d75ecd2fde38213ec85680,72,77,64,86,52,49,0,3.481149673461914,8.702147006988525,10.109663009643555,,,,,,,,,,,,,,,,29100207,39100207,A,r4,loot-crate,0.48
1,1,_run_plan_8c11018f40_a2ec8adac7,evaluation,400,400,8,8,50,10,20,8,,0,1,400,0.0025,True,step_limit,6beb9d18a1519f3984b036f0b04d26c13b7056287602d5b3d4e7a319b7b85464,9,17,10,15,340,9,0,3.142714500427246,3.64997386932373,4.325628280639648,,,,,,,,,,,,,,,,29100208,39100208,A,r4,loot-crate,0.16
1,1,_run_plan_8c11018f40_a2ec8adac7,evaluation,38,38,1,1,50,3,10,5,,1,2,38,0.05263157894736842,False,killed,1954c4dad9b72fb701b6876ef0a6c2efe78ab4cea1e11d214b946482bd7b86c2,5,5,8,7,8,5,0,0.9239912033081055,2.075326442718506,2.220630645751953,,,,,,,,,,,,,,,,29100209,39100209,A,r4,loot-crate,0.02
1,1,_run_plan_8c11018f40_a2ec8adac7,evaluation,400,400,14,14,50,18,55,19,,0,9,400,0.0225,True,step_limit,c5f6cfd358878f0231441bb816367f3b0e8bc7a7bb264f3730cd40136652f44d,23,37,27,29,261,23,0,5.240797996520996,5.661678314208984,8.671283721923828,,,,,,,,,,,,,,,,29100210,39100210,A,r4,loot-crate,0.28
1,1,_run_plan_8c11018f40_a2ec8adac7,evaluation,400,400,3,3,50,6,15,8,,0,2,400,0.005,True,step_limit,9ddcf66d3376014a206ddf7a8cd30281751dea2cef8c0cca91e8a84ef24e98de,10,8,11,11,351,9,0,2.780318260192871,3.0865907669067383,5.738735198974609,,,,,,,,,,,,,,,,29100211,39100211,A,r4,loot-crate,0.06
1,1,_run_plan_8c11018f40_a2ec8adac7,evaluation,400,400,5,5,50,6,16,5,,0,1,400,0.0025,True,step_limit,bf6154649d6215d89f06d09f916569eda06dc7df5ea9d8527f15b0b3187dd179,9,10,4,6,365,6,0,2.2205114364624023,2.6247620582580566,6.318330764770508,,,,,,,,,,,,,,,,29100212,39100212,A,r4,loot-crate,0.1
1,1,_run_plan_8c11018f40_a2ec8adac7,evaluation,400,400,18,18,50,19,60,26,,0,15,400,0.0375,True,step_limit,be9ac82c6ebddc0e2ed85a447850794ed91c794b9c74808c7c84d5eff2dfea4b,49,41,45,47,184,34,0,4.457712173461914,5.877721309661865,9.6588134765625,,,,,,,,,,,,,,,,29100213,39100213,A,r4,loot-crate,0.36
1,1,_run_plan_8c11018f40_a2ec8adac7,evaluation,400,400,4,4,50,6,9,3,,0,1,400,0.0025,True,step_limit,71bc3c644761a91c61a4b1b39b22f07a994c0ffad59e0135e1e5d62c4438f90a,5,12,2,8,369,4,0,2.228975296020508,2.403032779693603,3.473520278930664,,,,,,,,,,,,,,,,29100214,39100214,A,r4,loot-crate,0.08
1,1,_run_plan_8c11018f40_a2ec8adac7,evaluation,400,400,22,22,50,23,50,16,,0,7,400,0.0175,True,step_limit,7728063c298a73662f86f1a1e048d8155bc513f23a2f69433eb41b0b12da5cf2,18,43,29,34,255,21,0,2.746105194091797,3.4169077873229954,6.512165069580078,,,,,,,,,,,,,,,,29100215,39100215,A,r4,loot-crate,0.44
1,1,_run_plan_8c11018f40_a2ec8adac7,evaluation,39,39,1,1,50,2,14,5,,1,2,39,0.05128205128205128,False,killed,0f952f20e4f0f87ff2ab41d2f5ab352008965a16f0ccc907afeaba281428eb45,5,8,5,10,6,5,0,1.2240409851074219,2.1613359451293945,2.3627281188964844,,,,,,,,,,,,,,,,29100216,39100216,A,r4,loot-crate,0.02
1,1,_run_plan_8c11018f40_a2ec8adac7,evaluation,400,400,8,8,50,9,23,10,,0,4,400,0.01,True,step_limit,c1759b6898aae4c4b0846791e9bfb9a649e2482be8c65a48b5c7781f0aa0974f,21,13,16,9,329,12,0,3.292083740234375,3.8238644599914537,5.660772323608398,,,,,,,,,,,,,,,,29100217,39100217,A,r4,loot-crate,0.16
1,1,_run_plan_8c11018f40_a2ec8adac7,evaluation,155,155,13,13,50,17,42,18,,1,15,155,0.0967741935483871,False,killed,dda71456d674b4cae8bbe3815f737f7774d4e488d7587b55b688b8003af53a76,29,26,29,34,12,25,0,2.1064281463623047,5.248570442199706,7.764101028442383,,,,,,,,,,,,,,,,29100218,39100218,A,r4,loot-crate,0.26
1,1,_run_plan_8c11018f40_a2ec8adac7,evaluation,400,400,9,9,50,11,32,12,,0,6,400,0.015,True,step_limit,20dac6860307fb6c1db53bc9e527a5ccbada15567296f438b6507a34f601777a,15,15,21,23,312,14,0,3.8443803787231445,4.166185855865477,6.800413131713867,,,,,,,,,,,,,,,,29100219,39100219,A,r4,loot-crate,0.18
1,1,_run_plan_8c11018f40_a2ec8adac7,evaluation,400,400,6,6,50,7,14,8,,0,4,400,0.01,True,step_limit,fd5630e67791ac7ad21f62912464182feaf59395194b2a5cc6304734e17a69e5,15,10,11,8,345,11,0,2.858400344848633,3.0689835548400874,3.7789344787597656,,,,,,,,,,,,,,,,29100220,39100220,A,r4,loot-crate,0.12
1,1,_run_plan_8c11018f40_a2ec8adac7,evaluation,400,400,17,17,50,20,57,25,,0,197,400,0.4925,True,step_limit,470b0d4fe848e37543445fab2a394eac1f8c68c598f13506988821c3cb63d9aa,33,37,42,219,32,37,0,4.347681999206543,5.289232730865478,8.767127990722656,,,,,,,,,,,,,,,,29100221,39100221,A,r4,loot-crate,0.34
1,1,_run_plan_8c11018f40_a2ec8adac7,evaluation,400,400,0,0,50,1,5,2,,0,3,400,0.0075,True,step_limit,f213c3396c365d84b0e84c45b8d7b5e9ff5d503d14e5bf311ae3ac04d36dc165,3,1,2,1,388,5,0,1.8308162689208984,1.9787192344665523,2.499103546142578,,,,,,,,,,,,,,,,29100222,39100222,A,r4,loot-crate,0.0
1,1,_run_plan_8c11018f40_a2ec8adac7,evaluation,400,400,3,3,50,5,12,5,,0,0,400,0.0,True,step_limit,2da31df9661d771be7cdee6018120735a9794d817917cc629025b65b1022fc81,4,7,7,11,366,5,0,2.5663375854492188,2.973949909210205,3.4761428833007812,,,,,,,,,,,,,,,,29100223,39100223,A,r4,loot-crate,0.06
1,1,_run_plan_8c11018f40_a2ec8adac7,evaluation,400,400,15,15,50,15,38,52,,0,39,400,0.0975,True,step_limit,a9d73cc39d5209794a0775504ee13b28e61364e2f901d0f9b8b662dd055d8ff7,72,93,55,63,63,54,0,3.3159255981445312,7.4103713035583345,9.311914443969727,,,,,,,,,,,,,,,,29100224,39100224,A,r4,loot-crate,0.3
1,1,_run_plan_8c11018f40_a2ec8adac7,evaluation,25,25,2,2,50,5,10,3,,1,0,25,0.0,False,killed,88bffc3e977b7b7a4bfd954b19ae21cc8257ccd5a5f6b567310914a5c9f6a9ee,5,2,6,2,7,3,0,0.926971435546875,1.7547130584716797,1.7850399017333984,,,,,,,,,,,,,,,,29100225,39100225,A,r4,loot-crate,0.04
1,1,_run_plan_8c11018f40_a2ec8adac7,evaluation,207,207,14,14,50,16,48,25,,1,19,207,0.09178743961352658,False,killed,a615384d8b75c07a2a02a96692da0fe17b5127e87e411ad6b738f5dc08d90142,41,35,33,43,23,32,0,1.931905746459961,5.547547340393061,8.232831954956055,,,,,,,,,,,,,,,,29100226,39100226,A,r4,loot-crate,0.28
1,1,_run_plan_8c11018f40_a2ec8adac7,evaluation,400,400,5,5,50,6,21,8,,0,3,400,0.0075,True,step_limit,7eef8ba0285b3f611341f895896df7726bc17ca6cc6808868a79658c3289db56,9,15,12,12,342,10,0,3.888845443725586,4.46484088897705,6.156682968139648,,,,,,,,,,,,,,,,29100227,39100227,A,r4,loot-crate,0.1
1,1,_run_plan_8c11018f40_a2ec8adac7,evaluation,400,400,31,31,50,31,67,50,,0,29,400,0.0725,True,step_limit,b58450bf8d8906771dc697179bd3972c32596d72cb2665dab90d62bacb0b1da1,57,93,58,69,60,63,0,3.3996105194091797,6.764614582061763,11.050939559936523,,,,,,,,,,,,,,,,29100228,39100228,A,r4,loot-crate,0.62
1,1,_run_plan_8c11018f40_a2ec8adac7,evaluation,400,400,1,1,50,3,9,2,,0,1,400,0.0025,True,step_limit,4ea00e46341060ccb18576220e90f6331c7360cf1aa90d828a952aa5d170b96a,1,5,3,6,383,2,0,1.47247314453125,1.629126071929931,2.177715301513672,,,,,,,,,,,,,,,,29100229,39100229,A,r4,loot-crate,0.02
1,1,_run_plan_8c11018f40_a2ec8adac7,evaluation,400,400,1,1,50,2,9,3,,0,0,400,0.0,True,step_limit,a6eceaeb80b09f34aad7c35fcfb4d2466045859fe5e8508e87c3ee6ef67c7277,188,9,190,5,5,3,0,1.4830827713012695,2.614569664001465,3.2346248626708984,,,,,,,,,,,,,,,,29100230,39100230,A,r4,loot-crate,0.02
1,1,_run_plan_8c11018f40_a2ec8adac7,evaluation,400,400,7,7,50,8,27,8,,0,5,400,0.0125,True,step_limit,90441e0f686071d377194acc24707e9679ee7079a458922f7dd8d7429bc5999d,176,13,172,16,11,12,0,3.5605430603027344,4.018831253051758,4.58216667175293,,,,,,,,,,,,,,,,29100231,39100231,A,r4,loot-crate,0.14
1,1,_run_plan_8c11018f40_a2ec8adac7,evaluation,400,400,27,27,50,28,62,22,,0,12,400,0.03,True,step_limit,01027f1c3ea8b4cea7fcc8e06177792ca5d527623e01992432a70b7614dc27b2,38,36,31,40,225,30,0,5.357623100280762,5.929696559906003,8.68368148803711,,,,,,,,,,,,,,,,29100232,39100232,A,r4,loot-crate,0.54
1,1,_run_plan_8c11018f40_a2ec8adac7,evaluation,400,400,24,24,50,26,56,23,,0,11,400,0.0275,True,step_limit,d011619410197ba77bb92790700914499f6be578246f754b8bb1ad8af17fbd0e,30,35,33,56,221,25,0,1.909494400024414,3.896415233612059,6.844520568847656,,,,,,,,,,,,,,,,29100233,39100233,A,r4,loot-crate,0.48
1,1,_run_plan_8c11018f40_a2ec8adac7,evaluation,400,400,6,6,50,6,13,6,,0,5,400,0.0125,True,step_limit,ddfeb241d1cc13894e22fed88a2354bd694a8a5b4454e4c579df062ddb89ac63,12,183,8,180,8,9,0,2.706766128540039,3.046512603759765,3.655672073364258,,,,,,,,,,,,,,,,29100234,39100234,A,r4,loot-crate,0.12
1,1,_run_plan_8c11018f40_a2ec8adac7,evaluation,400,400,2,2,50,5,8,2,,0,0,400,0.0,True,step_limit,469e92ad406819c9a607e61c2788102042098d298a39516688c6e18671ffa47e,2,5,3,5,383,2,0,1.4787912368774414,1.6013741493225093,1.9674301147460938,,,,,,,,,,,,,,,,29100235,39100235,A,r4,loot-crate,0.04
1,1,_run_plan_8c11018f40_a2ec8adac7,evaluation,400,400,17,17,50,22,58,20,,0,226,400,0.565,True,step_limit,ba0e9950ff82b4661fc743f1aae84376f07708e906a97c48576ff285336c3e3f,28,41,33,253,23,22,0,2.0824670791625977,3.960192203521724,6.806135177612305,,,,,,,,,,,,,,,,29100236,39100236,A,r4,loot-crate,0.34
1,1,_run_plan_8c11018f40_a2ec8adac7,evaluation,400,400,1,1,50,3,10,4,,0,0,400,0.0,True,step_limit,98d11b48d0a88fc5a494debcd26a573eaf2f15fa3d01a2876b6f3b555b5f295f,2,8,4,8,374,4,0,1.7130374908447266,1.8171310424804685,2.312183380126953,,,,,,,,,,,,,,,,29100237,39100237,A,r4,loot-crate,0.02
1,1,_run_plan_8c11018f40_a2ec8adac7,evaluation,29,29,2,2,50,3,10,4,,1,1,29,0.034482758620689655,False,killed,d584445a32d3da587e80cc1275006ee2bf1836a8c11e3f83157c3319a28818a2,5,5,5,4,6,4,0,0.946044921875,2.063179016113281,2.772092819213867,,,,,,,,,,,,,,,,29100238,39100238,A,r4,loot-crate,0.04
1,1,_run_plan_8c11018f40_a2ec8adac7,evaluation,400,400,5,5,50,7,16,5,,0,3,400,0.0075,True,step_limit,e540bedd7a4209af3388396feb1f77dacd96cef5b3cb824c73e6a4bd0e919c66,12,10,4,8,358,8,0,2.18355655670166,2.4841547012329097,4.401445388793945,,,,,,,,,,,,,,,,29100239,39100239,A,r4,loot-crate,0.1
1,1,_run_plan_8c11018f40_a2ec8adac7,evaluation,400,400,33,33,50,34,83,39,,0,23,400,0.0575,True,step_limit,c1f07551fe06c50b0e9306c27df5468606daee76170dd3ffe9d3c743e166fe6e,52,72,56,65,100,55,0,2.9587745666503906,6.8070054054260245,9.596824645996094,,,,,,,,,,,,,,,,29100240,39100240,A,r4,loot-crate,0.66
1,1,_run_plan_8c11018f40_5eb242aeb6,evaluation,400,400,0,0,9,2,12,4,,0,371,400,0.9275,True,step_limit,0cb3d853be4ce35d5a9cfac3edfea80d8b16db8524e50bc3d188fa06c2389a65,375,4,4,4,9,4,0,2.471446990966797,2.814638614654541,3.454446792602539,,,,,,,,,,,,,,,,29100001,39100001,A,r5,classic,0.0
1,1,_run_plan_8c11018f40_5eb242aeb6,evaluation,400,400,2,2,9,3,36,16,,0,8,400,0.02,True,step_limit,9673a9aa3e0fb3132d0bbc8b79f6141bb26ca186276fc21ba9561a99ae351303,25,159,18,159,21,18,0,4.188418388366699,6.282949447631835,7.613182067871094,,,,,,,,,,,,,,,,29100002,39100002,A,r5,classic,0.2222222222222222
1,1,_run_plan_8c11018f40_5eb242aeb6,evaluation,400,400,6,6,9,6,80,49,,0,12,400,0.03,True,step_limit,95813e1ec1ad74a2afd854e6eea7f6ead807e428f691d58340d4a9a61d0c3006,73,56,58,71,83,59,0,2.646923065185547,5.5056095123291,9.123086929321289,,,,,,,,,,,,,,,,29100003,39100003,A,r5,classic,0.6666666666666666
1,1,_run_plan_8c11018f40_5eb242aeb6,evaluation,150,150,2,2,9,3,39,20,,1,3,150,0.02,False,killed,b8999b6622a62f7a35aad414a7747e62973fbaad78016c8bfed8ec31486b15f9,30,24,15,26,35,20,0,1.904129981994629,5.002987384796138,7.384538650512695,,,,,,,,,,,,,,,,29100004,39100004,A,r5,classic,0.2222222222222222
1,1,_run_plan_8c11018f40_5eb242aeb6,evaluation,400,400,1,1,9,1,22,47,,0,5,400,0.0125,True,step_limit,889786acdb41f65eefaf517f6dafb420da404380311f92014bcfd1267e1e176e,90,43,86,47,86,48,0,2.843022346496582,4.877054691314697,5.703449249267578,,,,,,,,,,,,,,,,29100005,39100005,A,r5,classic,0.1111111111111111
1,1,_run_plan_8c11018f40_5eb242aeb6,evaluation,400,400,3,3,9,4,54,17,,0,4,400,0.01,True,step_limit,02fcf467568e8c91525e4b18555afd18943ed0306ce2655886b43a01c5aebada,151,15,158,24,33,19,0,4.725217819213867,5.2017569541931135,8.827686309814453,,,,,,,,,,,,,,,,29100006,39100006,A,r5,classic,0.3333333333333333
1,1,_run_plan_8c11018f40_5eb242aeb6,evaluation,130,130,1,1,9,2,43,18,,1,5,130,0.038461538461538464,False,killed,1758965d06db649feaca07d8f9efbb72f5b601209a3970b6d1053dc8838d000d,21,12,20,21,36,20,0,1.8224716186523438,3.684008121490478,7.8887939453125,,,,,,,,,,,,,,,,29100007,39100007,A,r5,classic,0.1111111111111111
1,1,_run_plan_8c11018f40_5eb242aeb6,evaluation,400,400,0,0,9,1,12,4,,0,371,400,0.9275,True,step_limit,ae7ddf547d240b3bdb268bc1bf1495d612fb23aa14953abdbfce2cbab6b62007,374,4,5,3,10,4,0,2.436995506286621,2.5676250457763667,3.2172203063964844,,,,,,,,,,,,,,,,29100008,39100008,A,r5,classic,0.0
1,1,_run_plan_8c11018f40_5eb242aeb6,evaluation,400,400,0,0,9,0,16,57,,0,25,400,0.0625,True,step_limit,b473b81e69ca39d439490fa6e2022d5fdd0a73ce764935e29ae0097450a47493,58,57,58,56,89,82,0,2.3691654205322266,4.169178009033203,4.824161529541016,,,,,,,,,,,,,,,,29100009,39100009,A,r5,classic,0.0
1,1,_run_plan_8c11018f40_5eb242aeb6,evaluation,119,119,2,2,9,4,37,16,,1,2,119,0.01680672268907563,False,killed,4e2a477eba5140a8335098a9a0f5580fd3b806273c2d70defb352400175ccdb7,17,11,11,26,37,17,0,1.7957687377929688,4.421114921569822,7.256984710693359,,,,,,,,,,,,,,,,29100010,39100010,A,r5,classic,0.2222222222222222
1,1,_run_plan_8c11018f40_5eb242aeb6,evaluation,400,400,1,1,9,1,46,53,,0,16,400,0.04,True,step_limit,65db673a35947fca267be108af820d6a411ce262b6d2f606f1679764649ccb71,70,68,58,68,69,67,0,2.329230308532715,5.226087570190428,7.692098617553711,,,,,,,,,,,,,,,,29100011,39100011,A,r5,classic,0.1111111111111111
1,1,_run_plan_8c11018f40_5eb242aeb6,evaluation,400,400,5,5,9,5,71,48,,0,6,400,0.015,True,step_limit,95e2833f79ee54efe270e532910d15327fff11cf007ba3c89f0fd1c1bdf3cc9d,79,53,66,68,84,50,0,2.3779869079589844,4.689490795135497,7.437705993652344,,,,,,,,,,,,,,,,29100012,39100012,A,r5,classic,0.5555555555555556
1,1,_run_plan_8c11018f40_5eb242aeb6,evaluation,400,400,3,3,9,3,51,48,,0,6,400,0.015,True,step_limit,8d29da550f233830ffe8528033632244aa8dbb7043e6244353a4874e6ca1af00,79,42,74,58,98,49,0,2.715468406677246,5.228698253631592,6.927490234375,,,,,,,,,,,,,,,,29100013,39100013,A,r5,classic,0.3333333333333333
1,1,_run_plan_8c11018f40_5eb242aeb6,evaluation,400,400,2,2,9,2,38,53,,0,19,400,0.0475,True,step_limit,8a4aa01581dad6ee23fe9877812cd3da7a5d4231de3cce1d357b23a5aebbe3b4,72,68,59,69,64,68,0,2.49481201171875,5.420434474945066,7.437467575073242,,,,,,,,,,,,,,,,29100014,39100014,A,r5,classic,0.2222222222222222
1,1,_run_plan_8c11018f40_5eb242aeb6,evaluation,400,400,1,1,9,2,46,20,,0,0,400,0.0,True,step_limit,9e4aeb4c0abe4e34adb09a1909bbd81f6081c01f4f8abf237308d51dc8d5e336,147,23,145,31,34,20,0,4.5871734619140625,8.302843570709225,9.216785430908203,,,,,,,,,,,,,,,,29100015,39100015,A,r5,classic,0.1111111111111111
1,1,_run_plan_8c11018f40_5eb242aeb6,evaluation,400,400,0,0,9,0,28,53,,0,20,400,0.05,True,step_limit,95d76b1faa2461bd197558e28f050398d257dcfc2ca0711a043d22475fb6d25b,71,69,55,68,66,71,0,2.4749040603637695,5.523025989532457,6.168842315673828,,,,,,,,,,,,,,,,29100016,39100016,A,r5,classic,0.0
1,1,_run_plan_8c11018f40_5eb242aeb6,evaluation,400,400,6,6,9,6,64,50,,0,13,400,0.0325,True,step_limit,b8d81e3547b22a40930496cf9fbe2e3acade1b281c7a80fc8bddfecf6c209298,72,69,56,70,76,57,0,2.4803876876831055,5.499005317687979,9.043693542480469,,,,,,,,,,,,,,,,29100017,39100017,A,r5,classic,0.6666666666666666
1,1,_run_plan_8c11018f40_5eb242aeb6,evaluation,400,400,0,0,9,0,24,47,,0,1,400,0.0025,True,step_limit,4ff4fbed2444b8c4c1ab83146cf412c64476931acda71e0fb1bfb664b539b1a6,89,47,84,46,87,47,0,2.920866012573242,4.975390434265137,5.494356155395508,,,,,,,,,,,,,,,,29100018,39100018,A,r5,classic,0.0
1,1,_run_plan_8c11018f40_5eb242aeb6,evaluation,400,400,0,0,9,1,9,3,,0,0,400,0.0,True,step_limit,ff1299e4c5e951a58b0ba9b989d34e4fa1883568d76498440d86c9b3ee1017dc,194,3,192,3,5,3,0,2.1730661392211914,2.511930465698242,2.8028488159179688,,,,,,,,,,,,,,,,29100019,39100019,A,r5,classic,0.0
1,1,_run_plan_8c11018f40_5eb242aeb6,evaluation,400,400,4,4,9,4,37,52,,0,19,400,0.0475,True,step_limit,5595a4fbc659eb4ff8350b5907cd161986515e8483c449af949e88006b9cb39c,74,65,64,64,66,67,0,2.4793148040771484,5.241775512695312,6.494998931884766,,,,,,,,,,,,,,,,29100020,39100020,A,r5,classic,0.4444444444444444
1,1,_run_plan_8c11018f40_5eb242aeb6,evaluation,400,400,0,0,9,0,11,54,,0,25,400,0.0625,True,step_limit,ca42cbb3c30cc5b3ff4000da81514d677a69bb3dd1b294b909b89b515d62cd6d,52,78,54,78,59,79,0,2.058744430541992,4.293537139892577,5.217552185058594,,,,,,,,,,,,,,,,29100021,39100021,A,r5,classic,0.0
1,1,_run_plan_8c11018f40_5eb242aeb6,evaluation,400,400,5,5,9,6,53,18,,0,7,400,0.0175,True,step_limit,0feb7e00241623a17928b9bce3d1c04bfefca207a73a55f5e130f9de348416df,151,20,150,28,28,23,0,5.651116371154785,9.181070327758787,15.70749282836914,,,,,,,,,,,,,,,,29100022,39100022,A,r5,classic,0.5555555555555556
1,1,_run_plan_8c11018f40_5eb242aeb6,evaluation,400,400,2,2,9,3,32,17,,0,2,400,0.005,True,step_limit,64f9b0ee0613f2ece4bc729b72f6d6a1111d2974e680d35a29ea83d988419890,160,20,158,18,26,18,0,4.320621490478516,5.030357837677002,8.414030075073242,,,,,,,,,,,,,,,,29100023,39100023,A,r5,classic,0.2222222222222222
1,1,_run_plan_8c11018f40_5eb242aeb6,evaluation,400,400,1,1,9,1,22,53,,0,23,400,0.0575,True,step_limit,0c20eb659f579a29d2c18a410ef4e069d82df86713697fa5fe52db155a282c32,59,73,62,72,59,75,0,2.5562047958374023,5.807805061340331,6.344079971313477,,,,,,,,,,,,,,,,29100024,39100024,A,r5,classic,0.1111111111111111
1,1,_run_plan_8c11018f40_5eb242aeb6,evaluation,400,400,0,0,9,0,14,54,,0,24,400,0.06,True,step_limit,0725d49fc60f337ce368014203c68f79d5139a0a506144931b1ee12fb66d675a,54,76,55,76,62,77,0,2.0083189010620117,4.089641571044922,4.586458206176758,,,,,,,,,,,,,,,,29100025,39100025,A,r5,classic,0.0
1,1,_run_plan_8c11018f40_5eb242aeb6,evaluation,400,400,1,1,9,1,22,56,,0,22,400,0.055,True,step_limit,5dc5db6eca33a8f7695a68db9a9d3920909e7557218f99a0506d6bcb9a8e083b,61,57,61,56,87,78,0,2.5180578231811523,4.516899585723877,5.633831024169922,,,,,,,,,,,,,,,,29100026,39100026,A,r5,classic,0.1111111111111111
1,1,_run_plan_8c11018f40_5eb242aeb6,evaluation,400,400,2,2,9,2,31,56,,0,21,400,0.0525,True,step_limit,71c171a214b0ffb606bd7f1844dc988d061bf677418070d9e088daf5c61e9e39,60,56,61,56,91,76,0,2.4394989013671875,4.717528820037842,7.228851318359375,,,,,,,,,,,,,,,,29100027,39100027,A,r5,classic,0.2222222222222222
1,1,_run_plan_8c11018f40_5eb242aeb6,evaluation,400,400,1,1,9,1,37,49,,0,3,400,0.0075,True,step_limit,193106b88f04507edf1dc9cb8abd059baf9a4fec2c78b70a0e5573223b6436e2,86,52,77,52,82,51,0,2.8742551803588867,5.174398422241211,6.767034530639648,,,,,,,,,,,,,,,,29100028,39100028,A,r5,classic,0.1111111111111111
1,1,_run_plan_8c11018f40_5eb242aeb6,evaluation,400,400,8,8,9,8,84,51,,0,11,400,0.0275,True,step_limit,2887aa4c62855c18f825fa65a268a883eed16fb468328162c7790b62c72b0f55,65,51,68,66,92,58,0,2.814173698425293,6.047725677490232,10.523796081542969,,,,,,,,,,,,,,,,29100029,39100029,A,r5,classic,0.8888888888888888
1,1,_run_plan_8c11018f40_5eb242aeb6,evaluation,400,400,1,1,9,1,23,56,,0,24,400,0.06,True,step_limit,3cb4ffb473c6914cf0de6fab024c91ac4bdaed58ab50bc61c1642eb66de38659,64,54,63,54,87,78,0,2.5391578674316406,4.860043525695801,7.251262664794922,,,,,,,,,,,,,,,,29100030,39100030,A,r5,classic,0.1111111111111111
1,1,_run_plan_8c11018f40_5eb242aeb6,evaluation,400,400,0,0,9,0,12,54,,0,25,400,0.0625,True,step_limit,d9b2a568e1f693fafca2ef8971663d2f1c659efd8ff088b7641c22c5fd45fa96,53,78,54,78,58,79,0,1.8578767776489258,3.726601600646972,4.775285720825195,,,,,,,,,,,,,,,,29100031,39100031,A,r5,classic,0.0
1,1,_run_plan_8c11018f40_5eb242aeb6,evaluation,400,400,0,0,9,0,28,54,,0,20,400,0.05,True,step_limit,bc17860b379c364e8652ee99b71932d2b202da111839e9b268c37275745cf491,59,69,58,69,72,73,0,2.4548768997192383,5.537390708923323,7.801055908203125,,,,,,,,,,,,,,,,29100032,39100032,A,r5,classic,0.0
1,1,_run_plan_8c11018f40_5eb242aeb6,evaluation,400,400,2,2,9,2,25,53,,0,23,400,0.0575,True,step_limit,9c566e29cc21fa9e7dda507be749b7863ae5ed323341b3e49816fd615b023bf5,60,70,60,70,69,71,0,2.4579763412475586,5.344271659851063,7.158994674682617,,,,,,,,,,,,,,,,29100033,39100033,A,r5,classic,0.2222222222222222
1,1,_run_plan_8c11018f40_5eb242aeb6,evaluation,400,400,3,3,9,3,57,53,,0,11,400,0.0275,True,step_limit,344c5734ae186973eb0393e3440d5ade66c0eb4e9e93f9890a9e6cfd9e604767,70,55,55,71,88,61,0,2.5027990341186523,5.122935771942137,7.382631301879883,,,,,,,,,,,,,,,,29100034,39100034,A,r5,classic,0.3333333333333333
1,1,_run_plan_8c11018f40_5eb242aeb6,evaluation,400,400,8,8,9,8,99,52,,0,16,400,0.04,True,step_limit,06890176c50dfb8af3712f36a8561401ad847be7793487866989fbb33a1148c6,71,53,59,67,87,63,0,2.8417110443115234,6.042397022247313,10.315418243408203,,,,,,,,,,,,,,,,29100035,39100035,A,r5,classic,0.8888888888888888
1,1,_run_plan_8c11018f40_5eb242aeb6,evaluation,400,400,3,3,9,4,34,16,,0,284,400,0.71,True,step_limit,5f5e09e8d90fbd7aab79e1d9323d0b315a0c6ea7412efa44e5e892ef05035dbd,295,13,16,23,36,17,0,5.055069923400879,5.398273468017577,6.501913070678711,,,,,,,,,,,,,,,,29100036,39100036,A,r5,classic,0.3333333333333333
1,1,_run_plan_8c11018f40_5eb242aeb6,evaluation,400,400,5,5,9,5,92,52,,0,9,400,0.0225,True,step_limit,c8988d5f391e736e676e0e9a5b57a81b31ef36f1f4de5d064cf7ba5ce774b760,74,54,61,69,87,55,0,2.5434494018554688,5.508744716644282,9.323358535766602,,,,,,,,,,,,,,,,29100037,39100037,A,r5,classic,0.5555555555555556
1,1,_run_plan_8c11018f40_5eb242aeb6,evaluation,400,400,2,2,9,3,24,9,,0,1,400,0.0025,True,step_limit,271769b2217db7afade3dc0e270a98ceae3a8fb42069c61080a5337aeb598082,172,9,175,13,22,9,0,4.196047782897949,7.1152925491333,9.105920791625977,,,,,,,,,,,,,,,,29100038,39100038,A,r5,classic,0.2222222222222222
1,1,_run_plan_8c11018f40_5eb242aeb6,evaluation,400,400,1,1,9,2,12,5,,0,1,400,0.0025,True,step_limit,368e44d820f55c9a656c9dbb5689bbeeb235b1b7d3de7f8aca018b3f1d10dbfc,187,5,184,5,14,5,0,2.99072265625,4.060220718383789,4.898548126220703,,,,,,,,,,,,,,,,29100039,39100039,A,r5,classic,0.1111111111111111
1,1,_run_plan_8c11018f40_5eb242aeb6,evaluation,400,400,5,5,9,5,80,50,,0,10,400,0.025,True,step_limit,dd395d6cdd86a8c650840c0f206709b4ac086c6e8d414aed59508b1d15b270a2,68,56,53,70,95,58,0,2.5016069412231445,5.233895778656002,7.537364959716797,,,,,,,,,,,,,,,,29100040,39100040,A,r5,classic,0.5555555555555556
1,1,_run_plan_8c11018f40_5eb242aeb6,evaluation,400,400,4,4,50,0,0,0,,0,1,400,0.0025,True,step_limit,0bebe6ef6bb0af2bd6ee0d85c2354281f154ab563008539d7b0cde146ff51150,1,1,5,1,392,0,0,4.785776138305664,5.38942813873291,7.44938850402832,,,,,,,,,,,,,,,,29100101,39100101,A,r5,coin-heaven,0.08
1,1,_run_plan_8c11018f40_5eb242aeb6,evaluation,400,400,2,2,50,0,0,0,,0,396,400,0.99,True,step_limit,10b4a8531ad721bac8415c2f0d61c8f4d7bc0048d185e2696dd335c6c30305a1,397,0,1,2,0,0,0,5.362272262573242,5.79789876937866,6.838798522949219,,,,,,,,,,,,,,,,29100102,39100102,A,r5,coin-heaven,0.04
1,1,_run_plan_8c11018f40_5eb242aeb6,evaluation,400,400,4,4,50,0,0,0,,0,0,400,0.0,True,step_limit,49fae0cd9fd060fd0cad7e75f03c4ed8c893fbe89ffc6a9c8f2201e1d584b372,0,0,11,0,389,0,0,4.220128059387207,4.609668254852295,6.964206695556641,,,,,,,,,,,,,,,,29100103,39100103,A,r5,coin-heaven,0.08
1,1,_run_plan_8c11018f40_5eb242aeb6,evaluation,400,400,4,4,50,0,0,0,,0,395,400,0.9875,True,step_limit,578b65afe806db5fb42f3055157855b002e084cf571fb2a15f88a7a6d03bd411,0,0,399,1,0,0,0,5.316495895385742,5.735266208648681,6.808757781982422,,,,,,,,,,,,,,,,29100104,39100104,A,r5,coin-heaven,0.08
1,1,_run_plan_8c11018f40_5eb242aeb6,evaluation,400,400,8,8,50,0,0,0,,0,0,400,0.0,True,step_limit,aaf5caaf359ee33e34b017cf5fbb4d289013d8422cec4cacaefdc8c821d41653,201,1,193,5,0,0,0,8.611679077148438,12.261128425598137,16.8609619140625,,,,,,,,,,,,,,,,29100105,39100105,A,r5,coin-heaven,0.16
1,1,_run_plan_8c11018f40_5eb242aeb6,evaluation,400,400,1,1,50,0,0,0,,0,398,400,0.995,True,step_limit,48853f5a437d2df81e4c0b7ec7892bc0790fc01b4b323c8257dfaacf44dc5ec1,398,0,0,2,0,0,0,5.320549011230469,6.0217738151550275,6.621360778808594,,,,,,,,,,,,,,,,29100106,39100106,A,r5,coin-heaven,0.02
1,1,_run_plan_8c11018f40_5eb242aeb6,evaluation,400,400,2,2,50,0,0,0,,0,1,400,0.0025,True,step_limit,022bccbeecc04a26672d28d457b58942cc57cd027c47203f97f736d6c7c1e289,1,0,5,0,394,0,0,4.654526710510254,5.0759196281433105,6.639957427978516,,,,,,,,,,,,,,,,29100107,39100107,A,r5,coin-heaven,0.04
1,1,_run_plan_8c11018f40_5eb242aeb6,evaluation,400,400,0,0,50,0,0,0,,0,400,400,1.0,True,step_limit,de7093db5cdd32cca18571d31b2a60ee38f885b4ec9d38c4d38b0c5b77f454d0,0,0,0,400,0,0,0,3.328084945678711,3.666579723358153,4.197359085083008,,,,,,,,,,,,,,,,29100108,39100108,A,r5,coin-heaven,0.0
1,1,_run_plan_8c11018f40_5eb242aeb6,evaluation,400,400,0,0,50,0,0,0,,0,400,400,1.0,True,step_limit,de7093db5cdd32cca18571d31b2a60ee38f885b4ec9d38c4d38b0c5b77f454d0,0,0,0,400,0,0,0,3.3295154571533203,3.6287546157836914,4.385948181152344,,,,,,,,,,,,,,,,29100109,39100109,A,r5,coin-heaven,0.0
1,1,_run_plan_8c11018f40_5eb242aeb6,evaluation,400,400,4,4,50,0,0,0,,0,0,400,0.0,True,step_limit,d02b23ba05d7d6e5902fd2ee65553b9c34f172bdfa3179c04c8b22850ff5152b,0,197,0,203,0,0,0,5.517244338989258,6.683659553527831,7.61866569519043,,,,,,,,,,,,,,,,29100110,39100110,A,r5,coin-heaven,0.08
1,1,_run_plan_8c11018f40_5eb242aeb6,evaluation,400,400,2,2,50,0,0,0,,0,0,400,0.0,True,step_limit,acc94ecfde602765f0ea18fc8957706c6590fa22b73921ada30b7e5d54731bd2,1,0,0,2,397,0,0,4.619598388671875,5.225765705108642,6.334543228149414,,,,,,,,,,,,,,,,29100111,39100111,A,r5,coin-heaven,0.04
1,1,_run_plan_8c11018f40_5eb242aeb6,evaluation,400,400,0,0,50,0,0,0,,0,400,400,1.0,True,step_limit,e100db7421c373a02df4b6f512e80a61352a9d71964006dd853aca0090cd070a,0,0,400,0,0,0,0,3.3348798751831055,3.646361827850342,4.264593124389648,,,,,,,,,,,,,,,,29100112,39100112,A,r5,coin-heaven,0.0
1,1,_run_plan_8c11018f40_5eb242aeb6,evaluation,400,400,6,6,50,0,0,0,,0,1,400,0.0025,True,step_limit,b65ef498de0f769f8fa80881fbc52888f028bd08c837e3f3a559f86c13ee44a1,2,0,12,0,386,0,0,4.285573959350586,4.835927486419677,6.9026947021484375,,,,,,,,,,,,,,,,29100113,39100113,A,r5,coin-heaven,0.12
1,1,_run_plan_8c11018f40_5eb242aeb6,evaluation,400,400,0,0,50,0,0,0,,0,0,400,0.0,True,step_limit,ec4d2d691ba807368054ab792e15b86f9a876da886ced21d0f6805ce126bf166,200,0,200,0,0,0,0,3.4592151641845703,3.7007570266723624,4.584550857543945,,,,,,,,,,,,,,,,29100114,39100114,A,r5,coin-heaven,0.0
1,1,_run_plan_8c11018f40_5eb242aeb6,evaluation,400,400,1,1,50,0,0,0,,0,1,400,0.0025,True,step_limit,e165d08390b35e811d32b2d0856afb2bc725482d0b033a16030230b5df0379fd,1,0,1,0,398,0,0,3.5129785537719727,3.8643598556518555,4.506587982177734,,,,,,,,,,,,,,,,29100115,39100115,A,r5,coin-heaven,0.02
1,1,_run_plan_8c11018f40_5eb242aeb6,evaluation,400,400,6,6,50,0,0,0,,0,0,400,0.0,True,step_limit,e4eda3f0b180b2f8684771a5d70fcb003cd36ff1c09eef2ba2f25aa67df0b1ae,3,0,0,6,391,0,0,6.865739822387695,7.57904052734375,10.365486145019531,,,,,,,,,,,,,,,,29100116,39100116,A,r5,coin-heaven,0.12
1,1,_run_plan_8c11018f40_5eb242aeb6,evaluation,400,400,2,2,50,0,0,0,,0,0,400,0.0,True,step_limit,88c57b5f81317589adf3a058261aaa9a2da457b9ac5e24341b423d57b5d5b518,1,0,4,0,395,0,0,4.249930381774902,4.919326305389403,6.781578063964844,,,,,,,,,,,,,,,,29100117,39100117,A,r5,coin-heaven,0.04
1,1,_run_plan_8c11018f40_5eb242aeb6,evaluation,400,400,1,1,50,0,0,0,,0,1,400,0.0025,True,step_limit,ea12c9da38e9a36b74e9eeb6c094694fdffe9d98079a94554910805f48ce51ce,1,0,1,0,398,0,0,3.510713577270508,4.027819633483887,4.5757293701171875,,,,,,,,,,,,,,,,29100118,39100118,A,r5,coin-heaven,0.02
1,1,_run_plan_8c11018f40_5eb242aeb6,evaluation,400,400,3,3,50,0,0,0,,0,1,400,0.0025,True,step_limit,75f2f24b76a6015b2a151e4f48e920cdb7bb7ce664808a5973bdfc0c5b90cc7c,1,0,7,0,392,0,0,4.804134368896484,5.369663238525389,7.090568542480469,,,,,,,,,,,,,,,,29100119,39100119,A,r5,coin-heaven,0.06
1,1,_run_plan_8c11018f40_5eb242aeb6,evaluation,400,400,0,0,50,0,0,0,,0,398,400,0.995,True,step_limit,48853f5a437d2df81e4c0b7ec7892bc0790fc01b4b323c8257dfaacf44dc5ec1,398,0,0,2,0,0,0,5.323529243469238,6.0751914978027335,6.562232971191406,,,,,,,,,,,,,,,,29100120,39100120,A,r5,coin-heaven,0.0
1,1,_run_plan_8c11018f40_5eb242aeb6,evaluation,400,400,12,12,50,0,0,1,,0,2,400,0.005,True,step_limit,ff55ca22019020e69a57316ea551f4b5b7c7a9b2f860f1d6635eaa66cda9f643,5,0,8,14,372,1,0,3.5169124603271484,4.629635810852039,12.240409851074219,,,,,,,,,,,,,,,,29100121,39100121,A,r5,coin-heaven,0.24
1,1,_run_plan_8c11018f40_5eb242aeb6,evaluation,400,400,1,1,50,0,0,0,,0,400,400,1.0,True,step_limit,a1cf38ac769150887a263f8942c964a9605f12dbed928fb646ff18b3470c749b,0,0,1,399,0,0,0,3.349184989929199,3.5985231399536133,4.281044006347656,,,,,,,,,,,,,,,,29100122,39100122,A,r5,coin-heaven,0.02
1,1,_run_plan_8c11018f40_5eb242aeb6,evaluation,400,400,0,0,50,0,0,0,,0,0,400,0.0,True,step_limit,3e457cc2304ad2ccf2d6296a66213cdc8d455614dc7958b9ee35c31a82fdf5fa,200,0,200,0,0,0,0,3.4630298614501953,4.004764556884765,4.382610321044922,,,,,,,,,,,,,,,,29100123,39100123,A,r5,coin-heaven,0.0
1,1,_run_plan_8c11018f40_5eb242aeb6,evaluation,400,400,1,1,50,0,0,0,,0,400,400,1.0,True,step_limit,a1cf38ac769150887a263f8942c964a9605f12dbed928fb646ff18b3470c749b,0,0,1,399,0,0,0,3.3571720123291016,3.882229328155517,4.318475723266602,,,,,,,,,,,,,,,,29100124,39100124,A,r5,coin-heaven,0.02
1,1,_run_plan_8c11018f40_5eb242aeb6,evaluation,400,400,14,14,50,0,0,0,,0,0,400,0.0,True,step_limit,0b2a9850c69112f6ad5e35ac245a286954d3677ea83e0c7505a8dbb516fa7f74,190,1,200,9,0,0,0,7.939338684082031,12.13860511779785,14.083385467529297,,,,,,,,,,,,,,,,29100125,39100125,A,r5,coin-heaven,0.28
1,1,_run_plan_8c11018f40_5eb242aeb6,evaluation,400,400,0,0,50,0,0,0,,0,400,400,1.0,True,step_limit,de7093db5cdd32cca18571d31b2a60ee38f885b4ec9d38c4d38b0c5b77f454d0,0,0,0,400,0,0,0,3.3489465713500977,3.7053823471069327,4.234075546264648,,,,,,,,,,,,,,,,29100126,39100126,A,r5,coin-heaven,0.0
1,1,_run_plan_8c11018f40_5eb242aeb6,evaluation,400,400,6,6,50,0,0,1,,0,386,400,0.965,True,step_limit,fec01cd702c3b76f09b9fadc1b37eec42e28e3ff303ac7f36832f9e2d4cfa5cf,0,0,392,7,0,1,0,7.63857364654541,8.362984657287598,12.257575988769531,,,,,,,,,,,,,,,,29100127,39100127,A,r5,coin-heaven,0.12
1,1,_run_plan_8c11018f40_5eb242aeb6,evaluation,400,400,5,5,50,0,0,0,,0,0,400,0.0,True,step_limit,abfcb76adf932466168bf215f7d995358721d301f94e7425a8028027f2bcabed,1,0,8,0,391,0,0,4.760384559631348,5.493152141571043,7.296323776245117,,,,,,,,,,,,,,,,29100128,39100128,A,r5,coin-heaven,0.1
1,1,_run_plan_8c11018f40_5eb242aeb6,evaluation,400,400,3,3,50,0,0,0,,0,0,400,0.0,True,step_limit,ec24afdbd2f492f609cc4e9e1775c532df0cc9257a56cce3e63b1f8ef651c41a,1,0,0,4,395,0,0,5.353093147277832,6.0486555099487305,6.912946701049805,,,,,,,,,,,,,,,,29100129,39100129,A,r5,coin-heaven,0.06
1,1,_run_plan_8c11018f40_5eb242aeb6,evaluation,400,400,5,5,50,0,0,0,,0,386,400,0.965,True,step_limit,e100db7421c373a02df4b6f512e80a61352a9d71964006dd853aca0090cd070a,0,0,400,0,0,0,0,3.3489465713500977,4.190194606781006,7.189512252807617,,,,,,,,,,,,,,,,29100130,39100130,A,r5,coin-heaven,0.1
1,1,_run_plan_8c11018f40_5eb242aeb6,evaluation,400,400,2,2,50,0,0,0,,0,0,400,0.0,True,step_limit,d02b23ba05d7d6e5902fd2ee65553b9c34f172bdfa3179c04c8b22850ff5152b,0,197,0,203,0,0,0,5.656123161315918,6.961059570312499,8.028745651245117,,,,,,,,,,,,,,,,29100131,39100131,A,r5,coin-heaven,0.04
1,1,_run_plan_8c11018f40_5eb242aeb6,evaluation,400,400,9,9,50,0,0,0,,0,0,400,0.0,True,step_limit,a33369ffe26429e6393173a2ebe86c992401d005e2df9e5b69f0fd94d52268c6,5,1,2,11,381,0,0,6.537914276123047,7.266831398010253,10.256290435791016,,,,,,,,,,,,,,,,29100132,39100132,A,r5,coin-heaven,0.18
1,1,_run_plan_8c11018f40_5eb242aeb6,evaluation,400,400,0,0,50,0,0,0,,0,400,400,1.0,True,step_limit,de7093db5cdd32cca18571d31b2a60ee38f885b4ec9d38c4d38b0c5b77f454d0,0,0,0,400,0,0,0,3.3437013626098633,3.62483263015747,4.343986511230469,,,,,,,,,,,,,,,,29100133,39100133,A,r5,coin-heaven,0.0
1,1,_run_plan_8c11018f40_5eb242aeb6,evaluation,400,400,8,8,50,0,0,0,,0,0,400,0.0,True,step_limit,e48842b0506c9120b40f3297e2b687aa7cde48e394e79997cff2dd738109901d,6,0,1,14,379,0,0,4.6738386154174805,5.390012264251709,6.962299346923828,,,,,,,,,,,,,,,,29100134,39100134,A,r5,coin-heaven,0.16
1,1,_run_plan_8c11018f40_5eb242aeb6,evaluation,400,400,2,2,50,0,0,0,,0,0,400,0.0,True,step_limit,2e0246adb575a2963a89adfdab44e400ad7df3384c9e65a2aa879201819ec22e,1,1,0,3,395,0,0,4.772424697875977,5.138003826141357,6.185770034790039,,,,,,,,,,,,,,,,29100135,39100135,A,r5,coin-heaven,0.04
1,1,_run_plan_8c11018f40_5eb242aeb6,evaluation,400,400,4,4,50,0,0,0,,0,0,400,0.0,True,step_limit,dc36797777d4dafa558c1c6a54f63629c0e5f8d8d4ba32846239e3a88b963d20,0,196,0,204,0,0,0,6.033658981323242,7.129788398742672,10.671138763427734,,,,,,,,,,,,,,,,29100136,39100136,A,r5,coin-heaven,0.08
1,1,_run_plan_8c11018f40_5eb242aeb6,evaluation,400,400,2,2,50,0,0,0,,0,0,400,0.0,True,step_limit,a75908345b988e8a8d33a8ac3ec3dae3a6de0f2e70adeedded5e1b30fcb1ceed,1,0,0,6,393,0,0,5.575060844421387,6.33062124252319,7.126092910766602,,,,,,,,,,,,,,,,29100137,39100137,A,r5,coin-heaven,0.04
1,1,_run_plan_8c11018f40_5eb242aeb6,evaluation,400,400,0,0,50,0,0,0,,0,400,400,1.0,True,step_limit,e100db7421c373a02df4b6f512e80a61352a9d71964006dd853aca0090cd070a,0,0,400,0,0,0,0,3.348231315612793,3.633666038513183,4.485130310058594,,,,,,,,,,,,,,,,29100138,39100138,A,r5,coin-heaven,0.0
1,1,_run_plan_8c11018f40_5eb242aeb6,evaluation,400,400,9,9,50,0,0,1,,0,2,400,0.005,True,step_limit,3f9ae7ea340eca350734756d8bd2b5ea321f8f6527d378ce5e49eb1e971ecc67,194,0,199,6,0,1,0,7.931828498840332,11.107671260833738,11.829853057861328,,,,,,,,,,,,,,,,29100139,39100139,A,r5,coin-heaven,0.18
1,1,_run_plan_8c11018f40_5eb242aeb6,evaluation,400,400,1,1,50,0,0,0,,0,0,400,0.0,True,step_limit,ec24afdbd2f492f609cc4e9e1775c532df0cc9257a56cce3e63b1f8ef651c41a,1,0,0,4,395,0,0,5.287885665893555,5.724883079528809,6.6280364990234375,,,,,,,,,,,,,,,,29100140,39100140,A,r5,coin-heaven,0.02
1,1,_run_plan_8c11018f40_5eb242aeb6,evaluation,131,131,8,8,50,10,32,16,,1,5,131,0.03816793893129771,False,killed,6b10cfb8a3795c89776a6cce9fba5c73e35507b6bb2d12e19d1465e4b88bdb10,29,22,16,25,22,17,0,2.4993419647216797,5.1087141036987305,7.753849029541016,,,,,,,,,,,,,,,,29100201,39100201,A,r5,loot-crate,0.16
1,1,_run_plan_8c11018f40_5eb242aeb6,evaluation,102,102,8,8,50,11,27,12,,1,3,102,0.029411764705882353,False,killed,18d60b8bf23763f1be5ee5b11d32b8b339ad0b10f8b854015410a9cc26420c6c,16,8,13,21,30,14,0,1.6340017318725586,3.4623265266418453,5.697488784790039,,,,,,,,,,,,,,,,29100202,39100202,A,r5,loot-crate,0.16
1,1,_run_plan_8c11018f40_5eb242aeb6,evaluation,400,400,4,4,50,5,9,2,,0,383,400,0.9575,True,step_limit,6359f4c3356f1fa68ab5951bf75b1fda2ab25c75527b7d339bf1558edfec4d40,386,5,4,2,0,3,0,2.4814605712890625,2.7750611305236816,4.848718643188477,,,,,,,,,,,,,,,,29100203,39100203,A,r5,loot-crate,0.08
1,1,_run_plan_8c11018f40_5eb242aeb6,evaluation,48,48,9,9,50,12,16,6,,1,6,48,0.125,False,killed,c95032ac29442776dac93e4c92d1d6cec4c7a1d6912ba68c9e5e2bd2feda883c,11,5,5,10,8,9,0,1.5314817428588867,3.6498069763183594,4.925966262817383,,,,,,,,,,,,,,,,29100204,39100204,A,r5,loot-crate,0.18
1,1,_run_plan_8c11018f40_5eb242aeb6,evaluation,400,400,21,21,50,22,60,46,,0,34,400,0.085,True,step_limit,00546db77e6d6c7188d5169cec37e1c331171addf11b7c0f3b51ec5b3446c854,64,85,56,89,34,72,0,3.1017065048217773,4.7324180603027335,6.9866180419921875,,,,,,,,,,,,,,,,29100205,39100205,A,r5,loot-crate,0.42
1,1,_run_plan_8c11018f40_5eb242aeb6,evaluation,211,211,26,26,50,33,73,25,,1,13,211,0.061611374407582936,False,killed,0e657dc9b15c9153b78e15ff379fa0166aa1cd0f49daef67851d843500c6014d,41,44,32,43,24,27,0,2.8352737426757812,7.339835166931152,10.44607162475586,,,,,,,,,,,,,,,,29100206,39100206,A,r5,loot-crate,0.52
1,1,_run_plan_8c11018f40_5eb242aeb6,evaluation,400,400,4,4,50,5,8,3,,0,1,400,0.0025,True,step_limit,9f215edd4fcb60c6826ba9eb897a9d1640c09927567eaa8a14383549fbde33e1,190,5,193,5,3,4,0,1.350998878479004,1.5110850334167476,2.2139549255371094,,,,,,,,,,,,,,,,29100207,39100207,A,r5,loot-crate,0.08
1,1,_run_plan_8c11018f40_5eb242aeb6,evaluation,400,400,13,13,50,14,32,13,,0,5,400,0.0125,True,step_limit,39bdcc6a767d8f1f4382129cd73766e00c424dd535bdfb68286ef7695ce08801,21,168,19,164,15,13,0,2.2028684616088867,3.687179088592523,7.4634552001953125,,,,,,,,,,,,,,,,29100208,39100208,A,r5,loot-crate,0.26
1,1,_run_plan_8c11018f40_5eb242aeb6,evaluation,400,400,1,1,50,3,10,4,,0,367,400,0.9175,True,step_limit,84f6d3fc63666b5064b3ca62beffa5e09381b2ede744624bd40e27e358ef81c8,372,5,5,5,9,4,0,2.1736621856689453,2.2986650466918945,2.965688705444336,,,,,,,,,,,,,,,,29100209,39100209,A,r5,loot-crate,0.02
1,1,_run_plan_8c11018f40_5eb242aeb6,evaluation,400,400,0,0,50,0,15,54,,0,24,400,0.06,True,step_limit,53506fe35e01cfebfd1a6ece21c2920b0fc43eb5cdbd435ae8e71c124d23a332,53,77,55,77,60,78,0,2.1355152130126953,4.46399450302124,5.449533462524414,,,,,,,,,,,,,,,,29100210,39100210,A,r5,loot-crate,0.0
1,1,_run_plan_8c11018f40_5eb242aeb6,evaluation,400,400,22,22,50,23,54,21,,0,7,400,0.0175,True,step_limit,92a19ec7a7b42a251755b16897a4e51afdb99cc3ae8d7701e8765283d3cdbdc9,47,126,43,140,23,21,0,1.6041994094848633,4.1862964630126935,6.905794143676758,,,,,,,,,,,,,,,,29100211,39100211,A,r5,loot-crate,0.44
1,1,_run_plan_8c11018f40_5eb242aeb6,evaluation,400,400,3,3,50,4,16,6,,0,352,400,0.88,True,step_limit,72a0d2ebb330d8094ec36bfcfca94bcc15ee0ff38fdd300cd980de1df87100eb,364,7,8,5,9,7,0,1.7063617706298828,1.8990993499755844,2.5959014892578125,,,,,,,,,,,,,,,,29100212,39100212,A,r5,loot-crate,0.06
1,1,_run_plan_8c11018f40_5eb242aeb6,evaluation,400,400,5,5,50,7,22,10,,0,304,400,0.76,True,step_limit,0ff1718322b25fc0a24317e587d31a22fed4a0d0815ec85791085763121edfc2,28,14,22,319,7,10,0,1.7628669738769531,2.0220279693603516,3.3812522888183594,,,,,,,,,,,,,,,,29100213,39100213,A,r5,loot-crate,0.1
1,1,_run_plan_8c11018f40_5eb242aeb6,evaluation,400,400,9,9,50,12,19,8,,0,6,400,0.015,True,step_limit,37447cb1eab01c2e0edca82a12e1d3141fc2814b37b066d9177241af4e4d9317,11,184,10,182,4,9,0,1.9866228103637695,4.485440254211426,5.736351013183594,,,,,,,,,,,,,,,,29100214,39100214,A,r5,loot-crate,0.18
1,1,_run_plan_8c11018f40_5eb242aeb6,evaluation,400,400,2,2,50,5,9,3,,0,379,400,0.9475,True,step_limit,7be610885e4229dcd5d43f56da4d8fb4dc1af54e3797fa432fecaf7bcecc09c9,1,5,3,384,4,3,0,1.6213655471801758,1.809132099151611,2.163410186767578,,,,,,,,,,,,,,,,29100215,39100215,A,r5,loot-crate,0.04
1,1,_run_plan_8c11018f40_5eb242aeb6,evaluation,400,400,8,8,50,16,41,11,,0,4,400,0.01,True,step_limit,9e903924ecaf1a7c4a31e19fcff201380cde57d7b4914514cbf733f3756719d8,176,15,171,18,7,13,0,5.307435989379883,8.012092113494873,9.521484375,,,,,,,,,,,,,,,,29100216,39100216,A,r5,loot-crate,0.16
1,1,_run_plan_8c11018f40_5eb242aeb6,evaluation,400,400,6,6,50,7,21,9,,0,3,400,0.0075,True,step_limit,e535dd768cafcc2756992f54e7523aecabe8fa95ee7bd33907b3e3ce5c747ae6,21,8,19,8,335,9,0,3.0450820922851562,3.237318992614746,3.8836002349853516,,,,,,,,,,,,,,,,29100217,39100217,A,r5,loot-crate,0.12
1,1,_run_plan_8c11018f40_5eb242aeb6,evaluation,400,400,6,6,50,10,27,9,,0,3,400,0.0075,True,step_limit,2c83ee36a883ace437c243325c031351f3489f8c914cc205a9e449b27e5d2a33,178,12,172,15,13,10,0,3.4720897674560547,3.6895155906677237,4.674673080444336,,,,,,,,,,,,,,,,29100218,39100218,A,r5,loot-crate,0.12
1,1,_run_plan_8c11018f40_5eb242aeb6,evaluation,400,400,2,2,50,4,11,4,,0,1,400,0.0025,True,step_limit,109e4fac6b66148b9a84c2d48e7230dc605cb5a9fabc5293e80506dd61e28c91,187,5,190,5,8,5,0,2.7066469192504883,3.5979747772216797,4.637002944946289,,,,,,,,,,,,,,,,29100219,39100219,A,r5,loot-crate,0.04
1,1,_run_plan_8c11018f40_5eb242aeb6,evaluation,400,400,5,5,50,7,15,7,,0,3,400,0.0075,True,step_limit,51131970e70357057f42ac4a8913a19f18caf04d47227abeb24ae47a63ee5e92,187,6,183,7,8,9,0,2.8514862060546875,3.790283203125,4.711389541625977,,,,,,,,,,,,,,,,29100220,39100220,A,r5,loot-crate,0.1
1,1,_run_plan_8c11018f40_5eb242aeb6,evaluation,400,400,4,4,50,5,15,5,,0,367,400,0.9175,True,step_limit,ac4f5197ffeee5dace85382f98ddc86c0810ad798f95cfb689cdd0bda67069d7,3,5,7,372,6,7,0,3.4787654876708984,3.9931654930114746,4.898786544799805,,,,,,,,,,,,,,,,29100221,39100221,A,r5,loot-crate,0.08
1,1,_run_plan_8c11018f40_5eb242aeb6,evaluation,400,400,24,24,50,25,72,37,,0,84,400,0.21,True,step_limit,98417a1522177ce9db550f84d07bbba2837a72ef0eca4bf5386ee12616ab5c5d,126,66,56,67,43,42,0,3.2660961151123047,6.083846092224119,9.926080703735352,,,,,,,,,,,,,,,,29100222,39100222,A,r5,loot-crate,0.48
1,1,_run_plan_8c11018f40_5eb242aeb6,evaluation,400,400,0,0,50,5,12,3,,0,378,400,0.945,True,step_limit,6011acf42af4cc659560cd350c6c5a0354d065b5cf6803bf5583ec0476990a63,379,3,4,5,6,3,0,2.7042627334594727,2.88931131362915,3.749370574951172,,,,,,,,,,,,,,,,29100223,39100223,A,r5,loot-crate,0.0
1,1,_run_plan_8c11018f40_5eb242aeb6,evaluation,400,400,23,23,50,25,53,19,,0,233,400,0.5825,True,step_limit,793faa43e96f86e14a8734ed543b5222f8a0070c4cdd473448e707fd3c5c30fd,21,38,258,35,20,28,0,2.6677846908569336,3.889989852905273,7.26008415222168,,,,,,,,,,,,,,,,29100224,39100224,A,r5,loot-crate,0.46
1,1,_run_plan_8c11018f40_5eb242aeb6,evaluation,400,400,5,5,50,6,13,5,,0,358,400,0.895,True,step_limit,ba8d369fdbf3140b8e8267a1672bdbe91ed89ac86fd4fd496afcd49fef649a42,359,4,12,10,6,9,0,2.3763179779052734,2.549290657043457,4.17637825012207,,,,,,,,,,,,,,,,29100225,39100225,A,r5,loot-crate,0.1
1,1,_run_plan_8c11018f40_5eb242aeb6,evaluation,400,400,8,8,50,9,22,9,,0,5,400,0.0125,True,step_limit,76ed19a2089c8ffed9f49155612c1607947ddd2eea1d8f3273997cc95406b818,10,175,10,179,13,13,0,2.7799606323242188,4.130184650421143,5.2280426025390625,,,,,,,,,,,,,,,,29100226,39100226,A,r5,loot-crate,0.16
1,1,_run_plan_8c11018f40_5eb242aeb6,evaluation,400,400,26,26,50,28,63,21,,0,17,400,0.0425,True,step_limit,261d6055a887d412a142ae069f65fb95a7995f0d41d89b4b1442885e2f1af91e,32,146,45,142,7,28,0,3.4859180450439453,4.813313484191894,7.633209228515625,,,,,,,,,,,,,,,,29100227,39100227,A,r5,loot-crate,0.52
1,1,_run_plan_8c11018f40_5eb242aeb6,evaluation,400,400,10,10,50,13,20,6,,0,6,400,0.015,True,step_limit,8236c112b93339adf8a4049912f635bda74d1a6608c67ccf149c2a5aa0128a8f,177,14,183,15,3,8,0,3.975391387939453,5.258381366729735,6.342887878417969,,,,,,,,,,,,,,,,29100228,39100228,A,r5,loot-crate,0.2
1,1,_run_plan_8c11018f40_5eb242aeb6,evaluation,400,400,12,12,50,14,34,9,,0,317,400,0.7925,True,step_limit,af921f14bd9c245ecaad9e7ab1c9077833a211f7b44e96fb028c5e29ee2c1747,322,29,11,20,8,10,0,3.4685134887695312,3.8555264472961412,6.477594375610352,,,,,,,,,,,,,,,,29100229,39100229,A,r5,loot-crate,0.24
1,1,_run_plan_8c11018f40_5eb242aeb6,evaluation,400,400,8,8,50,10,27,9,,0,332,400,0.83,True,step_limit,a4aeb03db7fc7632aa185b3b64797e47c475ca026dae903509a56ab4228c4675,14,13,339,15,9,10,0,4.481196403503418,4.802751541137695,5.9795379638671875,,,,,,,,,,,,,,,,29100230,39100230,A,r5,loot-crate,0.16
1,1,_run_plan_8c11018f40_5eb242aeb6,evaluation,400,400,16,16,50,18,47,18,,0,254,400,0.635,True,step_limit,e3f1710be9872f896c42b813a7ffe4611834ed630c812c6b1dca3455a7b12c2f,279,18,27,30,26,20,0,4.929184913635254,5.786526203155517,7.102012634277344,,,,,,,,,,,,,,,,29100231,39100231,A,r5,loot-crate,0.32
1,1,_run_plan_8c11018f40_5eb242aeb6,evaluation,400,400,11,11,50,13,24,8,,0,325,400,0.8125,True,step_limit,c06e30549ca6d7204be9d264f3814b3c4b09c0c70e42d7548db36d9c9ff18c6e,338,13,13,18,6,12,0,2.7353763580322266,2.9502987861633296,4.840373992919922,,,,,,,,,,,,,,,,29100232,39100232,A,r5,loot-crate,0.22
1,1,_run_plan_8c11018f40_5eb242aeb6,evaluation,400,400,4,4,50,6,18,6,,0,358,400,0.895,True,step_limit,612eec702fe71349576347b8a0a72c5507b4e2b0da77173fc2c7f622099ffad8,7,3,365,9,8,8,0,3.157973289489746,3.325390815734863,4.303932189941406,,,,,,,,,,,,,,,,29100233,39100233,A,r5,loot-crate,0.08
1,1,_run_plan_8c11018f40_5eb242aeb6,evaluation,400,400,8,8,50,9,24,14,,0,8,400,0.02,True,step_limit,23ff20ac5c017638bbfbdb28dfa40fabf925c1ad73fd4ecc3f8f9afcf3e0b639,160,22,155,26,21,16,0,3.4668445587158203,4.220998287200928,5.374670028686523,,,,,,,,,,,,,,,,29100234,39100234,A,r5,loot-crate,0.16
1,1,_run_plan_8c11018f40_5eb242aeb6,evaluation,400,400,33,33,50,33,78,42,,0,33,400,0.0825,True,step_limit,87f469316b443c3e709b33236dfd7ce0dc213de19f2580dde103dc9cc57122e6,76,70,80,78,35,61,0,3.2923221588134766,7.379353046417233,11.566877365112305,,,,,,,,,,,,,,,,29100235,39100235,A,r5,loot-crate,0.66
1,1,_run_plan_8c11018f40_5eb242aeb6,evaluation,400,400,23,23,50,25,59,21,,0,223,400,0.5575,True,step_limit,7ab97b8ddebc4407f0da35ad87aa1be1cedf92d8d5b826760836314aee7fb7c0,251,30,53,26,13,27,0,1.995682716369629,5.095517635345453,7.834672927856445,,,,,,,,,,,,,,,,29100236,39100236,A,r5,loot-crate,0.46
1,1,_run_plan_8c11018f40_5eb242aeb6,evaluation,400,400,13,13,50,15,41,17,,0,265,400,0.6625,True,step_limit,cd68cd02467c3c63db46e0b604d3da700570c172da8ebd8964d1d114749280ad,276,24,33,25,23,19,0,4.696249961853027,5.29597997665405,6.745100021362305,,,,,,,,,,,,,,,,29100237,39100237,A,r5,loot-crate,0.26
1,1,_run_plan_8c11018f40_5eb242aeb6,evaluation,400,400,8,8,50,8,27,45,,0,3,400,0.0075,True,step_limit,52acfc7bab6aeae695b0ec25019edb5a3496a669cc590ac40bc2d5e24444355a,93,46,87,46,80,48,0,2.6683807373046875,4.787182807922362,5.842447280883789,,,,,,,,,,,,,,,,29100238,39100238,A,r5,loot-crate,0.16
1,1,_run_plan_8c11018f40_5eb242aeb6,evaluation,400,400,12,12,50,13,33,16,,0,264,400,0.66,True,step_limit,c1b777a2aed8250c994171180c6dd2b97b9ca93edc6305e1a54fe18d579e1c08,287,25,24,24,18,22,0,3.782033920288086,4.316592216491698,6.017208099365234,,,,,,,,,,,,,,,,29100239,39100239,A,r5,loot-crate,0.24
1,1,_run_plan_8c11018f40_5eb242aeb6,evaluation,400,400,9,9,50,10,35,19,,0,5,400,0.0125,True,step_limit,3a2bd1d175db2c5e5db8c59ff7fb999acbbb8f3b930320b26743122a15f1c1dc,141,28,147,28,35,21,0,2.933979034423828,7.318902015686034,8.49771499633789,,,,,,,,,,,,,,,,29100240,39100240,A,r5,loot-crate,0.18
1,1,_run_plan_aae86dae1e_82f3e9c695,evaluation,400,400,3,3,9,3,31,52,,0,7,400,0.0175,True,step_limit,75c3714d91703dc805bff76b5c39ddb938641e0f70045ee1aaabae874f96a94d,54,87,54,92,57,56,0,2.9306411743164062,7.158970832824707,8.142232894897461,,,,,,,,,,,,,,,,29100001,39100001,B,r1,classic,0.3333333333333333
1,1,_run_plan_aae86dae1e_82f3e9c695,evaluation,400,400,1,1,9,1,22,57,,0,28,400,0.07,True,step_limit,004a9da14d7738c9748e9719fec7345aa420bd3e2d93396af8d769d2ae321aec,84,59,78,86,35,58,0,2.8591156005859375,6.01881742477417,6.798505783081055,,,,,,,,,,,,,,,,29100002,39100002,B,r1,classic,0.1111111111111111
1,1,_run_plan_aae86dae1e_82f3e9c695,evaluation,400,400,2,2,9,3,22,8,,0,7,400,0.0175,True,step_limit,c9b03ce3c93d3c959dab04adf04f9212e8730047af4abbdf9a4d0e56c6301151,10,10,8,12,347,13,0,4.034280776977539,4.6399474143981925,5.330562591552734,,,,,,,,,,,,,,,,29100003,39100003,B,r1,classic,0.2222222222222222
1,1,_run_plan_aae86dae1e_82f3e9c695,evaluation,400,400,3,3,9,3,29,7,,0,0,400,0.0,True,step_limit,ead26af21b11b3fdae45ab66a97d58a74bcf88bb0729efa6400e291d0c76fd92,181,11,178,7,16,7,0,4.468321800231934,7.285106182098389,8.204936981201172,,,,,,,,,,,,,,,,29100004,39100004,B,r1,classic,0.3333333333333333
1,1,_run_plan_aae86dae1e_82f3e9c695,evaluation,400,400,1,1,9,1,24,57,,0,28,400,0.07,True,step_limit,62b5ac465c97c37bdd06b056a56b9163203ecbc03d74dfb701b1f7a82bc96b70,83,56,75,84,45,57,0,2.8884410858154297,6.005537509918213,6.709098815917969,,,,,,,,,,,,,,,,29100005,39100005,B,r1,classic,0.1111111111111111
1,1,_run_plan_aae86dae1e_82f3e9c695,evaluation,400,400,1,1,9,1,46,52,,0,2,400,0.005,True,step_limit,231dbdb65565da454ade4abbbff85885e4634fcb8dfda1e4d24d7f4bc2276071,55,87,55,93,58,52,0,3.2958984375,8.405244350433348,10.40196418762207,,,,,,,,,,,,,,,,29100006,39100006,B,r1,classic,0.1111111111111111
1,1,_run_plan_aae86dae1e_82f3e9c695,evaluation,400,400,0,0,9,1,9,3,,0,0,400,0.0,True,step_limit,19f89ee37a755945cacda3bcd9449008b6e01998e0ec13e03ab2b0138ccc7a90,196,2,191,4,4,3,0,2.4373531341552734,2.815639972686767,3.226041793823242,,,,,,,,,,,,,,,,29100007,39100007,B,r1,classic,0.0
1,1,_run_plan_aae86dae1e_82f3e9c695,evaluation,400,400,0,0,9,1,9,4,,0,374,400,0.935,True,step_limit,c44aab07a57e813c01e6145148705364399d27056e120fbb3ab81dd0c2fc6cf5,3,3,6,376,8,4,0,2.5049448013305664,2.649354934692383,3.354787826538086,,,,,,,,,,,,,,,,29100008,39100008,B,r1,classic,0.0
1,1,_run_plan_aae86dae1e_82f3e9c695,evaluation,400,400,0,0,9,0,24,15,,0,2,400,0.005,True,step_limit,bd158e7ad7a48993960c2abc6b452b926e4d55588bd9017cd9cfdcbb3bbaf15d,161,17,164,16,27,15,0,4.063963890075684,7.040846347808837,8.195877075195312,,,,,,,,,,,,,,,,29100009,39100009,B,r1,classic,0.0
1,1,_run_plan_aae86dae1e_82f3e9c695,evaluation,400,400,4,4,9,4,77,51,,0,5,400,0.0125,True,step_limit,e32daa7ee86e1be43efa077f1d1e409a821bbb1ef9afceab7e7f8b089e8b92a7,69,82,56,89,53,51,0,3.2007694244384766,8.729076385498043,10.90097427368164,,,,,,,,,,,,,,,,29100010,39100010,B,r1,classic,0.4444444444444444
1,1,_run_plan_aae86dae1e_82f3e9c695,evaluation,400,400,1,1,9,1,22,56,,0,26,400,0.065,True,step_limit,5eef9f61789e70216924fcbef32bd4e492a5e1540e21741685315e5ad88beef1,84,61,80,87,32,56,0,2.6389360427856445,5.4895758628845215,6.010293960571289,,,,,,,,,,,,,,,,29100011,39100011,B,r1,classic,0.1111111111111111
1,1,_run_plan_aae86dae1e_82f3e9c695,evaluation,400,400,1,1,9,2,36,12,,0,2,400,0.005,True,step_limit,34b54c90da624a821068ef5fb21e11c562f377d17cbb31a4de19eeedc7c66cc6,14,10,12,16,334,14,0,7.24184513092041,7.967412471771236,8.645772933959961,,,,,,,,,,,,,,,,29100012,39100012,B,r1,classic,0.1111111111111111
1,1,_run_plan_aae86dae1e_82f3e9c695,evaluation,400,400,6,6,9,6,69,54,,0,9,400,0.0225,True,step_limit,3e6c085a755bda603b0d5423492a43bf2c456d785c62abbd3eddb0b03b9c2435,73,53,68,71,78,57,0,2.957940101623535,6.187558174133278,9.260416030883789,,,,,,,,,,,,,,,,29100013,39100013,B,r1,classic,0.6666666666666666
1,1,_run_plan_aae86dae1e_82f3e9c695,evaluation,400,400,2,2,9,2,17,8,,0,3,400,0.0075,True,step_limit,419be60d06ea9b61203e984831193410f28f353842245f5f086eea1e32b81c85,183,9,183,7,9,9,0,3.587961196899414,5.943131446838379,7.208108901977539,,,,,,,,,,,,,,,,29100014,39100014,B,r1,classic,0.2222222222222222
1,1,_run_plan_aae86dae1e_82f3e9c695,evaluation,151,151,1,1,9,2,43,20,,1,3,151,0.019867549668874173,False,killed,74d20b0e67d54b81d30f27906242484726822cde1716d23a175439a393cfb24d,23,25,15,33,34,21,0,2.410411834716797,5.223870277404785,8.265972137451172,,,,,,,,,,,,,,,,29100015,39100015,B,r1,classic,0.1111111111111111
1,1,_run_plan_aae86dae1e_82f3e9c695,evaluation,400,400,1,1,9,1,18,57,,0,26,400,0.065,True,step_limit,9a8181141a48083cfa03554a845bf96ea70405201d310827951b0a4d5ef1160c,81,59,78,81,43,58,0,2.9587745666503906,6.548333168029785,7.654666900634766,,,,,,,,,,,,,,,,29100016,39100016,B,r1,classic,0.1111111111111111
1,1,_run_plan_aae86dae1e_82f3e9c695,evaluation,400,400,1,1,9,1,23,53,,0,1,400,0.0025,True,step_limit,0fcc1b702ed6ad98024dc475d5adfde1c3c30b74aedcaa52551f82cbcabe3e95,52,101,52,99,43,53,0,2.540469169616699,6.074714660644531,7.536888122558594,,,,,,,,,,,,,,,,29100017,39100017,B,r1,classic,0.1111111111111111
1,1,_run_plan_aae86dae1e_82f3e9c695,evaluation,400,400,2,2,9,2,34,57,,0,23,400,0.0575,True,step_limit,a8da6a6252162402c6becdca304bb39919f74cb9adb6dd18291da1ba03e2625f,81,60,77,81,44,57,0,3.401637077331543,7.532858848571777,8.811712265014648,,,,,,,,,,,,,,,,29100018,39100018,B,r1,classic,0.2222222222222222
1,1,_run_plan_aae86dae1e_82f3e9c695,evaluation,400,400,8,8,9,8,75,41,,0,8,400,0.02,True,step_limit,ebb15a0a91db760660dbbc406ba114d202de5e743ec2a0299974009b5e438900,55,97,41,112,54,41,0,3.048419952392578,7.0279121398925675,9.549140930175781,,,,,,,,,,,,,,,,29100019,39100019,B,r1,classic,0.8888888888888888
1,1,_run_plan_aae86dae1e_82f3e9c695,evaluation,400,400,1,1,9,1,43,16,,0,2,400,0.005,True,step_limit,130d28ce281eb73666cda0efd423479ee7eb7b8b163e3a22f5077d806195f279,23,158,11,160,32,16,0,3.1690597534179688,4.0606379508972115,8.156538009643555,,,,,,,,,,,,,,,,29100020,39100020,B,r1,classic,0.1111111111111111
1,1,_run_plan_aae86dae1e_82f3e9c695,evaluation,400,400,0,0,9,0,14,8,,0,0,400,0.0,True,step_limit,812a34bf6065beb8ce5b9fd26fe6a822850b58d7785a1f5ebf3dea5bc4cb429c,179,8,181,6,18,8,0,3.197193145751953,5.211687088012695,6.466150283813477,,,,,,,,,,,,,,,,29100021,39100021,B,r1,classic,0.0
1,1,_run_plan_aae86dae1e_82f3e9c695,evaluation,400,400,0,0,9,1,20,7,,0,353,400,0.8825,True,step_limit,74b96da67bdaf2b437b4b3ccd211b2f044a4c6418e4f04c747246c1a43de7f69,13,5,7,356,10,9,0,2.4259090423583984,2.658295631408691,3.3218860626220703,,,,,,,,,,,,,,,,29100022,39100022,B,r1,classic,0.0
1,1,_run_plan_aae86dae1e_82f3e9c695,evaluation,400,400,4,4,9,4,59,28,,0,6,400,0.015,True,step_limit,16b471a5977eb7ebedc04d872eca26dacd19dc3a75227fa029137e9d3176244f,134,38,122,35,41,30,0,4.304409027099609,7.107818126678467,8.322715759277344,,,,,,,,,,,,,,,,29100023,39100023,B,r1,classic,0.4444444444444444
1,1,_run_plan_aae86dae1e_82f3e9c695,evaluation,400,400,4,4,9,4,58,34,,0,10,400,0.025,True,step_limit,782a973cb5688c4a03c4d673773b678fa9b96f8fccbc8dd40dbdabf832733a64,111,44,116,45,50,34,0,3.9627552032470703,10.21181344985962,11.616945266723633,,,,,,,,,,,,,,,,29100024,39100024,B,r1,classic,0.4444444444444444
1,1,_run_plan_aae86dae1e_82f3e9c695,evaluation,400,400,0,0,9,0,21,9,,0,1,400,0.0025,True,step_limit,de992aa4fe7f75f6d5ba597a1803a602b30755715a0fc284731ff506c2880949,177,10,179,8,17,9,0,3.2804012298583984,5.7567477226257315,7.268190383911133,,,,,,,,,,,,,,,,29100025,39100025,B,r1,classic,0.0
1,1,_run_plan_aae86dae1e_82f3e9c695,evaluation,400,400,1,1,9,1,20,10,,0,1,400,0.0025,True,step_limit,42adf16705893c18c7fac5640b66ea8528d0740c4447e0b8cef11ca597053f89,173,9,176,8,24,10,0,3.967404365539551,6.141901016235352,7.169961929321289,,,,,,,,,,,,,,,,29100026,39100026,B,r1,classic,0.1111111111111111
1,1,_run_plan_aae86dae1e_82f3e9c695,evaluation,400,400,3,3,9,3,50,25,,0,4,400,0.01,True,step_limit,8e4b9e393830eade6293e58f00d916157ad8beda3c61d3bfb0d460b31a1246d0,136,30,138,22,47,27,0,4.190325736999512,6.631207466125487,9.031534194946289,,,,,,,,,,,,,,,,29100027,39100027,B,r1,classic,0.3333333333333333
1,1,_run_plan_aae86dae1e_82f3e9c695,evaluation,400,400,2,2,9,2,62,30,,0,5,400,0.0125,True,step_limit,d4583ebd8f4a23e5255cd073b67146b8ae0c9afdaa04699f0d91eedceafa0c0d,39,122,26,125,58,30,0,2.8905868530273438,5.18698692321777,10.659456253051758,,,,,,,,,,,,,,,,29100028,39100028,B,r1,classic,0.2222222222222222
1,1,_run_plan_aae86dae1e_82f3e9c695,evaluation,210,210,1,1,9,2,35,28,,1,3,210,0.014285714285714285,False,killed,73c1837a801aa49458ec14762ce357af175396522baca37d592822865edb474b,32,37,34,43,35,29,0,2.4901628494262695,6.4825892448425275,8.74471664428711,,,,,,,,,,,,,,,,29100029,39100029,B,r1,classic,0.1111111111111111
1,1,_run_plan_aae86dae1e_82f3e9c695,evaluation,400,400,3,3,9,3,41,21,,0,4,400,0.01,True,step_limit,f23e3154b9ecbfc401ae7f74c5b85c75eae76bce11742dcf07463ee36813d901,147,25,150,18,37,23,0,4.383683204650879,8.008825778961182,9.192466735839844,,,,,,,,,,,,,,,,29100030,39100030,B,r1,classic,0.3333333333333333
1,1,_run_plan_aae86dae1e_82f3e9c695,evaluation,400,400,0,0,9,0,25,8,,0,0,400,0.0,True,step_limit,58f56a7ff2f315f61f947b9fb687de38d5a4d61a871bbbb9154ea0c99ac0bb3b,178,10,181,6,17,8,0,4.144072532653809,6.5874457359313965,7.756471633911133,,,,,,,,,,,,,,,,29100031,39100031,B,r1,classic,0.0
1,1,_run_plan_aae86dae1e_82f3e9c695,evaluation,400,400,1,1,9,1,24,10,,0,1,400,0.0025,True,step_limit,3b02afd9ef67f22f60006e2b304bf9efb951011ac882a21cc5743040673825e9,169,18,172,17,14,10,0,3.306269645690918,5.8315157890319815,6.94727897644043,,,,,,,,,,,,,,,,29100032,39100032,B,r1,classic,0.1111111111111111
1,1,_run_plan_aae86dae1e_82f3e9c695,evaluation,400,400,0,0,9,1,11,4,,0,0,400,0.0,True,step_limit,a5e67717ff867de6b4a83d8cc64affba2477916344c561336eea372eb214e621,189,3,191,3,10,4,0,2.291560173034668,3.219616413116455,3.9174556732177734,,,,,,,,,,,,,,,,29100033,39100033,B,r1,classic,0.0
1,1,_run_plan_aae86dae1e_82f3e9c695,evaluation,400,400,5,5,9,5,89,53,,0,4,400,0.01,True,step_limit,250c5cee66510eaf969a4237d5a907b92a1405ac7c67d53552666ee80f819b65,62,73,46,88,77,54,0,2.653956413269043,7.269120216369626,9.731292724609375,,,,,,,,,,,,,,,,29100034,39100034,B,r1,classic,0.5555555555555556
1,1,_run_plan_aae86dae1e_82f3e9c695,evaluation,400,400,1,1,9,2,10,5,,0,4,400,0.01,True,step_limit,2942eed0741d9c25d8983c00b39f87dbd0c1fe86ac44df595d49472fbeab9a8d,188,8,184,10,5,5,0,1.7070770263671875,2.312135696411132,3.5016536712646484,,,,,,,,,,,,,,,,29100035,39100035,B,r1,classic,0.1111111111111111
1,1,_run_plan_aae86dae1e_82f3e9c695,evaluation,109,109,2,2,9,3,31,14,,1,4,109,0.03669724770642202,False,killed,5d0583b6ce798df7bb9d889413890bd24ef0025a86d0662b3be14dfdae65573b,14,15,15,28,23,14,0,1.5704631805419922,3.4248352050781246,4.452705383300781,,,,,,,,,,,,,,,,29100036,39100036,B,r1,classic,0.2222222222222222
1,1,_run_plan_aae86dae1e_82f3e9c695,evaluation,400,400,1,1,9,2,27,12,,0,4,400,0.01,True,step_limit,6a2709b993229e627f8e4db548660e8a51421c97c2b4edd66dd6bf5f91977e44,171,16,163,20,18,12,0,3.465414047241211,4.1731953620910645,5.148410797119141,,,,,,,,,,,,,,,,29100037,39100037,B,r1,classic,0.1111111111111111
1,1,_run_plan_aae86dae1e_82f3e9c695,evaluation,35,35,1,1,9,2,9,5,,1,2,35,0.05714285714285714,False,killed,67be5bdf698bf8fc847d91e076e45aea1d55026859ff24bd2e7dcb6acfbc1e6a,3,3,5,7,10,7,0,1.2969970703125,2.3455142974853516,3.1604766845703125,,,,,,,,,,,,,,,,29100038,39100038,B,r1,classic,0.1111111111111111
1,1,_run_plan_aae86dae1e_82f3e9c695,evaluation,54,54,1,1,9,2,16,7,,1,1,54,0.018518518518518517,False,killed,5bccb5558de3bccedb5f8df3cbb8b1b021342cf8dd4237e04f58e9ea89dd0925,9,8,5,8,16,8,0,1.3753175735473633,2.572166919708252,3.173828125,,,,,,,,,,,,,,,,29100039,39100039,B,r1,classic,0.1111111111111111
1,1,_run_plan_aae86dae1e_82f3e9c695,evaluation,400,400,2,2,9,3,43,49,,0,33,400,0.0825,True,step_limit,5122d808ef7822289295dde85209ace5c3ffbcc5fb5ce4e65591c3be02461854,75,87,45,92,49,52,0,2.8319358825683594,8.255267143249512,9.295225143432617,,,,,,,,,,,,,,,,29100040,39100040,B,r1,classic,0.2222222222222222
1,1,_run_plan_aae86dae1e_82f3e9c695,evaluation,400,400,0,0,50,0,0,0,,0,399,400,0.9975,True,step_limit,a1cf38ac769150887a263f8942c964a9605f12dbed928fb646ff18b3470c749b,0,0,1,399,0,0,0,3.5114288330078125,4.021000862121582,4.42194938659668,,,,,,,,,,,,,,,,29100101,39100101,B,r1,coin-heaven,0.0
1,1,_run_plan_aae86dae1e_82f3e9c695,evaluation,400,400,9,9,50,0,0,0,,0,381,400,0.9525,True,step_limit,5d4242be66fcc4bfe57a19e9dda13e0f7b1bc28ae1a7ab2f110a5681a63a5c3d,1,2,394,3,0,0,0,4.634976387023926,5.618250370025634,11.835575103759766,,,,,,,,,,,,,,,,29100102,39100102,B,r1,coin-heaven,0.18
1,1,_run_plan_aae86dae1e_82f3e9c695,evaluation,400,400,3,3,50,0,0,0,,0,397,400,0.9925,True,step_limit,78493520fe3c9685fc216ef8d0d7ed81a34f68c24d3b5ecea446c17ca87791bc,0,1,399,0,0,0,0,4.658937454223633,5.338847637176514,5.767107009887695,,,,,,,,,,,,,,,,29100103,39100103,B,r1,coin-heaven,0.06
1,1,_run_plan_aae86dae1e_82f3e9c695,evaluation,400,400,5,5,50,0,0,0,,0,0,400,0.0,True,step_limit,586b25cff3cfd91e64eafbbfefddf5aa445746027729cb86252b5c4f9af47d76,197,0,203,0,0,0,0,5.858421325683594,6.682515144348138,12.866497039794922,,,,,,,,,,,,,,,,29100104,39100104,B,r1,coin-heaven,0.1
1,1,_run_plan_aae86dae1e_82f3e9c695,evaluation,400,400,1,1,50,0,0,0,,0,398,400,0.995,True,step_limit,1bdddf1c7190e84dabb5ffa242a8c2e4e333766780027c1a27724e98bd2a7e6e,1,0,399,0,0,0,0,3.3414363861083984,3.63849401473999,4.417181015014648,,,,,,,,,,,,,,,,29100105,39100105,B,r1,coin-heaven,0.02
1,1,_run_plan_aae86dae1e_82f3e9c695,evaluation,400,400,0,0,50,0,0,0,,0,399,400,0.9975,True,step_limit,a1cf38ac769150887a263f8942c964a9605f12dbed928fb646ff18b3470c749b,0,0,1,399,0,0,0,3.4960508346557617,4.068970680236816,4.452943801879883,,,,,,,,,,,,,,,,29100106,39100106,B,r1,coin-heaven,0.0
1,1,_run_plan_aae86dae1e_82f3e9c695,evaluation,400,400,0,0,50,0,0,0,,0,399,400,0.9975,True,step_limit,a1cf38ac769150887a263f8942c964a9605f12dbed928fb646ff18b3470c749b,0,0,1,399,0,0,0,3.49581241607666,3.872358798980713,4.518270492553711,,,,,,,,,,,,,,,,29100107,39100107,B,r1,coin-heaven,0.0
1,1,_run_plan_aae86dae1e_82f3e9c695,evaluation,400,400,2,2,50,0,0,0,,0,397,400,0.9925,True,step_limit,0f8d45151545d5e5786b9c3ecb036182473d3287824cb62b7399eaf0ba881777,1,1,398,0,0,0,0,3.5053491592407227,3.9859175682067858,4.454851150512695,,,,,,,,,,,,,,,,29100108,39100108,B,r1,coin-heaven,0.04
1,1,_run_plan_aae86dae1e_82f3e9c695,evaluation,400,400,2,2,50,0,0,1,,0,392,400,0.98,True,step_limit,93d624b9aa2efa80f0a90a11d0bdc84c8524cf1eff6f14368b13326529f8d1e2,3,3,392,1,0,1,0,5.8373212814331055,6.599843502044674,9.597301483154297,,,,,,,,,,,,,,,,29100109,39100109,B,r1,coin-heaven,0.04
1,1,_run_plan_aae86dae1e_82f3e9c695,evaluation,400,400,0,0,50,0,0,0,,0,400,400,1.0,True,step_limit,e100db7421c373a02df4b6f512e80a61352a9d71964006dd853aca0090cd070a,0,0,400,0,0,0,0,3.373384475708008,3.7093162536621085,4.438161849975586,,,,,,,,,,,,,,,,29100110,39100110,B,r1,coin-heaven,0.0
1,1,_run_plan_aae86dae1e_82f3e9c695,evaluation,400,400,1,1,50,0,0,0,,0,400,400,1.0,True,step_limit,e100db7421c373a02df4b6f512e80a61352a9d71964006dd853aca0090cd070a,0,0,400,0,0,0,0,3.3501386642456055,3.6574482917785622,4.586935043334961,,,,,,,,,,,,,,,,29100111,39100111,B,r1,coin-heaven,0.02
1,1,_run_plan_aae86dae1e_82f3e9c695,evaluation,400,400,1,1,50,0,0,0,,0,397,400,0.9925,True,step_limit,f5519ba09c3ef1231da945f13960c077a9b15e7530a60ef783011c1b31ec3756,1,2,0,397,0,0,0,4.626750946044922,5.314838886260985,6.049633026123047,,,,,,,,,,,,,,,,29100112,39100112,B,r1,coin-heaven,0.02
1,1,_run_plan_aae86dae1e_82f3e9c695,evaluation,400,400,0,0,50,0,0,0,,0,399,400,0.9975,True,step_limit,a1cf38ac769150887a263f8942c964a9605f12dbed928fb646ff18b3470c749b,0,0,1,399,0,0,0,3.4754276275634766,3.825747966766357,4.449605941772461,,,,,,,,,,,,,,,,29100113,39100113,B,r1,coin-heaven,0.0
1,1,_run_plan_aae86dae1e_82f3e9c695,evaluation,400,400,1,1,50,0,0,1,,0,2,400,0.005,True,step_limit,25f889b0668e18dc21b72aea3fce8d27b2393a34190a07eaf21b17288dae0f8f,198,2,197,2,0,1,0,5.2471160888671875,5.550408363342284,6.578922271728516,,,,,,,,,,,,,,,,29100114,39100114,B,r1,coin-heaven,0.02
1,1,_run_plan_aae86dae1e_82f3e9c695,evaluation,400,400,1,1,50,0,0,1,,0,1,400,0.0025,True,step_limit,f437e6896bc439df01cc0b022be5fd42b1f94b0d80775e9e83c6600e526a7a16,199,2,197,1,0,1,0,5.244135856628418,8.637166023254393,10.179519653320312,,,,,,,,,,,,,,,,29100115,39100115,B,r1,coin-heaven,0.02
1,1,_run_plan_aae86dae1e_82f3e9c695,evaluation,400,400,1,1,50,0,0,0,,0,0,400,0.0,True,step_limit,22dca40840b524fe41c5c274828b562e7f37bd5ddabfcf44dc084a9cbb6fcfb9,201,0,199,0,0,0,0,4.375696182250977,5.58662414550781,6.446599960327148,,,,,,,,,,,,,,,,29100116,39100116,B,r1,coin-heaven,0.02
1,1,_run_plan_aae86dae1e_82f3e9c695,evaluation,400,400,2,2,50,0,0,1,,0,390,400,0.975,True,step_limit,42530e9df2192b3d6e32049021d1181f3a99efe479607a67241d8bdd4c3c320e,2,2,5,390,0,1,0,5.760669708251953,6.697976589202881,10.58340072631836,,,,,,,,,,,,,,,,29100117,39100117,B,r1,coin-heaven,0.04
1,1,_run_plan_aae86dae1e_82f3e9c695,evaluation,400,400,0,0,50,0,0,0,,0,399,400,0.9975,True,step_limit,a1cf38ac769150887a263f8942c964a9605f12dbed928fb646ff18b3470c749b,0,0,1,399,0,0,0,3.473997116088867,3.9704442024230953,4.597902297973633,,,,,,,,,,,,,,,,29100118,39100118,B,r1,coin-heaven,0.0
1,1,_run_plan_aae86dae1e_82f3e9c695,evaluation,400,400,0,0,50,0,0,0,,0,399,400,0.9975,True,step_limit,a1cf38ac769150887a263f8942c964a9605f12dbed928fb646ff18b3470c749b,0,0,1,399,0,0,0,3.4875869750976562,3.7823557853698726,4.298925399780273,,,,,,,,,,,,,,,,29100119,39100119,B,r1,coin-heaven,0.0
1,1,_run_plan_aae86dae1e_82f3e9c695,evaluation,400,400,0,0,50,0,0,0,,0,399,400,0.9975,True,step_limit,a1cf38ac769150887a263f8942c964a9605f12dbed928fb646ff18b3470c749b,0,0,1,399,0,0,0,3.4720897674560547,3.8335680961608882,4.428386688232422,,,,,,,,,,,,,,,,29100120,39100120,B,r1,coin-heaven,0.0
1,1,_run_plan_aae86dae1e_82f3e9c695,evaluation,400,400,0,0,50,0,0,0,,0,0,400,0.0,True,step_limit,849ce254fac996bcccfe6c4e8dde38e2f1c31cbde8f776596683901842342715,199,0,201,0,0,0,0,5.228757858276367,5.703747272491454,6.302833557128906,,,,,,,,,,,,,,,,29100121,39100121,B,r1,coin-heaven,0.0
1,1,_run_plan_aae86dae1e_82f3e9c695,evaluation,400,400,8,8,50,0,0,0,,0,0,400,0.0,True,step_limit,d98cfc08becfa7087514f2a9337e88eec140052acbd76cec3afbd2940a68d376,195,9,195,1,0,0,0,6.353139877319336,6.775534152984618,8.177042007446289,,,,,,,,,,,,,,,,29100122,39100122,B,r1,coin-heaven,0.16
1,1,_run_plan_aae86dae1e_82f3e9c695,evaluation,400,400,5,5,50,0,0,0,,0,386,400,0.965,True,step_limit,e100db7421c373a02df4b6f512e80a61352a9d71964006dd853aca0090cd070a,0,0,400,0,0,0,0,3.3233165740966797,4.01456356048584,7.423162460327148,,,,,,,,,,,,,,,,29100123,39100123,B,r1,coin-heaven,0.1
1,1,_run_plan_aae86dae1e_82f3e9c695,evaluation,400,400,0,0,50,0,0,0,,0,399,400,0.9975,True,step_limit,f1930b147c84d5e66e8644800fc583b118ee8e62b5cde4c1746741da4c81d71a,1,0,0,399,0,0,0,3.501772880554199,4.081165790557861,5.623340606689453,,,,,,,,,,,,,,,,29100124,39100124,B,r1,coin-heaven,0.0
1,1,_run_plan_aae86dae1e_82f3e9c695,evaluation,400,400,3,3,50,0,0,0,,0,0,400,0.0,True,step_limit,586b25cff3cfd91e64eafbbfefddf5aa445746027729cb86252b5c4f9af47d76,197,0,203,0,0,0,0,5.748271942138672,6.726300716400146,8.11767578125,,,,,,,,,,,,,,,,29100125,39100125,B,r1,coin-heaven,0.06
1,1,_run_plan_aae86dae1e_82f3e9c695,evaluation,400,400,1,1,50,0,0,0,,0,399,400,0.9975,True,step_limit,e1dc9dfbcdf3c452efe0b03d2630de08e2ae401709ecb81858b87a0d97f99e24,0,1,399,0,0,0,0,3.521561622619629,4.065620899200439,4.539966583251953,,,,,,,,,,,,,,,,29100126,39100126,B,r1,coin-heaven,0.02
1,1,_run_plan_aae86dae1e_82f3e9c695,evaluation,400,400,1,1,50,0,0,0,,0,0,400,0.0,True,step_limit,849ce254fac996bcccfe6c4e8dde38e2f1c31cbde8f776596683901842342715,199,0,201,0,0,0,0,5.139350891113281,5.624353885650635,6.456136703491211,,,,,,,,,,,,,,,,29100127,39100127,B,r1,coin-heaven,0.02
1,1,_run_plan_aae86dae1e_82f3e9c695,evaluation,400,400,5,5,50,0,0,1,,0,386,400,0.965,True,step_limit,1afbd1b991f5a87c360bb7494fa925fc671e9a90192f27eb552d3e3dd9418969,2,2,9,386,0,1,0,6.432890892028809,6.868493556976317,10.737895965576172,,,,,,,,,,,,,,,,29100128,39100128,B,r1,coin-heaven,0.1
1,1,_run_plan_aae86dae1e_82f3e9c695,evaluation,400,400,0,0,50,0,0,0,,0,400,400,1.0,True,step_limit,e100db7421c373a02df4b6f512e80a61352a9d71964006dd853aca0090cd070a,0,0,400,0,0,0,0,3.3369064331054688,3.63495349884033,4.379987716674805,,,,,,,,,,,,,,,,29100129,39100129,B,r1,coin-heaven,0.0
1,1,_run_plan_aae86dae1e_82f3e9c695,evaluation,400,400,3,3,50,0,0,1,,0,390,400,0.975,True,step_limit,d5ddea641cbb160afc1c2e52983fc250fe44b6a36c00a576806ba6e28dec2e02,1,2,4,390,2,1,0,5.675554275512695,6.451022624969481,8.628368377685547,,,,,,,,,,,,,,,,29100130,39100130,B,r1,coin-heaven,0.06
1,1,_run_plan_aae86dae1e_82f3e9c695,evaluation,400,400,0,0,50,0,0,0,,0,399,400,0.9975,True,step_limit,d23d6a7d00d5cb816c05d255a5fd7aa3e5f54b0b655eb1a0282a10f75c353864,0,0,399,1,0,0,0,3.509998321533203,3.825783729553222,4.510641098022461,,,,,,,,,,,,,,,,29100131,39100131,B,r1,coin-heaven,0.0
1,1,_run_plan_aae86dae1e_82f3e9c695,evaluation,400,400,1,1,50,0,0,0,,0,1,400,0.0025,True,step_limit,3e457cc2304ad2ccf2d6296a66213cdc8d455614dc7958b9ee35c31a82fdf5fa,200,0,200,0,0,0,0,3.437519073486328,3.8781166076660156,4.3926239013671875,,,,,,,,,,,,,,,,29100132,39100132,B,r1,coin-heaven,0.02
1,1,_run_plan_aae86dae1e_82f3e9c695,evaluation,400,400,1,1,50,0,0,0,,0,0,400,0.0,True,step_limit,ec4d2d691ba807368054ab792e15b86f9a876da886ced21d0f6805ce126bf166,200,0,200,0,0,0,0,3.4754276275634766,3.8225173950195304,4.457712173461914,,,,,,,,,,,,,,,,29100133,39100133,B,r1,coin-heaven,0.02
1,1,_run_plan_aae86dae1e_82f3e9c695,evaluation,400,400,0,0,50,0,0,0,,0,400,400,1.0,True,step_limit,e100db7421c373a02df4b6f512e80a61352a9d71964006dd853aca0090cd070a,0,0,400,0,0,0,0,3.339409828186035,3.5916686058044434,4.397392272949219,,,,,,,,,,,,,,,,29100134,39100134,B,r1,coin-heaven,0.0
1,1,_run_plan_aae86dae1e_82f3e9c695,evaluation,400,400,0,0,50,0,0,0,,0,400,400,1.0,True,step_limit,e100db7421c373a02df4b6f512e80a61352a9d71964006dd853aca0090cd070a,0,0,400,0,0,0,0,3.34322452545166,3.716611862182617,4.189014434814453,,,,,,,,,,,,,,,,29100135,39100135,B,r1,coin-heaven,0.0
1,1,_run_plan_aae86dae1e_82f3e9c695,evaluation,400,400,1,1,50,0,0,0,,0,399,400,0.9975,True,step_limit,a160d03ff4fecda24e5d6f0afb9abd3f843ba89ab5433a09694a25305afdb3ed,1,0,1,398,0,0,0,3.489851951599121,3.7729382514953613,4.512548446655273,,,,,,,,,,,,,,,,29100136,39100136,B,r1,coin-heaven,0.02
1,1,_run_plan_aae86dae1e_82f3e9c695,evaluation,400,400,1,1,50,0,0,0,,0,399,400,0.9975,True,step_limit,27e0c2bcc06c0280ffbe452b5a84cfc1b7b622a3d6327335f275d15ca7b47ee1,0,0,399,1,0,0,0,3.503561019897461,3.767943382263183,4.264116287231445,,,,,,,,,,,,,,,,29100137,39100137,B,r1,coin-heaven,0.02
1,1,_run_plan_aae86dae1e_82f3e9c695,evaluation,400,400,2,2,50,0,0,0,,0,397,400,0.9925,True,step_limit,f5519ba09c3ef1231da945f13960c077a9b15e7530a60ef783011c1b31ec3756,1,2,0,397,0,0,0,4.644632339477539,5.33064603805542,6.111621856689453,,,,,,,,,,,,,,,,29100138,39100138,B,r1,coin-heaven,0.04
1,1,_run_plan_aae86dae1e_82f3e9c695,evaluation,400,400,5,5,50,0,0,0,,0,0,400,0.0,True,step_limit,98b36e809b1466c9cc342b59b333e2ba5c70d0d3fd97cde083f4304bbb547362,196,0,202,2,0,0,0,7.565855979919434,10.626602172851562,11.84391975402832,,,,,,,,,,,,,,,,29100139,39100139,B,r1,coin-heaven,0.1
1,1,_run_plan_aae86dae1e_82f3e9c695,evaluation,400,400,2,2,50,0,0,0,,0,1,400,0.0025,True,step_limit,3e457cc2304ad2ccf2d6296a66213cdc8d455614dc7958b9ee35c31a82fdf5fa,200,0,200,0,0,0,0,3.444671630859375,3.9165616035461426,4.368782043457031,,,,,,,,,,,,,,,,29100140,39100140,B,r1,coin-heaven,0.04
1,1,_run_plan_aae86dae1e_82f3e9c695,evaluation,400,400,14,14,50,16,35,14,,0,298,400,0.745,True,step_limit,0045b181e2f4224f221927ecb468d4a37dd72dfe6550b7d7952ab3bbbf49d6ab,21,28,17,301,8,25,0,3.4857988357543945,4.331648349761959,7.358789443969727,,,,,,,,,,,,,,,,29100201,39100201,B,r1,loot-crate,0.28
1,1,_run_plan_aae86dae1e_82f3e9c695,evaluation,400,400,0,0,50,1,5,3,,0,381,400,0.9525,True,step_limit,e1e2b392f7ab6535977862a67bbc4c0e13370b97d40e944baf8a301cd389d8c3,4,1,1,383,8,3,0,3.6853551864624023,3.960609436035155,4.776954650878906,,,,,,,,,,,,,,,,29100202,39100202,B,r1,loot-crate,0.0
1,1,_run_plan_aae86dae1e_82f3e9c695,evaluation,32,32,3,3,50,5,13,4,,1,1,32,0.03125,False,killed,b5ca319f3cb396cfd40715d88be4f403288ceec536d36fe7d05325274689eff1,3,10,3,6,5,5,0,1.2917518615722656,2.1205544471740723,2.2814273834228516,,,,,,,,,,,,,,,,29100203,39100203,B,r1,loot-crate,0.06
1,1,_run_plan_aae86dae1e_82f3e9c695,evaluation,28,28,3,3,50,5,7,4,,1,3,28,0.10714285714285714,False,killed,0ec93089cabe022338e62bb4f02ae255c13fd158ca4f38bd483e6967859e760f,5,1,5,7,5,5,0,0.9641647338867188,1.7801523208618164,1.9185543060302734,,,,,,,,,,,,,,,,29100204,39100204,B,r1,loot-crate,0.06
1,1,_run_plan_aae86dae1e_82f3e9c695,evaluation,23,23,1,1,50,2,8,3,,1,0,23,0.0,False,killed,e574f25a8cdcd8547da434f669309598a95a354737c275c57cd123d92c53123d,3,3,3,3,8,3,0,1.0142326354980469,1.7812728881835938,1.804351806640625,,,,,,,,,,,,,,,,29100205,39100205,B,r1,loot-crate,0.02
1,1,_run_plan_aae86dae1e_82f3e9c695,evaluation,400,400,6,6,50,12,21,56,,0,57,400,0.1425,True,step_limit,971c15912141029f15fc26834c474511527486d100e1f0d9e2c345348fc1ab67,37,134,32,85,54,58,0,2.5293827056884766,3.7482142448425293,4.494905471801758,,,,,,,,,,,,,,,,29100206,39100206,B,r1,loot-crate,0.12
1,1,_run_plan_aae86dae1e_82f3e9c695,evaluation,18,18,1,1,50,3,6,2,,1,1,18,0.05555555555555555,False,killed,f00203c8ff384a7f8595b6105adee2b90cb9d829e1c21493ad6aea4d33b1d814,5,1,6,1,2,3,0,0.847935676574707,1.3975024223327634,1.5022754669189453,,,,,,,,,,,,,,,,29100207,39100207,B,r1,loot-crate,0.02
1,1,_run_plan_aae86dae1e_82f3e9c695,evaluation,18,18,2,2,50,4,7,2,,1,1,18,0.05555555555555555,False,killed,eb1b8c537ea071719fcf6cfafa1959359e4839c35bdaef5e7afc80aa92ce6ca8,5,1,6,1,2,3,0,0.9340047836303711,1.45423412322998,1.7399787902832031,,,,,,,,,,,,,,,,29100208,39100208,B,r1,loot-crate,0.04
1,1,_run_plan_aae86dae1e_82f3e9c695,evaluation,400,400,6,6,50,7,23,9,,0,2,400,0.005,True,step_limit,6f39ecb4a6e475d7a874107b9096b94d5d5ace2f8627ee972308c09bdae1641a,11,174,12,178,15,10,0,3.9491653442382812,6.343770027160644,7.813453674316406,,,,,,,,,,,,,,,,29100209,39100209,B,r1,loot-crate,0.12
1,1,_run_plan_aae86dae1e_82f3e9c695,evaluation,400,400,6,6,50,7,34,15,,0,8,400,0.02,True,step_limit,acf2b292ec72275a49ec1cea8d2a45de909ef9078e0bc48337ed490f6f62fe0f,16,24,22,16,304,18,0,1.9429922103881836,3.1662344932556143,5.723237991333008,,,,,,,,,,,,,,,,29100210,39100210,B,r1,loot-crate,0.12
1,1,_run_plan_aae86dae1e_82f3e9c695,evaluation,400,400,3,3,50,6,15,7,,0,5,400,0.0125,True,step_limit,10c49caa9c6b481e59f73cdaff12ef5bbf2dab9993dd408e3e84576e35e8ba35,9,179,10,183,11,8,0,3.6759376525878906,4.504644870758056,5.42902946472168,,,,,,,,,,,,,,,,29100211,39100211,B,r1,loot-crate,0.06
1,1,_run_plan_aae86dae1e_82f3e9c695,evaluation,400,400,6,6,50,11,23,11,,0,324,400,0.81,True,step_limit,7474b05720c2e0aaf9750fc1c7efb27f896162bf7587575581ef669e6de96feb,335,18,9,12,12,14,0,1.6436576843261719,2.2592544555664054,5.144596099853516,,,,,,,,,,,,,,,,29100212,39100212,B,r1,loot-crate,0.12
1,1,_run_plan_aae86dae1e_82f3e9c695,evaluation,104,104,8,8,50,10,29,14,,1,9,104,0.08653846153846154,False,killed,5b44d40c86e869dceb15e51d5df6204363a96d627c624c9601c537ebe472dfff,22,16,16,22,9,19,0,1.6632080078125,3.6431789398193346,5.597352981567383,,,,,,,,,,,,,,,,29100213,39100213,B,r1,loot-crate,0.16
1,1,_run_plan_aae86dae1e_82f3e9c695,evaluation,14,14,0,0,50,1,4,2,,1,0,14,0.0,False,killed,d6e1db899e5879f789cc249b72c3043671a0692e00b014b43315d2dbaaa132d2,2,1,2,1,6,2,0,0.8329153060913086,1.4817595481872559,1.4874935150146484,,,,,,,,,,,,,,,,29100214,39100214,B,r1,loot-crate,0.0
1,1,_run_plan_aae86dae1e_82f3e9c695,evaluation,400,400,10,10,50,12,28,53,,0,13,400,0.0325,True,step_limit,136e225d433d8889003f93cb2682efa85395fa6e1a9337be7d4a45eb52094259,112,46,115,46,20,61,0,2.303004264831543,4.325687885284423,7.884025573730469,,,,,,,,,,,,,,,,29100215,39100215,B,r1,loot-crate,0.2
1,1,_run_plan_aae86dae1e_82f3e9c695,evaluation,43,43,1,1,50,3,16,6,,1,3,43,0.06976744186046512,False,killed,aa71c0ce14f529ab4856602f15c1a8250d000768b8176a4a485d1b79b29c1f56,7,5,5,11,8,7,0,1.1835098266601562,2.4520397186279297,3.108501434326172,,,,,,,,,,,,,,,,29100216,39100216,B,r1,loot-crate,0.02
1,1,_run_plan_aae86dae1e_82f3e9c695,evaluation,400,400,6,6,50,9,24,11,,0,12,400,0.03,True,step_limit,bcfc1e6284a0740eeab64da100f1740b90ebb1b90ff9dd64f6dc9717a8cf690a,176,14,175,9,8,18,0,3.8907527923583984,6.205534934997559,7.682085037231445,,,,,,,,,,,,,,,,29100217,39100217,B,r1,loot-crate,0.12
1,1,_run_plan_aae86dae1e_82f3e9c695,evaluation,400,400,15,15,50,19,45,16,,0,8,400,0.02,True,step_limit,361fc930b924f7adf0e0ad5b47b24c44acf13277d86e5c62d7d91ca83981b526,151,28,147,48,8,18,0,2.6330947875976562,3.7858724594116206,7.406949996948242,,,,,,,,,,,,,,,,29100218,39100218,B,r1,loot-crate,0.3
1,1,_run_plan_aae86dae1e_82f3e9c695,evaluation,400,400,2,2,50,3,9,4,,0,368,400,0.92,True,step_limit,b4b1e56751f3d6c69bfb1b5c503e4d09dcedd3d9123dd1a1a4daefbefa34a4c2,5,5,372,8,5,5,0,1.1428594589233398,1.370632648468016,2.3479461669921875,,,,,,,,,,,,,,,,29100219,39100219,B,r1,loot-crate,0.04
1,1,_run_plan_aae86dae1e_82f3e9c695,evaluation,400,400,4,4,50,6,13,5,,0,363,400,0.9075,True,step_limit,d8d407f09dba40ed0fb0de0c02ff171d6e20a01b7cfdb0b61085440076ce9ca2,10,5,8,363,7,7,0,2.205967903137207,2.4665355682373042,3.921031951904297,,,,,,,,,,,,,,,,29100220,39100220,B,r1,loot-crate,0.08
1,1,_run_plan_aae86dae1e_82f3e9c695,evaluation,21,21,0,0,50,1,7,3,,1,0,21,0.0,False,killed,3e31da9bbb56d27d8be131181b2c3e493ea4cd21fb5b51239ccf32e3d79f9ccf,2,2,4,2,8,3,0,1.0676383972167969,1.8606185913085938,2.114534378051758,,,,,,,,,,,,,,,,29100221,39100221,B,r1,loot-crate,0.0
1,1,_run_plan_aae86dae1e_82f3e9c695,evaluation,400,400,3,3,50,4,14,6,,0,6,400,0.015,True,step_limit,09488aab0dc9dcd2293b67982d54e00d04a6f8ce0de64e16463f43f890b323d5,179,16,177,14,6,8,0,2.8601884841918945,3.3135175704956055,4.0149688720703125,,,,,,,,,,,,,,,,29100222,39100222,B,r1,loot-crate,0.06
1,1,_run_plan_aae86dae1e_82f3e9c695,evaluation,61,61,5,5,50,7,18,7,,1,6,61,0.09836065573770492,False,killed,6ec13e152d06c3bdc65548bfb3670fa2f79ef108cbf347d872e521ddc25b9a3e,11,10,15,12,2,11,0,1.728057861328125,3.154277801513672,4.599332809448242,,,,,,,,,,,,,,,,29100223,39100223,B,r1,loot-crate,0.1
1,1,_run_plan_aae86dae1e_82f3e9c695,evaluation,400,400,18,18,50,18,43,15,,0,10,400,0.025,True,step_limit,b0f13458ab08bcff3696b19602997c0a6794500e501a70c284d565c2ea2a2976,153,37,157,26,9,18,0,4.8122406005859375,7.754707336425781,11.888265609741211,,,,,,,,,,,,,,,,29100224,39100224,B,r1,loot-crate,0.36
1,1,_run_plan_aae86dae1e_82f3e9c695,evaluation,18,18,2,2,50,5,8,2,,1,1,18,0.05555555555555555,False,killed,f00203c8ff384a7f8595b6105adee2b90cb9d829e1c21493ad6aea4d33b1d814,5,1,6,1,2,3,0,0.8317232131958008,1.4135122299194334,1.4982223510742188,,,,,,,,,,,,,,,,29100225,39100225,B,r1,loot-crate,0.04
1,1,_run_plan_aae86dae1e_82f3e9c695,evaluation,289,289,36,36,50,37,92,31,,1,35,289,0.12110726643598616,False,killed,70db2db83838f5be5beda0e771a84fa81d3c41822b1d5ea6225babe75349e75a,61,55,44,75,8,46,0,2.9785633087158203,7.512474060058593,10.526180267333984,,,,,,,,,,,,,,,,29100226,39100226,B,r1,loot-crate,0.72
1,1,_run_plan_aae86dae1e_82f3e9c695,evaluation,101,101,9,9,50,12,31,12,,1,12,101,0.1188118811881188,False,killed,b40b47129436a0cf4acafb3d2b27e52484054e134153d53c40a7c8e75d8168ec,11,26,14,23,10,17,0,1.783132553100586,3.8819313049316406,6.084203720092773,,,,,,,,,,,,,,,,29100227,39100227,B,r1,loot-crate,0.18
1,1,_run_plan_aae86dae1e_82f3e9c695,evaluation,400,400,3,3,50,6,10,4,,0,2,400,0.005,True,step_limit,b623a8d59d867bed827db1651977b6f74d41130fc9f04e342c3d1d04da28d044,189,5,192,5,3,6,0,3.31878662109375,4.0262579917907715,5.059957504272461,,,,,,,,,,,,,,,,29100228,39100228,B,r1,loot-crate,0.06
1,1,_run_plan_aae86dae1e_82f3e9c695,evaluation,400,400,25,25,50,27,68,32,,0,16,400,0.04,True,step_limit,9013a1391719821e0aba594d6520685f2d3a01f15f6b0c1ddc2f031ca8a20419,105,65,111,57,28,34,0,2.674102783203125,6.676840782165527,9.812593460083008,,,,,,,,,,,,,,,,29100229,39100229,B,r1,loot-crate,0.5
1,1,_run_plan_aae86dae1e_82f3e9c695,evaluation,400,400,9,9,50,9,30,54,,0,28,400,0.07,True,step_limit,c682dbb56489abff640f9aadc29a2810cfb3b6017856df0d0ee2f5a86d2fb4e3,59,61,63,80,76,61,0,2.8585195541381836,6.295108795166016,7.424354553222656,,,,,,,,,,,,,,,,29100230,39100230,B,r1,loot-crate,0.18
1,1,_run_plan_aae86dae1e_82f3e9c695,evaluation,400,400,3,3,50,5,18,7,,0,6,400,0.015,True,step_limit,162d1282254042501a2ada0c52f154433f23452fb8838c23ba3338c76ccbc57c,15,180,9,185,2,9,0,1.9378662109375,3.461635112762451,4.229068756103516,,,,,,,,,,,,,,,,29100231,39100231,B,r1,loot-crate,0.06
1,1,_run_plan_aae86dae1e_82f3e9c695,evaluation,400,400,11,11,50,16,37,14,,0,9,400,0.0225,True,step_limit,1d27568a4a2edc390326b887dd900c23fff23ddba27dc2890a483326a3828c71,166,22,159,26,9,18,0,2.0668506622314453,3.143167495727539,5.624055862426758,,,,,,,,,,,,,,,,29100232,39100232,B,r1,loot-crate,0.22
1,1,_run_plan_aae86dae1e_82f3e9c695,evaluation,400,400,26,26,50,28,55,28,,0,167,400,0.4175,True,step_limit,78990ce751e306c0b22180b5567f1bdb692ebb999be5ce868b9f11f2a2d49591,49,34,54,198,29,36,0,3.869175910949707,5.20336627960205,7.830619812011719,,,,,,,,,,,,,,,,29100233,39100233,B,r1,loot-crate,0.52
1,1,_run_plan_aae86dae1e_82f3e9c695,evaluation,400,400,4,4,50,6,11,6,,0,366,400,0.915,True,step_limit,f7b3b1e50e27a664c7a33cae8f8a66634743384e21bcbb6f96e00843d3c44135,9,7,6,363,2,13,0,2.899289131164551,3.309524059295654,3.7202835083007812,,,,,,,,,,,,,,,,29100234,39100234,B,r1,loot-crate,0.08
1,1,_run_plan_aae86dae1e_82f3e9c695,evaluation,400,400,3,3,50,6,10,41,,0,1,400,0.0025,True,step_limit,20eb119d16a56c6b9404d023714658a70762b2c426dbf740a949885c24c4e8d1,151,6,153,6,42,42,0,1.4612674713134766,2.2344589233398438,2.559661865234375,,,,,,,,,,,,,,,,29100235,39100235,B,r1,loot-crate,0.06
1,1,_run_plan_aae86dae1e_82f3e9c695,evaluation,400,400,1,1,50,2,7,3,,0,0,400,0.0,True,step_limit,749362e1c400a7e7995e5ded28918f5485cf9c69762ddb852307016642103c62,191,4,193,4,5,3,0,2.294778823852539,3.0805587768554688,3.7069320678710938,,,,,,,,,,,,,,,,29100236,39100236,B,r1,loot-crate,0.02
1,1,_run_plan_aae86dae1e_82f3e9c695,evaluation,400,400,1,1,50,3,10,5,,0,365,400,0.9125,True,step_limit,a034d32c4552722348255c9eabf9475e0d4a006b1f067021b579b2a536b97492,4,6,7,370,8,5,0,2.531886100769043,2.7793288230895987,3.485441207885742,,,,,,,,,,,,,,,,29100237,39100237,B,r1,loot-crate,0.02
1,1,_run_plan_aae86dae1e_82f3e9c695,evaluation,400,400,0,0,50,2,5,2,,0,390,400,0.975,True,step_limit,82a646687ef867285f8add2081a1185efd8aa99d47981dd0f711eb2d66c4f97a,3,2,1,389,2,3,0,1.4677047729492188,1.6165971755981439,2.017498016357422,,,,,,,,,,,,,,,,29100238,39100238,B,r1,loot-crate,0.0
1,1,_run_plan_aae86dae1e_82f3e9c695,evaluation,400,400,1,1,50,3,9,3,,0,383,400,0.9575,True,step_limit,ef7a63f689cefcbb5b3e0933da92c940920ac8a0aa5ecdacb8ef858924f0a8db,5,3,380,4,2,6,0,1.9962787628173828,2.2197604179382324,2.650022506713867,,,,,,,,,,,,,,,,29100239,39100239,B,r1,loot-crate,0.02
1,1,_run_plan_aae86dae1e_82f3e9c695,evaluation,400,400,3,3,50,6,23,53,,0,23,400,0.0575,True,step_limit,018857ef43e23c1e9e56d3637ffd23d69f31ee559173672c1afd97aa8bb6ec33,93,59,94,58,22,74,0,2.6837587356567383,6.465315818786619,8.00776481628418,,,,,,,,,,,,,,,,29100240,39100240,B,r1,loot-crate,0.06
1,1,_run_plan_aae86dae1e_db77fd01af,evaluation,400,400,0,0,9,0,0,0,,0,0,400,0.0,True,step_limit,3e457cc2304ad2ccf2d6296a66213cdc8d455614dc7958b9ee35c31a82fdf5fa,200,0,200,0,0,0,0,0.7978677749633789,0.903618335723877,1.4777183532714844,,,,,,,,,,,,,,,,29100001,39100001,B,r2,classic,0.0
1,1,_run_plan_aae86dae1e_db77fd01af,evaluation,400,400,2,2,9,2,34,13,,0,4,400,0.01,True,step_limit,e2e09bc712f836dec861d9623619280addbf13c3c7a0c38399d97448fc7802aa,168,18,167,14,17,16,0,4.046797752380371,4.910409450531003,6.82830810546875,,,,,,,,,,,,,,,,29100002,39100002,B,r2,classic,0.2222222222222222
1,1,_run_plan_aae86dae1e_db77fd01af,evaluation,400,400,7,7,9,7,97,52,,0,25,400,0.0625,True,step_limit,0d4c3df547f9fb08735732684ce6955faad02f1c5fc2bc9e171d3b43fa07dffd,67,69,55,80,59,70,0,2.9370784759521484,7.268559932708737,10.927438735961914,,,,,,,,,,,,,,,,29100003,39100003,B,r2,classic,0.7777777777777778
1,1,_run_plan_aae86dae1e_db77fd01af,evaluation,36,36,0,0,9,1,16,5,,1,0,36,0.0,False,killed,447132ebd54d2e1f17471c63e146f702a02d8029d733e00d74c121a7035ba5e5,7,6,3,6,9,5,0,0.9405612945556641,1.8362998962402344,1.8925666809082031,,,,,,,,,,,,,,,,29100004,39100004,B,r2,classic,0.0
1,1,_run_plan_aae86dae1e_db77fd01af,evaluation,50,50,0,0,9,1,19,7,,1,0,50,0.0,False,killed,90d35131f407d73e571345c94bfe8eadaa8182ec81de01c6adbdc94f32a6dcfb,10,8,8,8,9,7,0,1.4892816543579102,2.6213407516479483,3.569364547729492,,,,,,,,,,,,,,,,29100005,39100005,B,r2,classic,0.0
1,1,_run_plan_aae86dae1e_db77fd01af,evaluation,400,400,0,0,9,0,0,0,,0,0,400,0.0,True,step_limit,3e457cc2304ad2ccf2d6296a66213cdc8d455614dc7958b9ee35c31a82fdf5fa,200,0,200,0,0,0,0,0.7940530776977539,0.8852481842041013,1.4674663543701172,,,,,,,,,,,,,,,,29100006,39100006,B,r2,classic,0.0
1,1,_run_plan_aae86dae1e_db77fd01af,evaluation,400,400,1,1,9,1,33,18,,0,8,400,0.02,True,step_limit,487ede8a763c0ea095e0e404824c2845202a2bbc24aa82589e99197a12faeb0d,22,156,18,158,25,21,0,4.637598991394043,5.413389205932617,7.916688919067383,,,,,,,,,,,,,,,,29100007,39100007,B,r2,classic,0.1111111111111111
1,1,_run_plan_aae86dae1e_db77fd01af,evaluation,400,400,2,2,9,2,29,18,,0,9,400,0.0225,True,step_limit,92b775ed6bbcfda7d526ceb673008068d4e03ae0d3b10a8f5fee04388d663f6a,18,166,20,154,20,22,0,3.8766860961914062,5.189752578735352,6.356000900268555,,,,,,,,,,,,,,,,29100008,39100008,B,r2,classic,0.2222222222222222
1,1,_run_plan_aae86dae1e_db77fd01af,evaluation,400,400,2,2,9,2,60,53,,0,29,400,0.0725,True,step_limit,8cb48bfdcee9213419c006c730d501db1db5584d3c79eb32757f90dd98dc0d6a,60,87,61,83,39,70,0,3.388524055480957,9.408271312713621,11.929512023925781,,,,,,,,,,,,,,,,29100009,39100009,B,r2,classic,0.2222222222222222
1,1,_run_plan_aae86dae1e_db77fd01af,evaluation,400,400,0,0,9,0,19,8,,0,0,400,0.0,True,step_limit,3726d50b4a82e232a1b1aa6e21ae1bc33b3c3a1021a7885c67f3c19125bb3797,17,176,11,178,10,8,0,3.1332969665527344,4.164588451385497,5.321979522705078,,,,,,,,,,,,,,,,29100010,39100010,B,r2,classic,0.0
1,1,_run_plan_aae86dae1e_db77fd01af,evaluation,400,400,1,1,9,3,44,21,,0,6,400,0.015,True,step_limit,a9fcf234f596cda1dda01a71c60789c857afccc61c83c0f766ad16dae9593783,30,32,19,20,276,23,0,1.2862682342529297,3.0500173568725586,5.954265594482422,,,,,,,,,,,,,,,,29100011,39100011,B,r2,classic,0.1111111111111111
1,1,_run_plan_aae86dae1e_db77fd01af,evaluation,400,400,1,1,9,2,34,15,,0,295,400,0.7375,True,step_limit,b100bce974e2836033e85af3768ba190eabb2ed84170647733dbd697df7d1d84,316,15,20,17,15,17,0,4.335999488830566,4.993295669555664,6.592750549316406,,,,,,,,,,,,,,,,29100012,39100012,B,r2,classic,0.1111111111111111
1,1,_run_plan_aae86dae1e_db77fd01af,evaluation,400,400,2,2,9,3,20,7,,0,353,400,0.8825,True,step_limit,adae485b9b2aab150c9f5544260158d069eee9817639d500cbf1fe5d26244b1b,363,5,8,6,9,9,0,3.6368370056152344,3.9178252220153804,5.609035491943359,,,,,,,,,,,,,,,,29100013,39100013,B,r2,classic,0.2222222222222222
1,1,_run_plan_aae86dae1e_db77fd01af,evaluation,400,400,2,2,9,2,15,6,,0,2,400,0.005,True,step_limit,323bff376ccfdb8a29a847d68c790a8eaf9ce31b9ffb8b5ae4dbea4b2604d8ca,185,8,185,6,8,8,0,3.021240234375,3.5327792167663574,4.503726959228516,,,,,,,,,,,,,,,,29100014,39100014,B,r2,classic,0.2222222222222222
1,1,_run_plan_aae86dae1e_db77fd01af,evaluation,207,207,5,5,9,6,65,28,,1,7,207,0.033816425120772944,False,killed,e8019ba46bd2b8acddbd8dee2fc9f2f1aa4360c6075cf61876e1a5afb9d9b058,39,39,24,36,38,31,0,2.1038055419921875,4.630541801452635,8.8958740234375,,,,,,,,,,,,,,,,29100015,39100015,B,r2,classic,0.5555555555555556
1,1,_run_plan_aae86dae1e_db77fd01af,evaluation,109,109,0,0,9,2,36,15,,1,2,109,0.01834862385321101,False,killed,d12a98bc427647165c284a2f945112445e1ff463bdcd394afd94877343ed60b7,28,16,17,11,22,15,0,1.5628337860107422,2.955007553100585,3.6649703979492188,,,,,,,,,,,,,,,,29100016,39100016,B,r2,classic,0.0
1,1,_run_plan_aae86dae1e_db77fd01af,evaluation,21,21,0,0,9,1,10,3,,1,0,21,0.0,False,killed,86f32d13787fde18b35e861237e98624aa5f16fe90c982851cf4e33b612ebab7,3,4,3,4,4,3,0,0.9195804595947266,1.9688606262207031,1.9943714141845703,,,,,,,,,,,,,,,,29100017,39100017,B,r2,classic,0.0
1,1,_run_plan_aae86dae1e_db77fd01af,evaluation,400,400,7,7,9,7,89,45,,0,16,400,0.04,True,step_limit,9690d40b81c4b2033497477ec21817b6051efaca09bd69b18b0f57ab2cd218ae,65,88,51,82,57,57,0,2.9164552688598633,6.829857826232907,11.32655143737793,,,,,,,,,,,,,,,,29100018,39100018,B,r2,classic,0.7777777777777778
1,1,_run_plan_aae86dae1e_db77fd01af,evaluation,400,400,2,2,9,3,11,5,,0,1,400,0.0025,True,step_limit,fd89cc47b9c951c0cb602af53a1cfd1f8ca80b905ac7c24eccecff42071a9b7a,8,185,6,187,8,6,0,2.6175975799560547,3.8176536560058594,4.436254501342773,,,,,,,,,,,,,,,,29100019,39100019,B,r2,classic,0.2222222222222222
1,1,_run_plan_aae86dae1e_db77fd01af,evaluation,58,58,0,0,9,1,24,8,,1,0,58,0.0,False,killed,e1207780c5122877ff3f66334174286ea65609abe70d75cf388f01a82aaed409,11,10,5,4,20,8,0,1.2922286987304688,2.6280879974365234,5.215167999267578,,,,,,,,,,,,,,,,29100020,39100020,B,r2,classic,0.0
1,1,_run_plan_aae86dae1e_db77fd01af,evaluation,400,400,0,0,9,1,9,3,,0,1,400,0.0025,True,step_limit,6602d54ff3b55aa4e2e1fad574a8231be45d96603d0b27903aaea02f1596f493,1,5,2,5,383,4,0,1.8961429595947266,2.197420597076416,2.547740936279297,,,,,,,,,,,,,,,,29100021,39100021,B,r2,classic,0.0
1,1,_run_plan_aae86dae1e_db77fd01af,evaluation,400,400,5,5,9,5,60,33,,0,9,400,0.0225,True,step_limit,8d161241bb3a27cdac4b1ddc3a6cf9d31a3b61dd33aa8cb44e3e1ecd0bfed5a8,45,119,34,120,43,39,0,3.585934638977051,5.6940078735351545,7.163524627685547,,,,,,,,,,,,,,,,29100022,39100022,B,r2,classic,0.5555555555555556
1,1,_run_plan_aae86dae1e_db77fd01af,evaluation,85,85,2,2,9,3,25,11,,1,5,85,0.058823529411764705,False,killed,304ba356da817b6e29fc88f9a488941628e6fa930b93d3f5c9a95f9460668322,13,21,11,14,13,13,0,1.48773193359375,2.7051925659179688,3.099679946899414,,,,,,,,,,,,,,,,29100023,39100023,B,r2,classic,0.2222222222222222
1,1,_run_plan_aae86dae1e_db77fd01af,evaluation,400,400,4,4,9,4,64,40,,0,36,400,0.09,True,step_limit,2ef4bfb10713452aafb428d5b1e9bcb23a9fd59bb060c31961c637e5e4bf7f33,100,68,101,55,28,48,0,3.4018754959106445,6.448996067047114,9.53221321105957,,,,,,,,,,,,,,,,29100024,39100024,B,r2,classic,0.4444444444444444
1,1,_run_plan_aae86dae1e_db77fd01af,evaluation,400,400,0,0,9,0,14,7,,0,5,400,0.0125,True,step_limit,41ae00b99f81bd2d15bf9689e821f81befb3f789d0c9cd2e00983434d11aedb8,9,182,9,179,9,12,0,2.752065658569336,3.204488754272461,4.266977310180664,,,,,,,,,,,,,,,,29100025,39100025,B,r2,classic,0.0
1,1,_run_plan_aae86dae1e_db77fd01af,evaluation,400,400,0,0,9,1,10,4,,0,372,400,0.93,True,step_limit,b05757893607fc1559eeb9aaddce69c0833f3add64606e192a7924435aa17b35,3,6,374,5,7,5,0,1.5217065811157227,1.647984981536865,2.8252601623535156,,,,,,,,,,,,,,,,29100026,39100026,B,r2,classic,0.0
1,1,_run_plan_aae86dae1e_db77fd01af,evaluation,87,87,0,0,9,1,25,12,,1,4,87,0.04597701149425287,False,killed,37fc9adec4c8736edaab142a7b32f81c05ff56b396c0d0bd8f4534357ef7f92d,12,17,14,16,15,13,0,1.6875267028808594,3.8251876831054705,5.500316619873047,,,,,,,,,,,,,,,,29100027,39100027,B,r2,classic,0.0
1,1,_run_plan_aae86dae1e_db77fd01af,evaluation,400,400,0,0,9,0,13,5,,0,1,400,0.0025,True,step_limit,78d0d9718665c05988558a753be2bfda0874d026bc86f6697e9b905fdeccf5c9,184,11,184,6,10,5,0,3.314495086669922,4.043304920196533,5.172252655029297,,,,,,,,,,,,,,,,29100028,39100028,B,r2,classic,0.0
1,1,_run_plan_aae86dae1e_db77fd01af,evaluation,400,400,0,0,9,0,0,0,,0,0,400,0.0,True,step_limit,3e457cc2304ad2ccf2d6296a66213cdc8d455614dc7958b9ee35c31a82fdf5fa,200,0,200,0,0,0,0,0.8078813552856445,0.9055852890014647,1.4650821685791016,,,,,,,,,,,,,,,,29100029,39100029,B,r2,classic,0.0
1,1,_run_plan_aae86dae1e_db77fd01af,evaluation,64,64,0,0,9,1,18,9,,1,3,64,0.046875,False,killed,b6b5a29d4f58be0f5753e4f44d2442fae16f7177214dfb6c6c731c902e6bc735,6,16,8,10,12,12,0,1.5611648559570312,3.8068294525146444,5.068778991699219,,,,,,,,,,,,,,,,29100030,39100030,B,r2,classic,0.0
1,1,_run_plan_aae86dae1e_db77fd01af,evaluation,400,400,0,0,9,1,13,6,,0,360,400,0.9,True,step_limit,afd13442aefe1bfe5fbde62af5e06dada1db41d9c9cfb8b63452e47e371c6a7a,364,9,7,9,5,6,0,2.3151636123657227,2.429187297821044,2.9735565185546875,,,,,,,,,,,,,,,,29100031,39100031,B,r2,classic,0.0
1,1,_run_plan_aae86dae1e_db77fd01af,evaluation,400,400,1,1,9,1,26,51,,0,43,400,0.1075,True,step_limit,f02870045da47e55365bc3d1cd21849c85d2814e216eb2f487b9644e4e3ee8ab,111,59,91,57,9,73,0,2.4629831314086914,5.350100994110095,6.651639938354492,,,,,,,,,,,,,,,,29100032,39100032,B,r2,classic,0.1111111111111111
1,1,_run_plan_aae86dae1e_db77fd01af,evaluation,400,400,5,5,9,5,82,54,,0,28,400,0.07,True,step_limit,537836ca5532242e6242d9b8790a2009c6b67ce2f364fcc8c201ef8a77e83a0a,58,88,64,77,38,75,0,3.40878963470459,8.043766021728516,14.601469039916992,,,,,,,,,,,,,,,,29100033,39100033,B,r2,classic,0.5555555555555556
1,1,_run_plan_aae86dae1e_db77fd01af,evaluation,400,400,5,5,9,5,44,18,,0,11,400,0.0275,True,step_limit,baf5e75a4ba08945a1dc7b25ef1dd4f2ab200635c78ddd7fd5fee14cc367dc13,34,154,15,155,20,22,0,3.1538009643554688,4.151451587677001,6.867885589599609,,,,,,,,,,,,,,,,29100034,39100034,B,r2,classic,0.5555555555555556
1,1,_run_plan_aae86dae1e_db77fd01af,evaluation,400,400,2,2,9,2,12,5,,0,0,400,0.0,True,step_limit,9f6770a5dad1ada211124afa78962fdc0e78d44e6f22ef07ec1a52100b6a8e33,188,4,188,6,9,5,0,2.544283866882324,2.80236005783081,4.502058029174805,,,,,,,,,,,,,,,,29100035,39100035,B,r2,classic,0.2222222222222222
1,1,_run_plan_aae86dae1e_db77fd01af,evaluation,400,400,0,0,9,0,0,0,,0,0,400,0.0,True,step_limit,3e457cc2304ad2ccf2d6296a66213cdc8d455614dc7958b9ee35c31a82fdf5fa,200,0,200,0,0,0,0,0.8068084716796875,0.9004831314086912,1.470327377319336,,,,,,,,,,,,,,,,29100036,39100036,B,r2,classic,0.0
1,1,_run_plan_aae86dae1e_db77fd01af,evaluation,400,400,6,6,9,6,86,52,,0,31,400,0.0775,True,step_limit,96f2dfd78fb4a8d11682b55c5856837f64fe69e125bf74e5f1027d659e104271,60,81,57,86,38,78,0,3.574967384338379,8.957374095916748,10.559558868408203,,,,,,,,,,,,,,,,29100037,39100037,B,r2,classic,0.6666666666666666
1,1,_run_plan_aae86dae1e_db77fd01af,evaluation,400,400,0,0,9,0,0,0,,0,0,400,0.0,True,step_limit,3e457cc2304ad2ccf2d6296a66213cdc8d455614dc7958b9ee35c31a82fdf5fa,200,0,200,0,0,0,0,0.7874965667724609,0.916314125061035,1.529693603515625,,,,,,,,,,,,,,,,29100038,39100038,B,r2,classic,0.0
1,1,_run_plan_aae86dae1e_db77fd01af,evaluation,106,106,5,5,9,6,40,13,,1,8,106,0.07547169811320754,False,killed,d79eef849951b8fbe9f6eb81a24468bda24bcf37454582ad0392b5f53b778d25,23,18,15,13,23,14,0,1.747727394104004,3.732740879058838,6.745338439941406,,,,,,,,,,,,,,,,29100039,39100039,B,r2,classic,0.5555555555555556
1,1,_run_plan_aae86dae1e_db77fd01af,evaluation,400,400,1,1,9,2,32,15,,0,297,400,0.7425,True,step_limit,cc98c7e46cb05d972e367358622a0f99350a886a26e60476a24e2510dcee0bdd,314,14,20,17,17,18,0,4.3364763259887695,4.78096008300781,5.953550338745117,,,,,,,,,,,,,,,,29100040,39100040,B,r2,classic,0.1111111111111111
1,1,_run_plan_aae86dae1e_db77fd01af,evaluation,400,400,0,0,50,0,0,0,,0,0,400,0.0,True,step_limit,868af88dd5c07040cd7792f609ea0a2881a121ba06feea67a096e0e58f5aa111,0,0,1,0,399,0,0,3.542661666870117,3.8964629173278795,4.438638687133789,,,,,,,,,,,,,,,,29100101,39100101,B,r2,coin-heaven,0.0
1,1,_run_plan_aae86dae1e_db77fd01af,evaluation,400,400,3,3,50,0,0,1,,0,392,400,0.98,True,step_limit,db97fb74f2caaa9654659519ac7807b2a0dc53b45c7b12606c9d87570bd79025,1,0,2,394,2,1,0,4.685044288635254,5.36113977432251,5.927324295043945,,,,,,,,,,,,,,,,29100102,39100102,B,r2,coin-heaven,0.06
1,1,_run_plan_aae86dae1e_db77fd01af,evaluation,400,400,4,4,50,0,0,2,,0,388,400,0.97,True,step_limit,375018b8a49e5058b680c33a9fccce99bb8c04bf39cabe9010d33aff65a19762,2,4,3,386,1,4,0,5.28562068939209,5.809271335601806,9.36126708984375,,,,,,,,,,,,,,,,29100103,39100103,B,r2,coin-heaven,0.08
1,1,_run_plan_aae86dae1e_db77fd01af,evaluation,400,400,1,1,50,0,0,0,,0,399,400,0.9975,True,step_limit,a1cf38ac769150887a263f8942c964a9605f12dbed928fb646ff18b3470c749b,0,0,1,399,0,0,0,3.527522087097168,3.9322853088378906,4.476070404052734,,,,,,,,,,,,,,,,29100104,39100104,B,r2,coin-heaven,0.02
1,1,_run_plan_aae86dae1e_db77fd01af,evaluation,400,400,1,1,50,0,0,0,,0,0,400,0.0,True,step_limit,db4ba55a62b28a9a5e874d2e2290e7552b50129dd995f8ba691a215b3db3ca0f,1,0,0,0,399,0,0,3.4885406494140625,3.856337070465088,4.285573959350586,,,,,,,,,,,,,,,,29100105,39100105,B,r2,coin-heaven,0.02
1,1,_run_plan_aae86dae1e_db77fd01af,evaluation,400,400,0,0,50,0,0,0,,0,0,400,0.0,True,step_limit,868af88dd5c07040cd7792f609ea0a2881a121ba06feea67a096e0e58f5aa111,0,0,1,0,399,0,0,3.4734010696411133,3.739428520202635,4.472017288208008,,,,,,,,,,,,,,,,29100106,39100106,B,r2,coin-heaven,0.0
1,1,_run_plan_aae86dae1e_db77fd01af,evaluation,400,400,0,0,50,0,0,0,,0,0,400,0.0,True,step_limit,868af88dd5c07040cd7792f609ea0a2881a121ba06feea67a096e0e58f5aa111,0,0,1,0,399,0,0,3.4807920455932617,3.7898778915405265,4.58216667175293,,,,,,,,,,,,,,,,29100107,39100107,B,r2,coin-heaven,0.0
1,1,_run_plan_aae86dae1e_db77fd01af,evaluation,400,400,1,1,50,0,0,0,,0,399,400,0.9975,True,step_limit,f1930b147c84d5e66e8644800fc583b118ee8e62b5cde4c1746741da4c81d71a,1,0,0,399,0,0,0,3.5053491592407227,4.068410396575927,4.538297653198242,,,,,,,,,,,,,,,,29100108,39100108,B,r2,coin-heaven,0.02
1,1,_run_plan_aae86dae1e_db77fd01af,evaluation,400,400,1,1,50,0,0,0,,0,0,400,0.0,True,step_limit,db4ba55a62b28a9a5e874d2e2290e7552b50129dd995f8ba691a215b3db3ca0f,1,0,0,0,399,0,0,3.5390853881835938,4.084110260009766,4.672765731811523,,,,,,,,,,,,,,,,29100109,39100109,B,r2,coin-heaven,0.02
1,1,_run_plan_aae86dae1e_db77fd01af,evaluation,400,400,0,0,50,0,0,0,,0,400,400,1.0,True,step_limit,e100db7421c373a02df4b6f512e80a61352a9d71964006dd853aca0090cd070a,0,0,400,0,0,0,0,3.3572912216186523,3.727316856384277,4.2476654052734375,,,,,,,,,,,,,,,,29100110,39100110,B,r2,coin-heaven,0.0
1,1,_run_plan_aae86dae1e_db77fd01af,evaluation,400,400,1,1,50,0,0,0,,0,400,400,1.0,True,step_limit,e100db7421c373a02df4b6f512e80a61352a9d71964006dd853aca0090cd070a,0,0,400,0,0,0,0,3.3289194107055664,3.8524746894836426,4.274606704711914,,,,,,,,,,,,,,,,29100111,39100111,B,r2,coin-heaven,0.02
1,1,_run_plan_aae86dae1e_db77fd01af,evaluation,400,400,1,1,50,0,0,1,,0,0,400,0.0,True,step_limit,faa87cf9408d552cadcb4cbf04f95a658c3400d17da2eaeb6f7f1e0b287b17f0,1,2,0,0,396,1,0,4.683494567871094,5.313336849212646,6.045103073120117,,,,,,,,,,,,,,,,29100112,39100112,B,r2,coin-heaven,0.02
1,1,_run_plan_aae86dae1e_db77fd01af,evaluation,400,400,0,0,50,0,0,0,,0,0,400,0.0,True,step_limit,868af88dd5c07040cd7792f609ea0a2881a121ba06feea67a096e0e58f5aa111,0,0,1,0,399,0,0,3.4766197204589844,3.794097900390624,4.456520080566406,,,,,,,,,,,,,,,,29100113,39100113,B,r2,coin-heaven,0.0
1,1,_run_plan_aae86dae1e_db77fd01af,evaluation,400,400,1,1,50,0,0,1,,0,0,400,0.0,True,step_limit,947da43d46e6e1209905427181e5d07083aead0281ebdf37ae24338c6eaa76d0,2,2,1,0,394,1,0,4.6596527099609375,5.411040782928467,8.990287780761719,,,,,,,,,,,,,,,,29100114,39100114,B,r2,coin-heaven,0.02
1,1,_run_plan_aae86dae1e_db77fd01af,evaluation,400,400,2,2,50,0,0,1,,0,0,400,0.0,True,step_limit,5ae65f72e172391e14a8cdaa899bfd76ef11d51b279cdae73339a43fd0aa7123,3,1,0,1,394,1,0,4.265069961547852,4.895722866058349,5.99980354309082,,,,,,,,,,,,,,,,29100115,39100115,B,r2,coin-heaven,0.04
1,1,_run_plan_aae86dae1e_db77fd01af,evaluation,400,400,6,6,50,0,0,3,,0,6,400,0.015,True,step_limit,d3061bccbe94e772dc3ddbdd659559c95404850929bd50d3b25fe307cb1a1555,5,191,1,198,0,5,0,7.360219955444336,11.812591552734375,12.774467468261719,,,,,,,,,,,,,,,,29100116,39100116,B,r2,coin-heaven,0.12
1,1,_run_plan_aae86dae1e_db77fd01af,evaluation,400,400,0,0,50,0,0,0,,0,399,400,0.9975,True,step_limit,a1cf38ac769150887a263f8942c964a9605f12dbed928fb646ff18b3470c749b,0,0,1,399,0,0,0,3.502964973449707,3.8400411605834948,4.563093185424805,,,,,,,,,,,,,,,,29100117,39100117,B,r2,coin-heaven,0.0
1,1,_run_plan_aae86dae1e_db77fd01af,evaluation,400,400,0,0,50,0,0,0,,0,0,400,0.0,True,step_limit,868af88dd5c07040cd7792f609ea0a2881a121ba06feea67a096e0e58f5aa111,0,0,1,0,399,0,0,3.504514694213867,3.842031955718994,4.602193832397461,,,,,,,,,,,,,,,,29100118,39100118,B,r2,coin-heaven,0.0
1,1,_run_plan_aae86dae1e_db77fd01af,evaluation,400,400,0,0,50,0,0,0,,0,0,400,0.0,True,step_limit,868af88dd5c07040cd7792f609ea0a2881a121ba06feea67a096e0e58f5aa111,0,0,1,0,399,0,0,3.4804344177246094,4.024183750152588,8.28099250793457,,,,,,,,,,,,,,,,29100119,39100119,B,r2,coin-heaven,0.0
1,1,_run_plan_aae86dae1e_db77fd01af,evaluation,400,400,0,0,50,0,0,0,,0,0,400,0.0,True,step_limit,868af88dd5c07040cd7792f609ea0a2881a121ba06feea67a096e0e58f5aa111,0,0,1,0,399,0,0,3.4952163696289062,3.787672519683838,4.398345947265625,,,,,,,,,,,,,,,,29100120,39100120,B,r2,coin-heaven,0.0
1,1,_run_plan_aae86dae1e_db77fd01af,evaluation,400,400,3,3,50,0,0,1,,0,388,400,0.97,True,step_limit,7c1d7dfc940f6ee1a5ca76ad3d2b5b44ba2d24f0ebb33d0665f2a6bf1748d88f,0,0,1,396,2,1,0,5.686402320861816,6.165552139282224,7.06028938293457,,,,,,,,,,,,,,,,29100121,39100121,B,r2,coin-heaven,0.06
1,1,_run_plan_aae86dae1e_db77fd01af,evaluation,400,400,7,7,50,0,0,1,,0,0,400,0.0,True,step_limit,61ada3640414af326be2402fceda482f31bd1253b0ba5d962d2846edcac5ef61,1,8,0,0,390,1,0,5.653023719787598,6.46073818206787,7.026195526123047,,,,,,,,,,,,,,,,29100122,39100122,B,r2,coin-heaven,0.14
1,1,_run_plan_aae86dae1e_db77fd01af,evaluation,400,400,6,6,50,0,0,2,,0,381,400,0.9525,True,step_limit,74eef2a651ade2c833c51a354ad8a1b44f28924690cc2106478f6eeedb995fd2,2,0,3,391,2,2,0,5.313992500305176,6.056141853332519,6.65593147277832,,,,,,,,,,,,,,,,29100123,39100123,B,r2,coin-heaven,0.12
1,1,_run_plan_aae86dae1e_db77fd01af,evaluation,400,400,5,5,50,0,0,3,,0,3,400,0.0075,True,step_limit,3b0163072d94904f9d7eddc62ffca4c25d900b7bc211d698cf2d0c0ef3391e7f,7,3,0,3,381,6,0,4.764199256896973,5.164849758148192,6.47282600402832,,,,,,,,,,,,,,,,29100124,39100124,B,r2,coin-heaven,0.1
1,1,_run_plan_aae86dae1e_db77fd01af,evaluation,400,400,2,2,50,0,0,1,,0,390,400,0.975,True,step_limit,becba05da14466b0ca78370ecd560802b2df3245c014b4bd567f245eb58734b5,0,0,1,396,2,1,0,5.584359169006348,6.517219543457031,7.775545120239258,,,,,,,,,,,,,,,,29100125,39100125,B,r2,coin-heaven,0.04
1,1,_run_plan_aae86dae1e_db77fd01af,evaluation,400,400,1,1,50,0,0,1,,0,0,400,0.0,True,step_limit,a876ca9053ce2c2657f2acada55055264aab4c59b26cadbca1b606e03b8ad4c5,1,2,0,0,396,1,0,4.724740982055664,5.173182487487793,5.916118621826172,,,,,,,,,,,,,,,,29100126,39100126,B,r2,coin-heaven,0.02
1,1,_run_plan_aae86dae1e_db77fd01af,evaluation,400,400,3,3,50,0,0,1,,0,392,400,0.98,True,step_limit,740b629e525ee8e9f34fdce7da75a2a087762b76416f3b197557dbf6449ed1bb,392,1,2,2,2,1,0,4.636049270629883,4.982769489288329,9.444475173950195,,,,,,,,,,,,,,,,29100127,39100127,B,r2,coin-heaven,0.06
1,1,_run_plan_aae86dae1e_db77fd01af,evaluation,400,400,2,2,50,0,0,1,,0,394,400,0.985,True,step_limit,dd6293f9e31b16897d6378a07d4e3576f13cef208ac7ef4d1e1fab376c781f1f,0,2,3,393,0,2,0,5.716443061828613,6.510329246520993,9.222984313964844,,,,,,,,,,,,,,,,29100128,39100128,B,r2,coin-heaven,0.04
1,1,_run_plan_aae86dae1e_db77fd01af,evaluation,400,400,0,0,50,0,0,0,,0,400,400,1.0,True,step_limit,e100db7421c373a02df4b6f512e80a61352a9d71964006dd853aca0090cd070a,0,0,400,0,0,0,0,3.341794013977051,3.702199459075926,4.4994354248046875,,,,,,,,,,,,,,,,29100129,39100129,B,r2,coin-heaven,0.0
1,1,_run_plan_aae86dae1e_db77fd01af,evaluation,400,400,0,0,50,0,0,0,,0,399,400,0.9975,True,step_limit,a1cf38ac769150887a263f8942c964a9605f12dbed928fb646ff18b3470c749b,0,0,1,399,0,0,0,3.488898277282715,3.770053386688232,4.471778869628906,,,,,,,,,,,,,,,,29100130,39100130,B,r2,coin-heaven,0.0
1,1,_run_plan_aae86dae1e_db77fd01af,evaluation,400,400,1,1,50,0,0,0,,0,0,400,0.0,True,step_limit,4b762f7252d4657fc4fe44d084b8473d59921c5d4a416785d859d9ad3b2ad8ee,0,198,0,202,0,0,0,5.494832992553711,6.455755233764648,7.579803466796875,,,,,,,,,,,,,,,,29100131,39100131,B,r2,coin-heaven,0.02
1,1,_run_plan_aae86dae1e_db77fd01af,evaluation,400,400,6,6,50,0,0,2,,0,1,400,0.0025,True,step_limit,cd5935b68b27fec7eec3e2908252ded6be1c29b467bcc15d69a51e57c5dc4d39,3,1,3,9,382,2,0,6.028413772583008,6.619286537170408,9.964704513549805,,,,,,,,,,,,,,,,29100132,39100132,B,r2,coin-heaven,0.12
1,1,_run_plan_aae86dae1e_db77fd01af,evaluation,400,400,1,1,50,0,0,0,,0,0,400,0.0,True,step_limit,db4ba55a62b28a9a5e874d2e2290e7552b50129dd995f8ba691a215b3db3ca0f,1,0,0,0,399,0,0,3.486156463623047,3.7848949432373034,4.727840423583984,,,,,,,,,,,,,,,,29100133,39100133,B,r2,coin-heaven,0.02
1,1,_run_plan_aae86dae1e_db77fd01af,evaluation,400,400,0,0,50,0,0,0,,0,400,400,1.0,True,step_limit,e100db7421c373a02df4b6f512e80a61352a9d71964006dd853aca0090cd070a,0,0,400,0,0,0,0,3.357052803039551,3.8344860076904297,4.395723342895508,,,,,,,,,,,,,,,,29100134,39100134,B,r2,coin-heaven,0.0
1,1,_run_plan_aae86dae1e_db77fd01af,evaluation,400,400,0,0,50,0,0,0,,0,400,400,1.0,True,step_limit,e100db7421c373a02df4b6f512e80a61352a9d71964006dd853aca0090cd070a,0,0,400,0,0,0,0,3.3396482467651367,3.6862373352050777,4.353523254394531,,,,,,,,,,,,,,,,29100135,39100135,B,r2,coin-heaven,0.0
1,1,_run_plan_aae86dae1e_db77fd01af,evaluation,400,400,1,1,50,0,0,0,,0,1,400,0.0025,True,step_limit,e165d08390b35e811d32b2d0856afb2bc725482d0b033a16030230b5df0379fd,1,0,1,0,398,0,0,3.4857988357543945,3.9764761924743643,4.581451416015625,,,,,,,,,,,,,,,,29100136,39100136,B,r2,coin-heaven,0.02
1,1,_run_plan_aae86dae1e_db77fd01af,evaluation,400,400,1,1,50,0,0,0,,0,399,400,0.9975,True,step_limit,f3ffd6688364ff287f5b99cace37155ff09c2d8fa0a39d1bd6de98b714184d8d,398,0,1,1,0,0,0,3.7633180618286133,4.2966246604919425,4.689931869506836,,,,,,,,,,,,,,,,29100137,39100137,B,r2,coin-heaven,0.02
1,1,_run_plan_aae86dae1e_db77fd01af,evaluation,400,400,2,2,50,0,0,1,,0,0,400,0.0,True,step_limit,faa87cf9408d552cadcb4cbf04f95a658c3400d17da2eaeb6f7f1e0b287b17f0,1,2,0,0,396,1,0,4.611968994140625,4.939579963684081,5.791187286376953,,,,,,,,,,,,,,,,29100138,39100138,B,r2,coin-heaven,0.04
1,1,_run_plan_aae86dae1e_db77fd01af,evaluation,400,400,2,2,50,0,0,1,,0,393,400,0.9825,True,step_limit,6a2f680a7176eb105ad5e331129188da56e3af98b033fbf001e920ac8e13c489,1,0,2,395,1,1,0,4.669308662414551,5.329442024230957,9.134531021118164,,,,,,,,,,,,,,,,29100139,39100139,B,r2,coin-heaven,0.04
1,1,_run_plan_aae86dae1e_db77fd01af,evaluation,400,400,2,2,50,0,0,0,,0,1,400,0.0025,True,step_limit,e165d08390b35e811d32b2d0856afb2bc725482d0b033a16030230b5df0379fd,1,0,1,0,398,0,0,3.5126209259033203,4.037475585937499,4.701375961303711,,,,,,,,,,,,,,,,29100140,39100140,B,r2,coin-heaven,0.04
1,1,_run_plan_aae86dae1e_db77fd01af,evaluation,400,400,4,4,50,6,20,8,,0,343,400,0.8575,True,step_limit,e4475ec0b987cca463b302f14de7a72289397a0bd84b2162001f5b964a63df15,350,9,8,9,14,10,0,4.02379035949707,4.385924339294433,7.8754425048828125,,,,,,,,,,,,,,,,29100201,39100201,B,r2,loot-crate,0.08
1,1,_run_plan_aae86dae1e_db77fd01af,evaluation,182,182,23,23,50,25,57,23,,1,14,182,0.07692307692307693,False,killed,e5c4a9ecad0e4475c57a286aeeb07e79b9bd528d98554d10fa5da7c20e0bc35f,34,35,22,46,13,32,0,2.488255500793457,6.739664077758788,7.987499237060547,,,,,,,,,,,,,,,,29100202,39100202,B,r2,loot-crate,0.46
1,1,_run_plan_aae86dae1e_db77fd01af,evaluation,400,400,13,13,50,13,30,11,,0,6,400,0.015,True,step_limit,d887e0d4b5adc04ce8ad02df730ee1fd1321ece3dbdb40a91946d7dc7ed92f20,171,18,170,12,14,15,0,3.7796497344970703,4.55278158187866,8.127689361572266,,,,,,,,,,,,,,,,29100203,39100203,B,r2,loot-crate,0.26
1,1,_run_plan_aae86dae1e_db77fd01af,evaluation,400,400,12,12,50,15,26,10,,0,19,400,0.0475,True,step_limit,c5799a2b61a53f73f245edb11da1ec1cc351d14a6bbc4e35799c60882f0c0c58,22,168,10,174,5,21,0,4.053592681884766,6.505250930786132,7.817745208740234,,,,,,,,,,,,,,,,29100204,39100204,B,r2,loot-crate,0.24
1,1,_run_plan_aae86dae1e_db77fd01af,evaluation,16,16,1,1,50,2,6,2,,1,2,16,0.125,False,killed,3f98bd4a6a3f13c6aae81e539de51b46b77c8ac86702aa49e4f4cceb0d91f582,2,4,2,4,2,2,0,0.8881092071533203,1.6358494758605957,1.6703605651855469,,,,,,,,,,,,,,,,29100205,39100205,B,r2,loot-crate,0.02
1,1,_run_plan_aae86dae1e_db77fd01af,evaluation,87,87,11,11,50,16,33,10,,1,7,87,0.08045977011494253,False,killed,070a387b6bb08cde435c794c2543a30043d245fe6d9b29f7f384e0474e2ff298,18,18,15,17,4,15,0,1.729726791381836,4.082322120666504,6.29734992980957,,,,,,,,,,,,,,,,29100206,39100206,B,r2,loot-crate,0.22
1,1,_run_plan_aae86dae1e_db77fd01af,evaluation,400,400,0,0,50,0,0,0,,0,0,400,0.0,True,step_limit,3e457cc2304ad2ccf2d6296a66213cdc8d455614dc7958b9ee35c31a82fdf5fa,200,0,200,0,0,0,0,0.8299350738525391,0.9254813194274901,1.529693603515625,,,,,,,,,,,,,,,,29100207,39100207,B,r2,loot-crate,0.0
1,1,_run_plan_aae86dae1e_db77fd01af,evaluation,107,107,11,11,50,14,34,13,,1,11,107,0.102803738317757,False,killed,e9cabe65037016ef726c723f373d4d9b1ce33123234331adcb1cc61f38cfa737,22,18,24,14,9,20,0,1.5735626220703125,3.9987325668334956,6.618738174438477,,,,,,,,,,,,,,,,29100208,39100208,B,r2,loot-crate,0.22
1,1,_run_plan_aae86dae1e_db77fd01af,evaluation,400,400,0,0,50,0,0,0,,0,0,400,0.0,True,step_limit,3e457cc2304ad2ccf2d6296a66213cdc8d455614dc7958b9ee35c31a82fdf5fa,200,0,200,0,0,0,0,0.8044242858886719,0.875425338745117,1.4863014221191406,,,,,,,,,,,,,,,,29100209,39100209,B,r2,loot-crate,0.0
1,1,_run_plan_aae86dae1e_db77fd01af,evaluation,400,400,1,1,50,1,10,4,,0,2,400,0.005,True,step_limit,11118b08e5fd3c12b1c2a997f9516df5a46889d826810bebf3417356f337219e,2,196,2,190,4,6,0,2.5736093521118164,3.1466722488403316,3.770112991333008,,,,,,,,,,,,,,,,29100210,39100210,B,r2,loot-crate,0.02
1,1,_run_plan_aae86dae1e_db77fd01af,evaluation,400,400,0,0,50,0,0,0,,0,0,400,0.0,True,step_limit,3e457cc2304ad2ccf2d6296a66213cdc8d455614dc7958b9ee35c31a82fdf5fa,200,0,200,0,0,0,0,0.804901123046875,0.8798599243164059,1.4848709106445312,,,,,,,,,,,,,,,,29100211,39100211,B,r2,loot-crate,0.0
1,1,_run_plan_aae86dae1e_db77fd01af,evaluation,400,400,4,4,50,6,16,5,,0,357,400,0.8925,True,step_limit,9f61650950e401b6e91b3af625e87ed986acee3606bb0fd2a73f98c15c6ababc,365,8,8,3,11,5,0,2.9146671295166016,3.3307552337646484,4.069805145263672,,,,,,,,,,,,,,,,29100212,39100212,B,r2,loot-crate,0.08
1,1,_run_plan_aae86dae1e_db77fd01af,evaluation,400,400,35,35,50,36,92,44,,0,62,400,0.155,True,step_limit,e2b0aca55a7537cf93d4198b616b128c947abb40215b6d753b4df5a6f491d933,120,63,72,63,27,55,0,2.64739990234375,6.01106882095336,10.567665100097656,,,,,,,,,,,,,,,,29100213,39100213,B,r2,loot-crate,0.7
1,1,_run_plan_aae86dae1e_db77fd01af,evaluation,400,400,6,6,50,7,20,9,,0,342,400,0.855,True,step_limit,14e876817f423e7b00f854de3c3936b7c8a0dafd72ea5fc6bbbdfffd51caf801,17,13,9,345,4,12,0,2.5218725204467773,3.0123114585876403,6.5860748291015625,,,,,,,,,,,,,,,,29100214,39100214,B,r2,loot-crate,0.12
1,1,_run_plan_aae86dae1e_db77fd01af,evaluation,124,124,12,12,50,14,36,15,,1,13,124,0.10483870967741936,False,killed,3da24e797c22e0eef74997804f4f4df63957c7301b69c7ba1bea1fe3b342def0,26,29,25,16,10,18,0,2.024531364440918,4.178595542907715,6.355047225952148,,,,,,,,,,,,,,,,29100215,39100215,B,r2,loot-crate,0.24
1,1,_run_plan_aae86dae1e_db77fd01af,evaluation,400,400,2,2,50,4,18,7,,0,349,400,0.8725,True,step_limit,beb6ff91c83e6e35a1f63e20ef46327220c530f338115bcfb8ce80d4915019d3,8,9,5,359,11,8,0,1.8994808197021484,2.3334741592407227,4.774570465087891,,,,,,,,,,,,,,,,29100216,39100216,B,r2,loot-crate,0.04
1,1,_run_plan_aae86dae1e_db77fd01af,evaluation,400,400,5,5,50,6,16,7,,0,5,400,0.0125,True,step_limit,eb33b1a24462a0447f8ddf156067c59d3e5b1f7bb0f27b68cc371f4b4ad5d73e,17,7,20,7,342,7,0,3.057241439819336,3.5045504570007324,3.841400146484375,,,,,,,,,,,,,,,,29100217,39100217,B,r2,loot-crate,0.1
1,1,_run_plan_aae86dae1e_db77fd01af,evaluation,400,400,15,15,50,18,48,20,,0,226,400,0.565,True,step_limit,3453530ccbd4e9219db1567c0cb5d52081fe7b9bf6f4c0f5b08397b8872bb60c,65,16,47,243,8,21,0,2.292513847351074,4.384899139404296,6.98542594909668,,,,,,,,,,,,,,,,29100218,39100218,B,r2,loot-crate,0.3
1,1,_run_plan_aae86dae1e_db77fd01af,evaluation,400,400,0,0,50,0,0,0,,0,0,400,0.0,True,step_limit,3e457cc2304ad2ccf2d6296a66213cdc8d455614dc7958b9ee35c31a82fdf5fa,200,0,200,0,0,0,0,0.8133649826049805,0.9082436561584472,1.516580581665039,,,,,,,,,,,,,,,,29100219,39100219,B,r2,loot-crate,0.0
1,1,_run_plan_aae86dae1e_db77fd01af,evaluation,400,400,2,2,50,3,10,5,,0,361,400,0.9025,True,step_limit,541866897a512a6b117e80ae7f6a6efad048da317d31c30bcbec625cdf6bfc1c,370,6,9,5,5,5,0,1.9338130950927734,2.273690700531006,2.614736557006836,,,,,,,,,,,,,,,,29100220,39100220,B,r2,loot-crate,0.04
1,1,_run_plan_aae86dae1e_db77fd01af,evaluation,400,400,0,0,50,0,0,0,,0,0,400,0.0,True,step_limit,3e457cc2304ad2ccf2d6296a66213cdc8d455614dc7958b9ee35c31a82fdf5fa,200,0,200,0,0,0,0,0.8100271224975586,0.8943676948547363,1.506805419921875,,,,,,,,,,,,,,,,29100221,39100221,B,r2,loot-crate,0.0
1,1,_run_plan_aae86dae1e_db77fd01af,evaluation,400,400,1,1,50,1,12,5,,0,1,400,0.0025,True,step_limit,da1e0238301358d22cd9cd088557c8cdbe1debaf4339c953f595637a26413a9e,6,188,4,184,12,6,0,2.945542335510254,3.673553466796875,4.487752914428711,,,,,,,,,,,,,,,,29100222,39100222,B,r2,loot-crate,0.02
1,1,_run_plan_aae86dae1e_db77fd01af,evaluation,70,70,7,7,50,10,21,7,,1,5,70,0.07142857142857142,False,killed,cc21262c580655012e882096427fe6c26128d4056977054e280f1e7ae1367cb0,10,13,17,17,4,9,0,1.861572265625,4.387187957763671,6.717681884765625,,,,,,,,,,,,,,,,29100223,39100223,B,r2,loot-crate,0.14
1,1,_run_plan_aae86dae1e_db77fd01af,evaluation,400,400,11,11,50,13,34,12,,0,4,400,0.01,True,step_limit,be05f143d73c847b3aed8dca0bda10462973d19e30fe9e7e81775e61b39d4b4d,13,171,22,167,12,15,0,2.2689104080200195,3.8703560829162575,7.87043571472168,,,,,,,,,,,,,,,,29100224,39100224,B,r2,loot-crate,0.22
1,1,_run_plan_aae86dae1e_db77fd01af,evaluation,400,400,0,0,50,0,0,0,,0,0,400,0.0,True,step_limit,3e457cc2304ad2ccf2d6296a66213cdc8d455614dc7958b9ee35c31a82fdf5fa,200,0,200,0,0,0,0,0.8046627044677734,0.8995652198791504,1.585245132446289,,,,,,,,,,,,,,,,29100225,39100225,B,r2,loot-crate,0.0
1,1,_run_plan_aae86dae1e_db77fd01af,evaluation,400,400,10,10,50,11,31,9,,0,324,400,0.81,True,step_limit,01cba45d556966ce1ae58b54a125ace18eb1b0ddc3e18e82c1cd12d1ba4d60fa,21,9,15,335,8,12,0,2.295970916748047,3.6928534507751465,7.256507873535156,,,,,,,,,,,,,,,,29100226,39100226,B,r2,loot-crate,0.2
1,1,_run_plan_aae86dae1e_db77fd01af,evaluation,6,6,0,0,50,2,3,1,,1,0,6,0.0,False,killed,ea036294e8136d58a3ac9cd350aa575a7da5c38972a3130eab4f451495b7fda7,0,1,2,1,1,1,0,0.7795095443725586,1.5947818756103516,1.7573833465576172,,,,,,,,,,,,,,,,29100227,39100227,B,r2,loot-crate,0.0
1,1,_run_plan_aae86dae1e_db77fd01af,evaluation,66,66,8,8,50,14,21,8,,1,10,66,0.15151515151515152,False,killed,653e45a7d679882e400da3a927b800c984948c62c8263652c6b38b23ba66cab2,6,14,16,13,7,10,0,1.5109777450561523,3.366708755493164,4.469394683837891,,,,,,,,,,,,,,,,29100228,39100228,B,r2,loot-crate,0.16
1,1,_run_plan_aae86dae1e_db77fd01af,evaluation,400,400,22,22,50,27,70,31,,0,12,400,0.03,True,step_limit,34a206df4ea571f377d7fd73f986080bf546780fc469016052c313f7c94d4e08,46,126,54,116,23,35,0,3.414273262023926,9.916400909423826,11.10982894897461,,,,,,,,,,,,,,,,29100229,39100229,B,r2,loot-crate,0.44
1,1,_run_plan_aae86dae1e_db77fd01af,evaluation,400,400,10,10,50,14,38,15,,0,15,400,0.0375,True,step_limit,b8ed9cb7f161919b0382ff3f1c2288ed379df975cb19b2f73854530aa138d4f2,17,158,24,156,20,25,0,4.478335380554199,6.906688213348388,8.262872695922852,,,,,,,,,,,,,,,,29100230,39100230,B,r2,loot-crate,0.2
1,1,_run_plan_aae86dae1e_db77fd01af,evaluation,71,71,6,6,50,8,25,9,,1,8,71,0.11267605633802817,False,killed,d57f57cb884d2b921bc7f50a6eebbea946ba95202744ceecc1b123322c5b62ab,22,8,14,8,6,13,0,1.9824504852294922,4.000186920166016,4.936695098876953,,,,,,,,,,,,,,,,29100231,39100231,B,r2,loot-crate,0.12
1,1,_run_plan_aae86dae1e_db77fd01af,evaluation,400,400,13,13,50,16,42,17,,0,287,400,0.7175,True,step_limit,ec5a5dedf4eeb55ffc37d5f7773214b03b760966f5c325f523dae9d76d55f6e6,303,17,24,24,11,21,0,3.9986371994018555,4.74621057510376,9.369611740112305,,,,,,,,,,,,,,,,29100232,39100232,B,r2,loot-crate,0.26
1,1,_run_plan_aae86dae1e_db77fd01af,evaluation,400,400,0,0,50,0,0,0,,0,0,400,0.0,True,step_limit,3e457cc2304ad2ccf2d6296a66213cdc8d455614dc7958b9ee35c31a82fdf5fa,200,0,200,0,0,0,0,0.9572505950927734,1.0889410972595215,1.6825199127197266,,,,,,,,,,,,,,,,29100233,39100233,B,r2,loot-crate,0.0
1,1,_run_plan_aae86dae1e_db77fd01af,evaluation,400,400,15,15,50,19,45,17,,0,258,400,0.645,True,step_limit,e6722dc4d86a8fae333ef74dd24443cb8341170ec4597406670f299c52f47300,278,31,24,27,14,26,0,4.597187042236328,5.171537399291992,7.858514785766602,,,,,,,,,,,,,,,,29100234,39100234,B,r2,loot-crate,0.3
1,1,_run_plan_aae86dae1e_db77fd01af,evaluation,400,400,3,3,50,6,9,3,,0,2,400,0.005,True,step_limit,3120b41de0e72d67bdab470b2a4c72b91e47631bf464fcead3133e81b76ec7d7,1,5,4,5,380,5,0,1.5856027603149414,1.8479228019714347,3.8423538208007812,,,,,,,,,,,,,,,,29100235,39100235,B,r2,loot-crate,0.06
1,1,_run_plan_aae86dae1e_db77fd01af,evaluation,52,52,2,2,50,3,14,7,,1,4,52,0.07692307692307693,False,killed,65294e19b84d98dea901026ff6ad461a6100c5d02a8979bb10edb305403ffdc0,5,13,7,10,7,10,0,1.4783143997192383,3.305387496948242,4.566669464111328,,,,,,,,,,,,,,,,29100236,39100236,B,r2,loot-crate,0.04
1,1,_run_plan_aae86dae1e_db77fd01af,evaluation,400,400,24,24,50,30,74,32,,0,30,400,0.075,True,step_limit,c80178fc00f288bee57cefb42b3deffb21313a055a1561e6bfa81e846e8f5504,44,125,52,117,18,44,0,3.761410713195801,7.263743877410888,8.673906326293945,,,,,,,,,,,,,,,,29100237,39100237,B,r2,loot-crate,0.48
1,1,_run_plan_aae86dae1e_db77fd01af,evaluation,68,68,5,5,50,6,21,9,,1,5,68,0.07352941176470588,False,killed,239055907e31b4697c81e0c4e87b4b70ba944001d7f96ad76473c5159ce27e59,13,12,8,11,12,12,0,1.372218132019043,2.885115146636963,4.985809326171875,,,,,,,,,,,,,,,,29100238,39100238,B,r2,loot-crate,0.1
1,1,_run_plan_aae86dae1e_db77fd01af,evaluation,140,140,11,11,50,12,34,17,,1,3,140,0.02142857142857143,False,killed,c4ebcef0594a114ca2372b94de74b554d619d2a488858ff733e0e4868c9a8ad5,29,26,22,24,20,19,0,2.257704734802246,5.185532569885253,7.716655731201172,,,,,,,,,,,,,,,,29100239,39100239,B,r2,loot-crate,0.22
1,1,_run_plan_aae86dae1e_db77fd01af,evaluation,21,21,0,0,50,3,8,3,,1,1,21,0.047619047619047616,False,killed,ecea02346018997ed6d097e729ad1cb285b672fe1bb02aeba650b0548b0da5c0,1,6,1,5,4,4,0,0.7812976837158203,1.5897750854492188,1.6794204711914062,,,,,,,,,,,,,,,,29100240,39100240,B,r2,loot-crate,0.0
1,1,_run_plan_aae86dae1e_e49d63b2a8,evaluation,400,400,5,5,9,5,42,52,,0,9,400,0.0225,True,step_limit,0179c9174fc2bb90c9cad520e8755e97c6273d19ac2b60e9457dc711ddf250d1,87,52,92,58,55,56,0,3.8193464279174805,9.056007862091063,10.417461395263672,,,,,,,,,,,,,,,,29100001,39100001,B,r3,classic,0.5555555555555556
1,1,_run_plan_aae86dae1e_e49d63b2a8,evaluation,400,400,0,0,9,1,25,9,,0,8,400,0.02,True,step_limit,18078e1c8bdee24225554cfbf0e0d595c9d94b41ee0e42d169bf9635f79dab51,13,14,7,8,347,11,0,6.533265113830566,7.426583766937255,11.190652847290039,,,,,,,,,,,,,,,,29100002,39100002,B,r3,classic,0.0
1,1,_run_plan_aae86dae1e_e49d63b2a8,evaluation,400,400,4,4,9,5,43,14,,0,5,400,0.0125,True,step_limit,43fd216a929ff76916d0cf938a1e2c04990b3828fad06e7cbabf83f76da43a05,25,18,16,23,301,17,0,2.6296377182006836,3.1967878341674787,6.113767623901367,,,,,,,,,,,,,,,,29100003,39100003,B,r3,classic,0.4444444444444444
1,1,_run_plan_aae86dae1e_e49d63b2a8,evaluation,400,400,4,4,9,5,56,22,,0,10,400,0.025,True,step_limit,f630dec6c38c333a218a0f6db9418b17ef36a9cb78ffca040c383c14bf22ef89,44,27,32,18,254,25,0,4.167914390563965,4.879987239837646,9.28807258605957,,,,,,,,,,,,,,,,29100004,39100004,B,r3,classic,0.4444444444444444
1,1,_run_plan_aae86dae1e_e49d63b2a8,evaluation,400,400,0,0,9,1,22,10,,0,5,400,0.0125,True,step_limit,6d8f493d042bde2f694420ef4f8db97a7d911bbb45aeaecffb830346ecf4fcc2,16,13,15,9,335,12,0,6.52313232421875,7.253038883209225,8.23354721069336,,,,,,,,,,,,,,,,29100005,39100005,B,r3,classic,0.0
1,1,_run_plan_aae86dae1e_e49d63b2a8,evaluation,400,400,0,0,9,0,11,57,,0,28,400,0.07,True,step_limit,3ba0625ae9d2784069b372e9ea820d80f40c6defcea33883a698cda09a99f83f,28,141,28,113,33,57,0,1.0480880737304688,2.8840065002441406,3.6902427673339844,,,,,,,,,,,,,,,,29100006,39100006,B,r3,classic,0.0
1,1,_run_plan_aae86dae1e_e49d63b2a8,evaluation,400,400,7,7,9,7,81,52,,0,16,400,0.04,True,step_limit,db70fcd761d21c5f44278a0ddad032af7a226ccb8925f05800c1c299e70f302a,95,50,86,52,60,57,0,3.112316131591797,10.008847713470459,12.592315673828125,,,,,,,,,,,,,,,,29100007,39100007,B,r3,classic,0.7777777777777778
1,1,_run_plan_aae86dae1e_e49d63b2a8,evaluation,28,28,0,0,9,1,9,4,,1,5,28,0.17857142857142858,False,killed,729205ed572be43beada11c896616274d0b262b4f9335564ce05a5beb32fb0d9,5,7,4,2,4,6,0,0.9539127349853516,1.875817775726318,2.0475387573242188,,,,,,,,,,,,,,,,29100008,39100008,B,r3,classic,0.0
1,1,_run_plan_aae86dae1e_e49d63b2a8,evaluation,400,400,0,0,9,0,18,14,,0,6,400,0.015,True,step_limit,f444a1a2ccf426c2d1343e28877122205bbb99fb67a6454f1c6ecd8d6df645c3,169,14,173,12,18,14,0,3.5077333450317383,4.579806327819824,5.691766738891602,,,,,,,,,,,,,,,,29100009,39100009,B,r3,classic,0.0
1,1,_run_plan_aae86dae1e_e49d63b2a8,evaluation,400,400,6,6,9,6,93,53,,0,17,400,0.0425,True,step_limit,89c14f9dc6d69d3d20ff2adeb0b5387612214aa0fa9dec12cb77cc38ab1c9249,96,43,82,50,66,63,0,2.599358558654785,7.219612598419188,12.15815544128418,,,,,,,,,,,,,,,,29100010,39100010,B,r3,classic,0.6666666666666666
1,1,_run_plan_aae86dae1e_e49d63b2a8,evaluation,400,400,3,3,9,3,92,54,,0,8,400,0.02,True,step_limit,a88fb687d1cefdeaae6c19e5991517d27d49249279700600494d67bec79a6fd7,91,53,82,51,67,56,0,2.930879592895508,7.953846454620355,12.11237907409668,,,,,,,,,,,,,,,,29100011,39100011,B,r3,classic,0.3333333333333333
1,1,_run_plan_aae86dae1e_e49d63b2a8,evaluation,400,400,1,1,9,1,25,11,,0,3,400,0.0075,True,step_limit,33f975d8f55dbb367794e2e9f36cf4e9ee0df995e099fab4210c41156304a1be,14,170,15,173,16,12,0,3.6551952362060547,4.965341091156004,6.024360656738281,,,,,,,,,,,,,,,,29100012,39100012,B,r3,classic,0.1111111111111111
1,1,_run_plan_aae86dae1e_e49d63b2a8,evaluation,400,400,3,3,9,4,31,10,,0,2,400,0.005,True,step_limit,926a6d44ca71b6092571b172bb148f0ee4179b44c8406c80dfe71e3f87b6e53f,18,10,16,14,332,10,0,5.379080772399902,5.702531337738036,7.8067779541015625,,,,,,,,,,,,,,,,29100013,39100013,B,r3,classic,0.3333333333333333
1,1,_run_plan_aae86dae1e_e49d63b2a8,evaluation,400,400,1,1,9,2,8,41,,0,39,400,0.0975,True,step_limit,44b84bef01fc3f7c17c4d439c023ef1df76cd91bf0ed3b03b1db86d8200db274,4,156,3,155,3,79,0,1.1882781982421875,2.0652174949645996,2.5513172149658203,,,,,,,,,,,,,,,,29100014,39100014,B,r3,classic,0.1111111111111111
1,1,_run_plan_aae86dae1e_e49d63b2a8,evaluation,400,400,2,2,9,2,58,52,,0,40,400,0.1,True,step_limit,4d7f932c624c4684303738f94aeec2583657abcd871fb086a209a421148f072d,94,48,85,54,30,89,0,3.6374330520629883,9.2368483543396,10.735511779785156,,,,,,,,,,,,,,,,29100015,39100015,B,r3,classic,0.2222222222222222
1,1,_run_plan_aae86dae1e_e49d63b2a8,evaluation,400,400,1,1,9,2,39,21,,0,8,400,0.02,True,step_limit,6ee22c36984e70ae82a632a8f73ad3b22ff1f38a6a80a14d6f08086e3dd1c869,43,17,29,17,271,23,0,5.59687614440918,5.928766727447508,6.960630416870117,,,,,,,,,,,,,,,,29100016,39100016,B,r3,classic,0.1111111111111111
1,1,_run_plan_aae86dae1e_e49d63b2a8,evaluation,400,400,3,3,9,6,50,24,,0,9,400,0.0225,True,step_limit,56f34c6d71fec45f621db96194948d831e17569a91ee06088dd132ce7222d4ed,45,27,31,20,251,26,0,6.935834884643555,7.957243919372559,13.092994689941406,,,,,,,,,,,,,,,,29100017,39100017,B,r3,classic,0.3333333333333333
1,1,_run_plan_aae86dae1e_e49d63b2a8,evaluation,400,400,4,4,9,6,85,36,,0,17,400,0.0425,True,step_limit,382bc06c81428617a9826eb10a57afafe457be18adb77c5f5128bde7fd7a2bd7,57,41,50,30,177,45,0,3.925204277038574,9.462404251098633,10.879755020141602,,,,,,,,,,,,,,,,29100018,39100018,B,r3,classic,0.4444444444444444
1,1,_run_plan_aae86dae1e_e49d63b2a8,evaluation,400,400,0,0,9,1,9,4,,0,0,400,0.0,True,step_limit,425284bd0f5fea20cbaf29f4184eaa6b7045d3b797bf4024ed3e252ecb3e0573,192,3,190,3,8,4,0,2.1619796752929688,2.290821075439453,2.804994583129883,,,,,,,,,,,,,,,,29100019,39100019,B,r3,classic,0.0
1,1,_run_plan_aae86dae1e_e49d63b2a8,evaluation,400,400,0,0,9,1,15,7,,0,5,400,0.0125,True,step_limit,b6718392baa71b42403a9628959d51fbd19c08cdd2053e45f81b3174d038647c,7,185,7,182,11,8,0,2.5843381881713867,2.7605772018432613,4.603862762451172,,,,,,,,,,,,,,,,29100020,39100020,B,r3,classic,0.0
1,1,_run_plan_aae86dae1e_e49d63b2a8,evaluation,400,400,1,1,9,2,18,10,,0,8,400,0.02,True,step_limit,d7b5eaf049553a3be42df97f64c5c009a0a6d396d938fc8d4f6a94a739a3d4c9,16,12,20,6,336,10,0,5.119085311889648,5.541121959686278,6.495237350463867,,,,,,,,,,,,,,,,29100021,39100021,B,r3,classic,0.1111111111111111
1,1,_run_plan_aae86dae1e_e49d63b2a8,evaluation,400,400,0,0,9,2,11,4,,0,1,400,0.0025,True,step_limit,341b53a1d0ba410618707dcf5f78ce3136f8eb775ee2b1b57b79216eb5221272,192,3,191,3,7,4,0,2.0570755004882812,2.1930098533630358,2.775907516479492,,,,,,,,,,,,,,,,29100022,39100022,B,r3,classic,0.0
1,1,_run_plan_aae86dae1e_e49d63b2a8,evaluation,400,400,1,1,9,2,8,51,,0,50,400,0.125,True,step_limit,e20f2b2d1b2cacae1e2cca53d890e5bcda33d120afb8a28715c7a58f3f788b0a,50,55,49,52,96,98,0,1.2525320053100586,1.9897103309631348,2.3717880249023438,,,,,,,,,,,,,,,,29100023,39100023,B,r3,classic,0.1111111111111111
1,1,_run_plan_aae86dae1e_e49d63b2a8,evaluation,400,400,0,0,9,1,31,12,,0,7,400,0.0175,True,step_limit,d36a193b18e69271bbc5fca7dddcfbc3fb0c1cff63b2613e4d5024d7cc80fa33,12,19,15,13,329,12,0,7.741570472717285,8.679306507110596,9.323835372924805,,,,,,,,,,,,,,,,29100024,39100024,B,r3,classic,0.0
1,1,_run_plan_aae86dae1e_e49d63b2a8,evaluation,400,400,2,2,9,3,38,23,,0,17,400,0.0425,True,step_limit,7269b99f784c331d4e2f1b8d4f6575b0c3cb1167beda6da2d8dcf14ab7074d90,33,27,40,19,254,27,0,7.519960403442383,8.006381988525389,9.035348892211914,,,,,,,,,,,,,,,,29100025,39100025,B,r3,classic,0.2222222222222222
1,1,_run_plan_aae86dae1e_e49d63b2a8,evaluation,400,400,1,1,9,1,19,13,,0,8,400,0.02,True,step_limit,35911228bbe4d8ef61d2f0a23e38caecf2c50f38443187a479bcbcfa9717f730,170,13,174,11,17,15,0,3.25775146484375,4.198873043060302,5.642175674438477,,,,,,,,,,,,,,,,29100026,39100026,B,r3,classic,0.1111111111111111
1,1,_run_plan_aae86dae1e_e49d63b2a8,evaluation,400,400,0,0,9,1,21,10,,0,6,400,0.015,True,step_limit,29eb96fdb885d65007580e84816d4f69d853f2eb2440b9c69d7f4443dafe0cbe,13,12,18,8,338,11,0,6.090641021728516,6.781637668609617,7.469892501831055,,,,,,,,,,,,,,,,29100027,39100027,B,r3,classic,0.0
1,1,_run_plan_aae86dae1e_e49d63b2a8,evaluation,400,400,0,0,9,0,12,5,,0,4,400,0.01,True,step_limit,d3668805cd93c607e60bf798d3909eee04c733799c972463bc1c8760ab60bd65,187,11,186,4,6,6,0,3.1958818435668945,3.8786768913269043,4.546403884887695,,,,,,,,,,,,,,,,29100028,39100028,B,r3,classic,0.0
1,1,_run_plan_aae86dae1e_e49d63b2a8,evaluation,400,400,2,2,9,3,36,21,,0,6,400,0.015,True,step_limit,bb98713fc76b0665e1f05999e651fb78f96ef92ac4728dd749a046ca1b3a9ea8,28,20,32,27,271,22,0,7.696986198425293,8.365797996520996,9.334087371826172,,,,,,,,,,,,,,,,29100029,39100029,B,r3,classic,0.2222222222222222
1,1,_run_plan_aae86dae1e_e49d63b2a8,evaluation,400,400,0,0,9,0,19,11,,0,4,400,0.01,True,step_limit,054177567346ff64bef0ed7708e13684ee315129c0345fcfbb96695be217fb2c,12,174,13,175,15,11,0,2.950310707092285,3.444182872772215,5.656003952026367,,,,,,,,,,,,,,,,29100030,39100030,B,r3,classic,0.0
1,1,_run_plan_aae86dae1e_e49d63b2a8,evaluation,400,400,0,0,9,0,11,4,,0,3,400,0.0075,True,step_limit,aa83c94615cc67024e226add5fca35104ef453ab12095aa99ab57cd67119473a,191,5,191,3,6,4,0,2.5382041931152344,3.207099437713623,4.479646682739258,,,,,,,,,,,,,,,,29100031,39100031,B,r3,classic,0.0
1,1,_run_plan_aae86dae1e_e49d63b2a8,evaluation,400,400,3,3,9,4,49,28,,0,24,400,0.06,True,step_limit,8d9634c2a3c63cce76bd4c65fcdae14de9812ecdeb9c689ce2865ede6bd9d6f1,39,131,51,118,29,32,0,4.430532455444336,7.15186595916748,8.391857147216797,,,,,,,,,,,,,,,,29100032,39100032,B,r3,classic,0.3333333333333333
1,1,_run_plan_aae86dae1e_e49d63b2a8,evaluation,400,400,2,2,9,2,42,52,,0,14,400,0.035,True,step_limit,370165c4b29d042912db6b9707519cab79b71bab9c6a00414d857fe085120c5f,92,56,101,46,51,54,0,3.180980682373047,7.668054103851318,9.877920150756836,,,,,,,,,,,,,,,,29100033,39100033,B,r3,classic,0.2222222222222222
1,1,_run_plan_aae86dae1e_e49d63b2a8,evaluation,400,400,3,3,9,3,41,16,,0,3,400,0.0075,True,step_limit,695b422f69157c2454e20b34c38571842dae6d578360cc9892b3fe6dce92f10d,23,150,24,155,30,18,0,4.136800765991211,5.347120761871337,9.571552276611328,,,,,,,,,,,,,,,,29100034,39100034,B,r3,classic,0.3333333333333333
1,1,_run_plan_aae86dae1e_e49d63b2a8,evaluation,400,400,0,0,9,1,3,1,,0,2,400,0.005,True,step_limit,2b48207f8711cccb1c1ad9c13e861c6ae2da832d0d430d03be08312cb4bb71c1,3,1,0,1,393,2,0,1.9097328186035156,2.0804882049560542,3.238677978515625,,,,,,,,,,,,,,,,29100035,39100035,B,r3,classic,0.0
1,1,_run_plan_aae86dae1e_e49d63b2a8,evaluation,400,400,4,4,9,5,46,19,,0,10,400,0.025,True,step_limit,46f800bd7162679a205ed0a21f4805d3c5979b872dbd614c9c3b7b897db691b6,27,23,31,30,267,22,0,7.845878601074219,8.845031261444092,9.723663330078125,,,,,,,,,,,,,,,,29100036,39100036,B,r3,classic,0.4444444444444444
1,1,_run_plan_aae86dae1e_e49d63b2a8,evaluation,400,400,1,1,9,1,17,7,,0,1,400,0.0025,True,step_limit,9f4356b542f802a0465aa883e44aecd97678b222114f6b4f0c6982465998c610,12,179,12,181,8,8,0,2.8580427169799805,3.8428783416748042,5.472660064697266,,,,,,,,,,,,,,,,29100037,39100037,B,r3,classic,0.1111111111111111
1,1,_run_plan_aae86dae1e_e49d63b2a8,evaluation,400,400,0,0,9,1,9,4,,0,5,400,0.0125,True,step_limit,9a8e31a3e5322a3314ef033e7afcb5949bbcf1000117a5c55041797d8774b0a2,5,6,4,4,375,6,0,2.3752450942993164,2.5956988334655753,3.1676292419433594,,,,,,,,,,,,,,,,29100038,39100038,B,r3,classic,0.0
1,1,_run_plan_aae86dae1e_e49d63b2a8,evaluation,400,400,1,1,9,2,14,8,,0,4,400,0.01,True,step_limit,d86b1556d247ee59422aa63b7a0fdc81460d090aa912d650488ac5a98f887e8d,11,9,11,7,352,10,0,4.911661148071289,5.620074272155761,6.282329559326172,,,,,,,,,,,,,,,,29100039,39100039,B,r3,classic,0.1111111111111111
1,1,_run_plan_aae86dae1e_e49d63b2a8,evaluation,400,400,2,2,9,3,32,14,,0,6,400,0.015,True,step_limit,e05e220d7cbdfd7e80ccf626c32221eb386d48d3ef53169da86579a0cf252717,26,157,22,158,17,20,0,4.563689231872559,7.775068283081054,9.064197540283203,,,,,,,,,,,,,,,,29100040,39100040,B,r3,classic,0.2222222222222222
1,1,_run_plan_aae86dae1e_e49d63b2a8,evaluation,400,400,2,2,50,0,0,0,,0,0,400,0.0,True,step_limit,5eca0bb52a61836f5c1e1b50a89e61eebf5a1b6a21874a99c315f7984ccbe0a3,0,1,0,0,399,0,0,3.565549850463867,4.09978628158569,6.482362747192383,,,,,,,,,,,,,,,,29100101,39100101,B,r3,coin-heaven,0.04
1,1,_run_plan_aae86dae1e_e49d63b2a8,evaluation,400,400,2,2,50,0,0,0,,0,396,400,0.99,True,step_limit,a98b73c660f6330b6a421f2f1675819a86bfc312d84604ab6412f28efef47a2d,0,396,4,0,0,0,0,6.146073341369629,6.695687770843503,7.571697235107422,,,,,,,,,,,,,,,,29100102,39100102,B,r3,coin-heaven,0.04
1,1,_run_plan_aae86dae1e_e49d63b2a8,evaluation,400,400,4,4,50,0,0,1,,0,0,400,0.0,True,step_limit,9b7efe9e864e917cf9be9a1e2166588f1e3d84285aa7e969c5871ceefae05b7c,0,2,6,1,390,1,0,5.582928657531738,6.351268291473389,6.835460662841797,,,,,,,,,,,,,,,,29100103,39100103,B,r3,coin-heaven,0.08
1,1,_run_plan_aae86dae1e_e49d63b2a8,evaluation,400,400,8,8,50,0,0,1,,0,3,400,0.0075,True,step_limit,dfb6e92e8d0e2adc1a6f84a887ed2d07a6f1e2a4718ba193ab352528208383db,0,5,6,3,385,1,0,5.560517311096191,6.203305721282958,10.217428207397461,,,,,,,,,,,,,,,,29100104,39100104,B,r3,coin-heaven,0.16
1,1,_run_plan_aae86dae1e_e49d63b2a8,evaluation,400,400,1,1,50,0,0,0,,0,398,400,0.995,True,step_limit,b48a1f44d4fe66ccb8275a22bcce721e2b50d85e638b2a2b5a815f6ea14b8082,2,398,0,0,0,0,0,5.351662635803223,5.8594584465026855,6.5402984619140625,,,,,,,,,,,,,,,,29100105,39100105,B,r3,coin-heaven,0.02
1,1,_run_plan_aae86dae1e_e49d63b2a8,evaluation,400,400,3,3,50,0,0,0,,0,1,400,0.0025,True,step_limit,e26cae1bbe7c73cd3fdaf5f1fba534c215588116d36fbb6d7ce4a981faad86e2,0,1,2,2,395,0,0,8.54945182800293,9.357571601867676,10.343074798583984,,,,,,,,,,,,,,,,29100106,39100106,B,r3,coin-heaven,0.06
1,1,_run_plan_aae86dae1e_e49d63b2a8,evaluation,400,400,4,4,50,0,0,1,,0,0,400,0.0,True,step_limit,51009bf7293547b7c126107e8cd01753bf3ef4e35551cae4ada8424aaaee84e1,3,3,5,0,388,1,0,5.7086944580078125,6.465661525726318,8.331775665283203,,,,,,,,,,,,,,,,29100107,39100107,B,r3,coin-heaven,0.08
1,1,_run_plan_aae86dae1e_e49d63b2a8,evaluation,400,400,2,2,50,0,0,0,,0,0,400,0.0,True,step_limit,55206a0a41f0370348bc346c23b40e41ecaeef1eaade85eb049a8ca32aaf5ca5,1,1,1,0,397,0,0,3.4939050674438477,3.7747979164123526,4.44340705871582,,,,,,,,,,,,,,,,29100108,39100108,B,r3,coin-heaven,0.04
1,1,_run_plan_aae86dae1e_e49d63b2a8,evaluation,400,400,3,3,50,0,0,1,,0,1,400,0.0025,True,step_limit,7c6adde5a71d19f1ea4e8a1e4bd3231a35b6c6d39bc129ca3c15d9c0aef8d3ad,6,3,1,0,389,1,0,6.483912467956543,6.97183609008789,9.940862655639648,,,,,,,,,,,,,,,,29100109,39100109,B,r3,coin-heaven,0.06
1,1,_run_plan_aae86dae1e_e49d63b2a8,evaluation,400,400,6,6,50,0,0,0,,0,0,400,0.0,True,step_limit,0c56a239c36df080fb603d89cbefd49a1d4f714231167ecbb91eef6cb86b53d0,2,1,0,6,391,0,0,6.270647048950195,7.132148742675781,10.622978210449219,,,,,,,,,,,,,,,,29100110,39100110,B,r3,coin-heaven,0.12
1,1,_run_plan_aae86dae1e_e49d63b2a8,evaluation,400,400,1,1,50,0,0,0,,0,0,400,0.0,True,step_limit,708a40220e94daf4e63133f835066e65f92bb54cb36b121e8746efd128528fbe,0,0,0,1,399,0,0,3.4781694412231445,3.859937191009521,4.365444183349609,,,,,,,,,,,,,,,,29100111,39100111,B,r3,coin-heaven,0.02
1,1,_run_plan_aae86dae1e_e49d63b2a8,evaluation,400,400,0,0,50,0,0,0,,0,0,400,0.0,True,step_limit,c303f71cd32830d4eb7aaa675cbd026054e2784365885cbd946ae463c419fbb1,0,0,0,0,400,0,0,3.3266544342041016,3.5907506942749023,4.185676574707031,,,,,,,,,,,,,,,,29100112,39100112,B,r3,coin-heaven,0.0
1,1,_run_plan_aae86dae1e_e49d63b2a8,evaluation,400,400,3,3,50,0,0,0,,0,0,400,0.0,True,step_limit,025e32010f90bbb2a8e41c7c9671587cfc83ca923744e0a9b71055fe007711d5,0,1,4,0,395,0,0,5.509376525878906,6.381523609161377,11.026144027709961,,,,,,,,,,,,,,,,29100113,39100113,B,r3,coin-heaven,0.06
1,1,_run_plan_aae86dae1e_e49d63b2a8,evaluation,400,400,0,0,50,0,0,0,,0,0,400,0.0,True,step_limit,fecee921df710726731d79707a7abcd79a0be7bf629024b81ab6ee8df6ae2871,0,1,0,0,399,0,0,3.48508358001709,3.9070963859558097,4.61125373840332,,,,,,,,,,,,,,,,29100114,39100114,B,r3,coin-heaven,0.0
1,1,_run_plan_aae86dae1e_e49d63b2a8,evaluation,400,400,1,1,50,0,0,0,,0,0,400,0.0,True,step_limit,f6cf5ab55526d53a9eb3c4e3af2116aaf34571ea8a3e6fe8852cfe969be82e0e,0,200,0,200,0,0,0,3.4389495849609375,3.6930561065673824,4.5623779296875,,,,,,,,,,,,,,,,29100115,39100115,B,r3,coin-heaven,0.02
1,1,_run_plan_aae86dae1e_e49d63b2a8,evaluation,400,400,3,3,50,0,0,0,,0,0,400,0.0,True,step_limit,21a594f1dc86dd367e3b660cc294736d40756e41e26324cf07c87b570dfcfc50,2,1,0,2,395,0,0,4.646897315979004,5.337965488433838,9.090662002563477,,,,,,,,,,,,,,,,29100116,39100116,B,r3,coin-heaven,0.06
1,1,_run_plan_aae86dae1e_e49d63b2a8,evaluation,400,400,2,2,50,0,0,0,,0,0,400,0.0,True,step_limit,d507deae360cae093b209ae4e24457823796ec8eefe0fcd4e9c6fa6e60a6dab6,0,1,4,0,395,0,0,5.298256874084473,5.856871604919433,6.5517425537109375,,,,,,,,,,,,,,,,29100117,39100117,B,r3,coin-heaven,0.04
1,1,_run_plan_aae86dae1e_e49d63b2a8,evaluation,400,400,1,1,50,0,0,0,,0,0,400,0.0,True,step_limit,5eca0bb52a61836f5c1e1b50a89e61eebf5a1b6a21874a99c315f7984ccbe0a3,0,1,0,0,399,0,0,3.5268068313598633,4.055297374725342,4.4536590576171875,,,,,,,,,,,,,,,,29100118,39100118,B,r3,coin-heaven,0.02
1,1,_run_plan_aae86dae1e_e49d63b2a8,evaluation,400,400,4,4,50,0,0,1,,0,0,400,0.0,True,step_limit,c051dbe59a65c1283c22bd0502d6d0da934585a803becfef96f95e70284b4b6c,3,194,9,192,1,1,0,8.063554763793945,10.828900337219235,13.167619705200195,,,,,,,,,,,,,,,,29100119,39100119,B,r3,coin-heaven,0.08
1,1,_run_plan_aae86dae1e_e49d63b2a8,evaluation,400,400,1,1,50,0,0,0,,0,1,400,0.0025,True,step_limit,d816b0c8441e2537ca716fb71ede28c064bbeb079bb71430d407678cc0707fc0,0,1,0,1,398,0,0,3.482222557067871,3.7292599678039546,4.336118698120117,,,,,,,,,,,,,,,,29100120,39100120,B,r3,coin-heaven,0.02
1,1,_run_plan_aae86dae1e_e49d63b2a8,evaluation,400,400,3,3,50,0,0,1,,0,1,400,0.0025,True,step_limit,83e401d06e333b15a6b367506055c5d1369400baf9ec92118e4106fb867da2b6,0,196,4,197,2,1,0,6.22248649597168,10.290408134460447,11.678695678710938,,,,,,,,,,,,,,,,29100121,39100121,B,r3,coin-heaven,0.06
1,1,_run_plan_aae86dae1e_e49d63b2a8,evaluation,400,400,4,4,50,0,0,2,,0,3,400,0.0075,True,step_limit,3f4130c691962b23bdb359c777bc625279b4bdac9eff7e71561076ef5f6b2659,5,4,1,1,384,5,0,6.51705265045166,7.140588760375977,9.741783142089844,,,,,,,,,,,,,,,,29100122,39100122,B,r3,coin-heaven,0.08
1,1,_run_plan_aae86dae1e_e49d63b2a8,evaluation,400,400,0,0,50,0,0,0,,0,0,400,0.0,True,step_limit,708a40220e94daf4e63133f835066e65f92bb54cb36b121e8746efd128528fbe,0,0,0,1,399,0,0,3.5130977630615234,4.0195465087890625,4.760503768920898,,,,,,,,,,,,,,,,29100123,39100123,B,r3,coin-heaven,0.0
1,1,_run_plan_aae86dae1e_e49d63b2a8,evaluation,400,400,3,3,50,0,0,0,,0,0,400,0.0,True,step_limit,4397f7755051a9c3ab57587754fc3c9e12063f646f91beaed6d6d9d03d29a106,2,199,0,199,0,0,0,5.292534828186035,5.760121345520019,6.867885589599609,,,,,,,,,,,,,,,,29100124,39100124,B,r3,coin-heaven,0.06
1,1,_run_plan_aae86dae1e_e49d63b2a8,evaluation,400,400,1,1,50,0,0,1,,0,1,400,0.0025,True,step_limit,f881852a9a46b6265b71f622bc60fe785aee8cfdb828d12154a78b6ad2f3b7e5,0,2,2,2,393,1,0,4.608392715454102,5.274736881256102,8.642911911010742,,,,,,,,,,,,,,,,29100125,39100125,B,r3,coin-heaven,0.02
1,1,_run_plan_aae86dae1e_e49d63b2a8,evaluation,400,400,1,1,50,0,0,0,,0,0,400,0.0,True,step_limit,fecee921df710726731d79707a7abcd79a0be7bf629024b81ab6ee8df6ae2871,0,1,0,0,399,0,0,3.486752510070801,4.0335655212402335,4.427433013916016,,,,,,,,,,,,,,,,29100126,39100126,B,r3,coin-heaven,0.02
1,1,_run_plan_aae86dae1e_e49d63b2a8,evaluation,400,400,3,3,50,0,0,0,,0,0,400,0.0,True,step_limit,494e79d8f1da5d58a15ff043023a068df89644495c6acb0a34d05612144489db,0,1,2,2,395,0,0,4.651904106140137,5.40260076522827,9.633064270019531,,,,,,,,,,,,,,,,29100127,39100127,B,r3,coin-heaven,0.06
1,1,_run_plan_aae86dae1e_e49d63b2a8,evaluation,400,400,5,5,50,0,0,0,,0,0,400,0.0,True,step_limit,12e1f64f9c9b64dc4f28dee38c256c3e89ec74abac32cabf8b86824081bf4880,0,1,8,0,391,0,0,5.561113357543945,6.004583835601806,6.977558135986328,,,,,,,,,,,,,,,,29100128,39100128,B,r3,coin-heaven,0.1
1,1,_run_plan_aae86dae1e_e49d63b2a8,evaluation,400,400,5,5,50,0,0,1,,0,0,400,0.0,True,step_limit,6218639aace0e06cb6a17490fd4fbef67c133b410db706a74a627b4884447ac6,3,193,1,202,0,1,0,6.888151168823242,10.320389270782469,11.293888092041016,,,,,,,,,,,,,,,,29100129,39100129,B,r3,coin-heaven,0.1
1,1,_run_plan_aae86dae1e_e49d63b2a8,evaluation,400,400,2,2,50,0,0,0,,0,0,400,0.0,True,step_limit,d507deae360cae093b209ae4e24457823796ec8eefe0fcd4e9c6fa6e60a6dab6,0,1,4,0,395,0,0,5.282878875732422,5.820143222808836,6.631612777709961,,,,,,,,,,,,,,,,29100130,39100130,B,r3,coin-heaven,0.04
1,1,_run_plan_aae86dae1e_e49d63b2a8,evaluation,400,400,3,3,50,0,0,0,,0,0,400,0.0,True,step_limit,0c56a239c36df080fb603d89cbefd49a1d4f714231167ecbb91eef6cb86b53d0,2,1,0,6,391,0,0,6.259560585021973,7.304883003234862,10.739803314208984,,,,,,,,,,,,,,,,29100131,39100131,B,r3,coin-heaven,0.06
1,1,_run_plan_aae86dae1e_e49d63b2a8,evaluation,400,400,0,0,50,0,0,0,,0,0,400,0.0,True,step_limit,708a40220e94daf4e63133f835066e65f92bb54cb36b121e8746efd128528fbe,0,0,0,1,399,0,0,3.530144691467285,3.815019130706787,4.498481750488281,,,,,,,,,,,,,,,,29100132,39100132,B,r3,coin-heaven,0.0
1,1,_run_plan_aae86dae1e_e49d63b2a8,evaluation,400,400,6,6,50,0,0,0,,0,0,400,0.0,True,step_limit,1b19fc0b2c2aaac23e0535047b09a4618892fd198d03f551e51809a98331b4a5,10,1,0,0,389,0,0,5.370855331420898,5.798053741455077,7.279634475708008,,,,,,,,,,,,,,,,29100133,39100133,B,r3,coin-heaven,0.12
1,1,_run_plan_aae86dae1e_e49d63b2a8,evaluation,400,400,8,8,50,0,0,1,,0,2,400,0.005,True,step_limit,7287a09a029e72904595c6095cce1d50b99ac5a5df43ad8a21b7fde1ce7a1b6f,5,2,1,13,376,3,0,6.560206413269043,7.266008853912353,10.541439056396484,,,,,,,,,,,,,,,,29100134,39100134,B,r3,coin-heaven,0.16
1,1,_run_plan_aae86dae1e_e49d63b2a8,evaluation,400,400,1,1,50,0,0,0,,0,0,400,0.0,True,step_limit,320d0cee152776e68c64a0935487bc4fb190537fac627b99072ce6a05c57a9a2,0,0,0,3,397,0,0,4.291176795959473,4.6292781829833975,5.916357040405273,,,,,,,,,,,,,,,,29100135,39100135,B,r3,coin-heaven,0.02
1,1,_run_plan_aae86dae1e_e49d63b2a8,evaluation,400,400,0,0,50,0,0,0,,0,0,400,0.0,True,step_limit,708a40220e94daf4e63133f835066e65f92bb54cb36b121e8746efd128528fbe,0,0,0,1,399,0,0,3.5054683685302734,4.0134429931640625,4.602670669555664,,,,,,,,,,,,,,,,29100136,39100136,B,r3,coin-heaven,0.0
1,1,_run_plan_aae86dae1e_e49d63b2a8,evaluation,400,400,0,0,50,0,0,0,,0,0,400,0.0,True,step_limit,708a40220e94daf4e63133f835066e65f92bb54cb36b121e8746efd128528fbe,0,0,0,1,399,0,0,3.5071372985839844,4.010736942291259,4.492521286010742,,,,,,,,,,,,,,,,29100137,39100137,B,r3,coin-heaven,0.0
1,1,_run_plan_aae86dae1e_e49d63b2a8,evaluation,400,400,0,0,50,0,0,0,,0,0,400,0.0,True,step_limit,c303f71cd32830d4eb7aaa675cbd026054e2784365885cbd946ae463c419fbb1,0,0,0,0,400,0,0,3.336787223815918,3.689515590667724,4.272222518920898,,,,,,,,,,,,,,,,29100138,39100138,B,r3,coin-heaven,0.0
1,1,_run_plan_aae86dae1e_e49d63b2a8,evaluation,400,400,0,0,50,0,0,0,,0,400,400,1.0,True,step_limit,ac7274a450d9f601766be5eaf17b1c1ea2ccb7ffae6acdcdd08caac1e861fd93,0,400,0,0,0,0,0,3.3675432205200195,3.7292718887329093,4.361629486083984,,,,,,,,,,,,,,,,29100139,39100139,B,r3,coin-heaven,0.0
1,1,_run_plan_aae86dae1e_e49d63b2a8,evaluation,400,400,0,0,50,0,0,0,,0,0,400,0.0,True,step_limit,708a40220e94daf4e63133f835066e65f92bb54cb36b121e8746efd128528fbe,0,0,0,1,399,0,0,3.489851951599121,3.76702547073364,4.569292068481445,,,,,,,,,,,,,,,,29100140,39100140,B,r3,coin-heaven,0.0
1,1,_run_plan_aae86dae1e_e49d63b2a8,evaluation,400,400,6,6,50,7,21,11,,0,8,400,0.02,True,step_limit,cfa698698916782b2f41abcbab7a0dbf9239a02c8fa6c039a23f89f0b5aa25ca,21,15,20,9,321,14,0,6.696939468383789,7.444465160369871,9.65738296508789,,,,,,,,,,,,,,,,29100201,39100201,B,r3,loot-crate,0.12
1,1,_run_plan_aae86dae1e_e49d63b2a8,evaluation,400,400,10,10,50,15,30,11,,0,10,400,0.025,True,step_limit,3dd388f6a0fae12a76f4612220066c765a934e38f021442eac85a7557821ef8d,22,10,17,21,315,15,0,5.340337753295898,5.610537528991699,6.6547393798828125,,,,,,,,,,,,,,,,29100202,39100202,B,r3,loot-crate,0.2
1,1,_run_plan_aae86dae1e_e49d63b2a8,evaluation,400,400,2,2,50,7,11,50,,0,50,400,0.125,True,step_limit,74316933eb6bf4c36b1b3abb62800daf93b40e20dc43b77ad2a7065657e35d0c,50,54,49,50,98,99,0,1.3731718063354492,3.2953977584838867,4.19306755065918,,,,,,,,,,,,,,,,29100203,39100203,B,r3,loot-crate,0.04
1,1,_run_plan_aae86dae1e_e49d63b2a8,evaluation,400,400,11,11,50,13,19,8,,0,9,400,0.0225,True,step_limit,66d54748f7c40717ce71ea7f74fd881d257ac392ef80ffb1a1304a49950eae03,180,7,176,14,10,13,0,2.3027658462524414,2.7397394180297843,5.060434341430664,,,,,,,,,,,,,,,,29100204,39100204,B,r3,loot-crate,0.22
1,1,_run_plan_aae86dae1e_e49d63b2a8,evaluation,400,400,11,11,50,14,38,17,,0,11,400,0.0275,True,step_limit,d147b7a78978b8d5775e9a0b6dca59398b43c67c132022ad06498d3808dac5df,20,31,17,25,288,19,0,5.875110626220703,6.2581419944763175,7.320165634155273,,,,,,,,,,,,,,,,29100205,39100205,B,r3,loot-crate,0.22
1,1,_run_plan_aae86dae1e_e49d63b2a8,evaluation,400,400,4,4,50,9,12,5,,0,7,400,0.0175,True,step_limit,b1545ebf61f70dc1bd269a3f396d08b6593efd0e3544cd49c2547fa793a2da0d,184,13,184,8,3,8,0,2.2382736206054688,2.5511145591735835,2.924203872680664,,,,,,,,,,,,,,,,29100206,39100206,B,r3,loot-crate,0.08
1,1,_run_plan_aae86dae1e_e49d63b2a8,evaluation,400,400,9,9,50,10,19,6,,0,2,400,0.005,True,step_limit,ba5b019c21f86629a14dc3e6432087dd14319060639ffcb2432b832a744940a9,10,11,15,15,342,7,0,5.617737770080566,6.3291072845458975,7.027864456176758,,,,,,,,,,,,,,,,29100207,39100207,B,r3,loot-crate,0.18
1,1,_run_plan_aae86dae1e_e49d63b2a8,evaluation,400,400,8,8,50,9,16,7,,0,5,400,0.0125,True,step_limit,dded11648570d97adbb092db04f65bdd72f356b44dafd4944bdb155094abab57,18,174,19,172,8,9,0,3.3092498779296875,5.52990436553955,7.0095062255859375,,,,,,,,,,,,,,,,29100208,39100208,B,r3,loot-crate,0.16
1,1,_run_plan_aae86dae1e_e49d63b2a8,evaluation,400,400,4,4,50,5,13,7,,0,2,400,0.005,True,step_limit,d5795df4a95bae0a044def6c79b5c8de9d143daf612c57188229cd0b82a61a6a,10,8,13,11,351,7,0,3.8251876831054688,4.3720006942749015,5.039215087890625,,,,,,,,,,,,,,,,29100209,39100209,B,r3,loot-crate,0.08
1,1,_run_plan_aae86dae1e_e49d63b2a8,evaluation,400,400,10,10,50,13,39,19,,0,17,400,0.0425,True,step_limit,513650c55e74bd918c2c53cdd385b64ac6d2b3d3d34e068ae09cfbd5a9dfcab4,159,22,170,13,11,25,0,2.4721622467041016,3.0830502510070796,5.935192108154297,,,,,,,,,,,,,,,,29100210,39100210,B,r3,loot-crate,0.2
1,1,_run_plan_aae86dae1e_e49d63b2a8,evaluation,400,400,0,0,50,1,3,2,,0,1,400,0.0025,True,step_limit,9d0cb3324b0fe29e22e6faf13ffe37e815a0c20b466990dc452bca2923d49ef8,1,2,1,2,391,3,0,1.9216537475585938,2.1083474159240714,2.592802047729492,,,,,,,,,,,,,,,,29100211,39100211,B,r3,loot-crate,0.0
1,1,_run_plan_aae86dae1e_e49d63b2a8,evaluation,400,400,1,1,50,4,15,4,,0,4,400,0.01,True,step_limit,df1a82d95407ccb5de0ad05362ffe95b5ae8812309243c8d89a4f1f6c14669c2,5,10,3,4,372,6,0,5.059361457824707,5.3734660148620605,6.310224533081055,,,,,,,,,,,,,,,,29100212,39100212,B,r3,loot-crate,0.02
1,1,_run_plan_aae86dae1e_e49d63b2a8,evaluation,400,400,15,15,50,18,44,21,,0,12,400,0.03,True,step_limit,40f4bea7908f2003cdc43611fc57af6421b7e3b8f73ac98c47e3a50d6df39abc,29,35,27,41,241,27,0,7.450699806213379,8.339512348175047,9.152650833129883,,,,,,,,,,,,,,,,29100213,39100213,B,r3,loot-crate,0.3
1,1,_run_plan_aae86dae1e_e49d63b2a8,evaluation,400,400,1,1,50,4,7,2,,0,1,400,0.0025,True,step_limit,27058ee1816b6e5cff5a96b6ca3a67573c3b1bdc9aa62cabf261261b3346a127,1,6,1,5,384,3,0,1.9199848175048828,2.0587563514709473,2.462148666381836,,,,,,,,,,,,,,,,29100214,39100214,B,r3,loot-crate,0.02
1,1,_run_plan_aae86dae1e_e49d63b2a8,evaluation,400,400,3,3,50,6,13,6,,0,6,400,0.015,True,step_limit,3b5f11e1818fb97d7df0089c9ea030d5ae98af55e1dbb242a52539778754cc24,6,12,7,5,362,8,0,3.451108932495117,3.6467671394348136,4.334926605224609,,,,,,,,,,,,,,,,29100215,39100215,B,r3,loot-crate,0.06
1,1,_run_plan_aae86dae1e_e49d63b2a8,evaluation,400,400,4,4,50,6,25,7,,0,3,400,0.0075,True,step_limit,7da2965a83fdc85b7429e911b2634e93853bbc41590d0a765323bab0ee20e040,11,179,10,181,11,8,0,3.563523292541504,4.160618782043457,4.964113235473633,,,,,,,,,,,,,,,,29100216,39100216,B,r3,loot-crate,0.08
1,1,_run_plan_aae86dae1e_e49d63b2a8,evaluation,400,400,3,3,50,4,11,4,,0,8,400,0.02,True,step_limit,1d8f035fd7e02d72dcc937500a841b8d652fbb8f7a239625c204a416b112c3f3,8,7,4,6,366,9,0,4.128932952880859,4.337024688720703,5.370616912841797,,,,,,,,,,,,,,,,29100217,39100217,B,r3,loot-crate,0.06
1,1,_run_plan_aae86dae1e_e49d63b2a8,evaluation,400,400,5,5,50,7,27,13,,0,8,400,0.02,True,step_limit,ace9bcad70fc3ff1a70922b16d00399e545a6cb2538604467b431228e6c20533,28,11,24,14,305,18,0,5.465865135192871,5.85701465606689,6.798028945922852,,,,,,,,,,,,,,,,29100218,39100218,B,r3,loot-crate,0.1
1,1,_run_plan_aae86dae1e_e49d63b2a8,evaluation,400,400,5,5,50,6,19,7,,0,3,400,0.0075,True,step_limit,68f0c79d5b951bbf71d5fbed8db818e489799ad0f1ec9b2b64c73285777a9798,8,10,11,13,350,8,0,5.766391754150391,6.13652467727661,7.200479507446289,,,,,,,,,,,,,,,,29100219,39100219,B,r3,loot-crate,0.1
1,1,_run_plan_aae86dae1e_e49d63b2a8,evaluation,400,400,14,14,50,15,32,48,,0,111,400,0.2775,True,step_limit,e0610b19025c5dc87b68b2cc26632c05be3d85896502d0c6d55dffbd6b92634b,102,53,61,51,11,122,0,1.8198490142822266,4.472780227661133,5.969047546386719,,,,,,,,,,,,,,,,29100220,39100220,B,r3,loot-crate,0.28
1,1,_run_plan_aae86dae1e_e49d63b2a8,evaluation,400,400,4,4,50,5,13,4,,0,3,400,0.0075,True,step_limit,7a58a1b1041122f3e3ae581d2f0f39f8416913f829d6a903fb20166a4e7c4443,187,5,190,7,4,7,0,3.0068159103393555,3.294909000396728,4.777193069458008,,,,,,,,,,,,,,,,29100221,39100221,B,r3,loot-crate,0.08
1,1,_run_plan_aae86dae1e_e49d63b2a8,evaluation,400,400,1,1,50,2,8,4,,0,6,400,0.015,True,step_limit,e8b994ee959f57fb52691836703b7b5f438fc13c5ace9b07dc2bda80a30a0405,5,8,3,2,372,10,0,1.149296760559082,1.3901591300964353,3.0059814453125,,,,,,,,,,,,,,,,29100222,39100222,B,r3,loot-crate,0.02
1,1,_run_plan_aae86dae1e_e49d63b2a8,evaluation,400,400,1,1,50,3,6,3,,0,1,400,0.0025,True,step_limit,c81d6618c2ae64aa2d6abbcc0c47118e51941506edfcf1cd88127c035ca4f378,3,5,3,5,380,4,0,2.025723457336426,2.1762847900390625,2.6586055755615234,,,,,,,,,,,,,,,,29100223,39100223,B,r3,loot-crate,0.02
1,1,_run_plan_aae86dae1e_e49d63b2a8,evaluation,400,400,2,2,50,4,9,50,,0,94,400,0.235,True,step_limit,3b25848a684a170d8f0bba8142b1b4753f8a5c2efd1b480e6ba3a2f4b2a181b3,52,49,56,49,51,143,0,1.5177726745605469,2.851045131683349,3.397703170776367,,,,,,,,,,,,,,,,29100224,39100224,B,r3,loot-crate,0.04
1,1,_run_plan_aae86dae1e_e49d63b2a8,evaluation,400,400,5,5,50,6,11,9,,0,1,400,0.0025,True,step_limit,a33493667ee87131844d8d58166ca19b6168df3b00bde0860bf42398b9e32997,5,17,11,20,338,9,0,2.347707748413086,2.4922609329223633,3.7047863006591797,,,,,,,,,,,,,,,,29100225,39100225,B,r3,loot-crate,0.1
1,1,_run_plan_aae86dae1e_e49d63b2a8,evaluation,400,400,5,5,50,8,24,50,,0,50,400,0.125,True,step_limit,b616075ac7ccf64551d27180331757350e6c00fc792a00b9e5f5546429c379f5,53,93,51,97,7,99,0,2.23696231842041,3.877115249633788,6.419897079467773,,,,,,,,,,,,,,,,29100226,39100226,B,r3,loot-crate,0.1
1,1,_run_plan_aae86dae1e_e49d63b2a8,evaluation,400,400,2,2,50,3,8,3,,0,5,400,0.0125,True,step_limit,f10adbc445893948b540340581fdaf545ea09087b10661a08fb591c9437735dd,3,5,4,5,377,6,0,2.130746841430664,2.2672533988952632,2.6988983154296875,,,,,,,,,,,,,,,,29100227,39100227,B,r3,loot-crate,0.04
1,1,_run_plan_aae86dae1e_e49d63b2a8,evaluation,400,400,6,6,50,11,15,6,,0,4,400,0.01,True,step_limit,92f8dca420d82fc24c0206f1ff85667f537ac7926d900adb115e6b680c5964cb,8,183,12,180,7,10,0,3.2857656478881836,4.165303707122803,5.556821823120117,,,,,,,,,,,,,,,,29100228,39100228,B,r3,loot-crate,0.12
1,1,_run_plan_aae86dae1e_e49d63b2a8,evaluation,21,21,1,1,50,3,10,3,,1,2,21,0.09523809523809523,False,killed,4fb7d4b454f63a1e762634f30418b23f3a337eedffe71dbc1ab03684e75b493d,2,8,2,5,1,3,0,1.13677978515625,1.950979232788086,2.109527587890625,,,,,,,,,,,,,,,,29100229,39100229,B,r3,loot-crate,0.02
1,1,_run_plan_aae86dae1e_e49d63b2a8,evaluation,400,400,5,5,50,7,17,5,,0,1,400,0.0025,True,step_limit,c54889c315f7bac917bea202e753b83f710707bb3adee79989d702cc13c79f41,10,5,16,3,360,6,0,4.752159118652344,5.43372631072998,6.121635437011719,,,,,,,,,,,,,,,,29100230,39100230,B,r3,loot-crate,0.1
1,1,_run_plan_aae86dae1e_e49d63b2a8,evaluation,400,400,2,2,50,3,10,3,,0,2,400,0.005,True,step_limit,8a0a3f5c91ab9fbba5bfb33aca4e5ddd330d10c01eda92e0a8fa5ce3ba3f6cb4,6,2,4,5,379,4,0,4.119753837585449,4.734706878662109,5.171060562133789,,,,,,,,,,,,,,,,29100231,39100231,B,r3,loot-crate,0.04
1,1,_run_plan_aae86dae1e_e49d63b2a8,evaluation,400,400,9,9,50,13,23,7,,0,3,400,0.0075,True,step_limit,2919ba7fe11125309034fa599bbeed8cba7ea5e354dda7241fe785ae346292eb,16,8,10,12,344,10,0,4.705071449279785,4.993915557861328,6.276369094848633,,,,,,,,,,,,,,,,29100232,39100232,B,r3,loot-crate,0.18
1,1,_run_plan_aae86dae1e_e49d63b2a8,evaluation,400,400,6,6,50,8,15,9,,0,7,400,0.0175,True,step_limit,c1154e742b216233d9e4216d0e263eb5d72ccb086129642c58907c0e4b64ae14,171,13,173,23,10,10,0,2.4187564849853516,3.3968091011047363,4.149198532104492,,,,,,,,,,,,,,,,29100233,39100233,B,r3,loot-crate,0.12
1,1,_run_plan_aae86dae1e_e49d63b2a8,evaluation,400,400,8,8,50,9,24,13,,0,9,400,0.0225,True,step_limit,2302341f23563df855af5617023caf82e3b92c346c4585401c634a3f2cedcf86,20,26,21,18,298,17,0,7.041215896606445,7.5114369392395,8.48698616027832,,,,,,,,,,,,,,,,29100234,39100234,B,r3,loot-crate,0.16
1,1,_run_plan_aae86dae1e_e49d63b2a8,evaluation,400,400,2,2,50,4,6,2,,0,1,400,0.0025,True,step_limit,569be384353ec6169196694ee28c13ccf0ebc0a3810608a0e396dee78db51eba,2,5,2,1,387,3,0,1.0758638381958008,1.234495639801025,1.9118785858154297,,,,,,,,,,,,,,,,29100235,39100235,B,r3,loot-crate,0.04
1,1,_run_plan_aae86dae1e_e49d63b2a8,evaluation,400,400,10,10,50,11,37,50,,0,37,400,0.0925,True,step_limit,7db35e2d64099bfbfba10cc99640bc6f8e4e159322e29af7af796825fad63789,68,51,80,47,71,83,0,2.444028854370117,5.950772762298584,7.307291030883789,,,,,,,,,,,,,,,,29100236,39100236,B,r3,loot-crate,0.2
1,1,_run_plan_aae86dae1e_e49d63b2a8,evaluation,400,400,7,7,50,10,23,8,,0,3,400,0.0075,True,step_limit,1392b8e2e073d1be46f9703c7ba96b4cbfa8f8725f7a57f1526313a83b0bec3f,16,8,23,6,337,10,0,5.953073501586914,6.66652917861938,7.267475128173828,,,,,,,,,,,,,,,,29100237,39100237,B,r3,loot-crate,0.14
1,1,_run_plan_aae86dae1e_e49d63b2a8,evaluation,400,400,7,7,50,8,21,9,,0,7,400,0.0175,True,step_limit,22adefedb0326135f0ceda0f512427f198d331d980e41bba93689b071a2e1d64,20,12,17,8,332,11,0,5.431890487670898,5.74657917022705,6.906747817993164,,,,,,,,,,,,,,,,29100238,39100238,B,r3,loot-crate,0.14
1,1,_run_plan_aae86dae1e_e49d63b2a8,evaluation,400,400,8,8,50,9,23,9,,0,7,400,0.0175,True,step_limit,623fa241bd5458993ac53066b12ffd54de2cf7d07663ce98fef5d130150aa399,19,18,14,15,322,12,0,6.0253143310546875,6.907379627227783,10.750770568847656,,,,,,,,,,,,,,,,29100239,39100239,B,r3,loot-crate,0.16
1,1,_run_plan_aae86dae1e_e49d63b2a8,evaluation,400,400,1,1,50,3,15,6,,0,5,400,0.0125,True,step_limit,07000c881608a7e1a78460280e2d3f8d65cd07d150c7a4b5d9ec6a3107372aac,7,11,7,6,363,6,0,5.3054094314575195,5.604112148284912,6.625890731811523,,,,,,,,,,,,,,,,29100240,39100240,B,r3,loot-crate,0.02
1,1,_run_plan_aae86dae1e_a2ec8adac7,evaluation,400,400,2,2,9,2,15,51,,0,0,400,0.0,True,step_limit,1e64fff1afaec22c4cc0574d3801cbbea4289e3c7837d2b846b394bd2a08729a,72,73,73,75,56,51,0,2.1033287048339844,3.76664400100708,4.39453125,,,,,,,,,,,,,,,,29100001,39100001,B,r4,classic,0.2222222222222222
1,1,_run_plan_aae86dae1e_a2ec8adac7,evaluation,400,400,1,1,9,2,20,9,,0,3,400,0.0075,True,step_limit,1959ff0b4e99c9b15f5e1b8d78badac432f46f14eb8c2a718eacbe2fa6556e68,13,178,5,175,19,10,0,3.2563209533691406,3.7814378738403307,5.5446624755859375,,,,,,,,,,,,,,,,29100002,39100002,B,r4,classic,0.1111111111111111
1,1,_run_plan_aae86dae1e_a2ec8adac7,evaluation,400,400,3,3,9,4,25,50,,0,124,400,0.31,True,step_limit,1706c9983154b95c7451cc4442192471384c3f9ac7b7599d60a5422f38007b31,135,51,50,55,17,92,0,2.725958824157715,4.476559162139893,5.445718765258789,,,,,,,,,,,,,,,,29100003,39100003,B,r4,classic,0.3333333333333333
1,1,_run_plan_aae86dae1e_a2ec8adac7,evaluation,400,400,7,7,9,7,83,54,,0,11,400,0.0275,True,step_limit,bf0da37c8aa9cf0e8c4922327194d9fd45b2899b66b52b5f67b38f6bc2a292bd,65,68,55,52,97,63,0,2.741217613220215,7.897448539733886,9.142637252807617,,,,,,,,,,,,,,,,29100004,39100004,B,r4,classic,0.7777777777777778
1,1,_run_plan_aae86dae1e_a2ec8adac7,evaluation,57,57,0,0,9,1,18,8,,1,1,57,0.017543859649122806,False,killed,5ad87433e3b7ba237ec95ffcb1798a2379548aaff48f1f0bbc4aedc40b4d910d,9,8,5,6,20,9,0,1.5201568603515625,3.0326366424560516,4.716634750366211,,,,,,,,,,,,,,,,29100005,39100005,B,r4,classic,0.0
1,1,_run_plan_aae86dae1e_a2ec8adac7,evaluation,400,400,0,0,9,0,21,57,,0,1,400,0.0025,True,step_limit,0692f6f66c90bb28f259078cd59d7c960a5308736f031148e8ab656d7cd2ec69,62,53,63,53,111,58,0,2.2667646408081055,5.796515941619873,6.628990173339844,,,,,,,,,,,,,,,,29100006,39100006,B,r4,classic,0.0
1,1,_run_plan_aae86dae1e_a2ec8adac7,evaluation,400,400,1,1,9,1,37,52,,0,2,400,0.005,True,step_limit,104ba8c7476f0822632298fa7bd83abef255895e9417f8647222bd7be17965b9,90,50,84,50,72,54,0,3.1130313873291016,7.626533508300781,9.04083251953125,,,,,,,,,,,,,,,,29100007,39100007,B,r4,classic,0.1111111111111111
1,1,_run_plan_aae86dae1e_a2ec8adac7,evaluation,400,400,6,6,9,6,92,54,,0,8,400,0.02,True,step_limit,8f5c92f005681f8fdb88d8edb309f9c43a6d46f3997e34ff6225ecd04e1aaace,60,67,68,53,90,62,0,2.749204635620117,8.08783769607543,9.589672088623047,,,,,,,,,,,,,,,,29100008,39100008,B,r4,classic,0.6666666666666666
1,1,_run_plan_aae86dae1e_a2ec8adac7,evaluation,400,400,0,0,9,0,11,4,,0,0,400,0.0,True,step_limit,b131472b19a003d24332f1b2f7d5bfe7cb226e8145ac93fdb1c4e274d7abfda5,189,3,191,3,10,4,0,2.5177001953125,3.1359672546386714,3.7043094635009766,,,,,,,,,,,,,,,,29100009,39100009,B,r4,classic,0.0
1,1,_run_plan_aae86dae1e_a2ec8adac7,evaluation,400,400,3,3,9,3,42,46,,0,7,400,0.0175,True,step_limit,82894e2aeb0fd5b020872a0a233bbae82a37259456b76a6cb1bcdbe13e3d7b2a,77,68,74,68,63,50,0,2.766251564025879,7.597136497497558,9.063005447387695,,,,,,,,,,,,,,,,29100010,39100010,B,r4,classic,0.3333333333333333
1,1,_run_plan_aae86dae1e_a2ec8adac7,evaluation,400,400,6,6,9,6,61,24,,0,10,400,0.025,True,step_limit,f74ebbe5f7a65a3701be9f0d44b019f83aad9835f6418c62a6d4962ddf9e3bf6,30,141,26,128,43,32,0,4.6176910400390625,8.21714401245117,9.98377799987793,,,,,,,,,,,,,,,,29100011,39100011,B,r4,classic,0.6666666666666666
1,1,_run_plan_aae86dae1e_a2ec8adac7,evaluation,400,400,2,2,9,3,53,25,,0,3,400,0.0075,True,step_limit,dbb16816a07681e9e47e348a11374365f1757f21ddd3e4747a50d30a644445c6,141,28,132,31,41,27,0,2.5632381439208984,5.1406621932983265,9.183645248413086,,,,,,,,,,,,,,,,29100012,39100012,B,r4,classic,0.2222222222222222
1,1,_run_plan_aae86dae1e_a2ec8adac7,evaluation,400,400,2,2,9,3,19,8,,0,0,400,0.0,True,step_limit,09a1555e024d8d0d6a9046745e584aa8cc88cf1b4d8a1e8ef26c715c543728c4,185,7,180,7,13,8,0,2.7185678482055664,3.177618980407715,4.405975341796875,,,,,,,,,,,,,,,,29100013,39100013,B,r4,classic,0.2222222222222222
1,1,_run_plan_aae86dae1e_a2ec8adac7,evaluation,73,73,2,2,9,3,26,10,,1,5,73,0.0684931506849315,False,killed,136c4443231a2dfa50e66b8f37d39a3bc5c46c71fa66b18a398a9aa528e7c263,13,13,8,7,20,12,0,1.6336441040039062,3.168916702270507,5.780458450317383,,,,,,,,,,,,,,,,29100014,39100014,B,r4,classic,0.2222222222222222
1,1,_run_plan_aae86dae1e_a2ec8adac7,evaluation,400,400,5,5,9,5,60,51,,0,7,400,0.0175,True,step_limit,00ed1f237aeab3111c58a5e0474c58136452d8470ed6f5906feacd34457400f0,87,59,79,62,60,53,0,2.670884132385254,8.046042919158891,10.294437408447266,,,,,,,,,,,,,,,,29100015,39100015,B,r4,classic,0.5555555555555556
1,1,_run_plan_aae86dae1e_a2ec8adac7,evaluation,400,400,7,7,9,7,78,46,,0,9,400,0.0225,True,step_limit,76a021bf263118448fe5c30aa7651ace2ce53d8864f75e21e5d24ade02e053e4,75,72,74,58,66,55,0,2.9518604278564453,8.218371868133543,10.246038436889648,,,,,,,,,,,,,,,,29100016,39100016,B,r4,classic,0.7777777777777778
1,1,_run_plan_aae86dae1e_a2ec8adac7,evaluation,400,400,3,3,9,3,85,54,,0,10,400,0.025,True,step_limit,ca69260a74dbb2b5cd677d05bdf1cc578a38a17997226e479d1469abd3ec1757,70,59,59,46,103,63,0,2.440929412841797,6.4525485038757315,8.272886276245117,,,,,,,,,,,,,,,,29100017,39100017,B,r4,classic,0.3333333333333333
1,1,_run_plan_aae86dae1e_a2ec8adac7,evaluation,400,400,2,2,9,2,46,16,,0,2,400,0.005,True,step_limit,eac70c9d081db68b9b55aabfeefa9437d9854a12f8ecf71c0d4cad6193829ba4,159,17,158,11,37,18,0,4.978179931640625,5.867958068847656,8.494377136230469,,,,,,,,,,,,,,,,29100018,39100018,B,r4,classic,0.2222222222222222
1,1,_run_plan_aae86dae1e_a2ec8adac7,evaluation,400,400,3,3,9,4,22,9,,0,5,400,0.0125,True,step_limit,c91d2affdc1bf3f9bd28359c5e999d6a3693572672357cb63788d62d0b5f86da,179,9,172,11,18,11,0,3.436446189880371,3.7498950958251953,4.713773727416992,,,,,,,,,,,,,,,,29100019,39100019,B,r4,classic,0.3333333333333333
1,1,_run_plan_aae86dae1e_a2ec8adac7,evaluation,400,400,4,4,9,4,77,36,,0,7,400,0.0175,True,step_limit,bcd67799b115e01a77ff06a932594dd24e74ae28fdfacf42fe3cf66fed8dc7dc,44,107,38,95,73,43,0,3.607630729675293,9.704840183258057,11.15560531616211,,,,,,,,,,,,,,,,29100020,39100020,B,r4,classic,0.4444444444444444
1,1,_run_plan_aae86dae1e_a2ec8adac7,evaluation,127,127,2,2,9,4,43,17,,1,7,127,0.05511811023622047,False,killed,f5fa921acb6d0b628b26ce7f32bab25945468d70601a89e3d190907011472aa2,17,23,19,12,33,23,0,2.0041465759277344,4.5168399810791,7.0323944091796875,,,,,,,,,,,,,,,,29100021,39100021,B,r4,classic,0.2222222222222222
1,1,_run_plan_aae86dae1e_a2ec8adac7,evaluation,400,400,8,8,9,8,72,28,,0,9,400,0.0225,True,step_limit,58f3fc8c3d4a1f13d71f1a2069de0779a05378f01a93084a564867e89e0147ad,45,117,38,119,50,31,0,4.63104248046875,8.225858211517334,10.162115097045898,,,,,,,,,,,,,,,,29100022,39100022,B,r4,classic,0.8888888888888888
1,1,_run_plan_aae86dae1e_a2ec8adac7,evaluation,400,400,5,5,9,5,78,54,,0,10,400,0.025,True,step_limit,8c7b26d76c036bdd55f2dc94d09857522002c879b600a67f808ad901a0ce8351,70,66,59,52,93,60,0,3.1157732009887695,8.016204833984375,9.710550308227539,,,,,,,,,,,,,,,,29100023,39100023,B,r4,classic,0.5555555555555556
1,1,_run_plan_aae86dae1e_a2ec8adac7,evaluation,400,400,5,5,9,5,70,53,,0,10,400,0.025,True,step_limit,6cc872ec745d23d1fb73e2cd37e114f5a34d43914a36825aba536d1626c0d7a7,57,67,65,52,97,62,0,2.7233362197875977,8.488965034484858,10.105133056640625,,,,,,,,,,,,,,,,29100024,39100024,B,r4,classic,0.5555555555555556
1,1,_run_plan_aae86dae1e_a2ec8adac7,evaluation,400,400,0,0,9,1,16,51,,0,44,400,0.11,True,step_limit,2bc222f8c50436b8fc67f9b8039328003cb3c8f08e80a74bf2f649454bc72f82,50,96,51,94,14,95,0,2.0743608474731445,3.456199169158935,3.9777755737304688,,,,,,,,,,,,,,,,29100025,39100025,B,r4,classic,0.0
1,1,_run_plan_aae86dae1e_a2ec8adac7,evaluation,400,400,0,0,9,0,11,5,,0,1,400,0.0025,True,step_limit,d139ae22641135c8de1efbbe3d42cdd1a73d412cbdefda8199204547b222b3a3,187,4,188,4,11,6,0,2.506375312805176,2.710402011871337,3.1974315643310547,,,,,,,,,,,,,,,,29100026,39100026,B,r4,classic,0.0
1,1,_run_plan_aae86dae1e_a2ec8adac7,evaluation,400,400,0,0,9,0,10,4,,0,0,400,0.0,True,step_limit,b131472b19a003d24332f1b2f7d5bfe7cb226e8145ac93fdb1c4e274d7abfda5,189,3,191,3,10,4,0,2.361893653869629,2.9795646667480464,3.7140846252441406,,,,,,,,,,,,,,,,29100027,39100027,B,r4,classic,0.0
1,1,_run_plan_aae86dae1e_a2ec8adac7,evaluation,400,400,0,0,9,1,37,14,,0,2,400,0.005,True,step_limit,e965c0666bcea4a975cfe95d880fbb70850a03aab5acee19e79d130619036197,15,17,15,11,326,16,0,3.8022994995117188,4.25589084625244,8.064985275268555,,,,,,,,,,,,,,,,29100028,39100028,B,r4,classic,0.0
1,1,_run_plan_aae86dae1e_a2ec8adac7,evaluation,400,400,1,1,9,1,23,15,,0,1,400,0.0025,True,step_limit,21edbe57acee914bdc60c6e450c57d78c704503ab1b1e77ff5772b3d160b8cd1,14,162,16,163,29,16,0,4.280328750610352,7.3473215103149405,8.548974990844727,,,,,,,,,,,,,,,,29100029,39100029,B,r4,classic,0.1111111111111111
1,1,_run_plan_aae86dae1e_a2ec8adac7,evaluation,400,400,1,1,9,1,9,4,,0,1,400,0.0025,True,step_limit,0e62227dc6c747ba19f8eda1b7889fd3c0db5549350d5f68c7d0cbd45581f014,190,2,192,2,9,5,0,2.221345901489258,2.8739213943481445,3.6172866821289062,,,,,,,,,,,,,,,,29100030,39100030,B,r4,classic,0.1111111111111111
1,1,_run_plan_aae86dae1e_a2ec8adac7,evaluation,400,400,1,1,9,1,66,56,,0,8,400,0.02,True,step_limit,a6bea1d5cc27c68bd3b6d119297eb54c982302ba97b1898a5c055d96914ecace,60,60,62,48,107,63,0,2.864718437194824,7.736599445343017,8.366823196411133,,,,,,,,,,,,,,,,29100031,39100031,B,r4,classic,0.1111111111111111
1,1,_run_plan_aae86dae1e_a2ec8adac7,evaluation,400,400,0,0,9,0,11,4,,0,0,400,0.0,True,step_limit,b131472b19a003d24332f1b2f7d5bfe7cb226e8145ac93fdb1c4e274d7abfda5,189,3,191,3,10,4,0,2.428293228149414,3.0700922012329097,3.882884979248047,,,,,,,,,,,,,,,,29100032,39100032,B,r4,classic,0.0
1,1,_run_plan_aae86dae1e_a2ec8adac7,evaluation,184,184,3,3,9,4,48,24,,1,5,184,0.02717391304347826,False,killed,7c66203497ae4824d3d0c93e6b5abc057b4bcb6b668bc6d0e195213319c07c99,23,35,27,21,49,29,0,2.463698387145996,5.02406358718872,7.799625396728516,,,,,,,,,,,,,,,,29100033,39100033,B,r4,classic,0.3333333333333333
1,1,_run_plan_aae86dae1e_a2ec8adac7,evaluation,400,400,5,5,9,5,35,51,,0,3,400,0.0075,True,step_limit,0b1eb07467c891b2748e391181e3d2752855c2030cabaa7f989060a96d8ee21d,91,50,87,51,67,54,0,2.9233694076538086,6.9905877113342285,7.867336273193359,,,,,,,,,,,,,,,,29100034,39100034,B,r4,classic,0.5555555555555556
1,1,_run_plan_aae86dae1e_a2ec8adac7,evaluation,400,400,5,5,9,5,49,52,,0,5,400,0.0125,True,step_limit,ee100e5d2b651e6b4efe7ab9b11bee8c1cd6fb891ba6f9610422aa67351f6a47,81,54,74,56,78,57,0,3.322005271911621,8.728277683258057,10.182857513427734,,,,,,,,,,,,,,,,29100035,39100035,B,r4,classic,0.5555555555555556
1,1,_run_plan_aae86dae1e_a2ec8adac7,evaluation,400,400,3,3,9,3,37,53,,0,2,400,0.005,True,step_limit,dc568c5f8190a5c0a484b2c5502893439a9aac81bfa0e732babdf012d8358770,71,56,74,58,88,53,0,2.843499183654785,6.241202354431152,7.192134857177734,,,,,,,,,,,,,,,,29100036,39100036,B,r4,classic,0.3333333333333333
1,1,_run_plan_aae86dae1e_a2ec8adac7,evaluation,400,400,2,2,9,2,41,53,,0,1,400,0.0025,True,step_limit,bc440be07efab56ba33d8817adac209bfabb0cef305dcd6978142a2a9b49e664,79,58,71,60,78,54,0,3.0422210693359375,7.0206522941589355,8.157014846801758,,,,,,,,,,,,,,,,29100037,39100037,B,r4,classic,0.2222222222222222
1,1,_run_plan_aae86dae1e_a2ec8adac7,evaluation,22,22,0,0,9,1,7,3,,1,0,22,0.0,False,killed,c0d1418c7e91c87bc508d1985cd3545d61a7b11c966fb4b21e6a355bd94df800,4,2,4,2,7,3,0,0.9913444519042969,2.2135019302368164,2.2802352905273438,,,,,,,,,,,,,,,,29100038,39100038,B,r4,classic,0.0
1,1,_run_plan_aae86dae1e_a2ec8adac7,evaluation,400,400,4,4,9,4,84,54,,0,7,400,0.0175,True,step_limit,3aa14970d790330ca3986b562907a4e7067d725838680a6c71b70455dd581964,65,62,59,50,103,61,0,2.6214122772216797,6.687808036804198,9.837150573730469,,,,,,,,,,,,,,,,29100039,39100039,B,r4,classic,0.4444444444444444
1,1,_run_plan_aae86dae1e_a2ec8adac7,evaluation,400,400,3,3,9,3,54,54,,0,5,400,0.0125,True,step_limit,7ba505683c94bf4fec022ec2019cd0f7e2a80d1d944a13283b1ec3a2ef6ba51e,86,52,73,52,80,57,0,3.1398534774780273,6.744956970214843,7.830142974853516,,,,,,,,,,,,,,,,29100040,39100040,B,r4,classic,0.3333333333333333
1,1,_run_plan_aae86dae1e_a2ec8adac7,evaluation,69,69,30,30,50,0,0,1,,1,0,69,0.0,False,killed,c03c085761d2125450d7e6b2ba855d311bab50f9987a3f9c2de757cd24e140a9,17,18,17,15,1,1,0,7.018327713012695,11.704158782958984,13.235807418823242,,,,,,,,,,,,,,,,29100101,39100101,B,r4,coin-heaven,0.6
1,1,_run_plan_aae86dae1e_a2ec8adac7,evaluation,400,400,9,9,50,0,0,0,,0,385,400,0.9625,True,step_limit,48883ef7c19b1d94e9f38340253d2477e8e010f26fc8d51d9faddad57b92adbc,386,0,7,7,0,0,0,7.626533508300781,8.641993999481201,12.236595153808594,,,,,,,,,,,,,,,,29100102,39100102,B,r4,coin-heaven,0.18
1,1,_run_plan_aae86dae1e_a2ec8adac7,evaluation,400,400,3,3,50,0,0,0,,0,397,400,0.9925,True,step_limit,c7d6251ad4d49628d9f5743176f00b1b2c66b76e7f289c85fa39909135162814,397,1,2,0,0,0,0,4.723191261291504,5.33984899520874,9.042024612426758,,,,,,,,,,,,,,,,29100103,39100103,B,r4,coin-heaven,0.06
1,1,_run_plan_aae86dae1e_a2ec8adac7,evaluation,400,400,9,9,50,0,0,0,,0,387,400,0.9675,True,step_limit,1222be75ec6a1554ec20c0d6f5318f41337bc16b4d35a7faf900c338853c5291,387,1,6,6,0,0,0,7.432222366333008,8.415806293487549,12.192249298095703,,,,,,,,,,,,,,,,29100104,39100104,B,r4,coin-heaven,0.18
1,1,_run_plan_aae86dae1e_a2ec8adac7,evaluation,400,400,17,17,50,0,0,0,,0,0,400,0.0,True,step_limit,b880e5966d07096e30dafbedb2883755fd8ac79eddc0199ca5b6220ac3c336a1,16,188,2,194,0,0,0,6.179571151733398,7.086181640624997,11.53874397277832,,,,,,,,,,,,,,,,29100105,39100105,B,r4,coin-heaven,0.34
1,1,_run_plan_aae86dae1e_a2ec8adac7,evaluation,400,400,8,8,50,0,0,2,,0,375,400,0.9375,True,step_limit,f0f096d4c408ea596465a7a2df1051e798bda320ebd067874b8ecefb09830521,378,2,7,11,0,2,0,6.444215774536133,7.395517826080321,10.457754135131836,,,,,,,,,,,,,,,,29100106,39100106,B,r4,coin-heaven,0.16
1,1,_run_plan_aae86dae1e_a2ec8adac7,evaluation,400,400,2,2,50,0,0,0,,0,0,400,0.0,True,step_limit,f21c1cd38c5a6df4c26cdec4972daeb78d17422fa80f360cd6d4a3fdcf9e341d,1,199,1,198,1,0,0,4.82940673828125,5.56105375289917,6.51240348815918,,,,,,,,,,,,,,,,29100107,39100107,B,r4,coin-heaven,0.04
1,1,_run_plan_aae86dae1e_a2ec8adac7,evaluation,400,400,1,1,50,0,0,0,,0,399,400,0.9975,True,step_limit,3e7205c882a6358ae2f2f227ef9c3ffb7f563b0233b28230be4b5813ea25e089,1,399,0,0,0,0,0,3.5293102264404297,3.8368821144103977,4.374027252197266,,,,,,,,,,,,,,,,29100108,39100108,B,r4,coin-heaven,0.02
1,1,_run_plan_aae86dae1e_a2ec8adac7,evaluation,400,400,35,35,50,0,0,0,,0,0,400,0.0,True,step_limit,7c1e86dc68837302baba7fbf19a2e5219aa6a4c35496cc7c6d84daa069e8767c,32,180,18,170,0,0,0,5.9986114501953125,10.010790824890137,13.372659683227539,,,,,,,,,,,,,,,,29100109,39100109,B,r4,coin-heaven,0.7
1,1,_run_plan_aae86dae1e_a2ec8adac7,evaluation,400,400,18,18,50,0,0,0,,0,371,400,0.9275,True,step_limit,4b3a0e617b1500ec98c8332d5ad5c7c437f14af2a41cbde6827ddcc5ae6ac827,381,5,0,14,0,0,0,7.111549377441406,8.300614356994625,12.50147819519043,,,,,,,,,,,,,,,,29100110,39100110,B,r4,coin-heaven,0.36
1,1,_run_plan_aae86dae1e_a2ec8adac7,evaluation,400,400,2,2,50,0,0,0,,0,398,400,0.995,True,step_limit,3a712b0f3b7043ce1591e7a9effba090047bcb56dc0829d03e5b5cfbb9c14ed6,398,0,0,1,1,0,0,3.4862756729125977,4.076063632965088,4.799365997314453,,,,,,,,,,,,,,,,29100111,39100111,B,r4,coin-heaven,0.04
1,1,_run_plan_aae86dae1e_a2ec8adac7,evaluation,400,400,5,5,50,0,0,0,,0,389,400,0.9725,True,step_limit,f04c18957f70c0ed0b6192a8941fdb627ffb958927215307d1809d2b4161d509,394,3,1,2,0,0,0,5.280971527099609,6.0633063316345215,10.149717330932617,,,,,,,,,,,,,,,,29100112,39100112,B,r4,coin-heaven,0.1
1,1,_run_plan_aae86dae1e_a2ec8adac7,evaluation,400,400,7,7,50,0,0,39,,0,39,400,0.0975,True,step_limit,26add56e2f3013102993c7e80bb3a9e962e7e6052ce87664669d32e653c7835b,118,81,81,80,1,39,0,4.569530487060547,8.456814289093016,9.899616241455078,,,,,,,,,,,,,,,,29100113,39100113,B,r4,coin-heaven,0.14
1,1,_run_plan_aae86dae1e_a2ec8adac7,evaluation,400,400,31,31,50,0,0,0,,0,319,400,0.7975,True,step_limit,2eabe01b6fb36e5d12d0926dffbb162fdb42239b7e12ba2f4fd9026785bac041,25,340,20,15,0,0,0,7.414698600769043,9.594690799713133,13.489246368408203,,,,,,,,,,,,,,,,29100114,39100114,B,r4,coin-heaven,0.62
1,1,_run_plan_aae86dae1e_a2ec8adac7,evaluation,400,400,2,2,50,0,0,0,,0,397,400,0.9925,True,step_limit,fb928e39a26a950e4e7a34e018efd28c90452a2074d05ab64f4ca7a01d5f4a74,398,1,1,0,0,0,0,4.845857620239258,5.384850502014159,6.341218948364258,,,,,,,,,,,,,,,,29100115,39100115,B,r4,coin-heaven,0.04
1,1,_run_plan_aae86dae1e_a2ec8adac7,evaluation,400,400,13,13,50,0,0,0,,0,375,400,0.9375,True,step_limit,5438139b660deafa3346440be9b8880e4b21927b08e076c688f11697ca4ac7d3,384,3,3,10,0,0,0,7.638096809387207,8.916020393371582,12.304544448852539,,,,,,,,,,,,,,,,29100116,39100116,B,r4,coin-heaven,0.26
1,1,_run_plan_aae86dae1e_a2ec8adac7,evaluation,400,400,7,7,50,0,0,0,,0,379,400,0.9475,True,step_limit,f1197e6dd96f4f11e6cd53c7e3c28642d552e60fce0ddef4c7277080b06c1843,384,5,11,0,0,0,0,7.427215576171875,8.217644691467282,11.892318725585938,,,,,,,,,,,,,,,,29100117,39100117,B,r4,coin-heaven,0.14
1,1,_run_plan_aae86dae1e_a2ec8adac7,evaluation,400,400,6,6,50,0,0,0,,0,390,400,0.975,True,step_limit,886ee8c09c093d3e14e9c867c0cad1204e06336283f5a3cb29ca58ace5ebe97a,0,398,1,0,1,0,0,5.553007125854492,6.010472774505615,7.040977478027344,,,,,,,,,,,,,,,,29100118,39100118,B,r4,coin-heaven,0.12
1,1,_run_plan_aae86dae1e_a2ec8adac7,evaluation,400,400,19,19,50,0,0,0,,0,362,400,0.905,True,step_limit,00829923ccf8350e4b18f5017e8aa2fbeef054a8b39f9ee0f3b88dad6f0b6dc2,369,15,13,2,1,0,0,5.590677261352539,7.461833953857421,12.962818145751953,,,,,,,,,,,,,,,,29100119,39100119,B,r4,coin-heaven,0.38
1,1,_run_plan_aae86dae1e_a2ec8adac7,evaluation,400,400,5,5,50,0,0,1,,0,392,400,0.98,True,step_limit,e2742bbd29dd127de76496b1ec7c99fadc0f9f3ae6f264bb39d8c1083642d85b,0,391,3,5,0,1,0,5.702018737792969,6.555116176605223,9.534597396850586,,,,,,,,,,,,,,,,29100120,39100120,B,r4,coin-heaven,0.1
1,1,_run_plan_aae86dae1e_a2ec8adac7,evaluation,400,400,0,0,50,0,0,0,,0,0,400,0.0,True,step_limit,6bd9bd24d6ce9f66a59e9f9d2b289ae158d57287692a6cc19f25ce5a844f8478,0,200,0,200,0,0,0,3.46982479095459,3.9694309234619105,4.531621932983398,,,,,,,,,,,,,,,,29100121,39100121,B,r4,coin-heaven,0.0
1,1,_run_plan_aae86dae1e_a2ec8adac7,evaluation,400,400,12,12,50,0,0,0,,0,383,400,0.9575,True,step_limit,867954ca1281ab256dba0390a296dd28c65e8fa028d143afd2369b9470402c26,386,8,1,5,0,0,0,6.819486618041992,7.648193836212157,13.993978500366211,,,,,,,,,,,,,,,,29100122,39100122,B,r4,coin-heaven,0.24
1,1,_run_plan_aae86dae1e_a2ec8adac7,evaluation,400,400,20,20,50,0,0,1,,0,344,400,0.86,True,step_limit,07997932b2fe2523a93408e35005bbace2ed340670b1cb2cf0c7891e2b193af0,353,12,19,15,0,1,0,5.586862564086914,6.823897361755369,12.135744094848633,,,,,,,,,,,,,,,,29100123,39100123,B,r4,coin-heaven,0.4
1,1,_run_plan_aae86dae1e_a2ec8adac7,evaluation,400,400,3,3,50,0,0,0,,0,397,400,0.9925,True,step_limit,fb928e39a26a950e4e7a34e018efd28c90452a2074d05ab64f4ca7a01d5f4a74,398,1,1,0,0,0,0,4.627466201782227,5.260467529296875,5.928516387939453,,,,,,,,,,,,,,,,29100124,39100124,B,r4,coin-heaven,0.06
1,1,_run_plan_aae86dae1e_a2ec8adac7,evaluation,400,400,0,0,50,0,0,0,,0,0,400,0.0,True,step_limit,6bd9bd24d6ce9f66a59e9f9d2b289ae158d57287692a6cc19f25ce5a844f8478,0,200,0,200,0,0,0,3.4286975860595703,3.7763833999633762,4.476785659790039,,,,,,,,,,,,,,,,29100125,39100125,B,r4,coin-heaven,0.0
1,1,_run_plan_aae86dae1e_a2ec8adac7,evaluation,400,400,11,11,50,0,0,0,,0,371,400,0.9275,True,step_limit,fa36c498ca6a08dedc08e4eb4f7b6a7548182dbe0802f9a04963b68ecc3a22e3,10,381,9,0,0,0,0,5.3054094314575195,7.143974304199216,12.3443603515625,,,,,,,,,,,,,,,,29100126,39100126,B,r4,coin-heaven,0.22
1,1,_run_plan_aae86dae1e_a2ec8adac7,evaluation,400,400,1,1,50,0,0,0,,0,0,400,0.0,True,step_limit,214dc350479d31832989a9485c57681dddc5a8853cfc5c1ac5bcbf9cfc0ef36f,1,199,1,199,0,0,0,3.4973621368408203,3.9711713790893555,4.381895065307617,,,,,,,,,,,,,,,,29100127,39100127,B,r4,coin-heaven,0.02
1,1,_run_plan_aae86dae1e_a2ec8adac7,evaluation,400,400,8,8,50,0,0,0,,0,385,400,0.9625,True,step_limit,a1b678f15b6398125312d7e14e9b04725673172d25954505ac48d2528ec166e8,5,387,8,0,0,0,0,5.980849266052246,6.632912158966063,10.715961456298828,,,,,,,,,,,,,,,,29100128,39100128,B,r4,coin-heaven,0.16
1,1,_run_plan_aae86dae1e_a2ec8adac7,evaluation,400,400,4,4,50,0,0,0,,0,393,400,0.9825,True,step_limit,6cce496aecf472a47bcd0f94f4165a299176a1a699a977bd4d2f3cb1be1b829d,2,393,1,4,0,0,0,5.27799129486084,6.081056594848633,10.34688949584961,,,,,,,,,,,,,,,,29100129,39100129,B,r4,coin-heaven,0.08
1,1,_run_plan_aae86dae1e_a2ec8adac7,evaluation,400,400,4,4,50,0,0,0,,0,391,400,0.9775,True,step_limit,b35f4eabe0710b7d7e47020e451419ac806b958fce66007ced374dcd9f6590a9,393,3,4,0,0,0,0,5.680322647094727,6.291830539703367,10.452985763549805,,,,,,,,,,,,,,,,29100130,39100130,B,r4,coin-heaven,0.08
1,1,_run_plan_aae86dae1e_a2ec8adac7,evaluation,400,400,8,8,50,0,0,0,,0,381,400,0.9525,True,step_limit,cc2258a09593920da4081a6c23428a7045873fe77c70418f8f08d1bd36e1e41f,387,1,0,12,0,0,0,6.846427917480469,7.936704158782957,11.3677978515625,,,,,,,,,,,,,,,,29100131,39100131,B,r4,coin-heaven,0.16
1,1,_run_plan_aae86dae1e_a2ec8adac7,evaluation,400,400,12,12,50,0,0,0,,0,374,400,0.935,True,step_limit,dbf9bb2cb7f915ea3d5bb558010e7383b1eed163f12c46fe506a5510cbf5fa36,387,0,1,11,1,0,0,5.704402923583984,6.935405731201171,11.618375778198242,,,,,,,,,,,,,,,,29100132,39100132,B,r4,coin-heaven,0.24
1,1,_run_plan_aae86dae1e_a2ec8adac7,evaluation,400,400,9,9,50,0,0,0,,0,385,400,0.9625,True,step_limit,b0413a0aae34a4adc99fbfe8f0d2854869a0e6037d969320c43479b86582a85d,13,387,0,0,0,0,0,4.646897315979004,5.174911022186275,9.865999221801758,,,,,,,,,,,,,,,,29100133,39100133,B,r4,coin-heaven,0.18
1,1,_run_plan_aae86dae1e_a2ec8adac7,evaluation,400,400,26,26,50,0,0,0,,0,349,400,0.8725,True,step_limit,fc1c56b1c2938b9801a75f720009b04b7c7091b8e0aaa2be2cfc8792b9b7eae7,369,4,10,17,0,0,0,5.296468734741211,7.084584236145008,12.387514114379883,,,,,,,,,,,,,,,,29100134,39100134,B,r4,coin-heaven,0.52
1,1,_run_plan_aae86dae1e_a2ec8adac7,evaluation,400,400,4,4,50,0,0,0,,0,391,400,0.9775,True,step_limit,5fbe16a206b6873ac65689bf836da857dee164bd569220fed50f2f0fba608322,393,0,0,7,0,0,0,6.415843963623047,6.870055198669434,10.242462158203125,,,,,,,,,,,,,,,,29100135,39100135,B,r4,coin-heaven,0.08
1,1,_run_plan_aae86dae1e_a2ec8adac7,evaluation,400,400,6,6,50,0,0,0,,0,388,400,0.97,True,step_limit,d181ee054bb82572c455a2533206b3ca46a71fd6551d599263be852bebdcd519,394,2,0,3,1,0,0,5.570769309997559,6.452524662017822,10.530948638916016,,,,,,,,,,,,,,,,29100136,39100136,B,r4,coin-heaven,0.12
1,1,_run_plan_aae86dae1e_a2ec8adac7,evaluation,400,400,25,25,50,0,0,0,,0,348,400,0.87,True,step_limit,12de19d5d53234d3a500bcc6db237dc6e2544250a7a3aafd1b4af4bbddfac7a4,362,10,6,21,1,0,0,6.862044334411621,8.015251159667965,12.488126754760742,,,,,,,,,,,,,,,,29100137,39100137,B,r4,coin-heaven,0.5
1,1,_run_plan_aae86dae1e_a2ec8adac7,evaluation,400,400,3,3,50,0,0,0,,0,395,400,0.9875,True,step_limit,707704d25ca90a05ad8848b938212817dced68c32bdc607240594efc71ae0041,397,3,0,0,0,0,0,5.710601806640625,6.154191493988036,8.960485458374023,,,,,,,,,,,,,,,,29100138,39100138,B,r4,coin-heaven,0.06
1,1,_run_plan_aae86dae1e_a2ec8adac7,evaluation,400,400,10,10,50,0,0,1,,0,376,400,0.94,True,step_limit,a7dc46f587a1ff480956f7d72a9754928aad3889b99d77b940d602b751659ddc,5,376,10,8,0,1,0,7.109165191650391,8.205950260162354,12.20250129699707,,,,,,,,,,,,,,,,29100139,39100139,B,r4,coin-heaven,0.2
1,1,_run_plan_aae86dae1e_a2ec8adac7,evaluation,400,400,4,4,50,0,0,0,,0,394,400,0.985,True,step_limit,90a16dd6b2287e93d4ee56e4b6767e0c5e56ddca41057f23cc2e2c7cb743d3c5,398,0,0,1,1,0,0,5.678415298461914,6.125116348266601,7.335186004638672,,,,,,,,,,,,,,,,29100140,39100140,B,r4,coin-heaven,0.08
1,1,_run_plan_aae86dae1e_a2ec8adac7,evaluation,400,400,4,4,50,6,17,51,,0,138,400,0.345,True,step_limit,cb36c3a7c0a13b1185f80ec89a7e8c29aa9a67950d6fc115f375a33de7636b78,139,52,47,51,9,102,0,2.2052526473999023,4.620730876922607,5.632638931274414,,,,,,,,,,,,,,,,29100201,39100201,B,r4,loot-crate,0.08
1,1,_run_plan_aae86dae1e_a2ec8adac7,evaluation,400,400,8,8,50,9,24,10,,0,321,400,0.8025,True,step_limit,ef24151adf094096ded3e48b045460fc1fb3d23e9884e03ab8152409bcdc8129,329,7,9,19,20,16,0,1.8086433410644531,2.6595354080200173,6.206512451171875,,,,,,,,,,,,,,,,29100202,39100202,B,r4,loot-crate,0.16
1,1,_run_plan_aae86dae1e_a2ec8adac7,evaluation,199,199,19,19,50,20,54,21,,1,21,199,0.10552763819095477,False,killed,32ffd0f37c4a04a1cf3cb33b0e59c10465ed28e13bcced079f4a2d80339807f8,40,37,30,36,17,39,0,2.4461746215820312,5.480241775512695,6.703853607177734,,,,,,,,,,,,,,,,29100203,39100203,B,r4,loot-crate,0.38
1,1,_run_plan_aae86dae1e_a2ec8adac7,evaluation,400,400,8,8,50,11,15,6,,0,354,400,0.885,True,step_limit,860d4a49464bdf349d1e80aa532590de19bd2c12dde50d550c63d432f789c2a7,358,4,7,10,9,12,0,1.8334388732910156,2.0444035530090328,3.7355422973632812,,,,,,,,,,,,,,,,29100204,39100204,B,r4,loot-crate,0.16
1,1,_run_plan_aae86dae1e_a2ec8adac7,evaluation,400,400,7,7,50,9,23,11,,0,331,400,0.8275,True,step_limit,8bbaf9e95602fb4807a03be5566566d5c61700b06c06d08829b704186d461d32,12,333,10,11,9,25,0,3.669857978820801,3.881442546844482,5.089044570922852,,,,,,,,,,,,,,,,29100205,39100205,B,r4,loot-crate,0.14
1,1,_run_plan_aae86dae1e_a2ec8adac7,evaluation,88,88,11,11,50,17,34,10,,1,20,88,0.22727272727272727,False,killed,d5df4fd251ee1a42fdf0ec0c07b899fca86ea58e87aabeee66f65b46423fdd7e,24,15,11,12,4,22,0,1.9528865814208984,5.206406116485591,6.744146347045898,,,,,,,,,,,,,,,,29100206,39100206,B,r4,loot-crate,0.22
1,1,_run_plan_aae86dae1e_a2ec8adac7,evaluation,400,400,7,7,50,9,21,7,,0,336,400,0.84,True,step_limit,820811c0e510b0d2c9498fcc05b4f9e19d35fb05938eca1bb35cad941519b21e,11,339,18,12,8,12,0,4.178524017333984,4.448843002319336,5.4168701171875,,,,,,,,,,,,,,,,29100207,39100207,B,r4,loot-crate,0.14
1,1,_run_plan_aae86dae1e_a2ec8adac7,evaluation,49,49,6,6,50,9,16,6,,1,3,49,0.061224489795918366,False,killed,cb92c692c0095cf3e509ffafc7e9808be2a5e198e3e159bf2c6d50a7a89ab85f,7,8,11,6,8,9,0,1.054525375366211,2.5928497314453103,2.8502941131591797,,,,,,,,,,,,,,,,29100208,39100208,B,r4,loot-crate,0.12
1,1,_run_plan_aae86dae1e_a2ec8adac7,evaluation,108,108,6,6,50,8,29,14,,1,9,108,0.08333333333333333,False,killed,6b01393f45817b597f6234d49f09a8e1ad045c7a6b07106219356217aa97956e,18,12,21,18,21,18,0,1.6167163848876953,4.596900939941402,5.806446075439453,,,,,,,,,,,,,,,,29100209,39100209,B,r4,loot-crate,0.12
1,1,_run_plan_aae86dae1e_a2ec8adac7,evaluation,87,87,2,2,50,4,27,12,,1,3,87,0.034482758620689655,False,killed,517176e581ee43b1c7288c613031385aaf6ed4717b7eb272ea12ccf06a0ee66e,10,18,10,8,26,15,0,1.672506332397461,3.536677360534668,5.10859489440918,,,,,,,,,,,,,,,,29100210,39100210,B,r4,loot-crate,0.04
1,1,_run_plan_aae86dae1e_a2ec8adac7,evaluation,400,400,4,4,50,8,18,50,,0,44,400,0.11,True,step_limit,e37fb0c18c8aee87204c64b32d1599820b30cd671c2112c2bc986aa73f3a730e,51,93,53,95,14,94,0,2.4389028549194336,4.4530510902404785,5.535364151000977,,,,,,,,,,,,,,,,29100211,39100211,B,r4,loot-crate,0.08
1,1,_run_plan_aae86dae1e_a2ec8adac7,evaluation,400,400,12,12,50,13,35,14,,0,13,400,0.0325,True,step_limit,1510a8bcf3abc1b31984a9a66d229ef2ec82c243aaff6cb2ea2320dcfa364647,22,24,18,13,303,20,0,3.824472427368164,4.3172121047973615,7.030010223388672,,,,,,,,,,,,,,,,29100212,39100212,B,r4,loot-crate,0.24
1,1,_run_plan_aae86dae1e_a2ec8adac7,evaluation,219,219,19,19,50,21,53,23,,1,17,219,0.0776255707762557,False,killed,835203be8f4ee3bcf205f9399064334bcaf7ceb2f722369ae2ecf148dc97e13a,46,34,36,44,25,34,0,1.882791519165039,5.5322885513305655,7.466554641723633,,,,,,,,,,,,,,,,29100213,39100213,B,r4,loot-crate,0.38
1,1,_run_plan_aae86dae1e_a2ec8adac7,evaluation,93,93,8,8,50,10,28,11,,1,19,93,0.20430107526881722,False,killed,c30993adf6a4578ca298c7a1c444efc003ff3ac1eebb8108365f56899ad579a0,12,27,6,19,5,24,0,1.9969940185546875,4.2297363281249964,6.180524826049805,,,,,,,,,,,,,,,,29100214,39100214,B,r4,loot-crate,0.16
1,1,_run_plan_aae86dae1e_a2ec8adac7,evaluation,400,400,11,11,50,12,34,49,,0,40,400,0.1,True,step_limit,50d86cbb48890ab46eeb549f4fcbccec7d24e81cd1a19273b4d2fb757ec8e8f6,53,95,56,89,18,89,0,2.6477575302124023,5.314135551452637,8.191108703613281,,,,,,,,,,,,,,,,29100215,39100215,B,r4,loot-crate,0.22
1,1,_run_plan_aae86dae1e_a2ec8adac7,evaluation,400,400,8,8,50,9,30,10,,0,316,400,0.79,True,step_limit,f48261ffff3185a0326b24e1c4bea6564240593b91bdb4c4313e2424d92df354,331,15,12,17,13,12,0,3.87418270111084,4.172384738922117,6.4029693603515625,,,,,,,,,,,,,,,,29100216,39100216,B,r4,loot-crate,0.16
1,1,_run_plan_aae86dae1e_a2ec8adac7,evaluation,400,400,3,3,50,4,9,4,,0,372,400,0.93,True,step_limit,bba194a91175845972c8cc8cbce27b4603ada633dec26289300c23240b7b7317,377,5,3,4,7,4,0,2.335071563720703,2.4803638458251953,3.112316131591797,,,,,,,,,,,,,,,,29100217,39100217,B,r4,loot-crate,0.06
1,1,_run_plan_aae86dae1e_a2ec8adac7,evaluation,286,286,28,28,50,29,74,29,,1,19,286,0.06643356643356643,False,killed,05bd5daa20475bad50f7ebe4b0cb7cef62ca2d396dab92499b9738a8931fa768,68,42,57,51,30,38,0,2.571582794189453,6.674826145172119,10.106086730957031,,,,,,,,,,,,,,,,29100218,39100218,B,r4,loot-crate,0.56
1,1,_run_plan_aae86dae1e_a2ec8adac7,evaluation,113,113,9,9,50,11,33,12,,1,5,113,0.04424778761061947,False,killed,fd7261578006a928d2e8fe03da3d83631912a47f43c86aaf1b6c4e6b83875f26,19,15,24,20,19,16,0,2.0904541015625,4.931211471557617,6.480216979980469,,,,,,,,,,,,,,,,29100219,39100219,B,r4,loot-crate,0.18
1,1,_run_plan_aae86dae1e_a2ec8adac7,evaluation,400,400,14,14,50,14,38,16,,0,9,400,0.0225,True,step_limit,6649ba5b05046f7a8e29d6a9fddeed21722fef2d420edbf001e05688f5ca368d,170,18,155,18,17,22,0,2.9734373092651367,4.466497898101806,7.534980773925781,,,,,,,,,,,,,,,,29100220,39100220,B,r4,loot-crate,0.28
1,1,_run_plan_aae86dae1e_a2ec8adac7,evaluation,32,32,1,1,50,4,13,4,,1,5,32,0.15625,False,killed,81b284d7f554bbeda3bc4fefdff61701eea82262f6f9fd0bf73cfd192b7e1c49,3,4,3,7,7,8,0,1.2285709381103516,2.254331111907959,2.4902820587158203,,,,,,,,,,,,,,,,29100221,39100221,B,r4,loot-crate,0.02
1,1,_run_plan_aae86dae1e_a2ec8adac7,evaluation,400,400,4,4,50,5,14,8,,0,349,400,0.8725,True,step_limit,b9e5d062baef97a1adbbf888230e0c56b9b47c344cec17d986510c3f7efed330,345,14,7,8,6,20,0,3.409266471862793,3.6376595497131325,5.275726318359375,,,,,,,,,,,,,,,,29100222,39100222,B,r4,loot-crate,0.08
1,1,_run_plan_aae86dae1e_a2ec8adac7,evaluation,21,21,1,1,50,3,9,3,,1,0,21,0.0,False,killed,ec4dcff509f7aa9014eb2f42aca5d605979acd4ac003569fe6ad1754257b8741,3,5,3,5,2,3,0,1.0540485382080078,1.9447803497314453,2.1812915802001953,,,,,,,,,,,,,,,,29100223,39100223,B,r4,loot-crate,0.02
1,1,_run_plan_aae86dae1e_a2ec8adac7,evaluation,197,197,17,17,50,18,46,23,,1,12,197,0.06091370558375635,False,killed,16f4d2427e32139845db3948b2307da82045810dfb2ace54ca6f930e2fc26458,28,47,32,31,26,33,0,2.0885467529296875,5.947017669677732,8.58926773071289,,,,,,,,,,,,,,,,29100224,39100224,B,r4,loot-crate,0.34
1,1,_run_plan_aae86dae1e_a2ec8adac7,evaluation,400,400,8,8,50,11,27,11,,0,5,400,0.0125,True,step_limit,084a3394f5f07e497c2878f49bca0b6f0d69ec788dac1375260a4276df1025ca,171,12,174,16,13,14,0,4.603028297424316,7.919704914093018,9.205341339111328,,,,,,,,,,,,,,,,29100225,39100225,B,r4,loot-crate,0.16
1,1,_run_plan_aae86dae1e_a2ec8adac7,evaluation,200,200,15,15,50,16,48,22,,1,11,200,0.055,False,killed,6fedac9ee26876f16d120b14d1180f3ed6c9bd047f233cd6b5741363bf6be319,46,34,29,34,27,30,0,2.494692802429199,6.647896766662596,8.186817169189453,,,,,,,,,,,,,,,,29100226,39100226,B,r4,loot-crate,0.3
1,1,_run_plan_aae86dae1e_a2ec8adac7,evaluation,69,69,8,8,50,10,24,8,,1,6,69,0.08695652173913043,False,killed,e0d8e58a0c39708a44c01ed49e99def31a859e1c1d9a172fdac389af02bf8659,6,22,6,8,13,14,0,1.2688636779785156,2.989482879638672,4.014492034912109,,,,,,,,,,,,,,,,29100227,39100227,B,r4,loot-crate,0.16
1,1,_run_plan_aae86dae1e_a2ec8adac7,evaluation,90,90,14,14,50,17,24,10,,1,13,90,0.14444444444444443,False,killed,75ab098b0615ad7b73cbf31804d9e04ada5395aff22e055ccbaaf6ded919b633,15,19,15,13,9,19,0,1.9196271896362305,4.874873161315915,6.061077117919922,,,,,,,,,,,,,,,,29100228,39100228,B,r4,loot-crate,0.28
1,1,_run_plan_aae86dae1e_a2ec8adac7,evaluation,67,67,4,4,50,5,21,7,,1,2,67,0.029850746268656716,False,killed,e41a1f4e8304c053559577bb125c028b06acf4373a4d9a6404909b4406d0b81f,7,18,7,12,14,9,0,1.6329288482666016,2.929258346557617,4.2057037353515625,,,,,,,,,,,,,,,,29100229,39100229,B,r4,loot-crate,0.08
1,1,_run_plan_aae86dae1e_a2ec8adac7,evaluation,155,155,21,21,50,22,57,15,,1,13,155,0.08387096774193549,False,killed,4629f321aa5bba9579ea49242aaee60d8c9177dcdb56b441622d4de0eb164824,34,26,37,14,19,25,0,2.560138702392578,5.978846549987789,7.633686065673828,,,,,,,,,,,,,,,,29100230,39100230,B,r4,loot-crate,0.42
1,1,_run_plan_aae86dae1e_a2ec8adac7,evaluation,89,89,8,8,50,9,31,10,,1,6,89,0.06741573033707865,False,killed,8d2f2ace3a30cf259b94e80b351b1098e15907ade2e447ff98090424a85a672b,16,11,12,17,17,16,0,1.7933845520019531,5.118894577026364,6.7043304443359375,,,,,,,,,,,,,,,,29100231,39100231,B,r4,loot-crate,0.16
1,1,_run_plan_aae86dae1e_a2ec8adac7,evaluation,25,25,2,2,50,5,8,3,,1,1,25,0.04,False,killed,8f03c19c7e76122a7448b5662ec1a8bdcbc5de27007cf82eebd4671b458eeef3,2,5,2,6,6,4,0,0.9579658508300781,1.7770767211914062,1.821756362915039,,,,,,,,,,,,,,,,29100232,39100232,B,r4,loot-crate,0.04
1,1,_run_plan_aae86dae1e_a2ec8adac7,evaluation,30,30,3,3,50,6,11,4,,1,0,30,0.0,False,killed,3100cc2104bf4d09053c3c5c8f4f981d94fd441d42fd8f5c8dca37a8769002db,7,3,7,5,4,4,0,1.02996826171875,2.075707912445068,2.938508987426758,,,,,,,,,,,,,,,,29100233,39100233,B,r4,loot-crate,0.06
1,1,_run_plan_aae86dae1e_a2ec8adac7,evaluation,400,400,41,41,50,41,85,44,,0,33,400,0.0825,True,step_limit,019ef50f0828675e4942e5d15006bf53b63512fe4583102d3fbc04ee8665bd84,75,74,64,63,54,70,0,2.749204635620117,7.03536272048949,10.830402374267578,,,,,,,,,,,,,,,,29100234,39100234,B,r4,loot-crate,0.82
1,1,_run_plan_aae86dae1e_a2ec8adac7,evaluation,400,400,17,17,50,18,45,22,,0,18,400,0.045,True,step_limit,189a6299df8e3cc76ef001141201cdf7a989e9b37f44426deef38a176ca1a007,24,37,32,31,238,38,0,2.9619932174682617,4.396605491638181,7.714748382568359,,,,,,,,,,,,,,,,29100235,39100235,B,r4,loot-crate,0.34
1,1,_run_plan_aae86dae1e_a2ec8adac7,evaluation,48,48,5,5,50,6,17,6,,1,3,48,0.0625,False,killed,45760f9d277d2d275e5645de30b7a62dd2f06e2b6941987659c46c7572c49341,7,7,11,5,9,9,0,1.624464988708496,4.083609580993651,5.202054977416992,,,,,,,,,,,,,,,,29100236,39100236,B,r4,loot-crate,0.1
1,1,_run_plan_aae86dae1e_a2ec8adac7,evaluation,81,81,5,5,50,6,20,10,,1,11,81,0.13580246913580246,False,killed,cb9ac142fa44959997f0979e66b5f9c60f28ac5f088c74deb604681a2adc14e6,6,21,10,17,8,19,0,1.4293193817138672,2.8908252716064453,6.074428558349609,,,,,,,,,,,,,,,,29100237,39100237,B,r4,loot-crate,0.1
1,1,_run_plan_aae86dae1e_a2ec8adac7,evaluation,253,253,23,23,50,24,67,27,,1,36,253,0.1422924901185771,False,killed,6074a0dcbf56d0d65faef094b7e4e7675feb41fe749091024b2f936e3e8191b8,66,45,48,31,14,49,0,2.508401870727539,5.086040496826171,7.282018661499023,,,,,,,,,,,,,,,,29100238,39100238,B,r4,loot-crate,0.46
1,1,_run_plan_aae86dae1e_a2ec8adac7,evaluation,400,400,7,7,50,10,24,8,,0,348,400,0.87,True,step_limit,eb04b7cb4ad14c43319041f426e9e1845678977bb8ea680b94aadf8203b609c8,349,12,8,8,3,20,0,2.72214412689209,3.0733585357666007,5.8383941650390625,,,,,,,,,,,,,,,,29100239,39100239,B,r4,loot-crate,0.14
1,1,_run_plan_aae86dae1e_a2ec8adac7,evaluation,65,65,4,4,50,6,21,8,,1,3,65,0.046153846153846156,False,killed,da0944e39ee3eeba8e94dff511a614d6fbc20028935ab2b28338b82c341d7f09,8,13,10,9,14,11,0,1.7557144165039062,2.9386043548583984,3.7033557891845703,,,,,,,,,,,,,,,,29100240,39100240,B,r4,loot-crate,0.08
1,1,_run_plan_aae86dae1e_5eb242aeb6,evaluation,400,400,3,3,9,3,34,11,,0,2,400,0.005,True,step_limit,ecc2ca77714732c463d5322b2c94254c4bfd132a2291d118c6165baad4175172,12,169,15,176,16,12,0,3.978610038757324,4.415524005889889,7.597208023071289,,,,,,,,,,,,,,,,29100001,39100001,B,r5,classic,0.3333333333333333
1,1,_run_plan_aae86dae1e_5eb242aeb6,evaluation,400,400,0,0,9,0,0,0,,0,0,400,0.0,True,step_limit,f6cf5ab55526d53a9eb3c4e3af2116aaf34571ea8a3e6fe8852cfe969be82e0e,0,200,0,200,0,0,0,1.1031627655029297,1.2226343154907227,1.7902851104736328,,,,,,,,,,,,,,,,29100002,39100002,B,r5,classic,0.0
1,1,_run_plan_aae86dae1e_5eb242aeb6,evaluation,400,400,2,2,9,3,23,51,,0,47,400,0.1175,True,step_limit,763e4afc0ab7fca440aeac3894d59ef6be8d563ec5e4c03ae395d92da9c784dd,42,107,34,159,7,51,0,1.805424690246582,3.422200679779035,5.085945129394531,,,,,,,,,,,,,,,,29100003,39100003,B,r5,classic,0.2222222222222222
1,1,_run_plan_aae86dae1e_5eb242aeb6,evaluation,400,400,0,0,9,0,6,2,,0,0,400,0.0,True,step_limit,7ccdcde6e22b4f0701aa596739ce596443b8afbbcbf4181fc68f8972f8d44c93,1,196,1,194,6,2,0,1.5777349472045898,1.8204092979431152,2.156496047973633,,,,,,,,,,,,,,,,29100004,39100004,B,r5,classic,0.0
1,1,_run_plan_aae86dae1e_5eb242aeb6,evaluation,400,400,0,0,9,0,7,2,,0,0,400,0.0,True,step_limit,f447750b9098e69d641a590f5165a19175c7736bb9d33854c85d50212a78ae30,2,196,2,194,4,2,0,1.8976926803588867,2.050459384918213,2.591371536254883,,,,,,,,,,,,,,,,29100005,39100005,B,r5,classic,0.0
1,1,_run_plan_aae86dae1e_5eb242aeb6,evaluation,400,400,0,0,9,1,32,9,,0,339,400,0.8475,True,step_limit,de68b89bde0bc63edaf958202b418719550e6ba1a2beb466960563080900109b,9,9,346,13,11,12,0,2.533555030822754,2.7421355247497554,6.889581680297852,,,,,,,,,,,,,,,,29100006,39100006,B,r5,classic,0.0
1,1,_run_plan_aae86dae1e_5eb242aeb6,evaluation,400,400,1,1,9,1,26,9,,0,9,400,0.0225,True,step_limit,5831fe6bca5eef8b0321369f78e04f6b6b58c14436d1cfe3093c7d8d5f71b5c5,16,174,12,181,7,10,0,3.5691261291503906,3.855371475219726,6.531476974487305,,,,,,,,,,,,,,,,29100007,39100007,B,r5,classic,0.1111111111111111
1,1,_run_plan_aae86dae1e_5eb242aeb6,evaluation,400,400,0,0,9,0,5,2,,0,0,400,0.0,True,step_limit,0122eb3171cf935259e7a3a938843c60dc5f21fe73adf10dd49f0737c4688e48,1,196,1,194,6,2,0,1.569509506225586,1.6857266426086426,2.070903778076172,,,,,,,,,,,,,,,,29100008,39100008,B,r5,classic,0.0
1,1,_run_plan_aae86dae1e_5eb242aeb6,evaluation,400,400,0,0,9,0,9,2,,0,0,400,0.0,True,step_limit,9e606dc15f80a177b1f280959da88a27f7649b015ec388c05a53a08a6d371176,2,196,2,194,4,2,0,1.860976219177246,2.0362138748168945,2.490520477294922,,,,,,,,,,,,,,,,29100009,39100009,B,r5,classic,0.0
1,1,_run_plan_aae86dae1e_5eb242aeb6,evaluation,400,400,0,0,9,0,13,5,,0,0,400,0.0,True,step_limit,41354389e2ef6d0d5539b17d85a733000bd160c9e1b24af4c2a8549fb9cd4972,7,186,7,188,7,5,0,2.185344696044922,2.390742301940918,2.979278564453125,,,,,,,,,,,,,,,,29100010,39100010,B,r5,classic,0.0
1,1,_run_plan_aae86dae1e_5eb242aeb6,evaluation,400,400,0,0,9,0,0,0,,0,0,400,0.0,True,step_limit,f6cf5ab55526d53a9eb3c4e3af2116aaf34571ea8a3e6fe8852cfe969be82e0e,0,200,0,200,0,0,0,1.0840892791748047,1.1821031570434564,1.7824172973632812,,,,,,,,,,,,,,,,29100011,39100011,B,r5,classic,0.0
1,1,_run_plan_aae86dae1e_5eb242aeb6,evaluation,400,400,1,1,9,1,17,6,,0,0,400,0.0,True,step_limit,713aef71b53956e688293c1f49fcde7e146fb5b215cf9205354e091c80c834a8,6,187,6,189,6,6,0,2.2988319396972656,2.477157115936279,3.0357837677001953,,,,,,,,,,,,,,,,29100012,39100012,B,r5,classic,0.1111111111111111
1,1,_run_plan_aae86dae1e_5eb242aeb6,evaluation,400,400,2,2,9,2,22,11,,0,2,400,0.005,True,step_limit,22d915655eb0c78ebbce892e52d0b1aace395d34593c6aa4d088ffe1e981ff95,21,167,21,169,9,13,0,1.9091367721557617,2.1328091621398917,3.581523895263672,,,,,,,,,,,,,,,,29100013,39100013,B,r5,classic,0.2222222222222222
1,1,_run_plan_aae86dae1e_5eb242aeb6,evaluation,400,400,0,0,9,0,0,0,,0,0,400,0.0,True,step_limit,f6cf5ab55526d53a9eb3c4e3af2116aaf34571ea8a3e6fe8852cfe969be82e0e,0,200,0,200,0,0,0,1.0929107666015625,1.2212753295898438,1.7883777618408203,,,,,,,,,,,,,,,,29100014,39100014,B,r5,classic,0.0
1,1,_run_plan_aae86dae1e_5eb242aeb6,evaluation,400,400,0,0,9,1,21,8,,0,1,400,0.0025,True,step_limit,e5fc881b9c65759f770c6288b089399996424e930aa47d489146764df2802362,10,8,11,10,353,8,0,4.264354705810547,4.603374004364014,5.678892135620117,,,,,,,,,,,,,,,,29100015,39100015,B,r5,classic,0.0
1,1,_run_plan_aae86dae1e_5eb242aeb6,evaluation,400,400,0,0,9,0,3,2,,0,0,400,0.0,True,step_limit,7ccdcde6e22b4f0701aa596739ce596443b8afbbcbf4181fc68f8972f8d44c93,1,196,1,194,6,2,0,1.5978813171386719,1.7094850540161133,2.1741390228271484,,,,,,,,,,,,,,,,29100016,39100016,B,r5,classic,0.0
1,1,_run_plan_aae86dae1e_5eb242aeb6,evaluation,400,400,0,0,9,0,8,2,,0,0,400,0.0,True,step_limit,f447750b9098e69d641a590f5165a19175c7736bb9d33854c85d50212a78ae30,2,196,2,194,4,2,0,1.8047094345092773,1.9343018531799314,2.482891082763672,,,,,,,,,,,,,,,,29100017,39100017,B,r5,classic,0.0
1,1,_run_plan_aae86dae1e_5eb242aeb6,evaluation,400,400,0,0,9,0,0,0,,0,0,400,0.0,True,step_limit,f6cf5ab55526d53a9eb3c4e3af2116aaf34571ea8a3e6fe8852cfe969be82e0e,0,200,0,200,0,0,0,0.9791851043701172,1.086282730102539,1.6932487487792969,,,,,,,,,,,,,,,,29100018,39100018,B,r5,classic,0.0
1,1,_run_plan_aae86dae1e_5eb242aeb6,evaluation,400,400,4,4,9,4,23,9,,0,3,400,0.0075,True,step_limit,59c5e253567d2797724f09356f98d288016a953a6f16c301d8c13c9b03232fde,14,176,12,177,9,12,0,3.656744956970215,5.925917625427245,7.05718994140625,,,,,,,,,,,,,,,,29100019,39100019,B,r5,classic,0.4444444444444444
1,1,_run_plan_aae86dae1e_5eb242aeb6,evaluation,400,400,0,0,9,0,6,2,,0,0,400,0.0,True,step_limit,7ccdcde6e22b4f0701aa596739ce596443b8afbbcbf4181fc68f8972f8d44c93,1,196,1,194,6,2,0,1.6385316848754883,1.7742991447448728,2.274751663208008,,,,,,,,,,,,,,,,29100020,39100020,B,r5,classic,0.0
1,1,_run_plan_aae86dae1e_5eb242aeb6,evaluation,400,400,0,0,9,0,5,2,,0,0,400,0.0,True,step_limit,0122eb3171cf935259e7a3a938843c60dc5f21fe73adf10dd49f0737c4688e48,1,196,1,194,6,2,0,1.581430435180664,1.7578959465026855,2.1924972534179688,,,,,,,,,,,,,,,,29100021,39100021,B,r5,classic,0.0
1,1,_run_plan_aae86dae1e_5eb242aeb6,evaluation,400,400,2,2,9,2,20,7,,0,0,400,0.0,True,step_limit,547b12e7eff1dbc4ce939803c11db3ec4e4b915b06294962df396664116775a2,7,183,7,185,11,7,0,2.6290416717529297,2.790820598602295,3.3838748931884766,,,,,,,,,,,,,,,,29100022,39100022,B,r5,classic,0.2222222222222222
1,1,_run_plan_aae86dae1e_5eb242aeb6,evaluation,400,400,1,1,9,1,7,2,,0,1,400,0.0025,True,step_limit,6e7fa8f7e7a6a3303b5a3b732c4ba9e3c4ad4c7d4bae96b17c0972fcad00cc23,2,196,2,195,3,2,0,1.8106698989868164,1.9887328147888181,2.381563186645508,,,,,,,,,,,,,,,,29100023,39100023,B,r5,classic,0.1111111111111111
1,1,_run_plan_aae86dae1e_5eb242aeb6,evaluation,400,400,0,0,9,0,0,0,,0,0,400,0.0,True,step_limit,f6cf5ab55526d53a9eb3c4e3af2116aaf34571ea8a3e6fe8852cfe969be82e0e,0,200,0,200,0,0,0,1.1157989501953125,1.2086272239685056,1.7936229705810547,,,,,,,,,,,,,,,,29100024,39100024,B,r5,classic,0.0
1,1,_run_plan_aae86dae1e_5eb242aeb6,evaluation,400,400,0,0,9,0,5,2,,0,0,400,0.0,True,step_limit,720e96495f959a20e893d3b91d092d97a89f83d15354dfecb749f32993ca07e8,1,196,1,194,6,2,0,1.7092227935791016,2.0889878273010254,2.666473388671875,,,,,,,,,,,,,,,,29100025,39100025,B,r5,classic,0.0
1,1,_run_plan_aae86dae1e_5eb242aeb6,evaluation,400,400,0,0,9,0,8,2,,0,0,400,0.0,True,step_limit,9e606dc15f80a177b1f280959da88a27f7649b015ec388c05a53a08a6d371176,2,196,2,194,4,2,0,2.336740493774414,2.792131900787353,3.4418106079101562,,,,,,,,,,,,,,,,29100026,39100026,B,r5,classic,0.0
1,1,_run_plan_aae86dae1e_5eb242aeb6,evaluation,400,400,0,0,9,0,7,2,,0,0,400,0.0,True,step_limit,9e606dc15f80a177b1f280959da88a27f7649b015ec388c05a53a08a6d371176,2,196,2,194,4,2,0,1.7632246017456055,1.954340934753417,2.5556087493896484,,,,,,,,,,,,,,,,29100027,39100027,B,r5,classic,0.0
1,1,_run_plan_aae86dae1e_5eb242aeb6,evaluation,400,400,0,0,9,0,6,2,,0,0,400,0.0,True,step_limit,7ccdcde6e22b4f0701aa596739ce596443b8afbbcbf4181fc68f8972f8d44c93,1,196,1,194,6,2,0,2.2023916244506836,2.3532390594482413,2.806425094604492,,,,,,,,,,,,,,,,29100028,39100028,B,r5,classic,0.0
1,1,_run_plan_aae86dae1e_5eb242aeb6,evaluation,400,400,0,0,9,0,0,0,,0,0,400,0.0,True,step_limit,3e457cc2304ad2ccf2d6296a66213cdc8d455614dc7958b9ee35c31a82fdf5fa,200,0,200,0,0,0,0,0.8094310760498047,0.9021878242492676,1.468658447265625,,,,,,,,,,,,,,,,29100029,39100029,B,r5,classic,0.0
1,1,_run_plan_aae86dae1e_5eb242aeb6,evaluation,400,400,0,0,9,0,3,2,,0,0,400,0.0,True,step_limit,0122eb3171cf935259e7a3a938843c60dc5f21fe73adf10dd49f0737c4688e48,1,196,1,194,6,2,0,1.4761686325073242,1.613509654998779,1.9283294677734375,,,,,,,,,,,,,,,,29100030,39100030,B,r5,classic,0.0
1,1,_run_plan_aae86dae1e_5eb242aeb6,evaluation,400,400,0,0,9,0,8,2,,0,0,400,0.0,True,step_limit,9e606dc15f80a177b1f280959da88a27f7649b015ec388c05a53a08a6d371176,2,196,2,194,4,2,0,1.7906427383422852,1.9433617591857906,2.374410629272461,,,,,,,,,,,,,,,,29100031,39100031,B,r5,classic,0.0
1,1,_run_plan_aae86dae1e_5eb242aeb6,evaluation,400,400,0,0,9,0,5,2,,0,0,400,0.0,True,step_limit,0122eb3171cf935259e7a3a938843c60dc5f21fe73adf10dd49f0737c4688e48,1,196,1,194,6,2,0,1.4717578887939453,1.5857219696044922,2.331972122192383,,,,,,,,,,,,,,,,29100032,39100032,B,r5,classic,0.0
1,1,_run_plan_aae86dae1e_5eb242aeb6,evaluation,400,400,0,0,9,0,5,2,,0,0,400,0.0,True,step_limit,0122eb3171cf935259e7a3a938843c60dc5f21fe73adf10dd49f0737c4688e48,1,196,1,194,6,2,0,1.4775991439819336,1.641857624053955,1.9466876983642578,,,,,,,,,,,,,,,,29100033,39100033,B,r5,classic,0.0
1,1,_run_plan_aae86dae1e_5eb242aeb6,evaluation,400,400,3,3,9,3,37,13,,0,2,400,0.005,True,step_limit,2208a30c87444bba248f78400fa628295464fd8e68cc2ad085cdc881b6156238,14,167,14,172,19,14,0,2.730131149291992,3.633821010589594,7.468223571777344,,,,,,,,,,,,,,,,29100034,39100034,B,r5,classic,0.3333333333333333
1,1,_run_plan_aae86dae1e_5eb242aeb6,evaluation,400,400,1,1,9,1,10,5,,0,3,400,0.0075,True,step_limit,7212f2dcbde93ce217f06765202395b2b9c4147974f1b8cd029ff69647ff1a0d,5,190,5,192,2,6,0,1.9718408584594727,2.1361231803894025,2.8111934661865234,,,,,,,,,,,,,,,,29100035,39100035,B,r5,classic,0.1111111111111111
1,1,_run_plan_aae86dae1e_5eb242aeb6,evaluation,400,400,1,1,9,1,25,8,,0,1,400,0.0025,True,step_limit,7e94fa128d8c6d929ed4343b8bb17c96e66efc5886f0beea8a585b83c4a925e4,7,180,11,182,12,8,0,3.7643909454345703,4.256772994995116,5.003690719604492,,,,,,,,,,,,,,,,29100036,39100036,B,r5,classic,0.1111111111111111
1,1,_run_plan_aae86dae1e_5eb242aeb6,evaluation,400,400,0,0,9,0,10,3,,0,0,400,0.0,True,step_limit,1bdd8d7bbbf28ea4dd4fceb736654ec0eb30d1032cd3f0166f2a56a2740cf3d9,3,192,3,194,5,3,0,2.4232864379882812,3.0184149742126465,3.7076473236083984,,,,,,,,,,,,,,,,29100037,39100037,B,r5,classic,0.0
1,1,_run_plan_aae86dae1e_5eb242aeb6,evaluation,400,400,5,5,9,5,51,15,,0,2,400,0.005,True,step_limit,f188a192c093ec564799769de98b42f9b8c1b0185963214f413060d7f8bec3a8,15,157,21,170,21,16,0,4.269003868103027,7.254970073699948,8.118391036987305,,,,,,,,,,,,,,,,29100038,39100038,B,r5,classic,0.5555555555555556
1,1,_run_plan_aae86dae1e_5eb242aeb6,evaluation,400,400,2,2,9,2,12,4,,0,0,400,0.0,True,step_limit,5ec0a9e5eecde62b0884c5d8075077d283d48317e2f3d1140b8dda4050ac41e0,7,191,3,188,7,4,0,3.036618232727051,4.094469547271728,5.123376846313477,,,,,,,,,,,,,,,,29100039,39100039,B,r5,classic,0.2222222222222222
1,1,_run_plan_aae86dae1e_5eb242aeb6,evaluation,7,7,0,0,9,1,1,1,,1,0,7,0.0,False,killed,1b6a089f53e5f573a61c002b2c59e9e1dc207a0b2f06e8ed22dd0b8740580fe7,1,1,1,1,2,1,0,0.7102489471435547,1.3047933578491206,1.4607906341552734,,,,,,,,,,,,,,,,29100040,39100040,B,r5,classic,0.0
1,1,_run_plan_aae86dae1e_5eb242aeb6,evaluation,400,400,1,1,50,0,0,0,,0,0,400,0.0,True,step_limit,c303f71cd32830d4eb7aaa675cbd026054e2784365885cbd946ae463c419fbb1,0,0,0,0,400,0,0,3.348827362060547,3.8665890693664546,4.316806793212891,,,,,,,,,,,,,,,,29100101,39100101,B,r5,coin-heaven,0.02
1,1,_run_plan_aae86dae1e_5eb242aeb6,evaluation,400,400,1,1,50,0,0,0,,0,0,400,0.0,True,step_limit,868af88dd5c07040cd7792f609ea0a2881a121ba06feea67a096e0e58f5aa111,0,0,1,0,399,0,0,3.580808639526367,4.138648509979248,4.471540451049805,,,,,,,,,,,,,,,,29100102,39100102,B,r5,coin-heaven,0.02
1,1,_run_plan_aae86dae1e_5eb242aeb6,evaluation,400,400,1,1,50,0,0,0,,0,0,400,0.0,True,step_limit,868af88dd5c07040cd7792f609ea0a2881a121ba06feea67a096e0e58f5aa111,0,0,1,0,399,0,0,3.477811813354492,3.8314342498779292,4.315614700317383,,,,,,,,,,,,,,,,29100103,39100103,B,r5,coin-heaven,0.02
1,1,_run_plan_aae86dae1e_5eb242aeb6,evaluation,400,400,2,2,50,0,0,0,,0,0,400,0.0,True,step_limit,481ba85d8c0649f9dec57791be724bda7995fdb76681573db373680a2d41583c,0,0,3,0,397,0,0,4.331111907958984,4.999959468841553,5.872964859008789,,,,,,,,,,,,,,,,29100104,39100104,B,r5,coin-heaven,0.04
1,1,_run_plan_aae86dae1e_5eb242aeb6,evaluation,400,400,3,3,50,0,0,0,,0,0,400,0.0,True,step_limit,d484bf9b80355f3ff0d35c03d4b79d32e750549ecb20a7c88b1278020ae82400,4,198,0,198,0,0,0,6.071329116821289,6.464672088623046,7.587432861328125,,,,,,,,,,,,,,,,29100105,39100105,B,r5,coin-heaven,0.06
1,1,_run_plan_aae86dae1e_5eb242aeb6,evaluation,400,400,1,1,50,0,0,0,,0,0,400,0.0,True,step_limit,aaf5f8b0271cb77697ea67e3188e983597f78fabbba22d06613a1003c5b5551d,0,199,0,200,1,0,0,3.468036651611328,3.757178783416748,4.473209381103516,,,,,,,,,,,,,,,,29100106,39100106,B,r5,coin-heaven,0.02
1,1,_run_plan_aae86dae1e_5eb242aeb6,evaluation,400,400,1,1,50,0,0,0,,0,399,400,0.9975,True,step_limit,8eb3f8914eb871c9162e8e7d6e4e350b70ee4b135dc73d5f4a799521b0ec540c,399,0,0,0,1,0,0,3.3320188522338867,3.875100612640381,4.370212554931641,,,,,,,,,,,,,,,,29100107,39100107,B,r5,coin-heaven,0.02
1,1,_run_plan_aae86dae1e_5eb242aeb6,evaluation,400,400,1,1,50,0,0,0,,0,0,400,0.0,True,step_limit,db4ba55a62b28a9a5e874d2e2290e7552b50129dd995f8ba691a215b3db3ca0f,1,0,0,0,399,0,0,3.6014318466186523,4.204177856445312,4.725217819213867,,,,,,,,,,,,,,,,29100108,39100108,B,r5,coin-heaven,0.02
1,1,_run_plan_aae86dae1e_5eb242aeb6,evaluation,400,400,3,3,50,0,0,0,,0,0,400,0.0,True,step_limit,d252f4ec56359d18dd07c69fcf513ea0a9c4273b9254e28d6a25bf6a2c8cb030,202,0,198,0,0,0,0,5.68544864654541,6.344664096832275,7.450103759765625,,,,,,,,,,,,,,,,29100109,39100109,B,r5,coin-heaven,0.06
1,1,_run_plan_aae86dae1e_5eb242aeb6,evaluation,400,400,4,4,50,0,0,3,,0,5,400,0.0125,True,step_limit,4400d065d48544095593cfd87266d9f424bd1a17761ad3f5b6e8cd0f28e09ff1,14,3,0,5,374,4,0,9.618639945983887,10.931527614593506,11.666536331176758,,,,,,,,,,,,,,,,29100110,39100110,B,r5,coin-heaven,0.08
1,1,_run_plan_aae86dae1e_5eb242aeb6,evaluation,400,400,1,1,50,0,0,0,,0,0,400,0.0,True,step_limit,db4ba55a62b28a9a5e874d2e2290e7552b50129dd995f8ba691a215b3db3ca0f,1,0,0,0,399,0,0,3.500819206237793,3.8383603096008296,4.543542861938477,,,,,,,,,,,,,,,,29100111,39100111,B,r5,coin-heaven,0.02
1,1,_run_plan_aae86dae1e_5eb242aeb6,evaluation,400,400,3,3,50,0,0,0,,0,0,400,0.0,True,step_limit,b4c7165b763d9b75bfbfcef1aa111f1820e95f025e9287e0d8c33463c959bf5c,3,2,0,0,395,0,0,5.711913108825684,6.488513946533203,9.55963134765625,,,,,,,,,,,,,,,,29100112,39100112,B,r5,coin-heaven,0.06
1,1,_run_plan_aae86dae1e_5eb242aeb6,evaluation,400,400,1,1,50,0,0,0,,0,0,400,0.0,True,step_limit,5e8a44da819e39311227b259624115793b60a1e76c8a3669d8e21bfe2f67a6ea,0,0,1,0,399,0,0,3.5022497177124023,4.001379013061523,4.524469375610352,,,,,,,,,,,,,,,,29100113,39100113,B,r5,coin-heaven,0.02
1,1,_run_plan_aae86dae1e_5eb242aeb6,evaluation,400,400,0,0,50,0,0,0,,0,0,400,0.0,True,step_limit,db4ba55a62b28a9a5e874d2e2290e7552b50129dd995f8ba691a215b3db3ca0f,1,0,0,0,399,0,0,3.5115480422973633,3.8223624229431135,4.412174224853516,,,,,,,,,,,,,,,,29100114,39100114,B,r5,coin-heaven,0.0
1,1,_run_plan_aae86dae1e_5eb242aeb6,evaluation,400,400,0,0,50,0,0,0,,0,0,400,0.0,True,step_limit,db4ba55a62b28a9a5e874d2e2290e7552b50129dd995f8ba691a215b3db3ca0f,1,0,0,0,399,0,0,3.50189208984375,3.9920330047607417,4.499912261962891,,,,,,,,,,,,,,,,29100115,39100115,B,r5,coin-heaven,0.0
1,1,_run_plan_aae86dae1e_5eb242aeb6,evaluation,400,400,3,3,50,0,0,0,,0,0,400,0.0,True,step_limit,8dbe060d119a5b3af985459577b33eb9e98a0d779a378d68e4a3647c1b6508f3,4,198,0,198,0,0,0,5.985498428344727,6.3562631607055655,7.433176040649414,,,,,,,,,,,,,,,,29100116,39100116,B,r5,coin-heaven,0.06
1,1,_run_plan_aae86dae1e_5eb242aeb6,evaluation,400,400,0,0,50,0,0,0,,0,0,400,0.0,True,step_limit,868af88dd5c07040cd7792f609ea0a2881a121ba06feea67a096e0e58f5aa111,0,0,1,0,399,0,0,3.505825996398926,4.002630710601806,5.038022994995117,,,,,,,,,,,,,,,,29100117,39100117,B,r5,coin-heaven,0.0
1,1,_run_plan_aae86dae1e_5eb242aeb6,evaluation,400,400,6,6,50,0,0,0,,0,0,400,0.0,True,step_limit,bbac7929c8f01cb46ac74714b75a73685305eeca7986e9f7b89f633866173c29,0,8,1,0,391,0,0,5.612730979919434,6.377458572387695,6.953239440917969,,,,,,,,,,,,,,,,29100118,39100118,B,r5,coin-heaven,0.12
1,1,_run_plan_aae86dae1e_5eb242aeb6,evaluation,400,400,1,1,50,0,0,0,,0,399,400,0.9975,True,step_limit,8eb3f8914eb871c9162e8e7d6e4e350b70ee4b135dc73d5f4a799521b0ec540c,399,0,0,0,1,0,0,3.3501386642456055,3.876066207885741,4.281044006347656,,,,,,,,,,,,,,,,29100119,39100119,B,r5,coin-heaven,0.02
1,1,_run_plan_aae86dae1e_5eb242aeb6,evaluation,400,400,1,1,50,0,0,0,,0,399,400,0.9975,True,step_limit,bc4f4fb51d318eff10bdf02a7e1c3f83aa0c90f81a7dd5ce82f5a664b783b27d,0,399,0,0,1,0,0,3.3344030380249023,3.6961197853088366,4.428625106811523,,,,,,,,,,,,,,,,29100120,39100120,B,r5,coin-heaven,0.02
1,1,_run_plan_aae86dae1e_5eb242aeb6,evaluation,400,400,0,0,50,0,0,0,,0,400,400,1.0,True,step_limit,ac7274a450d9f601766be5eaf17b1c1ea2ccb7ffae6acdcdd08caac1e861fd93,0,400,0,0,0,0,0,3.385186195373535,3.8785576820373535,4.255533218383789,,,,,,,,,,,,,,,,29100121,39100121,B,r5,coin-heaven,0.0
1,1,_run_plan_aae86dae1e_5eb242aeb6,evaluation,400,400,0,0,50,0,0,0,,0,0,400,0.0,True,step_limit,db4ba55a62b28a9a5e874d2e2290e7552b50129dd995f8ba691a215b3db3ca0f,1,0,0,0,399,0,0,3.519773483276367,4.0291428565978995,4.736661911010742,,,,,,,,,,,,,,,,29100122,39100122,B,r5,coin-heaven,0.0
1,1,_run_plan_aae86dae1e_5eb242aeb6,evaluation,400,400,0,0,50,0,0,0,,0,400,400,1.0,True,step_limit,ac7274a450d9f601766be5eaf17b1c1ea2ccb7ffae6acdcdd08caac1e861fd93,0,400,0,0,0,0,0,3.334522247314453,3.6417841911315914,4.254817962646484,,,,,,,,,,,,,,,,29100123,39100123,B,r5,coin-heaven,0.0
1,1,_run_plan_aae86dae1e_5eb242aeb6,evaluation,400,400,1,1,50,0,0,0,,0,0,400,0.0,True,step_limit,de02bcc691235f26fa8ea53e0ab3439be363ce41242c7a49ce07253d2b639f3c,2,0,0,0,398,0,0,5.3615570068359375,6.219530105590819,8.528947830200195,,,,,,,,,,,,,,,,29100124,39100124,B,r5,coin-heaven,0.02
1,1,_run_plan_aae86dae1e_5eb242aeb6,evaluation,400,400,0,0,50,0,0,0,,0,400,400,1.0,True,step_limit,ac7274a450d9f601766be5eaf17b1c1ea2ccb7ffae6acdcdd08caac1e861fd93,0,400,0,0,0,0,0,3.3479928970336914,3.857088088989258,4.267692565917969,,,,,,,,,,,,,,,,29100125,39100125,B,r5,coin-heaven,0.0
1,1,_run_plan_aae86dae1e_5eb242aeb6,evaluation,400,400,0,0,50,0,0,0,,0,0,400,0.0,True,step_limit,c303f71cd32830d4eb7aaa675cbd026054e2784365885cbd946ae463c419fbb1,0,0,0,0,400,0,0,3.347635269165039,3.6462783813476562,4.436016082763672,,,,,,,,,,,,,,,,29100126,39100126,B,r5,coin-heaven,0.0
1,1,_run_plan_aae86dae1e_5eb242aeb6,evaluation,400,400,1,1,50,0,0,0,,0,0,400,0.0,True,step_limit,868af88dd5c07040cd7792f609ea0a2881a121ba06feea67a096e0e58f5aa111,0,0,1,0,399,0,0,3.4869909286499023,3.776824474334717,4.348516464233398,,,,,,,,,,,,,,,,29100127,39100127,B,r5,coin-heaven,0.02
1,1,_run_plan_aae86dae1e_5eb242aeb6,evaluation,400,400,1,1,50,0,0,0,,0,0,400,0.0,True,step_limit,481ba85d8c0649f9dec57791be724bda7995fdb76681573db373680a2d41583c,0,0,3,0,397,0,0,4.2334794998168945,4.830276966094971,6.214380264282227,,,,,,,,,,,,,,,,29100128,39100128,B,r5,coin-heaven,0.02
1,1,_run_plan_aae86dae1e_5eb242aeb6,evaluation,400,400,0,0,50,0,0,0,,0,0,400,0.0,True,step_limit,c303f71cd32830d4eb7aaa675cbd026054e2784365885cbd946ae463c419fbb1,0,0,0,0,400,0,0,3.33249568939209,3.6365509033203125,4.239320755004883,,,,,,,,,,,,,,,,29100129,39100129,B,r5,coin-heaven,0.0
1,1,_run_plan_aae86dae1e_5eb242aeb6,evaluation,400,400,1,1,50,0,0,0,,0,0,400,0.0,True,step_limit,481ba85d8c0649f9dec57791be724bda7995fdb76681573db373680a2d41583c,0,0,3,0,397,0,0,4.253506660461426,4.922139644622803,5.966901779174805,,,,,,,,,,,,,,,,29100130,39100130,B,r5,coin-heaven,0.02
1,1,_run_plan_aae86dae1e_5eb242aeb6,evaluation,400,400,0,0,50,0,0,1,,0,1,400,0.0025,True,step_limit,602bd2448fbd19191279f2a403f3fdc08dec30e8f2b2ace36ac84a03fcd7380d,2,1,0,3,392,2,0,8.38613510131836,9.48340892791748,14.89710807800293,,,,,,,,,,,,,,,,29100131,39100131,B,r5,coin-heaven,0.0
1,1,_run_plan_aae86dae1e_5eb242aeb6,evaluation,400,400,0,0,50,0,0,0,,0,0,400,0.0,True,step_limit,db4ba55a62b28a9a5e874d2e2290e7552b50129dd995f8ba691a215b3db3ca0f,1,0,0,0,399,0,0,3.489971160888672,3.785610198974607,4.617929458618164,,,,,,,,,,,,,,,,29100132,39100132,B,r5,coin-heaven,0.0
1,1,_run_plan_aae86dae1e_5eb242aeb6,evaluation,400,400,5,5,50,0,0,0,,0,0,400,0.0,True,step_limit,26d19da3f25a436d565b7cecddc133558a13baf5c959a819c8528b929454660e,10,0,0,0,390,0,0,6.092309951782227,6.56970739364624,7.467985153198242,,,,,,,,,,,,,,,,29100133,39100133,B,r5,coin-heaven,0.1
1,1,_run_plan_aae86dae1e_5eb242aeb6,evaluation,400,400,0,0,50,0,0,0,,0,0,400,0.0,True,step_limit,c303f71cd32830d4eb7aaa675cbd026054e2784365885cbd946ae463c419fbb1,0,0,0,0,400,0,0,3.335118293762207,3.637266159057616,4.327058792114258,,,,,,,,,,,,,,,,29100134,39100134,B,r5,coin-heaven,0.0
1,1,_run_plan_aae86dae1e_5eb242aeb6,evaluation,400,400,2,2,50,0,0,1,,0,0,400,0.0,True,step_limit,3ecf7be26a8f96dbbf8987d2cbdc6829b6c535c00305efefd13c453ed84b4ae2,2,0,1,2,394,1,0,4.632115364074707,4.989802837371826,9.611129760742188,,,,,,,,,,,,,,,,29100135,39100135,B,r5,coin-heaven,0.04
1,1,_run_plan_aae86dae1e_5eb242aeb6,evaluation,400,400,1,1,50,0,0,0,,0,0,400,0.0,True,step_limit,6b83b2d33ccd340c0adaf69b4337c895dc2247a4cd396ce1f18c94d13eb85d40,2,199,0,199,0,0,0,5.258321762084961,5.781054496765137,6.78253173828125,,,,,,,,,,,,,,,,29100136,39100136,B,r5,coin-heaven,0.02
1,1,_run_plan_aae86dae1e_5eb242aeb6,evaluation,400,400,0,0,50,0,0,0,,0,0,400,0.0,True,step_limit,db4ba55a62b28a9a5e874d2e2290e7552b50129dd995f8ba691a215b3db3ca0f,1,0,0,0,399,0,0,3.4946203231811523,3.959083557128906,8.352279663085938,,,,,,,,,,,,,,,,29100137,39100137,B,r5,coin-heaven,0.0
1,1,_run_plan_aae86dae1e_5eb242aeb6,evaluation,400,400,2,2,50,0,0,0,,0,0,400,0.0,True,step_limit,0baeb954777185c41adc6c584025a80f5f25ef39960af633c010cf0132f0b1b2,199,2,199,0,0,0,0,5.2002668380737305,5.5475473403930655,6.541013717651367,,,,,,,,,,,,,,,,29100138,39100138,B,r5,coin-heaven,0.04
1,1,_run_plan_aae86dae1e_5eb242aeb6,evaluation,400,400,2,2,50,0,0,0,,0,0,400,0.0,True,step_limit,c2c6af9af8d7c957447371234064700fdef0724d52208bd03c1165414c6f7013,0,1,1,1,397,0,0,3.4998655319213867,4.025936126708983,4.487514495849609,,,,,,,,,,,,,,,,29100139,39100139,B,r5,coin-heaven,0.04
1,1,_run_plan_aae86dae1e_5eb242aeb6,evaluation,400,400,1,1,50,0,0,0,,0,0,400,0.0,True,step_limit,db4ba55a62b28a9a5e874d2e2290e7552b50129dd995f8ba691a215b3db3ca0f,1,0,0,0,399,0,0,3.489255905151367,3.7497282028198233,4.452228546142578,,,,,,,,,,,,,,,,29100140,39100140,B,r5,coin-heaven,0.02
1,1,_run_plan_aae86dae1e_5eb242aeb6,evaluation,400,400,1,1,50,2,5,2,,0,2,400,0.005,True,step_limit,4249c783569b1659a60ca9f85f3bb03631d16fcad3a74d09db3e8099b6a5d735,194,4,193,4,3,2,0,1.381516456604004,1.7357110977172845,2.3305416107177734,,,,,,,,,,,,,,,,29100201,39100201,B,r5,loot-crate,0.02
1,1,_run_plan_aae86dae1e_5eb242aeb6,evaluation,400,400,1,1,50,4,9,5,,0,1,400,0.0025,True,step_limit,7db04b5f67f133c29cb96eb1c554a18ee04dedeb3170d8cf8e7dd0a7aa439a4b,3,9,3,11,368,6,0,3.755927085876465,4.324126243591308,4.859209060668945,,,,,,,,,,,,,,,,29100202,39100202,B,r5,loot-crate,0.02
1,1,_run_plan_aae86dae1e_5eb242aeb6,evaluation,400,400,10,10,50,12,27,46,,0,77,400,0.1925,True,step_limit,1fb4a946a72c310b966b42e9c25e5a515bed00999c3ed569785fe7ca0d71c363,55,88,51,155,4,47,0,2.238750457763672,5.793881416320801,7.082223892211914,,,,,,,,,,,,,,,,29100203,39100203,B,r5,loot-crate,0.2
1,1,_run_plan_aae86dae1e_5eb242aeb6,evaluation,400,400,1,1,50,3,5,4,,0,371,400,0.9275,True,step_limit,f81d8846da86d9efee440e75476df9f75e4d508a68422a67819a9fb1af8eea2f,11,2,375,4,4,4,0,0.9496212005615234,1.02849006652832,2.050161361694336,,,,,,,,,,,,,,,,29100204,39100204,B,r5,loot-crate,0.02
1,1,_run_plan_aae86dae1e_5eb242aeb6,evaluation,400,400,1,1,50,1,4,2,,0,3,400,0.0075,True,step_limit,123348609d5fe1ab42c996fed31bb209fa3973791405b5a20d959a93a5be9e55,1,196,1,197,3,2,0,1.4727115631103516,1.6318440437316886,2.5556087493896484,,,,,,,,,,,,,,,,29100205,39100205,B,r5,loot-crate,0.02
1,1,_run_plan_aae86dae1e_5eb242aeb6,evaluation,400,400,2,2,50,7,9,2,,0,383,400,0.9575,True,step_limit,43b877fe2947baf7b54fc68b004a1699fc3bd0268f43c03fa157f7f15abea456,2,5,1,388,2,2,0,1.0570287704467773,1.1912941932678218,1.4691352844238281,,,,,,,,,,,,,,,,29100206,39100206,B,r5,loot-crate,0.04
1,1,_run_plan_aae86dae1e_5eb242aeb6,evaluation,400,400,1,1,50,3,6,2,,0,383,400,0.9575,True,step_limit,a4ba4b23e2f3ae7db3ce8552d140285f92d90e02521ebeda51d0f323465eb5d0,5,1,387,3,2,2,0,1.0401010513305664,1.1638760566711424,1.493215560913086,,,,,,,,,,,,,,,,29100207,39100207,B,r5,loot-crate,0.02
1,1,_run_plan_aae86dae1e_5eb242aeb6,evaluation,400,400,2,2,50,2,3,1,,0,0,400,0.0,True,step_limit,cf39694e0f2bc05ecf3d588c5c5d24bf385a1fadeec5af23ca96d7beb7b01138,1,198,1,196,3,1,0,1.4426708221435547,1.5604496002197266,1.9786357879638672,,,,,,,,,,,,,,,,29100208,39100208,B,r5,loot-crate,0.04
1,1,_run_plan_aae86dae1e_5eb242aeb6,evaluation,59,59,2,2,50,3,13,8,,1,2,59,0.03389830508474576,False,killed,601b0d6d1ad2f453dc7e65c35b9318ed8ca1a0a7475d915b29af572ae718ad81,13,6,16,10,6,8,0,0.9789466857910156,2.2134542465209956,2.3703575134277344,,,,,,,,,,,,,,,,29100209,39100209,B,r5,loot-crate,0.04
1,1,_run_plan_aae86dae1e_5eb242aeb6,evaluation,400,400,0,0,50,0,0,0,,0,0,400,0.0,True,step_limit,f6cf5ab55526d53a9eb3c4e3af2116aaf34571ea8a3e6fe8852cfe969be82e0e,0,200,0,200,0,0,0,0.9628534317016602,1.0527372360229492,1.6040802001953125,,,,,,,,,,,,,,,,29100210,39100210,B,r5,loot-crate,0.0
1,1,_run_plan_aae86dae1e_5eb242aeb6,evaluation,400,400,0,0,50,0,0,0,,0,0,400,0.0,True,step_limit,3e457cc2304ad2ccf2d6296a66213cdc8d455614dc7958b9ee35c31a82fdf5fa,200,0,200,0,0,0,0,0.807642936706543,0.8732914924621578,1.4729499816894531,,,,,,,,,,,,,,,,29100211,39100211,B,r5,loot-crate,0.0
1,1,_run_plan_aae86dae1e_5eb242aeb6,evaluation,400,400,0,0,50,0,5,3,,0,0,400,0.0,True,step_limit,0933079fce8e82c261fdc114f1af397dd753dd8f3ec7798f1bd0f95108dee0cd,2,194,2,193,6,3,0,1.7771720886230469,1.9490599632263181,2.345561981201172,,,,,,,,,,,,,,,,29100212,39100212,B,r5,loot-crate,0.0
1,1,_run_plan_aae86dae1e_5eb242aeb6,evaluation,400,400,4,4,50,7,17,8,,0,1,400,0.0025,True,step_limit,dfdb689c704f75e2ac25a1cbac8272aa8104c65ae52650b3055a8f9cd151980c,10,13,11,19,339,8,0,3.608107566833496,3.803455829620361,4.652500152587891,,,,,,,,,,,,,,,,29100213,39100213,B,r5,loot-crate,0.08
1,1,_run_plan_aae86dae1e_5eb242aeb6,evaluation,400,400,7,7,50,7,15,6,,0,6,400,0.015,True,step_limit,051b9497876c1a30ea2e73e9602012e9a1c760d7cf04613d01c7869470b1fd7b,7,190,5,184,6,8,0,2.391934394836426,2.8004527091979967,5.10406494140625,,,,,,,,,,,,,,,,29100214,39100214,B,r5,loot-crate,0.14
1,1,_run_plan_aae86dae1e_5eb242aeb6,evaluation,400,400,2,2,50,2,3,1,,0,0,400,0.0,True,step_limit,f332566eb3abb3a29fb61daf154812a571b411d5f3dc607372672abd94b7abf8,2,197,2,196,2,1,0,1.4494657516479492,1.7666935920715328,4.1351318359375,,,,,,,,,,,,,,,,29100215,39100215,B,r5,loot-crate,0.04
1,1,_run_plan_aae86dae1e_5eb242aeb6,evaluation,400,400,10,10,50,10,25,9,,0,4,400,0.01,True,step_limit,fcfb6db18d611b4d9f9ac6251d858cf9106cc3d9de912c90e88201bdb81a3d52,19,171,13,175,10,12,0,3.0791759490966797,3.5774350166320796,5.382776260375977,,,,,,,,,,,,,,,,29100216,39100216,B,r5,loot-crate,0.2
1,1,_run_plan_aae86dae1e_5eb242aeb6,evaluation,20,20,0,0,50,2,8,3,,1,4,20,0.2,False,killed,73f7c63327c89e135ebbc6bc1d2afc44259c3274451fe5d15679765192526061,5,3,2,1,6,3,0,0.8131265640258789,2.45286226272583,2.489328384399414,,,,,,,,,,,,,,,,29100217,39100217,B,r5,loot-crate,0.0
1,1,_run_plan_aae86dae1e_5eb242aeb6,evaluation,400,400,12,12,50,12,32,10,,0,3,400,0.0075,True,step_limit,614cbcff3e9340303952865744955bbd81b2738dc99935dc9e9daf5b89675ebf,20,167,15,179,7,12,0,2.3822784423828125,3.008365631103515,5.414724349975586,,,,,,,,,,,,,,,,29100218,39100218,B,r5,loot-crate,0.24
1,1,_run_plan_aae86dae1e_5eb242aeb6,evaluation,400,400,0,0,50,0,0,0,,0,0,400,0.0,True,step_limit,3e457cc2304ad2ccf2d6296a66213cdc8d455614dc7958b9ee35c31a82fdf5fa,200,0,200,0,0,0,0,0.8102655410766602,0.9034156799316404,1.4717578887939453,,,,,,,,,,,,,,,,29100219,39100219,B,r5,loot-crate,0.0
1,1,_run_plan_aae86dae1e_5eb242aeb6,evaluation,400,400,0,0,50,0,0,0,,0,0,400,0.0,True,step_limit,f6cf5ab55526d53a9eb3c4e3af2116aaf34571ea8a3e6fe8852cfe969be82e0e,0,200,0,200,0,0,0,1.0834932327270508,1.2107372283935547,1.8067359924316406,,,,,,,,,,,,,,,,29100220,39100220,B,r5,loot-crate,0.0
1,1,_run_plan_aae86dae1e_5eb242aeb6,evaluation,400,400,1,1,50,3,10,4,,0,372,400,0.93,True,step_limit,92baf0e2a72c62aba56022fc44b81aab9d63fb4cc0f3809656d326e7acc52b0e,5,2,376,6,7,4,0,1.7337799072265625,1.868307590484619,3.0455589294433594,,,,,,,,,,,,,,,,29100221,39100221,B,r5,loot-crate,0.02
1,1,_run_plan_aae86dae1e_5eb242aeb6,evaluation,400,400,1,1,50,1,8,3,,0,3,400,0.0075,True,step_limit,f060cbec07dfd8e0a718fac9219299b5d17dba555a1d00172bfdd6c7db8fe940,7,193,3,191,2,4,0,2.2475719451904297,2.3880600929260254,3.3986568450927734,,,,,,,,,,,,,,,,29100222,39100222,B,r5,loot-crate,0.02
1,1,_run_plan_aae86dae1e_5eb242aeb6,evaluation,400,400,5,5,50,6,14,51,,0,42,400,0.105,True,step_limit,a93da25127b5767f535f675efe1435bf7989266652b73cf09ffb15d7f925c90c,9,143,9,146,1,92,0,1.749873161315918,3.7690877914428706,4.055023193359375,,,,,,,,,,,,,,,,29100223,39100223,B,r5,loot-crate,0.1
1,1,_run_plan_aae86dae1e_5eb242aeb6,evaluation,400,400,2,2,50,2,3,1,,0,0,400,0.0,True,step_limit,cf39694e0f2bc05ecf3d588c5c5d24bf385a1fadeec5af23ca96d7beb7b01138,1,198,1,196,3,1,0,1.2166500091552734,1.3290166854858396,1.7063617706298828,,,,,,,,,,,,,,,,29100224,39100224,B,r5,loot-crate,0.04
1,1,_run_plan_aae86dae1e_5eb242aeb6,evaluation,400,400,2,2,50,5,8,2,,0,383,400,0.9575,True,step_limit,5a46c92fb674f34ba8391fc714e82ff0c390052187a8a1171443c2de53f77857,6,1,387,2,2,2,0,1.1487007141113281,1.3580799102783203,1.653432846069336,,,,,,,,,,,,,,,,29100225,39100225,B,r5,loot-crate,0.04
1,1,_run_plan_aae86dae1e_5eb242aeb6,evaluation,400,400,9,9,50,9,30,10,,0,5,400,0.0125,True,step_limit,e20b37bff22e35deb8cded053133cda395fe39f1f856b12e41d37409f5e38ad0,15,173,12,175,12,13,0,4.790782928466797,7.146096229553223,8.40616226196289,,,,,,,,,,,,,,,,29100226,39100226,B,r5,loot-crate,0.18
1,1,_run_plan_aae86dae1e_5eb242aeb6,evaluation,400,400,8,8,50,8,16,5,,0,5,400,0.0125,True,step_limit,ce615fcc4ad93e9d38a6ecf0feb6f99ef68fd9ed9c8abc60f21f56c4c1fb21ea,8,195,7,180,4,6,0,2.0415782928466797,2.435517311096191,4.726648330688477,,,,,,,,,,,,,,,,29100227,39100227,B,r5,loot-crate,0.16
1,1,_run_plan_aae86dae1e_5eb242aeb6,evaluation,400,400,3,3,50,3,3,1,,0,0,400,0.0,True,step_limit,f51ce64617e64b4ab525186876567f598df7484df816829ad46deefa80bb8f27,1,198,1,196,3,1,0,1.3382434844970703,1.4585375785827634,1.764059066772461,,,,,,,,,,,,,,,,29100228,39100228,B,r5,loot-crate,0.06
1,1,_run_plan_aae86dae1e_5eb242aeb6,evaluation,400,400,4,4,50,4,14,3,,0,2,400,0.005,True,step_limit,9112ec60fd7c89eb63516a3edfa5033953b12ee6c1d3c1eb98c4c6afb9ceaeb9,4,196,4,189,3,4,0,2.4788379669189453,2.6557087898254395,3.4062862396240234,,,,,,,,,,,,,,,,29100229,39100229,B,r5,loot-crate,0.08
1,1,_run_plan_aae86dae1e_5eb242aeb6,evaluation,400,400,1,1,50,1,7,2,,0,1,400,0.0025,True,step_limit,90f9f6822a5f0791efd96b4eae3774f63662b24ed3387816ae35fa36dacc5f10,1,197,1,195,3,3,0,1.9183158874511719,2.070343494415283,2.579927444458008,,,,,,,,,,,,,,,,29100230,39100230,B,r5,loot-crate,0.02
1,1,_run_plan_aae86dae1e_5eb242aeb6,evaluation,400,400,4,4,50,4,12,5,,0,3,400,0.0075,True,step_limit,571bbebf93bfb3a964aca2677469e19fd6a1026fbc0ff4ff7628112c0b08d809,11,182,7,186,8,6,0,1.9844770431518555,2.328026294708252,3.195047378540039,,,,,,,,,,,,,,,,29100231,39100231,B,r5,loot-crate,0.08
1,1,_run_plan_aae86dae1e_5eb242aeb6,evaluation,400,400,8,8,50,8,20,7,,0,4,400,0.01,True,step_limit,fbf11af16fb3bfb912d6f68c958c029e1cc72ecaf22559ab2eb21767b6c1a511,26,172,15,173,6,8,0,2.5169849395751953,3.0958294868469234,3.563404083251953,,,,,,,,,,,,,,,,29100232,39100232,B,r5,loot-crate,0.16
1,1,_run_plan_aae86dae1e_5eb242aeb6,evaluation,400,400,0,0,50,3,7,41,,0,1,400,0.0025,True,step_limit,feae261ab68c9df93d9c0e552343911033ad2775c6db5eaad3271dd3afb3d780,154,3,156,4,42,41,0,1.2025833129882812,2.058565616607666,2.5396347045898438,,,,,,,,,,,,,,,,29100233,39100233,B,r5,loot-crate,0.0
1,1,_run_plan_aae86dae1e_5eb242aeb6,evaluation,400,400,6,6,50,6,13,7,,0,4,400,0.01,True,step_limit,dd7c9517cd7ab2a50389c250fd30da316be8ee673b69a5933c434741e3b01085,12,179,13,179,10,7,0,3.2792091369628906,4.15438413619995,5.314350128173828,,,,,,,,,,,,,,,,29100234,39100234,B,r5,loot-crate,0.12
1,1,_run_plan_aae86dae1e_5eb242aeb6,evaluation,400,400,6,6,50,6,12,6,,0,1,400,0.0025,True,step_limit,eae0c51cd80b30b761973967a10d0986ec90182438e076572be5853e3e42f246,8,188,8,186,3,7,0,2.312183380126953,2.6690125465393058,3.094196319580078,,,,,,,,,,,,,,,,29100235,39100235,B,r5,loot-crate,0.12
1,1,_run_plan_aae86dae1e_5eb242aeb6,evaluation,400,400,0,0,50,0,0,0,,0,0,400,0.0,True,step_limit,f6cf5ab55526d53a9eb3c4e3af2116aaf34571ea8a3e6fe8852cfe969be82e0e,0,200,0,200,0,0,0,0.9682178497314453,1.1207222938537595,1.6143321990966797,,,,,,,,,,,,,,,,29100236,39100236,B,r5,loot-crate,0.0
1,1,_run_plan_aae86dae1e_5eb242aeb6,evaluation,400,400,1,1,50,1,2,1,,0,0,400,0.0,True,step_limit,cf39694e0f2bc05ecf3d588c5c5d24bf385a1fadeec5af23ca96d7beb7b01138,1,198,1,196,3,1,0,1.2146234512329102,1.3570666313171384,1.8467903137207031,,,,,,,,,,,,,,,,29100237,39100237,B,r5,loot-crate,0.02
1,1,_run_plan_aae86dae1e_5eb242aeb6,evaluation,400,400,1,1,50,1,2,1,,0,1,400,0.0025,True,step_limit,919b2d8827f48250f3f02f89428462dbdec8cca9da4eb0aa5e9af3b5235a0887,1,198,1,197,2,1,0,1.2056827545166016,1.3451695442199696,1.659393310546875,,,,,,,,,,,,,,,,29100238,39100238,B,r5,loot-crate,0.02
1,1,_run_plan_aae86dae1e_5eb242aeb6,evaluation,400,400,1,1,50,1,3,1,,0,1,400,0.0025,True,step_limit,919b2d8827f48250f3f02f89428462dbdec8cca9da4eb0aa5e9af3b5235a0887,1,198,1,197,2,1,0,1.2216567993164062,1.3572216033935545,1.6314983367919922,,,,,,,,,,,,,,,,29100239,39100239,B,r5,loot-crate,0.02
1,1,_run_plan_aae86dae1e_5eb242aeb6,evaluation,400,400,0,0,50,0,0,0,,0,0,400,0.0,True,step_limit,f6cf5ab55526d53a9eb3c4e3af2116aaf34571ea8a3e6fe8852cfe969be82e0e,0,200,0,200,0,0,0,0.9652376174926758,1.0512471199035645,1.6143321990966797,,,,,,,,,,,,,,,,29100240,39100240,B,r5,loot-crate,0.0
1,1,_run_plan_04f60cbf81_52367a6622,evaluation,127,127,50,50,50,0,0,0,,0,0,127,0.0,True,survived,0f4885677f937c96808e292d26ca94b3191a210b6a6bb4522230e4b9d38f5320,35,35,35,21,1,0,0,0.19621849060058594,0.2617359161376953,0.7011890411376953,,,,,,,,,,,,,,,,29100101,39100101,frozen_task1,reference,coin-heaven,1.0
1,1,_run_plan_04f60cbf81_52367a6622,evaluation,400,400,49,49,50,0,0,0,,0,0,400,0.0,True,step_limit,c1821059bfff342fbd1a1e32eed8e746049d560e31be69b9531ccbe67ea827a0,171,24,175,30,0,0,0,0.17881393432617188,0.23809671401977525,0.7658004760742188,,,,,,,,,,,,,,,,29100102,39100102,frozen_task1,reference,coin-heaven,0.98
1,1,_run_plan_04f60cbf81_52367a6622,evaluation,400,400,38,38,50,0,0,0,,0,0,400,0.0,True,step_limit,2d1d02f94db19355b08d5149af2fb5125dcd305179f670e5421155697cbd1b76,180,23,184,13,0,0,0,0.1819133758544922,0.23866891860961914,0.7462501525878906,,,,,,,,,,,,,,,,29100103,39100103,frozen_task1,reference,coin-heaven,0.76
1,1,_run_plan_04f60cbf81_52367a6622,evaluation,400,400,41,41,50,0,0,0,,0,0,400,0.0,True,step_limit,e0f03787ef54a247ecaf8f061de8e65879194c35913cc9ef740936c11f49f64a,176,14,184,26,0,0,0,0.17976760864257812,0.2449989318847655,0.7007122039794922,,,,,,,,,,,,,,,,29100104,39100104,frozen_task1,reference,coin-heaven,0.82
1,1,_run_plan_04f60cbf81_52367a6622,evaluation,400,400,34,34,50,0,0,0,,0,0,400,0.0,True,step_limit,4b76a1a107ddcbd1d837ca103ea5a8fc541a9e3e389d87a9ee6eeb2370ca9dab,23,179,17,181,0,0,0,0.18143653869628906,0.2347826957702635,0.7433891296386719,,,,,,,,,,,,,,,,29100105,39100105,frozen_task1,reference,coin-heaven,0.68
1,1,_run_plan_04f60cbf81_52367a6622,evaluation,130,130,50,50,50,0,0,0,,0,0,130,0.0,True,survived,857ec53b9684b38283cef629e046337a25aa3f875e0c9917ad008bc4986a4571,33,25,42,29,1,0,0,0.1976490020751953,0.2498030662536621,0.7476806640625,,,,,,,,,,,,,,,,29100106,39100106,frozen_task1,reference,coin-heaven,1.0
1,1,_run_plan_04f60cbf81_52367a6622,evaluation,130,130,50,50,50,0,0,0,,0,0,130,0.0,True,survived,71972568ece063163a78abf8d8d4b7c562ad6a88bcf20c0699a15a73f6c908f9,26,43,31,29,1,0,0,0.20456314086914062,0.2788424491882324,0.7011890411376953,,,,,,,,,,,,,,,,29100107,39100107,frozen_task1,reference,coin-heaven,1.0
1,1,_run_plan_04f60cbf81_52367a6622,evaluation,127,127,50,50,50,0,0,0,,0,0,127,0.0,True,survived,79b324717fab494b82588582f13f888b1eafb1c069276c90e1edce3e6be10c1e,31,40,24,32,0,0,0,0.19407272338867188,0.24702548980712888,0.7581710815429688,,,,,,,,,,,,,,,,29100108,39100108,frozen_task1,reference,coin-heaven,1.0
1,1,_run_plan_04f60cbf81_52367a6622,evaluation,120,120,50,50,50,0,0,0,,0,0,120,0.0,True,survived,5560dfa6a9efc8198233d74924f356252a3c58053f64d059cdf0e3232cb7dd5c,41,23,33,23,0,0,0,0.19943714141845703,0.260317325592041,0.7448196411132812,,,,,,,,,,,,,,,,29100109,39100109,frozen_task1,reference,coin-heaven,1.0
1,1,_run_plan_04f60cbf81_52367a6622,evaluation,131,131,50,50,50,0,0,0,,0,0,131,0.0,True,survived,cabdb5857411352e2baa932f0f808cf97ccb9465a341fdcaeec657baf1be588c,34,32,29,36,0,0,0,0.19788742065429688,0.2593994140625,0.7588863372802734,,,,,,,,,,,,,,,,29100110,39100110,frozen_task1,reference,coin-heaven,1.0
1,1,_run_plan_04f60cbf81_52367a6622,evaluation,400,400,28,28,50,0,0,0,,0,1,400,0.0025,True,step_limit,471b0fb36db05573cc91341ecd4e10aacff1d47693e104feee08296f03e8fbd7,195,6,185,14,0,0,0,0.18310546875,0.23581981658935544,0.7431507110595703,,,,,,,,,,,,,,,,29100111,39100111,frozen_task1,reference,coin-heaven,0.56
1,1,_run_plan_04f60cbf81_52367a6622,evaluation,400,400,32,32,50,0,0,0,,0,0,400,0.0,True,step_limit,2842399e671f0f2a7575d057d3c15d43df7d6ef1ed906b9a2866460912653bc9,24,187,10,179,0,0,0,0.18286705017089844,0.24164915084838856,0.743865966796875,,,,,,,,,,,,,,,,29100112,39100112,frozen_task1,reference,coin-heaven,0.64
1,1,_run_plan_04f60cbf81_52367a6622,evaluation,400,400,47,47,50,0,0,0,,0,0,400,0.0,True,step_limit,5c4f80fec6b69cde4f79bcdc76d82de5a64dad6c5c264097b0fdff9f7826bcae,171,24,182,22,1,0,0,0.1785755157470703,0.24008750915527344,0.7650852203369141,,,,,,,,,,,,,,,,29100113,39100113,frozen_task1,reference,coin-heaven,0.94
1,1,_run_plan_04f60cbf81_52367a6622,evaluation,400,400,28,28,50,0,0,0,,0,0,400,0.0,True,step_limit,f44262121255ccec213346f4defcc5524679081eca79cf52dfdffbbd63c73143,18,189,8,185,0,0,0,0.18489360809326172,0.24154186248779294,0.6999969482421875,,,,,,,,,,,,,,,,29100114,39100114,frozen_task1,reference,coin-heaven,0.56
1,1,_run_plan_04f60cbf81_52367a6622,evaluation,400,400,3,3,50,0,0,0,,0,1,400,0.0025,True,step_limit,84c82501225c8fae6b3a1cfddf513b8de492efd29f15f4362d9d5b7b8d0f8f2b,199,2,197,2,0,0,0,0.19693374633789062,0.23947954177856415,0.736236572265625,,,,,,,,,,,,,,,,29100115,39100115,frozen_task1,reference,coin-heaven,0.06
1,1,_run_plan_04f60cbf81_52367a6622,evaluation,400,400,17,17,50,0,0,0,,0,0,400,0.0,True,step_limit,666782d6dc0a63ea71ca434b20c0ddda1105f505f9f88f09c882107253c1ffc4,4,194,4,198,0,0,0,0.19073486328125,0.23797750473022458,0.7138252258300781,,,,,,,,,,,,,,,,29100116,39100116,frozen_task1,reference,coin-heaven,0.34
1,1,_run_plan_04f60cbf81_52367a6622,evaluation,146,146,50,50,50,0,0,0,,0,0,146,0.0,True,survived,d070d5e131a752869214a7fc71cfc6c48804474fc11bb4e235dcf20d9e3928a7,31,35,45,35,0,0,0,0.19741058349609375,0.25665760040283203,0.7407665252685547,,,,,,,,,,,,,,,,29100117,39100117,frozen_task1,reference,coin-heaven,1.0
1,1,_run_plan_04f60cbf81_52367a6622,evaluation,400,400,48,48,50,0,0,0,,0,0,400,0.0,True,step_limit,40331fe026b937e643fe1906cd67ee66875c765c94e7c575f65f782dd56bf0df,164,36,173,26,1,0,0,0.179290771484375,0.23468732833862296,0.7736682891845703,,,,,,,,,,,,,,,,29100118,39100118,frozen_task1,reference,coin-heaven,0.96
1,1,_run_plan_04f60cbf81_52367a6622,evaluation,400,400,48,48,50,0,0,0,,0,0,400,0.0,True,step_limit,19a5cba6e66c43649424f65df9fcc5879cf6530baf7ec1d1ef421c354b279b8b,168,29,179,23,1,0,0,0.17762184143066406,0.22199153900146482,0.7059574127197266,,,,,,,,,,,,,,,,29100119,39100119,frozen_task1,reference,coin-heaven,0.96
1,1,_run_plan_04f60cbf81_52367a6622,evaluation,400,400,38,38,50,0,0,0,,0,0,400,0.0,True,step_limit,92e56b000d0327e4a02a8c821d855a7d99cf729ee2d8d7dedb467c3258bf107d,175,16,182,26,1,0,0,0.18215179443359375,0.22563934326171867,0.6983280181884766,,,,,,,,,,,,,,,,29100120,39100120,frozen_task1,reference,coin-heaven,0.76
1,1,_run_plan_04f60cbf81_52367a6622,evaluation,400,400,9,9,50,0,0,0,,0,0,400,0.0,True,step_limit,24e9ccc3e4744baee1993c6bf95e0da31add9e24deb08bc68e586a6033a0398e,2,192,2,204,0,0,0,0.19860267639160156,0.24513006210327146,0.7433891296386719,,,,,,,,,,,,,,,,29100121,39100121,frozen_task1,reference,coin-heaven,0.18
1,1,_run_plan_04f60cbf81_52367a6622,evaluation,400,400,45,45,50,0,0,0,,0,1,400,0.0025,True,step_limit,033a54bc6c6ae05a61140fbdc313c00fbe389b0e0f44838758f742ae7b4b9da1,173,33,171,23,0,0,0,0.1785755157470703,0.2334117889404297,0.7059574127197266,,,,,,,,,,,,,,,,29100122,39100122,frozen_task1,reference,coin-heaven,0.9
1,1,_run_plan_04f60cbf81_52367a6622,evaluation,138,138,50,50,50,0,0,0,,0,0,138,0.0,True,survived,cd0666f565960171def611a2a8d19631e04df5af3f3e567df6ca93a1c6371700,34,28,34,42,0,0,0,0.19848346710205078,0.25436878204345703,0.7426738739013672,,,,,,,,,,,,,,,,29100123,39100123,frozen_task1,reference,coin-heaven,1.0
1,1,_run_plan_04f60cbf81_52367a6622,evaluation,120,120,50,50,50,0,0,0,,0,1,120,0.008333333333333333,True,survived,b21b761d58a76d42f30b6cc3f6c0da94bd9cc48670c19d1d2765dbf5fe1a72b1,37,31,31,21,0,0,0,0.2205371856689453,0.26139020919799805,0.7691383361816406,,,,,,,,,,,,,,,,29100124,39100124,frozen_task1,reference,coin-heaven,1.0
1,1,_run_plan_04f60cbf81_52367a6622,evaluation,400,400,41,41,50,0,0,0,,0,0,400,0.0,True,step_limit,089c82c7765a2138e42323547d156485fe9da984b759a5eac30f4cc25d35006c,23,175,25,177,0,0,0,0.17976760864257812,0.23982524871826152,0.7395744323730469,,,,,,,,,,,,,,,,29100125,39100125,frozen_task1,reference,coin-heaven,0.82
1,1,_run_plan_04f60cbf81_52367a6622,evaluation,400,400,40,40,50,0,0,0,,0,0,400,0.0,True,step_limit,f4252f657ae0c98cf33508e42eb16cb4645afda34563f7e421388f4fb1c7a0d2,175,27,171,27,0,0,0,0.179290771484375,0.24274587631225583,0.7007122039794922,,,,,,,,,,,,,,,,29100126,39100126,frozen_task1,reference,coin-heaven,0.8
1,1,_run_plan_04f60cbf81_52367a6622,evaluation,131,131,50,50,50,0,0,0,,0,0,131,0.0,True,survived,a55eeff961e88a68e7fa994fad1d5f4f9ebac90fcda08950d963ad6e98ca8b4e,24,29,38,40,0,0,0,0.20051002502441406,0.26214122772216797,0.7989406585693359,,,,,,,,,,,,,,,,29100127,39100127,frozen_task1,reference,coin-heaven,1.0
1,1,_run_plan_04f60cbf81_52367a6622,evaluation,130,130,50,50,50,0,0,0,,0,0,130,0.0,True,survived,13840cdaa5683de8b80cab854ce2959f99284f1bd421c08bb3fb0cf1b29926cd,30,37,40,23,0,0,0,0.19943714141845703,0.25637149810791016,0.7548332214355469,,,,,,,,,,,,,,,,29100128,39100128,frozen_task1,reference,coin-heaven,1.0
1,1,_run_plan_04f60cbf81_52367a6622,evaluation,400,400,26,26,50,0,0,0,,0,0,400,0.0,True,step_limit,82464f971a7cc5a3b87337606c5f13588f7b7101414a22961384dfe0e6d3e520,14,186,2,198,0,0,0,0.18835067749023438,0.25162696838378895,0.7483959197998047,,,,,,,,,,,,,,,,29100129,39100129,frozen_task1,reference,coin-heaven,0.52
1,1,_run_plan_04f60cbf81_52367a6622,evaluation,400,400,49,49,50,0,0,0,,0,0,400,0.0,True,step_limit,79a3bd9775497fff470e3701f40c5160cfdeca1760f6ae9f6bc6e8600e46bcf9,36,164,38,162,0,0,0,0.1811981201171875,0.23866891860961914,0.7014274597167969,,,,,,,,,,,,,,,,29100130,39100130,frozen_task1,reference,coin-heaven,0.98
1,1,_run_plan_04f60cbf81_52367a6622,evaluation,400,400,42,42,50,0,0,0,,0,0,400,0.0,True,step_limit,99fa84760f2192c2e430dc5454d196dfdf82678104764d8622f67ffd6e46049d,27,175,15,183,0,0,0,0.18072128295898438,0.23372173309326166,0.7643699645996094,,,,,,,,,,,,,,,,29100131,39100131,frozen_task1,reference,coin-heaven,0.84
1,1,_run_plan_04f60cbf81_52367a6622,evaluation,400,400,20,20,50,0,0,0,,0,1,400,0.0025,True,step_limit,952a6723cf3d2a615b55c76fdf593be371fe0fc63364d8ba0d4acb37908efbc0,190,4,188,18,0,0,0,0.1895427703857422,0.2467989921569824,0.7524490356445312,,,,,,,,,,,,,,,,29100132,39100132,frozen_task1,reference,coin-heaven,0.4
1,1,_run_plan_04f60cbf81_52367a6622,evaluation,400,400,42,42,50,0,0,0,,0,0,400,0.0,True,step_limit,3319be62376f49f4cf920b9d9b1fc7eed098aaed041f5f119b3d4321a5271d02,179,22,177,22,0,0,0,0.20110607147216797,0.2579689025878906,0.7350444793701172,,,,,,,,,,,,,,,,29100133,39100133,frozen_task1,reference,coin-heaven,0.84
1,1,_run_plan_04f60cbf81_52367a6622,evaluation,400,400,11,11,50,0,0,0,,0,0,400,0.0,True,step_limit,dd258b212d22e0716d4ee8a53743be90c3b374818a3235ab82fc1a8bf0e7fdee,195,1,189,15,0,0,0,0.1926422119140625,0.24321079254150388,0.7162094116210938,,,,,,,,,,,,,,,,29100134,39100134,frozen_task1,reference,coin-heaven,0.22
1,1,_run_plan_04f60cbf81_52367a6622,evaluation,400,400,36,36,50,0,0,0,,0,0,400,0.0,True,step_limit,c6bc0bdf90d116b3584fc8168e409bb7ddad46962b88d0474206a96857d0d8c0,22,177,12,189,0,0,0,0.18310546875,0.23614168167114247,0.7507801055908203,,,,,,,,,,,,,,,,29100135,39100135,frozen_task1,reference,coin-heaven,0.72
1,1,_run_plan_04f60cbf81_52367a6622,evaluation,132,132,50,50,50,0,0,0,,0,1,132,0.007575757575757576,True,survived,f0d7e65b8ad55bde49c6f7bffefab7d6ab02415e49b0902e9fff673820ac9799,39,26,29,38,0,0,0,0.20182132720947266,0.2561211585998535,0.7641315460205078,,,,,,,,,,,,,,,,29100136,39100136,frozen_task1,reference,coin-heaven,1.0
1,1,_run_plan_04f60cbf81_52367a6622,evaluation,400,400,17,17,50,0,0,0,,0,1,400,0.0025,True,step_limit,6cd943aeb9704a0127c483a2e760c8a0534bdc49c33148f0a45c579b2e33dcdb,6,189,7,198,0,0,0,0.19049644470214844,0.24110078811645502,0.7467269897460938,,,,,,,,,,,,,,,,29100137,39100137,frozen_task1,reference,coin-heaven,0.34
1,1,_run_plan_04f60cbf81_52367a6622,evaluation,400,400,5,5,50,0,0,0,,0,0,400,0.0,True,step_limit,7beb54f1861f4c1f4f6999ec335274aa0d2c564e3c80bdbc0cdaadbea3bc03bb,199,3,195,3,0,0,0,0.19431114196777344,0.24455785751342757,0.7636547088623047,,,,,,,,,,,,,,,,29100138,39100138,frozen_task1,reference,coin-heaven,0.1
1,1,_run_plan_04f60cbf81_52367a6622,evaluation,400,400,46,46,50,0,0,0,,0,0,400,0.0,True,step_limit,1f29bb0e991c47fda77423c2fa94558da3d1dd96309dbb033109234c1ebc65ee,166,27,178,29,0,0,0,0.18072128295898438,0.24962425231933594,0.7426738739013672,,,,,,,,,,,,,,,,29100139,39100139,frozen_task1,reference,coin-heaven,0.92
1,1,_run_plan_04f60cbf81_52367a6622,evaluation,118,118,50,50,50,0,0,0,,0,1,118,0.00847457627118644,True,survived,3f81919184ec36994f2bdc9e7bc3c5fdd6a78403fac8a1382993ca04e3cae8ae,31,26,22,39,0,0,0,0.2028942108154297,0.24932622909545898,0.7445812225341797,,,,,,,,,,,,,,,,29100140,39100140,frozen_task1,reference,coin-heaven,1.0
1,1,_run_plan_2862e2a89f_52367a6622,evaluation,400,400,0,0,9,0,0,0,,0,0,400,0.0,True,step_limit,c303f71cd32830d4eb7aaa675cbd026054e2784365885cbd946ae463c419fbb1,0,0,0,0,400,0,0,0.8301734924316406,0.9234428405761714,1.4655590057373047,,,,,,,,,,,,,,,,29100001,39100001,untrained,reference,classic,0.0
1,1,_run_plan_2862e2a89f_52367a6622,evaluation,400,400,0,0,9,0,0,0,,0,400,400,1.0,True,step_limit,e100db7421c373a02df4b6f512e80a61352a9d71964006dd853aca0090cd070a,0,0,400,0,0,0,0,1.0943412780761719,1.2212038040161133,1.7862319946289062,,,,,,,,,,,,,,,,29100002,39100002,untrained,reference,classic,0.0
1,1,_run_plan_2862e2a89f_52367a6622,evaluation,400,400,0,0,9,0,0,0,,0,400,400,1.0,True,step_limit,e100db7421c373a02df4b6f512e80a61352a9d71964006dd853aca0090cd070a,0,0,400,0,0,0,0,0.8299350738525391,0.9761810302734374,1.4836788177490234,,,,,,,,,,,,,,,,29100003,39100003,untrained,reference,classic,0.0
1,1,_run_plan_2862e2a89f_52367a6622,evaluation,400,400,0,0,9,0,0,0,,0,400,400,1.0,True,step_limit,e100db7421c373a02df4b6f512e80a61352a9d71964006dd853aca0090cd070a,0,0,400,0,0,0,0,0.8254051208496094,0.9234189987182617,1.4615058898925781,,,,,,,,,,,,,,,,29100004,39100004,untrained,reference,classic,0.0
1,1,_run_plan_2862e2a89f_52367a6622,evaluation,400,400,0,0,9,0,0,0,,0,400,400,1.0,True,step_limit,e100db7421c373a02df4b6f512e80a61352a9d71964006dd853aca0090cd070a,0,0,400,0,0,0,0,1.0923147201538086,1.1954665184020996,1.7392635345458984,,,,,,,,,,,,,,,,29100005,39100005,untrained,reference,classic,0.0
1,1,_run_plan_2862e2a89f_52367a6622,evaluation,400,400,0,0,9,0,0,0,,0,0,400,0.0,True,step_limit,c303f71cd32830d4eb7aaa675cbd026054e2784365885cbd946ae463c419fbb1,0,0,0,0,400,0,0,0.8269548416137695,0.9132862091064452,1.4984607696533203,,,,,,,,,,,,,,,,29100006,39100006,untrained,reference,classic,0.0
1,1,_run_plan_2862e2a89f_52367a6622,evaluation,400,400,0,0,9,0,0,0,,0,400,400,1.0,True,step_limit,e100db7421c373a02df4b6f512e80a61352a9d71964006dd853aca0090cd070a,0,0,400,0,0,0,0,0.8262395858764648,0.9256482124328612,1.5361309051513672,,,,,,,,,,,,,,,,29100007,39100007,untrained,reference,classic,0.0
1,1,_run_plan_2862e2a89f_52367a6622,evaluation,400,400,0,0,9,0,0,0,,0,0,400,0.0,True,step_limit,c303f71cd32830d4eb7aaa675cbd026054e2784365885cbd946ae463c419fbb1,0,0,0,0,400,0,0,0.827789306640625,0.9730100631713867,1.5881061553955078,,,,,,,,,,,,,,,,29100008,39100008,untrained,reference,classic,0.0
1,1,_run_plan_2862e2a89f_52367a6622,evaluation,400,400,0,0,9,0,0,0,,0,0,400,0.0,True,step_limit,c303f71cd32830d4eb7aaa675cbd026054e2784365885cbd946ae463c419fbb1,0,0,0,0,400,0,0,0.9691715240478516,1.067519187927246,1.6498565673828125,,,,,,,,,,,,,,,,29100009,39100009,untrained,reference,classic,0.0
1,1,_run_plan_2862e2a89f_52367a6622,evaluation,400,400,0,0,9,0,0,0,,0,400,400,1.0,True,step_limit,e100db7421c373a02df4b6f512e80a61352a9d71964006dd853aca0090cd070a,0,0,400,0,0,0,0,0.8697509765625,0.9708523750305174,1.5933513641357422,,,,,,,,,,,,,,,,29100010,39100010,untrained,reference,classic,0.0
1,1,_run_plan_2862e2a89f_52367a6622,evaluation,400,400,0,0,9,0,0,0,,0,400,400,1.0,True,step_limit,e100db7421c373a02df4b6f512e80a61352a9d71964006dd853aca0090cd070a,0,0,400,0,0,0,0,1.0914802551269531,1.2065172195434568,1.8334388732910156,,,,,,,,,,,,,,,,29100011,39100011,untrained,reference,classic,0.0
1,1,_run_plan_2862e2a89f_52367a6622,evaluation,400,400,0,0,9,0,0,0,,0,400,400,1.0,True,step_limit,e100db7421c373a02df4b6f512e80a61352a9d71964006dd853aca0090cd070a,0,0,400,0,0,0,0,0.8203983306884766,0.9067535400390625,1.6074180603027344,,,,,,,,,,,,,,,,29100012,39100012,untrained,reference,classic,0.0
1,1,_run_plan_2862e2a89f_52367a6622,evaluation,400,400,0,0,9,0,0,0,,0,400,400,1.0,True,step_limit,e100db7421c373a02df4b6f512e80a61352a9d71964006dd853aca0090cd070a,0,0,400,0,0,0,0,0.8232593536376953,0.9166717529296873,1.4717578887939453,,,,,,,,,,,,,,,,29100013,39100013,untrained,reference,classic,0.0
1,1,_run_plan_2862e2a89f_52367a6622,evaluation,400,400,0,0,9,0,0,0,,0,400,400,1.0,True,step_limit,e100db7421c373a02df4b6f512e80a61352a9d71964006dd853aca0090cd070a,0,0,400,0,0,0,0,1.104593276977539,1.2405395507812498,1.795053482055664,,,,,,,,,,,,,,,,29100014,39100014,untrained,reference,classic,0.0
1,1,_run_plan_2862e2a89f_52367a6622,evaluation,400,400,0,0,9,0,0,0,,0,400,400,1.0,True,step_limit,e100db7421c373a02df4b6f512e80a61352a9d71964006dd853aca0090cd070a,0,0,400,0,0,0,0,0.8232593536376953,0.9368181228637694,1.483917236328125,,,,,,,,,,,,,,,,29100015,39100015,untrained,reference,classic,0.0
1,1,_run_plan_2862e2a89f_52367a6622,evaluation,400,400,0,0,9,0,0,0,,0,400,400,1.0,True,step_limit,e100db7421c373a02df4b6f512e80a61352a9d71964006dd853aca0090cd070a,0,0,400,0,0,0,0,0.8187294006347656,0.9268641471862792,1.476287841796875,,,,,,,,,,,,,,,,29100016,39100016,untrained,reference,classic,0.0
1,1,_run_plan_2862e2a89f_52367a6622,evaluation,400,400,0,0,9,0,0,0,,0,400,400,1.0,True,step_limit,e100db7421c373a02df4b6f512e80a61352a9d71964006dd853aca0090cd070a,0,0,400,0,0,0,0,0.9729862213134766,1.0933995246887207,1.6827583312988281,,,,,,,,,,,,,,,,29100017,39100017,untrained,reference,classic,0.0
1,1,_run_plan_2862e2a89f_52367a6622,evaluation,400,400,0,0,9,0,0,0,,0,400,400,1.0,True,step_limit,e100db7421c373a02df4b6f512e80a61352a9d71964006dd853aca0090cd070a,0,0,400,0,0,0,0,0.9765625,1.087188720703125,1.6522407531738281,,,,,,,,,,,,,,,,29100018,39100018,untrained,reference,classic,0.0
1,1,_run_plan_2862e2a89f_52367a6622,evaluation,400,400,0,0,9,0,0,0,,0,400,400,1.0,True,step_limit,e100db7421c373a02df4b6f512e80a61352a9d71964006dd853aca0090cd070a,0,0,400,0,0,0,0,1.0950565338134766,1.2441992759704588,1.7931461334228516,,,,,,,,,,,,,,,,29100019,39100019,untrained,reference,classic,0.0
1,1,_run_plan_2862e2a89f_52367a6622,evaluation,400,400,0,0,9,0,0,0,,0,400,400,1.0,True,step_limit,e100db7421c373a02df4b6f512e80a61352a9d71964006dd853aca0090cd070a,0,0,400,0,0,0,0,0.8262395858764648,0.9269952774047852,1.497030258178711,,,,,,,,,,,,,,,,29100020,39100020,untrained,reference,classic,0.0
1,1,_run_plan_2862e2a89f_52367a6622,evaluation,400,400,0,0,9,0,0,0,,0,0,400,0.0,True,step_limit,c303f71cd32830d4eb7aaa675cbd026054e2784365885cbd946ae463c419fbb1,0,0,0,0,400,0,0,0.8208751678466797,0.912940502166748,1.4882087707519531,,,,,,,,,,,,,,,,29100021,39100021,untrained,reference,classic,0.0
1,1,_run_plan_2862e2a89f_52367a6622,evaluation,400,400,0,0,9,0,0,0,,0,400,400,1.0,True,step_limit,e100db7421c373a02df4b6f512e80a61352a9d71964006dd853aca0090cd070a,0,0,400,0,0,0,0,0.9658336639404297,1.0694742202758787,1.6672611236572266,,,,,,,,,,,,,,,,29100022,39100022,untrained,reference,classic,0.0
1,1,_run_plan_2862e2a89f_52367a6622,evaluation,400,400,0,0,9,0,0,0,,0,400,400,1.0,True,step_limit,e100db7421c373a02df4b6f512e80a61352a9d71964006dd853aca0090cd070a,0,0,400,0,0,0,0,1.0921955108642578,1.215815544128418,1.7867088317871094,,,,,,,,,,,,,,,,29100023,39100023,untrained,reference,classic,0.0
1,1,_run_plan_2862e2a89f_52367a6622,evaluation,400,400,0,0,9,0,0,0,,0,0,400,0.0,True,step_limit,c303f71cd32830d4eb7aaa675cbd026054e2784365885cbd946ae463c419fbb1,0,0,0,0,400,0,0,1.1179447174072266,1.2386798858642578,1.7948150634765625,,,,,,,,,,,,,,,,29100024,39100024,untrained,reference,classic,0.0
1,1,_run_plan_2862e2a89f_52367a6622,evaluation,400,400,0,0,9,0,0,0,,0,0,400,0.0,True,step_limit,c303f71cd32830d4eb7aaa675cbd026054e2784365885cbd946ae463c419fbb1,0,0,0,0,400,0,0,0.8265972137451172,0.915062427520752,1.5113353729248047,,,,,,,,,,,,,,,,29100025,39100025,untrained,reference,classic,0.0
1,1,_run_plan_2862e2a89f_52367a6622,evaluation,400,400,0,0,9,0,0,0,,0,0,400,0.0,True,step_limit,c303f71cd32830d4eb7aaa675cbd026054e2784365885cbd946ae463c419fbb1,0,0,0,0,400,0,0,1.0325908660888672,1.1474847793579097,1.7745494842529297,,,,,,,,,,,,,,,,29100026,39100026,untrained,reference,classic,0.0
1,1,_run_plan_2862e2a89f_52367a6622,evaluation,400,400,0,0,9,0,0,0,,0,0,400,0.0,True,step_limit,c303f71cd32830d4eb7aaa675cbd026054e2784365885cbd946ae463c419fbb1,0,0,0,0,400,0,0,0.9667873382568359,1.0677695274353025,1.6279220581054688,,,,,,,,,,,,,,,,29100027,39100027,untrained,reference,classic,0.0
1,1,_run_plan_2862e2a89f_52367a6622,evaluation,400,400,0,0,9,0,0,0,,0,400,400,1.0,True,step_limit,e100db7421c373a02df4b6f512e80a61352a9d71964006dd853aca0090cd070a,0,0,400,0,0,0,0,0.8234977722167969,0.9079337120056152,1.5289783477783203,,,,,,,,,,,,,,,,29100028,39100028,untrained,reference,classic,0.0
1,1,_run_plan_2862e2a89f_52367a6622,evaluation,400,400,0,0,9,0,0,0,,0,0,400,0.0,True,step_limit,c303f71cd32830d4eb7aaa675cbd026054e2784365885cbd946ae463c419fbb1,0,0,0,0,400,0,0,0.8207559585571289,0.9084701538085936,1.447439193725586,,,,,,,,,,,,,,,,29100029,39100029,untrained,reference,classic,0.0
1,1,_run_plan_2862e2a89f_52367a6622,evaluation,400,400,0,0,9,0,0,0,,0,0,400,0.0,True,step_limit,c303f71cd32830d4eb7aaa675cbd026054e2784365885cbd946ae463c419fbb1,0,0,0,0,400,0,0,0.8311271667480469,0.9252071380615231,1.5375614166259766,,,,,,,,,,,,,,,,29100030,39100030,untrained,reference,classic,0.0
1,1,_run_plan_2862e2a89f_52367a6622,evaluation,400,400,0,0,9,0,0,0,,0,0,400,0.0,True,step_limit,c303f71cd32830d4eb7aaa675cbd026054e2784365885cbd946ae463c419fbb1,0,0,0,0,400,0,0,0.9732246398925781,1.0974049568176267,1.6744136810302734,,,,,,,,,,,,,,,,29100031,39100031,untrained,reference,classic,0.0
1,1,_run_plan_2862e2a89f_52367a6622,evaluation,400,400,0,0,9,0,0,0,,0,0,400,0.0,True,step_limit,c303f71cd32830d4eb7aaa675cbd026054e2784365885cbd946ae463c419fbb1,0,0,0,0,400,0,0,0.8273124694824219,0.9271740913391109,1.4786720275878906,,,,,,,,,,,,,,,,29100032,39100032,untrained,reference,classic,0.0
1,1,_run_plan_2862e2a89f_52367a6622,evaluation,400,400,0,0,9,0,0,0,,0,0,400,0.0,True,step_limit,c303f71cd32830d4eb7aaa675cbd026054e2784365885cbd946ae463c419fbb1,0,0,0,0,400,0,0,0.8318424224853516,0.9413957595825194,1.535177230834961,,,,,,,,,,,,,,,,29100033,39100033,untrained,reference,classic,0.0
1,1,_run_plan_2862e2a89f_52367a6622,evaluation,400,400,0,0,9,0,0,0,,0,400,400,1.0,True,step_limit,e100db7421c373a02df4b6f512e80a61352a9d71964006dd853aca0090cd070a,0,0,400,0,0,0,0,0.8227825164794922,0.915849208831787,1.4612674713134766,,,,,,,,,,,,,,,,29100034,39100034,untrained,reference,classic,0.0
1,1,_run_plan_2862e2a89f_52367a6622,evaluation,400,400,0,0,9,0,0,0,,0,400,400,1.0,True,step_limit,e100db7421c373a02df4b6f512e80a61352a9d71964006dd853aca0090cd070a,0,0,400,0,0,0,0,1.0721683502197266,1.1911988258361816,1.7244815826416016,,,,,,,,,,,,,,,,29100035,39100035,untrained,reference,classic,0.0
1,1,_run_plan_2862e2a89f_52367a6622,evaluation,400,400,0,0,9,0,0,0,,0,0,400,0.0,True,step_limit,c303f71cd32830d4eb7aaa675cbd026054e2784365885cbd946ae463c419fbb1,0,0,0,0,400,0,0,0.8203983306884766,0.9256958961486815,1.4729499816894531,,,,,,,,,,,,,,,,29100036,39100036,untrained,reference,classic,0.0
1,1,_run_plan_2862e2a89f_52367a6622,evaluation,400,400,0,0,9,0,0,0,,0,400,400,1.0,True,step_limit,e100db7421c373a02df4b6f512e80a61352a9d71964006dd853aca0090cd070a,0,0,400,0,0,0,0,0.9682178497314453,1.0744810104370115,1.6453266143798828,,,,,,,,,,,,,,,,29100037,39100037,untrained,reference,classic,0.0
1,1,_run_plan_2862e2a89f_52367a6622,evaluation,400,400,0,0,9,0,0,0,,0,0,400,0.0,True,step_limit,c303f71cd32830d4eb7aaa675cbd026054e2784365885cbd946ae463c419fbb1,0,0,0,0,400,0,0,0.8244514465332031,0.9321689605712885,1.5060901641845703,,,,,,,,,,,,,,,,29100038,39100038,untrained,reference,classic,0.0
1,1,_run_plan_2862e2a89f_52367a6622,evaluation,400,400,0,0,9,0,0,0,,0,400,400,1.0,True,step_limit,e100db7421c373a02df4b6f512e80a61352a9d71964006dd853aca0090cd070a,0,0,400,0,0,0,0,0.8243322372436523,0.9197354316711425,1.5201568603515625,,,,,,,,,,,,,,,,29100039,39100039,untrained,reference,classic,0.0
1,1,_run_plan_2862e2a89f_52367a6622,evaluation,400,400,0,0,9,0,0,0,,0,400,400,1.0,True,step_limit,e100db7421c373a02df4b6f512e80a61352a9d71964006dd853aca0090cd070a,0,0,400,0,0,0,0,0.8294582366943359,0.9282231330871582,1.5876293182373047,,,,,,,,,,,,,,,,29100040,39100040,untrained,reference,classic,0.0
1,1,_run_plan_2862e2a89f_52367a6622,evaluation,127,127,50,50,50,0,0,0,,0,0,127,0.0,True,survived,0f4885677f937c96808e292d26ca94b3191a210b6a6bb4522230e4b9d38f5320,35,35,35,21,1,0,0,6.450414657592773,11.615991592407227,12.420415878295898,,,,,,,,,,,,,,,,29100101,39100101,untrained,reference,coin-heaven,1.0
1,1,_run_plan_2862e2a89f_52367a6622,evaluation,400,400,49,49,50,0,0,0,,0,0,400,0.0,True,step_limit,c1821059bfff342fbd1a1e32eed8e746049d560e31be69b9531ccbe67ea827a0,171,24,175,30,0,0,0,7.671833038330078,12.173569202423096,13.36669921875,,,,,,,,,,,,,,,,29100102,39100102,untrained,reference,coin-heaven,0.98
1,1,_run_plan_2862e2a89f_52367a6622,evaluation,400,400,38,38,50,0,0,0,,0,0,400,0.0,True,step_limit,2d1d02f94db19355b08d5149af2fb5125dcd305179f670e5421155697cbd1b76,180,23,184,13,0,0,0,7.924556732177734,11.71287298202514,13.984441757202148,,,,,,,,,,,,,,,,29100103,39100103,untrained,reference,coin-heaven,0.76
1,1,_run_plan_2862e2a89f_52367a6622,evaluation,400,400,41,41,50,0,0,0,,0,0,400,0.0,True,step_limit,e0f03787ef54a247ecaf8f061de8e65879194c35913cc9ef740936c11f49f64a,176,14,184,26,0,0,0,7.183551788330078,11.666834354400635,14.749765396118164,,,,,,,,,,,,,,,,29100104,39100104,untrained,reference,coin-heaven,0.82
1,1,_run_plan_2862e2a89f_52367a6622,evaluation,400,400,34,34,50,0,0,0,,0,0,400,0.0,True,step_limit,4b76a1a107ddcbd1d837ca103ea5a8fc541a9e3e389d87a9ee6eeb2370ca9dab,23,179,17,181,0,0,0,7.49969482421875,11.274337768554684,12.39919662475586,,,,,,,,,,,,,,,,29100105,39100105,untrained,reference,coin-heaven,0.68
1,1,_run_plan_2862e2a89f_52367a6622,evaluation,130,130,50,50,50,0,0,0,,0,0,130,0.0,True,survived,857ec53b9684b38283cef629e046337a25aa3f875e0c9917ad008bc4986a4571,33,25,42,29,1,0,0,7.115364074707031,12.16742992401123,12.801647186279297,,,,,,,,,,,,,,,,29100106,39100106,untrained,reference,coin-heaven,1.0
1,1,_run_plan_2862e2a89f_52367a6622,evaluation,130,130,50,50,50,0,0,0,,0,0,130,0.0,True,survived,71972568ece063163a78abf8d8d4b7c562ad6a88bcf20c0699a15a73f6c908f9,26,43,31,29,1,0,0,6.62541389465332,11.70109510421753,12.415409088134766,,,,,,,,,,,,,,,,29100107,39100107,untrained,reference,coin-heaven,1.0
1,1,_run_plan_2862e2a89f_52367a6622,evaluation,127,127,50,50,50,0,0,0,,0,0,127,0.0,True,survived,79b324717fab494b82588582f13f888b1eafb1c069276c90e1edce3e6be10c1e,31,40,24,32,0,0,0,6.403684616088867,11.67287826538086,12.361526489257812,,,,,,,,,,,,,,,,29100108,39100108,untrained,reference,coin-heaven,1.0
1,1,_run_plan_2862e2a89f_52367a6622,evaluation,120,120,50,50,50,0,0,0,,0,0,120,0.0,True,survived,5560dfa6a9efc8198233d74924f356252a3c58053f64d059cdf0e3232cb7dd5c,41,23,33,23,0,0,0,6.462216377258301,11.9040846824646,13.427257537841797,,,,,,,,,,,,,,,,29100109,39100109,untrained,reference,coin-heaven,1.0
1,1,_run_plan_2862e2a89f_52367a6622,evaluation,131,131,50,50,50,0,0,0,,0,0,131,0.0,True,survived,cabdb5857411352e2baa932f0f808cf97ccb9465a341fdcaeec657baf1be588c,34,32,29,36,0,0,0,6.579875946044922,12.225747108459473,12.801885604858398,,,,,,,,,,,,,,,,29100110,39100110,untrained,reference,coin-heaven,1.0
1,1,_run_plan_2862e2a89f_52367a6622,evaluation,400,400,28,28,50,0,0,0,,0,1,400,0.0025,True,step_limit,471b0fb36db05573cc91341ecd4e10aacff1d47693e104feee08296f03e8fbd7,195,6,185,14,0,0,0,7.94827938079834,11.43515110015869,16.31641387939453,,,,,,,,,,,,,,,,29100111,39100111,untrained,reference,coin-heaven,0.56
1,1,_run_plan_2862e2a89f_52367a6622,evaluation,400,400,32,32,50,0,0,0,,0,0,400,0.0,True,step_limit,2842399e671f0f2a7575d057d3c15d43df7d6ef1ed906b9a2866460912653bc9,24,187,10,179,0,0,0,6.549596786499023,8.843040466308569,12.44974136352539,,,,,,,,,,,,,,,,29100112,39100112,untrained,reference,coin-heaven,0.64
1,1,_run_plan_2862e2a89f_52367a6622,evaluation,400,400,47,47,50,0,0,0,,0,0,400,0.0,True,step_limit,5c4f80fec6b69cde4f79bcdc76d82de5a64dad6c5c264097b0fdff9f7826bcae,171,24,182,22,1,0,0,6.456613540649414,10.584473609924315,12.23444938659668,,,,,,,,,,,,,,,,29100113,39100113,untrained,reference,coin-heaven,0.94
1,1,_run_plan_2862e2a89f_52367a6622,evaluation,400,400,28,28,50,0,0,0,,0,0,400,0.0,True,step_limit,f44262121255ccec213346f4defcc5524679081eca79cf52dfdffbbd63c73143,18,189,8,185,0,0,0,7.069826126098633,11.749207973480221,13.231277465820312,,,,,,,,,,,,,,,,29100114,39100114,untrained,reference,coin-heaven,0.56
1,1,_run_plan_2862e2a89f_52367a6622,evaluation,400,400,3,3,50,0,0,0,,0,1,400,0.0025,True,step_limit,84c82501225c8fae6b3a1cfddf513b8de492efd29f15f4362d9d5b7b8d0f8f2b,199,2,197,2,0,0,0,5.236029624938965,6.626915931701659,9.13858413696289,,,,,,,,,,,,,,,,29100115,39100115,untrained,reference,coin-heaven,0.06
1,1,_run_plan_2862e2a89f_52367a6622,evaluation,400,400,17,17,50,0,0,0,,0,0,400,0.0,True,step_limit,666782d6dc0a63ea71ca434b20c0ddda1105f505f9f88f09c882107253c1ffc4,4,194,4,198,0,0,0,6.029844284057617,6.982851028442383,11.843442916870117,,,,,,,,,,,,,,,,29100116,39100116,untrained,reference,coin-heaven,0.34
1,1,_run_plan_2862e2a89f_52367a6622,evaluation,146,146,50,50,50,0,0,0,,0,0,146,0.0,True,survived,d070d5e131a752869214a7fc71cfc6c48804474fc11bb4e235dcf20d9e3928a7,31,35,45,35,0,0,0,6.456851959228516,12.24362850189209,13.198137283325195,,,,,,,,,,,,,,,,29100117,39100117,untrained,reference,coin-heaven,1.0
1,1,_run_plan_2862e2a89f_52367a6622,evaluation,400,400,48,48,50,0,0,0,,0,0,400,0.0,True,step_limit,40331fe026b937e643fe1906cd67ee66875c765c94e7c575f65f782dd56bf0df,164,36,173,26,1,0,0,7.3288679122924805,11.869454383850096,13.384342193603516,,,,,,,,,,,,,,,,29100118,39100118,untrained,reference,coin-heaven,0.96
1,1,_run_plan_2862e2a89f_52367a6622,evaluation,400,400,48,48,50,0,0,0,,0,0,400,0.0,True,step_limit,19a5cba6e66c43649424f65df9fcc5879cf6530baf7ec1d1ef421c354b279b8b,168,29,179,23,1,0,0,7.250070571899414,12.13186979293823,13.227224349975586,,,,,,,,,,,,,,,,29100119,39100119,untrained,reference,coin-heaven,0.96
1,1,_run_plan_2862e2a89f_52367a6622,evaluation,400,400,38,38,50,0,0,0,,0,0,400,0.0,True,step_limit,92e56b000d0327e4a02a8c821d855a7d99cf729ee2d8d7dedb467c3258bf107d,175,16,182,26,1,0,0,7.601141929626465,12.116289138793944,13.535261154174805,,,,,,,,,,,,,,,,29100120,39100120,untrained,reference,coin-heaven,0.76
1,1,_run_plan_2862e2a89f_52367a6622,evaluation,400,400,9,9,50,0,0,0,,0,0,400,0.0,True,step_limit,24e9ccc3e4744baee1993c6bf95e0da31add9e24deb08bc68e586a6033a0398e,2,192,2,204,0,0,0,5.242109298706055,5.762004852294922,10.117530822753906,,,,,,,,,,,,,,,,29100121,39100121,untrained,reference,coin-heaven,0.18
1,1,_run_plan_2862e2a89f_52367a6622,evaluation,400,400,45,45,50,0,0,0,,0,1,400,0.0025,True,step_limit,033a54bc6c6ae05a61140fbdc313c00fbe389b0e0f44838758f742ae7b4b9da1,173,33,171,23,0,0,0,7.3844194412231445,12.078630924224852,13.76485824584961,,,,,,,,,,,,,,,,29100122,39100122,untrained,reference,coin-heaven,0.9
1,1,_run_plan_2862e2a89f_52367a6622,evaluation,138,138,50,50,50,0,0,0,,0,0,138,0.0,True,survived,cd0666f565960171def611a2a8d19631e04df5af3f3e567df6ca93a1c6371700,34,28,34,42,0,0,0,6.753206253051758,12.30548620223999,12.736320495605469,,,,,,,,,,,,,,,,29100123,39100123,untrained,reference,coin-heaven,1.0
1,1,_run_plan_2862e2a89f_52367a6622,evaluation,120,120,50,50,50,0,0,0,,0,1,120,0.008333333333333333,True,survived,b21b761d58a76d42f30b6cc3f6c0da94bd9cc48670c19d1d2765dbf5fe1a72b1,37,31,31,21,0,0,0,6.441593170166016,11.791789531707764,12.953758239746094,,,,,,,,,,,,,,,,29100124,39100124,untrained,reference,coin-heaven,1.0
1,1,_run_plan_2862e2a89f_52367a6622,evaluation,400,400,41,41,50,0,0,0,,0,0,400,0.0,True,step_limit,089c82c7765a2138e42323547d156485fe9da984b759a5eac30f4cc25d35006c,23,175,25,177,0,0,0,6.929993629455566,10.161352157592772,13.451337814331055,,,,,,,,,,,,,,,,29100125,39100125,untrained,reference,coin-heaven,0.82
1,1,_run_plan_2862e2a89f_52367a6622,evaluation,400,400,40,40,50,0,0,0,,0,0,400,0.0,True,step_limit,f4252f657ae0c98cf33508e42eb16cb4645afda34563f7e421388f4fb1c7a0d2,175,27,171,27,0,0,0,5.994200706481934,9.728598594665526,12.156009674072266,,,,,,,,,,,,,,,,29100126,39100126,untrained,reference,coin-heaven,0.8
1,1,_run_plan_2862e2a89f_52367a6622,evaluation,131,131,50,50,50,0,0,0,,0,0,131,0.0,True,survived,a55eeff961e88a68e7fa994fad1d5f4f9ebac90fcda08950d963ad6e98ca8b4e,24,29,38,40,0,0,0,6.347894668579102,11.653423309326172,13.735532760620117,,,,,,,,,,,,,,,,29100127,39100127,untrained,reference,coin-heaven,1.0
1,1,_run_plan_2862e2a89f_52367a6622,evaluation,130,130,50,50,50,0,0,0,,0,0,130,0.0,True,survived,13840cdaa5683de8b80cab854ce2959f99284f1bd421c08bb3fb0cf1b29926cd,30,37,40,23,0,0,0,6.986498832702637,12.348854541778564,13.71455192565918,,,,,,,,,,,,,,,,29100128,39100128,untrained,reference,coin-heaven,1.0
1,1,_run_plan_2862e2a89f_52367a6622,evaluation,400,400,26,26,50,0,0,0,,0,0,400,0.0,True,step_limit,82464f971a7cc5a3b87337606c5f13588f7b7101414a22961384dfe0e6d3e520,14,186,2,198,0,0,0,6.576418876647949,9.582042694091797,12.344837188720703,,,,,,,,,,,,,,,,29100129,39100129,untrained,reference,coin-heaven,0.52
1,1,_run_plan_2862e2a89f_52367a6622,evaluation,400,400,49,49,50,0,0,0,,0,0,400,0.0,True,step_limit,79a3bd9775497fff470e3701f40c5160cfdeca1760f6ae9f6bc6e8600e46bcf9,36,164,38,162,0,0,0,6.426692008972168,10.418605804443356,12.685298919677734,,,,,,,,,,,,,,,,29100130,39100130,untrained,reference,coin-heaven,0.98
1,1,_run_plan_2862e2a89f_52367a6622,evaluation,400,400,42,42,50,0,0,0,,0,0,400,0.0,True,step_limit,99fa84760f2192c2e430dc5454d196dfdf82678104764d8622f67ffd6e46049d,27,175,15,183,0,0,0,6.825923919677734,11.292970180511473,12.715578079223633,,,,,,,,,,,,,,,,29100131,39100131,untrained,reference,coin-heaven,0.84
1,1,_run_plan_2862e2a89f_52367a6622,evaluation,400,400,20,20,50,0,0,0,,0,1,400,0.0025,True,step_limit,952a6723cf3d2a615b55c76fdf593be371fe0fc63364d8ba0d4acb37908efbc0,190,4,188,18,0,0,0,6.027102470397949,6.952476501464841,12.633562088012695,,,,,,,,,,,,,,,,29100132,39100132,untrained,reference,coin-heaven,0.4
1,1,_run_plan_2862e2a89f_52367a6622,evaluation,400,400,42,42,50,0,0,0,,0,0,400,0.0,True,step_limit,3319be62376f49f4cf920b9d9b1fc7eed098aaed041f5f119b3d4321a5271d02,179,22,177,22,0,0,0,5.2318572998046875,9.026551246643042,12.259244918823242,,,,,,,,,,,,,,,,29100133,39100133,untrained,reference,coin-heaven,0.84
1,1,_run_plan_2862e2a89f_52367a6622,evaluation,400,400,11,11,50,0,0,0,,0,0,400,0.0,True,step_limit,dd258b212d22e0716d4ee8a53743be90c3b374818a3235ab82fc1a8bf0e7fdee,195,1,189,15,0,0,0,5.5675506591796875,6.847214698791504,12.235164642333984,,,,,,,,,,,,,,,,29100134,39100134,untrained,reference,coin-heaven,0.22
1,1,_run_plan_2862e2a89f_52367a6622,evaluation,400,400,36,36,50,0,0,0,,0,0,400,0.0,True,step_limit,c6bc0bdf90d116b3584fc8168e409bb7ddad46962b88d0474206a96857d0d8c0,22,177,12,189,0,0,0,6.8787336349487305,11.007118225097653,12.981414794921875,,,,,,,,,,,,,,,,29100135,39100135,untrained,reference,coin-heaven,0.72
1,1,_run_plan_2862e2a89f_52367a6622,evaluation,132,132,50,50,50,0,0,0,,0,1,132,0.007575757575757576,True,survived,f0d7e65b8ad55bde49c6f7bffefab7d6ab02415e49b0902e9fff673820ac9799,39,26,29,38,0,0,0,6.473183631896973,11.776578426361084,12.85552978515625,,,,,,,,,,,,,,,,29100136,39100136,untrained,reference,coin-heaven,1.0
1,1,_run_plan_2862e2a89f_52367a6622,evaluation,400,400,17,17,50,0,0,0,,0,1,400,0.0025,True,step_limit,6cd943aeb9704a0127c483a2e760c8a0534bdc49c33148f0a45c579b2e33dcdb,6,189,7,198,0,0,0,6.075620651245117,6.86105489730835,12.631416320800781,,,,,,,,,,,,,,,,29100137,39100137,untrained,reference,coin-heaven,0.34
1,1,_run_plan_2862e2a89f_52367a6622,evaluation,400,400,5,5,50,0,0,0,,0,0,400,0.0,True,step_limit,7beb54f1861f4c1f4f6999ec335274aa0d2c564e3c80bdbc0cdaadbea3bc03bb,199,3,195,3,0,0,0,5.8612823486328125,6.734323501586914,9.871244430541992,,,,,,,,,,,,,,,,29100138,39100138,untrained,reference,coin-heaven,0.1
1,1,_run_plan_2862e2a89f_52367a6622,evaluation,400,400,46,46,50,0,0,0,,0,0,400,0.0,True,step_limit,1f29bb0e991c47fda77423c2fa94558da3d1dd96309dbb033109234c1ebc65ee,166,27,178,29,0,0,0,7.064342498779297,10.336613655090327,12.448787689208984,,,,,,,,,,,,,,,,29100139,39100139,untrained,reference,coin-heaven,0.92
1,1,_run_plan_2862e2a89f_52367a6622,evaluation,118,118,50,50,50,0,0,0,,0,1,118,0.00847457627118644,True,survived,3f81919184ec36994f2bdc9e7bc3c5fdd6a78403fac8a1382993ca04e3cae8ae,31,26,22,39,0,0,0,6.702542304992676,12.183654308319092,13.843774795532227,,,,,,,,,,,,,,,,29100140,39100140,untrained,reference,coin-heaven,1.0
1,1,_run_plan_2862e2a89f_52367a6622,evaluation,400,400,0,0,50,0,0,0,,0,400,400,1.0,True,step_limit,e100db7421c373a02df4b6f512e80a61352a9d71964006dd853aca0090cd070a,0,0,400,0,0,0,0,0.8251667022705078,0.9261250495910641,1.4755725860595703,,,,,,,,,,,,,,,,29100201,39100201,untrained,reference,loot-crate,0.0
1,1,_run_plan_2862e2a89f_52367a6622,evaluation,400,400,0,0,50,0,0,0,,0,400,400,1.0,True,step_limit,e100db7421c373a02df4b6f512e80a61352a9d71964006dd853aca0090cd070a,0,0,400,0,0,0,0,1.1937618255615234,1.323020458221435,2.6912689208984375,,,,,,,,,,,,,,,,29100202,39100202,untrained,reference,loot-crate,0.0
1,1,_run_plan_2862e2a89f_52367a6622,evaluation,400,400,0,0,50,0,0,0,,0,400,400,1.0,True,step_limit,e100db7421c373a02df4b6f512e80a61352a9d71964006dd853aca0090cd070a,0,0,400,0,0,0,0,1.161813735961914,1.3164281845092771,1.863241195678711,,,,,,,,,,,,,,,,29100203,39100203,untrained,reference,loot-crate,0.0
1,1,_run_plan_2862e2a89f_52367a6622,evaluation,400,400,0,0,50,0,0,0,,0,400,400,1.0,True,step_limit,e100db7421c373a02df4b6f512e80a61352a9d71964006dd853aca0090cd070a,0,0,400,0,0,0,0,0.9713172912597656,1.0634660720825195,1.67083740234375,,,,,,,,,,,,,,,,29100204,39100204,untrained,reference,loot-crate,0.0
1,1,_run_plan_2862e2a89f_52367a6622,evaluation,400,400,0,0,50,0,0,0,,0,400,400,1.0,True,step_limit,e100db7421c373a02df4b6f512e80a61352a9d71964006dd853aca0090cd070a,0,0,400,0,0,0,0,0.9655952453613281,1.0757446289062496,1.6331672668457031,,,,,,,,,,,,,,,,29100205,39100205,untrained,reference,loot-crate,0.0
1,1,_run_plan_2862e2a89f_52367a6622,evaluation,400,400,0,0,50,0,0,0,,0,400,400,1.0,True,step_limit,e100db7421c373a02df4b6f512e80a61352a9d71964006dd853aca0090cd070a,0,0,400,0,0,0,0,0.8280277252197266,0.9231686592102051,1.4829635620117188,,,,,,,,,,,,,,,,29100206,39100206,untrained,reference,loot-crate,0.0
1,1,_run_plan_2862e2a89f_52367a6622,evaluation,400,400,0,0,50,0,0,0,,0,0,400,0.0,True,step_limit,c303f71cd32830d4eb7aaa675cbd026054e2784365885cbd946ae463c419fbb1,0,0,0,0,400,0,0,0.8399486541748047,0.9350895881652832,1.5451908111572266,,,,,,,,,,,,,,,,29100207,39100207,untrained,reference,loot-crate,0.0
1,1,_run_plan_2862e2a89f_52367a6622,evaluation,400,400,0,0,50,0,0,0,,0,0,400,0.0,True,step_limit,c303f71cd32830d4eb7aaa675cbd026054e2784365885cbd946ae463c419fbb1,0,0,0,0,400,0,0,0.9763240814208984,1.117277145385742,1.7249584197998047,,,,,,,,,,,,,,,,29100208,39100208,untrained,reference,loot-crate,0.0
1,1,_run_plan_2862e2a89f_52367a6622,evaluation,400,400,0,0,50,0,0,0,,0,0,400,0.0,True,step_limit,c303f71cd32830d4eb7aaa675cbd026054e2784365885cbd946ae463c419fbb1,0,0,0,0,400,0,0,0.8242130279541016,0.9257197380065917,1.5087127685546875,,,,,,,,,,,,,,,,29100209,39100209,untrained,reference,loot-crate,0.0
1,1,_run_plan_2862e2a89f_52367a6622,evaluation,400,400,0,0,50,0,0,0,,0,0,400,0.0,True,step_limit,c303f71cd32830d4eb7aaa675cbd026054e2784365885cbd946ae463c419fbb1,0,0,0,0,400,0,0,0.9706020355224609,1.0851502418518066,1.6796588897705078,,,,,,,,,,,,,,,,29100210,39100210,untrained,reference,loot-crate,0.0
1,1,_run_plan_2862e2a89f_52367a6622,evaluation,400,400,0,0,50,0,0,0,,0,0,400,0.0,True,step_limit,c303f71cd32830d4eb7aaa675cbd026054e2784365885cbd946ae463c419fbb1,0,0,0,0,400,0,0,0.8313655853271484,0.9408950805664061,1.5232563018798828,,,,,,,,,,,,,,,,29100211,39100211,untrained,reference,loot-crate,0.0
1,1,_run_plan_2862e2a89f_52367a6622,evaluation,400,400,0,0,50,0,0,0,,0,400,400,1.0,True,step_limit,e100db7421c373a02df4b6f512e80a61352a9d71964006dd853aca0090cd070a,0,0,400,0,0,0,0,0.8254051208496094,0.9419202804565429,1.5130043029785156,,,,,,,,,,,,,,,,29100212,39100212,untrained,reference,loot-crate,0.0
1,1,_run_plan_2862e2a89f_52367a6622,evaluation,400,400,0,0,50,0,0,0,,0,400,400,1.0,True,step_limit,e100db7421c373a02df4b6f512e80a61352a9d71964006dd853aca0090cd070a,0,0,400,0,0,0,0,0.9815692901611328,1.1105418205261228,1.7094612121582031,,,,,,,,,,,,,,,,29100213,39100213,untrained,reference,loot-crate,0.0
1,1,_run_plan_2862e2a89f_52367a6622,evaluation,400,400,0,0,50,0,0,0,,0,400,400,1.0,True,step_limit,e100db7421c373a02df4b6f512e80a61352a9d71964006dd853aca0090cd070a,0,0,400,0,0,0,0,0.8274316787719727,0.9569168090820311,1.4848709106445312,,,,,,,,,,,,,,,,29100214,39100214,untrained,reference,loot-crate,0.0
1,1,_run_plan_2862e2a89f_52367a6622,evaluation,400,400,0,0,50,0,0,0,,0,0,400,0.0,True,step_limit,c303f71cd32830d4eb7aaa675cbd026054e2784365885cbd946ae463c419fbb1,0,0,0,0,400,0,0,0.9707212448120117,1.077604293823242,1.7464160919189453,,,,,,,,,,,,,,,,29100215,39100215,untrained,reference,loot-crate,0.0
1,1,_run_plan_2862e2a89f_52367a6622,evaluation,400,400,0,0,50,0,0,0,,0,400,400,1.0,True,step_limit,e100db7421c373a02df4b6f512e80a61352a9d71964006dd853aca0090cd070a,0,0,400,0,0,0,0,0.9739398956298828,1.1071085929870603,1.6317367553710938,,,,,,,,,,,,,,,,29100216,39100216,untrained,reference,loot-crate,0.0
1,1,_run_plan_2862e2a89f_52367a6622,evaluation,400,400,0,0,50,0,0,0,,0,400,400,1.0,True,step_limit,e100db7421c373a02df4b6f512e80a61352a9d71964006dd853aca0090cd070a,0,0,400,0,0,0,0,0.8304119110107422,0.9210348129272461,1.5075206756591797,,,,,,,,,,,,,,,,29100217,39100217,untrained,reference,loot-crate,0.0
1,1,_run_plan_2862e2a89f_52367a6622,evaluation,400,400,0,0,50,0,0,0,,0,400,400,1.0,True,step_limit,e100db7421c373a02df4b6f512e80a61352a9d71964006dd853aca0090cd070a,0,0,400,0,0,0,0,0.9695291519165039,1.0742187499999998,1.6891956329345703,,,,,,,,,,,,,,,,29100218,39100218,untrained,reference,loot-crate,0.0
1,1,_run_plan_2862e2a89f_52367a6622,evaluation,400,400,0,0,50,0,0,0,,0,0,400,0.0,True,step_limit,c303f71cd32830d4eb7aaa675cbd026054e2784365885cbd946ae463c419fbb1,0,0,0,0,400,0,0,0.8317232131958008,0.9704113006591797,1.5158653259277344,,,,,,,,,,,,,,,,29100219,39100219,untrained,reference,loot-crate,0.0
1,1,_run_plan_2862e2a89f_52367a6622,evaluation,400,400,0,0,50,0,0,0,,0,400,400,1.0,True,step_limit,e100db7421c373a02df4b6f512e80a61352a9d71964006dd853aca0090cd070a,0,0,400,0,0,0,0,1.093149185180664,1.2059569358825684,1.8548965454101562,,,,,,,,,,,,,,,,29100220,39100220,untrained,reference,loot-crate,0.0
1,1,_run_plan_2862e2a89f_52367a6622,evaluation,400,400,0,0,50,0,0,0,,0,0,400,0.0,True,step_limit,c303f71cd32830d4eb7aaa675cbd026054e2784365885cbd946ae463c419fbb1,0,0,0,0,400,0,0,0.8236169815063477,0.9184122085571287,1.4951229095458984,,,,,,,,,,,,,,,,29100221,39100221,untrained,reference,loot-crate,0.0
1,1,_run_plan_2862e2a89f_52367a6622,evaluation,400,400,0,0,50,0,0,0,,0,400,400,1.0,True,step_limit,e100db7421c373a02df4b6f512e80a61352a9d71964006dd853aca0090cd070a,0,0,400,0,0,0,0,1.0833740234375,1.2568116188049314,1.7442703247070312,,,,,,,,,,,,,,,,29100222,39100222,untrained,reference,loot-crate,0.0
1,1,_run_plan_2862e2a89f_52367a6622,evaluation,400,400,0,0,50,0,0,0,,0,0,400,0.0,True,step_limit,c303f71cd32830d4eb7aaa675cbd026054e2784365885cbd946ae463c419fbb1,0,0,0,0,400,0,0,1.192927360534668,1.3103365898132322,1.8703937530517578,,,,,,,,,,,,,,,,29100223,39100223,untrained,reference,loot-crate,0.0
1,1,_run_plan_2862e2a89f_52367a6622,evaluation,400,400,0,0,50,0,0,0,,0,0,400,0.0,True,step_limit,c303f71cd32830d4eb7aaa675cbd026054e2784365885cbd946ae463c419fbb1,0,0,0,0,400,0,0,0.8237361907958984,0.9313941001892089,1.524209976196289,,,,,,,,,,,,,,,,29100224,39100224,untrained,reference,loot-crate,0.0
1,1,_run_plan_2862e2a89f_52367a6622,evaluation,400,400,0,0,50,0,0,0,,0,0,400,0.0,True,step_limit,c303f71cd32830d4eb7aaa675cbd026054e2784365885cbd946ae463c419fbb1,0,0,0,0,400,0,0,0.8231401443481445,0.9510278701782224,1.5456676483154297,,,,,,,,,,,,,,,,29100225,39100225,untrained,reference,loot-crate,0.0
1,1,_run_plan_2862e2a89f_52367a6622,evaluation,400,400,0,0,50,0,0,0,,0,400,400,1.0,True,step_limit,e100db7421c373a02df4b6f512e80a61352a9d71964006dd853aca0090cd070a,0,0,400,0,0,0,0,0.8217096328735352,0.929462909698486,1.5108585357666016,,,,,,,,,,,,,,,,29100226,39100226,untrained,reference,loot-crate,0.0
1,1,_run_plan_2862e2a89f_52367a6622,evaluation,400,400,0,0,50,0,0,0,,0,0,400,0.0,True,step_limit,c303f71cd32830d4eb7aaa675cbd026054e2784365885cbd946ae463c419fbb1,0,0,0,0,400,0,0,1.0797977447509766,1.2937307357788086,1.8804073333740234,,,,,,,,,,,,,,,,29100227,39100227,untrained,reference,loot-crate,0.0
1,1,_run_plan_2862e2a89f_52367a6622,evaluation,400,400,0,0,50,0,0,0,,0,0,400,0.0,True,step_limit,c303f71cd32830d4eb7aaa675cbd026054e2784365885cbd946ae463c419fbb1,0,0,0,0,400,0,0,0.8246898651123047,0.9232521057128905,1.4598369598388672,,,,,,,,,,,,,,,,29100228,39100228,untrained,reference,loot-crate,0.0
1,1,_run_plan_2862e2a89f_52367a6622,evaluation,400,400,0,0,50,0,0,0,,0,0,400,0.0,True,step_limit,c303f71cd32830d4eb7aaa675cbd026054e2784365885cbd946ae463c419fbb1,0,0,0,0,400,0,0,1.0929107666015625,1.2153387069702148,1.8126964569091797,,,,,,,,,,,,,,,,29100229,39100229,untrained,reference,loot-crate,0.0
1,1,_run_plan_2862e2a89f_52367a6622,evaluation,400,400,0,0,50,0,0,0,,0,0,400,0.0,True,step_limit,c303f71cd32830d4eb7aaa675cbd026054e2784365885cbd946ae463c419fbb1,0,0,0,0,400,0,0,0.8269548416137695,0.9327292442321775,1.6298294067382812,,,,,,,,,,,,,,,,29100230,39100230,untrained,reference,loot-crate,0.0
1,1,_run_plan_2862e2a89f_52367a6622,evaluation,400,400,0,0,50,0,0,0,,0,400,400,1.0,True,step_limit,e100db7421c373a02df4b6f512e80a61352a9d71964006dd853aca0090cd070a,0,0,400,0,0,0,0,1.2322664260864258,1.3728618621826172,2.023935317993164,,,,,,,,,,,,,,,,29100231,39100231,untrained,reference,loot-crate,0.0
1,1,_run_plan_2862e2a89f_52367a6622,evaluation,400,400,0,0,50,0,0,0,,0,400,400,1.0,True,step_limit,e100db7421c373a02df4b6f512e80a61352a9d71964006dd853aca0090cd070a,0,0,400,0,0,0,0,0.8282661437988281,0.9308695793151854,1.4667510986328125,,,,,,,,,,,,,,,,29100232,39100232,untrained,reference,loot-crate,0.0
1,1,_run_plan_2862e2a89f_52367a6622,evaluation,400,400,0,0,50,0,0,0,,0,0,400,0.0,True,step_limit,c303f71cd32830d4eb7aaa675cbd026054e2784365885cbd946ae463c419fbb1,0,0,0,0,400,0,0,0.9785890579223633,1.1435747146606445,1.6045570373535156,,,,,,,,,,,,,,,,29100233,39100233,untrained,reference,loot-crate,0.0
1,1,_run_plan_2862e2a89f_52367a6622,evaluation,400,400,0,0,50,0,0,0,,0,400,400,1.0,True,step_limit,e100db7421c373a02df4b6f512e80a61352a9d71964006dd853aca0090cd070a,0,0,400,0,0,0,0,0.8245706558227539,0.9134650230407714,1.470327377319336,,,,,,,,,,,,,,,,29100234,39100234,untrained,reference,loot-crate,0.0
1,1,_run_plan_2862e2a89f_52367a6622,evaluation,400,400,0,0,50,0,0,0,,0,0,400,0.0,True,step_limit,c303f71cd32830d4eb7aaa675cbd026054e2784365885cbd946ae463c419fbb1,0,0,0,0,400,0,0,0.9714365005493164,1.0662317276000977,1.6636848449707031,,,,,,,,,,,,,,,,29100235,39100235,untrained,reference,loot-crate,0.0
1,1,_run_plan_2862e2a89f_52367a6622,evaluation,400,400,0,0,50,0,0,0,,0,0,400,0.0,True,step_limit,c303f71cd32830d4eb7aaa675cbd026054e2784365885cbd946ae463c419fbb1,0,0,0,0,400,0,0,0.9729862213134766,1.0679125785827634,1.619100570678711,,,,,,,,,,,,,,,,29100236,39100236,untrained,reference,loot-crate,0.0
1,1,_run_plan_2862e2a89f_52367a6622,evaluation,400,400,0,0,50,0,0,0,,0,0,400,0.0,True,step_limit,c303f71cd32830d4eb7aaa675cbd026054e2784365885cbd946ae463c419fbb1,0,0,0,0,400,0,0,0.8299350738525391,0.9332060813903806,1.4693737030029297,,,,,,,,,,,,,,,,29100237,39100237,untrained,reference,loot-crate,0.0
1,1,_run_plan_2862e2a89f_52367a6622,evaluation,400,400,0,0,50,0,0,0,,0,400,400,1.0,True,step_limit,e100db7421c373a02df4b6f512e80a61352a9d71964006dd853aca0090cd070a,0,0,400,0,0,0,0,0.8217096328735352,1.0008215904235838,1.5778541564941406,,,,,,,,,,,,,,,,29100238,39100238,untrained,reference,loot-crate,0.0
1,1,_run_plan_2862e2a89f_52367a6622,evaluation,400,400,0,0,50,0,0,0,,0,400,400,1.0,True,step_limit,e100db7421c373a02df4b6f512e80a61352a9d71964006dd853aca0090cd070a,0,0,400,0,0,0,0,0.8504390716552734,0.9453654289245605,1.5456676483154297,,,,,,,,,,,,,,,,29100239,39100239,untrained,reference,loot-crate,0.0
1,1,_run_plan_2862e2a89f_52367a6622,evaluation,400,400,0,0,50,0,0,0,,0,0,400,0.0,True,step_limit,c303f71cd32830d4eb7aaa675cbd026054e2784365885cbd946ae463c419fbb1,0,0,0,0,400,0,0,0.9717941284179688,1.0650277137756343,1.682281494140625,,,,,,,,,,,,,,,,29100240,39100240,untrained,reference,loot-crate,0.0
