artifact,suite,world_seed,repeat,agent_seed,score,strict_win,collection_fraction,coins,crates,eliminations,survived,survival_steps,self_kills,invalid_actions,bomb_actions,actions_sha256
reference,classic-peaceful,5973401,0,6973401,0,0,0.0,0,0,0,1,400,0,0,0,2c98cb549ba8c5312c532da67cc4c60bc3db7a0c376a72eae4e60c24ad94208d
reference,classic-peaceful,5973402,0,6973402,4,1,0.4444444444444444,4,42,0,0,110,1,0,15,f3d85cd3ddc7f5186de29110722b118d0b659aff4eb4835c357fa0a3bfd8b2d2
reference,classic-peaceful,5973403,0,6973403,4,1,0.4444444444444444,4,69,0,0,267,1,0,34,2b2c82404b4c14f1fd101893c05ed73f81202e39cecaac556291ad69b231bc19
reference,classic-peaceful,5973404,0,6973404,14,1,1.0,9,105,1,1,400,0,0,53,67d4c6a2662d9fba9792bf6155b48f4f8f7a83055f0123b8d5f4da9065e2a7f8
reference,classic-peaceful,5973405,0,6973405,0,0,0.0,0,7,0,1,400,0,0,3,31ee4c2b27e65ca9031d5ff371957c1e8cf54939397895dfc8a7dc9bee9dfb48
reference,classic-peaceful,5973406,0,6973406,0,0,0.0,0,0,0,1,400,0,0,0,2c98cb549ba8c5312c532da67cc4c60bc3db7a0c376a72eae4e60c24ad94208d
reference,classic-peaceful,5973407,0,6973407,5,1,0.5555555555555556,5,69,0,0,295,1,0,39,3be1436c54db8732b4365e867df50bc4a87b8b796a5a40f50c036ec9e61f7625
reference,classic-peaceful,5973408,0,6973408,1,1,0.1111111111111111,1,13,0,0,29,1,0,4,623ded93bb921b6ea4a48631a9787c93fcd0eb0cc0cd5ddb8f4019f8f3c2fbc5
reference,classic-peaceful,5973409,0,6973409,1,1,0.1111111111111111,1,25,0,0,106,1,0,15,4a656e83d403a776e19c76bee474e7f8f034a457a458fa847b7b3ed9de160aba
reference,classic-peaceful,5973410,0,6973410,6,1,0.6666666666666666,6,87,0,1,400,0,0,52,5aa2963053ac5e522b29afe5d1c73853acb554bfcfc9fc45d7afe9fe8bc2fc91
reference,classic-peaceful,5973411,0,6973411,4,1,0.4444444444444444,4,70,0,1,400,0,0,52,b0fe5c12787b3aac8d8dc7c972730f699267f47847a83c7962e0c4e1b40d286f
reference,classic-peaceful,5973412,0,6973412,0,0,0.0,0,7,0,1,400,0,0,3,e4619cca2ac43c89cf9fbf09d4d46aa8156d53bed08e15f98ed7e96fb858c775
reference,classic-peaceful,5973413,0,6973413,0,0,0.0,0,17,0,0,55,1,0,8,4b3d751e3a1f2de1b6120b392e32ebb3eb373814b07a83dda774350477f5425c
reference,classic-peaceful,5973414,0,6973414,3,1,0.3333333333333333,3,33,0,0,88,1,0,12,6dba75ef94522a41ba4e6bc52e058615f08c571c693b0a6369553d1d2d63f6e4
reference,classic-peaceful,5973415,0,6973415,6,1,0.6666666666666666,6,108,0,1,400,0,0,54,e5466e546033b7b51334070ab2183ff90ea76449bf41f1c1f2980b6a438522e4
reference,classic-peaceful,5973416,0,6973416,10,1,0.5555555555555556,5,82,1,1,400,0,0,53,2d50cb4270b6b7a85f63103fa4bd18e7294d2464bd71a6a959348157728a5c71
reference,classic-peaceful,5973417,0,6973417,12,1,0.7777777777777778,7,104,1,1,400,0,0,53,ce55edc7ed43538bdd5fbce141a0cbf0af83e8c1fe8c6eec106e9c2db513ab4a
reference,classic-peaceful,5973418,0,6973418,2,1,0.2222222222222222,2,36,0,1,400,0,0,56,58938107a903407b7645e60ee4c1bf5cdf5937c9cecc65956deabd864af076e5
reference,classic-peaceful,5973419,0,6973419,0,0,0.0,0,2,0,0,7,1,0,1,bec5dcd249e32c25e08bfd78ae45bacf24fc731a13a009bc818898df7a3fe547
reference,classic-peaceful,5973420,0,6973420,13,1,0.8888888888888888,8,84,1,1,400,0,0,53,d0e527164db1458f38e262163fffcc16a5dcb7e63a03c7e8de1f209b35e7b3fb
reference,classic-peaceful,5973421,0,6973421,0,0,0.0,0,25,0,0,55,1,0,8,79b07c85b2cc124c84b848a5930f711937a05bcfc0c3fbfc895ce6d642232322
reference,classic-peaceful,5973422,0,6973422,4,1,0.4444444444444444,4,59,0,1,400,0,0,52,60b639b08b2152ccc6a25ca7af553f2fd73784d9fa939b3cf55295e0859732d7
reference,classic-peaceful,5973423,0,6973423,11,1,0.6666666666666666,6,84,1,1,400,0,0,53,6db0d6500af609660b3b3e51bf29f565ceac96d653a8cf23d044e2f98eff2eca
reference,classic-peaceful,5973424,0,6973424,1,1,0.1111111111111111,1,43,0,1,400,0,0,22,28ae7e3ba6fb1f8c756e5be068e8631be416fae61c3be95c1c11702e266d8209
reference,classic-peaceful,5973425,0,6973425,9,1,1.0,9,84,0,1,400,0,0,32,d490dcc0013ed8dfc1fdc1b75734981a4f69da956f7acf52afb5010a321f6a1f
reference,classic-peaceful,5973426,0,6973426,10,1,0.5555555555555556,5,56,1,0,228,1,0,29,515e319047bd07c593b97301ac3e08ad2348e822604f1bab3425b8909565e46f
reference,classic-peaceful,5973427,0,6973427,0,0,0.0,0,16,0,1,400,0,0,42,53a41d98797a535e8a6a5b1e2aee3ab3177a15d515c417df0f9deae3cda44a8c
reference,classic-peaceful,5973428,0,6973428,3,1,0.3333333333333333,3,39,0,1,400,0,0,46,174dc84cb331e5daee8fbacb618e226bc3d898c7ed9ef6078f098d80e0147300
reference,classic-peaceful,5973429,0,6973429,0,0,0.0,0,20,0,0,63,1,0,9,0dbc1b43e6578c3054ac8ae7cb6622966fd645e837fcf5804e04ee27931bd4b5
reference,classic-peaceful,5973430,0,6973430,5,1,0.5555555555555556,5,72,0,1,400,0,0,54,99d93727820501ce786ae49a9b5e86f6d1e73de06444de15124fbf9e09d5a937
reference,classic-peaceful,5973431,0,6973431,5,1,0.5555555555555556,5,66,0,1,400,0,0,28,7f7442b77677dcc9ee4b4b82856e07118836771defbe7f541986c3d4484ca36c
reference,classic-peaceful,5973432,0,6973432,6,1,0.6666666666666666,6,88,0,1,400,0,0,37,c6c61d77b332b0df85b9a4d7d2973248c6b8cf300bf211a0677c0797c7bd8f09
reference,classic-peaceful,5973433,0,6973433,0,0,0.0,0,3,0,0,6,1,0,1,bcc10a95a7364417a08ffb9488382c4e4603e1e05f20121a6ac403bbde8476ba
reference,classic-peaceful,5973434,0,6973434,3,1,0.3333333333333333,3,56,0,1,400,0,0,54,409c65233fbcb0828dc8f05607fbb8a28410df586c3aab2297a169ef6c72020b
reference,classic-peaceful,5973435,0,6973435,12,1,0.7777777777777778,7,80,1,1,400,0,0,54,842d4d14351c08e1934d434d34646ba28a9442acc5db078e8c154a2d6d2f0f6c
reference,classic-peaceful,5973436,0,6973436,8,1,0.8888888888888888,8,88,0,1,400,0,0,54,55e2e927b386d809d588790b81e7331837c50b3eddd83da58c5ed1ec8517866b
reference,classic-peaceful,5973437,0,6973437,13,1,0.8888888888888888,8,76,1,1,400,0,0,37,b3d6758c007e795ee2f40f1aca929172ba3aaa5b7bbf7e6c6dfc7b8b8da72bed
reference,classic-peaceful,5973438,0,6973438,2,1,0.2222222222222222,2,48,0,1,400,0,0,14,f80b1f52bce8a03f91adb4b6292006f304dbf077e92c742713d2e60bcbb13bea
reference,classic-peaceful,5973439,0,6973439,8,1,0.8888888888888888,8,85,0,1,400,0,0,52,50ee7f779c76040fb2ab277887fa2635441dc30e106964ead501ca38b7e883ba
reference,classic-peaceful,5973440,0,6973440,8,1,0.8888888888888888,8,102,0,1,400,0,0,53,110f65fad3a6ddd8f0b4241a0c94db8b24cd6d3ae0dc2b635d90946802f4704e
reference,classic-peaceful,5973401,1,6973401,0,0,0.0,0,0,0,1,400,0,0,0,2c98cb549ba8c5312c532da67cc4c60bc3db7a0c376a72eae4e60c24ad94208d
reference,classic-peaceful,5973402,1,6973402,4,1,0.4444444444444444,4,42,0,0,110,1,0,15,f3d85cd3ddc7f5186de29110722b118d0b659aff4eb4835c357fa0a3bfd8b2d2
reference,classic-peaceful,5973403,1,6973403,4,1,0.4444444444444444,4,69,0,0,267,1,0,34,2b2c82404b4c14f1fd101893c05ed73f81202e39cecaac556291ad69b231bc19
reference,classic-peaceful,5973404,1,6973404,14,1,1.0,9,105,1,1,400,0,0,53,67d4c6a2662d9fba9792bf6155b48f4f8f7a83055f0123b8d5f4da9065e2a7f8
reference,classic-peaceful,5973405,1,6973405,0,0,0.0,0,7,0,1,400,0,0,3,31ee4c2b27e65ca9031d5ff371957c1e8cf54939397895dfc8a7dc9bee9dfb48
reference,classic-peaceful,5973406,1,6973406,0,0,0.0,0,0,0,1,400,0,0,0,2c98cb549ba8c5312c532da67cc4c60bc3db7a0c376a72eae4e60c24ad94208d
reference,classic-peaceful,5973407,1,6973407,5,1,0.5555555555555556,5,69,0,0,295,1,0,39,3be1436c54db8732b4365e867df50bc4a87b8b796a5a40f50c036ec9e61f7625
reference,classic-peaceful,5973408,1,6973408,1,1,0.1111111111111111,1,13,0,0,29,1,0,4,623ded93bb921b6ea4a48631a9787c93fcd0eb0cc0cd5ddb8f4019f8f3c2fbc5
reference,classic-peaceful,5973409,1,6973409,1,1,0.1111111111111111,1,25,0,0,106,1,0,15,4a656e83d403a776e19c76bee474e7f8f034a457a458fa847b7b3ed9de160aba
reference,classic-peaceful,5973410,1,6973410,6,1,0.6666666666666666,6,87,0,1,400,0,0,52,5aa2963053ac5e522b29afe5d1c73853acb554bfcfc9fc45d7afe9fe8bc2fc91
reference,classic-peaceful,5973411,1,6973411,4,1,0.4444444444444444,4,70,0,1,400,0,0,52,b0fe5c12787b3aac8d8dc7c972730f699267f47847a83c7962e0c4e1b40d286f
reference,classic-peaceful,5973412,1,6973412,0,0,0.0,0,7,0,1,400,0,0,3,e4619cca2ac43c89cf9fbf09d4d46aa8156d53bed08e15f98ed7e96fb858c775
reference,classic-peaceful,5973413,1,6973413,0,0,0.0,0,17,0,0,55,1,0,8,4b3d751e3a1f2de1b6120b392e32ebb3eb373814b07a83dda774350477f5425c
reference,classic-peaceful,5973414,1,6973414,3,1,0.3333333333333333,3,33,0,0,88,1,0,12,6dba75ef94522a41ba4e6bc52e058615f08c571c693b0a6369553d1d2d63f6e4
reference,classic-peaceful,5973415,1,6973415,6,1,0.6666666666666666,6,108,0,1,400,0,0,54,e5466e546033b7b51334070ab2183ff90ea76449bf41f1c1f2980b6a438522e4
reference,classic-peaceful,5973416,1,6973416,10,1,0.5555555555555556,5,82,1,1,400,0,0,53,2d50cb4270b6b7a85f63103fa4bd18e7294d2464bd71a6a959348157728a5c71
reference,classic-peaceful,5973417,1,6973417,12,1,0.7777777777777778,7,104,1,1,400,0,0,53,ce55edc7ed43538bdd5fbce141a0cbf0af83e8c1fe8c6eec106e9c2db513ab4a
reference,classic-peaceful,5973418,1,6973418,2,1,0.2222222222222222,2,36,0,1,400,0,0,56,58938107a903407b7645e60ee4c1bf5cdf5937c9cecc65956deabd864af076e5
reference,classic-peaceful,5973419,1,6973419,0,0,0.0,0,2,0,0,7,1,0,1,bec5dcd249e32c25e08bfd78ae45bacf24fc731a13a009bc818898df7a3fe547
reference,classic-peaceful,5973420,1,6973420,13,1,0.8888888888888888,8,84,1,1,400,0,0,53,d0e527164db1458f38e262163fffcc16a5dcb7e63a03c7e8de1f209b35e7b3fb
reference,classic-peaceful,5973421,1,6973421,0,0,0.0,0,25,0,0,55,1,0,8,79b07c85b2cc124c84b848a5930f711937a05bcfc0c3fbfc895ce6d642232322
reference,classic-peaceful,5973422,1,6973422,4,1,0.4444444444444444,4,59,0,1,400,0,0,52,60b639b08b2152ccc6a25ca7af553f2fd73784d9fa939b3cf55295e0859732d7
reference,classic-peaceful,5973423,1,6973423,11,1,0.6666666666666666,6,84,1,1,400,0,0,53,6db0d6500af609660b3b3e51bf29f565ceac96d653a8cf23d044e2f98eff2eca
reference,classic-peaceful,5973424,1,6973424,1,1,0.1111111111111111,1,43,0,1,400,0,0,22,28ae7e3ba6fb1f8c756e5be068e8631be416fae61c3be95c1c11702e266d8209
reference,classic-peaceful,5973425,1,6973425,9,1,1.0,9,84,0,1,400,0,0,32,d490dcc0013ed8dfc1fdc1b75734981a4f69da956f7acf52afb5010a321f6a1f
reference,classic-peaceful,5973426,1,6973426,10,1,0.5555555555555556,5,56,1,0,228,1,0,29,515e319047bd07c593b97301ac3e08ad2348e822604f1bab3425b8909565e46f
reference,classic-peaceful,5973427,1,6973427,0,0,0.0,0,16,0,1,400,0,0,42,53a41d98797a535e8a6a5b1e2aee3ab3177a15d515c417df0f9deae3cda44a8c
reference,classic-peaceful,5973428,1,6973428,3,1,0.3333333333333333,3,39,0,1,400,0,0,46,174dc84cb331e5daee8fbacb618e226bc3d898c7ed9ef6078f098d80e0147300
reference,classic-peaceful,5973429,1,6973429,0,0,0.0,0,20,0,0,63,1,0,9,0dbc1b43e6578c3054ac8ae7cb6622966fd645e837fcf5804e04ee27931bd4b5
reference,classic-peaceful,5973430,1,6973430,5,1,0.5555555555555556,5,72,0,1,400,0,0,54,99d93727820501ce786ae49a9b5e86f6d1e73de06444de15124fbf9e09d5a937
reference,classic-peaceful,5973431,1,6973431,5,1,0.5555555555555556,5,66,0,1,400,0,0,28,7f7442b77677dcc9ee4b4b82856e07118836771defbe7f541986c3d4484ca36c
reference,classic-peaceful,5973432,1,6973432,6,1,0.6666666666666666,6,88,0,1,400,0,0,37,c6c61d77b332b0df85b9a4d7d2973248c6b8cf300bf211a0677c0797c7bd8f09
reference,classic-peaceful,5973433,1,6973433,0,0,0.0,0,3,0,0,6,1,0,1,bcc10a95a7364417a08ffb9488382c4e4603e1e05f20121a6ac403bbde8476ba
reference,classic-peaceful,5973434,1,6973434,3,1,0.3333333333333333,3,56,0,1,400,0,0,54,409c65233fbcb0828dc8f05607fbb8a28410df586c3aab2297a169ef6c72020b
reference,classic-peaceful,5973435,1,6973435,12,1,0.7777777777777778,7,80,1,1,400,0,0,54,842d4d14351c08e1934d434d34646ba28a9442acc5db078e8c154a2d6d2f0f6c
reference,classic-peaceful,5973436,1,6973436,8,1,0.8888888888888888,8,88,0,1,400,0,0,54,55e2e927b386d809d588790b81e7331837c50b3eddd83da58c5ed1ec8517866b
reference,classic-peaceful,5973437,1,6973437,13,1,0.8888888888888888,8,76,1,1,400,0,0,37,b3d6758c007e795ee2f40f1aca929172ba3aaa5b7bbf7e6c6dfc7b8b8da72bed
reference,classic-peaceful,5973438,1,6973438,2,1,0.2222222222222222,2,48,0,1,400,0,0,14,f80b1f52bce8a03f91adb4b6292006f304dbf077e92c742713d2e60bcbb13bea
reference,classic-peaceful,5973439,1,6973439,8,1,0.8888888888888888,8,85,0,1,400,0,0,52,50ee7f779c76040fb2ab277887fa2635441dc30e106964ead501ca38b7e883ba
reference,classic-peaceful,5973440,1,6973440,8,1,0.8888888888888888,8,102,0,1,400,0,0,53,110f65fad3a6ddd8f0b4241a0c94db8b24cd6d3ae0dc2b635d90946802f4704e
reference,coin-heaven,5973501,0,6973501,50,0,1.0,50,0,0,1,167,0,0,10,510c8c0273e6dc2e8c2d89d6497878582351add5e793cf179f4debff5c5c7aee
reference,coin-heaven,5973502,0,6973502,50,0,1.0,50,0,0,1,146,0,0,11,a263e6cd5d0505bf90ab04879c6ab7e8cf1f076bcd045e6cd67dbaaddfef947b
reference,coin-heaven,5973503,0,6973503,37,0,0.74,37,0,0,1,400,0,0,3,ecf41b65a1128cbf52bac1fec3b58bd0546b79cf12ea99b0e9cbbf0198d88b6d
reference,coin-heaven,5973504,0,6973504,50,0,1.0,50,0,0,1,128,0,0,9,fe818f496d4b2d43bb19f1cfbd3c1fdfc775d08f2eb1082302488831d3c685d2
reference,coin-heaven,5973505,0,6973505,2,0,0.04,2,0,0,1,400,0,0,0,fc46d9a3d00fed802efdb19542436e42dcfed82986e415110824168de8e51073
reference,coin-heaven,5973506,0,6973506,7,0,0.14,7,0,0,1,400,0,0,0,0937387d0cdf1fb2d45971ff67bb1bc6a599f5ef9cd36f8603089e79ab5e2bb5
reference,coin-heaven,5973507,0,6973507,50,0,1.0,50,0,0,1,154,0,0,11,f1e6e9ddf84072df3c419d680a664cac9431e1bcd20989dbb3526f67b02a2904
reference,coin-heaven,5973508,0,6973508,6,0,0.12,6,0,0,1,400,0,0,0,93cb55c2adb3833615357e8fc982cf6f645ee103e926aa19587d1b8f85e9a40e
reference,coin-heaven,5973509,0,6973509,10,0,0.2,10,0,0,1,400,0,0,0,037ddcd1e9a0aa68f4d3df7542b811c7252e0e3d8b737bec9d57faf2802361eb
reference,coin-heaven,5973510,0,6973510,25,0,0.5,25,0,0,1,400,0,0,2,f841686ba16d180b9414c61afeeea1711715a2acecb5baf72016188c807d6e79
reference,coin-heaven,5973511,0,6973511,38,0,0.76,38,0,0,1,400,0,0,4,bd981aecf3d9c80fe3e162ec0314fc13abffddd84e0f2b361de1ddedf9c08c8c
reference,coin-heaven,5973512,0,6973512,6,0,0.12,6,0,0,1,400,0,0,2,33a12531ceaa66fe8b690484a9149f9c4a6c00abc316586b97d0a9965ac888aa
reference,coin-heaven,5973513,0,6973513,38,0,0.76,38,0,0,1,400,0,0,4,c28f720883325283396a6ad3220a063e38fccd98f496fd41e11c7e50d8d2e7ed
reference,coin-heaven,5973514,0,6973514,7,0,0.14,7,0,0,1,400,0,0,0,7c7508d7b65918d71fa172a78e2ca9108edaebb9c022bffbce955574b416aa7f
reference,coin-heaven,5973515,0,6973515,27,0,0.54,27,0,0,1,400,0,0,3,673393dbb89fdcafcf3b6d2a396ea3e1a1037adb332c8f4cf188fbce82b1c95a
reference,coin-heaven,5973516,0,6973516,12,0,0.24,12,0,0,0,28,1,0,2,503f7c9c5afdc37be43a54647959fb42119e30ad34878d5f232c1ae24087a32f
reference,coin-heaven,5973517,0,6973517,20,0,0.4,20,0,0,1,400,0,0,2,ba9c6f84122e761e21109011c9431af4dc84a38820bf3181136895cc8f16db78
reference,coin-heaven,5973518,0,6973518,41,0,0.82,41,0,0,1,400,0,0,5,d2627fd4c5340d6b1c8df837e6f59f31487f66a74bc111a03b1281f111b089a8
reference,coin-heaven,5973519,0,6973519,50,0,1.0,50,0,0,1,135,0,0,7,6cfe7438a84ae9440cb73597c1705f42afcd070c4808e557cafabec8a265d3af
reference,coin-heaven,5973520,0,6973520,28,0,0.56,28,0,0,1,400,0,0,2,420afc3b9432ca2778f6beaf23d705d63feae4b6f618acd58903ba8537302daf
reference,coin-heaven,5973521,0,6973521,16,0,0.32,16,0,0,1,400,0,0,1,02ce8a832dd60cebc61358f40860b352b6a260d5423c446545312bc35eaaa2b1
reference,coin-heaven,5973522,0,6973522,50,0,1.0,50,0,0,1,137,0,0,8,956e9ec4296612084c19eb9aec460e411e2bdb761ca3637574dab5ce87dbfc55
reference,coin-heaven,5973523,0,6973523,50,0,1.0,50,0,0,1,151,0,0,8,c354f99765b81ccd6c67cbd7e07a3664a27844ede473ca8950cbaa5150d5d7e7
reference,coin-heaven,5973524,0,6973524,50,0,1.0,50,0,0,1,163,0,0,8,654ee9b5343f3d7cb9187810e442ec6f09a82dd61189dee0e73190f87a4a79c8
reference,coin-heaven,5973525,0,6973525,10,0,0.2,10,0,0,1,400,0,0,1,a6c9989eb89b5619562d6de78b62d60b9619777790d8b81711f00e0145cf6048
reference,coin-heaven,5973526,0,6973526,0,0,0.0,0,0,0,1,400,0,0,0,f49e2d07ad7b7990c33143b698363cae0bfc89b82ed1839a336aa5fcc9af2747
reference,coin-heaven,5973527,0,6973527,4,0,0.08,4,0,0,1,400,0,0,1,04ed0e18d61292e909812214958bd68e2924d114abb46897976668526e9fafa3
reference,coin-heaven,5973528,0,6973528,37,0,0.74,37,0,0,0,78,1,0,3,4e3caa72e906615d3f109c3ed154e4cc93fff1087a050f50e5cf7bae9f850fb9
reference,coin-heaven,5973529,0,6973529,50,0,1.0,50,0,0,1,133,0,0,7,8734375291520cee777b9368ad6bd2f57451673db7fd01ffd041e43219cf2de3
reference,coin-heaven,5973530,0,6973530,50,0,1.0,50,0,0,1,160,0,0,12,9b52030e78c80149729ba6f13c5d5cf7a658b28d8327b95c85b6bbe47807b4c4
reference,coin-heaven,5973531,0,6973531,47,0,0.94,47,0,0,1,400,0,0,7,4aaf3ce9a4be8b77db9ade0b45804df8395cd39922bb6e6d452ad5dd10ee3e1e
reference,coin-heaven,5973532,0,6973532,50,0,1.0,50,0,0,1,129,0,0,4,388e776b2770465bd1975a6de30cd3b90ef9acde692e01aecb67d4e18768e29d
reference,coin-heaven,5973533,0,6973533,50,0,1.0,50,0,0,1,139,0,0,7,49cb22e2f229564ff7114067f14a29a63a1d6071614b571e402ae62da4bbd41b
reference,coin-heaven,5973534,0,6973534,50,0,1.0,50,0,0,1,163,0,0,13,4697679be9bc73205c6f6635d9ffa263bd5fd2b276233c209555f7cb01a611aa
reference,coin-heaven,5973535,0,6973535,5,0,0.1,5,0,0,0,13,1,0,1,e17329da335e5dd2819d726885d662ca72440ca7e6e5b27531cfb2e21c8a361c
reference,coin-heaven,5973536,0,6973536,30,0,0.6,30,0,0,1,400,0,0,3,864926b68d6bf727daf2e4e19b73da09fc650e8939d263495e7271a05730941f
reference,coin-heaven,5973537,0,6973537,6,0,0.12,6,0,0,1,400,0,0,0,7549440a499dec93d7aaeaf3c226f38bdbac96accebe2307a5695e55c12052b7
reference,coin-heaven,5973538,0,6973538,25,0,0.5,25,0,0,1,400,0,0,3,eaf9da9c6337cd34c461e1278d48318d44e0633e12312323076223873479e7ac
reference,coin-heaven,5973539,0,6973539,17,0,0.34,17,0,0,0,39,1,0,1,c40e686518ca4bd7dc6517dff32185ace273b6d22f2acb4d7cfe58230ce44c5d
reference,coin-heaven,5973540,0,6973540,50,0,1.0,50,0,0,1,125,0,0,9,3570310a3440fda8f79c01108c9110833289271690cb5397defcc1d2eca52136
reference,coin-heaven,5973501,1,6973501,50,0,1.0,50,0,0,1,167,0,0,10,510c8c0273e6dc2e8c2d89d6497878582351add5e793cf179f4debff5c5c7aee
reference,coin-heaven,5973502,1,6973502,50,0,1.0,50,0,0,1,146,0,0,11,a263e6cd5d0505bf90ab04879c6ab7e8cf1f076bcd045e6cd67dbaaddfef947b
reference,coin-heaven,5973503,1,6973503,37,0,0.74,37,0,0,1,400,0,0,3,ecf41b65a1128cbf52bac1fec3b58bd0546b79cf12ea99b0e9cbbf0198d88b6d
reference,coin-heaven,5973504,1,6973504,50,0,1.0,50,0,0,1,128,0,0,9,fe818f496d4b2d43bb19f1cfbd3c1fdfc775d08f2eb1082302488831d3c685d2
reference,coin-heaven,5973505,1,6973505,2,0,0.04,2,0,0,1,400,0,0,0,fc46d9a3d00fed802efdb19542436e42dcfed82986e415110824168de8e51073
reference,coin-heaven,5973506,1,6973506,7,0,0.14,7,0,0,1,400,0,0,0,0937387d0cdf1fb2d45971ff67bb1bc6a599f5ef9cd36f8603089e79ab5e2bb5
reference,coin-heaven,5973507,1,6973507,50,0,1.0,50,0,0,1,154,0,0,11,f1e6e9ddf84072df3c419d680a664cac9431e1bcd20989dbb3526f67b02a2904
reference,coin-heaven,5973508,1,6973508,6,0,0.12,6,0,0,1,400,0,0,0,93cb55c2adb3833615357e8fc982cf6f645ee103e926aa19587d1b8f85e9a40e
reference,coin-heaven,5973509,1,6973509,10,0,0.2,10,0,0,1,400,0,0,0,037ddcd1e9a0aa68f4d3df7542b811c7252e0e3d8b737bec9d57faf2802361eb
reference,coin-heaven,5973510,1,6973510,25,0,0.5,25,0,0,1,400,0,0,2,f841686ba16d180b9414c61afeeea1711715a2acecb5baf72016188c807d6e79
reference,coin-heaven,5973511,1,6973511,38,0,0.76,38,0,0,1,400,0,0,4,bd981aecf3d9c80fe3e162ec0314fc13abffddd84e0f2b361de1ddedf9c08c8c
reference,coin-heaven,5973512,1,6973512,6,0,0.12,6,0,0,1,400,0,0,2,33a12531ceaa66fe8b690484a9149f9c4a6c00abc316586b97d0a9965ac888aa
reference,coin-heaven,5973513,1,6973513,38,0,0.76,38,0,0,1,400,0,0,4,c28f720883325283396a6ad3220a063e38fccd98f496fd41e11c7e50d8d2e7ed
reference,coin-heaven,5973514,1,6973514,7,0,0.14,7,0,0,1,400,0,0,0,7c7508d7b65918d71fa172a78e2ca9108edaebb9c022bffbce955574b416aa7f
reference,coin-heaven,5973515,1,6973515,27,0,0.54,27,0,0,1,400,0,0,3,673393dbb89fdcafcf3b6d2a396ea3e1a1037adb332c8f4cf188fbce82b1c95a
reference,coin-heaven,5973516,1,6973516,12,0,0.24,12,0,0,0,28,1,0,2,503f7c9c5afdc37be43a54647959fb42119e30ad34878d5f232c1ae24087a32f
reference,coin-heaven,5973517,1,6973517,20,0,0.4,20,0,0,1,400,0,0,2,ba9c6f84122e761e21109011c9431af4dc84a38820bf3181136895cc8f16db78
reference,coin-heaven,5973518,1,6973518,41,0,0.82,41,0,0,1,400,0,0,5,d2627fd4c5340d6b1c8df837e6f59f31487f66a74bc111a03b1281f111b089a8
reference,coin-heaven,5973519,1,6973519,50,0,1.0,50,0,0,1,135,0,0,7,6cfe7438a84ae9440cb73597c1705f42afcd070c4808e557cafabec8a265d3af
reference,coin-heaven,5973520,1,6973520,28,0,0.56,28,0,0,1,400,0,0,2,420afc3b9432ca2778f6beaf23d705d63feae4b6f618acd58903ba8537302daf
reference,coin-heaven,5973521,1,6973521,16,0,0.32,16,0,0,1,400,0,0,1,02ce8a832dd60cebc61358f40860b352b6a260d5423c446545312bc35eaaa2b1
reference,coin-heaven,5973522,1,6973522,50,0,1.0,50,0,0,1,137,0,0,8,956e9ec4296612084c19eb9aec460e411e2bdb761ca3637574dab5ce87dbfc55
reference,coin-heaven,5973523,1,6973523,50,0,1.0,50,0,0,1,151,0,0,8,c354f99765b81ccd6c67cbd7e07a3664a27844ede473ca8950cbaa5150d5d7e7
reference,coin-heaven,5973524,1,6973524,50,0,1.0,50,0,0,1,163,0,0,8,654ee9b5343f3d7cb9187810e442ec6f09a82dd61189dee0e73190f87a4a79c8
reference,coin-heaven,5973525,1,6973525,10,0,0.2,10,0,0,1,400,0,0,1,a6c9989eb89b5619562d6de78b62d60b9619777790d8b81711f00e0145cf6048
reference,coin-heaven,5973526,1,6973526,0,0,0.0,0,0,0,1,400,0,0,0,f49e2d07ad7b7990c33143b698363cae0bfc89b82ed1839a336aa5fcc9af2747
reference,coin-heaven,5973527,1,6973527,4,0,0.08,4,0,0,1,400,0,0,1,04ed0e18d61292e909812214958bd68e2924d114abb46897976668526e9fafa3
reference,coin-heaven,5973528,1,6973528,37,0,0.74,37,0,0,0,78,1,0,3,4e3caa72e906615d3f109c3ed154e4cc93fff1087a050f50e5cf7bae9f850fb9
reference,coin-heaven,5973529,1,6973529,50,0,1.0,50,0,0,1,133,0,0,7,8734375291520cee777b9368ad6bd2f57451673db7fd01ffd041e43219cf2de3
reference,coin-heaven,5973530,1,6973530,50,0,1.0,50,0,0,1,160,0,0,12,9b52030e78c80149729ba6f13c5d5cf7a658b28d8327b95c85b6bbe47807b4c4
reference,coin-heaven,5973531,1,6973531,47,0,0.94,47,0,0,1,400,0,0,7,4aaf3ce9a4be8b77db9ade0b45804df8395cd39922bb6e6d452ad5dd10ee3e1e
reference,coin-heaven,5973532,1,6973532,50,0,1.0,50,0,0,1,129,0,0,4,388e776b2770465bd1975a6de30cd3b90ef9acde692e01aecb67d4e18768e29d
reference,coin-heaven,5973533,1,6973533,50,0,1.0,50,0,0,1,139,0,0,7,49cb22e2f229564ff7114067f14a29a63a1d6071614b571e402ae62da4bbd41b
reference,coin-heaven,5973534,1,6973534,50,0,1.0,50,0,0,1,163,0,0,13,4697679be9bc73205c6f6635d9ffa263bd5fd2b276233c209555f7cb01a611aa
reference,coin-heaven,5973535,1,6973535,5,0,0.1,5,0,0,0,13,1,0,1,e17329da335e5dd2819d726885d662ca72440ca7e6e5b27531cfb2e21c8a361c
reference,coin-heaven,5973536,1,6973536,30,0,0.6,30,0,0,1,400,0,0,3,864926b68d6bf727daf2e4e19b73da09fc650e8939d263495e7271a05730941f
reference,coin-heaven,5973537,1,6973537,6,0,0.12,6,0,0,1,400,0,0,0,7549440a499dec93d7aaeaf3c226f38bdbac96accebe2307a5695e55c12052b7
reference,coin-heaven,5973538,1,6973538,25,0,0.5,25,0,0,1,400,0,0,3,eaf9da9c6337cd34c461e1278d48318d44e0633e12312323076223873479e7ac
reference,coin-heaven,5973539,1,6973539,17,0,0.34,17,0,0,0,39,1,0,1,c40e686518ca4bd7dc6517dff32185ace273b6d22f2acb4d7cfe58230ce44c5d
reference,coin-heaven,5973540,1,6973540,50,0,1.0,50,0,0,1,125,0,0,9,3570310a3440fda8f79c01108c9110833289271690cb5397defcc1d2eca52136
reference,loot-crate,5973601,0,6973601,34,0,0.68,34,93,0,0,337,1,0,39,fde62031b2afd7d58c2e2336bb8032ffcf942955c9891bd55cac675fc2c5aa7f
reference,loot-crate,5973602,0,6973602,9,0,0.18,9,24,0,1,400,0,0,8,31f3f015a986c6a7bdc29e2b2b7594649619a15cf11bd5a1aef4179c770097a0
reference,loot-crate,5973603,0,6973603,5,0,0.1,5,22,0,1,400,0,0,8,ba968a3feb6f7ce842a88c16d9503a65b14cbbc620142ec01cefec2573dc952c
reference,loot-crate,5973604,0,6973604,12,0,0.24,12,39,0,1,400,0,0,18,aca8963f32c021e424cd90365ffd4cce219ddcc45f11de844d509af3add55797
reference,loot-crate,5973605,0,6973605,23,0,0.46,23,64,0,1,400,0,0,23,eab178cbd1cf8321f5bbd8bb5e0e5d6a5b230ed5c7b73ca8b25b9b44397bbfe0
reference,loot-crate,5973606,0,6973606,0,0,0.0,0,3,0,0,7,1,0,1,bec5dcd249e32c25e08bfd78ae45bacf24fc731a13a009bc818898df7a3fe547
reference,loot-crate,5973607,0,6973607,1,0,0.02,1,9,0,0,38,1,0,5,cc0c5338b6bc6d762dc2ea74e12782d84f346e801c3089b3245e8d3d18d9c5c6
reference,loot-crate,5973608,0,6973608,11,0,0.22,11,35,0,1,400,0,0,18,c2188d29efe072083f2e797abe66c21cb17c421ac79901434b76b6d023bd9d9d
reference,loot-crate,5973609,0,6973609,2,0,0.04,2,8,0,1,400,0,0,3,4b7de92ad926ace522606f6b3703adf77979371b4292a239d32b82853715ea00
reference,loot-crate,5973610,0,6973610,8,0,0.16,8,36,0,0,138,1,0,18,a9986214449ac36626fade8c5999ad77f87a41dfd6c385c1b3be63aba1c42ee8
reference,loot-crate,5973611,0,6973611,0,0,0.0,0,0,0,1,400,0,0,0,2c98cb549ba8c5312c532da67cc4c60bc3db7a0c376a72eae4e60c24ad94208d
reference,loot-crate,5973612,0,6973612,1,0,0.02,1,11,0,0,35,1,0,5,1b6b8519028bd0dae331cd7931726d51d405d62ec86be86e3c01a0073003cf86
reference,loot-crate,5973613,0,6973613,2,0,0.04,2,13,0,1,400,0,0,5,7b0405754af68f040e43e6107aa71aac90eab8976018187b6e99e333e00fc58d
reference,loot-crate,5973614,0,6973614,3,0,0.06,3,19,0,0,65,1,0,8,514991e5921a3787a6bfd182b055bd75d2d45a7d76f7b628ef8992f8725d1199
reference,loot-crate,5973615,0,6973615,1,0,0.02,1,11,0,1,400,0,0,4,7dc9343f6767cd52ea069f8dc71dd6b66918849c59c50637c6d2d8a659868890
reference,loot-crate,5973616,0,6973616,5,0,0.1,5,17,0,0,50,1,0,6,a31e79a1e467832d26e186b1da2d1b4f23710655c978ab02c954be5fbc57db1b
reference,loot-crate,5973617,0,6973617,6,0,0.12,6,20,0,1,400,0,0,9,97cc893fc2928dd2869a30474167b837fc547b91fa495170b6cf6f7e1a2861b1
reference,loot-crate,5973618,0,6973618,13,0,0.26,13,42,0,0,122,1,0,14,2bef82013215f606b28f38f23af2001e392ee9b2872396e8ac1dd1c23112d924
reference,loot-crate,5973619,0,6973619,2,0,0.04,2,7,0,0,37,1,0,4,1ab9895bb2436d008766046676206a0376331e516c358ef9207dec47ae1676f7
reference,loot-crate,5973620,0,6973620,17,0,0.34,17,43,0,0,115,1,0,13,587d9ad597604dd8bb626aa88147a3d0935e295908c8628a7ca133d149ea4a51
reference,loot-crate,5973621,0,6973621,7,0,0.14,7,22,0,1,400,0,0,11,3b38a0b63a4c51bdf433cfd2be8604af30555f6178858121fbf298bedcabde13
reference,loot-crate,5973622,0,6973622,2,0,0.04,2,12,0,1,400,0,0,5,ba817f04d1474a6d1d1ea6ce519c320ec0505112746bda274eba80493ad28be9
reference,loot-crate,5973623,0,6973623,2,0,0.04,2,6,0,0,16,1,0,2,9e2d4c12393f40576292f332e915bc681dbb8fd888cfad4bd2432c584f222985
reference,loot-crate,5973624,0,6973624,1,0,0.02,1,8,0,1,400,0,0,2,ba66fe28d2c702070c4b40ab04b0baaff6b02254605e5c9e9ceb56f5e064434c
reference,loot-crate,5973625,0,6973625,0,0,0.0,0,4,0,0,16,1,0,2,c761b4550ba4c278d7242fadaa2bdacc47c8a87f19bf96978f3a03d3abd5cc6d
reference,loot-crate,5973626,0,6973626,13,0,0.26,13,34,0,0,94,1,0,11,91db523f08db5ae90a5494ecd49111626442d54361ce53dc2f25abcec50401a0
reference,loot-crate,5973627,0,6973627,13,0,0.26,13,36,0,1,400,0,0,15,8b23a6fb5728a894466e1e7961d63ffabe1cf4cd5d4963548404268d5621e761
reference,loot-crate,5973628,0,6973628,10,0,0.2,10,28,0,1,400,0,0,9,488069ce7a1c0eb86879dba6d20d9a4b3e7469a3c016b8739752277b6b87f2b2
reference,loot-crate,5973629,0,6973629,36,0,0.72,36,88,0,1,400,0,0,48,0b070bb3937848a71c383adee468e9ad8c8f3eaf53aba785c5891dd6808843f9
reference,loot-crate,5973630,0,6973630,5,0,0.1,5,16,0,0,78,1,0,10,7d1ca16a2fdd01da3d5c74c665c17f9349868bdf06ab043faf0bf401a5bcd8de
reference,loot-crate,5973631,0,6973631,17,0,0.34,17,53,0,0,176,1,0,21,54c8f6918a8b79fc94f4c5340aa5b68134172755faf28bdfb8837ff1879298f1
reference,loot-crate,5973632,0,6973632,14,0,0.28,14,46,0,0,131,1,0,16,8f1c2cafa3358ea7c7c1ac4c975b43369b7d8f34d2d6ad7fa350417b55b56ba7
reference,loot-crate,5973633,0,6973633,1,0,0.02,1,12,0,0,34,1,0,5,ea2270d9f894f32e40e783ca12f14bc2345db0ce69e853695f26f7dd836614f1
reference,loot-crate,5973634,0,6973634,19,0,0.38,19,52,0,1,400,0,0,27,8be54653f1ccb7518d53db9e2ba906d5ca48e484c09fe90996863ad0507d5d80
reference,loot-crate,5973635,0,6973635,3,0,0.06,3,8,0,0,32,1,0,4,45391d3581c763154916bd74c615197fab7e59b0a9534f67f4212cb5f35af381
reference,loot-crate,5973636,0,6973636,2,0,0.04,2,8,0,0,31,1,0,4,42111c52e06a0bec222678f39069000b61740fb7e03d38403319ceba88e5ae22
reference,loot-crate,5973637,0,6973637,0,0,0.0,0,3,0,0,7,1,0,1,bec5dcd249e32c25e08bfd78ae45bacf24fc731a13a009bc818898df7a3fe547
reference,loot-crate,5973638,0,6973638,27,0,0.54,27,58,0,1,400,0,0,29,0886b9e6ba1676c693e467b4a5d6c24bdeef6570f76f00531e9bd1e2c558b552
reference,loot-crate,5973639,0,6973639,13,0,0.26,13,32,0,0,136,1,0,18,9b4e5125da6bca1983c770e6a97a3d083fbc96c5e57c48e93a4aaf85f4dc9ccd
reference,loot-crate,5973640,0,6973640,0,0,0.0,0,2,0,0,6,1,0,1,064e5a46da65e7d72d07c580e02f470447caa1b06e6139a3197f4344136ef1c6
reference,loot-crate,5973601,1,6973601,34,0,0.68,34,93,0,0,337,1,0,39,fde62031b2afd7d58c2e2336bb8032ffcf942955c9891bd55cac675fc2c5aa7f
reference,loot-crate,5973602,1,6973602,9,0,0.18,9,24,0,1,400,0,0,8,31f3f015a986c6a7bdc29e2b2b7594649619a15cf11bd5a1aef4179c770097a0
reference,loot-crate,5973603,1,6973603,5,0,0.1,5,22,0,1,400,0,0,8,ba968a3feb6f7ce842a88c16d9503a65b14cbbc620142ec01cefec2573dc952c
reference,loot-crate,5973604,1,6973604,12,0,0.24,12,39,0,1,400,0,0,18,aca8963f32c021e424cd90365ffd4cce219ddcc45f11de844d509af3add55797
reference,loot-crate,5973605,1,6973605,23,0,0.46,23,64,0,1,400,0,0,23,eab178cbd1cf8321f5bbd8bb5e0e5d6a5b230ed5c7b73ca8b25b9b44397bbfe0
reference,loot-crate,5973606,1,6973606,0,0,0.0,0,3,0,0,7,1,0,1,bec5dcd249e32c25e08bfd78ae45bacf24fc731a13a009bc818898df7a3fe547
reference,loot-crate,5973607,1,6973607,1,0,0.02,1,9,0,0,38,1,0,5,cc0c5338b6bc6d762dc2ea74e12782d84f346e801c3089b3245e8d3d18d9c5c6
reference,loot-crate,5973608,1,6973608,11,0,0.22,11,35,0,1,400,0,0,18,c2188d29efe072083f2e797abe66c21cb17c421ac79901434b76b6d023bd9d9d
reference,loot-crate,5973609,1,6973609,2,0,0.04,2,8,0,1,400,0,0,3,4b7de92ad926ace522606f6b3703adf77979371b4292a239d32b82853715ea00
reference,loot-crate,5973610,1,6973610,8,0,0.16,8,36,0,0,138,1,0,18,a9986214449ac36626fade8c5999ad77f87a41dfd6c385c1b3be63aba1c42ee8
reference,loot-crate,5973611,1,6973611,0,0,0.0,0,0,0,1,400,0,0,0,2c98cb549ba8c5312c532da67cc4c60bc3db7a0c376a72eae4e60c24ad94208d
reference,loot-crate,5973612,1,6973612,1,0,0.02,1,11,0,0,35,1,0,5,1b6b8519028bd0dae331cd7931726d51d405d62ec86be86e3c01a0073003cf86
reference,loot-crate,5973613,1,6973613,2,0,0.04,2,13,0,1,400,0,0,5,7b0405754af68f040e43e6107aa71aac90eab8976018187b6e99e333e00fc58d
reference,loot-crate,5973614,1,6973614,3,0,0.06,3,19,0,0,65,1,0,8,514991e5921a3787a6bfd182b055bd75d2d45a7d76f7b628ef8992f8725d1199
reference,loot-crate,5973615,1,6973615,1,0,0.02,1,11,0,1,400,0,0,4,7dc9343f6767cd52ea069f8dc71dd6b66918849c59c50637c6d2d8a659868890
reference,loot-crate,5973616,1,6973616,5,0,0.1,5,17,0,0,50,1,0,6,a31e79a1e467832d26e186b1da2d1b4f23710655c978ab02c954be5fbc57db1b
reference,loot-crate,5973617,1,6973617,6,0,0.12,6,20,0,1,400,0,0,9,97cc893fc2928dd2869a30474167b837fc547b91fa495170b6cf6f7e1a2861b1
reference,loot-crate,5973618,1,6973618,13,0,0.26,13,42,0,0,122,1,0,14,2bef82013215f606b28f38f23af2001e392ee9b2872396e8ac1dd1c23112d924
reference,loot-crate,5973619,1,6973619,2,0,0.04,2,7,0,0,37,1,0,4,1ab9895bb2436d008766046676206a0376331e516c358ef9207dec47ae1676f7
reference,loot-crate,5973620,1,6973620,17,0,0.34,17,43,0,0,115,1,0,13,587d9ad597604dd8bb626aa88147a3d0935e295908c8628a7ca133d149ea4a51
reference,loot-crate,5973621,1,6973621,7,0,0.14,7,22,0,1,400,0,0,11,3b38a0b63a4c51bdf433cfd2be8604af30555f6178858121fbf298bedcabde13
reference,loot-crate,5973622,1,6973622,2,0,0.04,2,12,0,1,400,0,0,5,ba817f04d1474a6d1d1ea6ce519c320ec0505112746bda274eba80493ad28be9
reference,loot-crate,5973623,1,6973623,2,0,0.04,2,6,0,0,16,1,0,2,9e2d4c12393f40576292f332e915bc681dbb8fd888cfad4bd2432c584f222985
reference,loot-crate,5973624,1,6973624,1,0,0.02,1,8,0,1,400,0,0,2,ba66fe28d2c702070c4b40ab04b0baaff6b02254605e5c9e9ceb56f5e064434c
reference,loot-crate,5973625,1,6973625,0,0,0.0,0,4,0,0,16,1,0,2,c761b4550ba4c278d7242fadaa2bdacc47c8a87f19bf96978f3a03d3abd5cc6d
reference,loot-crate,5973626,1,6973626,13,0,0.26,13,34,0,0,94,1,0,11,91db523f08db5ae90a5494ecd49111626442d54361ce53dc2f25abcec50401a0
reference,loot-crate,5973627,1,6973627,13,0,0.26,13,36,0,1,400,0,0,15,8b23a6fb5728a894466e1e7961d63ffabe1cf4cd5d4963548404268d5621e761
reference,loot-crate,5973628,1,6973628,10,0,0.2,10,28,0,1,400,0,0,9,488069ce7a1c0eb86879dba6d20d9a4b3e7469a3c016b8739752277b6b87f2b2
reference,loot-crate,5973629,1,6973629,36,0,0.72,36,88,0,1,400,0,0,48,0b070bb3937848a71c383adee468e9ad8c8f3eaf53aba785c5891dd6808843f9
reference,loot-crate,5973630,1,6973630,5,0,0.1,5,16,0,0,78,1,0,10,7d1ca16a2fdd01da3d5c74c665c17f9349868bdf06ab043faf0bf401a5bcd8de
reference,loot-crate,5973631,1,6973631,17,0,0.34,17,53,0,0,176,1,0,21,54c8f6918a8b79fc94f4c5340aa5b68134172755faf28bdfb8837ff1879298f1
reference,loot-crate,5973632,1,6973632,14,0,0.28,14,46,0,0,131,1,0,16,8f1c2cafa3358ea7c7c1ac4c975b43369b7d8f34d2d6ad7fa350417b55b56ba7
reference,loot-crate,5973633,1,6973633,1,0,0.02,1,12,0,0,34,1,0,5,ea2270d9f894f32e40e783ca12f14bc2345db0ce69e853695f26f7dd836614f1
reference,loot-crate,5973634,1,6973634,19,0,0.38,19,52,0,1,400,0,0,27,8be54653f1ccb7518d53db9e2ba906d5ca48e484c09fe90996863ad0507d5d80
reference,loot-crate,5973635,1,6973635,3,0,0.06,3,8,0,0,32,1,0,4,45391d3581c763154916bd74c615197fab7e59b0a9534f67f4212cb5f35af381
reference,loot-crate,5973636,1,6973636,2,0,0.04,2,8,0,0,31,1,0,4,42111c52e06a0bec222678f39069000b61740fb7e03d38403319ceba88e5ae22
reference,loot-crate,5973637,1,6973637,0,0,0.0,0,3,0,0,7,1,0,1,bec5dcd249e32c25e08bfd78ae45bacf24fc731a13a009bc818898df7a3fe547
reference,loot-crate,5973638,1,6973638,27,0,0.54,27,58,0,1,400,0,0,29,0886b9e6ba1676c693e467b4a5d6c24bdeef6570f76f00531e9bd1e2c558b552
reference,loot-crate,5973639,1,6973639,13,0,0.26,13,32,0,0,136,1,0,18,9b4e5125da6bca1983c770e6a97a3d083fbc96c5e57c48e93a4aaf85f4dc9ccd
reference,loot-crate,5973640,1,6973640,0,0,0.0,0,2,0,0,6,1,0,1,064e5a46da65e7d72d07c580e02f470447caa1b06e6139a3197f4344136ef1c6
reference,classic-empty,5973701,0,6973701,4,0,0.4444444444444444,4,56,0,1,400,0,0,54,2d4958b18c9843e8d0032daff4bf0197cbce86fc5d903178db993bbbed819af2
reference,classic-empty,5973702,0,6973702,3,0,0.3333333333333333,3,73,0,0,186,1,0,26,523ec791e88f784f27e2c6f73e7254f6c2545092acd95670579e5e732d97db62
reference,classic-empty,5973703,0,6973703,2,0,0.2222222222222222,2,61,0,0,179,1,0,25,132afb824df2beedadd13cf8782920eaf22a4cafa6e76fb54bb6429514f0db25
reference,classic-empty,5973704,0,6973704,7,0,0.7777777777777778,7,82,0,1,400,0,0,54,03008e0b7f84f39124462bff639dd6c667fa1edf6166bc0fd1d0feb929446e48
reference,classic-empty,5973705,0,6973705,5,0,0.5555555555555556,5,48,0,1,400,0,0,16,c99e93f38e687f2514c3d5986baa0ffddba72017f210a6dd91ead514313f1dcb
reference,classic-empty,5973706,0,6973706,3,0,0.3333333333333333,3,30,0,1,400,0,0,15,921e6bd807e3f326c1d58e7aff5c64f83461d6cdfc4fb5d86ec1e75c044799ff
reference,classic-empty,5973707,0,6973707,8,0,0.8888888888888888,8,110,0,1,400,0,0,54,18417997020f8286411374388c22c4f9a9abba55383f29ba199a55777ae3487a
reference,classic-empty,5973708,0,6973708,2,0,0.2222222222222222,2,33,0,1,400,0,0,57,9d7808186aabfd7b5911fcb90b41fe6afd754f91d4374b94b3b19e2a69f37340
reference,classic-empty,5973709,0,6973709,2,0,0.2222222222222222,2,19,0,0,70,1,0,10,44412a37ebbcb1116f6658c1cc14794b53ce2612bb28b6bebeb1bf309aebd031
reference,classic-empty,5973710,0,6973710,4,0,0.4444444444444444,4,99,0,1,400,0,0,54,4ae0edb3882ec7a6b123f9a4e4f73fe65814c5538db0d37bcfa05cb0e6bc6c78
reference,classic-empty,5973711,0,6973711,4,0,0.4444444444444444,4,55,0,1,400,0,0,52,eb92c6e27922db66ad1a2b5d019be6371b6d14d63b23c1bf6fc745c153e2f9f5
reference,classic-empty,5973712,0,6973712,7,0,0.7777777777777778,7,106,0,1,400,0,0,52,afbc820463b222dceea9c51dcf2028424c92368701cd10c8080d1535c60333e0
reference,classic-empty,5973713,0,6973713,0,0,0.0,0,14,0,1,400,0,0,42,7d609ac41efcd21edbb15574d1f4f382c57fe496e0e43b7893716f840deb693c
reference,classic-empty,5973714,0,6973714,1,0,0.1111111111111111,1,12,0,0,36,1,0,5,1b7b1c6477626fcd033e0a9f276dc8d3624904a3e14c4f5d35112519b84139fa
reference,classic-empty,5973715,0,6973715,0,0,0.0,0,8,0,1,400,0,0,3,e4619cca2ac43c89cf9fbf09d4d46aa8156d53bed08e15f98ed7e96fb858c775
reference,classic-empty,5973716,0,6973716,5,0,0.5555555555555556,5,86,0,1,400,0,0,48,76dea07911964576e4d38f6fb42dc670fb0e3350e9d951bf98a13d705dcb2dad
reference,classic-empty,5973717,0,6973717,9,0,1.0,9,109,0,1,400,0,0,54,6107effe97cc2b86eaf7d58c41ae68e9440a7d43ef5e46ce64377c3f72958c02
reference,classic-empty,5973718,0,6973718,6,0,0.6666666666666666,6,82,0,1,400,0,0,36,7dfe68ae8b25a558f844a7f95c2e34790b2b55ceee7c661fce350ca4cb1df2f4
reference,classic-empty,5973719,0,6973719,2,0,0.2222222222222222,2,22,0,1,400,0,0,53,8d5b24d6cbcd14f77397fe7917c371d7da5c1321131abf075ccea343be60cce4
reference,classic-empty,5973720,0,6973720,6,0,0.6666666666666666,6,82,0,1,400,0,0,46,3fe421a73d1c1242b0c2822afaf91d5793cf1f5e2386b7d8d1975ce47e12f98c
reference,classic-empty,5973721,0,6973721,0,0,0.0,0,10,0,0,27,1,0,4,13765e183f59f4255a7cad5d5bfc7c9957c5f7f1c14b2bc2e1d623b506be876e
reference,classic-empty,5973722,0,6973722,4,0,0.4444444444444444,4,35,0,1,400,0,0,12,10d3732ea57d75490bc61965f465d3e71aebcf2f08e50904e6b134156106e21a
reference,classic-empty,5973723,0,6973723,2,0,0.2222222222222222,2,50,0,1,400,0,0,33,deb20828e542ad73cdb66e7b1ab2cad12ef29d284b7e27c38343bf41fa716993
reference,classic-empty,5973724,0,6973724,7,0,0.7777777777777778,7,79,0,1,400,0,0,41,a41a0a7113d0c5bf21bab5be3dac07d23bc8d44a0e932deaf5f63f78c45a0b42
reference,classic-empty,5973725,0,6973725,3,0,0.3333333333333333,3,54,0,1,400,0,0,24,972a6ac78475a8cf043324ef50b480186f48052d44e515d6b50a8234987d8cd4
reference,classic-empty,5973726,0,6973726,1,0,0.1111111111111111,1,40,0,1,400,0,0,18,fea5114e963a22f2fdc8f857994b7a7a8fbecb111b07b4e680b1c97141f3cd9f
reference,classic-empty,5973727,0,6973727,3,0,0.3333333333333333,3,45,0,1,400,0,0,53,a487c5c1b73bf9e44f93a6d97e3f9678dce614c031b2d6b79227311066d9524c
reference,classic-empty,5973728,0,6973728,6,0,0.6666666666666666,6,66,0,1,400,0,0,50,4976614d7435f37ce6eb9ff68aacab186232f93fc03267920b634b403a464036
reference,classic-empty,5973729,0,6973729,2,0,0.2222222222222222,2,24,0,1,400,0,0,10,8438b138555cd59c6145f644c0601b3944804bf1e19cc7274c06753f649ef476
reference,classic-empty,5973730,0,6973730,9,0,1.0,9,110,0,1,400,0,0,52,ec1bd75e764ca41325427f6a354e18390a34bdef86de2deb1d2b40084166933c
reference,classic-empty,5973731,0,6973731,1,0,0.1111111111111111,1,16,0,1,400,0,0,41,540db278a1647aa9a44a974fac8d16d75c58288605a85b8d8d15405dd95a3497
reference,classic-empty,5973732,0,6973732,2,0,0.2222222222222222,2,55,0,1,400,0,0,48,e8b4290f7b7234fc2ac7e9340286b94ddcb5aa7645cec9a938e98e7aac4a12c1
reference,classic-empty,5973733,0,6973733,1,0,0.1111111111111111,1,39,0,0,130,1,0,18,8904d1d8ab0fa3c3b4e87e1ad242ebc2205236c7f8b4b94c46498795f36d33ff
reference,classic-empty,5973734,0,6973734,7,0,0.7777777777777778,7,106,0,1,400,0,0,54,6cc7bd8bc1dc04b31ae6ec5d6e797d980c4c561fcd8f8c9a0c6e7fa03e7314a5
reference,classic-empty,5973735,0,6973735,8,0,0.8888888888888888,8,94,0,1,400,0,0,53,86d4df58639c1a2676d5151921bfb8399ee7240a2de778a8a93c8aaad75d8fc0
reference,classic-empty,5973736,0,6973736,1,0,0.1111111111111111,1,14,0,1,400,0,0,42,1ba0679355f30a4b2b771f7f714bb213b3bf22cebd99d5a86c0117ca294786ae
reference,classic-empty,5973737,0,6973737,7,0,0.7777777777777778,7,65,0,1,400,0,0,52,eab8dba3c8cdb30bd509eb5c76f23684446faf82ed8d3f89238c62fd9f0b3002
reference,classic-empty,5973738,0,6973738,8,0,0.8888888888888888,8,99,0,1,400,0,0,52,5ae97a3b216524116d03cd499c5e250f2cee30c2aaa9d23f2ad74d3ab26ca1a2
reference,classic-empty,5973739,0,6973739,1,0,0.1111111111111111,1,15,0,1,400,0,0,41,6403ffbfa1372be9c8079db8952736901edb20c5f35ec6b5915725273d6dcebd
reference,classic-empty,5973740,0,6973740,2,0,0.2222222222222222,2,51,0,1,400,0,0,55,361e24969ba91d1d966d1bbdd2b9009101278dd95a2003180eb0c47466de9256
reference,classic-empty,5973701,1,6973701,4,0,0.4444444444444444,4,56,0,1,400,0,0,54,2d4958b18c9843e8d0032daff4bf0197cbce86fc5d903178db993bbbed819af2
reference,classic-empty,5973702,1,6973702,3,0,0.3333333333333333,3,73,0,0,186,1,0,26,523ec791e88f784f27e2c6f73e7254f6c2545092acd95670579e5e732d97db62
reference,classic-empty,5973703,1,6973703,2,0,0.2222222222222222,2,61,0,0,179,1,0,25,132afb824df2beedadd13cf8782920eaf22a4cafa6e76fb54bb6429514f0db25
reference,classic-empty,5973704,1,6973704,7,0,0.7777777777777778,7,82,0,1,400,0,0,54,03008e0b7f84f39124462bff639dd6c667fa1edf6166bc0fd1d0feb929446e48
reference,classic-empty,5973705,1,6973705,5,0,0.5555555555555556,5,48,0,1,400,0,0,16,c99e93f38e687f2514c3d5986baa0ffddba72017f210a6dd91ead514313f1dcb
reference,classic-empty,5973706,1,6973706,3,0,0.3333333333333333,3,30,0,1,400,0,0,15,921e6bd807e3f326c1d58e7aff5c64f83461d6cdfc4fb5d86ec1e75c044799ff
reference,classic-empty,5973707,1,6973707,8,0,0.8888888888888888,8,110,0,1,400,0,0,54,18417997020f8286411374388c22c4f9a9abba55383f29ba199a55777ae3487a
reference,classic-empty,5973708,1,6973708,2,0,0.2222222222222222,2,33,0,1,400,0,0,57,9d7808186aabfd7b5911fcb90b41fe6afd754f91d4374b94b3b19e2a69f37340
reference,classic-empty,5973709,1,6973709,2,0,0.2222222222222222,2,19,0,0,70,1,0,10,44412a37ebbcb1116f6658c1cc14794b53ce2612bb28b6bebeb1bf309aebd031
reference,classic-empty,5973710,1,6973710,4,0,0.4444444444444444,4,99,0,1,400,0,0,54,4ae0edb3882ec7a6b123f9a4e4f73fe65814c5538db0d37bcfa05cb0e6bc6c78
reference,classic-empty,5973711,1,6973711,4,0,0.4444444444444444,4,55,0,1,400,0,0,52,eb92c6e27922db66ad1a2b5d019be6371b6d14d63b23c1bf6fc745c153e2f9f5
reference,classic-empty,5973712,1,6973712,7,0,0.7777777777777778,7,106,0,1,400,0,0,52,afbc820463b222dceea9c51dcf2028424c92368701cd10c8080d1535c60333e0
reference,classic-empty,5973713,1,6973713,0,0,0.0,0,14,0,1,400,0,0,42,7d609ac41efcd21edbb15574d1f4f382c57fe496e0e43b7893716f840deb693c
reference,classic-empty,5973714,1,6973714,1,0,0.1111111111111111,1,12,0,0,36,1,0,5,1b7b1c6477626fcd033e0a9f276dc8d3624904a3e14c4f5d35112519b84139fa
reference,classic-empty,5973715,1,6973715,0,0,0.0,0,8,0,1,400,0,0,3,e4619cca2ac43c89cf9fbf09d4d46aa8156d53bed08e15f98ed7e96fb858c775
reference,classic-empty,5973716,1,6973716,5,0,0.5555555555555556,5,86,0,1,400,0,0,48,76dea07911964576e4d38f6fb42dc670fb0e3350e9d951bf98a13d705dcb2dad
reference,classic-empty,5973717,1,6973717,9,0,1.0,9,109,0,1,400,0,0,54,6107effe97cc2b86eaf7d58c41ae68e9440a7d43ef5e46ce64377c3f72958c02
reference,classic-empty,5973718,1,6973718,6,0,0.6666666666666666,6,82,0,1,400,0,0,36,7dfe68ae8b25a558f844a7f95c2e34790b2b55ceee7c661fce350ca4cb1df2f4
reference,classic-empty,5973719,1,6973719,2,0,0.2222222222222222,2,22,0,1,400,0,0,53,8d5b24d6cbcd14f77397fe7917c371d7da5c1321131abf075ccea343be60cce4
reference,classic-empty,5973720,1,6973720,6,0,0.6666666666666666,6,82,0,1,400,0,0,46,3fe421a73d1c1242b0c2822afaf91d5793cf1f5e2386b7d8d1975ce47e12f98c
reference,classic-empty,5973721,1,6973721,0,0,0.0,0,10,0,0,27,1,0,4,13765e183f59f4255a7cad5d5bfc7c9957c5f7f1c14b2bc2e1d623b506be876e
reference,classic-empty,5973722,1,6973722,4,0,0.4444444444444444,4,35,0,1,400,0,0,12,10d3732ea57d75490bc61965f465d3e71aebcf2f08e50904e6b134156106e21a
reference,classic-empty,5973723,1,6973723,2,0,0.2222222222222222,2,50,0,1,400,0,0,33,deb20828e542ad73cdb66e7b1ab2cad12ef29d284b7e27c38343bf41fa716993
reference,classic-empty,5973724,1,6973724,7,0,0.7777777777777778,7,79,0,1,400,0,0,41,a41a0a7113d0c5bf21bab5be3dac07d23bc8d44a0e932deaf5f63f78c45a0b42
reference,classic-empty,5973725,1,6973725,3,0,0.3333333333333333,3,54,0,1,400,0,0,24,972a6ac78475a8cf043324ef50b480186f48052d44e515d6b50a8234987d8cd4
reference,classic-empty,5973726,1,6973726,1,0,0.1111111111111111,1,40,0,1,400,0,0,18,fea5114e963a22f2fdc8f857994b7a7a8fbecb111b07b4e680b1c97141f3cd9f
reference,classic-empty,5973727,1,6973727,3,0,0.3333333333333333,3,45,0,1,400,0,0,53,a487c5c1b73bf9e44f93a6d97e3f9678dce614c031b2d6b79227311066d9524c
reference,classic-empty,5973728,1,6973728,6,0,0.6666666666666666,6,66,0,1,400,0,0,50,4976614d7435f37ce6eb9ff68aacab186232f93fc03267920b634b403a464036
reference,classic-empty,5973729,1,6973729,2,0,0.2222222222222222,2,24,0,1,400,0,0,10,8438b138555cd59c6145f644c0601b3944804bf1e19cc7274c06753f649ef476
reference,classic-empty,5973730,1,6973730,9,0,1.0,9,110,0,1,400,0,0,52,ec1bd75e764ca41325427f6a354e18390a34bdef86de2deb1d2b40084166933c
reference,classic-empty,5973731,1,6973731,1,0,0.1111111111111111,1,16,0,1,400,0,0,41,540db278a1647aa9a44a974fac8d16d75c58288605a85b8d8d15405dd95a3497
reference,classic-empty,5973732,1,6973732,2,0,0.2222222222222222,2,55,0,1,400,0,0,48,e8b4290f7b7234fc2ac7e9340286b94ddcb5aa7645cec9a938e98e7aac4a12c1
reference,classic-empty,5973733,1,6973733,1,0,0.1111111111111111,1,39,0,0,130,1,0,18,8904d1d8ab0fa3c3b4e87e1ad242ebc2205236c7f8b4b94c46498795f36d33ff
reference,classic-empty,5973734,1,6973734,7,0,0.7777777777777778,7,106,0,1,400,0,0,54,6cc7bd8bc1dc04b31ae6ec5d6e797d980c4c561fcd8f8c9a0c6e7fa03e7314a5
reference,classic-empty,5973735,1,6973735,8,0,0.8888888888888888,8,94,0,1,400,0,0,53,86d4df58639c1a2676d5151921bfb8399ee7240a2de778a8a93c8aaad75d8fc0
reference,classic-empty,5973736,1,6973736,1,0,0.1111111111111111,1,14,0,1,400,0,0,42,1ba0679355f30a4b2b771f7f714bb213b3bf22cebd99d5a86c0117ca294786ae
reference,classic-empty,5973737,1,6973737,7,0,0.7777777777777778,7,65,0,1,400,0,0,52,eab8dba3c8cdb30bd509eb5c76f23684446faf82ed8d3f89238c62fd9f0b3002
reference,classic-empty,5973738,1,6973738,8,0,0.8888888888888888,8,99,0,1,400,0,0,52,5ae97a3b216524116d03cd499c5e250f2cee30c2aaa9d23f2ad74d3ab26ca1a2
reference,classic-empty,5973739,1,6973739,1,0,0.1111111111111111,1,15,0,1,400,0,0,41,6403ffbfa1372be9c8079db8952736901edb20c5f35ec6b5915725273d6dcebd
reference,classic-empty,5973740,1,6973740,2,0,0.2222222222222222,2,51,0,1,400,0,0,55,361e24969ba91d1d966d1bbdd2b9009101278dd95a2003180eb0c47466de9256
control-r1,classic-peaceful,5973401,0,6973401,9,1,1.0,9,100,0,0,345,1,0,45,e295130f052b9310bd323cf8ac423c2f91463acddb0ee109bc649c7364556f29
control-r1,classic-peaceful,5973402,0,6973402,0,0,0.0,0,13,0,1,400,0,0,7,3d471b99ba82c163243af31416a0e1e668e94f3a3de7e47b9f507c6392b9dd9c
control-r1,classic-peaceful,5973403,0,6973403,1,1,0.1111111111111111,1,57,0,1,400,0,0,27,58324cdd94be83610ad5fe8336460ee2e93dd6131255e7e79133f95a20aa0f67
control-r1,classic-peaceful,5973404,0,6973404,1,1,0.1111111111111111,1,23,0,1,400,0,0,8,853d9146af9572c8a0aad14e5e89071cf4c1805fc2bdb7ecb3477d5cf15982b7
control-r1,classic-peaceful,5973405,0,6973405,5,1,0.5555555555555556,5,71,0,1,400,0,0,37,ff00d0eac57d3018c97fff2939882aeaa4d71700d81dc6f02de0c5cd0b355d74
control-r1,classic-peaceful,5973406,0,6973406,1,1,0.1111111111111111,1,10,0,0,31,1,0,4,6f6095168cab21da4636a276e6d99a9108ab6499a469bf2a48abce870078dba9
control-r1,classic-peaceful,5973407,0,6973407,0,0,0.0,0,13,0,0,56,1,0,8,dfdfe933816fd822abf8d9807e1d649e54850c587cab69f1a045db00a75df8dc
control-r1,classic-peaceful,5973408,0,6973408,2,1,0.2222222222222222,2,12,0,1,400,0,0,4,b8efa5fbcadc72c4b0c3e25afdb0289009a4ad40697f8893f73044918b25b2fa
control-r1,classic-peaceful,5973409,0,6973409,1,1,0.1111111111111111,1,24,0,0,95,1,0,13,50226f7137c228465952e9d986849bfdf7355193508f7adbe12ebd18c082da49
control-r1,classic-peaceful,5973410,0,6973410,7,1,0.7777777777777778,7,88,0,1,400,0,0,52,21656ddb85e7d682eadf2869a28517f8ae19fc72e9e3d959ac680d0ca7240c24
control-r1,classic-peaceful,5973411,0,6973411,7,1,0.2222222222222222,2,43,1,1,400,0,0,52,4c27e5f5df8b916bd6ac94f1c2d5424dc41278f3d6526a3c74f981f2db2cd7e0
control-r1,classic-peaceful,5973412,0,6973412,4,1,0.4444444444444444,4,54,0,1,400,0,0,51,a99e4bfccae5ed0304dc042d2876650864e8605a540caea5b6fc69589a33d548
control-r1,classic-peaceful,5973413,0,6973413,2,1,0.2222222222222222,2,28,0,0,110,1,0,15,7b79e503cd03f5cab75a07161d96d5ac807d4bc583836f19cf49a0fe3abcb9e8
control-r1,classic-peaceful,5973414,0,6973414,3,1,0.3333333333333333,3,40,0,0,95,1,0,12,d5cce4209b7f5dd890126be0c382a99e72590b4bad84aa3c7c6344a62abab4fc
control-r1,classic-peaceful,5973415,0,6973415,10,1,0.5555555555555556,5,90,1,1,400,0,0,51,5e1f64af2b24ad1a806b2ddacd990c09b9f4b7721c0289d36d061d6d4b31b22b
control-r1,classic-peaceful,5973416,0,6973416,1,1,0.1111111111111111,1,30,0,1,400,0,0,56,4ed94ff18b761897fbed96504bcfe2756915d1486e3b0d44166ab13872176ad5
control-r1,classic-peaceful,5973417,0,6973417,2,1,0.2222222222222222,2,39,0,1,400,0,0,16,6f4e23bd2d695a133ad52e13df632b66b7143c10d38c844affb5ba9b5a342346
control-r1,classic-peaceful,5973418,0,6973418,7,1,0.7777777777777778,7,100,0,1,400,0,0,54,ce2a32a5c6f5fcf03acd8c4c67446fdf26aa3d9bfd713a64a5b1de57a71f60c3
control-r1,classic-peaceful,5973419,0,6973419,8,1,0.8888888888888888,8,101,0,1,400,0,0,53,54ead370bcf03edac1bb30022e2fa4ba7b6c8557ae09a0aa99ddd86be4d5a959
control-r1,classic-peaceful,5973420,0,6973420,1,1,0.1111111111111111,1,34,0,0,144,1,0,20,bb383998f2c2776c72a9fbebe1510cdb5204d96d81c93febfbc2f5cd88304cf2
control-r1,classic-peaceful,5973421,0,6973421,6,1,0.6666666666666666,6,98,0,1,400,0,0,55,e97055647f1948058d397c84c353ce14a882ed71854d96ec746b583f61b0b419
control-r1,classic-peaceful,5973422,0,6973422,0,0,0.0,0,11,0,0,21,1,0,3,46c1831170840ffa59e9e75e7d4a468820fd4e12def3fd2c0cf278dc61313ca3
control-r1,classic-peaceful,5973423,0,6973423,7,1,0.2222222222222222,2,48,1,0,177,1,0,24,7e747b4c3a9e510ce23e06b913eee70a7ab87660894dd55092f4c0464dac23d5
control-r1,classic-peaceful,5973424,0,6973424,2,1,0.2222222222222222,2,69,0,1,400,0,0,30,2ba1b3e74b9253453ff72154d81eba4d86ef16b0f64554e1b3b6e144c086fe63
control-r1,classic-peaceful,5973425,0,6973425,7,1,0.7777777777777778,7,48,0,0,167,1,0,22,9769177dfd2953a492e0ec503682697a39b3b3177eeb9eb70cbff9a3db3ab99e
control-r1,classic-peaceful,5973426,0,6973426,13,1,0.8888888888888888,8,85,1,1,400,0,0,51,38a31176e69a3fb6d1bf058f52bdb74b87e3fef6d3d8b39ffbdc828c3c58a49e
control-r1,classic-peaceful,5973427,0,6973427,7,1,0.7777777777777778,7,104,0,1,400,0,1,49,9c357bd0090f58416c2b24ae2dae282456a933ed93f8915210beb6eb6aca9da0
control-r1,classic-peaceful,5973428,0,6973428,3,1,0.3333333333333333,3,42,0,1,400,0,0,52,1d96fb1ac2f5bc85d350a1a334d520a23beed08e3bcfd7f1d12b441111437a22
control-r1,classic-peaceful,5973429,0,6973429,3,1,0.3333333333333333,3,78,0,0,228,1,0,31,a33ec511c21035c5ed8aa8bc6665301c890d182d0a4f10c393714c2811aa6f14
control-r1,classic-peaceful,5973430,0,6973430,6,1,0.6666666666666666,6,95,0,1,400,0,0,53,0e89a15f973ac1cf842587eecff1009bc135ca75c4107f9151373001efbe0dcb
control-r1,classic-peaceful,5973431,0,6973431,0,0,0.0,0,7,0,1,400,0,0,4,9a71edf5953be858ae4bf4d955467d64cf06bcabffd27439d903858400bd2fd1
control-r1,classic-peaceful,5973432,0,6973432,5,1,0.5555555555555556,5,70,0,0,241,1,0,32,c70aeffac2465e789f91c4b7abaf234817292fc888783c0924ac188f3b33bb51
control-r1,classic-peaceful,5973433,0,6973433,0,0,0.0,0,3,0,0,6,1,0,1,bcc10a95a7364417a08ffb9488382c4e4603e1e05f20121a6ac403bbde8476ba
control-r1,classic-peaceful,5973434,0,6973434,0,0,0.0,0,5,0,0,14,1,0,2,f7324561b7b03ad9b2cbfee56d44a406a0391969764f676a639831208f83e066
control-r1,classic-peaceful,5973435,0,6973435,2,1,0.2222222222222222,2,31,0,1,400,0,0,51,9a16472cc12d4eaad620ff1d576eab6c9a845660ef535aaff99e40ad252c6d0a
control-r1,classic-peaceful,5973436,0,6973436,3,1,0.3333333333333333,3,57,0,1,400,0,0,54,dbad13cb4e327db1bbc8ae72d5c8340d55d1da5871a3289522255506c7c4a4e5
control-r1,classic-peaceful,5973437,0,6973437,2,1,0.2222222222222222,2,27,0,0,81,1,0,9,1f44f3b14708067d0f8b89c6e9b5f6e04acf0b06cb6a2418d9ba4c77f4129a1e
control-r1,classic-peaceful,5973438,0,6973438,11,1,0.6666666666666666,6,91,1,1,400,0,0,52,0312d2d003c3a0c8ba38bfd503123e265114c4ab1af9cd9c2586c6ba7b5b770d
control-r1,classic-peaceful,5973439,0,6973439,0,0,0.0,0,8,0,1,400,0,0,41,7d7489f20a5fe0b4173c528162ca08e3378041d5a954285a6f0c22086d7ec055
control-r1,classic-peaceful,5973440,0,6973440,0,0,0.0,0,9,0,0,27,1,0,4,0723b0c34aeaa222aaf1c15d7e58f7ae7a7582393c75ebbfc59e7fc609839400
control-r1,classic-peaceful,5973401,1,6973401,9,1,1.0,9,100,0,0,345,1,0,45,e295130f052b9310bd323cf8ac423c2f91463acddb0ee109bc649c7364556f29
control-r1,classic-peaceful,5973402,1,6973402,0,0,0.0,0,13,0,1,400,0,0,7,3d471b99ba82c163243af31416a0e1e668e94f3a3de7e47b9f507c6392b9dd9c
control-r1,classic-peaceful,5973403,1,6973403,1,1,0.1111111111111111,1,57,0,1,400,0,0,27,58324cdd94be83610ad5fe8336460ee2e93dd6131255e7e79133f95a20aa0f67
control-r1,classic-peaceful,5973404,1,6973404,1,1,0.1111111111111111,1,23,0,1,400,0,0,8,853d9146af9572c8a0aad14e5e89071cf4c1805fc2bdb7ecb3477d5cf15982b7
control-r1,classic-peaceful,5973405,1,6973405,5,1,0.5555555555555556,5,71,0,1,400,0,0,37,ff00d0eac57d3018c97fff2939882aeaa4d71700d81dc6f02de0c5cd0b355d74
control-r1,classic-peaceful,5973406,1,6973406,1,1,0.1111111111111111,1,10,0,0,31,1,0,4,6f6095168cab21da4636a276e6d99a9108ab6499a469bf2a48abce870078dba9
control-r1,classic-peaceful,5973407,1,6973407,0,0,0.0,0,13,0,0,56,1,0,8,dfdfe933816fd822abf8d9807e1d649e54850c587cab69f1a045db00a75df8dc
control-r1,classic-peaceful,5973408,1,6973408,2,1,0.2222222222222222,2,12,0,1,400,0,0,4,b8efa5fbcadc72c4b0c3e25afdb0289009a4ad40697f8893f73044918b25b2fa
control-r1,classic-peaceful,5973409,1,6973409,1,1,0.1111111111111111,1,24,0,0,95,1,0,13,50226f7137c228465952e9d986849bfdf7355193508f7adbe12ebd18c082da49
control-r1,classic-peaceful,5973410,1,6973410,7,1,0.7777777777777778,7,88,0,1,400,0,0,52,21656ddb85e7d682eadf2869a28517f8ae19fc72e9e3d959ac680d0ca7240c24
control-r1,classic-peaceful,5973411,1,6973411,7,1,0.2222222222222222,2,43,1,1,400,0,0,52,4c27e5f5df8b916bd6ac94f1c2d5424dc41278f3d6526a3c74f981f2db2cd7e0
control-r1,classic-peaceful,5973412,1,6973412,4,1,0.4444444444444444,4,54,0,1,400,0,0,51,a99e4bfccae5ed0304dc042d2876650864e8605a540caea5b6fc69589a33d548
control-r1,classic-peaceful,5973413,1,6973413,2,1,0.2222222222222222,2,28,0,0,110,1,0,15,7b79e503cd03f5cab75a07161d96d5ac807d4bc583836f19cf49a0fe3abcb9e8
control-r1,classic-peaceful,5973414,1,6973414,3,1,0.3333333333333333,3,40,0,0,95,1,0,12,d5cce4209b7f5dd890126be0c382a99e72590b4bad84aa3c7c6344a62abab4fc
control-r1,classic-peaceful,5973415,1,6973415,10,1,0.5555555555555556,5,90,1,1,400,0,0,51,5e1f64af2b24ad1a806b2ddacd990c09b9f4b7721c0289d36d061d6d4b31b22b
control-r1,classic-peaceful,5973416,1,6973416,1,1,0.1111111111111111,1,30,0,1,400,0,0,56,4ed94ff18b761897fbed96504bcfe2756915d1486e3b0d44166ab13872176ad5
control-r1,classic-peaceful,5973417,1,6973417,2,1,0.2222222222222222,2,39,0,1,400,0,0,16,6f4e23bd2d695a133ad52e13df632b66b7143c10d38c844affb5ba9b5a342346
control-r1,classic-peaceful,5973418,1,6973418,7,1,0.7777777777777778,7,100,0,1,400,0,0,54,ce2a32a5c6f5fcf03acd8c4c67446fdf26aa3d9bfd713a64a5b1de57a71f60c3
control-r1,classic-peaceful,5973419,1,6973419,8,1,0.8888888888888888,8,101,0,1,400,0,0,53,54ead370bcf03edac1bb30022e2fa4ba7b6c8557ae09a0aa99ddd86be4d5a959
control-r1,classic-peaceful,5973420,1,6973420,1,1,0.1111111111111111,1,34,0,0,144,1,0,20,bb383998f2c2776c72a9fbebe1510cdb5204d96d81c93febfbc2f5cd88304cf2
control-r1,classic-peaceful,5973421,1,6973421,6,1,0.6666666666666666,6,98,0,1,400,0,0,55,e97055647f1948058d397c84c353ce14a882ed71854d96ec746b583f61b0b419
control-r1,classic-peaceful,5973422,1,6973422,0,0,0.0,0,11,0,0,21,1,0,3,46c1831170840ffa59e9e75e7d4a468820fd4e12def3fd2c0cf278dc61313ca3
control-r1,classic-peaceful,5973423,1,6973423,7,1,0.2222222222222222,2,48,1,0,177,1,0,24,7e747b4c3a9e510ce23e06b913eee70a7ab87660894dd55092f4c0464dac23d5
control-r1,classic-peaceful,5973424,1,6973424,2,1,0.2222222222222222,2,69,0,1,400,0,0,30,2ba1b3e74b9253453ff72154d81eba4d86ef16b0f64554e1b3b6e144c086fe63
control-r1,classic-peaceful,5973425,1,6973425,7,1,0.7777777777777778,7,48,0,0,167,1,0,22,9769177dfd2953a492e0ec503682697a39b3b3177eeb9eb70cbff9a3db3ab99e
control-r1,classic-peaceful,5973426,1,6973426,13,1,0.8888888888888888,8,85,1,1,400,0,0,51,38a31176e69a3fb6d1bf058f52bdb74b87e3fef6d3d8b39ffbdc828c3c58a49e
control-r1,classic-peaceful,5973427,1,6973427,7,1,0.7777777777777778,7,104,0,1,400,0,1,49,9c357bd0090f58416c2b24ae2dae282456a933ed93f8915210beb6eb6aca9da0
control-r1,classic-peaceful,5973428,1,6973428,3,1,0.3333333333333333,3,42,0,1,400,0,0,52,1d96fb1ac2f5bc85d350a1a334d520a23beed08e3bcfd7f1d12b441111437a22
control-r1,classic-peaceful,5973429,1,6973429,3,1,0.3333333333333333,3,78,0,0,228,1,0,31,a33ec511c21035c5ed8aa8bc6665301c890d182d0a4f10c393714c2811aa6f14
control-r1,classic-peaceful,5973430,1,6973430,6,1,0.6666666666666666,6,95,0,1,400,0,0,53,0e89a15f973ac1cf842587eecff1009bc135ca75c4107f9151373001efbe0dcb
control-r1,classic-peaceful,5973431,1,6973431,0,0,0.0,0,7,0,1,400,0,0,4,9a71edf5953be858ae4bf4d955467d64cf06bcabffd27439d903858400bd2fd1
control-r1,classic-peaceful,5973432,1,6973432,5,1,0.5555555555555556,5,70,0,0,241,1,0,32,c70aeffac2465e789f91c4b7abaf234817292fc888783c0924ac188f3b33bb51
control-r1,classic-peaceful,5973433,1,6973433,0,0,0.0,0,3,0,0,6,1,0,1,bcc10a95a7364417a08ffb9488382c4e4603e1e05f20121a6ac403bbde8476ba
control-r1,classic-peaceful,5973434,1,6973434,0,0,0.0,0,5,0,0,14,1,0,2,f7324561b7b03ad9b2cbfee56d44a406a0391969764f676a639831208f83e066
control-r1,classic-peaceful,5973435,1,6973435,2,1,0.2222222222222222,2,31,0,1,400,0,0,51,9a16472cc12d4eaad620ff1d576eab6c9a845660ef535aaff99e40ad252c6d0a
control-r1,classic-peaceful,5973436,1,6973436,3,1,0.3333333333333333,3,57,0,1,400,0,0,54,dbad13cb4e327db1bbc8ae72d5c8340d55d1da5871a3289522255506c7c4a4e5
control-r1,classic-peaceful,5973437,1,6973437,2,1,0.2222222222222222,2,27,0,0,81,1,0,9,1f44f3b14708067d0f8b89c6e9b5f6e04acf0b06cb6a2418d9ba4c77f4129a1e
control-r1,classic-peaceful,5973438,1,6973438,11,1,0.6666666666666666,6,91,1,1,400,0,0,52,0312d2d003c3a0c8ba38bfd503123e265114c4ab1af9cd9c2586c6ba7b5b770d
control-r1,classic-peaceful,5973439,1,6973439,0,0,0.0,0,8,0,1,400,0,0,41,7d7489f20a5fe0b4173c528162ca08e3378041d5a954285a6f0c22086d7ec055
control-r1,classic-peaceful,5973440,1,6973440,0,0,0.0,0,9,0,0,27,1,0,4,0723b0c34aeaa222aaf1c15d7e58f7ae7a7582393c75ebbfc59e7fc609839400
control-r1,coin-heaven,5973501,0,6973501,33,0,0.66,33,0,0,1,400,0,0,3,62c11cb30db9785cbd72e5dbe57e6080a0a172f99c9efcc2168e26aebb1537ca
control-r1,coin-heaven,5973502,0,6973502,12,0,0.24,12,0,0,1,400,0,0,0,72a491f54bfadc2cce340b6be66dda70d402189213f82df9def0be85d4220682
control-r1,coin-heaven,5973503,0,6973503,13,0,0.26,13,0,0,1,400,0,0,1,9be0a857d72e3e3ea06b478196c9227a1b6f89a9851a642ca8b762551bdd0e26
control-r1,coin-heaven,5973504,0,6973504,28,0,0.56,28,0,0,1,400,0,0,2,a096efabe57fc7224daa1eb8fe9a31e332b4d63a0524f1df6c9c4a28fe88e680
control-r1,coin-heaven,5973505,0,6973505,2,0,0.04,2,0,0,1,400,0,0,0,fc46d9a3d00fed802efdb19542436e42dcfed82986e415110824168de8e51073
control-r1,coin-heaven,5973506,0,6973506,6,0,0.12,6,0,0,1,400,0,0,2,e0e43529cd2d97882dbdf897a161872caa69685b06464f8ded2184af38acba29
control-r1,coin-heaven,5973507,0,6973507,4,0,0.08,4,0,0,1,400,0,0,1,3a90524e1e8a833ca2eb4f2e842d05a8aa83633231bd3016cc179bc2e6c0ed7b
control-r1,coin-heaven,5973508,0,6973508,7,0,0.14,7,0,0,1,400,0,0,1,ca6baf3e6298d8a76d5cb5ca5f7a000e1fd7ec9b5169bf35b49ac82ccfa3efce
control-r1,coin-heaven,5973509,0,6973509,10,0,0.2,10,0,0,1,400,0,0,0,037ddcd1e9a0aa68f4d3df7542b811c7252e0e3d8b737bec9d57faf2802361eb
control-r1,coin-heaven,5973510,0,6973510,35,0,0.7,35,0,0,1,400,0,0,3,6336095950e4cc6d3dbb1102810c665d51ae52e6837156700ff6416244dbd012
control-r1,coin-heaven,5973511,0,6973511,6,0,0.12,6,0,0,1,400,0,0,1,83e08e3c7f68db4d2d8da01190ce8431ebe7d26358527e0f083604d36ce45acd
control-r1,coin-heaven,5973512,0,6973512,3,0,0.06,3,0,0,1,400,0,0,0,7645fe1dab1cefc85e6eb743369681270fb597f6220a3e1cf81b3cd7bf8de9bd
control-r1,coin-heaven,5973513,0,6973513,3,0,0.06,3,0,0,1,400,0,0,0,1a3920774d41bd7a53c8b9c578aada25a0ce5c9bc9c6dc5009fc9b8cc7ebc3c4
control-r1,coin-heaven,5973514,0,6973514,5,0,0.1,5,0,0,1,400,0,0,0,fc3c867bddf5d66715de6dcc1f6cdb3a102f5ef8f1a60d179e662cc9ad9d5422
control-r1,coin-heaven,5973515,0,6973515,14,0,0.28,14,0,0,1,400,0,0,1,262a4caed661bebca866198621bdc502428df8c001fb1a27ee8ab7251d43b81a
control-r1,coin-heaven,5973516,0,6973516,4,0,0.08,4,0,0,1,400,0,0,0,d0d0b4cfa0ea9d8d77b752267e0ab1429d9b9e6ff18b45493dfef287bdf2271f
control-r1,coin-heaven,5973517,0,6973517,10,0,0.2,10,0,0,1,400,0,0,0,3ac5319217ca972a80a128c5451c46fde167d97a84c642360adfd79847466fd3
control-r1,coin-heaven,5973518,0,6973518,27,0,0.54,27,0,0,1,400,0,0,1,0a674403e7353735a4369c46389f46d2924abfe05da422c60229d99d1f088cb0
control-r1,coin-heaven,5973519,0,6973519,33,0,0.66,33,0,0,1,400,0,0,2,58ce04fce0c7cb80237fa394d5f9aedc49fb7a427149f213cc28baa5f4e05f71
control-r1,coin-heaven,5973520,0,6973520,5,0,0.1,5,0,0,1,400,0,0,0,fe839663d03ca6a74aa40def7517c5f21dfc0d86b65740e665b4f2c00d92cf79
control-r1,coin-heaven,5973521,0,6973521,16,0,0.32,16,0,0,1,400,0,0,1,7c5247fb0c106248b2d55a431dcae3da1a76351601aabae89dfe6e3f7fbedc1a
control-r1,coin-heaven,5973522,0,6973522,24,0,0.48,24,0,0,1,400,0,0,4,1563c6b56856a026792d1ea8ea1e10faf6590aac72fbf14cb69c887244899413
control-r1,coin-heaven,5973523,0,6973523,20,0,0.4,20,0,0,1,400,0,0,0,e551b5129cbc3873d08b97be88e835d44012f9392adadeeed4778b6473450118
control-r1,coin-heaven,5973524,0,6973524,35,0,0.7,35,0,0,1,400,0,0,2,d7de135a84ebfd07c3c5b81d73ceb2f777a621abc25fc1cbe13a9c361b933c01
control-r1,coin-heaven,5973525,0,6973525,0,0,0.0,0,0,0,1,400,0,0,0,f49e2d07ad7b7990c33143b698363cae0bfc89b82ed1839a336aa5fcc9af2747
control-r1,coin-heaven,5973526,0,6973526,0,0,0.0,0,0,0,1,400,0,0,0,f49e2d07ad7b7990c33143b698363cae0bfc89b82ed1839a336aa5fcc9af2747
control-r1,coin-heaven,5973527,0,6973527,3,0,0.06,3,0,0,1,400,0,0,0,151289f19bda4e658505802fe7136f300553a1a92da8262d6f5d111064fe2296
control-r1,coin-heaven,5973528,0,6973528,50,0,1.0,50,0,0,1,176,0,0,13,e55b3e178c1857eb87b304d26d7c13168fad532329ddff502b01f5d3cce90d05
control-r1,coin-heaven,5973529,0,6973529,26,0,0.52,26,0,0,1,400,0,0,3,37c24bf2172299b88986473a64ba16e8991bef83f410288dce3e6283f743ecb0
control-r1,coin-heaven,5973530,0,6973530,6,0,0.12,6,0,0,1,400,0,0,0,e2224d5aff9c8bcbcd35cfd6d12ca9267697d52bb3db9aea4c569c25b05baa5e
control-r1,coin-heaven,5973531,0,6973531,43,0,0.86,43,0,0,1,400,0,0,5,5ea55493def07f4f6ff86131921205aa8293fd0898605587abce5512fd2f7347
control-r1,coin-heaven,5973532,0,6973532,17,0,0.34,17,0,0,1,400,0,0,1,3811dd633b8da5531c015acfaa4695819bd6d755425b2353111ac8d962609b24
control-r1,coin-heaven,5973533,0,6973533,9,0,0.18,9,0,0,1,400,0,0,0,56f59facea5fa967ded2a6ba2220698e95be79c7a375805e3fa3dc5e04678bca
control-r1,coin-heaven,5973534,0,6973534,1,0,0.02,1,0,0,1,400,0,0,0,115989a02b60b006fe067b7b8e81ffb3b264526f764904adef8774f2f3187f97
control-r1,coin-heaven,5973535,0,6973535,4,0,0.08,4,0,0,1,400,0,0,1,e60a160b49183c5d08661b18fc5719fd227c7b23a589ddc759743541e53d5375
control-r1,coin-heaven,5973536,0,6973536,17,0,0.34,17,0,0,1,400,0,0,1,bbae261c4d5bf41f3a859f21405d55054bc10b1e90d4df8d1f608831b1b66cd6
control-r1,coin-heaven,5973537,0,6973537,6,0,0.12,6,0,0,1,400,0,0,0,7549440a499dec93d7aaeaf3c226f38bdbac96accebe2307a5695e55c12052b7
control-r1,coin-heaven,5973538,0,6973538,29,0,0.58,29,0,0,1,400,0,0,2,ec70ece08bdd5519ab717fd47b4ff231c854ba74628d7de2be0d8f848f28c2ca
control-r1,coin-heaven,5973539,0,6973539,12,0,0.24,12,0,0,1,400,0,0,2,75f42d08f2796636ed323768fd42d82f3f9c5cc9b2303e14ae707cbb20471d64
control-r1,coin-heaven,5973540,0,6973540,1,0,0.02,1,0,0,1,400,0,0,0,9fd3b429a36cd6056cdc473526f2543a4b969de562aee0dfba1fd0b1e913ff15
control-r1,coin-heaven,5973501,1,6973501,33,0,0.66,33,0,0,1,400,0,0,3,62c11cb30db9785cbd72e5dbe57e6080a0a172f99c9efcc2168e26aebb1537ca
control-r1,coin-heaven,5973502,1,6973502,12,0,0.24,12,0,0,1,400,0,0,0,72a491f54bfadc2cce340b6be66dda70d402189213f82df9def0be85d4220682
control-r1,coin-heaven,5973503,1,6973503,13,0,0.26,13,0,0,1,400,0,0,1,9be0a857d72e3e3ea06b478196c9227a1b6f89a9851a642ca8b762551bdd0e26
control-r1,coin-heaven,5973504,1,6973504,28,0,0.56,28,0,0,1,400,0,0,2,a096efabe57fc7224daa1eb8fe9a31e332b4d63a0524f1df6c9c4a28fe88e680
control-r1,coin-heaven,5973505,1,6973505,2,0,0.04,2,0,0,1,400,0,0,0,fc46d9a3d00fed802efdb19542436e42dcfed82986e415110824168de8e51073
control-r1,coin-heaven,5973506,1,6973506,6,0,0.12,6,0,0,1,400,0,0,2,e0e43529cd2d97882dbdf897a161872caa69685b06464f8ded2184af38acba29
control-r1,coin-heaven,5973507,1,6973507,4,0,0.08,4,0,0,1,400,0,0,1,3a90524e1e8a833ca2eb4f2e842d05a8aa83633231bd3016cc179bc2e6c0ed7b
control-r1,coin-heaven,5973508,1,6973508,7,0,0.14,7,0,0,1,400,0,0,1,ca6baf3e6298d8a76d5cb5ca5f7a000e1fd7ec9b5169bf35b49ac82ccfa3efce
control-r1,coin-heaven,5973509,1,6973509,10,0,0.2,10,0,0,1,400,0,0,0,037ddcd1e9a0aa68f4d3df7542b811c7252e0e3d8b737bec9d57faf2802361eb
control-r1,coin-heaven,5973510,1,6973510,35,0,0.7,35,0,0,1,400,0,0,3,6336095950e4cc6d3dbb1102810c665d51ae52e6837156700ff6416244dbd012
control-r1,coin-heaven,5973511,1,6973511,6,0,0.12,6,0,0,1,400,0,0,1,83e08e3c7f68db4d2d8da01190ce8431ebe7d26358527e0f083604d36ce45acd
control-r1,coin-heaven,5973512,1,6973512,3,0,0.06,3,0,0,1,400,0,0,0,7645fe1dab1cefc85e6eb743369681270fb597f6220a3e1cf81b3cd7bf8de9bd
control-r1,coin-heaven,5973513,1,6973513,3,0,0.06,3,0,0,1,400,0,0,0,1a3920774d41bd7a53c8b9c578aada25a0ce5c9bc9c6dc5009fc9b8cc7ebc3c4
control-r1,coin-heaven,5973514,1,6973514,5,0,0.1,5,0,0,1,400,0,0,0,fc3c867bddf5d66715de6dcc1f6cdb3a102f5ef8f1a60d179e662cc9ad9d5422
control-r1,coin-heaven,5973515,1,6973515,14,0,0.28,14,0,0,1,400,0,0,1,262a4caed661bebca866198621bdc502428df8c001fb1a27ee8ab7251d43b81a
control-r1,coin-heaven,5973516,1,6973516,4,0,0.08,4,0,0,1,400,0,0,0,d0d0b4cfa0ea9d8d77b752267e0ab1429d9b9e6ff18b45493dfef287bdf2271f
control-r1,coin-heaven,5973517,1,6973517,10,0,0.2,10,0,0,1,400,0,0,0,3ac5319217ca972a80a128c5451c46fde167d97a84c642360adfd79847466fd3
control-r1,coin-heaven,5973518,1,6973518,27,0,0.54,27,0,0,1,400,0,0,1,0a674403e7353735a4369c46389f46d2924abfe05da422c60229d99d1f088cb0
control-r1,coin-heaven,5973519,1,6973519,33,0,0.66,33,0,0,1,400,0,0,2,58ce04fce0c7cb80237fa394d5f9aedc49fb7a427149f213cc28baa5f4e05f71
control-r1,coin-heaven,5973520,1,6973520,5,0,0.1,5,0,0,1,400,0,0,0,fe839663d03ca6a74aa40def7517c5f21dfc0d86b65740e665b4f2c00d92cf79
control-r1,coin-heaven,5973521,1,6973521,16,0,0.32,16,0,0,1,400,0,0,1,7c5247fb0c106248b2d55a431dcae3da1a76351601aabae89dfe6e3f7fbedc1a
control-r1,coin-heaven,5973522,1,6973522,24,0,0.48,24,0,0,1,400,0,0,4,1563c6b56856a026792d1ea8ea1e10faf6590aac72fbf14cb69c887244899413
control-r1,coin-heaven,5973523,1,6973523,20,0,0.4,20,0,0,1,400,0,0,0,e551b5129cbc3873d08b97be88e835d44012f9392adadeeed4778b6473450118
control-r1,coin-heaven,5973524,1,6973524,35,0,0.7,35,0,0,1,400,0,0,2,d7de135a84ebfd07c3c5b81d73ceb2f777a621abc25fc1cbe13a9c361b933c01
control-r1,coin-heaven,5973525,1,6973525,0,0,0.0,0,0,0,1,400,0,0,0,f49e2d07ad7b7990c33143b698363cae0bfc89b82ed1839a336aa5fcc9af2747
control-r1,coin-heaven,5973526,1,6973526,0,0,0.0,0,0,0,1,400,0,0,0,f49e2d07ad7b7990c33143b698363cae0bfc89b82ed1839a336aa5fcc9af2747
control-r1,coin-heaven,5973527,1,6973527,3,0,0.06,3,0,0,1,400,0,0,0,151289f19bda4e658505802fe7136f300553a1a92da8262d6f5d111064fe2296
control-r1,coin-heaven,5973528,1,6973528,50,0,1.0,50,0,0,1,176,0,0,13,e55b3e178c1857eb87b304d26d7c13168fad532329ddff502b01f5d3cce90d05
control-r1,coin-heaven,5973529,1,6973529,26,0,0.52,26,0,0,1,400,0,0,3,37c24bf2172299b88986473a64ba16e8991bef83f410288dce3e6283f743ecb0
control-r1,coin-heaven,5973530,1,6973530,6,0,0.12,6,0,0,1,400,0,0,0,e2224d5aff9c8bcbcd35cfd6d12ca9267697d52bb3db9aea4c569c25b05baa5e
control-r1,coin-heaven,5973531,1,6973531,43,0,0.86,43,0,0,1,400,0,0,5,5ea55493def07f4f6ff86131921205aa8293fd0898605587abce5512fd2f7347
control-r1,coin-heaven,5973532,1,6973532,17,0,0.34,17,0,0,1,400,0,0,1,3811dd633b8da5531c015acfaa4695819bd6d755425b2353111ac8d962609b24
control-r1,coin-heaven,5973533,1,6973533,9,0,0.18,9,0,0,1,400,0,0,0,56f59facea5fa967ded2a6ba2220698e95be79c7a375805e3fa3dc5e04678bca
control-r1,coin-heaven,5973534,1,6973534,1,0,0.02,1,0,0,1,400,0,0,0,115989a02b60b006fe067b7b8e81ffb3b264526f764904adef8774f2f3187f97
control-r1,coin-heaven,5973535,1,6973535,4,0,0.08,4,0,0,1,400,0,0,1,e60a160b49183c5d08661b18fc5719fd227c7b23a589ddc759743541e53d5375
control-r1,coin-heaven,5973536,1,6973536,17,0,0.34,17,0,0,1,400,0,0,1,bbae261c4d5bf41f3a859f21405d55054bc10b1e90d4df8d1f608831b1b66cd6
control-r1,coin-heaven,5973537,1,6973537,6,0,0.12,6,0,0,1,400,0,0,0,7549440a499dec93d7aaeaf3c226f38bdbac96accebe2307a5695e55c12052b7
control-r1,coin-heaven,5973538,1,6973538,29,0,0.58,29,0,0,1,400,0,0,2,ec70ece08bdd5519ab717fd47b4ff231c854ba74628d7de2be0d8f848f28c2ca
control-r1,coin-heaven,5973539,1,6973539,12,0,0.24,12,0,0,1,400,0,0,2,75f42d08f2796636ed323768fd42d82f3f9c5cc9b2303e14ae707cbb20471d64
control-r1,coin-heaven,5973540,1,6973540,1,0,0.02,1,0,0,1,400,0,0,0,9fd3b429a36cd6056cdc473526f2543a4b969de562aee0dfba1fd0b1e913ff15
control-r1,loot-crate,5973601,0,6973601,7,0,0.14,7,17,0,1,400,0,0,5,e092e2a1700ea533d7dd21094ac063118c31edbf7388be685ba95861d2ac25d5
control-r1,loot-crate,5973602,0,6973602,11,0,0.22,11,31,0,1,400,0,0,52,84a44d0b1581a1624fa3ccd557727725660744a2e84d8891cc56c2782f7834cd
control-r1,loot-crate,5973603,0,6973603,2,0,0.04,2,9,0,0,39,1,0,5,32a15a58c47768f9ced317561424ecf332d7790c1422ac8f7f99e9614e480622
control-r1,loot-crate,5973604,0,6973604,9,0,0.18,9,32,0,1,400,0,0,10,4d17d856f7a04b58cd9b26825f2b7cb00a62a348c511c31c154496a9bee5ea8c
control-r1,loot-crate,5973605,0,6973605,7,0,0.14,7,29,0,1,400,0,0,7,d3a14d4b4167fb16d4413ab829dd7cc322ef244af8422106ff07cd0a2f30aff8
control-r1,loot-crate,5973606,0,6973606,0,0,0.0,0,5,0,1,400,0,0,41,c9fc0ce067409cec13564d39241e93aa153639f787fa32665c10d08a4cc66906
control-r1,loot-crate,5973607,0,6973607,4,0,0.08,4,21,0,0,68,1,0,9,1d302936aa09278f7519ebd44ae0d2b91d0832a4ac0da7efbe30ab9daa322531
control-r1,loot-crate,5973608,0,6973608,16,0,0.32,16,48,0,1,400,0,0,49,5fd40c0bcafbf040284fa795402e5b4673c6d2648f2112190d45e09a87566c06
control-r1,loot-crate,5973609,0,6973609,17,0,0.34,17,55,0,1,400,0,0,19,97ca1e7a4ee06310b0753beb3b0e952da0600d8e1bd1091a810cf464f0251141
control-r1,loot-crate,5973610,0,6973610,37,0,0.74,37,105,0,1,400,0,0,45,e5d5f2fb4b053c2aeb553a6e9b15f1f4e5e98ceea53f880e0e30e3fa1d8b063c
control-r1,loot-crate,5973611,0,6973611,4,0,0.08,4,20,0,0,53,1,0,7,e1bdd497d232835bb30b18a82189fcd578600e476ce75671d54cd0031dbc51f5
control-r1,loot-crate,5973612,0,6973612,5,0,0.1,5,21,0,1,400,0,0,7,c3f7e4118cb7d6b996bdb5ee3e30fceb19320ef7f597230063b8eacf52a68df9
control-r1,loot-crate,5973613,0,6973613,0,0,0.0,0,9,0,1,400,0,0,4,728b19befb63648b82e5fd93d0fbb6c2000939a8c817c504ce0df6a2714ae98e
control-r1,loot-crate,5973614,0,6973614,6,0,0.12,6,22,0,0,61,1,0,8,f0dcf46ac353627fd45deda0cf5e37a805e966b1e86a50eb02f8995b43a7ad0d
control-r1,loot-crate,5973615,0,6973615,2,0,0.04,2,13,0,1,400,0,0,5,4be33b088e5cb48688866486c5783f14852dbb92e763972a758cbec05aa24a68
control-r1,loot-crate,5973616,0,6973616,6,0,0.12,6,19,0,0,77,1,0,8,613cab7a27a556ae4f6124b65b71a680314d378f8ab48bc42baf215cef0c04a5
control-r1,loot-crate,5973617,0,6973617,9,0,0.18,9,31,0,1,400,0,0,53,39b2092a95f4e8f3a3b1b8ed46d364e029fc3af2b12709aba947fb9f73afce66
control-r1,loot-crate,5973618,0,6973618,9,0,0.18,9,29,0,1,400,0,0,9,fa8c2c199163166738a5ad80851aa8b5ebb6f7db4dbbaf3545d8fa3adb5ae92e
control-r1,loot-crate,5973619,0,6973619,7,0,0.14,7,15,0,1,400,0,0,7,f63b4e1b1bb41fe258c4ad198d1c8d8df95bed50e6b7ea3f225c101c87deb89b
control-r1,loot-crate,5973620,0,6973620,7,0,0.14,7,15,0,1,400,0,0,5,fa086632dbf9ca441881d2507c3c2153693f928b938fa5bfc56c3b5a7e18b45d
control-r1,loot-crate,5973621,0,6973621,4,0,0.08,4,11,0,0,49,1,0,5,a1974cb812e0039bb1c6bb532ef3ae6c4f1d5335a7e7225ef905bfbf6d4fa995
control-r1,loot-crate,5973622,0,6973622,41,0,0.82,41,103,0,1,400,0,0,43,f12390ea6ef2905e27001e43c1a446eaa6cb748c3f4903c691930b6db798d4c8
control-r1,loot-crate,5973623,0,6973623,11,0,0.22,11,29,0,1,400,0,0,10,bd45f8c05b8149ae3e56e5c865fc047e98e78ad37b78a4b9911c50ba0bd9bea9
control-r1,loot-crate,5973624,0,6973624,17,0,0.34,17,38,0,0,152,1,0,16,d7f1802f31c16523921e85f3c78cb870c832f690da8a5033db40f6a5965922f5
control-r1,loot-crate,5973625,0,6973625,0,0,0.0,0,7,0,0,20,1,0,3,417c5078af98e55439522ece38345fbcc76dd2eea9f20ebb572c9b77e9e6514d
control-r1,loot-crate,5973626,0,6973626,3,0,0.06,3,13,0,1,400,0,0,4,cf49f4b8e0a5a156e7bef358d0e4586c7397524d2e209b4d7041b3c39b4af805
control-r1,loot-crate,5973627,0,6973627,0,0,0.0,0,4,0,0,13,1,0,2,0dc53bf91e0047be6405ddc6a5e4a25ac5df3d0e595f0947224a468b1d364935
control-r1,loot-crate,5973628,0,6973628,9,0,0.18,9,30,0,1,400,0,0,9,b485aff666d693c9b1216a84c9a8761046f8c700fa9b70a28b4fbdae275aac5d
control-r1,loot-crate,5973629,0,6973629,5,0,0.1,5,25,0,1,400,0,0,10,3df7761450122aa4df11d0a90877d5a28bb77fa8acdaf4042a276e17531f2d37
control-r1,loot-crate,5973630,0,6973630,2,0,0.04,2,9,0,0,37,1,0,5,f0a07651b35d161b961744bc718356af3015dd45a0d345ef4573caa7ec90b3dd
control-r1,loot-crate,5973631,0,6973631,7,0,0.14,7,18,0,0,65,1,0,6,42cc81deec74eb669732469e7229eda7753470867f255fea9f0b15604472ec42
control-r1,loot-crate,5973632,0,6973632,4,0,0.08,4,16,0,0,61,1,0,7,4e802223982ca03b90661ba47b923800a9912e7d405166f9594b32a6aa6fbc9b
control-r1,loot-crate,5973633,0,6973633,0,0,0.0,0,9,0,0,14,1,0,2,511ea43182ae4ff327298294dc1c23da1371b5fd7166b235b577ac779ba5188c
control-r1,loot-crate,5973634,0,6973634,8,0,0.16,8,26,0,0,106,1,0,12,26cf7ceb9556c166b264637a6ea4c83319d3827f47d8fdab56c8cf7863229998
control-r1,loot-crate,5973635,0,6973635,12,0,0.24,12,25,0,1,400,0,0,8,84ec624723cee4e3edd952a32801fee9f2b9afeaca16cdbf5bfdd6f105d8ac0c
control-r1,loot-crate,5973636,0,6973636,1,0,0.02,1,4,0,1,400,0,0,2,a60be8b88244f290111121c1a1c46c07b120f31b8a33cb5478432a3947e6f39a
control-r1,loot-crate,5973637,0,6973637,23,0,0.46,23,67,0,0,236,1,0,26,0f883bbcb9e32b20c733412ca49e24a64ac7f11564150cb7fd02c72da857e473
control-r1,loot-crate,5973638,0,6973638,0,0,0.0,0,2,0,0,6,1,0,1,e5a99ac4e0f43ee380251dc33a97b3e08ac8798393ad2b01570d4df0d7695746
control-r1,loot-crate,5973639,0,6973639,10,0,0.2,10,28,0,0,76,1,0,9,aa38fa0f1e9acb7f69aca3f648df8de7451f6fdbf5cf78ef025b909e6acbf8a7
control-r1,loot-crate,5973640,0,6973640,8,0,0.16,8,30,0,0,78,1,0,9,4d2070093394685405fea221cb83a87dcaa55e5564a7c8399832c7e81cd6d3af
control-r1,loot-crate,5973601,1,6973601,7,0,0.14,7,17,0,1,400,0,0,5,e092e2a1700ea533d7dd21094ac063118c31edbf7388be685ba95861d2ac25d5
control-r1,loot-crate,5973602,1,6973602,11,0,0.22,11,31,0,1,400,0,0,52,84a44d0b1581a1624fa3ccd557727725660744a2e84d8891cc56c2782f7834cd
control-r1,loot-crate,5973603,1,6973603,2,0,0.04,2,9,0,0,39,1,0,5,32a15a58c47768f9ced317561424ecf332d7790c1422ac8f7f99e9614e480622
control-r1,loot-crate,5973604,1,6973604,9,0,0.18,9,32,0,1,400,0,0,10,4d17d856f7a04b58cd9b26825f2b7cb00a62a348c511c31c154496a9bee5ea8c
control-r1,loot-crate,5973605,1,6973605,7,0,0.14,7,29,0,1,400,0,0,7,d3a14d4b4167fb16d4413ab829dd7cc322ef244af8422106ff07cd0a2f30aff8
control-r1,loot-crate,5973606,1,6973606,0,0,0.0,0,5,0,1,400,0,0,41,c9fc0ce067409cec13564d39241e93aa153639f787fa32665c10d08a4cc66906
control-r1,loot-crate,5973607,1,6973607,4,0,0.08,4,21,0,0,68,1,0,9,1d302936aa09278f7519ebd44ae0d2b91d0832a4ac0da7efbe30ab9daa322531
control-r1,loot-crate,5973608,1,6973608,16,0,0.32,16,48,0,1,400,0,0,49,5fd40c0bcafbf040284fa795402e5b4673c6d2648f2112190d45e09a87566c06
control-r1,loot-crate,5973609,1,6973609,17,0,0.34,17,55,0,1,400,0,0,19,97ca1e7a4ee06310b0753beb3b0e952da0600d8e1bd1091a810cf464f0251141
control-r1,loot-crate,5973610,1,6973610,37,0,0.74,37,105,0,1,400,0,0,45,e5d5f2fb4b053c2aeb553a6e9b15f1f4e5e98ceea53f880e0e30e3fa1d8b063c
control-r1,loot-crate,5973611,1,6973611,4,0,0.08,4,20,0,0,53,1,0,7,e1bdd497d232835bb30b18a82189fcd578600e476ce75671d54cd0031dbc51f5
control-r1,loot-crate,5973612,1,6973612,5,0,0.1,5,21,0,1,400,0,0,7,c3f7e4118cb7d6b996bdb5ee3e30fceb19320ef7f597230063b8eacf52a68df9
control-r1,loot-crate,5973613,1,6973613,0,0,0.0,0,9,0,1,400,0,0,4,728b19befb63648b82e5fd93d0fbb6c2000939a8c817c504ce0df6a2714ae98e
control-r1,loot-crate,5973614,1,6973614,6,0,0.12,6,22,0,0,61,1,0,8,f0dcf46ac353627fd45deda0cf5e37a805e966b1e86a50eb02f8995b43a7ad0d
control-r1,loot-crate,5973615,1,6973615,2,0,0.04,2,13,0,1,400,0,0,5,4be33b088e5cb48688866486c5783f14852dbb92e763972a758cbec05aa24a68
control-r1,loot-crate,5973616,1,6973616,6,0,0.12,6,19,0,0,77,1,0,8,613cab7a27a556ae4f6124b65b71a680314d378f8ab48bc42baf215cef0c04a5
control-r1,loot-crate,5973617,1,6973617,9,0,0.18,9,31,0,1,400,0,0,53,39b2092a95f4e8f3a3b1b8ed46d364e029fc3af2b12709aba947fb9f73afce66
control-r1,loot-crate,5973618,1,6973618,9,0,0.18,9,29,0,1,400,0,0,9,fa8c2c199163166738a5ad80851aa8b5ebb6f7db4dbbaf3545d8fa3adb5ae92e
control-r1,loot-crate,5973619,1,6973619,7,0,0.14,7,15,0,1,400,0,0,7,f63b4e1b1bb41fe258c4ad198d1c8d8df95bed50e6b7ea3f225c101c87deb89b
control-r1,loot-crate,5973620,1,6973620,7,0,0.14,7,15,0,1,400,0,0,5,fa086632dbf9ca441881d2507c3c2153693f928b938fa5bfc56c3b5a7e18b45d
control-r1,loot-crate,5973621,1,6973621,4,0,0.08,4,11,0,0,49,1,0,5,a1974cb812e0039bb1c6bb532ef3ae6c4f1d5335a7e7225ef905bfbf6d4fa995
control-r1,loot-crate,5973622,1,6973622,41,0,0.82,41,103,0,1,400,0,0,43,f12390ea6ef2905e27001e43c1a446eaa6cb748c3f4903c691930b6db798d4c8
control-r1,loot-crate,5973623,1,6973623,11,0,0.22,11,29,0,1,400,0,0,10,bd45f8c05b8149ae3e56e5c865fc047e98e78ad37b78a4b9911c50ba0bd9bea9
control-r1,loot-crate,5973624,1,6973624,17,0,0.34,17,38,0,0,152,1,0,16,d7f1802f31c16523921e85f3c78cb870c832f690da8a5033db40f6a5965922f5
control-r1,loot-crate,5973625,1,6973625,0,0,0.0,0,7,0,0,20,1,0,3,417c5078af98e55439522ece38345fbcc76dd2eea9f20ebb572c9b77e9e6514d
control-r1,loot-crate,5973626,1,6973626,3,0,0.06,3,13,0,1,400,0,0,4,cf49f4b8e0a5a156e7bef358d0e4586c7397524d2e209b4d7041b3c39b4af805
control-r1,loot-crate,5973627,1,6973627,0,0,0.0,0,4,0,0,13,1,0,2,0dc53bf91e0047be6405ddc6a5e4a25ac5df3d0e595f0947224a468b1d364935
control-r1,loot-crate,5973628,1,6973628,9,0,0.18,9,30,0,1,400,0,0,9,b485aff666d693c9b1216a84c9a8761046f8c700fa9b70a28b4fbdae275aac5d
control-r1,loot-crate,5973629,1,6973629,5,0,0.1,5,25,0,1,400,0,0,10,3df7761450122aa4df11d0a90877d5a28bb77fa8acdaf4042a276e17531f2d37
control-r1,loot-crate,5973630,1,6973630,2,0,0.04,2,9,0,0,37,1,0,5,f0a07651b35d161b961744bc718356af3015dd45a0d345ef4573caa7ec90b3dd
control-r1,loot-crate,5973631,1,6973631,7,0,0.14,7,18,0,0,65,1,0,6,42cc81deec74eb669732469e7229eda7753470867f255fea9f0b15604472ec42
control-r1,loot-crate,5973632,1,6973632,4,0,0.08,4,16,0,0,61,1,0,7,4e802223982ca03b90661ba47b923800a9912e7d405166f9594b32a6aa6fbc9b
control-r1,loot-crate,5973633,1,6973633,0,0,0.0,0,9,0,0,14,1,0,2,511ea43182ae4ff327298294dc1c23da1371b5fd7166b235b577ac779ba5188c
control-r1,loot-crate,5973634,1,6973634,8,0,0.16,8,26,0,0,106,1,0,12,26cf7ceb9556c166b264637a6ea4c83319d3827f47d8fdab56c8cf7863229998
control-r1,loot-crate,5973635,1,6973635,12,0,0.24,12,25,0,1,400,0,0,8,84ec624723cee4e3edd952a32801fee9f2b9afeaca16cdbf5bfdd6f105d8ac0c
control-r1,loot-crate,5973636,1,6973636,1,0,0.02,1,4,0,1,400,0,0,2,a60be8b88244f290111121c1a1c46c07b120f31b8a33cb5478432a3947e6f39a
control-r1,loot-crate,5973637,1,6973637,23,0,0.46,23,67,0,0,236,1,0,26,0f883bbcb9e32b20c733412ca49e24a64ac7f11564150cb7fd02c72da857e473
control-r1,loot-crate,5973638,1,6973638,0,0,0.0,0,2,0,0,6,1,0,1,e5a99ac4e0f43ee380251dc33a97b3e08ac8798393ad2b01570d4df0d7695746
control-r1,loot-crate,5973639,1,6973639,10,0,0.2,10,28,0,0,76,1,0,9,aa38fa0f1e9acb7f69aca3f648df8de7451f6fdbf5cf78ef025b909e6acbf8a7
control-r1,loot-crate,5973640,1,6973640,8,0,0.16,8,30,0,0,78,1,0,9,4d2070093394685405fea221cb83a87dcaa55e5564a7c8399832c7e81cd6d3af
control-r1,classic-empty,5973701,0,6973701,7,0,0.7777777777777778,7,83,0,1,400,0,0,52,f7db8385af8b99c20c0d5b989537ec473683184df246edbfd3d02e3e28ace239
control-r1,classic-empty,5973702,0,6973702,1,0,0.1111111111111111,1,19,0,1,400,0,0,7,a47ab6c4c916690699e87f925fdafe6868d75ba1430ea20729ce7345a9c258b7
control-r1,classic-empty,5973703,0,6973703,0,0,0.0,0,13,0,0,34,1,0,5,68ccc58793d417534b1360405af0644ee23979c85e1a62f29f7b5fdd07bee335
control-r1,classic-empty,5973704,0,6973704,3,0,0.3333333333333333,3,41,0,0,140,1,0,19,0525faa12c6533b86a59468181fde319dbd88adce4c721d8b44f6080e6674320
control-r1,classic-empty,5973705,0,6973705,0,0,0.0,0,29,0,0,78,1,0,11,5be5a023c889b8c7fe72582ab07fe5d98e4dd71b858f0923db4b1aa1366814d4
control-r1,classic-empty,5973706,0,6973706,2,0,0.2222222222222222,2,31,0,0,138,1,0,18,c1f8f94cceae642b55870c011f964b901a5357ff590b5bd39f65a4c5dab3338b
control-r1,classic-empty,5973707,0,6973707,1,0,0.1111111111111111,1,30,0,0,62,1,0,9,89a6ceae0c5aca9917ca3d768d577360b44abf813c337ee222c658d22685f5fd
control-r1,classic-empty,5973708,0,6973708,5,0,0.5555555555555556,5,74,0,0,295,1,0,39,9255d0006c43e4a6944cd6ecdae4d80c00865fea8ff5efec5d3ef1836f354792
control-r1,classic-empty,5973709,0,6973709,8,0,0.8888888888888888,8,91,0,1,400,0,0,53,b18992d5a1897dea6556cffb1a33109b4a5a827c840a09f2c8ce47d9b3c18a99
control-r1,classic-empty,5973710,0,6973710,7,0,0.7777777777777778,7,107,0,1,400,0,0,54,0c72ff2d58fe9d51c522f93641e35d9b96a9ec8d3207f47a66fa4b6fe0dd2bea
control-r1,classic-empty,5973711,0,6973711,2,0,0.2222222222222222,2,50,0,0,211,1,0,29,f9cefa8d41c77056a7ad514a8314a64729bbfb170b97326c2c69602e0425ee51
control-r1,classic-empty,5973712,0,6973712,0,0,0.0,0,38,0,1,400,0,0,56,a6824f49b12f0f02026c155ff1dec08a535e3fdf482d5e56f9b1b020be3ff020
control-r1,classic-empty,5973713,0,6973713,3,0,0.3333333333333333,3,64,0,1,400,0,0,48,f6bf6588f2478a85ea24c004f5d222a5e5ce971ba29ddaa01c4bad6cbb66f36e
control-r1,classic-empty,5973714,0,6973714,2,0,0.2222222222222222,2,22,0,0,43,1,0,6,7bde37b862fff845f8b103f1ba325e057cdfa16c21ab0db2042afb89fabf01a4
control-r1,classic-empty,5973715,0,6973715,1,0,0.1111111111111111,1,43,0,1,400,0,0,53,da2eb99ddc27e64307818d759db661162a469a59a6b310a301a0ecc776fee07a
control-r1,classic-empty,5973716,0,6973716,5,0,0.5555555555555556,5,102,0,1,400,0,0,53,ad091862b021818e8183200fa9456accd988d4fe3319effccf003dff0aee46c2
control-r1,classic-empty,5973717,0,6973717,1,0,0.1111111111111111,1,60,0,0,180,1,0,25,65c5a0602349e34faaf6129e08d6ba779b9c9a4e090815311d067c0a8baeb514
control-r1,classic-empty,5973718,0,6973718,2,0,0.2222222222222222,2,22,0,1,400,0,0,9,08abf0009599bf25948941f59e9ea76bef6f5fba9043cbddee90e1ea3ab16b00
control-r1,classic-empty,5973719,0,6973719,4,0,0.4444444444444444,4,51,0,1,400,0,0,22,31dcf6040d97dda588fdc8987304fe50736f1f13b2bf2b71430923f0718edeb2
control-r1,classic-empty,5973720,0,6973720,0,0,0.0,0,9,0,1,400,0,0,4,fd4228beb64e551910592c5c1d6b2ffc0bdbb9aa92b95f22b3e3870324fbddac
control-r1,classic-empty,5973721,0,6973721,8,0,0.8888888888888888,8,90,0,1,400,0,0,50,ca99f617e6888c52a355cae7b6d16a428aaf4a7d9a74e5e236a77a9a87afc589
control-r1,classic-empty,5973722,0,6973722,4,0,0.4444444444444444,4,56,0,0,172,1,0,24,f12778a1bae97fee9fc37f6b07ef92f8ca6cbe5715fec70a0d72398caedc35d2
control-r1,classic-empty,5973723,0,6973723,4,0,0.4444444444444444,4,67,0,1,400,0,0,53,dd41954db86e211742bb8a3b2d6621e1f48c9a0becde65124b942ae15dc25116
control-r1,classic-empty,5973724,0,6973724,3,0,0.3333333333333333,3,52,0,0,184,1,0,25,af547ecc95b0544dc860aa36ab9e2c4c2aa4661caea0e11adc72c6a798591087
control-r1,classic-empty,5973725,0,6973725,1,0,0.1111111111111111,1,7,0,0,18,1,0,2,f9d39e5e5694a6c85529015f7b9287f8d3c3b1761b96b220d8fb39fdeadad134
control-r1,classic-empty,5973726,0,6973726,5,0,0.5555555555555556,5,94,0,1,400,0,0,50,eb4a6b0a7274f9762080d3f680f1e6ba741d59aaf12595831066f657724bf5ec
control-r1,classic-empty,5973727,0,6973727,2,0,0.2222222222222222,2,36,0,1,400,0,0,51,bdea91d1863cfbee00005c0d06547b7c9ac5af77619709953f30b4d8852067fc
control-r1,classic-empty,5973728,0,6973728,6,0,0.6666666666666666,6,63,0,1,400,0,0,49,45d87c0449f73ac04692eab2ddd87ec601a27e7cffafd98f31f9cec3202c4711
control-r1,classic-empty,5973729,0,6973729,6,0,0.6666666666666666,6,61,0,0,221,1,0,28,f1c1c47c20e28ce4539f16c4d2962026bf5db6cbea98e8b3e61f603855dc9844
control-r1,classic-empty,5973730,0,6973730,6,0,0.6666666666666666,6,84,0,1,400,0,0,52,2cfbe691da8f25c6de8e956b375e55bc3b9cba754395923a4776b91816920f1d
control-r1,classic-empty,5973731,0,6973731,8,0,0.8888888888888888,8,89,0,1,400,0,0,52,87c261070cfa0f29b74feba2eb49420d7a3f7f27548239fc0a01cee44667ed8f
control-r1,classic-empty,5973732,0,6973732,2,0,0.2222222222222222,2,28,0,0,72,1,0,10,0eba4afbd7e13e4a5c86e77aa2f949673e16530220775684c08a76a568093adf
control-r1,classic-empty,5973733,0,6973733,0,0,0.0,0,24,0,0,57,1,0,8,9ad359e9258649ea31775777d37b86cb95d8b8c4b4012b67c9abef99f7112e62
control-r1,classic-empty,5973734,0,6973734,1,0,0.1111111111111111,1,11,0,0,35,1,0,5,c6daacf58e694d0466fe47ac6014a76d395385bb2caab6d3bec8bb4beea5777b
control-r1,classic-empty,5973735,0,6973735,7,0,0.7777777777777778,7,80,0,1,400,0,0,52,e390d0485e73016675a8de8d6bac89836ea89a05b1e3160afb1de92ad4f3e861
control-r1,classic-empty,5973736,0,6973736,2,0,0.2222222222222222,2,32,0,1,400,0,0,52,69ab72e31be45a6250211a01c4272f1b645c4d9fd4fad3ed97c9cc74fd7c3e0c
control-r1,classic-empty,5973737,0,6973737,3,0,0.3333333333333333,3,49,0,1,400,0,0,53,1221fe83425f2d1772d955f17170b1c95631c0ce46616665b5bf898c3cde0385
control-r1,classic-empty,5973738,0,6973738,4,0,0.4444444444444444,4,60,0,1,400,0,0,55,018e304dfb812a54512cc52a0af1a1d128830fdda4d5ac5527918bd89a3074ad
control-r1,classic-empty,5973739,0,6973739,6,0,0.6666666666666666,6,94,0,1,400,0,0,52,3384bb7e1aa76adc4e8f6486111ff012d531e6e6630339e5c429ee05996e1396
control-r1,classic-empty,5973740,0,6973740,0,0,0.0,0,11,0,0,21,1,0,3,46c1831170840ffa59e9e75e7d4a468820fd4e12def3fd2c0cf278dc61313ca3
control-r1,classic-empty,5973701,1,6973701,7,0,0.7777777777777778,7,83,0,1,400,0,0,52,f7db8385af8b99c20c0d5b989537ec473683184df246edbfd3d02e3e28ace239
control-r1,classic-empty,5973702,1,6973702,1,0,0.1111111111111111,1,19,0,1,400,0,0,7,a47ab6c4c916690699e87f925fdafe6868d75ba1430ea20729ce7345a9c258b7
control-r1,classic-empty,5973703,1,6973703,0,0,0.0,0,13,0,0,34,1,0,5,68ccc58793d417534b1360405af0644ee23979c85e1a62f29f7b5fdd07bee335
control-r1,classic-empty,5973704,1,6973704,3,0,0.3333333333333333,3,41,0,0,140,1,0,19,0525faa12c6533b86a59468181fde319dbd88adce4c721d8b44f6080e6674320
control-r1,classic-empty,5973705,1,6973705,0,0,0.0,0,29,0,0,78,1,0,11,5be5a023c889b8c7fe72582ab07fe5d98e4dd71b858f0923db4b1aa1366814d4
control-r1,classic-empty,5973706,1,6973706,2,0,0.2222222222222222,2,31,0,0,138,1,0,18,c1f8f94cceae642b55870c011f964b901a5357ff590b5bd39f65a4c5dab3338b
control-r1,classic-empty,5973707,1,6973707,1,0,0.1111111111111111,1,30,0,0,62,1,0,9,89a6ceae0c5aca9917ca3d768d577360b44abf813c337ee222c658d22685f5fd
control-r1,classic-empty,5973708,1,6973708,5,0,0.5555555555555556,5,74,0,0,295,1,0,39,9255d0006c43e4a6944cd6ecdae4d80c00865fea8ff5efec5d3ef1836f354792
control-r1,classic-empty,5973709,1,6973709,8,0,0.8888888888888888,8,91,0,1,400,0,0,53,b18992d5a1897dea6556cffb1a33109b4a5a827c840a09f2c8ce47d9b3c18a99
control-r1,classic-empty,5973710,1,6973710,7,0,0.7777777777777778,7,107,0,1,400,0,0,54,0c72ff2d58fe9d51c522f93641e35d9b96a9ec8d3207f47a66fa4b6fe0dd2bea
control-r1,classic-empty,5973711,1,6973711,2,0,0.2222222222222222,2,50,0,0,211,1,0,29,f9cefa8d41c77056a7ad514a8314a64729bbfb170b97326c2c69602e0425ee51
control-r1,classic-empty,5973712,1,6973712,0,0,0.0,0,38,0,1,400,0,0,56,a6824f49b12f0f02026c155ff1dec08a535e3fdf482d5e56f9b1b020be3ff020
control-r1,classic-empty,5973713,1,6973713,3,0,0.3333333333333333,3,64,0,1,400,0,0,48,f6bf6588f2478a85ea24c004f5d222a5e5ce971ba29ddaa01c4bad6cbb66f36e
control-r1,classic-empty,5973714,1,6973714,2,0,0.2222222222222222,2,22,0,0,43,1,0,6,7bde37b862fff845f8b103f1ba325e057cdfa16c21ab0db2042afb89fabf01a4
control-r1,classic-empty,5973715,1,6973715,1,0,0.1111111111111111,1,43,0,1,400,0,0,53,da2eb99ddc27e64307818d759db661162a469a59a6b310a301a0ecc776fee07a
control-r1,classic-empty,5973716,1,6973716,5,0,0.5555555555555556,5,102,0,1,400,0,0,53,ad091862b021818e8183200fa9456accd988d4fe3319effccf003dff0aee46c2
control-r1,classic-empty,5973717,1,6973717,1,0,0.1111111111111111,1,60,0,0,180,1,0,25,65c5a0602349e34faaf6129e08d6ba779b9c9a4e090815311d067c0a8baeb514
control-r1,classic-empty,5973718,1,6973718,2,0,0.2222222222222222,2,22,0,1,400,0,0,9,08abf0009599bf25948941f59e9ea76bef6f5fba9043cbddee90e1ea3ab16b00
control-r1,classic-empty,5973719,1,6973719,4,0,0.4444444444444444,4,51,0,1,400,0,0,22,31dcf6040d97dda588fdc8987304fe50736f1f13b2bf2b71430923f0718edeb2
control-r1,classic-empty,5973720,1,6973720,0,0,0.0,0,9,0,1,400,0,0,4,fd4228beb64e551910592c5c1d6b2ffc0bdbb9aa92b95f22b3e3870324fbddac
control-r1,classic-empty,5973721,1,6973721,8,0,0.8888888888888888,8,90,0,1,400,0,0,50,ca99f617e6888c52a355cae7b6d16a428aaf4a7d9a74e5e236a77a9a87afc589
control-r1,classic-empty,5973722,1,6973722,4,0,0.4444444444444444,4,56,0,0,172,1,0,24,f12778a1bae97fee9fc37f6b07ef92f8ca6cbe5715fec70a0d72398caedc35d2
control-r1,classic-empty,5973723,1,6973723,4,0,0.4444444444444444,4,67,0,1,400,0,0,53,dd41954db86e211742bb8a3b2d6621e1f48c9a0becde65124b942ae15dc25116
control-r1,classic-empty,5973724,1,6973724,3,0,0.3333333333333333,3,52,0,0,184,1,0,25,af547ecc95b0544dc860aa36ab9e2c4c2aa4661caea0e11adc72c6a798591087
control-r1,classic-empty,5973725,1,6973725,1,0,0.1111111111111111,1,7,0,0,18,1,0,2,f9d39e5e5694a6c85529015f7b9287f8d3c3b1761b96b220d8fb39fdeadad134
control-r1,classic-empty,5973726,1,6973726,5,0,0.5555555555555556,5,94,0,1,400,0,0,50,eb4a6b0a7274f9762080d3f680f1e6ba741d59aaf12595831066f657724bf5ec
control-r1,classic-empty,5973727,1,6973727,2,0,0.2222222222222222,2,36,0,1,400,0,0,51,bdea91d1863cfbee00005c0d06547b7c9ac5af77619709953f30b4d8852067fc
control-r1,classic-empty,5973728,1,6973728,6,0,0.6666666666666666,6,63,0,1,400,0,0,49,45d87c0449f73ac04692eab2ddd87ec601a27e7cffafd98f31f9cec3202c4711
control-r1,classic-empty,5973729,1,6973729,6,0,0.6666666666666666,6,61,0,0,221,1,0,28,f1c1c47c20e28ce4539f16c4d2962026bf5db6cbea98e8b3e61f603855dc9844
control-r1,classic-empty,5973730,1,6973730,6,0,0.6666666666666666,6,84,0,1,400,0,0,52,2cfbe691da8f25c6de8e956b375e55bc3b9cba754395923a4776b91816920f1d
control-r1,classic-empty,5973731,1,6973731,8,0,0.8888888888888888,8,89,0,1,400,0,0,52,87c261070cfa0f29b74feba2eb49420d7a3f7f27548239fc0a01cee44667ed8f
control-r1,classic-empty,5973732,1,6973732,2,0,0.2222222222222222,2,28,0,0,72,1,0,10,0eba4afbd7e13e4a5c86e77aa2f949673e16530220775684c08a76a568093adf
control-r1,classic-empty,5973733,1,6973733,0,0,0.0,0,24,0,0,57,1,0,8,9ad359e9258649ea31775777d37b86cb95d8b8c4b4012b67c9abef99f7112e62
control-r1,classic-empty,5973734,1,6973734,1,0,0.1111111111111111,1,11,0,0,35,1,0,5,c6daacf58e694d0466fe47ac6014a76d395385bb2caab6d3bec8bb4beea5777b
control-r1,classic-empty,5973735,1,6973735,7,0,0.7777777777777778,7,80,0,1,400,0,0,52,e390d0485e73016675a8de8d6bac89836ea89a05b1e3160afb1de92ad4f3e861
control-r1,classic-empty,5973736,1,6973736,2,0,0.2222222222222222,2,32,0,1,400,0,0,52,69ab72e31be45a6250211a01c4272f1b645c4d9fd4fad3ed97c9cc74fd7c3e0c
control-r1,classic-empty,5973737,1,6973737,3,0,0.3333333333333333,3,49,0,1,400,0,0,53,1221fe83425f2d1772d955f17170b1c95631c0ce46616665b5bf898c3cde0385
control-r1,classic-empty,5973738,1,6973738,4,0,0.4444444444444444,4,60,0,1,400,0,0,55,018e304dfb812a54512cc52a0af1a1d128830fdda4d5ac5527918bd89a3074ad
control-r1,classic-empty,5973739,1,6973739,6,0,0.6666666666666666,6,94,0,1,400,0,0,52,3384bb7e1aa76adc4e8f6486111ff012d531e6e6630339e5c429ee05996e1396
control-r1,classic-empty,5973740,1,6973740,0,0,0.0,0,11,0,0,21,1,0,3,46c1831170840ffa59e9e75e7d4a468820fd4e12def3fd2c0cf278dc61313ca3
treatment-r1,classic-peaceful,5973401,0,6973401,0,0,0.0,0,0,0,1,400,0,0,0,2c98cb549ba8c5312c532da67cc4c60bc3db7a0c376a72eae4e60c24ad94208d
treatment-r1,classic-peaceful,5973402,0,6973402,0,0,0.0,0,14,0,0,41,1,0,6,2c9529b46ee12e5a724981b58b5687f75e15c434d8d40f95b9c37c6fd8eb9bcf
treatment-r1,classic-peaceful,5973403,0,6973403,0,0,0.0,0,22,0,1,400,0,0,53,239a20c608e8d8d8df1114cbd6ec48ae9ee1a1abb28990afbb739503065c21fe
treatment-r1,classic-peaceful,5973404,0,6973404,0,0,0.0,0,0,0,1,400,0,0,0,5bc99cda5b99b2c8ca88a67d1b2fc3a44049ede67fb75f330e63f737bd2f0640
treatment-r1,classic-peaceful,5973405,0,6973405,0,0,0.0,0,20,0,1,400,0,0,58,6faf943e78d18d913f4ed6edbe6628b37b42f2978a0e7dd333e8ff7cb24072d7
treatment-r1,classic-peaceful,5973406,0,6973406,0,0,0.0,0,0,0,1,400,0,0,0,2c98cb549ba8c5312c532da67cc4c60bc3db7a0c376a72eae4e60c24ad94208d
treatment-r1,classic-peaceful,5973407,0,6973407,2,1,0.2222222222222222,2,29,0,1,400,0,0,29,e9066672fd4278794e05854808dfafccd256baec287e4492a9e761d2c1041851
treatment-r1,classic-peaceful,5973408,0,6973408,1,1,0.1111111111111111,1,8,0,0,18,1,0,2,4d878acd4cef1dbd0a861469c9d745671b53cf04302ecbae217e66b9ddb3163f
treatment-r1,classic-peaceful,5973409,0,6973409,12,1,0.7777777777777778,7,80,1,1,400,0,0,52,eb6fda246eaa245ee52b831043629f84db59a33514b47016f37d4c732deed21e
treatment-r1,classic-peaceful,5973410,0,6973410,1,1,0.1111111111111111,1,15,0,1,400,0,0,8,6394e76f7d967be02966eb510d1eff827a4f49bde5e97403e3bafbf2d4560b71
treatment-r1,classic-peaceful,5973411,0,6973411,0,0,0.0,0,15,0,1,400,0,0,8,a5232f9b931022be57cfe6827d453971fc3d8dfca40cfabdd81e50f32e48acba
treatment-r1,classic-peaceful,5973412,0,6973412,0,0,0.0,0,7,0,1,400,0,0,3,e4619cca2ac43c89cf9fbf09d4d46aa8156d53bed08e15f98ed7e96fb858c775
treatment-r1,classic-peaceful,5973413,0,6973413,1,1,0.1111111111111111,1,27,0,0,170,1,0,23,05487ddef48da731b1877dfab5a018c3c94cd2723d2c0506dd3da4a59ec17be1
treatment-r1,classic-peaceful,5973414,0,6973414,0,0,0.0,0,0,0,1,400,0,0,0,5bc99cda5b99b2c8ca88a67d1b2fc3a44049ede67fb75f330e63f737bd2f0640
treatment-r1,classic-peaceful,5973415,0,6973415,8,1,0.3333333333333333,3,70,1,0,208,1,0,28,9f79e31641855ee85263f8451158b88f0a9d9eb641c56eaf1fe5e98b80a7db05
treatment-r1,classic-peaceful,5973416,0,6973416,1,1,0.1111111111111111,1,19,0,1,400,0,0,57,694ab5bdb9ed9d860d6d18f0296c2bdc4b2f8cf678d070bb62d3938fa31d2d5c
treatment-r1,classic-peaceful,5973417,0,6973417,10,1,0.5555555555555556,5,84,1,1,400,0,0,51,c2d65c9e28b333690b5e431bd2ec5f9a2f155e260a6ca9e8675e76bf579daee8
treatment-r1,classic-peaceful,5973418,0,6973418,1,1,0.1111111111111111,1,14,0,1,400,0,0,51,01ab8248683cfc71320b4d92029c6e58c8b9d050a7e29e42dd93e367f07499eb
treatment-r1,classic-peaceful,5973419,0,6973419,0,0,0.0,0,2,0,0,7,1,0,1,bec5dcd249e32c25e08bfd78ae45bacf24fc731a13a009bc818898df7a3fe547
treatment-r1,classic-peaceful,5973420,0,6973420,0,0,0.0,0,13,0,1,400,0,0,57,a947fc8b21681fd3fbe56e4cd57aa532fefa865852686ed494cdb38d7d167b5f
treatment-r1,classic-peaceful,5973421,0,6973421,0,0,0.0,0,13,0,1,400,0,0,57,683648e704b3658e82d57ed77ecfcf6dd9c88ca2dcd783a6fce7e32c6294819e
treatment-r1,classic-peaceful,5973422,0,6973422,0,0,0.0,0,13,0,1,400,0,0,5,cd66421cbe1a1b5f8eb8f3a1824a3f2a7465ba84508dd3a09c3dd1d1bda5faee
treatment-r1,classic-peaceful,5973423,0,6973423,10,1,0.5555555555555556,5,70,1,1,400,0,0,55,67ba7ce02ff6679faf6eeda03a178324d43327beb058c77d17973ac941d251db
treatment-r1,classic-peaceful,5973424,0,6973424,0,0,0.0,0,17,0,1,400,0,0,51,f2599ecedb3cf93cd81371bed64ffcf74be3e0cf79a2b8daab07e8d2fed8355c
treatment-r1,classic-peaceful,5973425,0,6973425,9,1,1.0,9,65,0,1,400,0,0,52,bfb644fb5cc6632c065c08be488c7f7aae803cae1ea83d5ba8db3c827e0160fd
treatment-r1,classic-peaceful,5973426,0,6973426,3,1,0.3333333333333333,3,26,0,1,400,0,0,16,29d69a26fbf1144edc3c534023c47223d63bf2957381f07570fb62f6e8ef003b
treatment-r1,classic-peaceful,5973427,0,6973427,0,0,0.0,0,16,0,1,400,0,0,52,7d8cdacc992cfe40572ca425a77d11ace0783597c23b28b3d80a20f0ed6a9e2d
treatment-r1,classic-peaceful,5973428,0,6973428,3,1,0.3333333333333333,3,21,0,1,400,0,0,52,c12e0d3938164351d0b55a69b98dd7a1a50ff878b39741e915fb562bd246a87c
treatment-r1,classic-peaceful,5973429,0,6973429,0,0,0.0,0,15,0,1,400,0,0,52,430280c1fa686b348784b5ecb2c301856d74dcf5f660d0374bcff003e99f1891
treatment-r1,classic-peaceful,5973430,0,6973430,2,1,0.2222222222222222,2,27,0,1,400,0,0,12,4033a401082453ac0308602f85ff6873cfa206bf9c189c5000b3f9dedbea642f
treatment-r1,classic-peaceful,5973431,0,6973431,0,0,0.0,0,0,0,1,400,0,0,0,5bc99cda5b99b2c8ca88a67d1b2fc3a44049ede67fb75f330e63f737bd2f0640
treatment-r1,classic-peaceful,5973432,0,6973432,2,1,0.2222222222222222,2,12,0,1,400,0,0,6,88bb638788ea25a9c8c98965e8254259399ab0cafa0261431e36de5d1efcd94f
treatment-r1,classic-peaceful,5973433,0,6973433,0,0,0.0,0,3,0,0,6,1,0,1,87ae77d40e0ee0ef0ba2810fa8c902fd2d874f20c7215cb694a610f87f4f9096
treatment-r1,classic-peaceful,5973434,0,6973434,1,1,0.1111111111111111,1,18,0,1,400,0,0,51,5c9cd05e28e3495d8871e00754dd4b2965276567f3177db58a71aadfe749de81
treatment-r1,classic-peaceful,5973435,0,6973435,0,0,0.0,0,11,0,1,400,0,0,7,4ae98ef3d7fdda1f831b9e04653532f04312b38bc9d0b8864f64b751f252e188
treatment-r1,classic-peaceful,5973436,0,6973436,0,0,0.0,0,15,0,0,50,1,0,7,afad320fe1abdf932ca2e169e01f06863f2b63dc078e56a3c7ef7cfc1c8b925f
treatment-r1,classic-peaceful,5973437,0,6973437,3,1,0.3333333333333333,3,37,0,0,127,1,0,14,20cde411e6b98e9b2e25e8d29540d942bda3457f70c255a46349d365c1c0378a
treatment-r1,classic-peaceful,5973438,0,6973438,11,1,0.6666666666666666,6,79,1,1,400,0,2,52,ec30a4f0f5b53e50aaaee5a2dbab0da71b0c2fa0479ea257ef32eacc9588adac
treatment-r1,classic-peaceful,5973439,0,6973439,2,1,0.2222222222222222,2,34,0,1,400,0,0,56,99a6b2201561c69adbcf1557dbd289ee679fa6906492cdfffbadced8681d45cc
treatment-r1,classic-peaceful,5973440,0,6973440,0,0,0.0,0,18,0,1,400,0,0,35,ccce55601ad948b8c3f16251e1227f9602380deb20a81b1f082c1e364604bc51
treatment-r1,classic-peaceful,5973401,1,6973401,0,0,0.0,0,0,0,1,400,0,0,0,2c98cb549ba8c5312c532da67cc4c60bc3db7a0c376a72eae4e60c24ad94208d
treatment-r1,classic-peaceful,5973402,1,6973402,0,0,0.0,0,14,0,0,41,1,0,6,2c9529b46ee12e5a724981b58b5687f75e15c434d8d40f95b9c37c6fd8eb9bcf
treatment-r1,classic-peaceful,5973403,1,6973403,0,0,0.0,0,22,0,1,400,0,0,53,239a20c608e8d8d8df1114cbd6ec48ae9ee1a1abb28990afbb739503065c21fe
treatment-r1,classic-peaceful,5973404,1,6973404,0,0,0.0,0,0,0,1,400,0,0,0,5bc99cda5b99b2c8ca88a67d1b2fc3a44049ede67fb75f330e63f737bd2f0640
treatment-r1,classic-peaceful,5973405,1,6973405,0,0,0.0,0,20,0,1,400,0,0,58,6faf943e78d18d913f4ed6edbe6628b37b42f2978a0e7dd333e8ff7cb24072d7
treatment-r1,classic-peaceful,5973406,1,6973406,0,0,0.0,0,0,0,1,400,0,0,0,2c98cb549ba8c5312c532da67cc4c60bc3db7a0c376a72eae4e60c24ad94208d
treatment-r1,classic-peaceful,5973407,1,6973407,2,1,0.2222222222222222,2,29,0,1,400,0,0,29,e9066672fd4278794e05854808dfafccd256baec287e4492a9e761d2c1041851
treatment-r1,classic-peaceful,5973408,1,6973408,1,1,0.1111111111111111,1,8,0,0,18,1,0,2,4d878acd4cef1dbd0a861469c9d745671b53cf04302ecbae217e66b9ddb3163f
treatment-r1,classic-peaceful,5973409,1,6973409,12,1,0.7777777777777778,7,80,1,1,400,0,0,52,eb6fda246eaa245ee52b831043629f84db59a33514b47016f37d4c732deed21e
treatment-r1,classic-peaceful,5973410,1,6973410,1,1,0.1111111111111111,1,15,0,1,400,0,0,8,6394e76f7d967be02966eb510d1eff827a4f49bde5e97403e3bafbf2d4560b71
treatment-r1,classic-peaceful,5973411,1,6973411,0,0,0.0,0,15,0,1,400,0,0,8,a5232f9b931022be57cfe6827d453971fc3d8dfca40cfabdd81e50f32e48acba
treatment-r1,classic-peaceful,5973412,1,6973412,0,0,0.0,0,7,0,1,400,0,0,3,e4619cca2ac43c89cf9fbf09d4d46aa8156d53bed08e15f98ed7e96fb858c775
treatment-r1,classic-peaceful,5973413,1,6973413,1,1,0.1111111111111111,1,27,0,0,170,1,0,23,05487ddef48da731b1877dfab5a018c3c94cd2723d2c0506dd3da4a59ec17be1
treatment-r1,classic-peaceful,5973414,1,6973414,0,0,0.0,0,0,0,1,400,0,0,0,5bc99cda5b99b2c8ca88a67d1b2fc3a44049ede67fb75f330e63f737bd2f0640
treatment-r1,classic-peaceful,5973415,1,6973415,8,1,0.3333333333333333,3,70,1,0,208,1,0,28,9f79e31641855ee85263f8451158b88f0a9d9eb641c56eaf1fe5e98b80a7db05
treatment-r1,classic-peaceful,5973416,1,6973416,1,1,0.1111111111111111,1,19,0,1,400,0,0,57,694ab5bdb9ed9d860d6d18f0296c2bdc4b2f8cf678d070bb62d3938fa31d2d5c
treatment-r1,classic-peaceful,5973417,1,6973417,10,1,0.5555555555555556,5,84,1,1,400,0,0,51,c2d65c9e28b333690b5e431bd2ec5f9a2f155e260a6ca9e8675e76bf579daee8
treatment-r1,classic-peaceful,5973418,1,6973418,1,1,0.1111111111111111,1,14,0,1,400,0,0,51,01ab8248683cfc71320b4d92029c6e58c8b9d050a7e29e42dd93e367f07499eb
treatment-r1,classic-peaceful,5973419,1,6973419,0,0,0.0,0,2,0,0,7,1,0,1,bec5dcd249e32c25e08bfd78ae45bacf24fc731a13a009bc818898df7a3fe547
treatment-r1,classic-peaceful,5973420,1,6973420,0,0,0.0,0,13,0,1,400,0,0,57,a947fc8b21681fd3fbe56e4cd57aa532fefa865852686ed494cdb38d7d167b5f
treatment-r1,classic-peaceful,5973421,1,6973421,0,0,0.0,0,13,0,1,400,0,0,57,683648e704b3658e82d57ed77ecfcf6dd9c88ca2dcd783a6fce7e32c6294819e
treatment-r1,classic-peaceful,5973422,1,6973422,0,0,0.0,0,13,0,1,400,0,0,5,cd66421cbe1a1b5f8eb8f3a1824a3f2a7465ba84508dd3a09c3dd1d1bda5faee
treatment-r1,classic-peaceful,5973423,1,6973423,10,1,0.5555555555555556,5,70,1,1,400,0,0,55,67ba7ce02ff6679faf6eeda03a178324d43327beb058c77d17973ac941d251db
treatment-r1,classic-peaceful,5973424,1,6973424,0,0,0.0,0,17,0,1,400,0,0,51,f2599ecedb3cf93cd81371bed64ffcf74be3e0cf79a2b8daab07e8d2fed8355c
treatment-r1,classic-peaceful,5973425,1,6973425,9,1,1.0,9,65,0,1,400,0,0,52,bfb644fb5cc6632c065c08be488c7f7aae803cae1ea83d5ba8db3c827e0160fd
treatment-r1,classic-peaceful,5973426,1,6973426,3,1,0.3333333333333333,3,26,0,1,400,0,0,16,29d69a26fbf1144edc3c534023c47223d63bf2957381f07570fb62f6e8ef003b
treatment-r1,classic-peaceful,5973427,1,6973427,0,0,0.0,0,16,0,1,400,0,0,52,7d8cdacc992cfe40572ca425a77d11ace0783597c23b28b3d80a20f0ed6a9e2d
treatment-r1,classic-peaceful,5973428,1,6973428,3,1,0.3333333333333333,3,21,0,1,400,0,0,52,c12e0d3938164351d0b55a69b98dd7a1a50ff878b39741e915fb562bd246a87c
treatment-r1,classic-peaceful,5973429,1,6973429,0,0,0.0,0,15,0,1,400,0,0,52,430280c1fa686b348784b5ecb2c301856d74dcf5f660d0374bcff003e99f1891
treatment-r1,classic-peaceful,5973430,1,6973430,2,1,0.2222222222222222,2,27,0,1,400,0,0,12,4033a401082453ac0308602f85ff6873cfa206bf9c189c5000b3f9dedbea642f
treatment-r1,classic-peaceful,5973431,1,6973431,0,0,0.0,0,0,0,1,400,0,0,0,5bc99cda5b99b2c8ca88a67d1b2fc3a44049ede67fb75f330e63f737bd2f0640
treatment-r1,classic-peaceful,5973432,1,6973432,2,1,0.2222222222222222,2,12,0,1,400,0,0,6,88bb638788ea25a9c8c98965e8254259399ab0cafa0261431e36de5d1efcd94f
treatment-r1,classic-peaceful,5973433,1,6973433,0,0,0.0,0,3,0,0,6,1,0,1,87ae77d40e0ee0ef0ba2810fa8c902fd2d874f20c7215cb694a610f87f4f9096
treatment-r1,classic-peaceful,5973434,1,6973434,1,1,0.1111111111111111,1,18,0,1,400,0,0,51,5c9cd05e28e3495d8871e00754dd4b2965276567f3177db58a71aadfe749de81
treatment-r1,classic-peaceful,5973435,1,6973435,0,0,0.0,0,11,0,1,400,0,0,7,4ae98ef3d7fdda1f831b9e04653532f04312b38bc9d0b8864f64b751f252e188
treatment-r1,classic-peaceful,5973436,1,6973436,0,0,0.0,0,15,0,0,50,1,0,7,afad320fe1abdf932ca2e169e01f06863f2b63dc078e56a3c7ef7cfc1c8b925f
treatment-r1,classic-peaceful,5973437,1,6973437,3,1,0.3333333333333333,3,37,0,0,127,1,0,14,20cde411e6b98e9b2e25e8d29540d942bda3457f70c255a46349d365c1c0378a
treatment-r1,classic-peaceful,5973438,1,6973438,11,1,0.6666666666666666,6,79,1,1,400,0,2,52,ec30a4f0f5b53e50aaaee5a2dbab0da71b0c2fa0479ea257ef32eacc9588adac
treatment-r1,classic-peaceful,5973439,1,6973439,2,1,0.2222222222222222,2,34,0,1,400,0,0,56,99a6b2201561c69adbcf1557dbd289ee679fa6906492cdfffbadced8681d45cc
treatment-r1,classic-peaceful,5973440,1,6973440,0,0,0.0,0,18,0,1,400,0,0,35,ccce55601ad948b8c3f16251e1227f9602380deb20a81b1f082c1e364604bc51
treatment-r1,coin-heaven,5973501,0,6973501,50,0,1.0,50,0,0,1,167,0,0,10,510c8c0273e6dc2e8c2d89d6497878582351add5e793cf179f4debff5c5c7aee
treatment-r1,coin-heaven,5973502,0,6973502,50,0,1.0,50,0,0,1,146,0,0,11,a263e6cd5d0505bf90ab04879c6ab7e8cf1f076bcd045e6cd67dbaaddfef947b
treatment-r1,coin-heaven,5973503,0,6973503,37,0,0.74,37,0,0,1,400,0,0,3,ecf41b65a1128cbf52bac1fec3b58bd0546b79cf12ea99b0e9cbbf0198d88b6d
treatment-r1,coin-heaven,5973504,0,6973504,50,0,1.0,50,0,0,1,128,0,0,9,fe818f496d4b2d43bb19f1cfbd3c1fdfc775d08f2eb1082302488831d3c685d2
treatment-r1,coin-heaven,5973505,0,6973505,2,0,0.04,2,0,0,1,400,0,0,0,fc46d9a3d00fed802efdb19542436e42dcfed82986e415110824168de8e51073
treatment-r1,coin-heaven,5973506,0,6973506,7,0,0.14,7,0,0,1,400,0,0,0,0937387d0cdf1fb2d45971ff67bb1bc6a599f5ef9cd36f8603089e79ab5e2bb5
treatment-r1,coin-heaven,5973507,0,6973507,50,0,1.0,50,0,0,1,154,0,0,11,f1e6e9ddf84072df3c419d680a664cac9431e1bcd20989dbb3526f67b02a2904
treatment-r1,coin-heaven,5973508,0,6973508,6,0,0.12,6,0,0,1,400,0,0,0,93cb55c2adb3833615357e8fc982cf6f645ee103e926aa19587d1b8f85e9a40e
treatment-r1,coin-heaven,5973509,0,6973509,10,0,0.2,10,0,0,1,400,0,0,0,037ddcd1e9a0aa68f4d3df7542b811c7252e0e3d8b737bec9d57faf2802361eb
treatment-r1,coin-heaven,5973510,0,6973510,25,0,0.5,25,0,0,1,400,0,0,2,f841686ba16d180b9414c61afeeea1711715a2acecb5baf72016188c807d6e79
treatment-r1,coin-heaven,5973511,0,6973511,38,0,0.76,38,0,0,1,400,0,0,4,bd981aecf3d9c80fe3e162ec0314fc13abffddd84e0f2b361de1ddedf9c08c8c
treatment-r1,coin-heaven,5973512,0,6973512,6,0,0.12,6,0,0,1,400,0,0,2,33a12531ceaa66fe8b690484a9149f9c4a6c00abc316586b97d0a9965ac888aa
treatment-r1,coin-heaven,5973513,0,6973513,38,0,0.76,38,0,0,1,400,0,0,4,c28f720883325283396a6ad3220a063e38fccd98f496fd41e11c7e50d8d2e7ed
treatment-r1,coin-heaven,5973514,0,6973514,7,0,0.14,7,0,0,1,400,0,0,0,7c7508d7b65918d71fa172a78e2ca9108edaebb9c022bffbce955574b416aa7f
treatment-r1,coin-heaven,5973515,0,6973515,27,0,0.54,27,0,0,1,400,0,0,3,673393dbb89fdcafcf3b6d2a396ea3e1a1037adb332c8f4cf188fbce82b1c95a
treatment-r1,coin-heaven,5973516,0,6973516,12,0,0.24,12,0,0,0,28,1,0,2,503f7c9c5afdc37be43a54647959fb42119e30ad34878d5f232c1ae24087a32f
treatment-r1,coin-heaven,5973517,0,6973517,20,0,0.4,20,0,0,1,400,0,0,2,ba9c6f84122e761e21109011c9431af4dc84a38820bf3181136895cc8f16db78
treatment-r1,coin-heaven,5973518,0,6973518,41,0,0.82,41,0,0,1,400,0,0,5,d2627fd4c5340d6b1c8df837e6f59f31487f66a74bc111a03b1281f111b089a8
treatment-r1,coin-heaven,5973519,0,6973519,50,0,1.0,50,0,0,1,135,0,0,7,6cfe7438a84ae9440cb73597c1705f42afcd070c4808e557cafabec8a265d3af
treatment-r1,coin-heaven,5973520,0,6973520,28,0,0.56,28,0,0,1,400,0,0,2,420afc3b9432ca2778f6beaf23d705d63feae4b6f618acd58903ba8537302daf
treatment-r1,coin-heaven,5973521,0,6973521,16,0,0.32,16,0,0,1,400,0,0,1,02ce8a832dd60cebc61358f40860b352b6a260d5423c446545312bc35eaaa2b1
treatment-r1,coin-heaven,5973522,0,6973522,50,0,1.0,50,0,0,1,137,0,0,8,956e9ec4296612084c19eb9aec460e411e2bdb761ca3637574dab5ce87dbfc55
treatment-r1,coin-heaven,5973523,0,6973523,50,0,1.0,50,0,0,1,151,0,0,8,c354f99765b81ccd6c67cbd7e07a3664a27844ede473ca8950cbaa5150d5d7e7
treatment-r1,coin-heaven,5973524,0,6973524,50,0,1.0,50,0,0,1,163,0,0,8,654ee9b5343f3d7cb9187810e442ec6f09a82dd61189dee0e73190f87a4a79c8
treatment-r1,coin-heaven,5973525,0,6973525,10,0,0.2,10,0,0,1,400,0,0,1,a6c9989eb89b5619562d6de78b62d60b9619777790d8b81711f00e0145cf6048
treatment-r1,coin-heaven,5973526,0,6973526,0,0,0.0,0,0,0,1,400,0,0,0,f49e2d07ad7b7990c33143b698363cae0bfc89b82ed1839a336aa5fcc9af2747
treatment-r1,coin-heaven,5973527,0,6973527,4,0,0.08,4,0,0,1,400,0,0,1,04ed0e18d61292e909812214958bd68e2924d114abb46897976668526e9fafa3
treatment-r1,coin-heaven,5973528,0,6973528,37,0,0.74,37,0,0,0,78,1,0,3,4e3caa72e906615d3f109c3ed154e4cc93fff1087a050f50e5cf7bae9f850fb9
treatment-r1,coin-heaven,5973529,0,6973529,50,0,1.0,50,0,0,1,133,0,0,7,8734375291520cee777b9368ad6bd2f57451673db7fd01ffd041e43219cf2de3
treatment-r1,coin-heaven,5973530,0,6973530,50,0,1.0,50,0,0,1,160,0,0,12,9b52030e78c80149729ba6f13c5d5cf7a658b28d8327b95c85b6bbe47807b4c4
treatment-r1,coin-heaven,5973531,0,6973531,47,0,0.94,47,0,0,1,400,0,0,7,4aaf3ce9a4be8b77db9ade0b45804df8395cd39922bb6e6d452ad5dd10ee3e1e
treatment-r1,coin-heaven,5973532,0,6973532,50,0,1.0,50,0,0,1,129,0,0,4,388e776b2770465bd1975a6de30cd3b90ef9acde692e01aecb67d4e18768e29d
treatment-r1,coin-heaven,5973533,0,6973533,50,0,1.0,50,0,0,1,139,0,0,7,49cb22e2f229564ff7114067f14a29a63a1d6071614b571e402ae62da4bbd41b
treatment-r1,coin-heaven,5973534,0,6973534,50,0,1.0,50,0,0,1,163,0,0,13,4697679be9bc73205c6f6635d9ffa263bd5fd2b276233c209555f7cb01a611aa
treatment-r1,coin-heaven,5973535,0,6973535,5,0,0.1,5,0,0,0,13,1,0,1,e17329da335e5dd2819d726885d662ca72440ca7e6e5b27531cfb2e21c8a361c
treatment-r1,coin-heaven,5973536,0,6973536,30,0,0.6,30,0,0,1,400,0,0,3,864926b68d6bf727daf2e4e19b73da09fc650e8939d263495e7271a05730941f
treatment-r1,coin-heaven,5973537,0,6973537,6,0,0.12,6,0,0,1,400,0,0,0,7549440a499dec93d7aaeaf3c226f38bdbac96accebe2307a5695e55c12052b7
treatment-r1,coin-heaven,5973538,0,6973538,25,0,0.5,25,0,0,1,400,0,0,3,eaf9da9c6337cd34c461e1278d48318d44e0633e12312323076223873479e7ac
treatment-r1,coin-heaven,5973539,0,6973539,17,0,0.34,17,0,0,0,39,1,0,1,c40e686518ca4bd7dc6517dff32185ace273b6d22f2acb4d7cfe58230ce44c5d
treatment-r1,coin-heaven,5973540,0,6973540,50,0,1.0,50,0,0,1,125,0,0,9,3570310a3440fda8f79c01108c9110833289271690cb5397defcc1d2eca52136
treatment-r1,coin-heaven,5973501,1,6973501,50,0,1.0,50,0,0,1,167,0,0,10,510c8c0273e6dc2e8c2d89d6497878582351add5e793cf179f4debff5c5c7aee
treatment-r1,coin-heaven,5973502,1,6973502,50,0,1.0,50,0,0,1,146,0,0,11,a263e6cd5d0505bf90ab04879c6ab7e8cf1f076bcd045e6cd67dbaaddfef947b
treatment-r1,coin-heaven,5973503,1,6973503,37,0,0.74,37,0,0,1,400,0,0,3,ecf41b65a1128cbf52bac1fec3b58bd0546b79cf12ea99b0e9cbbf0198d88b6d
treatment-r1,coin-heaven,5973504,1,6973504,50,0,1.0,50,0,0,1,128,0,0,9,fe818f496d4b2d43bb19f1cfbd3c1fdfc775d08f2eb1082302488831d3c685d2
treatment-r1,coin-heaven,5973505,1,6973505,2,0,0.04,2,0,0,1,400,0,0,0,fc46d9a3d00fed802efdb19542436e42dcfed82986e415110824168de8e51073
treatment-r1,coin-heaven,5973506,1,6973506,7,0,0.14,7,0,0,1,400,0,0,0,0937387d0cdf1fb2d45971ff67bb1bc6a599f5ef9cd36f8603089e79ab5e2bb5
treatment-r1,coin-heaven,5973507,1,6973507,50,0,1.0,50,0,0,1,154,0,0,11,f1e6e9ddf84072df3c419d680a664cac9431e1bcd20989dbb3526f67b02a2904
treatment-r1,coin-heaven,5973508,1,6973508,6,0,0.12,6,0,0,1,400,0,0,0,93cb55c2adb3833615357e8fc982cf6f645ee103e926aa19587d1b8f85e9a40e
treatment-r1,coin-heaven,5973509,1,6973509,10,0,0.2,10,0,0,1,400,0,0,0,037ddcd1e9a0aa68f4d3df7542b811c7252e0e3d8b737bec9d57faf2802361eb
treatment-r1,coin-heaven,5973510,1,6973510,25,0,0.5,25,0,0,1,400,0,0,2,f841686ba16d180b9414c61afeeea1711715a2acecb5baf72016188c807d6e79
treatment-r1,coin-heaven,5973511,1,6973511,38,0,0.76,38,0,0,1,400,0,0,4,bd981aecf3d9c80fe3e162ec0314fc13abffddd84e0f2b361de1ddedf9c08c8c
treatment-r1,coin-heaven,5973512,1,6973512,6,0,0.12,6,0,0,1,400,0,0,2,33a12531ceaa66fe8b690484a9149f9c4a6c00abc316586b97d0a9965ac888aa
treatment-r1,coin-heaven,5973513,1,6973513,38,0,0.76,38,0,0,1,400,0,0,4,c28f720883325283396a6ad3220a063e38fccd98f496fd41e11c7e50d8d2e7ed
treatment-r1,coin-heaven,5973514,1,6973514,7,0,0.14,7,0,0,1,400,0,0,0,7c7508d7b65918d71fa172a78e2ca9108edaebb9c022bffbce955574b416aa7f
treatment-r1,coin-heaven,5973515,1,6973515,27,0,0.54,27,0,0,1,400,0,0,3,673393dbb89fdcafcf3b6d2a396ea3e1a1037adb332c8f4cf188fbce82b1c95a
treatment-r1,coin-heaven,5973516,1,6973516,12,0,0.24,12,0,0,0,28,1,0,2,503f7c9c5afdc37be43a54647959fb42119e30ad34878d5f232c1ae24087a32f
treatment-r1,coin-heaven,5973517,1,6973517,20,0,0.4,20,0,0,1,400,0,0,2,ba9c6f84122e761e21109011c9431af4dc84a38820bf3181136895cc8f16db78
treatment-r1,coin-heaven,5973518,1,6973518,41,0,0.82,41,0,0,1,400,0,0,5,d2627fd4c5340d6b1c8df837e6f59f31487f66a74bc111a03b1281f111b089a8
treatment-r1,coin-heaven,5973519,1,6973519,50,0,1.0,50,0,0,1,135,0,0,7,6cfe7438a84ae9440cb73597c1705f42afcd070c4808e557cafabec8a265d3af
treatment-r1,coin-heaven,5973520,1,6973520,28,0,0.56,28,0,0,1,400,0,0,2,420afc3b9432ca2778f6beaf23d705d63feae4b6f618acd58903ba8537302daf
treatment-r1,coin-heaven,5973521,1,6973521,16,0,0.32,16,0,0,1,400,0,0,1,02ce8a832dd60cebc61358f40860b352b6a260d5423c446545312bc35eaaa2b1
treatment-r1,coin-heaven,5973522,1,6973522,50,0,1.0,50,0,0,1,137,0,0,8,956e9ec4296612084c19eb9aec460e411e2bdb761ca3637574dab5ce87dbfc55
treatment-r1,coin-heaven,5973523,1,6973523,50,0,1.0,50,0,0,1,151,0,0,8,c354f99765b81ccd6c67cbd7e07a3664a27844ede473ca8950cbaa5150d5d7e7
treatment-r1,coin-heaven,5973524,1,6973524,50,0,1.0,50,0,0,1,163,0,0,8,654ee9b5343f3d7cb9187810e442ec6f09a82dd61189dee0e73190f87a4a79c8
treatment-r1,coin-heaven,5973525,1,6973525,10,0,0.2,10,0,0,1,400,0,0,1,a6c9989eb89b5619562d6de78b62d60b9619777790d8b81711f00e0145cf6048
treatment-r1,coin-heaven,5973526,1,6973526,0,0,0.0,0,0,0,1,400,0,0,0,f49e2d07ad7b7990c33143b698363cae0bfc89b82ed1839a336aa5fcc9af2747
treatment-r1,coin-heaven,5973527,1,6973527,4,0,0.08,4,0,0,1,400,0,0,1,04ed0e18d61292e909812214958bd68e2924d114abb46897976668526e9fafa3
treatment-r1,coin-heaven,5973528,1,6973528,37,0,0.74,37,0,0,0,78,1,0,3,4e3caa72e906615d3f109c3ed154e4cc93fff1087a050f50e5cf7bae9f850fb9
treatment-r1,coin-heaven,5973529,1,6973529,50,0,1.0,50,0,0,1,133,0,0,7,8734375291520cee777b9368ad6bd2f57451673db7fd01ffd041e43219cf2de3
treatment-r1,coin-heaven,5973530,1,6973530,50,0,1.0,50,0,0,1,160,0,0,12,9b52030e78c80149729ba6f13c5d5cf7a658b28d8327b95c85b6bbe47807b4c4
treatment-r1,coin-heaven,5973531,1,6973531,47,0,0.94,47,0,0,1,400,0,0,7,4aaf3ce9a4be8b77db9ade0b45804df8395cd39922bb6e6d452ad5dd10ee3e1e
treatment-r1,coin-heaven,5973532,1,6973532,50,0,1.0,50,0,0,1,129,0,0,4,388e776b2770465bd1975a6de30cd3b90ef9acde692e01aecb67d4e18768e29d
treatment-r1,coin-heaven,5973533,1,6973533,50,0,1.0,50,0,0,1,139,0,0,7,49cb22e2f229564ff7114067f14a29a63a1d6071614b571e402ae62da4bbd41b
treatment-r1,coin-heaven,5973534,1,6973534,50,0,1.0,50,0,0,1,163,0,0,13,4697679be9bc73205c6f6635d9ffa263bd5fd2b276233c209555f7cb01a611aa
treatment-r1,coin-heaven,5973535,1,6973535,5,0,0.1,5,0,0,0,13,1,0,1,e17329da335e5dd2819d726885d662ca72440ca7e6e5b27531cfb2e21c8a361c
treatment-r1,coin-heaven,5973536,1,6973536,30,0,0.6,30,0,0,1,400,0,0,3,864926b68d6bf727daf2e4e19b73da09fc650e8939d263495e7271a05730941f
treatment-r1,coin-heaven,5973537,1,6973537,6,0,0.12,6,0,0,1,400,0,0,0,7549440a499dec93d7aaeaf3c226f38bdbac96accebe2307a5695e55c12052b7
treatment-r1,coin-heaven,5973538,1,6973538,25,0,0.5,25,0,0,1,400,0,0,3,eaf9da9c6337cd34c461e1278d48318d44e0633e12312323076223873479e7ac
treatment-r1,coin-heaven,5973539,1,6973539,17,0,0.34,17,0,0,0,39,1,0,1,c40e686518ca4bd7dc6517dff32185ace273b6d22f2acb4d7cfe58230ce44c5d
treatment-r1,coin-heaven,5973540,1,6973540,50,0,1.0,50,0,0,1,125,0,0,9,3570310a3440fda8f79c01108c9110833289271690cb5397defcc1d2eca52136
treatment-r1,loot-crate,5973601,0,6973601,34,0,0.68,34,93,0,0,337,1,0,39,fde62031b2afd7d58c2e2336bb8032ffcf942955c9891bd55cac675fc2c5aa7f
treatment-r1,loot-crate,5973602,0,6973602,9,0,0.18,9,24,0,1,400,0,0,8,31f3f015a986c6a7bdc29e2b2b7594649619a15cf11bd5a1aef4179c770097a0
treatment-r1,loot-crate,5973603,0,6973603,5,0,0.1,5,22,0,1,400,0,0,8,ba968a3feb6f7ce842a88c16d9503a65b14cbbc620142ec01cefec2573dc952c
treatment-r1,loot-crate,5973604,0,6973604,12,0,0.24,12,39,0,1,400,0,0,18,aca8963f32c021e424cd90365ffd4cce219ddcc45f11de844d509af3add55797
treatment-r1,loot-crate,5973605,0,6973605,23,0,0.46,23,64,0,1,400,0,0,23,eab178cbd1cf8321f5bbd8bb5e0e5d6a5b230ed5c7b73ca8b25b9b44397bbfe0
treatment-r1,loot-crate,5973606,0,6973606,0,0,0.0,0,3,0,0,7,1,0,1,bec5dcd249e32c25e08bfd78ae45bacf24fc731a13a009bc818898df7a3fe547
treatment-r1,loot-crate,5973607,0,6973607,1,0,0.02,1,9,0,0,38,1,0,5,cc0c5338b6bc6d762dc2ea74e12782d84f346e801c3089b3245e8d3d18d9c5c6
treatment-r1,loot-crate,5973608,0,6973608,11,0,0.22,11,35,0,1,400,0,0,18,c2188d29efe072083f2e797abe66c21cb17c421ac79901434b76b6d023bd9d9d
treatment-r1,loot-crate,5973609,0,6973609,2,0,0.04,2,8,0,1,400,0,0,3,4b7de92ad926ace522606f6b3703adf77979371b4292a239d32b82853715ea00
treatment-r1,loot-crate,5973610,0,6973610,8,0,0.16,8,36,0,0,138,1,0,18,a9986214449ac36626fade8c5999ad77f87a41dfd6c385c1b3be63aba1c42ee8
treatment-r1,loot-crate,5973611,0,6973611,0,0,0.0,0,0,0,1,400,0,0,0,2c98cb549ba8c5312c532da67cc4c60bc3db7a0c376a72eae4e60c24ad94208d
treatment-r1,loot-crate,5973612,0,6973612,1,0,0.02,1,11,0,0,35,1,0,5,1b6b8519028bd0dae331cd7931726d51d405d62ec86be86e3c01a0073003cf86
treatment-r1,loot-crate,5973613,0,6973613,2,0,0.04,2,13,0,1,400,0,0,5,7b0405754af68f040e43e6107aa71aac90eab8976018187b6e99e333e00fc58d
treatment-r1,loot-crate,5973614,0,6973614,3,0,0.06,3,19,0,0,65,1,0,8,514991e5921a3787a6bfd182b055bd75d2d45a7d76f7b628ef8992f8725d1199
treatment-r1,loot-crate,5973615,0,6973615,1,0,0.02,1,11,0,1,400,0,0,4,7dc9343f6767cd52ea069f8dc71dd6b66918849c59c50637c6d2d8a659868890
treatment-r1,loot-crate,5973616,0,6973616,5,0,0.1,5,17,0,0,50,1,0,6,a31e79a1e467832d26e186b1da2d1b4f23710655c978ab02c954be5fbc57db1b
treatment-r1,loot-crate,5973617,0,6973617,6,0,0.12,6,20,0,1,400,0,0,9,97cc893fc2928dd2869a30474167b837fc547b91fa495170b6cf6f7e1a2861b1
treatment-r1,loot-crate,5973618,0,6973618,13,0,0.26,13,42,0,0,122,1,0,14,2bef82013215f606b28f38f23af2001e392ee9b2872396e8ac1dd1c23112d924
treatment-r1,loot-crate,5973619,0,6973619,2,0,0.04,2,7,0,0,37,1,0,4,1ab9895bb2436d008766046676206a0376331e516c358ef9207dec47ae1676f7
treatment-r1,loot-crate,5973620,0,6973620,17,0,0.34,17,43,0,0,115,1,0,13,587d9ad597604dd8bb626aa88147a3d0935e295908c8628a7ca133d149ea4a51
treatment-r1,loot-crate,5973621,0,6973621,7,0,0.14,7,22,0,1,400,0,0,11,3b38a0b63a4c51bdf433cfd2be8604af30555f6178858121fbf298bedcabde13
treatment-r1,loot-crate,5973622,0,6973622,2,0,0.04,2,12,0,1,400,0,0,5,ba817f04d1474a6d1d1ea6ce519c320ec0505112746bda274eba80493ad28be9
treatment-r1,loot-crate,5973623,0,6973623,2,0,0.04,2,6,0,0,16,1,0,2,9e2d4c12393f40576292f332e915bc681dbb8fd888cfad4bd2432c584f222985
treatment-r1,loot-crate,5973624,0,6973624,1,0,0.02,1,8,0,1,400,0,0,2,ba66fe28d2c702070c4b40ab04b0baaff6b02254605e5c9e9ceb56f5e064434c
treatment-r1,loot-crate,5973625,0,6973625,0,0,0.0,0,4,0,0,16,1,0,2,c761b4550ba4c278d7242fadaa2bdacc47c8a87f19bf96978f3a03d3abd5cc6d
treatment-r1,loot-crate,5973626,0,6973626,13,0,0.26,13,34,0,0,94,1,0,11,91db523f08db5ae90a5494ecd49111626442d54361ce53dc2f25abcec50401a0
treatment-r1,loot-crate,5973627,0,6973627,13,0,0.26,13,36,0,1,400,0,0,15,8b23a6fb5728a894466e1e7961d63ffabe1cf4cd5d4963548404268d5621e761
treatment-r1,loot-crate,5973628,0,6973628,10,0,0.2,10,28,0,1,400,0,0,9,488069ce7a1c0eb86879dba6d20d9a4b3e7469a3c016b8739752277b6b87f2b2
treatment-r1,loot-crate,5973629,0,6973629,36,0,0.72,36,88,0,1,400,0,0,48,0b070bb3937848a71c383adee468e9ad8c8f3eaf53aba785c5891dd6808843f9
treatment-r1,loot-crate,5973630,0,6973630,5,0,0.1,5,16,0,0,78,1,0,10,7d1ca16a2fdd01da3d5c74c665c17f9349868bdf06ab043faf0bf401a5bcd8de
treatment-r1,loot-crate,5973631,0,6973631,17,0,0.34,17,53,0,0,176,1,0,21,54c8f6918a8b79fc94f4c5340aa5b68134172755faf28bdfb8837ff1879298f1
treatment-r1,loot-crate,5973632,0,6973632,14,0,0.28,14,46,0,0,131,1,0,16,8f1c2cafa3358ea7c7c1ac4c975b43369b7d8f34d2d6ad7fa350417b55b56ba7
treatment-r1,loot-crate,5973633,0,6973633,1,0,0.02,1,12,0,0,34,1,0,5,ea2270d9f894f32e40e783ca12f14bc2345db0ce69e853695f26f7dd836614f1
treatment-r1,loot-crate,5973634,0,6973634,19,0,0.38,19,52,0,1,400,0,0,27,8be54653f1ccb7518d53db9e2ba906d5ca48e484c09fe90996863ad0507d5d80
treatment-r1,loot-crate,5973635,0,6973635,3,0,0.06,3,8,0,0,32,1,0,4,45391d3581c763154916bd74c615197fab7e59b0a9534f67f4212cb5f35af381
treatment-r1,loot-crate,5973636,0,6973636,2,0,0.04,2,8,0,0,31,1,0,4,42111c52e06a0bec222678f39069000b61740fb7e03d38403319ceba88e5ae22
treatment-r1,loot-crate,5973637,0,6973637,0,0,0.0,0,3,0,0,7,1,0,1,bec5dcd249e32c25e08bfd78ae45bacf24fc731a13a009bc818898df7a3fe547
treatment-r1,loot-crate,5973638,0,6973638,27,0,0.54,27,58,0,1,400,0,0,29,0886b9e6ba1676c693e467b4a5d6c24bdeef6570f76f00531e9bd1e2c558b552
treatment-r1,loot-crate,5973639,0,6973639,13,0,0.26,13,32,0,0,136,1,0,18,9b4e5125da6bca1983c770e6a97a3d083fbc96c5e57c48e93a4aaf85f4dc9ccd
treatment-r1,loot-crate,5973640,0,6973640,0,0,0.0,0,2,0,0,6,1,0,1,064e5a46da65e7d72d07c580e02f470447caa1b06e6139a3197f4344136ef1c6
treatment-r1,loot-crate,5973601,1,6973601,34,0,0.68,34,93,0,0,337,1,0,39,fde62031b2afd7d58c2e2336bb8032ffcf942955c9891bd55cac675fc2c5aa7f
treatment-r1,loot-crate,5973602,1,6973602,9,0,0.18,9,24,0,1,400,0,0,8,31f3f015a986c6a7bdc29e2b2b7594649619a15cf11bd5a1aef4179c770097a0
treatment-r1,loot-crate,5973603,1,6973603,5,0,0.1,5,22,0,1,400,0,0,8,ba968a3feb6f7ce842a88c16d9503a65b14cbbc620142ec01cefec2573dc952c
treatment-r1,loot-crate,5973604,1,6973604,12,0,0.24,12,39,0,1,400,0,0,18,aca8963f32c021e424cd90365ffd4cce219ddcc45f11de844d509af3add55797
treatment-r1,loot-crate,5973605,1,6973605,23,0,0.46,23,64,0,1,400,0,0,23,eab178cbd1cf8321f5bbd8bb5e0e5d6a5b230ed5c7b73ca8b25b9b44397bbfe0
treatment-r1,loot-crate,5973606,1,6973606,0,0,0.0,0,3,0,0,7,1,0,1,bec5dcd249e32c25e08bfd78ae45bacf24fc731a13a009bc818898df7a3fe547
treatment-r1,loot-crate,5973607,1,6973607,1,0,0.02,1,9,0,0,38,1,0,5,cc0c5338b6bc6d762dc2ea74e12782d84f346e801c3089b3245e8d3d18d9c5c6
treatment-r1,loot-crate,5973608,1,6973608,11,0,0.22,11,35,0,1,400,0,0,18,c2188d29efe072083f2e797abe66c21cb17c421ac79901434b76b6d023bd9d9d
treatment-r1,loot-crate,5973609,1,6973609,2,0,0.04,2,8,0,1,400,0,0,3,4b7de92ad926ace522606f6b3703adf77979371b4292a239d32b82853715ea00
treatment-r1,loot-crate,5973610,1,6973610,8,0,0.16,8,36,0,0,138,1,0,18,a9986214449ac36626fade8c5999ad77f87a41dfd6c385c1b3be63aba1c42ee8
treatment-r1,loot-crate,5973611,1,6973611,0,0,0.0,0,0,0,1,400,0,0,0,2c98cb549ba8c5312c532da67cc4c60bc3db7a0c376a72eae4e60c24ad94208d
treatment-r1,loot-crate,5973612,1,6973612,1,0,0.02,1,11,0,0,35,1,0,5,1b6b8519028bd0dae331cd7931726d51d405d62ec86be86e3c01a0073003cf86
treatment-r1,loot-crate,5973613,1,6973613,2,0,0.04,2,13,0,1,400,0,0,5,7b0405754af68f040e43e6107aa71aac90eab8976018187b6e99e333e00fc58d
treatment-r1,loot-crate,5973614,1,6973614,3,0,0.06,3,19,0,0,65,1,0,8,514991e5921a3787a6bfd182b055bd75d2d45a7d76f7b628ef8992f8725d1199
treatment-r1,loot-crate,5973615,1,6973615,1,0,0.02,1,11,0,1,400,0,0,4,7dc9343f6767cd52ea069f8dc71dd6b66918849c59c50637c6d2d8a659868890
treatment-r1,loot-crate,5973616,1,6973616,5,0,0.1,5,17,0,0,50,1,0,6,a31e79a1e467832d26e186b1da2d1b4f23710655c978ab02c954be5fbc57db1b
treatment-r1,loot-crate,5973617,1,6973617,6,0,0.12,6,20,0,1,400,0,0,9,97cc893fc2928dd2869a30474167b837fc547b91fa495170b6cf6f7e1a2861b1
treatment-r1,loot-crate,5973618,1,6973618,13,0,0.26,13,42,0,0,122,1,0,14,2bef82013215f606b28f38f23af2001e392ee9b2872396e8ac1dd1c23112d924
treatment-r1,loot-crate,5973619,1,6973619,2,0,0.04,2,7,0,0,37,1,0,4,1ab9895bb2436d008766046676206a0376331e516c358ef9207dec47ae1676f7
treatment-r1,loot-crate,5973620,1,6973620,17,0,0.34,17,43,0,0,115,1,0,13,587d9ad597604dd8bb626aa88147a3d0935e295908c8628a7ca133d149ea4a51
treatment-r1,loot-crate,5973621,1,6973621,7,0,0.14,7,22,0,1,400,0,0,11,3b38a0b63a4c51bdf433cfd2be8604af30555f6178858121fbf298bedcabde13
treatment-r1,loot-crate,5973622,1,6973622,2,0,0.04,2,12,0,1,400,0,0,5,ba817f04d1474a6d1d1ea6ce519c320ec0505112746bda274eba80493ad28be9
treatment-r1,loot-crate,5973623,1,6973623,2,0,0.04,2,6,0,0,16,1,0,2,9e2d4c12393f40576292f332e915bc681dbb8fd888cfad4bd2432c584f222985
treatment-r1,loot-crate,5973624,1,6973624,1,0,0.02,1,8,0,1,400,0,0,2,ba66fe28d2c702070c4b40ab04b0baaff6b02254605e5c9e9ceb56f5e064434c
treatment-r1,loot-crate,5973625,1,6973625,0,0,0.0,0,4,0,0,16,1,0,2,c761b4550ba4c278d7242fadaa2bdacc47c8a87f19bf96978f3a03d3abd5cc6d
treatment-r1,loot-crate,5973626,1,6973626,13,0,0.26,13,34,0,0,94,1,0,11,91db523f08db5ae90a5494ecd49111626442d54361ce53dc2f25abcec50401a0
treatment-r1,loot-crate,5973627,1,6973627,13,0,0.26,13,36,0,1,400,0,0,15,8b23a6fb5728a894466e1e7961d63ffabe1cf4cd5d4963548404268d5621e761
treatment-r1,loot-crate,5973628,1,6973628,10,0,0.2,10,28,0,1,400,0,0,9,488069ce7a1c0eb86879dba6d20d9a4b3e7469a3c016b8739752277b6b87f2b2
treatment-r1,loot-crate,5973629,1,6973629,36,0,0.72,36,88,0,1,400,0,0,48,0b070bb3937848a71c383adee468e9ad8c8f3eaf53aba785c5891dd6808843f9
treatment-r1,loot-crate,5973630,1,6973630,5,0,0.1,5,16,0,0,78,1,0,10,7d1ca16a2fdd01da3d5c74c665c17f9349868bdf06ab043faf0bf401a5bcd8de
treatment-r1,loot-crate,5973631,1,6973631,17,0,0.34,17,53,0,0,176,1,0,21,54c8f6918a8b79fc94f4c5340aa5b68134172755faf28bdfb8837ff1879298f1
treatment-r1,loot-crate,5973632,1,6973632,14,0,0.28,14,46,0,0,131,1,0,16,8f1c2cafa3358ea7c7c1ac4c975b43369b7d8f34d2d6ad7fa350417b55b56ba7
treatment-r1,loot-crate,5973633,1,6973633,1,0,0.02,1,12,0,0,34,1,0,5,ea2270d9f894f32e40e783ca12f14bc2345db0ce69e853695f26f7dd836614f1
treatment-r1,loot-crate,5973634,1,6973634,19,0,0.38,19,52,0,1,400,0,0,27,8be54653f1ccb7518d53db9e2ba906d5ca48e484c09fe90996863ad0507d5d80
treatment-r1,loot-crate,5973635,1,6973635,3,0,0.06,3,8,0,0,32,1,0,4,45391d3581c763154916bd74c615197fab7e59b0a9534f67f4212cb5f35af381
treatment-r1,loot-crate,5973636,1,6973636,2,0,0.04,2,8,0,0,31,1,0,4,42111c52e06a0bec222678f39069000b61740fb7e03d38403319ceba88e5ae22
treatment-r1,loot-crate,5973637,1,6973637,0,0,0.0,0,3,0,0,7,1,0,1,bec5dcd249e32c25e08bfd78ae45bacf24fc731a13a009bc818898df7a3fe547
treatment-r1,loot-crate,5973638,1,6973638,27,0,0.54,27,58,0,1,400,0,0,29,0886b9e6ba1676c693e467b4a5d6c24bdeef6570f76f00531e9bd1e2c558b552
treatment-r1,loot-crate,5973639,1,6973639,13,0,0.26,13,32,0,0,136,1,0,18,9b4e5125da6bca1983c770e6a97a3d083fbc96c5e57c48e93a4aaf85f4dc9ccd
treatment-r1,loot-crate,5973640,1,6973640,0,0,0.0,0,2,0,0,6,1,0,1,064e5a46da65e7d72d07c580e02f470447caa1b06e6139a3197f4344136ef1c6
treatment-r1,classic-empty,5973701,0,6973701,4,0,0.4444444444444444,4,56,0,1,400,0,0,54,2d4958b18c9843e8d0032daff4bf0197cbce86fc5d903178db993bbbed819af2
treatment-r1,classic-empty,5973702,0,6973702,3,0,0.3333333333333333,3,73,0,0,186,1,0,26,523ec791e88f784f27e2c6f73e7254f6c2545092acd95670579e5e732d97db62
treatment-r1,classic-empty,5973703,0,6973703,2,0,0.2222222222222222,2,61,0,0,179,1,0,25,132afb824df2beedadd13cf8782920eaf22a4cafa6e76fb54bb6429514f0db25
treatment-r1,classic-empty,5973704,0,6973704,7,0,0.7777777777777778,7,82,0,1,400,0,0,54,03008e0b7f84f39124462bff639dd6c667fa1edf6166bc0fd1d0feb929446e48
treatment-r1,classic-empty,5973705,0,6973705,5,0,0.5555555555555556,5,48,0,1,400,0,0,16,c99e93f38e687f2514c3d5986baa0ffddba72017f210a6dd91ead514313f1dcb
treatment-r1,classic-empty,5973706,0,6973706,3,0,0.3333333333333333,3,30,0,1,400,0,0,15,921e6bd807e3f326c1d58e7aff5c64f83461d6cdfc4fb5d86ec1e75c044799ff
treatment-r1,classic-empty,5973707,0,6973707,8,0,0.8888888888888888,8,110,0,1,400,0,0,54,18417997020f8286411374388c22c4f9a9abba55383f29ba199a55777ae3487a
treatment-r1,classic-empty,5973708,0,6973708,2,0,0.2222222222222222,2,33,0,1,400,0,0,57,9d7808186aabfd7b5911fcb90b41fe6afd754f91d4374b94b3b19e2a69f37340
treatment-r1,classic-empty,5973709,0,6973709,2,0,0.2222222222222222,2,19,0,0,70,1,0,10,44412a37ebbcb1116f6658c1cc14794b53ce2612bb28b6bebeb1bf309aebd031
treatment-r1,classic-empty,5973710,0,6973710,4,0,0.4444444444444444,4,99,0,1,400,0,0,54,4ae0edb3882ec7a6b123f9a4e4f73fe65814c5538db0d37bcfa05cb0e6bc6c78
treatment-r1,classic-empty,5973711,0,6973711,4,0,0.4444444444444444,4,55,0,1,400,0,0,52,eb92c6e27922db66ad1a2b5d019be6371b6d14d63b23c1bf6fc745c153e2f9f5
treatment-r1,classic-empty,5973712,0,6973712,7,0,0.7777777777777778,7,106,0,1,400,0,0,52,afbc820463b222dceea9c51dcf2028424c92368701cd10c8080d1535c60333e0
treatment-r1,classic-empty,5973713,0,6973713,0,0,0.0,0,14,0,1,400,0,0,42,7d609ac41efcd21edbb15574d1f4f382c57fe496e0e43b7893716f840deb693c
treatment-r1,classic-empty,5973714,0,6973714,1,0,0.1111111111111111,1,12,0,0,36,1,0,5,1b7b1c6477626fcd033e0a9f276dc8d3624904a3e14c4f5d35112519b84139fa
treatment-r1,classic-empty,5973715,0,6973715,0,0,0.0,0,8,0,1,400,0,0,3,e4619cca2ac43c89cf9fbf09d4d46aa8156d53bed08e15f98ed7e96fb858c775
treatment-r1,classic-empty,5973716,0,6973716,5,0,0.5555555555555556,5,86,0,1,400,0,0,48,76dea07911964576e4d38f6fb42dc670fb0e3350e9d951bf98a13d705dcb2dad
treatment-r1,classic-empty,5973717,0,6973717,9,0,1.0,9,109,0,1,400,0,0,54,6107effe97cc2b86eaf7d58c41ae68e9440a7d43ef5e46ce64377c3f72958c02
treatment-r1,classic-empty,5973718,0,6973718,6,0,0.6666666666666666,6,82,0,1,400,0,0,36,7dfe68ae8b25a558f844a7f95c2e34790b2b55ceee7c661fce350ca4cb1df2f4
treatment-r1,classic-empty,5973719,0,6973719,2,0,0.2222222222222222,2,22,0,1,400,0,0,53,8d5b24d6cbcd14f77397fe7917c371d7da5c1321131abf075ccea343be60cce4
treatment-r1,classic-empty,5973720,0,6973720,6,0,0.6666666666666666,6,82,0,1,400,0,0,46,3fe421a73d1c1242b0c2822afaf91d5793cf1f5e2386b7d8d1975ce47e12f98c
treatment-r1,classic-empty,5973721,0,6973721,0,0,0.0,0,10,0,0,27,1,0,4,13765e183f59f4255a7cad5d5bfc7c9957c5f7f1c14b2bc2e1d623b506be876e
treatment-r1,classic-empty,5973722,0,6973722,4,0,0.4444444444444444,4,35,0,1,400,0,0,12,10d3732ea57d75490bc61965f465d3e71aebcf2f08e50904e6b134156106e21a
treatment-r1,classic-empty,5973723,0,6973723,2,0,0.2222222222222222,2,50,0,1,400,0,0,33,deb20828e542ad73cdb66e7b1ab2cad12ef29d284b7e27c38343bf41fa716993
treatment-r1,classic-empty,5973724,0,6973724,7,0,0.7777777777777778,7,79,0,1,400,0,0,41,a41a0a7113d0c5bf21bab5be3dac07d23bc8d44a0e932deaf5f63f78c45a0b42
treatment-r1,classic-empty,5973725,0,6973725,3,0,0.3333333333333333,3,54,0,1,400,0,0,24,972a6ac78475a8cf043324ef50b480186f48052d44e515d6b50a8234987d8cd4
treatment-r1,classic-empty,5973726,0,6973726,1,0,0.1111111111111111,1,40,0,1,400,0,0,18,fea5114e963a22f2fdc8f857994b7a7a8fbecb111b07b4e680b1c97141f3cd9f
treatment-r1,classic-empty,5973727,0,6973727,3,0,0.3333333333333333,3,45,0,1,400,0,0,53,a487c5c1b73bf9e44f93a6d97e3f9678dce614c031b2d6b79227311066d9524c
treatment-r1,classic-empty,5973728,0,6973728,6,0,0.6666666666666666,6,66,0,1,400,0,0,50,4976614d7435f37ce6eb9ff68aacab186232f93fc03267920b634b403a464036
treatment-r1,classic-empty,5973729,0,6973729,2,0,0.2222222222222222,2,24,0,1,400,0,0,10,8438b138555cd59c6145f644c0601b3944804bf1e19cc7274c06753f649ef476
treatment-r1,classic-empty,5973730,0,6973730,9,0,1.0,9,110,0,1,400,0,0,52,ec1bd75e764ca41325427f6a354e18390a34bdef86de2deb1d2b40084166933c
treatment-r1,classic-empty,5973731,0,6973731,1,0,0.1111111111111111,1,16,0,1,400,0,0,41,540db278a1647aa9a44a974fac8d16d75c58288605a85b8d8d15405dd95a3497
treatment-r1,classic-empty,5973732,0,6973732,2,0,0.2222222222222222,2,55,0,1,400,0,0,48,e8b4290f7b7234fc2ac7e9340286b94ddcb5aa7645cec9a938e98e7aac4a12c1
treatment-r1,classic-empty,5973733,0,6973733,1,0,0.1111111111111111,1,39,0,0,130,1,0,18,8904d1d8ab0fa3c3b4e87e1ad242ebc2205236c7f8b4b94c46498795f36d33ff
treatment-r1,classic-empty,5973734,0,6973734,7,0,0.7777777777777778,7,106,0,1,400,0,0,54,6cc7bd8bc1dc04b31ae6ec5d6e797d980c4c561fcd8f8c9a0c6e7fa03e7314a5
treatment-r1,classic-empty,5973735,0,6973735,8,0,0.8888888888888888,8,94,0,1,400,0,0,53,86d4df58639c1a2676d5151921bfb8399ee7240a2de778a8a93c8aaad75d8fc0
treatment-r1,classic-empty,5973736,0,6973736,1,0,0.1111111111111111,1,14,0,1,400,0,0,42,1ba0679355f30a4b2b771f7f714bb213b3bf22cebd99d5a86c0117ca294786ae
treatment-r1,classic-empty,5973737,0,6973737,7,0,0.7777777777777778,7,65,0,1,400,0,0,52,3a6450edbf465dc1f60681f78d6c4d6ee15783f3eaba000b7830b18c2ce8ed7c
treatment-r1,classic-empty,5973738,0,6973738,8,0,0.8888888888888888,8,99,0,1,400,0,0,52,5ae97a3b216524116d03cd499c5e250f2cee30c2aaa9d23f2ad74d3ab26ca1a2
treatment-r1,classic-empty,5973739,0,6973739,1,0,0.1111111111111111,1,15,0,1,400,0,0,41,6403ffbfa1372be9c8079db8952736901edb20c5f35ec6b5915725273d6dcebd
treatment-r1,classic-empty,5973740,0,6973740,2,0,0.2222222222222222,2,51,0,1,400,0,0,55,361e24969ba91d1d966d1bbdd2b9009101278dd95a2003180eb0c47466de9256
treatment-r1,classic-empty,5973701,1,6973701,4,0,0.4444444444444444,4,56,0,1,400,0,0,54,2d4958b18c9843e8d0032daff4bf0197cbce86fc5d903178db993bbbed819af2
treatment-r1,classic-empty,5973702,1,6973702,3,0,0.3333333333333333,3,73,0,0,186,1,0,26,523ec791e88f784f27e2c6f73e7254f6c2545092acd95670579e5e732d97db62
treatment-r1,classic-empty,5973703,1,6973703,2,0,0.2222222222222222,2,61,0,0,179,1,0,25,132afb824df2beedadd13cf8782920eaf22a4cafa6e76fb54bb6429514f0db25
treatment-r1,classic-empty,5973704,1,6973704,7,0,0.7777777777777778,7,82,0,1,400,0,0,54,03008e0b7f84f39124462bff639dd6c667fa1edf6166bc0fd1d0feb929446e48
treatment-r1,classic-empty,5973705,1,6973705,5,0,0.5555555555555556,5,48,0,1,400,0,0,16,c99e93f38e687f2514c3d5986baa0ffddba72017f210a6dd91ead514313f1dcb
treatment-r1,classic-empty,5973706,1,6973706,3,0,0.3333333333333333,3,30,0,1,400,0,0,15,921e6bd807e3f326c1d58e7aff5c64f83461d6cdfc4fb5d86ec1e75c044799ff
treatment-r1,classic-empty,5973707,1,6973707,8,0,0.8888888888888888,8,110,0,1,400,0,0,54,18417997020f8286411374388c22c4f9a9abba55383f29ba199a55777ae3487a
treatment-r1,classic-empty,5973708,1,6973708,2,0,0.2222222222222222,2,33,0,1,400,0,0,57,9d7808186aabfd7b5911fcb90b41fe6afd754f91d4374b94b3b19e2a69f37340
treatment-r1,classic-empty,5973709,1,6973709,2,0,0.2222222222222222,2,19,0,0,70,1,0,10,44412a37ebbcb1116f6658c1cc14794b53ce2612bb28b6bebeb1bf309aebd031
treatment-r1,classic-empty,5973710,1,6973710,4,0,0.4444444444444444,4,99,0,1,400,0,0,54,4ae0edb3882ec7a6b123f9a4e4f73fe65814c5538db0d37bcfa05cb0e6bc6c78
treatment-r1,classic-empty,5973711,1,6973711,4,0,0.4444444444444444,4,55,0,1,400,0,0,52,eb92c6e27922db66ad1a2b5d019be6371b6d14d63b23c1bf6fc745c153e2f9f5
treatment-r1,classic-empty,5973712,1,6973712,7,0,0.7777777777777778,7,106,0,1,400,0,0,52,afbc820463b222dceea9c51dcf2028424c92368701cd10c8080d1535c60333e0
treatment-r1,classic-empty,5973713,1,6973713,0,0,0.0,0,14,0,1,400,0,0,42,7d609ac41efcd21edbb15574d1f4f382c57fe496e0e43b7893716f840deb693c
treatment-r1,classic-empty,5973714,1,6973714,1,0,0.1111111111111111,1,12,0,0,36,1,0,5,1b7b1c6477626fcd033e0a9f276dc8d3624904a3e14c4f5d35112519b84139fa
treatment-r1,classic-empty,5973715,1,6973715,0,0,0.0,0,8,0,1,400,0,0,3,e4619cca2ac43c89cf9fbf09d4d46aa8156d53bed08e15f98ed7e96fb858c775
treatment-r1,classic-empty,5973716,1,6973716,5,0,0.5555555555555556,5,86,0,1,400,0,0,48,76dea07911964576e4d38f6fb42dc670fb0e3350e9d951bf98a13d705dcb2dad
treatment-r1,classic-empty,5973717,1,6973717,9,0,1.0,9,109,0,1,400,0,0,54,6107effe97cc2b86eaf7d58c41ae68e9440a7d43ef5e46ce64377c3f72958c02
treatment-r1,classic-empty,5973718,1,6973718,6,0,0.6666666666666666,6,82,0,1,400,0,0,36,7dfe68ae8b25a558f844a7f95c2e34790b2b55ceee7c661fce350ca4cb1df2f4
treatment-r1,classic-empty,5973719,1,6973719,2,0,0.2222222222222222,2,22,0,1,400,0,0,53,8d5b24d6cbcd14f77397fe7917c371d7da5c1321131abf075ccea343be60cce4
treatment-r1,classic-empty,5973720,1,6973720,6,0,0.6666666666666666,6,82,0,1,400,0,0,46,3fe421a73d1c1242b0c2822afaf91d5793cf1f5e2386b7d8d1975ce47e12f98c
treatment-r1,classic-empty,5973721,1,6973721,0,0,0.0,0,10,0,0,27,1,0,4,13765e183f59f4255a7cad5d5bfc7c9957c5f7f1c14b2bc2e1d623b506be876e
treatment-r1,classic-empty,5973722,1,6973722,4,0,0.4444444444444444,4,35,0,1,400,0,0,12,10d3732ea57d75490bc61965f465d3e71aebcf2f08e50904e6b134156106e21a
treatment-r1,classic-empty,5973723,1,6973723,2,0,0.2222222222222222,2,50,0,1,400,0,0,33,deb20828e542ad73cdb66e7b1ab2cad12ef29d284b7e27c38343bf41fa716993
treatment-r1,classic-empty,5973724,1,6973724,7,0,0.7777777777777778,7,79,0,1,400,0,0,41,a41a0a7113d0c5bf21bab5be3dac07d23bc8d44a0e932deaf5f63f78c45a0b42
treatment-r1,classic-empty,5973725,1,6973725,3,0,0.3333333333333333,3,54,0,1,400,0,0,24,972a6ac78475a8cf043324ef50b480186f48052d44e515d6b50a8234987d8cd4
treatment-r1,classic-empty,5973726,1,6973726,1,0,0.1111111111111111,1,40,0,1,400,0,0,18,fea5114e963a22f2fdc8f857994b7a7a8fbecb111b07b4e680b1c97141f3cd9f
treatment-r1,classic-empty,5973727,1,6973727,3,0,0.3333333333333333,3,45,0,1,400,0,0,53,a487c5c1b73bf9e44f93a6d97e3f9678dce614c031b2d6b79227311066d9524c
treatment-r1,classic-empty,5973728,1,6973728,6,0,0.6666666666666666,6,66,0,1,400,0,0,50,4976614d7435f37ce6eb9ff68aacab186232f93fc03267920b634b403a464036
treatment-r1,classic-empty,5973729,1,6973729,2,0,0.2222222222222222,2,24,0,1,400,0,0,10,8438b138555cd59c6145f644c0601b3944804bf1e19cc7274c06753f649ef476
treatment-r1,classic-empty,5973730,1,6973730,9,0,1.0,9,110,0,1,400,0,0,52,ec1bd75e764ca41325427f6a354e18390a34bdef86de2deb1d2b40084166933c
treatment-r1,classic-empty,5973731,1,6973731,1,0,0.1111111111111111,1,16,0,1,400,0,0,41,540db278a1647aa9a44a974fac8d16d75c58288605a85b8d8d15405dd95a3497
treatment-r1,classic-empty,5973732,1,6973732,2,0,0.2222222222222222,2,55,0,1,400,0,0,48,e8b4290f7b7234fc2ac7e9340286b94ddcb5aa7645cec9a938e98e7aac4a12c1
treatment-r1,classic-empty,5973733,1,6973733,1,0,0.1111111111111111,1,39,0,0,130,1,0,18,8904d1d8ab0fa3c3b4e87e1ad242ebc2205236c7f8b4b94c46498795f36d33ff
treatment-r1,classic-empty,5973734,1,6973734,7,0,0.7777777777777778,7,106,0,1,400,0,0,54,6cc7bd8bc1dc04b31ae6ec5d6e797d980c4c561fcd8f8c9a0c6e7fa03e7314a5
treatment-r1,classic-empty,5973735,1,6973735,8,0,0.8888888888888888,8,94,0,1,400,0,0,53,86d4df58639c1a2676d5151921bfb8399ee7240a2de778a8a93c8aaad75d8fc0
treatment-r1,classic-empty,5973736,1,6973736,1,0,0.1111111111111111,1,14,0,1,400,0,0,42,1ba0679355f30a4b2b771f7f714bb213b3bf22cebd99d5a86c0117ca294786ae
treatment-r1,classic-empty,5973737,1,6973737,7,0,0.7777777777777778,7,65,0,1,400,0,0,52,eab8dba3c8cdb30bd509eb5c76f23684446faf82ed8d3f89238c62fd9f0b3002
treatment-r1,classic-empty,5973738,1,6973738,8,0,0.8888888888888888,8,99,0,1,400,0,0,52,5ae97a3b216524116d03cd499c5e250f2cee30c2aaa9d23f2ad74d3ab26ca1a2
treatment-r1,classic-empty,5973739,1,6973739,1,0,0.1111111111111111,1,15,0,1,400,0,0,41,6403ffbfa1372be9c8079db8952736901edb20c5f35ec6b5915725273d6dcebd
treatment-r1,classic-empty,5973740,1,6973740,2,0,0.2222222222222222,2,51,0,1,400,0,0,55,361e24969ba91d1d966d1bbdd2b9009101278dd95a2003180eb0c47466de9256
control-r2,classic-peaceful,5973401,0,6973401,8,1,0.8888888888888888,8,104,0,1,400,0,0,49,7a72873c731d85f7e2d569e941ec863986c2cd35950eba1e5a8e348729c8a88e
control-r2,classic-peaceful,5973402,0,6973402,0,0,0.0,0,7,0,1,400,0,0,41,ef370d3b2daf08a43fa817eda505ab7f1e9ce0b3188afd41efb52c6998368310
control-r2,classic-peaceful,5973403,0,6973403,4,1,0.4444444444444444,4,61,0,1,400,0,0,30,fea7b11a5fa422b23bbe57f9fd9c829872abebfbe2ca68c2779bf809eec97dab
control-r2,classic-peaceful,5973404,0,6973404,14,1,1.0,9,116,1,1,400,0,0,53,933a7174e3595eded3ec8682d3c6fd65de1ee8ae39cf867443187e25a1fb9df3
control-r2,classic-peaceful,5973405,0,6973405,3,1,0.3333333333333333,3,62,0,0,220,1,0,29,0a78fd1bce281c42ebcb4032b1399dc499f374befceb3db80f4f6a03e7bfdc04
control-r2,classic-peaceful,5973406,0,6973406,2,1,0.2222222222222222,2,63,0,0,148,1,0,20,3f35c0412e568afd0753989a67c06e30ca4271421afbceb02772ccf2deeab7b1
control-r2,classic-peaceful,5973407,0,6973407,2,1,0.2222222222222222,2,32,0,0,91,1,0,12,7e83db03cfe04bfe272c4fe4577097e8ec7a664d792debe0216d40436fb968b4
control-r2,classic-peaceful,5973408,0,6973408,5,1,0.5555555555555556,5,53,0,1,400,0,0,29,23db694b17c668e7e58a6accbac1478746d1f29495781b670c809ccd74fe037f
control-r2,classic-peaceful,5973409,0,6973409,4,1,0.4444444444444444,4,46,0,1,400,0,0,18,1519e4af75a733334109b7f612712fd2a6c14ea578a890d98e1c3a2ce0c53efa
control-r2,classic-peaceful,5973410,0,6973410,1,1,0.1111111111111111,1,17,0,1,400,0,0,10,c567fcea638f51519616396678f5186c484cb6276862b481ce7185253c5186f4
control-r2,classic-peaceful,5973411,0,6973411,3,1,0.3333333333333333,3,49,0,1,400,0,0,28,198ceaadfb6532caf569d11bcb450ca171fb3cddbfd4010f2eb91a03c35d18d8
control-r2,classic-peaceful,5973412,0,6973412,12,1,0.7777777777777778,7,91,1,1,400,0,0,46,70d5e8cbe44a51a33b99333545b88fc712ff3ec81cc62708fea89592eb9f96b2
control-r2,classic-peaceful,5973413,0,6973413,14,1,1.0,9,102,1,1,400,0,0,53,4041b2a6843253720d83f2788015a144709d67ab355f8c69229ca27e307d2ba2
control-r2,classic-peaceful,5973414,0,6973414,10,1,0.5555555555555556,5,73,1,1,400,0,0,27,f62f919b8847b8afadb4e6ebaa519305365630f8773828c3b0959eb92bc990c1
control-r2,classic-peaceful,5973415,0,6973415,7,1,0.7777777777777778,7,96,0,1,400,0,0,41,7d0a72cc11788d6991b963f56e7bf4308bad7c7c6b1f34575abf762e5f2cec8b
control-r2,classic-peaceful,5973416,0,6973416,5,1,0.5555555555555556,5,80,0,1,400,0,0,34,891c5c0657f25f143a13c9f8e860eb407e4eed03bd3eaf7631faf7dc7af0a215
control-r2,classic-peaceful,5973417,0,6973417,6,1,0.6666666666666666,6,106,0,1,400,0,0,40,49f1b79b22d8252ee548e65749867466c8d9e83390ae805a8c4c019b94d8beb0
control-r2,classic-peaceful,5973418,0,6973418,12,1,0.7777777777777778,7,107,1,1,400,0,0,53,1621ade47d4547d823a22d592658705a59d56a17144db9fb00a8ae54ca03c8d2
control-r2,classic-peaceful,5973419,0,6973419,7,1,0.7777777777777778,7,86,0,1,400,0,0,53,6769e63fdddad074b9065f4b8d8c8c098f3e8954fca98d57a58e22791b712aa1
control-r2,classic-peaceful,5973420,0,6973420,1,1,0.1111111111111111,1,29,0,0,83,1,0,12,eb3eadf4bdead44c2475bb15377fde7003aed04ebdd648457605283069bd5fea
control-r2,classic-peaceful,5973421,0,6973421,0,0,0.0,0,25,0,1,400,0,0,9,aa14c7e56dda3919a16bd8b3b44a760b7a9b82c027e0e51b8b06c594b15c164e
control-r2,classic-peaceful,5973422,0,6973422,6,1,0.6666666666666666,6,98,0,1,400,0,0,52,d0f46ea9711f673c72525f8921ee69b2f38f51bf99ed371d0c8fb9a82e60ef4d
control-r2,classic-peaceful,5973423,0,6973423,0,0,0.0,0,20,0,1,400,0,0,10,27523f46bd9a54fc64fe972f921337cb5e6e632eb80806e2dc1b31a97dde9058
control-r2,classic-peaceful,5973424,0,6973424,0,0,0.0,0,9,0,1,400,0,0,3,ae3e8e6881bee4eb12fe06fdafe05383e54a94b3ff171f241070b8c0dba297ba
control-r2,classic-peaceful,5973425,0,6973425,7,1,0.7777777777777778,7,56,0,1,400,0,0,24,0dc8113667e16e4a17eb9b9a5a27abdd6cf7715ccf06c100cea33f49ff8aba85
control-r2,classic-peaceful,5973426,0,6973426,8,1,0.8888888888888888,8,113,0,1,400,0,0,54,6147157c2db9d374676633ff739aa1fa224bbb6994dffa8001171bf50e5cd72f
control-r2,classic-peaceful,5973427,0,6973427,12,1,0.7777777777777778,7,116,1,1,400,0,0,51,c976ecf8025005a25dd09031fe56969cacbd42b86ce32ab8319b38cd09e6e3ac
control-r2,classic-peaceful,5973428,0,6973428,12,1,0.7777777777777778,7,106,1,1,400,0,0,54,4168cf6ed7284fb4cc73189476ef43232d22273af035f76a925d7ee25068dfe3
control-r2,classic-peaceful,5973429,0,6973429,3,1,0.3333333333333333,3,51,0,1,400,0,0,23,f28de479d6a73e1990b0e0d1d654f5660b16ed26ad0419c695c63f3baeced54a
control-r2,classic-peaceful,5973430,0,6973430,7,1,0.7777777777777778,7,88,0,1,400,0,0,53,9da21dfa4780588642077013b4804a054bcd894016efb872fbd197ed5ba5381d
control-r2,classic-peaceful,5973431,0,6973431,8,1,0.8888888888888888,8,98,0,1,400,0,0,41,40451bc098a6185fa363b7ff77cc1d6998f6445c9033e1e812ac40e27af0c417
control-r2,classic-peaceful,5973432,0,6973432,13,1,0.8888888888888888,8,112,1,1,400,0,0,51,5e7d7d27bd9c1f90ebdd5306bd9182b50ccd51a6c47401e4977d58ec9b8bf895
control-r2,classic-peaceful,5973433,0,6973433,11,1,0.6666666666666666,6,86,1,1,400,0,0,50,6cebadffad222e4c355caebab11b0ef8dd2c8af1598c3ddf6016b3ac5a126640
control-r2,classic-peaceful,5973434,0,6973434,2,1,0.2222222222222222,2,51,0,1,400,0,0,22,f5167846549968d52df43654a1adbe426f7e24bb46bdb79ce9e036f127fe8a23
control-r2,classic-peaceful,5973435,0,6973435,3,1,0.3333333333333333,3,48,0,0,130,1,0,17,60817154529efe6aede9aa5bba6773123c6f48a29e42bf76e481f6276d1538a7
control-r2,classic-peaceful,5973436,0,6973436,7,1,0.7777777777777778,7,93,0,1,400,0,0,43,c7c13d615a3c11dc7956a950ebc0ce4153d6202ccd5cf8af4ca008df641afe52
control-r2,classic-peaceful,5973437,0,6973437,4,1,0.4444444444444444,4,95,0,1,400,0,0,46,6f743df29dc56fd94f937a26edebcd5b6638342398bc7c34dbc814751f0502e1
control-r2,classic-peaceful,5973438,0,6973438,6,1,0.6666666666666666,6,92,0,1,400,0,0,38,a5e5be96b3325629ef962647709b9329941572d1523ffba8f2affe33b8b70f1f
control-r2,classic-peaceful,5973439,0,6973439,10,1,0.5555555555555556,5,63,1,1,400,0,0,50,5a941bdcf2fe0be96ba37cfdc9b9098fbe1c9b9a2ddc03096ea602fc74676eec
control-r2,classic-peaceful,5973440,0,6973440,0,0,0.0,0,16,0,1,400,0,0,9,e4266e77c9877a780fbc17dd11e5b2ae47eb57e88ded0ef6958dfb49396baf2d
control-r2,classic-peaceful,5973401,1,6973401,8,1,0.8888888888888888,8,104,0,1,400,0,0,49,7a72873c731d85f7e2d569e941ec863986c2cd35950eba1e5a8e348729c8a88e
control-r2,classic-peaceful,5973402,1,6973402,0,0,0.0,0,7,0,1,400,0,0,41,ef370d3b2daf08a43fa817eda505ab7f1e9ce0b3188afd41efb52c6998368310
control-r2,classic-peaceful,5973403,1,6973403,4,1,0.4444444444444444,4,61,0,1,400,0,0,30,fea7b11a5fa422b23bbe57f9fd9c829872abebfbe2ca68c2779bf809eec97dab
control-r2,classic-peaceful,5973404,1,6973404,14,1,1.0,9,116,1,1,400,0,0,53,933a7174e3595eded3ec8682d3c6fd65de1ee8ae39cf867443187e25a1fb9df3
control-r2,classic-peaceful,5973405,1,6973405,3,1,0.3333333333333333,3,62,0,0,220,1,0,29,0a78fd1bce281c42ebcb4032b1399dc499f374befceb3db80f4f6a03e7bfdc04
control-r2,classic-peaceful,5973406,1,6973406,2,1,0.2222222222222222,2,63,0,0,148,1,0,20,3f35c0412e568afd0753989a67c06e30ca4271421afbceb02772ccf2deeab7b1
control-r2,classic-peaceful,5973407,1,6973407,2,1,0.2222222222222222,2,32,0,0,91,1,0,12,7e83db03cfe04bfe272c4fe4577097e8ec7a664d792debe0216d40436fb968b4
control-r2,classic-peaceful,5973408,1,6973408,5,1,0.5555555555555556,5,53,0,1,400,0,0,29,23db694b17c668e7e58a6accbac1478746d1f29495781b670c809ccd74fe037f
control-r2,classic-peaceful,5973409,1,6973409,4,1,0.4444444444444444,4,46,0,1,400,0,0,18,1519e4af75a733334109b7f612712fd2a6c14ea578a890d98e1c3a2ce0c53efa
control-r2,classic-peaceful,5973410,1,6973410,1,1,0.1111111111111111,1,17,0,1,400,0,0,10,c567fcea638f51519616396678f5186c484cb6276862b481ce7185253c5186f4
control-r2,classic-peaceful,5973411,1,6973411,3,1,0.3333333333333333,3,49,0,1,400,0,0,28,198ceaadfb6532caf569d11bcb450ca171fb3cddbfd4010f2eb91a03c35d18d8
control-r2,classic-peaceful,5973412,1,6973412,12,1,0.7777777777777778,7,91,1,1,400,0,0,46,70d5e8cbe44a51a33b99333545b88fc712ff3ec81cc62708fea89592eb9f96b2
control-r2,classic-peaceful,5973413,1,6973413,14,1,1.0,9,102,1,1,400,0,0,53,4041b2a6843253720d83f2788015a144709d67ab355f8c69229ca27e307d2ba2
control-r2,classic-peaceful,5973414,1,6973414,10,1,0.5555555555555556,5,73,1,1,400,0,0,27,f62f919b8847b8afadb4e6ebaa519305365630f8773828c3b0959eb92bc990c1
control-r2,classic-peaceful,5973415,1,6973415,7,1,0.7777777777777778,7,96,0,1,400,0,0,41,7d0a72cc11788d6991b963f56e7bf4308bad7c7c6b1f34575abf762e5f2cec8b
control-r2,classic-peaceful,5973416,1,6973416,5,1,0.5555555555555556,5,80,0,1,400,0,0,34,891c5c0657f25f143a13c9f8e860eb407e4eed03bd3eaf7631faf7dc7af0a215
control-r2,classic-peaceful,5973417,1,6973417,6,1,0.6666666666666666,6,106,0,1,400,0,0,40,49f1b79b22d8252ee548e65749867466c8d9e83390ae805a8c4c019b94d8beb0
control-r2,classic-peaceful,5973418,1,6973418,12,1,0.7777777777777778,7,107,1,1,400,0,0,53,1621ade47d4547d823a22d592658705a59d56a17144db9fb00a8ae54ca03c8d2
control-r2,classic-peaceful,5973419,1,6973419,7,1,0.7777777777777778,7,86,0,1,400,0,0,53,6769e63fdddad074b9065f4b8d8c8c098f3e8954fca98d57a58e22791b712aa1
control-r2,classic-peaceful,5973420,1,6973420,1,1,0.1111111111111111,1,29,0,0,83,1,0,12,eb3eadf4bdead44c2475bb15377fde7003aed04ebdd648457605283069bd5fea
control-r2,classic-peaceful,5973421,1,6973421,0,0,0.0,0,25,0,1,400,0,0,9,aa14c7e56dda3919a16bd8b3b44a760b7a9b82c027e0e51b8b06c594b15c164e
control-r2,classic-peaceful,5973422,1,6973422,6,1,0.6666666666666666,6,98,0,1,400,0,0,52,d0f46ea9711f673c72525f8921ee69b2f38f51bf99ed371d0c8fb9a82e60ef4d
control-r2,classic-peaceful,5973423,1,6973423,0,0,0.0,0,20,0,1,400,0,0,10,27523f46bd9a54fc64fe972f921337cb5e6e632eb80806e2dc1b31a97dde9058
control-r2,classic-peaceful,5973424,1,6973424,0,0,0.0,0,9,0,1,400,0,0,3,ae3e8e6881bee4eb12fe06fdafe05383e54a94b3ff171f241070b8c0dba297ba
control-r2,classic-peaceful,5973425,1,6973425,7,1,0.7777777777777778,7,56,0,1,400,0,0,24,0dc8113667e16e4a17eb9b9a5a27abdd6cf7715ccf06c100cea33f49ff8aba85
control-r2,classic-peaceful,5973426,1,6973426,8,1,0.8888888888888888,8,113,0,1,400,0,0,54,6147157c2db9d374676633ff739aa1fa224bbb6994dffa8001171bf50e5cd72f
control-r2,classic-peaceful,5973427,1,6973427,12,1,0.7777777777777778,7,116,1,1,400,0,0,51,c976ecf8025005a25dd09031fe56969cacbd42b86ce32ab8319b38cd09e6e3ac
control-r2,classic-peaceful,5973428,1,6973428,12,1,0.7777777777777778,7,106,1,1,400,0,0,54,4168cf6ed7284fb4cc73189476ef43232d22273af035f76a925d7ee25068dfe3
control-r2,classic-peaceful,5973429,1,6973429,3,1,0.3333333333333333,3,51,0,1,400,0,0,23,f28de479d6a73e1990b0e0d1d654f5660b16ed26ad0419c695c63f3baeced54a
control-r2,classic-peaceful,5973430,1,6973430,7,1,0.7777777777777778,7,88,0,1,400,0,0,53,9da21dfa4780588642077013b4804a054bcd894016efb872fbd197ed5ba5381d
control-r2,classic-peaceful,5973431,1,6973431,8,1,0.8888888888888888,8,98,0,1,400,0,0,41,40451bc098a6185fa363b7ff77cc1d6998f6445c9033e1e812ac40e27af0c417
control-r2,classic-peaceful,5973432,1,6973432,13,1,0.8888888888888888,8,112,1,1,400,0,0,51,5e7d7d27bd9c1f90ebdd5306bd9182b50ccd51a6c47401e4977d58ec9b8bf895
control-r2,classic-peaceful,5973433,1,6973433,11,1,0.6666666666666666,6,86,1,1,400,0,0,50,6cebadffad222e4c355caebab11b0ef8dd2c8af1598c3ddf6016b3ac5a126640
control-r2,classic-peaceful,5973434,1,6973434,2,1,0.2222222222222222,2,51,0,1,400,0,0,22,f5167846549968d52df43654a1adbe426f7e24bb46bdb79ce9e036f127fe8a23
control-r2,classic-peaceful,5973435,1,6973435,3,1,0.3333333333333333,3,48,0,0,130,1,0,17,60817154529efe6aede9aa5bba6773123c6f48a29e42bf76e481f6276d1538a7
control-r2,classic-peaceful,5973436,1,6973436,7,1,0.7777777777777778,7,93,0,1,400,0,0,43,c7c13d615a3c11dc7956a950ebc0ce4153d6202ccd5cf8af4ca008df641afe52
control-r2,classic-peaceful,5973437,1,6973437,4,1,0.4444444444444444,4,95,0,1,400,0,0,46,6f743df29dc56fd94f937a26edebcd5b6638342398bc7c34dbc814751f0502e1
control-r2,classic-peaceful,5973438,1,6973438,6,1,0.6666666666666666,6,92,0,1,400,0,0,38,a5e5be96b3325629ef962647709b9329941572d1523ffba8f2affe33b8b70f1f
control-r2,classic-peaceful,5973439,1,6973439,10,1,0.5555555555555556,5,63,1,1,400,0,0,50,5a941bdcf2fe0be96ba37cfdc9b9098fbe1c9b9a2ddc03096ea602fc74676eec
control-r2,classic-peaceful,5973440,1,6973440,0,0,0.0,0,16,0,1,400,0,0,9,e4266e77c9877a780fbc17dd11e5b2ae47eb57e88ded0ef6958dfb49396baf2d
control-r2,coin-heaven,5973501,0,6973501,50,0,1.0,50,0,0,1,142,0,0,12,1ade2a480a6718a638934cbd47f72d8f5b9e23fe50a34af6ca26e36bd7265dc8
control-r2,coin-heaven,5973502,0,6973502,50,0,1.0,50,0,0,1,144,0,0,12,508abbb35f253f29147cac4215ff93374695148af5aff993ddec7f93f5c2ba7d
control-r2,coin-heaven,5973503,0,6973503,50,0,1.0,50,0,0,1,151,0,0,13,488d7b46a3528ba99e364c310936115fd463e8f5010f03d7c4035016443179bf
control-r2,coin-heaven,5973504,0,6973504,50,0,1.0,50,0,0,1,146,0,0,15,a9015c2dd48df2979f545c09a82c131377f6481bea25ba0ca1684fe4949750a4
control-r2,coin-heaven,5973505,0,6973505,48,0,0.96,48,0,0,0,178,1,0,18,a9f0893b96a91ccdcd5025d78481cb55e90e1d8bed1460691b2f019165a6b3d7
control-r2,coin-heaven,5973506,0,6973506,50,0,1.0,50,0,0,1,136,0,0,10,0dbca3706c4bed8be20bf51b133e68331670a872ed2a5efe60ec4f4de81fe8ec
control-r2,coin-heaven,5973507,0,6973507,50,0,1.0,50,0,0,1,148,0,0,14,6f72fb96d7b841b5b2ce11ed0ec5ebf595c975235a7fae77257232454629937d
control-r2,coin-heaven,5973508,0,6973508,50,0,1.0,50,0,0,1,142,0,0,13,69194f1e8413df70ed010afd05616a11f79a3f3acc79db9833414e46e1b1e6d3
control-r2,coin-heaven,5973509,0,6973509,31,0,0.62,31,0,0,0,81,1,0,5,3f3991ea12aa44042a3ae11b2e2e69250bb5da427f5ddce5aa5eafbcb1862eb5
control-r2,coin-heaven,5973510,0,6973510,50,0,1.0,50,0,0,1,173,0,0,18,4009674e989f0ddb32d6e5f92fa4c811f79633b63dc0a988b56fc514aa98f99f
control-r2,coin-heaven,5973511,0,6973511,50,0,1.0,50,0,0,1,143,0,0,11,ed1ccb11d50765ace3ada61234d1698e03748ccc820e9a9224c4c5092c3bfd67
control-r2,coin-heaven,5973512,0,6973512,50,0,1.0,50,0,0,1,150,0,0,14,e9f6d46a2de8119065aa469ce9857e7c8cd544b24621b9ba0f90f244b43f802f
control-r2,coin-heaven,5973513,0,6973513,33,0,0.66,33,0,0,0,83,1,0,6,482ffa0978302a2ec6ae9578a6885abb1f232d408ccd930775cafb5d78bdefc2
control-r2,coin-heaven,5973514,0,6973514,50,0,1.0,50,0,0,1,198,0,0,19,ae46228983ceefac9eb2409d1b581507046b9d56ef19e2de41629a7b310b5bf6
control-r2,coin-heaven,5973515,0,6973515,18,0,0.36,18,0,0,0,59,1,0,4,83b571f3b8cc03888b423098acf11d6815c0be16eb43a90652fa39d36425d618
control-r2,coin-heaven,5973516,0,6973516,43,0,0.86,43,0,0,0,129,1,0,10,7b794057b7851f55e2e92854dcf37fcdb15ca447e5652d872a0c7016e8ab4d84
control-r2,coin-heaven,5973517,0,6973517,50,0,1.0,50,0,0,1,135,0,0,9,c9c0b2ff518c4e2dbfc0763d39176cc7a46379ef7b0ad7053c5582fc4a509dc8
control-r2,coin-heaven,5973518,0,6973518,50,0,1.0,50,0,0,1,152,0,0,14,5f285a86c8c8354c037f8c5908238ae47f1e0ff9cdef77313c06de1e2e89b2d3
control-r2,coin-heaven,5973519,0,6973519,16,0,0.32,16,0,0,0,37,1,0,3,a10897de68f8179a7449226ae3b501055637efcf160313440a8917e552db568c
control-r2,coin-heaven,5973520,0,6973520,6,0,0.12,6,0,0,0,12,1,0,1,15d414da08551a238cfa7fc7d4ae88656efddb7e4601fb8c7dbf008f9ba947ca
control-r2,coin-heaven,5973521,0,6973521,37,0,0.74,37,0,0,0,119,1,0,12,ee80086e3cdb941c124d652a343cb4b2af378cacc4c50d5ed1712b901a75b9ff
control-r2,coin-heaven,5973522,0,6973522,50,0,1.0,50,0,0,1,143,0,0,13,b5d654ab5dea32070c5c4f47ad9c7af7f5029943a9573cce5d856a23f892d715
control-r2,coin-heaven,5973523,0,6973523,50,0,1.0,50,0,0,1,174,0,0,17,fea07552f010b32f2e8c7e7f9b7b3f09f8b1ab9ba1efc81251f79e58bb093481
control-r2,coin-heaven,5973524,0,6973524,49,0,0.98,49,0,0,0,159,1,0,14,7c5637b32b186b22a5fb9509041f4d03458a89bb57c5141dfbc8af8c5a37a599
control-r2,coin-heaven,5973525,0,6973525,50,0,1.0,50,0,0,1,141,0,0,12,e499200a2e08cf38ec24964b541c6ff764f31a92d7c8f5acc2689bfaae3554a4
control-r2,coin-heaven,5973526,0,6973526,0,0,0.0,0,0,0,1,400,0,0,0,f49e2d07ad7b7990c33143b698363cae0bfc89b82ed1839a336aa5fcc9af2747
control-r2,coin-heaven,5973527,0,6973527,50,0,1.0,50,0,0,1,139,0,0,9,3411ac7aebc720a8aafe2c6d086258ca8134f138416b5eb7a540eb5e5fa91dbc
control-r2,coin-heaven,5973528,0,6973528,9,0,0.18,9,0,0,0,24,1,0,2,01fae61e21831bfd0e388d125472c52d9971fb7de2b75541a5c90296ae5b19e9
control-r2,coin-heaven,5973529,0,6973529,50,0,1.0,50,0,0,1,152,0,0,12,8cd66764768c521aaf38c223d69910f9fe58b6e1d6d77b539e6bf9ca58c7ebd6
control-r2,coin-heaven,5973530,0,6973530,32,0,0.64,32,0,0,0,80,1,0,10,49634f403783a1f5c6869d7919b33ecb7733f419674d3689b726904280d6babd
control-r2,coin-heaven,5973531,0,6973531,50,0,1.0,50,0,0,1,159,0,0,11,76220568d0aa16923fb2cfb38b954247ee27d48a9c9ff9f89e3d0f27c9d92b19
control-r2,coin-heaven,5973532,0,6973532,15,0,0.3,15,0,0,0,35,1,0,2,a93b732cad8d689a843074cc79a8936a41e365965db933581a5d8052cf4e37bf
control-r2,coin-heaven,5973533,0,6973533,4,0,0.08,4,0,0,0,11,1,0,1,b4313c2cc724153418f742418ae062fd5e031c6c57c264198da468e113d0b632
control-r2,coin-heaven,5973534,0,6973534,31,0,0.62,31,0,0,0,99,1,0,10,0b8c683a4a705dc0d57442ea4b8cef54b96feaa774533bfd765a6a83f11d4e82
control-r2,coin-heaven,5973535,0,6973535,31,0,0.62,31,0,0,0,83,1,0,9,77de88b33ff802f03d2277e70c637bad290fca074650d0dc72b4a039011ed727
control-r2,coin-heaven,5973536,0,6973536,50,0,1.0,50,0,0,1,175,0,0,15,fbae63b5c7e3f0558a7f12f324e39d90e826220aed80df17649db9c583272f85
control-r2,coin-heaven,5973537,0,6973537,23,0,0.46,23,0,0,0,71,1,0,6,9cdd2dc7b51dc33236ae2abc63de13b6c17b35007fa601afd1d63f7c26b4c4b2
control-r2,coin-heaven,5973538,0,6973538,17,0,0.34,17,0,0,0,40,1,0,4,59f070c4c8591b8779bde0ccba4c0d9b0a2dcdddcb7cc795e9dfa0a89eeb5344
control-r2,coin-heaven,5973539,0,6973539,50,0,1.0,50,0,0,1,243,0,0,27,1569ee666a86f7537378c86beaade4497e837a33e476810eff10a6d2ff08be3e
control-r2,coin-heaven,5973540,0,6973540,50,0,1.0,50,0,0,1,160,0,0,15,180487b79767aec9ba89fa571d0c73d2fe32cf024227178ac89fe0cca074b530
control-r2,coin-heaven,5973501,1,6973501,50,0,1.0,50,0,0,1,142,0,0,12,1ade2a480a6718a638934cbd47f72d8f5b9e23fe50a34af6ca26e36bd7265dc8
control-r2,coin-heaven,5973502,1,6973502,50,0,1.0,50,0,0,1,144,0,0,12,508abbb35f253f29147cac4215ff93374695148af5aff993ddec7f93f5c2ba7d
control-r2,coin-heaven,5973503,1,6973503,50,0,1.0,50,0,0,1,151,0,0,13,488d7b46a3528ba99e364c310936115fd463e8f5010f03d7c4035016443179bf
control-r2,coin-heaven,5973504,1,6973504,50,0,1.0,50,0,0,1,146,0,0,15,a9015c2dd48df2979f545c09a82c131377f6481bea25ba0ca1684fe4949750a4
control-r2,coin-heaven,5973505,1,6973505,48,0,0.96,48,0,0,0,178,1,0,18,a9f0893b96a91ccdcd5025d78481cb55e90e1d8bed1460691b2f019165a6b3d7
control-r2,coin-heaven,5973506,1,6973506,50,0,1.0,50,0,0,1,136,0,0,10,0dbca3706c4bed8be20bf51b133e68331670a872ed2a5efe60ec4f4de81fe8ec
control-r2,coin-heaven,5973507,1,6973507,50,0,1.0,50,0,0,1,148,0,0,14,6f72fb96d7b841b5b2ce11ed0ec5ebf595c975235a7fae77257232454629937d
control-r2,coin-heaven,5973508,1,6973508,50,0,1.0,50,0,0,1,142,0,0,13,69194f1e8413df70ed010afd05616a11f79a3f3acc79db9833414e46e1b1e6d3
control-r2,coin-heaven,5973509,1,6973509,31,0,0.62,31,0,0,0,81,1,0,5,3f3991ea12aa44042a3ae11b2e2e69250bb5da427f5ddce5aa5eafbcb1862eb5
control-r2,coin-heaven,5973510,1,6973510,50,0,1.0,50,0,0,1,173,0,0,18,4009674e989f0ddb32d6e5f92fa4c811f79633b63dc0a988b56fc514aa98f99f
control-r2,coin-heaven,5973511,1,6973511,50,0,1.0,50,0,0,1,143,0,0,11,ed1ccb11d50765ace3ada61234d1698e03748ccc820e9a9224c4c5092c3bfd67
control-r2,coin-heaven,5973512,1,6973512,50,0,1.0,50,0,0,1,150,0,0,14,e9f6d46a2de8119065aa469ce9857e7c8cd544b24621b9ba0f90f244b43f802f
control-r2,coin-heaven,5973513,1,6973513,33,0,0.66,33,0,0,0,83,1,0,6,482ffa0978302a2ec6ae9578a6885abb1f232d408ccd930775cafb5d78bdefc2
control-r2,coin-heaven,5973514,1,6973514,50,0,1.0,50,0,0,1,198,0,0,19,ae46228983ceefac9eb2409d1b581507046b9d56ef19e2de41629a7b310b5bf6
control-r2,coin-heaven,5973515,1,6973515,18,0,0.36,18,0,0,0,59,1,0,4,83b571f3b8cc03888b423098acf11d6815c0be16eb43a90652fa39d36425d618
control-r2,coin-heaven,5973516,1,6973516,43,0,0.86,43,0,0,0,129,1,0,10,7b794057b7851f55e2e92854dcf37fcdb15ca447e5652d872a0c7016e8ab4d84
control-r2,coin-heaven,5973517,1,6973517,50,0,1.0,50,0,0,1,135,0,0,9,c9c0b2ff518c4e2dbfc0763d39176cc7a46379ef7b0ad7053c5582fc4a509dc8
control-r2,coin-heaven,5973518,1,6973518,50,0,1.0,50,0,0,1,152,0,0,14,5f285a86c8c8354c037f8c5908238ae47f1e0ff9cdef77313c06de1e2e89b2d3
control-r2,coin-heaven,5973519,1,6973519,16,0,0.32,16,0,0,0,37,1,0,3,a10897de68f8179a7449226ae3b501055637efcf160313440a8917e552db568c
control-r2,coin-heaven,5973520,1,6973520,6,0,0.12,6,0,0,0,12,1,0,1,15d414da08551a238cfa7fc7d4ae88656efddb7e4601fb8c7dbf008f9ba947ca
control-r2,coin-heaven,5973521,1,6973521,37,0,0.74,37,0,0,0,119,1,0,12,ee80086e3cdb941c124d652a343cb4b2af378cacc4c50d5ed1712b901a75b9ff
control-r2,coin-heaven,5973522,1,6973522,50,0,1.0,50,0,0,1,143,0,0,13,b5d654ab5dea32070c5c4f47ad9c7af7f5029943a9573cce5d856a23f892d715
control-r2,coin-heaven,5973523,1,6973523,50,0,1.0,50,0,0,1,174,0,0,17,fea07552f010b32f2e8c7e7f9b7b3f09f8b1ab9ba1efc81251f79e58bb093481
control-r2,coin-heaven,5973524,1,6973524,49,0,0.98,49,0,0,0,159,1,0,14,7c5637b32b186b22a5fb9509041f4d03458a89bb57c5141dfbc8af8c5a37a599
control-r2,coin-heaven,5973525,1,6973525,50,0,1.0,50,0,0,1,141,0,0,12,e499200a2e08cf38ec24964b541c6ff764f31a92d7c8f5acc2689bfaae3554a4
control-r2,coin-heaven,5973526,1,6973526,0,0,0.0,0,0,0,1,400,0,0,0,f49e2d07ad7b7990c33143b698363cae0bfc89b82ed1839a336aa5fcc9af2747
control-r2,coin-heaven,5973527,1,6973527,50,0,1.0,50,0,0,1,139,0,0,9,3411ac7aebc720a8aafe2c6d086258ca8134f138416b5eb7a540eb5e5fa91dbc
control-r2,coin-heaven,5973528,1,6973528,9,0,0.18,9,0,0,0,24,1,0,2,01fae61e21831bfd0e388d125472c52d9971fb7de2b75541a5c90296ae5b19e9
control-r2,coin-heaven,5973529,1,6973529,50,0,1.0,50,0,0,1,152,0,0,12,8cd66764768c521aaf38c223d69910f9fe58b6e1d6d77b539e6bf9ca58c7ebd6
control-r2,coin-heaven,5973530,1,6973530,32,0,0.64,32,0,0,0,80,1,0,10,49634f403783a1f5c6869d7919b33ecb7733f419674d3689b726904280d6babd
control-r2,coin-heaven,5973531,1,6973531,50,0,1.0,50,0,0,1,159,0,0,11,76220568d0aa16923fb2cfb38b954247ee27d48a9c9ff9f89e3d0f27c9d92b19
control-r2,coin-heaven,5973532,1,6973532,15,0,0.3,15,0,0,0,35,1,0,2,a93b732cad8d689a843074cc79a8936a41e365965db933581a5d8052cf4e37bf
control-r2,coin-heaven,5973533,1,6973533,4,0,0.08,4,0,0,0,11,1,0,1,b4313c2cc724153418f742418ae062fd5e031c6c57c264198da468e113d0b632
control-r2,coin-heaven,5973534,1,6973534,31,0,0.62,31,0,0,0,99,1,0,10,0b8c683a4a705dc0d57442ea4b8cef54b96feaa774533bfd765a6a83f11d4e82
control-r2,coin-heaven,5973535,1,6973535,31,0,0.62,31,0,0,0,83,1,0,9,77de88b33ff802f03d2277e70c637bad290fca074650d0dc72b4a039011ed727
control-r2,coin-heaven,5973536,1,6973536,50,0,1.0,50,0,0,1,175,0,0,15,fbae63b5c7e3f0558a7f12f324e39d90e826220aed80df17649db9c583272f85
control-r2,coin-heaven,5973537,1,6973537,23,0,0.46,23,0,0,0,71,1,0,6,9cdd2dc7b51dc33236ae2abc63de13b6c17b35007fa601afd1d63f7c26b4c4b2
control-r2,coin-heaven,5973538,1,6973538,17,0,0.34,17,0,0,0,40,1,0,4,59f070c4c8591b8779bde0ccba4c0d9b0a2dcdddcb7cc795e9dfa0a89eeb5344
control-r2,coin-heaven,5973539,1,6973539,50,0,1.0,50,0,0,1,243,0,0,27,1569ee666a86f7537378c86beaade4497e837a33e476810eff10a6d2ff08be3e
control-r2,coin-heaven,5973540,1,6973540,50,0,1.0,50,0,0,1,160,0,0,15,180487b79767aec9ba89fa571d0c73d2fe32cf024227178ac89fe0cca074b530
control-r2,loot-crate,5973601,0,6973601,0,0,0.0,0,1,0,0,7,1,0,1,375b8f98f6c5e11647a67f85ce1efc3960ab9218b2704ce78d534d33fb79768c
control-r2,loot-crate,5973602,0,6973602,30,0,0.6,30,68,0,0,230,1,0,28,cbe53703b4f8a9edbae00f44d9830328b22f76f9f79c0f3531659293d316dbd8
control-r2,loot-crate,5973603,0,6973603,7,0,0.14,7,26,0,0,111,1,0,13,dbb24bb103ce381f2f30d5b3e39ca895954d788d570cf2cbadc81dc9088d8c8e
control-r2,loot-crate,5973604,0,6973604,5,0,0.1,5,21,0,1,400,0,0,41,e31d52069c08a827a6a10f04b1335486b186ae58ec1bdf88975330de8b41f010
control-r2,loot-crate,5973605,0,6973605,8,0,0.16,8,37,0,0,95,1,0,11,8b556df79fe4ef5ecc7961357d18b4d5fe9a82d2252a515bd7ba9f88dda3ddb3
control-r2,loot-crate,5973606,0,6973606,7,0,0.14,7,18,0,1,400,0,0,13,ecda8d024a488a1f3908ace96c64c8a320e453b11ddc0034ea31a7254f91e04a
control-r2,loot-crate,5973607,0,6973607,21,0,0.42,21,64,0,1,400,0,0,26,571db8d4e7e6567ce10d05b3753626e4eb173b1ce6b901c05d58d0b6a5592ed7
control-r2,loot-crate,5973608,0,6973608,8,0,0.16,8,24,0,1,400,0,0,41,2a62a3ae4c6cae89024548ff8e6b83099341a49aa0a246821a2b046c3aea5e7b
control-r2,loot-crate,5973609,0,6973609,10,0,0.2,10,26,0,1,400,0,0,14,f98f7bd62d3480cae74c5a6433e66b4cbf5b71a37b356926f8af3bf3c0b32de8
control-r2,loot-crate,5973610,0,6973610,5,0,0.1,5,20,0,1,400,0,0,13,a375a9c0484c7db41d3403818546a34364540d9f42d1c1745a2f28b5bd0be72e
control-r2,loot-crate,5973611,0,6973611,31,0,0.62,31,75,0,0,267,1,0,30,98f128eb81867bfcb92e3fe9886fb7e320ac69c1b504750983bef9fdcce96923
control-r2,loot-crate,5973612,0,6973612,24,0,0.48,24,68,0,0,194,1,0,23,da571d3ac2f4b3640b5eb80a83c54acae138cb5f00f6e49419edbc247944709d
control-r2,loot-crate,5973613,0,6973613,1,0,0.02,1,19,0,0,57,1,0,8,31320d1737261a2b93f1f08b6caaf7498907c762277ebc576e6c0151e63f9aca
control-r2,loot-crate,5973614,0,6973614,9,0,0.18,9,30,0,1,400,0,0,15,eb1c0256ad7d6a021c153111667381e8cbd4c1a16728285a3aa5831d2e60aed0
control-r2,loot-crate,5973615,0,6973615,11,0,0.22,11,42,0,1,400,0,0,15,abd493799cbe7fd8ad592aed0db47db1a02853a789938d361a54b960c5341e8a
control-r2,loot-crate,5973616,0,6973616,6,0,0.12,6,18,0,1,400,0,0,7,a1bb5419f01317b345750aeebdc4b052cc637fd6c8ba8531d950a7ef712ed1a3
control-r2,loot-crate,5973617,0,6973617,15,0,0.3,15,43,0,0,150,1,0,18,5b9dda9107fd69ed6836e2a8c9dc7529324b90237b892b6e79481d55521450d2
control-r2,loot-crate,5973618,0,6973618,4,0,0.08,4,11,0,0,43,1,0,4,fe8763e1e57c1bffad417787da3a3cebca30cf8d729c5bb68109590e84aab7a8
control-r2,loot-crate,5973619,0,6973619,36,0,0.72,36,84,0,1,400,0,0,38,60c9fa992b1702ec3b433c007a6d1df76f4f0bf62ff22e8fb06662818bc13481
control-r2,loot-crate,5973620,0,6973620,0,0,0.0,0,2,0,0,7,1,0,1,375b8f98f6c5e11647a67f85ce1efc3960ab9218b2704ce78d534d33fb79768c
control-r2,loot-crate,5973621,0,6973621,1,0,0.02,1,3,0,0,14,1,0,2,10d466728245c4330f60630714447d5ffa312dd5bf24fadc8d29c0dc786f3512
control-r2,loot-crate,5973622,0,6973622,1,0,0.02,1,8,0,0,21,1,0,3,e56d1e92e13c4f927ad206b783270c550eb94f913b6fffbe984ce500667723c6
control-r2,loot-crate,5973623,0,6973623,7,0,0.14,7,37,0,1,400,0,0,10,6a9cc446a8bde143f8bc9a1377c597942f18a1125ce4f05e672efc0c18bca5f2
control-r2,loot-crate,5973624,0,6973624,3,0,0.06,3,14,0,0,48,1,0,6,e0f58e28e117d0c9f9113b486fcb954345eefa88bd547dece96d4c47b066708c
control-r2,loot-crate,5973625,0,6973625,18,0,0.36,18,38,0,1,400,0,0,14,3e4639e411128e7bedd2ab98db62e5f49fefd899d94088f8c99b5b299e27f2f8
control-r2,loot-crate,5973626,0,6973626,10,0,0.2,10,26,0,0,79,1,0,9,372e101e4354754476e8d12176aee881a30160efe850b8e1d766bc83099d7b9c
control-r2,loot-crate,5973627,0,6973627,19,0,0.38,19,53,0,1,400,0,0,19,925e7ba8428b9b343c701735c9bb6a4d24eb8173975c6700a1bc90ac4fa991dd
control-r2,loot-crate,5973628,0,6973628,40,0,0.8,40,96,0,1,400,0,0,49,396ddc2ba8a4899cd683ade81b53d2a7fe2017668d29b5c7a5d7f440526961c1
control-r2,loot-crate,5973629,0,6973629,11,0,0.22,11,29,0,1,400,0,0,14,407aecc78d8e1659f4f033415c9f07e2955d15c4387ad25f910be36e399a4a15
control-r2,loot-crate,5973630,0,6973630,12,0,0.24,12,44,0,0,191,1,0,24,9bc160522c908a76de2b73d59271c90e0e503463354b54fc000fa14a28439cb9
control-r2,loot-crate,5973631,0,6973631,7,0,0.14,7,19,0,0,94,1,0,10,a5bb40d9ea2537527a174c20415abeba61eb2d855b0670b8c78aa9dcabc54852
control-r2,loot-crate,5973632,0,6973632,7,0,0.14,7,20,0,0,79,1,0,10,02aebf7a3c145d0e7725b3881eca156fb6b4319b03adea2250799d9c2d1bd7a3
control-r2,loot-crate,5973633,0,6973633,0,0,0.0,0,8,0,0,21,1,0,3,d4a7e1cb2c5468d1b6e65627b8ab618204990ece90ac50042688ac2bc7ed4741
control-r2,loot-crate,5973634,0,6973634,4,0,0.08,4,15,0,1,400,0,0,9,1556c995f8b2e3ee353d5442d505bda7e5abcbe10c528882a8d87985cc17f0d1
control-r2,loot-crate,5973635,0,6973635,14,0,0.28,14,38,0,0,101,1,0,12,dc1d277cc97a632039d1ea2cd53d33c31c55b09d5c92330a3d67a880506ee45f
control-r2,loot-crate,5973636,0,6973636,6,0,0.12,6,26,0,0,71,1,0,9,b06cf3c41f59286b7abdb4253f1983ed8ba969a26f40db9d24b5d36ba4cb1194
control-r2,loot-crate,5973637,0,6973637,17,0,0.34,17,53,0,0,179,1,0,22,ac1e8c96308ad120cf717644206f27ba859cab5d30e7e9f1d2c7f0ca48973caf
control-r2,loot-crate,5973638,0,6973638,1,0,0.02,1,4,0,1,400,0,0,2,19d0c270777dc84deb7d634298ca961f63fb7af8d133b1a12807ba642cbefaf5
control-r2,loot-crate,5973639,0,6973639,7,0,0.14,7,17,0,0,54,1,0,7,afd8ab43558a98fd7d7f70f5012bdb4599ef9d791840b75e95f4d3a86b723680
control-r2,loot-crate,5973640,0,6973640,21,0,0.42,21,54,0,0,213,1,0,26,699f82fb5e4104bf8b9529bb61f94d3065700752235bab14bd5fe23fca84c821
control-r2,loot-crate,5973601,1,6973601,0,0,0.0,0,1,0,0,7,1,0,1,375b8f98f6c5e11647a67f85ce1efc3960ab9218b2704ce78d534d33fb79768c
control-r2,loot-crate,5973602,1,6973602,30,0,0.6,30,68,0,0,230,1,0,28,cbe53703b4f8a9edbae00f44d9830328b22f76f9f79c0f3531659293d316dbd8
control-r2,loot-crate,5973603,1,6973603,7,0,0.14,7,26,0,0,111,1,0,13,dbb24bb103ce381f2f30d5b3e39ca895954d788d570cf2cbadc81dc9088d8c8e
control-r2,loot-crate,5973604,1,6973604,5,0,0.1,5,21,0,1,400,0,0,41,e31d52069c08a827a6a10f04b1335486b186ae58ec1bdf88975330de8b41f010
control-r2,loot-crate,5973605,1,6973605,8,0,0.16,8,37,0,0,95,1,0,11,8b556df79fe4ef5ecc7961357d18b4d5fe9a82d2252a515bd7ba9f88dda3ddb3
control-r2,loot-crate,5973606,1,6973606,7,0,0.14,7,18,0,1,400,0,0,13,ecda8d024a488a1f3908ace96c64c8a320e453b11ddc0034ea31a7254f91e04a
control-r2,loot-crate,5973607,1,6973607,21,0,0.42,21,64,0,1,400,0,0,26,571db8d4e7e6567ce10d05b3753626e4eb173b1ce6b901c05d58d0b6a5592ed7
control-r2,loot-crate,5973608,1,6973608,8,0,0.16,8,24,0,1,400,0,0,41,2a62a3ae4c6cae89024548ff8e6b83099341a49aa0a246821a2b046c3aea5e7b
control-r2,loot-crate,5973609,1,6973609,10,0,0.2,10,26,0,1,400,0,0,14,f98f7bd62d3480cae74c5a6433e66b4cbf5b71a37b356926f8af3bf3c0b32de8
control-r2,loot-crate,5973610,1,6973610,5,0,0.1,5,20,0,1,400,0,0,13,a375a9c0484c7db41d3403818546a34364540d9f42d1c1745a2f28b5bd0be72e
control-r2,loot-crate,5973611,1,6973611,31,0,0.62,31,75,0,0,267,1,0,30,98f128eb81867bfcb92e3fe9886fb7e320ac69c1b504750983bef9fdcce96923
control-r2,loot-crate,5973612,1,6973612,24,0,0.48,24,68,0,0,194,1,0,23,da571d3ac2f4b3640b5eb80a83c54acae138cb5f00f6e49419edbc247944709d
control-r2,loot-crate,5973613,1,6973613,1,0,0.02,1,19,0,0,57,1,0,8,31320d1737261a2b93f1f08b6caaf7498907c762277ebc576e6c0151e63f9aca
control-r2,loot-crate,5973614,1,6973614,9,0,0.18,9,30,0,1,400,0,0,15,eb1c0256ad7d6a021c153111667381e8cbd4c1a16728285a3aa5831d2e60aed0
control-r2,loot-crate,5973615,1,6973615,11,0,0.22,11,42,0,1,400,0,0,15,abd493799cbe7fd8ad592aed0db47db1a02853a789938d361a54b960c5341e8a
control-r2,loot-crate,5973616,1,6973616,6,0,0.12,6,18,0,1,400,0,0,7,a1bb5419f01317b345750aeebdc4b052cc637fd6c8ba8531d950a7ef712ed1a3
control-r2,loot-crate,5973617,1,6973617,15,0,0.3,15,43,0,0,150,1,0,18,5b9dda9107fd69ed6836e2a8c9dc7529324b90237b892b6e79481d55521450d2
control-r2,loot-crate,5973618,1,6973618,4,0,0.08,4,11,0,0,43,1,0,4,fe8763e1e57c1bffad417787da3a3cebca30cf8d729c5bb68109590e84aab7a8
control-r2,loot-crate,5973619,1,6973619,36,0,0.72,36,84,0,1,400,0,0,38,60c9fa992b1702ec3b433c007a6d1df76f4f0bf62ff22e8fb06662818bc13481
control-r2,loot-crate,5973620,1,6973620,0,0,0.0,0,2,0,0,7,1,0,1,375b8f98f6c5e11647a67f85ce1efc3960ab9218b2704ce78d534d33fb79768c
control-r2,loot-crate,5973621,1,6973621,1,0,0.02,1,3,0,0,14,1,0,2,10d466728245c4330f60630714447d5ffa312dd5bf24fadc8d29c0dc786f3512
control-r2,loot-crate,5973622,1,6973622,1,0,0.02,1,8,0,0,21,1,0,3,e56d1e92e13c4f927ad206b783270c550eb94f913b6fffbe984ce500667723c6
control-r2,loot-crate,5973623,1,6973623,7,0,0.14,7,37,0,1,400,0,0,10,6a9cc446a8bde143f8bc9a1377c597942f18a1125ce4f05e672efc0c18bca5f2
control-r2,loot-crate,5973624,1,6973624,3,0,0.06,3,14,0,0,48,1,0,6,e0f58e28e117d0c9f9113b486fcb954345eefa88bd547dece96d4c47b066708c
control-r2,loot-crate,5973625,1,6973625,18,0,0.36,18,38,0,1,400,0,0,14,3e4639e411128e7bedd2ab98db62e5f49fefd899d94088f8c99b5b299e27f2f8
control-r2,loot-crate,5973626,1,6973626,10,0,0.2,10,26,0,0,79,1,0,9,372e101e4354754476e8d12176aee881a30160efe850b8e1d766bc83099d7b9c
control-r2,loot-crate,5973627,1,6973627,19,0,0.38,19,53,0,1,400,0,0,19,925e7ba8428b9b343c701735c9bb6a4d24eb8173975c6700a1bc90ac4fa991dd
control-r2,loot-crate,5973628,1,6973628,40,0,0.8,40,96,0,1,400,0,0,49,396ddc2ba8a4899cd683ade81b53d2a7fe2017668d29b5c7a5d7f440526961c1
control-r2,loot-crate,5973629,1,6973629,11,0,0.22,11,29,0,1,400,0,0,14,407aecc78d8e1659f4f033415c9f07e2955d15c4387ad25f910be36e399a4a15
control-r2,loot-crate,5973630,1,6973630,12,0,0.24,12,44,0,0,191,1,0,24,9bc160522c908a76de2b73d59271c90e0e503463354b54fc000fa14a28439cb9
control-r2,loot-crate,5973631,1,6973631,7,0,0.14,7,19,0,0,94,1,0,10,a5bb40d9ea2537527a174c20415abeba61eb2d855b0670b8c78aa9dcabc54852
control-r2,loot-crate,5973632,1,6973632,7,0,0.14,7,20,0,0,79,1,0,10,02aebf7a3c145d0e7725b3881eca156fb6b4319b03adea2250799d9c2d1bd7a3
control-r2,loot-crate,5973633,1,6973633,0,0,0.0,0,8,0,0,21,1,0,3,d4a7e1cb2c5468d1b6e65627b8ab618204990ece90ac50042688ac2bc7ed4741
control-r2,loot-crate,5973634,1,6973634,4,0,0.08,4,15,0,1,400,0,0,9,1556c995f8b2e3ee353d5442d505bda7e5abcbe10c528882a8d87985cc17f0d1
control-r2,loot-crate,5973635,1,6973635,14,0,0.28,14,38,0,0,101,1,0,12,dc1d277cc97a632039d1ea2cd53d33c31c55b09d5c92330a3d67a880506ee45f
control-r2,loot-crate,5973636,1,6973636,6,0,0.12,6,26,0,0,71,1,0,9,b06cf3c41f59286b7abdb4253f1983ed8ba969a26f40db9d24b5d36ba4cb1194
control-r2,loot-crate,5973637,1,6973637,17,0,0.34,17,53,0,0,179,1,0,22,ac1e8c96308ad120cf717644206f27ba859cab5d30e7e9f1d2c7f0ca48973caf
control-r2,loot-crate,5973638,1,6973638,1,0,0.02,1,4,0,1,400,0,0,2,19d0c270777dc84deb7d634298ca961f63fb7af8d133b1a12807ba642cbefaf5
control-r2,loot-crate,5973639,1,6973639,7,0,0.14,7,17,0,0,54,1,0,7,afd8ab43558a98fd7d7f70f5012bdb4599ef9d791840b75e95f4d3a86b723680
control-r2,loot-crate,5973640,1,6973640,21,0,0.42,21,54,0,0,213,1,0,26,699f82fb5e4104bf8b9529bb61f94d3065700752235bab14bd5fe23fca84c821
control-r2,classic-empty,5973701,0,6973701,3,0,0.3333333333333333,3,48,0,1,400,0,0,18,8be5228e8197784d4c15d8c50b461a685ccfacd74b33d5956a493d9dcd892d60
control-r2,classic-empty,5973702,0,6973702,1,0,0.1111111111111111,1,27,0,0,77,1,0,11,444167922e0184cb39a04af4656f5a671dc9c109cc425f6215c462aa442aaaa4
control-r2,classic-empty,5973703,0,6973703,7,0,0.7777777777777778,7,93,0,1,400,0,0,41,a648931df051469e9c7375fa38b0f41ed360fbc5fb2f65e359d9cfc80648f041
control-r2,classic-empty,5973704,0,6973704,4,0,0.4444444444444444,4,49,0,1,400,0,0,19,9bd04a6251f95409e53bf97f01bea565d075f9ead63496a568ce5376bb570aaa
control-r2,classic-empty,5973705,0,6973705,5,0,0.5555555555555556,5,46,0,1,400,0,0,16,73ba41a3ecc11253aecb61a1a755eed33d15742b971ea9850f1822ef438d5831
control-r2,classic-empty,5973706,0,6973706,3,0,0.3333333333333333,3,39,0,1,400,0,0,15,5714fe6b43210d3a82f046af1f15302e7ad3392e8be0bdc19f4d6acd090968ff
control-r2,classic-empty,5973707,0,6973707,3,0,0.3333333333333333,3,28,0,1,400,0,0,10,fad8e3d31600bfbdc58dd554187c0bfca7c03703e7cd5b6fa174539637ee593a
control-r2,classic-empty,5973708,0,6973708,9,0,1.0,9,113,0,1,400,0,0,46,40d4b72841f12444d85ec602d9f5d48e2a6b2d73f2b15fe0bd73013aa4161678
control-r2,classic-empty,5973709,0,6973709,2,0,0.2222222222222222,2,12,0,1,400,0,0,4,573be93bf884ed175e63610d2ea17a31f51349474abcd453e63dbcc3d220b851
control-r2,classic-empty,5973710,0,6973710,9,0,1.0,9,106,0,1,400,0,0,52,7d1ef74061b027df081b9bf4febbc81d1cb34e6dea5fedbfc79713e974fb2a25
control-r2,classic-empty,5973711,0,6973711,0,0,0.0,0,10,0,1,400,0,0,5,56f3dcbe3804ce9bec378e2e402feb50581ed8fd7d96feb532276fd5bebd67ef
control-r2,classic-empty,5973712,0,6973712,7,0,0.7777777777777778,7,82,0,1,400,0,0,30,57105a4e820c0ab5eccb2412b9a0fa03c4c95052e6e981724145351d1f4fe9c3
control-r2,classic-empty,5973713,0,6973713,2,0,0.2222222222222222,2,53,0,1,400,0,0,19,953bb0341abdb0ce713e5a6a258fca28a02310d5ace6b9ea8f1913cdb77506a9
control-r2,classic-empty,5973714,0,6973714,6,0,0.6666666666666666,6,89,0,0,253,1,0,34,d28e1d05dc3b8577406df6b5b7c73660ac07c4d9536ab121a41adbb7d741906b
control-r2,classic-empty,5973715,0,6973715,7,0,0.7777777777777778,7,98,0,1,400,0,0,40,4db2ead4a20a06cd509d0db13002084fdb12f7846f3149ad5b1a792710c47dfe
control-r2,classic-empty,5973716,0,6973716,4,0,0.4444444444444444,4,60,0,1,400,0,0,22,1d493f2eecc384dd101261c53877cbaa8130ed084c50c02fcb8263eb890e94e8
control-r2,classic-empty,5973717,0,6973717,7,0,0.7777777777777778,7,70,0,1,400,0,0,23,ee1a2b694a2a05ed9e71a201abf6cdf3e70ee5f31040ce49461b32863f9813f0
control-r2,classic-empty,5973718,0,6973718,1,0,0.1111111111111111,1,15,0,0,42,1,0,6,e2f56e00bb2f16b24770b4d9f30b81a9b4c402a7ab65d4d6d9775edcc4e7d415
control-r2,classic-empty,5973719,0,6973719,1,0,0.1111111111111111,1,26,0,1,400,0,0,11,c9a99741aa92c3e1fdac2c99571367392cc3ed98e3b5204f5a64874a51237843
control-r2,classic-empty,5973720,0,6973720,1,0,0.1111111111111111,1,17,0,1,400,0,0,5,36c9447b4724edc1ac5ff3994ed66433194e9a8c88adedf67c3739480aea8a04
control-r2,classic-empty,5973721,0,6973721,0,0,0.0,0,10,0,0,21,1,0,3,b90de71898fd9bc9fe157980323db812582c6d468c75a002e3e71f304e36a5b1
control-r2,classic-empty,5973722,0,6973722,4,0,0.4444444444444444,4,45,0,1,400,0,0,22,71c59c7774c87d8cff6a658b382ebf556b6cd4cd7b055182ab427d59a0ee3da7
control-r2,classic-empty,5973723,0,6973723,3,0,0.3333333333333333,3,43,0,1,400,0,0,19,34fee171b472b91ad5911ae24f952efca9fdc44c60376568eb52d60b9c0d7a90
control-r2,classic-empty,5973724,0,6973724,0,0,0.0,0,7,0,0,36,1,0,5,9729226cac85c03c7060fc1149593ab6731dc59ab20de9b22719b55e34e71e8c
control-r2,classic-empty,5973725,0,6973725,3,0,0.3333333333333333,3,36,0,1,400,0,0,15,bcc574db08cae26ae7df12b07d0e24407419b0735074ef95078641b73a225406
control-r2,classic-empty,5973726,0,6973726,1,0,0.1111111111111111,1,19,0,1,400,0,0,9,47f21124a445cc5323cd4d8afbf3607adac0594495e7f388f64c2a7ebad64f4f
control-r2,classic-empty,5973727,0,6973727,2,0,0.2222222222222222,2,47,0,1,400,0,0,20,acf3f89767ac0d13ddd6b162a37639048f470887387ebe49d2acc50c50c73321
control-r2,classic-empty,5973728,0,6973728,5,0,0.5555555555555556,5,54,0,1,400,0,0,25,32bd029db9803db9c597ed1404d2cb520a6697aca54718a98fabde67e46af268
control-r2,classic-empty,5973729,0,6973729,2,0,0.2222222222222222,2,28,0,1,400,0,0,10,f397d035a23341f97ad8c49ce122cea30054717a39013f0310bc9217a14555df
control-r2,classic-empty,5973730,0,6973730,8,0,0.8888888888888888,8,64,0,1,400,0,0,26,f5a7035ec21c497e7709a1763bec072abdaaa74c1b4b3c9f09c4bb17271ddd23
control-r2,classic-empty,5973731,0,6973731,5,0,0.5555555555555556,5,60,0,1,400,0,0,30,e14b9020dc4da4764a454614580883b397a07b16cbcc41ecbe8365b9a6ddad96
control-r2,classic-empty,5973732,0,6973732,0,0,0.0,0,14,0,1,400,0,0,5,b4cda2ecd6df905954570aab1d429a73809137d8fa9ee747684699c4e5ad2fe1
control-r2,classic-empty,5973733,0,6973733,1,0,0.1111111111111111,1,35,0,1,400,0,0,15,fa1fd6ddca7405605f0de210aada9ecf1d707c413cc37d8ce6535455079e7c81
control-r2,classic-empty,5973734,0,6973734,6,0,0.6666666666666666,6,78,0,1,400,0,0,28,d70aa8e601bd0cf6e5cda61be785e25b4e7eef59c9e738c7527a2d5da665a082
control-r2,classic-empty,5973735,0,6973735,2,0,0.2222222222222222,2,26,0,1,400,0,0,11,26709e5d57c1e92789e3c0c6676418dad1722bb7d88343cfe161d7297e624a51
control-r2,classic-empty,5973736,0,6973736,4,0,0.4444444444444444,4,49,0,1,400,0,0,23,e92e7dc7255c588fffcba621db5a3ac2fb06380146b788a63190faee4c57891c
control-r2,classic-empty,5973737,0,6973737,7,0,0.7777777777777778,7,94,0,1,400,0,0,43,dd91ed874a0c69aa53634ceb5c998a9fe9822ef7f97703f8bbc918900056e22f
control-r2,classic-empty,5973738,0,6973738,6,0,0.6666666666666666,6,100,0,1,400,0,0,43,87e1c7ce8d78aa92bf94b2fbebbbe2af057c74c284c60f8785aadaf31b746942
control-r2,classic-empty,5973739,0,6973739,3,0,0.3333333333333333,3,61,0,1,400,0,0,29,b51453f7ed536101e9ff6aa6f961e6ce852add82a4847d4d81c9a2356f4c5eed
control-r2,classic-empty,5973740,0,6973740,2,0,0.2222222222222222,2,53,0,1,400,0,0,18,9a06e9615e74b3adc573a9208a0623bf40cf328466cdab60be13014047c9cb11
control-r2,classic-empty,5973701,1,6973701,3,0,0.3333333333333333,3,48,0,1,400,0,0,18,8be5228e8197784d4c15d8c50b461a685ccfacd74b33d5956a493d9dcd892d60
control-r2,classic-empty,5973702,1,6973702,1,0,0.1111111111111111,1,27,0,0,77,1,0,11,444167922e0184cb39a04af4656f5a671dc9c109cc425f6215c462aa442aaaa4
control-r2,classic-empty,5973703,1,6973703,7,0,0.7777777777777778,7,93,0,1,400,0,0,41,a648931df051469e9c7375fa38b0f41ed360fbc5fb2f65e359d9cfc80648f041
control-r2,classic-empty,5973704,1,6973704,4,0,0.4444444444444444,4,49,0,1,400,0,0,19,9bd04a6251f95409e53bf97f01bea565d075f9ead63496a568ce5376bb570aaa
control-r2,classic-empty,5973705,1,6973705,5,0,0.5555555555555556,5,46,0,1,400,0,0,16,73ba41a3ecc11253aecb61a1a755eed33d15742b971ea9850f1822ef438d5831
control-r2,classic-empty,5973706,1,6973706,3,0,0.3333333333333333,3,39,0,1,400,0,0,15,5714fe6b43210d3a82f046af1f15302e7ad3392e8be0bdc19f4d6acd090968ff
control-r2,classic-empty,5973707,1,6973707,3,0,0.3333333333333333,3,28,0,1,400,0,0,10,fad8e3d31600bfbdc58dd554187c0bfca7c03703e7cd5b6fa174539637ee593a
control-r2,classic-empty,5973708,1,6973708,9,0,1.0,9,113,0,1,400,0,0,46,40d4b72841f12444d85ec602d9f5d48e2a6b2d73f2b15fe0bd73013aa4161678
control-r2,classic-empty,5973709,1,6973709,2,0,0.2222222222222222,2,12,0,1,400,0,0,4,573be93bf884ed175e63610d2ea17a31f51349474abcd453e63dbcc3d220b851
control-r2,classic-empty,5973710,1,6973710,9,0,1.0,9,106,0,1,400,0,0,52,7d1ef74061b027df081b9bf4febbc81d1cb34e6dea5fedbfc79713e974fb2a25
control-r2,classic-empty,5973711,1,6973711,0,0,0.0,0,10,0,1,400,0,0,5,56f3dcbe3804ce9bec378e2e402feb50581ed8fd7d96feb532276fd5bebd67ef
control-r2,classic-empty,5973712,1,6973712,7,0,0.7777777777777778,7,82,0,1,400,0,0,30,57105a4e820c0ab5eccb2412b9a0fa03c4c95052e6e981724145351d1f4fe9c3
control-r2,classic-empty,5973713,1,6973713,2,0,0.2222222222222222,2,53,0,1,400,0,0,19,953bb0341abdb0ce713e5a6a258fca28a02310d5ace6b9ea8f1913cdb77506a9
control-r2,classic-empty,5973714,1,6973714,6,0,0.6666666666666666,6,89,0,0,253,1,0,34,d28e1d05dc3b8577406df6b5b7c73660ac07c4d9536ab121a41adbb7d741906b
control-r2,classic-empty,5973715,1,6973715,7,0,0.7777777777777778,7,98,0,1,400,0,0,40,4db2ead4a20a06cd509d0db13002084fdb12f7846f3149ad5b1a792710c47dfe
control-r2,classic-empty,5973716,1,6973716,4,0,0.4444444444444444,4,60,0,1,400,0,0,22,1d493f2eecc384dd101261c53877cbaa8130ed084c50c02fcb8263eb890e94e8
control-r2,classic-empty,5973717,1,6973717,7,0,0.7777777777777778,7,70,0,1,400,0,0,23,ee1a2b694a2a05ed9e71a201abf6cdf3e70ee5f31040ce49461b32863f9813f0
control-r2,classic-empty,5973718,1,6973718,1,0,0.1111111111111111,1,15,0,0,42,1,0,6,e2f56e00bb2f16b24770b4d9f30b81a9b4c402a7ab65d4d6d9775edcc4e7d415
control-r2,classic-empty,5973719,1,6973719,1,0,0.1111111111111111,1,26,0,1,400,0,0,11,c9a99741aa92c3e1fdac2c99571367392cc3ed98e3b5204f5a64874a51237843
control-r2,classic-empty,5973720,1,6973720,1,0,0.1111111111111111,1,17,0,1,400,0,0,5,36c9447b4724edc1ac5ff3994ed66433194e9a8c88adedf67c3739480aea8a04
control-r2,classic-empty,5973721,1,6973721,0,0,0.0,0,10,0,0,21,1,0,3,b90de71898fd9bc9fe157980323db812582c6d468c75a002e3e71f304e36a5b1
control-r2,classic-empty,5973722,1,6973722,4,0,0.4444444444444444,4,45,0,1,400,0,0,22,71c59c7774c87d8cff6a658b382ebf556b6cd4cd7b055182ab427d59a0ee3da7
control-r2,classic-empty,5973723,1,6973723,3,0,0.3333333333333333,3,43,0,1,400,0,0,19,34fee171b472b91ad5911ae24f952efca9fdc44c60376568eb52d60b9c0d7a90
control-r2,classic-empty,5973724,1,6973724,0,0,0.0,0,7,0,0,36,1,0,5,9729226cac85c03c7060fc1149593ab6731dc59ab20de9b22719b55e34e71e8c
control-r2,classic-empty,5973725,1,6973725,3,0,0.3333333333333333,3,36,0,1,400,0,0,15,bcc574db08cae26ae7df12b07d0e24407419b0735074ef95078641b73a225406
control-r2,classic-empty,5973726,1,6973726,1,0,0.1111111111111111,1,19,0,1,400,0,0,9,47f21124a445cc5323cd4d8afbf3607adac0594495e7f388f64c2a7ebad64f4f
control-r2,classic-empty,5973727,1,6973727,2,0,0.2222222222222222,2,47,0,1,400,0,0,20,acf3f89767ac0d13ddd6b162a37639048f470887387ebe49d2acc50c50c73321
control-r2,classic-empty,5973728,1,6973728,5,0,0.5555555555555556,5,54,0,1,400,0,0,25,32bd029db9803db9c597ed1404d2cb520a6697aca54718a98fabde67e46af268
control-r2,classic-empty,5973729,1,6973729,2,0,0.2222222222222222,2,28,0,1,400,0,0,10,f397d035a23341f97ad8c49ce122cea30054717a39013f0310bc9217a14555df
control-r2,classic-empty,5973730,1,6973730,8,0,0.8888888888888888,8,64,0,1,400,0,0,26,f5a7035ec21c497e7709a1763bec072abdaaa74c1b4b3c9f09c4bb17271ddd23
control-r2,classic-empty,5973731,1,6973731,5,0,0.5555555555555556,5,60,0,1,400,0,0,30,e14b9020dc4da4764a454614580883b397a07b16cbcc41ecbe8365b9a6ddad96
control-r2,classic-empty,5973732,1,6973732,0,0,0.0,0,14,0,1,400,0,0,5,b4cda2ecd6df905954570aab1d429a73809137d8fa9ee747684699c4e5ad2fe1
control-r2,classic-empty,5973733,1,6973733,1,0,0.1111111111111111,1,35,0,1,400,0,0,15,fa1fd6ddca7405605f0de210aada9ecf1d707c413cc37d8ce6535455079e7c81
control-r2,classic-empty,5973734,1,6973734,6,0,0.6666666666666666,6,78,0,1,400,0,0,28,d70aa8e601bd0cf6e5cda61be785e25b4e7eef59c9e738c7527a2d5da665a082
control-r2,classic-empty,5973735,1,6973735,2,0,0.2222222222222222,2,26,0,1,400,0,0,11,26709e5d57c1e92789e3c0c6676418dad1722bb7d88343cfe161d7297e624a51
control-r2,classic-empty,5973736,1,6973736,4,0,0.4444444444444444,4,49,0,1,400,0,0,23,e92e7dc7255c588fffcba621db5a3ac2fb06380146b788a63190faee4c57891c
control-r2,classic-empty,5973737,1,6973737,7,0,0.7777777777777778,7,94,0,1,400,0,0,43,dd91ed874a0c69aa53634ceb5c998a9fe9822ef7f97703f8bbc918900056e22f
control-r2,classic-empty,5973738,1,6973738,6,0,0.6666666666666666,6,100,0,1,400,0,0,43,87e1c7ce8d78aa92bf94b2fbebbbe2af057c74c284c60f8785aadaf31b746942
control-r2,classic-empty,5973739,1,6973739,3,0,0.3333333333333333,3,61,0,1,400,0,0,29,b51453f7ed536101e9ff6aa6f961e6ce852add82a4847d4d81c9a2356f4c5eed
control-r2,classic-empty,5973740,1,6973740,2,0,0.2222222222222222,2,53,0,1,400,0,0,18,9a06e9615e74b3adc573a9208a0623bf40cf328466cdab60be13014047c9cb11
treatment-r2,classic-peaceful,5973401,0,6973401,2,1,0.2222222222222222,2,27,0,1,400,0,0,14,b2d547e84fe5c99724ad6e98158213b703771d97a19318f73840952a723d8fe4
treatment-r2,classic-peaceful,5973402,0,6973402,2,1,0.2222222222222222,2,30,0,1,400,0,0,52,009390e13b7772a9b984d94d115963e8353256c4115a93b27314066635a817fd
treatment-r2,classic-peaceful,5973403,0,6973403,0,0,0.0,0,21,0,1,400,0,0,46,2cf804985f15face8879d9d33a6528b7c35619877ac5635bcba81e44e8c767f5
treatment-r2,classic-peaceful,5973404,0,6973404,0,0,0.0,0,10,0,1,400,0,0,3,2dfc7e10aa6f9aeafc00386f21c8956805051336864a1e82fd1ef704e7cad613
treatment-r2,classic-peaceful,5973405,0,6973405,1,1,0.1111111111111111,1,7,0,1,400,0,0,5,58c3ab7b17a1a1ced2bee3ab732ffc0657b87af7ad5945c2f442abc4148f1738
treatment-r2,classic-peaceful,5973406,0,6973406,1,1,0.1111111111111111,1,33,0,1,400,0,0,25,9d8f088df8c563024b3ddb07e5a393cc3f5ca0c9257f2eb2d4ee1607eb244bd9
treatment-r2,classic-peaceful,5973407,0,6973407,0,0,0.0,0,11,0,1,400,0,0,7,88dfd8fc79cafe28bc9bc46ebb7e36c237a972da9ca570eefebf24ea844b889d
treatment-r2,classic-peaceful,5973408,0,6973408,1,1,0.1111111111111111,1,8,0,0,18,1,0,2,4d878acd4cef1dbd0a861469c9d745671b53cf04302ecbae217e66b9ddb3163f
treatment-r2,classic-peaceful,5973409,0,6973409,0,0,0.0,0,23,0,1,400,0,0,12,a836b76de85780e3d1748381bf6544921a773c45ca5c6631cab9da53f307db5b
treatment-r2,classic-peaceful,5973410,0,6973410,1,1,0.1111111111111111,1,15,0,1,400,0,0,57,5c991c71ce983e1780c5d15c56fa827bf1573ebcf45cf7559b44727aa8826d05
treatment-r2,classic-peaceful,5973411,0,6973411,1,1,0.1111111111111111,1,20,0,1,400,0,0,56,81355cb28c9a719d18d909d5d3c02a48422ce1920be7b82b272b192d7897220c
treatment-r2,classic-peaceful,5973412,0,6973412,1,1,0.1111111111111111,1,25,0,1,400,0,0,10,dc83521b738662bc4df25500788e9de6336639341a207abcf9877fb29b8adc3f
treatment-r2,classic-peaceful,5973413,0,6973413,2,1,0.2222222222222222,2,34,0,1,400,0,0,57,7c0504e5dad7409f92c0c0825583db16331404ba4619fd236f47d6fa1f70bbdd
treatment-r2,classic-peaceful,5973414,0,6973414,0,0,0.0,0,7,0,1,400,0,0,5,8e84f62f15ffbb184f0bf276118ff3b9cb0dd0bf1534206b188f9df518ca2fae
treatment-r2,classic-peaceful,5973415,0,6973415,1,1,0.1111111111111111,1,14,0,1,400,0,0,5,1de803cfc254a2b6fea7c375a42887956f75e0bdbec3873ae03fa4c1ebc22b35
treatment-r2,classic-peaceful,5973416,0,6973416,3,1,0.3333333333333333,3,57,0,1,400,0,0,51,a72bbdb4bb117869187c32bf3a0524fbc195b75d5fa70b9461444d2d568c7195
treatment-r2,classic-peaceful,5973417,0,6973417,3,1,0.3333333333333333,3,20,0,1,400,0,0,8,dd7c848b45baaf09d7c2e9651ed3d3ed7591355428f53178d280cc00a770db34
treatment-r2,classic-peaceful,5973418,0,6973418,1,1,0.1111111111111111,1,20,0,1,400,0,0,53,c90235e46e1e88cac84e941a52cc7f5d032f3eda296a1687c000fc9935aa7f01
treatment-r2,classic-peaceful,5973419,0,6973419,0,0,0.0,0,5,0,0,14,1,0,2,07d09835ce6a8491c608749bf0e86335bd61663dceebd7d72f5493674ad3085c
treatment-r2,classic-peaceful,5973420,0,6973420,0,0,0.0,0,17,0,1,400,0,0,7,a7540a4c19b6848f6f8607b404f0c9c234f073a9289c7c522bea151a29079e52
treatment-r2,classic-peaceful,5973421,0,6973421,0,0,0.0,0,23,0,1,400,0,0,51,8d4759067029794ff050634e24d0495b62761e6c64eab7f7e2a9e3dad27e224b
treatment-r2,classic-peaceful,5973422,0,6973422,0,0,0.0,0,11,0,0,21,1,0,3,46c1831170840ffa59e9e75e7d4a468820fd4e12def3fd2c0cf278dc61313ca3
treatment-r2,classic-peaceful,5973423,0,6973423,0,0,0.0,0,23,0,1,400,0,0,10,18342dc582a5728a69a8ee6e267ad1a748388d3798e96b75bd52347881dda066
treatment-r2,classic-peaceful,5973424,0,6973424,8,1,0.3333333333333333,3,56,1,1,400,0,0,53,8a1f288d4e02d0be1ab2f5cfc9dfa544a8ab41826f4b7f888b7a4dc6bf4104c4
treatment-r2,classic-peaceful,5973425,0,6973425,7,1,0.7777777777777778,7,43,0,1,400,0,0,16,447336b2598dca4b399da7f1b283d5ec4be7c4fdc11a7c38abf0df74db0c63bf
treatment-r2,classic-peaceful,5973426,0,6973426,2,1,0.2222222222222222,2,20,0,0,66,1,0,9,6f94f3183a23457c03bac21d49c963238127675bb961858207610d7c1b767eb6
treatment-r2,classic-peaceful,5973427,0,6973427,0,0,0.0,0,17,0,1,400,0,0,38,12cd6ae2ff974e8d41f0377cb0711007a7a954dd3fbc77b7d2ea44f9001ebe1b
treatment-r2,classic-peaceful,5973428,0,6973428,3,1,0.3333333333333333,3,25,0,1,400,0,0,11,4e93fba9bd3944f2aa0d51eb17e37c047f67468e4fa99bfe4d9185c596b416e8
treatment-r2,classic-peaceful,5973429,0,6973429,5,1,0.5555555555555556,5,53,0,1,400,0,0,25,18429c84c992fe61a04840e596b417bfc55d34329e38021bb607f783f4c1a83d
treatment-r2,classic-peaceful,5973430,0,6973430,0,0,0.0,0,5,0,1,400,0,0,2,346681034b5613ebae9a972e4ad907295562d9564be0761e7aea91689809165b
treatment-r2,classic-peaceful,5973431,0,6973431,1,1,0.1111111111111111,1,42,0,0,126,1,0,17,1799777e9d032375993f9f1397d92cb492e3e19e407036037f7fa4d3d83628be
treatment-r2,classic-peaceful,5973432,0,6973432,2,1,0.2222222222222222,2,44,0,1,400,0,0,52,5d05c765238c067c90f691d0d927617b44f40d82862a654a8fe75e8df3a83b56
treatment-r2,classic-peaceful,5973433,0,6973433,0,0,0.0,0,3,0,0,6,1,0,1,0eb5bb53ebe72d5ed7ed065bd426ee545ebe4d41d0b02bd527fe6a8a6ec9fac0
treatment-r2,classic-peaceful,5973434,0,6973434,2,1,0.2222222222222222,2,27,0,1,400,0,0,51,dc5e4064111fe89576162e6eef4b7f862089e9018c3575ac88e970965f4d1d66
treatment-r2,classic-peaceful,5973435,0,6973435,10,1,0.5555555555555556,5,70,1,1,400,0,0,55,fbdfa9bd8ae4c3e3f3e18e1dda86e310c578efda002f63918daf0b4e1f508eab
treatment-r2,classic-peaceful,5973436,0,6973436,0,0,0.0,0,11,0,1,400,0,0,6,353473cefd6ae524ce126fe7bd82f1a9d95d65a125ff2932ce38db052aac8484
treatment-r2,classic-peaceful,5973437,0,6973437,8,1,0.3333333333333333,3,45,1,0,118,1,0,15,ff85a41a1f0fe8c55f1716356349a39b02b8aa58e77f12535a3a15ff3f1b04e0
treatment-r2,classic-peaceful,5973438,0,6973438,0,0,0.0,0,25,0,1,400,0,0,15,ce6899932c64d05a6176fc27cf4e572dee9a4eb3a42cf2ce174d076650703bec
treatment-r2,classic-peaceful,5973439,0,6973439,2,1,0.2222222222222222,2,15,0,1,400,0,0,7,591a623ac4f97814d55b6836a311f5b279d9928ffbbd7f7378f3dc1f74cabcd8
treatment-r2,classic-peaceful,5973440,0,6973440,0,0,0.0,0,29,0,1,400,0,0,51,35e3fbf1f499acb3003b00eb750dd0ce0794a116ccca1a1bcb6c5089a4267f5d
treatment-r2,classic-peaceful,5973401,1,6973401,2,1,0.2222222222222222,2,27,0,1,400,0,0,14,b2d547e84fe5c99724ad6e98158213b703771d97a19318f73840952a723d8fe4
treatment-r2,classic-peaceful,5973402,1,6973402,2,1,0.2222222222222222,2,30,0,1,400,0,0,52,009390e13b7772a9b984d94d115963e8353256c4115a93b27314066635a817fd
treatment-r2,classic-peaceful,5973403,1,6973403,0,0,0.0,0,21,0,1,400,0,0,46,2cf804985f15face8879d9d33a6528b7c35619877ac5635bcba81e44e8c767f5
treatment-r2,classic-peaceful,5973404,1,6973404,0,0,0.0,0,10,0,1,400,0,0,3,2dfc7e10aa6f9aeafc00386f21c8956805051336864a1e82fd1ef704e7cad613
treatment-r2,classic-peaceful,5973405,1,6973405,1,1,0.1111111111111111,1,7,0,1,400,0,0,5,58c3ab7b17a1a1ced2bee3ab732ffc0657b87af7ad5945c2f442abc4148f1738
treatment-r2,classic-peaceful,5973406,1,6973406,1,1,0.1111111111111111,1,33,0,1,400,0,0,25,9d8f088df8c563024b3ddb07e5a393cc3f5ca0c9257f2eb2d4ee1607eb244bd9
treatment-r2,classic-peaceful,5973407,1,6973407,0,0,0.0,0,11,0,1,400,0,0,7,88dfd8fc79cafe28bc9bc46ebb7e36c237a972da9ca570eefebf24ea844b889d
treatment-r2,classic-peaceful,5973408,1,6973408,1,1,0.1111111111111111,1,8,0,0,18,1,0,2,4d878acd4cef1dbd0a861469c9d745671b53cf04302ecbae217e66b9ddb3163f
treatment-r2,classic-peaceful,5973409,1,6973409,0,0,0.0,0,23,0,1,400,0,0,12,a836b76de85780e3d1748381bf6544921a773c45ca5c6631cab9da53f307db5b
treatment-r2,classic-peaceful,5973410,1,6973410,1,1,0.1111111111111111,1,15,0,1,400,0,0,57,5c991c71ce983e1780c5d15c56fa827bf1573ebcf45cf7559b44727aa8826d05
treatment-r2,classic-peaceful,5973411,1,6973411,1,1,0.1111111111111111,1,20,0,1,400,0,0,56,81355cb28c9a719d18d909d5d3c02a48422ce1920be7b82b272b192d7897220c
treatment-r2,classic-peaceful,5973412,1,6973412,1,1,0.1111111111111111,1,25,0,1,400,0,0,10,dc83521b738662bc4df25500788e9de6336639341a207abcf9877fb29b8adc3f
treatment-r2,classic-peaceful,5973413,1,6973413,2,1,0.2222222222222222,2,34,0,1,400,0,0,57,7c0504e5dad7409f92c0c0825583db16331404ba4619fd236f47d6fa1f70bbdd
treatment-r2,classic-peaceful,5973414,1,6973414,0,0,0.0,0,7,0,1,400,0,0,5,8e84f62f15ffbb184f0bf276118ff3b9cb0dd0bf1534206b188f9df518ca2fae
treatment-r2,classic-peaceful,5973415,1,6973415,1,1,0.1111111111111111,1,14,0,1,400,0,0,5,1de803cfc254a2b6fea7c375a42887956f75e0bdbec3873ae03fa4c1ebc22b35
treatment-r2,classic-peaceful,5973416,1,6973416,3,1,0.3333333333333333,3,57,0,1,400,0,0,51,a72bbdb4bb117869187c32bf3a0524fbc195b75d5fa70b9461444d2d568c7195
treatment-r2,classic-peaceful,5973417,1,6973417,3,1,0.3333333333333333,3,20,0,1,400,0,0,8,dd7c848b45baaf09d7c2e9651ed3d3ed7591355428f53178d280cc00a770db34
treatment-r2,classic-peaceful,5973418,1,6973418,1,1,0.1111111111111111,1,20,0,1,400,0,0,53,c90235e46e1e88cac84e941a52cc7f5d032f3eda296a1687c000fc9935aa7f01
treatment-r2,classic-peaceful,5973419,1,6973419,0,0,0.0,0,5,0,0,14,1,0,2,07d09835ce6a8491c608749bf0e86335bd61663dceebd7d72f5493674ad3085c
treatment-r2,classic-peaceful,5973420,1,6973420,0,0,0.0,0,17,0,1,400,0,0,7,a7540a4c19b6848f6f8607b404f0c9c234f073a9289c7c522bea151a29079e52
treatment-r2,classic-peaceful,5973421,1,6973421,0,0,0.0,0,23,0,1,400,0,0,51,8d4759067029794ff050634e24d0495b62761e6c64eab7f7e2a9e3dad27e224b
treatment-r2,classic-peaceful,5973422,1,6973422,0,0,0.0,0,11,0,0,21,1,0,3,46c1831170840ffa59e9e75e7d4a468820fd4e12def3fd2c0cf278dc61313ca3
treatment-r2,classic-peaceful,5973423,1,6973423,0,0,0.0,0,23,0,1,400,0,0,10,18342dc582a5728a69a8ee6e267ad1a748388d3798e96b75bd52347881dda066
treatment-r2,classic-peaceful,5973424,1,6973424,8,1,0.3333333333333333,3,56,1,1,400,0,0,53,8a1f288d4e02d0be1ab2f5cfc9dfa544a8ab41826f4b7f888b7a4dc6bf4104c4
treatment-r2,classic-peaceful,5973425,1,6973425,7,1,0.7777777777777778,7,43,0,1,400,0,0,16,447336b2598dca4b399da7f1b283d5ec4be7c4fdc11a7c38abf0df74db0c63bf
treatment-r2,classic-peaceful,5973426,1,6973426,2,1,0.2222222222222222,2,20,0,0,66,1,0,9,6f94f3183a23457c03bac21d49c963238127675bb961858207610d7c1b767eb6
treatment-r2,classic-peaceful,5973427,1,6973427,0,0,0.0,0,17,0,1,400,0,0,38,12cd6ae2ff974e8d41f0377cb0711007a7a954dd3fbc77b7d2ea44f9001ebe1b
treatment-r2,classic-peaceful,5973428,1,6973428,3,1,0.3333333333333333,3,25,0,1,400,0,0,11,4e93fba9bd3944f2aa0d51eb17e37c047f67468e4fa99bfe4d9185c596b416e8
treatment-r2,classic-peaceful,5973429,1,6973429,5,1,0.5555555555555556,5,53,0,1,400,0,0,25,18429c84c992fe61a04840e596b417bfc55d34329e38021bb607f783f4c1a83d
treatment-r2,classic-peaceful,5973430,1,6973430,0,0,0.0,0,5,0,1,400,0,0,2,346681034b5613ebae9a972e4ad907295562d9564be0761e7aea91689809165b
treatment-r2,classic-peaceful,5973431,1,6973431,1,1,0.1111111111111111,1,42,0,0,126,1,0,17,1799777e9d032375993f9f1397d92cb492e3e19e407036037f7fa4d3d83628be
treatment-r2,classic-peaceful,5973432,1,6973432,2,1,0.2222222222222222,2,44,0,1,400,0,0,52,5d05c765238c067c90f691d0d927617b44f40d82862a654a8fe75e8df3a83b56
treatment-r2,classic-peaceful,5973433,1,6973433,0,0,0.0,0,3,0,0,6,1,0,1,0eb5bb53ebe72d5ed7ed065bd426ee545ebe4d41d0b02bd527fe6a8a6ec9fac0
treatment-r2,classic-peaceful,5973434,1,6973434,2,1,0.2222222222222222,2,27,0,1,400,0,0,51,dc5e4064111fe89576162e6eef4b7f862089e9018c3575ac88e970965f4d1d66
treatment-r2,classic-peaceful,5973435,1,6973435,10,1,0.5555555555555556,5,70,1,1,400,0,0,55,fbdfa9bd8ae4c3e3f3e18e1dda86e310c578efda002f63918daf0b4e1f508eab
treatment-r2,classic-peaceful,5973436,1,6973436,0,0,0.0,0,11,0,1,400,0,0,6,353473cefd6ae524ce126fe7bd82f1a9d95d65a125ff2932ce38db052aac8484
treatment-r2,classic-peaceful,5973437,1,6973437,8,1,0.3333333333333333,3,45,1,0,118,1,0,15,ff85a41a1f0fe8c55f1716356349a39b02b8aa58e77f12535a3a15ff3f1b04e0
treatment-r2,classic-peaceful,5973438,1,6973438,0,0,0.0,0,25,0,1,400,0,0,15,ce6899932c64d05a6176fc27cf4e572dee9a4eb3a42cf2ce174d076650703bec
treatment-r2,classic-peaceful,5973439,1,6973439,2,1,0.2222222222222222,2,15,0,1,400,0,0,7,591a623ac4f97814d55b6836a311f5b279d9928ffbbd7f7378f3dc1f74cabcd8
treatment-r2,classic-peaceful,5973440,1,6973440,0,0,0.0,0,29,0,1,400,0,0,51,35e3fbf1f499acb3003b00eb750dd0ce0794a116ccca1a1bcb6c5089a4267f5d
treatment-r2,coin-heaven,5973501,0,6973501,50,0,1.0,50,0,0,1,167,0,0,10,510c8c0273e6dc2e8c2d89d6497878582351add5e793cf179f4debff5c5c7aee
treatment-r2,coin-heaven,5973502,0,6973502,50,0,1.0,50,0,0,1,146,0,0,11,a263e6cd5d0505bf90ab04879c6ab7e8cf1f076bcd045e6cd67dbaaddfef947b
treatment-r2,coin-heaven,5973503,0,6973503,37,0,0.74,37,0,0,1,400,0,0,3,ecf41b65a1128cbf52bac1fec3b58bd0546b79cf12ea99b0e9cbbf0198d88b6d
treatment-r2,coin-heaven,5973504,0,6973504,50,0,1.0,50,0,0,1,128,0,0,9,fe818f496d4b2d43bb19f1cfbd3c1fdfc775d08f2eb1082302488831d3c685d2
treatment-r2,coin-heaven,5973505,0,6973505,2,0,0.04,2,0,0,1,400,0,0,0,fc46d9a3d00fed802efdb19542436e42dcfed82986e415110824168de8e51073
treatment-r2,coin-heaven,5973506,0,6973506,7,0,0.14,7,0,0,1,400,0,0,0,0937387d0cdf1fb2d45971ff67bb1bc6a599f5ef9cd36f8603089e79ab5e2bb5
treatment-r2,coin-heaven,5973507,0,6973507,50,0,1.0,50,0,0,1,154,0,0,11,f1e6e9ddf84072df3c419d680a664cac9431e1bcd20989dbb3526f67b02a2904
treatment-r2,coin-heaven,5973508,0,6973508,6,0,0.12,6,0,0,1,400,0,0,0,93cb55c2adb3833615357e8fc982cf6f645ee103e926aa19587d1b8f85e9a40e
treatment-r2,coin-heaven,5973509,0,6973509,10,0,0.2,10,0,0,1,400,0,0,0,037ddcd1e9a0aa68f4d3df7542b811c7252e0e3d8b737bec9d57faf2802361eb
treatment-r2,coin-heaven,5973510,0,6973510,25,0,0.5,25,0,0,1,400,0,0,2,f841686ba16d180b9414c61afeeea1711715a2acecb5baf72016188c807d6e79
treatment-r2,coin-heaven,5973511,0,6973511,38,0,0.76,38,0,0,1,400,0,0,4,bd981aecf3d9c80fe3e162ec0314fc13abffddd84e0f2b361de1ddedf9c08c8c
treatment-r2,coin-heaven,5973512,0,6973512,6,0,0.12,6,0,0,1,400,0,0,2,33a12531ceaa66fe8b690484a9149f9c4a6c00abc316586b97d0a9965ac888aa
treatment-r2,coin-heaven,5973513,0,6973513,38,0,0.76,38,0,0,1,400,0,0,4,c28f720883325283396a6ad3220a063e38fccd98f496fd41e11c7e50d8d2e7ed
treatment-r2,coin-heaven,5973514,0,6973514,7,0,0.14,7,0,0,1,400,0,0,0,7c7508d7b65918d71fa172a78e2ca9108edaebb9c022bffbce955574b416aa7f
treatment-r2,coin-heaven,5973515,0,6973515,27,0,0.54,27,0,0,1,400,0,0,3,673393dbb89fdcafcf3b6d2a396ea3e1a1037adb332c8f4cf188fbce82b1c95a
treatment-r2,coin-heaven,5973516,0,6973516,12,0,0.24,12,0,0,0,28,1,0,2,503f7c9c5afdc37be43a54647959fb42119e30ad34878d5f232c1ae24087a32f
treatment-r2,coin-heaven,5973517,0,6973517,20,0,0.4,20,0,0,1,400,0,0,2,ba9c6f84122e761e21109011c9431af4dc84a38820bf3181136895cc8f16db78
treatment-r2,coin-heaven,5973518,0,6973518,41,0,0.82,41,0,0,1,400,0,0,5,d2627fd4c5340d6b1c8df837e6f59f31487f66a74bc111a03b1281f111b089a8
treatment-r2,coin-heaven,5973519,0,6973519,50,0,1.0,50,0,0,1,135,0,0,7,6cfe7438a84ae9440cb73597c1705f42afcd070c4808e557cafabec8a265d3af
treatment-r2,coin-heaven,5973520,0,6973520,28,0,0.56,28,0,0,1,400,0,0,2,420afc3b9432ca2778f6beaf23d705d63feae4b6f618acd58903ba8537302daf
treatment-r2,coin-heaven,5973521,0,6973521,16,0,0.32,16,0,0,1,400,0,0,1,02ce8a832dd60cebc61358f40860b352b6a260d5423c446545312bc35eaaa2b1
treatment-r2,coin-heaven,5973522,0,6973522,50,0,1.0,50,0,0,1,137,0,0,8,956e9ec4296612084c19eb9aec460e411e2bdb761ca3637574dab5ce87dbfc55
treatment-r2,coin-heaven,5973523,0,6973523,50,0,1.0,50,0,0,1,151,0,0,8,c354f99765b81ccd6c67cbd7e07a3664a27844ede473ca8950cbaa5150d5d7e7
treatment-r2,coin-heaven,5973524,0,6973524,50,0,1.0,50,0,0,1,163,0,0,8,654ee9b5343f3d7cb9187810e442ec6f09a82dd61189dee0e73190f87a4a79c8
treatment-r2,coin-heaven,5973525,0,6973525,10,0,0.2,10,0,0,1,400,0,0,1,a6c9989eb89b5619562d6de78b62d60b9619777790d8b81711f00e0145cf6048
treatment-r2,coin-heaven,5973526,0,6973526,0,0,0.0,0,0,0,1,400,0,0,0,f49e2d07ad7b7990c33143b698363cae0bfc89b82ed1839a336aa5fcc9af2747
treatment-r2,coin-heaven,5973527,0,6973527,4,0,0.08,4,0,0,1,400,0,0,1,04ed0e18d61292e909812214958bd68e2924d114abb46897976668526e9fafa3
treatment-r2,coin-heaven,5973528,0,6973528,37,0,0.74,37,0,0,0,78,1,0,3,4e3caa72e906615d3f109c3ed154e4cc93fff1087a050f50e5cf7bae9f850fb9
treatment-r2,coin-heaven,5973529,0,6973529,50,0,1.0,50,0,0,1,133,0,0,7,8734375291520cee777b9368ad6bd2f57451673db7fd01ffd041e43219cf2de3
treatment-r2,coin-heaven,5973530,0,6973530,50,0,1.0,50,0,0,1,160,0,0,12,9b52030e78c80149729ba6f13c5d5cf7a658b28d8327b95c85b6bbe47807b4c4
treatment-r2,coin-heaven,5973531,0,6973531,47,0,0.94,47,0,0,1,400,0,0,7,4aaf3ce9a4be8b77db9ade0b45804df8395cd39922bb6e6d452ad5dd10ee3e1e
treatment-r2,coin-heaven,5973532,0,6973532,50,0,1.0,50,0,0,1,129,0,0,4,388e776b2770465bd1975a6de30cd3b90ef9acde692e01aecb67d4e18768e29d
treatment-r2,coin-heaven,5973533,0,6973533,50,0,1.0,50,0,0,1,139,0,0,7,49cb22e2f229564ff7114067f14a29a63a1d6071614b571e402ae62da4bbd41b
treatment-r2,coin-heaven,5973534,0,6973534,50,0,1.0,50,0,0,1,163,0,0,13,4697679be9bc73205c6f6635d9ffa263bd5fd2b276233c209555f7cb01a611aa
treatment-r2,coin-heaven,5973535,0,6973535,5,0,0.1,5,0,0,0,13,1,0,1,e17329da335e5dd2819d726885d662ca72440ca7e6e5b27531cfb2e21c8a361c
treatment-r2,coin-heaven,5973536,0,6973536,30,0,0.6,30,0,0,1,400,0,0,3,864926b68d6bf727daf2e4e19b73da09fc650e8939d263495e7271a05730941f
treatment-r2,coin-heaven,5973537,0,6973537,6,0,0.12,6,0,0,1,400,0,0,0,7549440a499dec93d7aaeaf3c226f38bdbac96accebe2307a5695e55c12052b7
treatment-r2,coin-heaven,5973538,0,6973538,25,0,0.5,25,0,0,1,400,0,0,3,eaf9da9c6337cd34c461e1278d48318d44e0633e12312323076223873479e7ac
treatment-r2,coin-heaven,5973539,0,6973539,17,0,0.34,17,0,0,0,39,1,0,1,c40e686518ca4bd7dc6517dff32185ace273b6d22f2acb4d7cfe58230ce44c5d
treatment-r2,coin-heaven,5973540,0,6973540,50,0,1.0,50,0,0,1,125,0,0,9,3570310a3440fda8f79c01108c9110833289271690cb5397defcc1d2eca52136
treatment-r2,coin-heaven,5973501,1,6973501,50,0,1.0,50,0,0,1,167,0,0,10,510c8c0273e6dc2e8c2d89d6497878582351add5e793cf179f4debff5c5c7aee
treatment-r2,coin-heaven,5973502,1,6973502,50,0,1.0,50,0,0,1,146,0,0,11,a263e6cd5d0505bf90ab04879c6ab7e8cf1f076bcd045e6cd67dbaaddfef947b
treatment-r2,coin-heaven,5973503,1,6973503,37,0,0.74,37,0,0,1,400,0,0,3,ecf41b65a1128cbf52bac1fec3b58bd0546b79cf12ea99b0e9cbbf0198d88b6d
treatment-r2,coin-heaven,5973504,1,6973504,50,0,1.0,50,0,0,1,128,0,0,9,fe818f496d4b2d43bb19f1cfbd3c1fdfc775d08f2eb1082302488831d3c685d2
treatment-r2,coin-heaven,5973505,1,6973505,2,0,0.04,2,0,0,1,400,0,0,0,fc46d9a3d00fed802efdb19542436e42dcfed82986e415110824168de8e51073
treatment-r2,coin-heaven,5973506,1,6973506,7,0,0.14,7,0,0,1,400,0,0,0,0937387d0cdf1fb2d45971ff67bb1bc6a599f5ef9cd36f8603089e79ab5e2bb5
treatment-r2,coin-heaven,5973507,1,6973507,50,0,1.0,50,0,0,1,154,0,0,11,f1e6e9ddf84072df3c419d680a664cac9431e1bcd20989dbb3526f67b02a2904
treatment-r2,coin-heaven,5973508,1,6973508,6,0,0.12,6,0,0,1,400,0,0,0,93cb55c2adb3833615357e8fc982cf6f645ee103e926aa19587d1b8f85e9a40e
treatment-r2,coin-heaven,5973509,1,6973509,10,0,0.2,10,0,0,1,400,0,0,0,037ddcd1e9a0aa68f4d3df7542b811c7252e0e3d8b737bec9d57faf2802361eb
treatment-r2,coin-heaven,5973510,1,6973510,25,0,0.5,25,0,0,1,400,0,0,2,f841686ba16d180b9414c61afeeea1711715a2acecb5baf72016188c807d6e79
treatment-r2,coin-heaven,5973511,1,6973511,38,0,0.76,38,0,0,1,400,0,0,4,bd981aecf3d9c80fe3e162ec0314fc13abffddd84e0f2b361de1ddedf9c08c8c
treatment-r2,coin-heaven,5973512,1,6973512,6,0,0.12,6,0,0,1,400,0,0,2,33a12531ceaa66fe8b690484a9149f9c4a6c00abc316586b97d0a9965ac888aa
treatment-r2,coin-heaven,5973513,1,6973513,38,0,0.76,38,0,0,1,400,0,0,4,c28f720883325283396a6ad3220a063e38fccd98f496fd41e11c7e50d8d2e7ed
treatment-r2,coin-heaven,5973514,1,6973514,7,0,0.14,7,0,0,1,400,0,0,0,7c7508d7b65918d71fa172a78e2ca9108edaebb9c022bffbce955574b416aa7f
treatment-r2,coin-heaven,5973515,1,6973515,27,0,0.54,27,0,0,1,400,0,0,3,673393dbb89fdcafcf3b6d2a396ea3e1a1037adb332c8f4cf188fbce82b1c95a
treatment-r2,coin-heaven,5973516,1,6973516,12,0,0.24,12,0,0,0,28,1,0,2,503f7c9c5afdc37be43a54647959fb42119e30ad34878d5f232c1ae24087a32f
treatment-r2,coin-heaven,5973517,1,6973517,20,0,0.4,20,0,0,1,400,0,0,2,ba9c6f84122e761e21109011c9431af4dc84a38820bf3181136895cc8f16db78
treatment-r2,coin-heaven,5973518,1,6973518,41,0,0.82,41,0,0,1,400,0,0,5,d2627fd4c5340d6b1c8df837e6f59f31487f66a74bc111a03b1281f111b089a8
treatment-r2,coin-heaven,5973519,1,6973519,50,0,1.0,50,0,0,1,135,0,0,7,6cfe7438a84ae9440cb73597c1705f42afcd070c4808e557cafabec8a265d3af
treatment-r2,coin-heaven,5973520,1,6973520,28,0,0.56,28,0,0,1,400,0,0,2,420afc3b9432ca2778f6beaf23d705d63feae4b6f618acd58903ba8537302daf
treatment-r2,coin-heaven,5973521,1,6973521,16,0,0.32,16,0,0,1,400,0,0,1,02ce8a832dd60cebc61358f40860b352b6a260d5423c446545312bc35eaaa2b1
treatment-r2,coin-heaven,5973522,1,6973522,50,0,1.0,50,0,0,1,137,0,0,8,956e9ec4296612084c19eb9aec460e411e2bdb761ca3637574dab5ce87dbfc55
treatment-r2,coin-heaven,5973523,1,6973523,50,0,1.0,50,0,0,1,151,0,0,8,c354f99765b81ccd6c67cbd7e07a3664a27844ede473ca8950cbaa5150d5d7e7
treatment-r2,coin-heaven,5973524,1,6973524,50,0,1.0,50,0,0,1,163,0,0,8,654ee9b5343f3d7cb9187810e442ec6f09a82dd61189dee0e73190f87a4a79c8
treatment-r2,coin-heaven,5973525,1,6973525,10,0,0.2,10,0,0,1,400,0,0,1,a6c9989eb89b5619562d6de78b62d60b9619777790d8b81711f00e0145cf6048
treatment-r2,coin-heaven,5973526,1,6973526,0,0,0.0,0,0,0,1,400,0,0,0,f49e2d07ad7b7990c33143b698363cae0bfc89b82ed1839a336aa5fcc9af2747
treatment-r2,coin-heaven,5973527,1,6973527,4,0,0.08,4,0,0,1,400,0,0,1,04ed0e18d61292e909812214958bd68e2924d114abb46897976668526e9fafa3
treatment-r2,coin-heaven,5973528,1,6973528,37,0,0.74,37,0,0,0,78,1,0,3,4e3caa72e906615d3f109c3ed154e4cc93fff1087a050f50e5cf7bae9f850fb9
treatment-r2,coin-heaven,5973529,1,6973529,50,0,1.0,50,0,0,1,133,0,0,7,8734375291520cee777b9368ad6bd2f57451673db7fd01ffd041e43219cf2de3
treatment-r2,coin-heaven,5973530,1,6973530,50,0,1.0,50,0,0,1,160,0,0,12,9b52030e78c80149729ba6f13c5d5cf7a658b28d8327b95c85b6bbe47807b4c4
treatment-r2,coin-heaven,5973531,1,6973531,47,0,0.94,47,0,0,1,400,0,0,7,4aaf3ce9a4be8b77db9ade0b45804df8395cd39922bb6e6d452ad5dd10ee3e1e
treatment-r2,coin-heaven,5973532,1,6973532,50,0,1.0,50,0,0,1,129,0,0,4,388e776b2770465bd1975a6de30cd3b90ef9acde692e01aecb67d4e18768e29d
treatment-r2,coin-heaven,5973533,1,6973533,50,0,1.0,50,0,0,1,139,0,0,7,49cb22e2f229564ff7114067f14a29a63a1d6071614b571e402ae62da4bbd41b
treatment-r2,coin-heaven,5973534,1,6973534,50,0,1.0,50,0,0,1,163,0,0,13,4697679be9bc73205c6f6635d9ffa263bd5fd2b276233c209555f7cb01a611aa
treatment-r2,coin-heaven,5973535,1,6973535,5,0,0.1,5,0,0,0,13,1,0,1,e17329da335e5dd2819d726885d662ca72440ca7e6e5b27531cfb2e21c8a361c
treatment-r2,coin-heaven,5973536,1,6973536,30,0,0.6,30,0,0,1,400,0,0,3,864926b68d6bf727daf2e4e19b73da09fc650e8939d263495e7271a05730941f
treatment-r2,coin-heaven,5973537,1,6973537,6,0,0.12,6,0,0,1,400,0,0,0,7549440a499dec93d7aaeaf3c226f38bdbac96accebe2307a5695e55c12052b7
treatment-r2,coin-heaven,5973538,1,6973538,25,0,0.5,25,0,0,1,400,0,0,3,eaf9da9c6337cd34c461e1278d48318d44e0633e12312323076223873479e7ac
treatment-r2,coin-heaven,5973539,1,6973539,17,0,0.34,17,0,0,0,39,1,0,1,c40e686518ca4bd7dc6517dff32185ace273b6d22f2acb4d7cfe58230ce44c5d
treatment-r2,coin-heaven,5973540,1,6973540,50,0,1.0,50,0,0,1,125,0,0,9,3570310a3440fda8f79c01108c9110833289271690cb5397defcc1d2eca52136
treatment-r2,loot-crate,5973601,0,6973601,34,0,0.68,34,93,0,0,337,1,0,39,fde62031b2afd7d58c2e2336bb8032ffcf942955c9891bd55cac675fc2c5aa7f
treatment-r2,loot-crate,5973602,0,6973602,9,0,0.18,9,24,0,1,400,0,0,8,31f3f015a986c6a7bdc29e2b2b7594649619a15cf11bd5a1aef4179c770097a0
treatment-r2,loot-crate,5973603,0,6973603,5,0,0.1,5,22,0,1,400,0,0,8,ba968a3feb6f7ce842a88c16d9503a65b14cbbc620142ec01cefec2573dc952c
treatment-r2,loot-crate,5973604,0,6973604,12,0,0.24,12,39,0,1,400,0,0,18,aca8963f32c021e424cd90365ffd4cce219ddcc45f11de844d509af3add55797
treatment-r2,loot-crate,5973605,0,6973605,23,0,0.46,23,64,0,1,400,0,0,23,eab178cbd1cf8321f5bbd8bb5e0e5d6a5b230ed5c7b73ca8b25b9b44397bbfe0
treatment-r2,loot-crate,5973606,0,6973606,0,0,0.0,0,3,0,0,7,1,0,1,bec5dcd249e32c25e08bfd78ae45bacf24fc731a13a009bc818898df7a3fe547
treatment-r2,loot-crate,5973607,0,6973607,1,0,0.02,1,9,0,0,38,1,0,5,cc0c5338b6bc6d762dc2ea74e12782d84f346e801c3089b3245e8d3d18d9c5c6
treatment-r2,loot-crate,5973608,0,6973608,11,0,0.22,11,35,0,1,400,0,0,18,c2188d29efe072083f2e797abe66c21cb17c421ac79901434b76b6d023bd9d9d
treatment-r2,loot-crate,5973609,0,6973609,2,0,0.04,2,8,0,1,400,0,0,3,4b7de92ad926ace522606f6b3703adf77979371b4292a239d32b82853715ea00
treatment-r2,loot-crate,5973610,0,6973610,8,0,0.16,8,36,0,0,138,1,0,18,a9986214449ac36626fade8c5999ad77f87a41dfd6c385c1b3be63aba1c42ee8
treatment-r2,loot-crate,5973611,0,6973611,0,0,0.0,0,0,0,1,400,0,0,0,2c98cb549ba8c5312c532da67cc4c60bc3db7a0c376a72eae4e60c24ad94208d
treatment-r2,loot-crate,5973612,0,6973612,1,0,0.02,1,11,0,0,35,1,0,5,1b6b8519028bd0dae331cd7931726d51d405d62ec86be86e3c01a0073003cf86
treatment-r2,loot-crate,5973613,0,6973613,2,0,0.04,2,13,0,1,400,0,0,5,7b0405754af68f040e43e6107aa71aac90eab8976018187b6e99e333e00fc58d
treatment-r2,loot-crate,5973614,0,6973614,3,0,0.06,3,19,0,0,65,1,0,8,514991e5921a3787a6bfd182b055bd75d2d45a7d76f7b628ef8992f8725d1199
treatment-r2,loot-crate,5973615,0,6973615,1,0,0.02,1,11,0,1,400,0,0,4,7dc9343f6767cd52ea069f8dc71dd6b66918849c59c50637c6d2d8a659868890
treatment-r2,loot-crate,5973616,0,6973616,5,0,0.1,5,17,0,0,50,1,0,6,a31e79a1e467832d26e186b1da2d1b4f23710655c978ab02c954be5fbc57db1b
treatment-r2,loot-crate,5973617,0,6973617,6,0,0.12,6,20,0,1,400,0,0,9,97cc893fc2928dd2869a30474167b837fc547b91fa495170b6cf6f7e1a2861b1
treatment-r2,loot-crate,5973618,0,6973618,13,0,0.26,13,42,0,0,122,1,0,14,2bef82013215f606b28f38f23af2001e392ee9b2872396e8ac1dd1c23112d924
treatment-r2,loot-crate,5973619,0,6973619,2,0,0.04,2,7,0,0,37,1,0,4,1ab9895bb2436d008766046676206a0376331e516c358ef9207dec47ae1676f7
treatment-r2,loot-crate,5973620,0,6973620,17,0,0.34,17,43,0,0,115,1,0,13,587d9ad597604dd8bb626aa88147a3d0935e295908c8628a7ca133d149ea4a51
treatment-r2,loot-crate,5973621,0,6973621,7,0,0.14,7,22,0,1,400,0,0,11,3b38a0b63a4c51bdf433cfd2be8604af30555f6178858121fbf298bedcabde13
treatment-r2,loot-crate,5973622,0,6973622,2,0,0.04,2,12,0,1,400,0,0,5,ba817f04d1474a6d1d1ea6ce519c320ec0505112746bda274eba80493ad28be9
treatment-r2,loot-crate,5973623,0,6973623,2,0,0.04,2,6,0,0,16,1,0,2,9e2d4c12393f40576292f332e915bc681dbb8fd888cfad4bd2432c584f222985
treatment-r2,loot-crate,5973624,0,6973624,1,0,0.02,1,8,0,1,400,0,0,2,ba66fe28d2c702070c4b40ab04b0baaff6b02254605e5c9e9ceb56f5e064434c
treatment-r2,loot-crate,5973625,0,6973625,0,0,0.0,0,4,0,0,16,1,0,2,c761b4550ba4c278d7242fadaa2bdacc47c8a87f19bf96978f3a03d3abd5cc6d
treatment-r2,loot-crate,5973626,0,6973626,13,0,0.26,13,34,0,0,94,1,0,11,91db523f08db5ae90a5494ecd49111626442d54361ce53dc2f25abcec50401a0
treatment-r2,loot-crate,5973627,0,6973627,13,0,0.26,13,36,0,1,400,0,0,15,8b23a6fb5728a894466e1e7961d63ffabe1cf4cd5d4963548404268d5621e761
treatment-r2,loot-crate,5973628,0,6973628,10,0,0.2,10,28,0,1,400,0,0,9,488069ce7a1c0eb86879dba6d20d9a4b3e7469a3c016b8739752277b6b87f2b2
treatment-r2,loot-crate,5973629,0,6973629,36,0,0.72,36,88,0,1,400,0,0,48,0b070bb3937848a71c383adee468e9ad8c8f3eaf53aba785c5891dd6808843f9
treatment-r2,loot-crate,5973630,0,6973630,5,0,0.1,5,16,0,0,78,1,0,10,7d1ca16a2fdd01da3d5c74c665c17f9349868bdf06ab043faf0bf401a5bcd8de
treatment-r2,loot-crate,5973631,0,6973631,17,0,0.34,17,53,0,0,176,1,0,21,54c8f6918a8b79fc94f4c5340aa5b68134172755faf28bdfb8837ff1879298f1
treatment-r2,loot-crate,5973632,0,6973632,14,0,0.28,14,46,0,0,131,1,0,16,8f1c2cafa3358ea7c7c1ac4c975b43369b7d8f34d2d6ad7fa350417b55b56ba7
treatment-r2,loot-crate,5973633,0,6973633,1,0,0.02,1,12,0,0,34,1,0,5,ea2270d9f894f32e40e783ca12f14bc2345db0ce69e853695f26f7dd836614f1
treatment-r2,loot-crate,5973634,0,6973634,19,0,0.38,19,52,0,1,400,0,0,27,8be54653f1ccb7518d53db9e2ba906d5ca48e484c09fe90996863ad0507d5d80
treatment-r2,loot-crate,5973635,0,6973635,3,0,0.06,3,8,0,0,32,1,0,4,45391d3581c763154916bd74c615197fab7e59b0a9534f67f4212cb5f35af381
treatment-r2,loot-crate,5973636,0,6973636,2,0,0.04,2,8,0,0,31,1,0,4,42111c52e06a0bec222678f39069000b61740fb7e03d38403319ceba88e5ae22
treatment-r2,loot-crate,5973637,0,6973637,0,0,0.0,0,3,0,0,7,1,0,1,bec5dcd249e32c25e08bfd78ae45bacf24fc731a13a009bc818898df7a3fe547
treatment-r2,loot-crate,5973638,0,6973638,27,0,0.54,27,58,0,1,400,0,0,29,0886b9e6ba1676c693e467b4a5d6c24bdeef6570f76f00531e9bd1e2c558b552
treatment-r2,loot-crate,5973639,0,6973639,13,0,0.26,13,32,0,0,136,1,0,18,9b4e5125da6bca1983c770e6a97a3d083fbc96c5e57c48e93a4aaf85f4dc9ccd
treatment-r2,loot-crate,5973640,0,6973640,0,0,0.0,0,2,0,0,6,1,0,1,064e5a46da65e7d72d07c580e02f470447caa1b06e6139a3197f4344136ef1c6
treatment-r2,loot-crate,5973601,1,6973601,34,0,0.68,34,93,0,0,337,1,0,39,fde62031b2afd7d58c2e2336bb8032ffcf942955c9891bd55cac675fc2c5aa7f
treatment-r2,loot-crate,5973602,1,6973602,9,0,0.18,9,24,0,1,400,0,0,8,31f3f015a986c6a7bdc29e2b2b7594649619a15cf11bd5a1aef4179c770097a0
treatment-r2,loot-crate,5973603,1,6973603,5,0,0.1,5,22,0,1,400,0,0,8,ba968a3feb6f7ce842a88c16d9503a65b14cbbc620142ec01cefec2573dc952c
treatment-r2,loot-crate,5973604,1,6973604,12,0,0.24,12,39,0,1,400,0,0,18,aca8963f32c021e424cd90365ffd4cce219ddcc45f11de844d509af3add55797
treatment-r2,loot-crate,5973605,1,6973605,23,0,0.46,23,64,0,1,400,0,0,23,eab178cbd1cf8321f5bbd8bb5e0e5d6a5b230ed5c7b73ca8b25b9b44397bbfe0
treatment-r2,loot-crate,5973606,1,6973606,0,0,0.0,0,3,0,0,7,1,0,1,bec5dcd249e32c25e08bfd78ae45bacf24fc731a13a009bc818898df7a3fe547
treatment-r2,loot-crate,5973607,1,6973607,1,0,0.02,1,9,0,0,38,1,0,5,cc0c5338b6bc6d762dc2ea74e12782d84f346e801c3089b3245e8d3d18d9c5c6
treatment-r2,loot-crate,5973608,1,6973608,11,0,0.22,11,35,0,1,400,0,0,18,c2188d29efe072083f2e797abe66c21cb17c421ac79901434b76b6d023bd9d9d
treatment-r2,loot-crate,5973609,1,6973609,2,0,0.04,2,8,0,1,400,0,0,3,4b7de92ad926ace522606f6b3703adf77979371b4292a239d32b82853715ea00
treatment-r2,loot-crate,5973610,1,6973610,8,0,0.16,8,36,0,0,138,1,0,18,a9986214449ac36626fade8c5999ad77f87a41dfd6c385c1b3be63aba1c42ee8
treatment-r2,loot-crate,5973611,1,6973611,0,0,0.0,0,0,0,1,400,0,0,0,2c98cb549ba8c5312c532da67cc4c60bc3db7a0c376a72eae4e60c24ad94208d
treatment-r2,loot-crate,5973612,1,6973612,1,0,0.02,1,11,0,0,35,1,0,5,1b6b8519028bd0dae331cd7931726d51d405d62ec86be86e3c01a0073003cf86
treatment-r2,loot-crate,5973613,1,6973613,2,0,0.04,2,13,0,1,400,0,0,5,7b0405754af68f040e43e6107aa71aac90eab8976018187b6e99e333e00fc58d
treatment-r2,loot-crate,5973614,1,6973614,3,0,0.06,3,19,0,0,65,1,0,8,514991e5921a3787a6bfd182b055bd75d2d45a7d76f7b628ef8992f8725d1199
treatment-r2,loot-crate,5973615,1,6973615,1,0,0.02,1,11,0,1,400,0,0,4,7dc9343f6767cd52ea069f8dc71dd6b66918849c59c50637c6d2d8a659868890
treatment-r2,loot-crate,5973616,1,6973616,5,0,0.1,5,17,0,0,50,1,0,6,a31e79a1e467832d26e186b1da2d1b4f23710655c978ab02c954be5fbc57db1b
treatment-r2,loot-crate,5973617,1,6973617,6,0,0.12,6,20,0,1,400,0,0,9,97cc893fc2928dd2869a30474167b837fc547b91fa495170b6cf6f7e1a2861b1
treatment-r2,loot-crate,5973618,1,6973618,13,0,0.26,13,42,0,0,122,1,0,14,2bef82013215f606b28f38f23af2001e392ee9b2872396e8ac1dd1c23112d924
treatment-r2,loot-crate,5973619,1,6973619,2,0,0.04,2,7,0,0,37,1,0,4,1ab9895bb2436d008766046676206a0376331e516c358ef9207dec47ae1676f7
treatment-r2,loot-crate,5973620,1,6973620,17,0,0.34,17,43,0,0,115,1,0,13,587d9ad597604dd8bb626aa88147a3d0935e295908c8628a7ca133d149ea4a51
treatment-r2,loot-crate,5973621,1,6973621,7,0,0.14,7,22,0,1,400,0,0,11,3b38a0b63a4c51bdf433cfd2be8604af30555f6178858121fbf298bedcabde13
treatment-r2,loot-crate,5973622,1,6973622,2,0,0.04,2,12,0,1,400,0,0,5,ba817f04d1474a6d1d1ea6ce519c320ec0505112746bda274eba80493ad28be9
treatment-r2,loot-crate,5973623,1,6973623,2,0,0.04,2,6,0,0,16,1,0,2,9e2d4c12393f40576292f332e915bc681dbb8fd888cfad4bd2432c584f222985
treatment-r2,loot-crate,5973624,1,6973624,1,0,0.02,1,8,0,1,400,0,0,2,ba66fe28d2c702070c4b40ab04b0baaff6b02254605e5c9e9ceb56f5e064434c
treatment-r2,loot-crate,5973625,1,6973625,0,0,0.0,0,4,0,0,16,1,0,2,c761b4550ba4c278d7242fadaa2bdacc47c8a87f19bf96978f3a03d3abd5cc6d
treatment-r2,loot-crate,5973626,1,6973626,13,0,0.26,13,34,0,0,94,1,0,11,91db523f08db5ae90a5494ecd49111626442d54361ce53dc2f25abcec50401a0
treatment-r2,loot-crate,5973627,1,6973627,13,0,0.26,13,36,0,1,400,0,0,15,8b23a6fb5728a894466e1e7961d63ffabe1cf4cd5d4963548404268d5621e761
treatment-r2,loot-crate,5973628,1,6973628,10,0,0.2,10,28,0,1,400,0,0,9,488069ce7a1c0eb86879dba6d20d9a4b3e7469a3c016b8739752277b6b87f2b2
treatment-r2,loot-crate,5973629,1,6973629,36,0,0.72,36,88,0,1,400,0,0,48,0b070bb3937848a71c383adee468e9ad8c8f3eaf53aba785c5891dd6808843f9
treatment-r2,loot-crate,5973630,1,6973630,5,0,0.1,5,16,0,0,78,1,0,10,7d1ca16a2fdd01da3d5c74c665c17f9349868bdf06ab043faf0bf401a5bcd8de
treatment-r2,loot-crate,5973631,1,6973631,17,0,0.34,17,53,0,0,176,1,0,21,54c8f6918a8b79fc94f4c5340aa5b68134172755faf28bdfb8837ff1879298f1
treatment-r2,loot-crate,5973632,1,6973632,14,0,0.28,14,46,0,0,131,1,0,16,8f1c2cafa3358ea7c7c1ac4c975b43369b7d8f34d2d6ad7fa350417b55b56ba7
treatment-r2,loot-crate,5973633,1,6973633,1,0,0.02,1,12,0,0,34,1,0,5,ea2270d9f894f32e40e783ca12f14bc2345db0ce69e853695f26f7dd836614f1
treatment-r2,loot-crate,5973634,1,6973634,19,0,0.38,19,52,0,1,400,0,0,27,8be54653f1ccb7518d53db9e2ba906d5ca48e484c09fe90996863ad0507d5d80
treatment-r2,loot-crate,5973635,1,6973635,3,0,0.06,3,8,0,0,32,1,0,4,45391d3581c763154916bd74c615197fab7e59b0a9534f67f4212cb5f35af381
treatment-r2,loot-crate,5973636,1,6973636,2,0,0.04,2,8,0,0,31,1,0,4,42111c52e06a0bec222678f39069000b61740fb7e03d38403319ceba88e5ae22
treatment-r2,loot-crate,5973637,1,6973637,0,0,0.0,0,3,0,0,7,1,0,1,bec5dcd249e32c25e08bfd78ae45bacf24fc731a13a009bc818898df7a3fe547
treatment-r2,loot-crate,5973638,1,6973638,27,0,0.54,27,58,0,1,400,0,0,29,0886b9e6ba1676c693e467b4a5d6c24bdeef6570f76f00531e9bd1e2c558b552
treatment-r2,loot-crate,5973639,1,6973639,13,0,0.26,13,32,0,0,136,1,0,18,9b4e5125da6bca1983c770e6a97a3d083fbc96c5e57c48e93a4aaf85f4dc9ccd
treatment-r2,loot-crate,5973640,1,6973640,0,0,0.0,0,2,0,0,6,1,0,1,064e5a46da65e7d72d07c580e02f470447caa1b06e6139a3197f4344136ef1c6
treatment-r2,classic-empty,5973701,0,6973701,4,0,0.4444444444444444,4,56,0,1,400,0,0,54,2d4958b18c9843e8d0032daff4bf0197cbce86fc5d903178db993bbbed819af2
treatment-r2,classic-empty,5973702,0,6973702,3,0,0.3333333333333333,3,73,0,0,186,1,0,26,523ec791e88f784f27e2c6f73e7254f6c2545092acd95670579e5e732d97db62
treatment-r2,classic-empty,5973703,0,6973703,2,0,0.2222222222222222,2,61,0,0,179,1,0,25,132afb824df2beedadd13cf8782920eaf22a4cafa6e76fb54bb6429514f0db25
treatment-r2,classic-empty,5973704,0,6973704,7,0,0.7777777777777778,7,82,0,1,400,0,0,54,03008e0b7f84f39124462bff639dd6c667fa1edf6166bc0fd1d0feb929446e48
treatment-r2,classic-empty,5973705,0,6973705,5,0,0.5555555555555556,5,48,0,1,400,0,0,16,c99e93f38e687f2514c3d5986baa0ffddba72017f210a6dd91ead514313f1dcb
treatment-r2,classic-empty,5973706,0,6973706,3,0,0.3333333333333333,3,30,0,1,400,0,0,15,921e6bd807e3f326c1d58e7aff5c64f83461d6cdfc4fb5d86ec1e75c044799ff
treatment-r2,classic-empty,5973707,0,6973707,8,0,0.8888888888888888,8,110,0,1,400,0,0,54,18417997020f8286411374388c22c4f9a9abba55383f29ba199a55777ae3487a
treatment-r2,classic-empty,5973708,0,6973708,2,0,0.2222222222222222,2,33,0,1,400,0,0,57,9d7808186aabfd7b5911fcb90b41fe6afd754f91d4374b94b3b19e2a69f37340
treatment-r2,classic-empty,5973709,0,6973709,2,0,0.2222222222222222,2,19,0,0,70,1,0,10,44412a37ebbcb1116f6658c1cc14794b53ce2612bb28b6bebeb1bf309aebd031
treatment-r2,classic-empty,5973710,0,6973710,4,0,0.4444444444444444,4,99,0,1,400,0,0,54,4ae0edb3882ec7a6b123f9a4e4f73fe65814c5538db0d37bcfa05cb0e6bc6c78
treatment-r2,classic-empty,5973711,0,6973711,4,0,0.4444444444444444,4,55,0,1,400,0,0,52,eb92c6e27922db66ad1a2b5d019be6371b6d14d63b23c1bf6fc745c153e2f9f5
treatment-r2,classic-empty,5973712,0,6973712,7,0,0.7777777777777778,7,106,0,1,400,0,0,52,afbc820463b222dceea9c51dcf2028424c92368701cd10c8080d1535c60333e0
treatment-r2,classic-empty,5973713,0,6973713,0,0,0.0,0,14,0,1,400,0,0,42,7d609ac41efcd21edbb15574d1f4f382c57fe496e0e43b7893716f840deb693c
treatment-r2,classic-empty,5973714,0,6973714,1,0,0.1111111111111111,1,12,0,0,36,1,0,5,1b7b1c6477626fcd033e0a9f276dc8d3624904a3e14c4f5d35112519b84139fa
treatment-r2,classic-empty,5973715,0,6973715,0,0,0.0,0,8,0,1,400,0,0,3,e4619cca2ac43c89cf9fbf09d4d46aa8156d53bed08e15f98ed7e96fb858c775
treatment-r2,classic-empty,5973716,0,6973716,5,0,0.5555555555555556,5,86,0,1,400,0,0,48,76dea07911964576e4d38f6fb42dc670fb0e3350e9d951bf98a13d705dcb2dad
treatment-r2,classic-empty,5973717,0,6973717,9,0,1.0,9,109,0,1,400,0,0,54,6107effe97cc2b86eaf7d58c41ae68e9440a7d43ef5e46ce64377c3f72958c02
treatment-r2,classic-empty,5973718,0,6973718,6,0,0.6666666666666666,6,82,0,1,400,0,0,36,7dfe68ae8b25a558f844a7f95c2e34790b2b55ceee7c661fce350ca4cb1df2f4
treatment-r2,classic-empty,5973719,0,6973719,2,0,0.2222222222222222,2,22,0,1,400,0,0,53,8d5b24d6cbcd14f77397fe7917c371d7da5c1321131abf075ccea343be60cce4
treatment-r2,classic-empty,5973720,0,6973720,6,0,0.6666666666666666,6,82,0,1,400,0,0,46,3fe421a73d1c1242b0c2822afaf91d5793cf1f5e2386b7d8d1975ce47e12f98c
treatment-r2,classic-empty,5973721,0,6973721,0,0,0.0,0,10,0,0,27,1,0,4,13765e183f59f4255a7cad5d5bfc7c9957c5f7f1c14b2bc2e1d623b506be876e
treatment-r2,classic-empty,5973722,0,6973722,4,0,0.4444444444444444,4,35,0,1,400,0,0,12,10d3732ea57d75490bc61965f465d3e71aebcf2f08e50904e6b134156106e21a
treatment-r2,classic-empty,5973723,0,6973723,2,0,0.2222222222222222,2,50,0,1,400,0,0,33,deb20828e542ad73cdb66e7b1ab2cad12ef29d284b7e27c38343bf41fa716993
treatment-r2,classic-empty,5973724,0,6973724,7,0,0.7777777777777778,7,79,0,1,400,0,0,41,a41a0a7113d0c5bf21bab5be3dac07d23bc8d44a0e932deaf5f63f78c45a0b42
treatment-r2,classic-empty,5973725,0,6973725,3,0,0.3333333333333333,3,54,0,1,400,0,0,24,972a6ac78475a8cf043324ef50b480186f48052d44e515d6b50a8234987d8cd4
treatment-r2,classic-empty,5973726,0,6973726,1,0,0.1111111111111111,1,40,0,1,400,0,0,18,fea5114e963a22f2fdc8f857994b7a7a8fbecb111b07b4e680b1c97141f3cd9f
treatment-r2,classic-empty,5973727,0,6973727,3,0,0.3333333333333333,3,45,0,1,400,0,0,53,a487c5c1b73bf9e44f93a6d97e3f9678dce614c031b2d6b79227311066d9524c
treatment-r2,classic-empty,5973728,0,6973728,6,0,0.6666666666666666,6,66,0,1,400,0,0,50,4976614d7435f37ce6eb9ff68aacab186232f93fc03267920b634b403a464036
treatment-r2,classic-empty,5973729,0,6973729,2,0,0.2222222222222222,2,24,0,1,400,0,0,10,8438b138555cd59c6145f644c0601b3944804bf1e19cc7274c06753f649ef476
treatment-r2,classic-empty,5973730,0,6973730,9,0,1.0,9,110,0,1,400,0,0,52,ec1bd75e764ca41325427f6a354e18390a34bdef86de2deb1d2b40084166933c
treatment-r2,classic-empty,5973731,0,6973731,1,0,0.1111111111111111,1,16,0,1,400,0,0,41,540db278a1647aa9a44a974fac8d16d75c58288605a85b8d8d15405dd95a3497
treatment-r2,classic-empty,5973732,0,6973732,2,0,0.2222222222222222,2,55,0,1,400,0,0,48,e8b4290f7b7234fc2ac7e9340286b94ddcb5aa7645cec9a938e98e7aac4a12c1
treatment-r2,classic-empty,5973733,0,6973733,1,0,0.1111111111111111,1,39,0,0,130,1,0,18,8904d1d8ab0fa3c3b4e87e1ad242ebc2205236c7f8b4b94c46498795f36d33ff
treatment-r2,classic-empty,5973734,0,6973734,7,0,0.7777777777777778,7,106,0,1,400,0,0,54,6cc7bd8bc1dc04b31ae6ec5d6e797d980c4c561fcd8f8c9a0c6e7fa03e7314a5
treatment-r2,classic-empty,5973735,0,6973735,8,0,0.8888888888888888,8,94,0,1,400,0,0,53,86d4df58639c1a2676d5151921bfb8399ee7240a2de778a8a93c8aaad75d8fc0
treatment-r2,classic-empty,5973736,0,6973736,1,0,0.1111111111111111,1,14,0,1,400,0,0,42,1ba0679355f30a4b2b771f7f714bb213b3bf22cebd99d5a86c0117ca294786ae
treatment-r2,classic-empty,5973737,0,6973737,7,0,0.7777777777777778,7,65,0,1,400,0,0,52,eab8dba3c8cdb30bd509eb5c76f23684446faf82ed8d3f89238c62fd9f0b3002
treatment-r2,classic-empty,5973738,0,6973738,8,0,0.8888888888888888,8,99,0,1,400,0,0,52,5ae97a3b216524116d03cd499c5e250f2cee30c2aaa9d23f2ad74d3ab26ca1a2
treatment-r2,classic-empty,5973739,0,6973739,1,0,0.1111111111111111,1,15,0,1,400,0,0,41,6403ffbfa1372be9c8079db8952736901edb20c5f35ec6b5915725273d6dcebd
treatment-r2,classic-empty,5973740,0,6973740,2,0,0.2222222222222222,2,51,0,1,400,0,0,55,361e24969ba91d1d966d1bbdd2b9009101278dd95a2003180eb0c47466de9256
treatment-r2,classic-empty,5973701,1,6973701,4,0,0.4444444444444444,4,56,0,1,400,0,0,54,2d4958b18c9843e8d0032daff4bf0197cbce86fc5d903178db993bbbed819af2
treatment-r2,classic-empty,5973702,1,6973702,3,0,0.3333333333333333,3,73,0,0,186,1,0,26,523ec791e88f784f27e2c6f73e7254f6c2545092acd95670579e5e732d97db62
treatment-r2,classic-empty,5973703,1,6973703,2,0,0.2222222222222222,2,61,0,0,179,1,0,25,132afb824df2beedadd13cf8782920eaf22a4cafa6e76fb54bb6429514f0db25
treatment-r2,classic-empty,5973704,1,6973704,7,0,0.7777777777777778,7,82,0,1,400,0,0,54,03008e0b7f84f39124462bff639dd6c667fa1edf6166bc0fd1d0feb929446e48
treatment-r2,classic-empty,5973705,1,6973705,5,0,0.5555555555555556,5,48,0,1,400,0,0,16,c99e93f38e687f2514c3d5986baa0ffddba72017f210a6dd91ead514313f1dcb
treatment-r2,classic-empty,5973706,1,6973706,3,0,0.3333333333333333,3,30,0,1,400,0,0,15,921e6bd807e3f326c1d58e7aff5c64f83461d6cdfc4fb5d86ec1e75c044799ff
treatment-r2,classic-empty,5973707,1,6973707,8,0,0.8888888888888888,8,110,0,1,400,0,0,54,18417997020f8286411374388c22c4f9a9abba55383f29ba199a55777ae3487a
treatment-r2,classic-empty,5973708,1,6973708,2,0,0.2222222222222222,2,33,0,1,400,0,0,57,9d7808186aabfd7b5911fcb90b41fe6afd754f91d4374b94b3b19e2a69f37340
treatment-r2,classic-empty,5973709,1,6973709,2,0,0.2222222222222222,2,19,0,0,70,1,0,10,44412a37ebbcb1116f6658c1cc14794b53ce2612bb28b6bebeb1bf309aebd031
treatment-r2,classic-empty,5973710,1,6973710,4,0,0.4444444444444444,4,99,0,1,400,0,0,54,4ae0edb3882ec7a6b123f9a4e4f73fe65814c5538db0d37bcfa05cb0e6bc6c78
treatment-r2,classic-empty,5973711,1,6973711,4,0,0.4444444444444444,4,55,0,1,400,0,0,52,eb92c6e27922db66ad1a2b5d019be6371b6d14d63b23c1bf6fc745c153e2f9f5
treatment-r2,classic-empty,5973712,1,6973712,7,0,0.7777777777777778,7,106,0,1,400,0,0,52,afbc820463b222dceea9c51dcf2028424c92368701cd10c8080d1535c60333e0
treatment-r2,classic-empty,5973713,1,6973713,0,0,0.0,0,14,0,1,400,0,0,42,7d609ac41efcd21edbb15574d1f4f382c57fe496e0e43b7893716f840deb693c
treatment-r2,classic-empty,5973714,1,6973714,1,0,0.1111111111111111,1,12,0,0,36,1,0,5,1b7b1c6477626fcd033e0a9f276dc8d3624904a3e14c4f5d35112519b84139fa
treatment-r2,classic-empty,5973715,1,6973715,0,0,0.0,0,8,0,1,400,0,0,3,e4619cca2ac43c89cf9fbf09d4d46aa8156d53bed08e15f98ed7e96fb858c775
treatment-r2,classic-empty,5973716,1,6973716,5,0,0.5555555555555556,5,86,0,1,400,0,0,48,76dea07911964576e4d38f6fb42dc670fb0e3350e9d951bf98a13d705dcb2dad
treatment-r2,classic-empty,5973717,1,6973717,9,0,1.0,9,109,0,1,400,0,0,54,6107effe97cc2b86eaf7d58c41ae68e9440a7d43ef5e46ce64377c3f72958c02
treatment-r2,classic-empty,5973718,1,6973718,6,0,0.6666666666666666,6,82,0,1,400,0,0,36,7dfe68ae8b25a558f844a7f95c2e34790b2b55ceee7c661fce350ca4cb1df2f4
treatment-r2,classic-empty,5973719,1,6973719,2,0,0.2222222222222222,2,22,0,1,400,0,0,53,8d5b24d6cbcd14f77397fe7917c371d7da5c1321131abf075ccea343be60cce4
treatment-r2,classic-empty,5973720,1,6973720,6,0,0.6666666666666666,6,82,0,1,400,0,0,46,3fe421a73d1c1242b0c2822afaf91d5793cf1f5e2386b7d8d1975ce47e12f98c
treatment-r2,classic-empty,5973721,1,6973721,0,0,0.0,0,10,0,0,27,1,0,4,13765e183f59f4255a7cad5d5bfc7c9957c5f7f1c14b2bc2e1d623b506be876e
treatment-r2,classic-empty,5973722,1,6973722,4,0,0.4444444444444444,4,35,0,1,400,0,0,12,10d3732ea57d75490bc61965f465d3e71aebcf2f08e50904e6b134156106e21a
treatment-r2,classic-empty,5973723,1,6973723,2,0,0.2222222222222222,2,50,0,1,400,0,0,33,deb20828e542ad73cdb66e7b1ab2cad12ef29d284b7e27c38343bf41fa716993
treatment-r2,classic-empty,5973724,1,6973724,7,0,0.7777777777777778,7,79,0,1,400,0,0,41,a41a0a7113d0c5bf21bab5be3dac07d23bc8d44a0e932deaf5f63f78c45a0b42
treatment-r2,classic-empty,5973725,1,6973725,3,0,0.3333333333333333,3,54,0,1,400,0,0,24,972a6ac78475a8cf043324ef50b480186f48052d44e515d6b50a8234987d8cd4
treatment-r2,classic-empty,5973726,1,6973726,1,0,0.1111111111111111,1,40,0,1,400,0,0,18,fea5114e963a22f2fdc8f857994b7a7a8fbecb111b07b4e680b1c97141f3cd9f
treatment-r2,classic-empty,5973727,1,6973727,3,0,0.3333333333333333,3,45,0,1,400,0,0,53,a487c5c1b73bf9e44f93a6d97e3f9678dce614c031b2d6b79227311066d9524c
treatment-r2,classic-empty,5973728,1,6973728,6,0,0.6666666666666666,6,66,0,1,400,0,0,50,4976614d7435f37ce6eb9ff68aacab186232f93fc03267920b634b403a464036
treatment-r2,classic-empty,5973729,1,6973729,2,0,0.2222222222222222,2,24,0,1,400,0,0,10,8438b138555cd59c6145f644c0601b3944804bf1e19cc7274c06753f649ef476
treatment-r2,classic-empty,5973730,1,6973730,9,0,1.0,9,110,0,1,400,0,0,52,ec1bd75e764ca41325427f6a354e18390a34bdef86de2deb1d2b40084166933c
treatment-r2,classic-empty,5973731,1,6973731,1,0,0.1111111111111111,1,16,0,1,400,0,0,41,540db278a1647aa9a44a974fac8d16d75c58288605a85b8d8d15405dd95a3497
treatment-r2,classic-empty,5973732,1,6973732,2,0,0.2222222222222222,2,55,0,1,400,0,0,48,e8b4290f7b7234fc2ac7e9340286b94ddcb5aa7645cec9a938e98e7aac4a12c1
treatment-r2,classic-empty,5973733,1,6973733,1,0,0.1111111111111111,1,39,0,0,130,1,0,18,8904d1d8ab0fa3c3b4e87e1ad242ebc2205236c7f8b4b94c46498795f36d33ff
treatment-r2,classic-empty,5973734,1,6973734,7,0,0.7777777777777778,7,106,0,1,400,0,0,54,6cc7bd8bc1dc04b31ae6ec5d6e797d980c4c561fcd8f8c9a0c6e7fa03e7314a5
treatment-r2,classic-empty,5973735,1,6973735,8,0,0.8888888888888888,8,94,0,1,400,0,0,53,86d4df58639c1a2676d5151921bfb8399ee7240a2de778a8a93c8aaad75d8fc0
treatment-r2,classic-empty,5973736,1,6973736,1,0,0.1111111111111111,1,14,0,1,400,0,0,42,1ba0679355f30a4b2b771f7f714bb213b3bf22cebd99d5a86c0117ca294786ae
treatment-r2,classic-empty,5973737,1,6973737,7,0,0.7777777777777778,7,65,0,1,400,0,0,52,eab8dba3c8cdb30bd509eb5c76f23684446faf82ed8d3f89238c62fd9f0b3002
treatment-r2,classic-empty,5973738,1,6973738,8,0,0.8888888888888888,8,99,0,1,400,0,0,52,5ae97a3b216524116d03cd499c5e250f2cee30c2aaa9d23f2ad74d3ab26ca1a2
treatment-r2,classic-empty,5973739,1,6973739,1,0,0.1111111111111111,1,15,0,1,400,0,0,41,6403ffbfa1372be9c8079db8952736901edb20c5f35ec6b5915725273d6dcebd
treatment-r2,classic-empty,5973740,1,6973740,2,0,0.2222222222222222,2,51,0,1,400,0,0,55,361e24969ba91d1d966d1bbdd2b9009101278dd95a2003180eb0c47466de9256
control-r3,classic-peaceful,5973401,0,6973401,0,0,0.0,0,13,0,1,400,0,0,51,c690077f403320d7324f4cae9b306c1f3630ae2ceab53daa18f5c4ab9ae7b8a9
control-r3,classic-peaceful,5973402,0,6973402,0,0,0.0,0,10,0,1,400,0,0,4,92439748edf46e96345ad87292652af9f18bb4264d4cfabda27c8201276b1a84
control-r3,classic-peaceful,5973403,0,6973403,12,1,0.7777777777777778,7,103,1,1,400,0,0,52,2e19b10333b73d66eaeb9d5af69095277dec920c2ee66172861d1f7f8541cdaa
control-r3,classic-peaceful,5973404,0,6973404,1,1,0.1111111111111111,1,18,0,1,400,0,0,9,c805c07475c67ad93f9a5861b469bed916fdcbe2d8e99ba2508a05fdf78a0940
control-r3,classic-peaceful,5973405,0,6973405,1,1,0.1111111111111111,1,17,0,1,400,0,0,53,a93ec2027b733c593a33c7913e9c34bae5b4912c87d2d35c5fd1a5fab614dc39
control-r3,classic-peaceful,5973406,0,6973406,4,1,0.4444444444444444,4,90,0,0,350,1,0,49,69c39b55e1b260d8bbba1cc7530efa22c7ff87f4999e6c885bc352382e089c77
control-r3,classic-peaceful,5973407,0,6973407,8,1,0.8888888888888888,8,105,0,1,400,0,0,54,6baf1647394fa580284201e109ab773c55716d7ad1ff3c96fa8c15a38f2972da
control-r3,classic-peaceful,5973408,0,6973408,3,1,0.3333333333333333,3,28,0,0,90,1,0,11,4e055ccf60debfc5e1bd83cd1abd17ecc2af2725d8ffa26471c9bcd00330e91c
control-r3,classic-peaceful,5973409,0,6973409,2,1,0.2222222222222222,2,35,0,1,400,0,0,15,63b6fbc50bf2be8444af7bcea3d1e2c7adf7f5aa0507fa454723346daaeacf08
control-r3,classic-peaceful,5973410,0,6973410,0,0,0.0,0,4,0,0,20,1,0,3,6d4c344486f9c4d684fb4fedbf8019adc319118fcc9b583a0786ae7d768a402f
control-r3,classic-peaceful,5973411,0,6973411,11,1,0.6666666666666666,6,111,1,1,400,0,0,54,7a3b9acecfbe7afb4faacf50661084a086d869daa5bb219b2d743112af1dac6b
control-r3,classic-peaceful,5973412,0,6973412,3,1,0.3333333333333333,3,44,0,1,400,0,0,54,8ebd8b35de7d1e30292b21d938f1f5195a6dd54e3e32e443ee250d3eb3b2c1fe
control-r3,classic-peaceful,5973413,0,6973413,0,0,0.0,0,18,0,0,76,1,0,11,293f441594a4d4ec13143f2d98641c8c1d3f630ad36253cb1bccef80dcaf60f7
control-r3,classic-peaceful,5973414,0,6973414,10,1,0.5555555555555556,5,72,1,0,382,1,0,51,c2220399aa2ce4815e31a8eaf792d3d08b482bec496dbbd1daf6ba16ff19e2c2
control-r3,classic-peaceful,5973415,0,6973415,2,1,0.2222222222222222,2,68,0,1,400,0,0,31,d62071ca2743dfe1fd1c7a5d88c058887d3f67947a04a84efb69ff19b14c6405
control-r3,classic-peaceful,5973416,0,6973416,6,1,0.6666666666666666,6,95,0,0,347,1,0,46,2115f6a6ebdafac580056afa3cee731f3a3d7da73669ed6eb727ec4109350d46
control-r3,classic-peaceful,5973417,0,6973417,3,1,0.3333333333333333,3,34,0,1,400,0,0,53,053a9395a7d6c9c818aa550fbee79de34e8b7f1a219bf792d188e97ec2b3ac7b
control-r3,classic-peaceful,5973418,0,6973418,9,1,0.4444444444444444,4,49,1,1,400,0,0,51,97463d0335dd107d0449875a399d265af72c18a711c870cd13b4fa5c96e03070
control-r3,classic-peaceful,5973419,0,6973419,12,1,0.7777777777777778,7,105,1,1,400,0,0,54,e69fd4296f499e932b2d1dca67728dc4043f5322a6ecfb38f4f40eb5fff5505f
control-r3,classic-peaceful,5973420,0,6973420,10,1,0.5555555555555556,5,82,1,1,400,0,0,53,bb4486edd2b7422bd447e69fdbc1d6f78c0b36f5b55a25eb812b55a50a456648
control-r3,classic-peaceful,5973421,0,6973421,4,1,0.4444444444444444,4,76,0,1,400,0,0,56,0319140c3ce39076e36e3a8f9275a0a283d29732a53372851a8a5469a1656a06
control-r3,classic-peaceful,5973422,0,6973422,6,1,0.6666666666666666,6,69,0,1,400,0,0,54,bbfff24326df9c79750c821769476bb19da5d411f61f05a0a909d5941f0e8263
control-r3,classic-peaceful,5973423,0,6973423,2,1,0.2222222222222222,2,50,0,1,400,0,0,53,ff800d2adcd33a0ba0e35d725f88f57275357fbf7cf54b7280b7cb2576518c1e
control-r3,classic-peaceful,5973424,0,6973424,8,1,0.3333333333333333,3,37,1,0,114,1,0,16,39afda41f621f26b1485d11483fda3591354c7f9e230fcf1341da2d77a5b89ad
control-r3,classic-peaceful,5973425,0,6973425,9,1,1.0,9,104,0,1,400,0,0,53,b2c46ae260e8539d1b2a78c3e56c2fd08a59584b7d428a3e54bfa74e76fc984e
control-r3,classic-peaceful,5973426,0,6973426,4,1,0.4444444444444444,4,53,0,1,400,0,0,52,9237b92d4090ff0ca3f904ba65da4a604c4799bff739128618d6503bf8f87c2b
control-r3,classic-peaceful,5973427,0,6973427,4,1,0.4444444444444444,4,84,0,0,230,1,0,31,8ee52040a256d5845e37defca9d7ff6521d930e280687668e8cc23aca155e634
control-r3,classic-peaceful,5973428,0,6973428,5,1,0.5555555555555556,5,76,0,1,400,0,0,55,33ef533eaa8c2aea940a29e33098059444ab293b13837683f4b36757614a6e42
control-r3,classic-peaceful,5973429,0,6973429,3,1,0.3333333333333333,3,80,0,1,400,0,0,56,ea2ffc74b963e293491f2a543c06d9880f1f6e91c6feff62267e7b5bb904a2d3
control-r3,classic-peaceful,5973430,0,6973430,0,0,0.0,0,26,0,1,400,0,0,12,34ed994a1fa39b0ce1074c2966aa9a99c78c8ecc0875b2b434618582976f4207
control-r3,classic-peaceful,5973431,0,6973431,6,1,0.6666666666666666,6,73,0,1,400,0,0,54,747ae4cc6e354f9b95f920c28d45e6e402c2ad4c511b07379b7ab2fcf6024618
control-r3,classic-peaceful,5973432,0,6973432,2,1,0.2222222222222222,2,26,0,1,400,0,0,54,84109c70b0c4222072383418e3faab508555b8fe4e615275c90164ff37f0e269
control-r3,classic-peaceful,5973433,0,6973433,0,0,0.0,0,3,0,0,6,1,0,1,bcc10a95a7364417a08ffb9488382c4e4603e1e05f20121a6ac403bbde8476ba
control-r3,classic-peaceful,5973434,0,6973434,3,1,0.3333333333333333,3,43,0,1,400,0,0,54,66bc1b07c54118dd8cbfdb23e7ac221bfe22737ce1c26848074c581a166f1c38
control-r3,classic-peaceful,5973435,0,6973435,7,1,0.7777777777777778,7,110,0,1,400,0,0,53,470f2464a2409d5c49153e2b64ae9a51c7b9eaccc6c1d2bda339cd19363768f4
control-r3,classic-peaceful,5973436,0,6973436,4,1,0.4444444444444444,4,45,0,0,137,1,0,18,b58e8c2fd83e2104fcbd348719bd11f54e48396fd686264130d085f0ff451770
control-r3,classic-peaceful,5973437,0,6973437,4,1,0.4444444444444444,4,94,0,1,400,0,0,54,d7aa713b7286e9cd7729acb1caee29cbc7c76e28b08cc5e4ca10d5e46c32318c
control-r3,classic-peaceful,5973438,0,6973438,3,1,0.3333333333333333,3,99,0,1,400,0,0,54,9f796ed93d8e7c6222441704dae18e1c3897284e9ad4d484ae8ef94c8f34d35b
control-r3,classic-peaceful,5973439,0,6973439,1,1,0.1111111111111111,1,14,0,1,400,0,0,9,3c38efb61b10968c31d2137e85edbe994727ecda23203148d80d88b2b3264cf1
control-r3,classic-peaceful,5973440,0,6973440,7,1,0.7777777777777778,7,84,0,1,400,0,0,53,68b255d7e63476f686eaca16a776ded71e179ab7d2069d8f80afb02ac3ea080d
control-r3,classic-peaceful,5973401,1,6973401,0,0,0.0,0,13,0,1,400,0,0,51,c690077f403320d7324f4cae9b306c1f3630ae2ceab53daa18f5c4ab9ae7b8a9
control-r3,classic-peaceful,5973402,1,6973402,0,0,0.0,0,10,0,1,400,0,0,4,92439748edf46e96345ad87292652af9f18bb4264d4cfabda27c8201276b1a84
control-r3,classic-peaceful,5973403,1,6973403,12,1,0.7777777777777778,7,103,1,1,400,0,0,52,2e19b10333b73d66eaeb9d5af69095277dec920c2ee66172861d1f7f8541cdaa
control-r3,classic-peaceful,5973404,1,6973404,1,1,0.1111111111111111,1,18,0,1,400,0,0,9,c805c07475c67ad93f9a5861b469bed916fdcbe2d8e99ba2508a05fdf78a0940
control-r3,classic-peaceful,5973405,1,6973405,1,1,0.1111111111111111,1,17,0,1,400,0,0,53,a93ec2027b733c593a33c7913e9c34bae5b4912c87d2d35c5fd1a5fab614dc39
control-r3,classic-peaceful,5973406,1,6973406,4,1,0.4444444444444444,4,90,0,0,350,1,0,49,69c39b55e1b260d8bbba1cc7530efa22c7ff87f4999e6c885bc352382e089c77
control-r3,classic-peaceful,5973407,1,6973407,8,1,0.8888888888888888,8,105,0,1,400,0,0,54,6baf1647394fa580284201e109ab773c55716d7ad1ff3c96fa8c15a38f2972da
control-r3,classic-peaceful,5973408,1,6973408,3,1,0.3333333333333333,3,28,0,0,90,1,0,11,4e055ccf60debfc5e1bd83cd1abd17ecc2af2725d8ffa26471c9bcd00330e91c
control-r3,classic-peaceful,5973409,1,6973409,2,1,0.2222222222222222,2,35,0,1,400,0,0,15,63b6fbc50bf2be8444af7bcea3d1e2c7adf7f5aa0507fa454723346daaeacf08
control-r3,classic-peaceful,5973410,1,6973410,0,0,0.0,0,4,0,0,20,1,0,3,6d4c344486f9c4d684fb4fedbf8019adc319118fcc9b583a0786ae7d768a402f
control-r3,classic-peaceful,5973411,1,6973411,11,1,0.6666666666666666,6,111,1,1,400,0,0,54,7a3b9acecfbe7afb4faacf50661084a086d869daa5bb219b2d743112af1dac6b
control-r3,classic-peaceful,5973412,1,6973412,3,1,0.3333333333333333,3,44,0,1,400,0,0,54,8ebd8b35de7d1e30292b21d938f1f5195a6dd54e3e32e443ee250d3eb3b2c1fe
control-r3,classic-peaceful,5973413,1,6973413,0,0,0.0,0,18,0,0,76,1,0,11,293f441594a4d4ec13143f2d98641c8c1d3f630ad36253cb1bccef80dcaf60f7
control-r3,classic-peaceful,5973414,1,6973414,10,1,0.5555555555555556,5,72,1,0,382,1,0,51,c2220399aa2ce4815e31a8eaf792d3d08b482bec496dbbd1daf6ba16ff19e2c2
control-r3,classic-peaceful,5973415,1,6973415,2,1,0.2222222222222222,2,68,0,1,400,0,0,31,d62071ca2743dfe1fd1c7a5d88c058887d3f67947a04a84efb69ff19b14c6405
control-r3,classic-peaceful,5973416,1,6973416,6,1,0.6666666666666666,6,95,0,0,347,1,0,46,2115f6a6ebdafac580056afa3cee731f3a3d7da73669ed6eb727ec4109350d46
control-r3,classic-peaceful,5973417,1,6973417,3,1,0.3333333333333333,3,34,0,1,400,0,0,53,053a9395a7d6c9c818aa550fbee79de34e8b7f1a219bf792d188e97ec2b3ac7b
control-r3,classic-peaceful,5973418,1,6973418,9,1,0.4444444444444444,4,49,1,1,400,0,0,51,97463d0335dd107d0449875a399d265af72c18a711c870cd13b4fa5c96e03070
control-r3,classic-peaceful,5973419,1,6973419,12,1,0.7777777777777778,7,105,1,1,400,0,0,54,e69fd4296f499e932b2d1dca67728dc4043f5322a6ecfb38f4f40eb5fff5505f
control-r3,classic-peaceful,5973420,1,6973420,10,1,0.5555555555555556,5,82,1,1,400,0,0,53,bb4486edd2b7422bd447e69fdbc1d6f78c0b36f5b55a25eb812b55a50a456648
control-r3,classic-peaceful,5973421,1,6973421,4,1,0.4444444444444444,4,76,0,1,400,0,0,56,0319140c3ce39076e36e3a8f9275a0a283d29732a53372851a8a5469a1656a06
control-r3,classic-peaceful,5973422,1,6973422,6,1,0.6666666666666666,6,69,0,1,400,0,0,54,bbfff24326df9c79750c821769476bb19da5d411f61f05a0a909d5941f0e8263
control-r3,classic-peaceful,5973423,1,6973423,2,1,0.2222222222222222,2,50,0,1,400,0,0,53,ff800d2adcd33a0ba0e35d725f88f57275357fbf7cf54b7280b7cb2576518c1e
control-r3,classic-peaceful,5973424,1,6973424,8,1,0.3333333333333333,3,37,1,0,114,1,0,16,39afda41f621f26b1485d11483fda3591354c7f9e230fcf1341da2d77a5b89ad
control-r3,classic-peaceful,5973425,1,6973425,9,1,1.0,9,104,0,1,400,0,0,53,b2c46ae260e8539d1b2a78c3e56c2fd08a59584b7d428a3e54bfa74e76fc984e
control-r3,classic-peaceful,5973426,1,6973426,4,1,0.4444444444444444,4,53,0,1,400,0,0,52,9237b92d4090ff0ca3f904ba65da4a604c4799bff739128618d6503bf8f87c2b
control-r3,classic-peaceful,5973427,1,6973427,4,1,0.4444444444444444,4,84,0,0,230,1,0,31,8ee52040a256d5845e37defca9d7ff6521d930e280687668e8cc23aca155e634
control-r3,classic-peaceful,5973428,1,6973428,5,1,0.5555555555555556,5,76,0,1,400,0,0,55,33ef533eaa8c2aea940a29e33098059444ab293b13837683f4b36757614a6e42
control-r3,classic-peaceful,5973429,1,6973429,3,1,0.3333333333333333,3,80,0,1,400,0,0,56,ea2ffc74b963e293491f2a543c06d9880f1f6e91c6feff62267e7b5bb904a2d3
control-r3,classic-peaceful,5973430,1,6973430,0,0,0.0,0,26,0,1,400,0,0,12,34ed994a1fa39b0ce1074c2966aa9a99c78c8ecc0875b2b434618582976f4207
control-r3,classic-peaceful,5973431,1,6973431,6,1,0.6666666666666666,6,73,0,1,400,0,0,54,747ae4cc6e354f9b95f920c28d45e6e402c2ad4c511b07379b7ab2fcf6024618
control-r3,classic-peaceful,5973432,1,6973432,2,1,0.2222222222222222,2,26,0,1,400,0,0,54,84109c70b0c4222072383418e3faab508555b8fe4e615275c90164ff37f0e269
control-r3,classic-peaceful,5973433,1,6973433,0,0,0.0,0,3,0,0,6,1,0,1,bcc10a95a7364417a08ffb9488382c4e4603e1e05f20121a6ac403bbde8476ba
control-r3,classic-peaceful,5973434,1,6973434,3,1,0.3333333333333333,3,43,0,1,400,0,0,54,66bc1b07c54118dd8cbfdb23e7ac221bfe22737ce1c26848074c581a166f1c38
control-r3,classic-peaceful,5973435,1,6973435,7,1,0.7777777777777778,7,110,0,1,400,0,0,53,470f2464a2409d5c49153e2b64ae9a51c7b9eaccc6c1d2bda339cd19363768f4
control-r3,classic-peaceful,5973436,1,6973436,4,1,0.4444444444444444,4,45,0,0,137,1,0,18,b58e8c2fd83e2104fcbd348719bd11f54e48396fd686264130d085f0ff451770
control-r3,classic-peaceful,5973437,1,6973437,4,1,0.4444444444444444,4,94,0,1,400,0,0,54,d7aa713b7286e9cd7729acb1caee29cbc7c76e28b08cc5e4ca10d5e46c32318c
control-r3,classic-peaceful,5973438,1,6973438,3,1,0.3333333333333333,3,99,0,1,400,0,0,54,9f796ed93d8e7c6222441704dae18e1c3897284e9ad4d484ae8ef94c8f34d35b
control-r3,classic-peaceful,5973439,1,6973439,1,1,0.1111111111111111,1,14,0,1,400,0,0,9,3c38efb61b10968c31d2137e85edbe994727ecda23203148d80d88b2b3264cf1
control-r3,classic-peaceful,5973440,1,6973440,7,1,0.7777777777777778,7,84,0,1,400,0,0,53,68b255d7e63476f686eaca16a776ded71e179ab7d2069d8f80afb02ac3ea080d
control-r3,coin-heaven,5973501,0,6973501,0,0,0.0,0,0,0,1,400,0,0,0,5bc99cda5b99b2c8ca88a67d1b2fc3a44049ede67fb75f330e63f737bd2f0640
control-r3,coin-heaven,5973502,0,6973502,9,0,0.18,9,0,0,1,400,0,0,0,8ba627faa122d4af856f8b2c1c54e3e36250076d1c0c1323faf9662472b96011
control-r3,coin-heaven,5973503,0,6973503,28,0,0.56,28,0,0,1,400,0,0,2,71f69ac1d4cb4b6c23bbb603430b4bcfac72b6e5fdb4d14d9fd976795049c6c4
control-r3,coin-heaven,5973504,0,6973504,21,0,0.42,21,0,0,1,400,0,0,3,1df11653f3fadbc250b4ceee15c541152bee70b5165acdf106fe0369e17a40a2
control-r3,coin-heaven,5973505,0,6973505,0,0,0.0,0,0,0,1,400,0,0,0,5bc99cda5b99b2c8ca88a67d1b2fc3a44049ede67fb75f330e63f737bd2f0640
control-r3,coin-heaven,5973506,0,6973506,8,0,0.16,8,0,0,1,400,0,0,0,e042aac46b41fbd774316f0eda9f0d73fea58b6bfa97cc4a0bd0c0b7572f08c4
control-r3,coin-heaven,5973507,0,6973507,42,0,0.84,42,0,0,1,400,0,0,39,b09c2ca2369da88df64eddf83ed3204434c056636f30cfbbdddfe7061eed202c
control-r3,coin-heaven,5973508,0,6973508,7,0,0.14,7,0,0,1,400,0,0,0,1b5f5c96c42b8948d06e41a66fdabc9b27b5be706037baf915585511efb0c3cb
control-r3,coin-heaven,5973509,0,6973509,7,0,0.14,7,0,0,1,400,0,0,0,de2ddfae716ae1613bf2bac299a542b9c38bf0366b160ca4e20c5b5d1c4e3949
control-r3,coin-heaven,5973510,0,6973510,0,0,0.0,0,0,0,1,400,0,0,0,5bc99cda5b99b2c8ca88a67d1b2fc3a44049ede67fb75f330e63f737bd2f0640
control-r3,coin-heaven,5973511,0,6973511,14,0,0.28,14,0,0,1,400,0,0,1,a57c9273734089adff5920f3f46650175e02f7bb9019bcb4399f15840ca75eb3
control-r3,coin-heaven,5973512,0,6973512,18,0,0.36,18,0,0,1,400,0,0,1,5da33d915d8f48c55fce947e79bfcd80d13ec18fb4e6efee5fc8df6059030a00
control-r3,coin-heaven,5973513,0,6973513,16,0,0.32,16,0,0,1,400,0,0,1,a2a4b8e87e371bf7642daeeebe37c91606e24e3864c1a33afe9697c439c1d367
control-r3,coin-heaven,5973514,0,6973514,18,0,0.36,18,0,0,1,400,0,0,0,e78130a55846a6997112902677d874054266a733a97ae64cdc667d6ac834e864
control-r3,coin-heaven,5973515,0,6973515,1,0,0.02,1,0,0,1,400,0,0,0,5bc99cda5b99b2c8ca88a67d1b2fc3a44049ede67fb75f330e63f737bd2f0640
control-r3,coin-heaven,5973516,0,6973516,15,0,0.3,15,0,0,1,400,0,0,47,9c64bc3ec8d6e3577bb70569dc225e2c3a7807d38766fa235ae08a85b4d18332
control-r3,coin-heaven,5973517,0,6973517,15,0,0.3,15,0,0,1,400,0,0,0,484ec18b3f5b50b5bd06b89b8864677d920ad5f6f5edaf3da9fff4bd370a0a9c
control-r3,coin-heaven,5973518,0,6973518,50,0,1.0,50,0,0,1,138,0,0,3,22fd03fa20361998d5df2e493917582e5804adc5f81edf74a2f2bad3761fef91
control-r3,coin-heaven,5973519,0,6973519,46,0,0.92,46,0,0,1,400,0,0,39,d4ebd498ce48c2c1765dabda6b72b2f4f13aaf84f469f8f83747e6290e92f9cb
control-r3,coin-heaven,5973520,0,6973520,5,0,0.1,5,0,0,1,400,0,0,0,cfcd3bb819e8692e3340d52ee30828bfcb69ab4c35e7bafdf321f887b2f62d68
control-r3,coin-heaven,5973521,0,6973521,16,0,0.32,16,0,0,1,400,0,0,2,10eb13028180e4fea1487b4e2c5d4f30b73838758df6aa35920c791e217b9f03
control-r3,coin-heaven,5973522,0,6973522,8,0,0.16,8,0,0,1,400,0,0,49,0b58db03fec3893ba5fcf1f9076a94c103031132023a34308cd7da04682b3e4f
control-r3,coin-heaven,5973523,0,6973523,50,0,1.0,50,0,0,1,138,0,0,2,212f83cc0c6f4896d601e96820684ced54ed5f1c718ed3b4c4c160be2b22f669
control-r3,coin-heaven,5973524,0,6973524,50,0,1.0,50,0,0,1,139,0,0,2,2125c102c01514f004e5267f6e992f92e508f298131ab5047b104a9f3b42d137
control-r3,coin-heaven,5973525,0,6973525,0,0,0.0,0,0,0,1,400,0,0,0,f49e2d07ad7b7990c33143b698363cae0bfc89b82ed1839a336aa5fcc9af2747
control-r3,coin-heaven,5973526,0,6973526,39,0,0.78,39,0,0,1,400,0,0,1,0aa2f0bcf657db5fac07d5739ea2ef7e19b3378c42d7e08ad212b28433c5dd11
control-r3,coin-heaven,5973527,0,6973527,37,0,0.74,37,0,0,1,400,0,0,3,4bb9c571f4f82ca04ea29ac4fefafafdf9481e1a9517416d1d5cba13bce94d01
control-r3,coin-heaven,5973528,0,6973528,50,0,1.0,50,0,0,1,131,0,0,2,388d80404919a5d4658fd30ea35813ec0b82e033d21fa7c7350df47e6544a70c
control-r3,coin-heaven,5973529,0,6973529,30,0,0.6,30,0,0,1,400,0,0,1,4df6ec4ba31804f49a7eaceb920edfcce12654357bad2cdba25fb367a8fc3aaf
control-r3,coin-heaven,5973530,0,6973530,1,0,0.02,1,0,0,1,400,0,0,0,5532d06559d3e3c83f1a25a6bdf249fd7306c70e2a4a8c35f89e13818887bd53
control-r3,coin-heaven,5973531,0,6973531,43,0,0.86,43,0,0,1,400,0,0,0,2380f5e8edb59bc4004ef706ea75d358491040bd723d1e091ff1e876005bffed
control-r3,coin-heaven,5973532,0,6973532,21,0,0.42,21,0,0,1,400,0,0,0,26becc17b41634f1e2dc7b8338585666ceafc75df9b118ee4e5788eaafba759c
control-r3,coin-heaven,5973533,0,6973533,11,0,0.22,11,0,0,1,400,0,0,2,87a98895cf31549149d16e26bc8e12077f9a424c766ea9054f2797832fea9235
control-r3,coin-heaven,5973534,0,6973534,0,0,0.0,0,0,0,1,400,0,0,0,5bc99cda5b99b2c8ca88a67d1b2fc3a44049ede67fb75f330e63f737bd2f0640
control-r3,coin-heaven,5973535,0,6973535,34,0,0.68,34,0,0,1,400,0,0,4,7fbfdbc0b4038324b29502ac39f5091c21cab8e75d13f48dff35a91944de148e
control-r3,coin-heaven,5973536,0,6973536,0,0,0.0,0,0,0,1,400,0,0,0,5bc99cda5b99b2c8ca88a67d1b2fc3a44049ede67fb75f330e63f737bd2f0640
control-r3,coin-heaven,5973537,0,6973537,22,0,0.44,22,0,0,1,400,0,0,0,d01169db9ba9587129c5f486698e6861f4d90d3321e3e5430f54dd503316d09b
control-r3,coin-heaven,5973538,0,6973538,32,0,0.64,32,0,0,1,400,0,0,44,ed66f00c52b2325ae4ac88cbf2665b3a77bd943e9e30871cac7b435f0edd5820
control-r3,coin-heaven,5973539,0,6973539,13,0,0.26,13,0,0,1,400,0,0,47,c0ae33ea8f451669da33e1beb60beb55497533789ade1f2a849990c211e67fcf
control-r3,coin-heaven,5973540,0,6973540,50,0,1.0,50,0,0,1,125,0,0,4,77d1deb1a83dfeb371c9dd76f4717b192656ebadef67b66c05f2eef56588b120
control-r3,coin-heaven,5973501,1,6973501,0,0,0.0,0,0,0,1,400,0,0,0,5bc99cda5b99b2c8ca88a67d1b2fc3a44049ede67fb75f330e63f737bd2f0640
control-r3,coin-heaven,5973502,1,6973502,9,0,0.18,9,0,0,1,400,0,0,0,8ba627faa122d4af856f8b2c1c54e3e36250076d1c0c1323faf9662472b96011
control-r3,coin-heaven,5973503,1,6973503,28,0,0.56,28,0,0,1,400,0,0,2,71f69ac1d4cb4b6c23bbb603430b4bcfac72b6e5fdb4d14d9fd976795049c6c4
control-r3,coin-heaven,5973504,1,6973504,21,0,0.42,21,0,0,1,400,0,0,3,1df11653f3fadbc250b4ceee15c541152bee70b5165acdf106fe0369e17a40a2
control-r3,coin-heaven,5973505,1,6973505,0,0,0.0,0,0,0,1,400,0,0,0,5bc99cda5b99b2c8ca88a67d1b2fc3a44049ede67fb75f330e63f737bd2f0640
control-r3,coin-heaven,5973506,1,6973506,8,0,0.16,8,0,0,1,400,0,0,0,e042aac46b41fbd774316f0eda9f0d73fea58b6bfa97cc4a0bd0c0b7572f08c4
control-r3,coin-heaven,5973507,1,6973507,42,0,0.84,42,0,0,1,400,0,0,39,b09c2ca2369da88df64eddf83ed3204434c056636f30cfbbdddfe7061eed202c
control-r3,coin-heaven,5973508,1,6973508,7,0,0.14,7,0,0,1,400,0,0,0,1b5f5c96c42b8948d06e41a66fdabc9b27b5be706037baf915585511efb0c3cb
control-r3,coin-heaven,5973509,1,6973509,7,0,0.14,7,0,0,1,400,0,0,0,de2ddfae716ae1613bf2bac299a542b9c38bf0366b160ca4e20c5b5d1c4e3949
control-r3,coin-heaven,5973510,1,6973510,0,0,0.0,0,0,0,1,400,0,0,0,5bc99cda5b99b2c8ca88a67d1b2fc3a44049ede67fb75f330e63f737bd2f0640
control-r3,coin-heaven,5973511,1,6973511,14,0,0.28,14,0,0,1,400,0,0,1,a57c9273734089adff5920f3f46650175e02f7bb9019bcb4399f15840ca75eb3
control-r3,coin-heaven,5973512,1,6973512,18,0,0.36,18,0,0,1,400,0,0,1,5da33d915d8f48c55fce947e79bfcd80d13ec18fb4e6efee5fc8df6059030a00
control-r3,coin-heaven,5973513,1,6973513,16,0,0.32,16,0,0,1,400,0,0,1,a2a4b8e87e371bf7642daeeebe37c91606e24e3864c1a33afe9697c439c1d367
control-r3,coin-heaven,5973514,1,6973514,18,0,0.36,18,0,0,1,400,0,0,0,e78130a55846a6997112902677d874054266a733a97ae64cdc667d6ac834e864
control-r3,coin-heaven,5973515,1,6973515,1,0,0.02,1,0,0,1,400,0,0,0,5bc99cda5b99b2c8ca88a67d1b2fc3a44049ede67fb75f330e63f737bd2f0640
control-r3,coin-heaven,5973516,1,6973516,15,0,0.3,15,0,0,1,400,0,0,47,9c64bc3ec8d6e3577bb70569dc225e2c3a7807d38766fa235ae08a85b4d18332
control-r3,coin-heaven,5973517,1,6973517,15,0,0.3,15,0,0,1,400,0,0,0,484ec18b3f5b50b5bd06b89b8864677d920ad5f6f5edaf3da9fff4bd370a0a9c
control-r3,coin-heaven,5973518,1,6973518,50,0,1.0,50,0,0,1,138,0,0,3,22fd03fa20361998d5df2e493917582e5804adc5f81edf74a2f2bad3761fef91
control-r3,coin-heaven,5973519,1,6973519,46,0,0.92,46,0,0,1,400,0,0,39,d4ebd498ce48c2c1765dabda6b72b2f4f13aaf84f469f8f83747e6290e92f9cb
control-r3,coin-heaven,5973520,1,6973520,5,0,0.1,5,0,0,1,400,0,0,0,cfcd3bb819e8692e3340d52ee30828bfcb69ab4c35e7bafdf321f887b2f62d68
control-r3,coin-heaven,5973521,1,6973521,16,0,0.32,16,0,0,1,400,0,0,2,10eb13028180e4fea1487b4e2c5d4f30b73838758df6aa35920c791e217b9f03
control-r3,coin-heaven,5973522,1,6973522,8,0,0.16,8,0,0,1,400,0,0,49,0b58db03fec3893ba5fcf1f9076a94c103031132023a34308cd7da04682b3e4f
control-r3,coin-heaven,5973523,1,6973523,50,0,1.0,50,0,0,1,138,0,0,2,212f83cc0c6f4896d601e96820684ced54ed5f1c718ed3b4c4c160be2b22f669
control-r3,coin-heaven,5973524,1,6973524,50,0,1.0,50,0,0,1,139,0,0,2,2125c102c01514f004e5267f6e992f92e508f298131ab5047b104a9f3b42d137
control-r3,coin-heaven,5973525,1,6973525,0,0,0.0,0,0,0,1,400,0,0,0,f49e2d07ad7b7990c33143b698363cae0bfc89b82ed1839a336aa5fcc9af2747
control-r3,coin-heaven,5973526,1,6973526,39,0,0.78,39,0,0,1,400,0,0,1,0aa2f0bcf657db5fac07d5739ea2ef7e19b3378c42d7e08ad212b28433c5dd11
control-r3,coin-heaven,5973527,1,6973527,37,0,0.74,37,0,0,1,400,0,0,3,4bb9c571f4f82ca04ea29ac4fefafafdf9481e1a9517416d1d5cba13bce94d01
control-r3,coin-heaven,5973528,1,6973528,50,0,1.0,50,0,0,1,131,0,0,2,388d80404919a5d4658fd30ea35813ec0b82e033d21fa7c7350df47e6544a70c
control-r3,coin-heaven,5973529,1,6973529,30,0,0.6,30,0,0,1,400,0,0,1,4df6ec4ba31804f49a7eaceb920edfcce12654357bad2cdba25fb367a8fc3aaf
control-r3,coin-heaven,5973530,1,6973530,1,0,0.02,1,0,0,1,400,0,0,0,5532d06559d3e3c83f1a25a6bdf249fd7306c70e2a4a8c35f89e13818887bd53
control-r3,coin-heaven,5973531,1,6973531,43,0,0.86,43,0,0,1,400,0,0,0,2380f5e8edb59bc4004ef706ea75d358491040bd723d1e091ff1e876005bffed
control-r3,coin-heaven,5973532,1,6973532,21,0,0.42,21,0,0,1,400,0,0,0,26becc17b41634f1e2dc7b8338585666ceafc75df9b118ee4e5788eaafba759c
control-r3,coin-heaven,5973533,1,6973533,11,0,0.22,11,0,0,1,400,0,0,2,87a98895cf31549149d16e26bc8e12077f9a424c766ea9054f2797832fea9235
control-r3,coin-heaven,5973534,1,6973534,0,0,0.0,0,0,0,1,400,0,0,0,5bc99cda5b99b2c8ca88a67d1b2fc3a44049ede67fb75f330e63f737bd2f0640
control-r3,coin-heaven,5973535,1,6973535,34,0,0.68,34,0,0,1,400,0,0,4,7fbfdbc0b4038324b29502ac39f5091c21cab8e75d13f48dff35a91944de148e
control-r3,coin-heaven,5973536,1,6973536,0,0,0.0,0,0,0,1,400,0,0,0,5bc99cda5b99b2c8ca88a67d1b2fc3a44049ede67fb75f330e63f737bd2f0640
control-r3,coin-heaven,5973537,1,6973537,22,0,0.44,22,0,0,1,400,0,0,0,d01169db9ba9587129c5f486698e6861f4d90d3321e3e5430f54dd503316d09b
control-r3,coin-heaven,5973538,1,6973538,32,0,0.64,32,0,0,1,400,0,0,44,ed66f00c52b2325ae4ac88cbf2665b3a77bd943e9e30871cac7b435f0edd5820
control-r3,coin-heaven,5973539,1,6973539,13,0,0.26,13,0,0,1,400,0,0,47,c0ae33ea8f451669da33e1beb60beb55497533789ade1f2a849990c211e67fcf
control-r3,coin-heaven,5973540,1,6973540,50,0,1.0,50,0,0,1,125,0,0,4,77d1deb1a83dfeb371c9dd76f4717b192656ebadef67b66c05f2eef56588b120
control-r3,loot-crate,5973601,0,6973601,13,0,0.26,13,41,0,0,114,1,0,12,1c53ed1b44056fc250b1b9dbcb87d37ca04c73a8eeaba08b5ef4dd72dd54abf5
control-r3,loot-crate,5973602,0,6973602,10,0,0.2,10,27,0,0,78,1,0,9,e8c5a0582594ac1cfa33b4a791cb2fdf521ba9dbd91a13f0c4dbbffc242fe18c
control-r3,loot-crate,5973603,0,6973603,6,0,0.12,6,13,0,1,400,0,0,9,f6ef130f255c2de77d2e2a5c15e265c5600d9dba448d9a85e60796dec5b6e150
control-r3,loot-crate,5973604,0,6973604,5,0,0.1,5,19,0,1,400,0,0,6,234092111d9e487b5fa446b28d511c6d0e6637066ab045625e9a8ed4d2939253
control-r3,loot-crate,5973605,0,6973605,7,0,0.14,7,25,0,1,400,0,0,7,bb4996e63f9cf94b97da65e4e99177b4f14d3c925603ce1dd09ee23188d1bdd2
control-r3,loot-crate,5973606,0,6973606,7,0,0.14,7,26,0,1,400,0,0,7,d027db8c8516db28808ec61cba3ff907e512aa00a5f8d63e3c021672428e92fe
control-r3,loot-crate,5973607,0,6973607,1,0,0.02,1,7,0,0,32,1,0,4,59b34f8f22fbbb2f0d18ceb311c7b53e3330dc115f669a37656166896e29d19f
control-r3,loot-crate,5973608,0,6973608,8,0,0.16,8,21,0,1,400,0,0,51,7180cc7abd4b4717ebff547611eb17a389102c6d46a34fc4d72c04ea5dcfb5a4
control-r3,loot-crate,5973609,0,6973609,14,0,0.28,14,36,0,1,400,0,0,16,962118ef508041d5dfb784a15c292595cfffcaba0fa87ee7453a27b0baec5eb8
control-r3,loot-crate,5973610,0,6973610,3,0,0.06,3,11,0,1,400,0,0,5,60b7f87ea4e61fbbaa1589151d5672959cb380788f48b08f163454648166c8e0
control-r3,loot-crate,5973611,0,6973611,17,0,0.34,17,43,0,0,151,1,0,16,1cefc5ff7f93c1cffccc24466ce1ee33d0178d303ddff33c94654c0e2efa9539
control-r3,loot-crate,5973612,0,6973612,10,0,0.2,10,38,0,0,105,1,0,13,adab1cc8c664506d02826c0c1cb413940944b941bb1a332be9585634df17633d
control-r3,loot-crate,5973613,0,6973613,1,0,0.02,1,13,0,1,400,0,0,5,ed0541d1911cfb53aeac8b7a4a4e6f2a5fda4ee8097c89af3646ab3031f288a5
control-r3,loot-crate,5973614,0,6973614,0,0,0.0,0,4,0,1,400,0,0,2,a239f2e92bab73c88ed36aebe43d8a1a0472061348a4e2dae3b9ada39d6a8fa9
control-r3,loot-crate,5973615,0,6973615,6,0,0.12,6,34,0,0,98,1,0,12,3fbb4fba74992ff98b992dc10839041360a72a1a8febba51870bb74b48f4beb5
control-r3,loot-crate,5973616,0,6973616,7,0,0.14,7,20,0,1,400,0,0,9,badba2a39a74bbcb26c5bc8432626c1b6beb1551d50cb4c805f6e4b668d775bf
control-r3,loot-crate,5973617,0,6973617,3,0,0.06,3,20,0,1,400,0,0,51,e91a653ce404e7ba782272c19b166c0e169effbcb32e7c250b9c2988bccf07f6
control-r3,loot-crate,5973618,0,6973618,6,0,0.12,6,23,0,1,400,0,0,7,dac9e184a1fe31bfeb4fb2ec43e6011e94304191dbc267fa462c71a7874e9135
control-r3,loot-crate,5973619,0,6973619,0,0,0.0,0,5,0,1,400,0,0,3,8e512205f5089a4da749210236cc7368613f6f108a296e0d640e4b0d56ed2c21
control-r3,loot-crate,5973620,0,6973620,2,0,0.04,2,13,0,0,38,1,0,5,7d4eeafb1e563e78b57c776b58c99ed692236756166dd3c8a9b12761d212ec4c
control-r3,loot-crate,5973621,0,6973621,10,0,0.2,10,26,0,1,400,0,0,11,883c0eaf3e715010c085e6ffbf09ddd02715deeab778ee1f51b961242ae93e53
control-r3,loot-crate,5973622,0,6973622,10,0,0.2,10,23,0,1,400,0,0,10,9aba1c7e0d126c072e57c38555317bf9ef90fe84f2f2ec436c282b4da6fd0e58
control-r3,loot-crate,5973623,0,6973623,2,0,0.04,2,9,0,0,31,1,0,4,928bbdc4790fb34e3629dda1bde819437d9be359d0fb57fcd0c0e910d370ebb3
control-r3,loot-crate,5973624,0,6973624,9,0,0.18,9,23,0,0,81,1,0,9,8998fb04602dc4fcd5df08e4196ef1c65d47af82816aba8305e86c2f5ec03196
control-r3,loot-crate,5973625,0,6973625,9,0,0.18,9,26,0,0,83,1,0,9,137817046bc0b5d3c8f768688a478ab6dc1b0eb71b288609e26cffc0905a29b4
control-r3,loot-crate,5973626,0,6973626,6,0,0.12,6,18,0,1,400,0,0,6,0e23640317c3f3fc55915e2f16f6184dd1a1f52eef8d49de1ca75e764a132a86
control-r3,loot-crate,5973627,0,6973627,2,0,0.04,2,8,0,1,400,0,0,3,604e78ab66b213164e23bd8a96a7754f0092660a1f52428c1e19412119e5d803
control-r3,loot-crate,5973628,0,6973628,10,0,0.2,10,31,0,1,400,0,0,49,2776629477177a8434618f17120c638e9ff694dc1c0c7f87554e1b4394d22bf4
control-r3,loot-crate,5973629,0,6973629,9,0,0.18,9,27,0,1,400,0,0,11,40485c5c923026e1cb52ca553919b2b3d353a85f04720ca775e4457d09c72cc5
control-r3,loot-crate,5973630,0,6973630,5,0,0.1,5,16,0,0,55,1,0,7,d028e670f11af8e12135cbfdf439b128b785aa24be02c26c2585777b8ee71c39
control-r3,loot-crate,5973631,0,6973631,6,0,0.12,6,16,0,1,400,0,0,7,628b29bd6376a3c98b951a82181f12312b70ea247a11ad7c2057732f0265501f
control-r3,loot-crate,5973632,0,6973632,8,0,0.16,8,21,0,1,400,0,0,8,c3b62ea9fe3640af8a2282b28676c4bee5ed4af381aff1eff02ea0017983e9f9
control-r3,loot-crate,5973633,0,6973633,0,0,0.0,0,12,0,0,29,1,0,4,2466bba691fc4a9d3d98a9057e8cce65c7d4c2dceeed43860da459ef91989b73
control-r3,loot-crate,5973634,0,6973634,8,0,0.16,8,31,0,1,400,0,0,12,462a193ca7579ea8067a50b07e5465171531c446550a66ca52fa56219b14ba68
control-r3,loot-crate,5973635,0,6973635,3,0,0.06,3,8,0,0,32,1,0,4,2a1142a63791e4e31a6e447c0a995bafc3a563cb10da8d3e3ff9e1a7563b94fc
control-r3,loot-crate,5973636,0,6973636,11,0,0.22,11,29,0,1,400,0,0,9,139119f155aaef528595d6107adc050a63a37b57163c54256e70eb7376709739
control-r3,loot-crate,5973637,0,6973637,4,0,0.08,4,11,0,1,400,0,0,3,4e8f90fb30441b9bc1ed8c7c2ca84232e5df8cc843385a68860f2957393f622c
control-r3,loot-crate,5973638,0,6973638,1,0,0.02,1,6,0,0,21,1,0,3,39df1b4126e41dae90267f616fa3d1eabbdf60921a1c7c8cb17f338ebae98932
control-r3,loot-crate,5973639,0,6973639,7,0,0.14,7,17,0,0,54,1,0,6,69f32c9281333471b244f6775c02891b2379b247fe61a818a73d239b8fd3dbff
control-r3,loot-crate,5973640,0,6973640,13,0,0.26,13,32,0,1,400,0,0,12,ea69f1f36a76269c85a9520e56f0332ceb79bd0c12211e625f401283ea993b35
control-r3,loot-crate,5973601,1,6973601,13,0,0.26,13,41,0,0,114,1,0,12,1c53ed1b44056fc250b1b9dbcb87d37ca04c73a8eeaba08b5ef4dd72dd54abf5
control-r3,loot-crate,5973602,1,6973602,10,0,0.2,10,27,0,0,78,1,0,9,e8c5a0582594ac1cfa33b4a791cb2fdf521ba9dbd91a13f0c4dbbffc242fe18c
control-r3,loot-crate,5973603,1,6973603,6,0,0.12,6,13,0,1,400,0,0,9,f6ef130f255c2de77d2e2a5c15e265c5600d9dba448d9a85e60796dec5b6e150
control-r3,loot-crate,5973604,1,6973604,5,0,0.1,5,19,0,1,400,0,0,6,234092111d9e487b5fa446b28d511c6d0e6637066ab045625e9a8ed4d2939253
control-r3,loot-crate,5973605,1,6973605,7,0,0.14,7,25,0,1,400,0,0,7,bb4996e63f9cf94b97da65e4e99177b4f14d3c925603ce1dd09ee23188d1bdd2
control-r3,loot-crate,5973606,1,6973606,7,0,0.14,7,26,0,1,400,0,0,7,d027db8c8516db28808ec61cba3ff907e512aa00a5f8d63e3c021672428e92fe
control-r3,loot-crate,5973607,1,6973607,1,0,0.02,1,7,0,0,32,1,0,4,59b34f8f22fbbb2f0d18ceb311c7b53e3330dc115f669a37656166896e29d19f
control-r3,loot-crate,5973608,1,6973608,8,0,0.16,8,21,0,1,400,0,0,51,7180cc7abd4b4717ebff547611eb17a389102c6d46a34fc4d72c04ea5dcfb5a4
control-r3,loot-crate,5973609,1,6973609,14,0,0.28,14,36,0,1,400,0,0,16,962118ef508041d5dfb784a15c292595cfffcaba0fa87ee7453a27b0baec5eb8
control-r3,loot-crate,5973610,1,6973610,3,0,0.06,3,11,0,1,400,0,0,5,60b7f87ea4e61fbbaa1589151d5672959cb380788f48b08f163454648166c8e0
control-r3,loot-crate,5973611,1,6973611,17,0,0.34,17,43,0,0,151,1,0,16,1cefc5ff7f93c1cffccc24466ce1ee33d0178d303ddff33c94654c0e2efa9539
control-r3,loot-crate,5973612,1,6973612,10,0,0.2,10,38,0,0,105,1,0,13,adab1cc8c664506d02826c0c1cb413940944b941bb1a332be9585634df17633d
control-r3,loot-crate,5973613,1,6973613,1,0,0.02,1,13,0,1,400,0,0,5,ed0541d1911cfb53aeac8b7a4a4e6f2a5fda4ee8097c89af3646ab3031f288a5
control-r3,loot-crate,5973614,1,6973614,0,0,0.0,0,4,0,1,400,0,0,2,a239f2e92bab73c88ed36aebe43d8a1a0472061348a4e2dae3b9ada39d6a8fa9
control-r3,loot-crate,5973615,1,6973615,6,0,0.12,6,34,0,0,98,1,0,12,3fbb4fba74992ff98b992dc10839041360a72a1a8febba51870bb74b48f4beb5
control-r3,loot-crate,5973616,1,6973616,7,0,0.14,7,20,0,1,400,0,0,9,badba2a39a74bbcb26c5bc8432626c1b6beb1551d50cb4c805f6e4b668d775bf
control-r3,loot-crate,5973617,1,6973617,3,0,0.06,3,20,0,1,400,0,0,51,e91a653ce404e7ba782272c19b166c0e169effbcb32e7c250b9c2988bccf07f6
control-r3,loot-crate,5973618,1,6973618,6,0,0.12,6,23,0,1,400,0,0,7,dac9e184a1fe31bfeb4fb2ec43e6011e94304191dbc267fa462c71a7874e9135
control-r3,loot-crate,5973619,1,6973619,0,0,0.0,0,5,0,1,400,0,0,3,8e512205f5089a4da749210236cc7368613f6f108a296e0d640e4b0d56ed2c21
control-r3,loot-crate,5973620,1,6973620,2,0,0.04,2,13,0,0,38,1,0,5,7d4eeafb1e563e78b57c776b58c99ed692236756166dd3c8a9b12761d212ec4c
control-r3,loot-crate,5973621,1,6973621,10,0,0.2,10,26,0,1,400,0,0,11,883c0eaf3e715010c085e6ffbf09ddd02715deeab778ee1f51b961242ae93e53
control-r3,loot-crate,5973622,1,6973622,10,0,0.2,10,23,0,1,400,0,0,10,9aba1c7e0d126c072e57c38555317bf9ef90fe84f2f2ec436c282b4da6fd0e58
control-r3,loot-crate,5973623,1,6973623,2,0,0.04,2,9,0,0,31,1,0,4,928bbdc4790fb34e3629dda1bde819437d9be359d0fb57fcd0c0e910d370ebb3
control-r3,loot-crate,5973624,1,6973624,9,0,0.18,9,23,0,0,81,1,0,9,8998fb04602dc4fcd5df08e4196ef1c65d47af82816aba8305e86c2f5ec03196
control-r3,loot-crate,5973625,1,6973625,9,0,0.18,9,26,0,0,83,1,0,9,137817046bc0b5d3c8f768688a478ab6dc1b0eb71b288609e26cffc0905a29b4
control-r3,loot-crate,5973626,1,6973626,6,0,0.12,6,18,0,1,400,0,0,6,0e23640317c3f3fc55915e2f16f6184dd1a1f52eef8d49de1ca75e764a132a86
control-r3,loot-crate,5973627,1,6973627,2,0,0.04,2,8,0,1,400,0,0,3,604e78ab66b213164e23bd8a96a7754f0092660a1f52428c1e19412119e5d803
control-r3,loot-crate,5973628,1,6973628,10,0,0.2,10,31,0,1,400,0,0,49,2776629477177a8434618f17120c638e9ff694dc1c0c7f87554e1b4394d22bf4
control-r3,loot-crate,5973629,1,6973629,9,0,0.18,9,27,0,1,400,0,0,11,40485c5c923026e1cb52ca553919b2b3d353a85f04720ca775e4457d09c72cc5
control-r3,loot-crate,5973630,1,6973630,5,0,0.1,5,16,0,0,55,1,0,7,d028e670f11af8e12135cbfdf439b128b785aa24be02c26c2585777b8ee71c39
control-r3,loot-crate,5973631,1,6973631,6,0,0.12,6,16,0,1,400,0,0,7,628b29bd6376a3c98b951a82181f12312b70ea247a11ad7c2057732f0265501f
control-r3,loot-crate,5973632,1,6973632,8,0,0.16,8,21,0,1,400,0,0,8,c3b62ea9fe3640af8a2282b28676c4bee5ed4af381aff1eff02ea0017983e9f9
control-r3,loot-crate,5973633,1,6973633,0,0,0.0,0,12,0,0,29,1,0,4,2466bba691fc4a9d3d98a9057e8cce65c7d4c2dceeed43860da459ef91989b73
control-r3,loot-crate,5973634,1,6973634,8,0,0.16,8,31,0,1,400,0,0,12,462a193ca7579ea8067a50b07e5465171531c446550a66ca52fa56219b14ba68
control-r3,loot-crate,5973635,1,6973635,3,0,0.06,3,8,0,0,32,1,0,4,2a1142a63791e4e31a6e447c0a995bafc3a563cb10da8d3e3ff9e1a7563b94fc
control-r3,loot-crate,5973636,1,6973636,11,0,0.22,11,29,0,1,400,0,0,9,139119f155aaef528595d6107adc050a63a37b57163c54256e70eb7376709739
control-r3,loot-crate,5973637,1,6973637,4,0,0.08,4,11,0,1,400,0,0,3,4e8f90fb30441b9bc1ed8c7c2ca84232e5df8cc843385a68860f2957393f622c
control-r3,loot-crate,5973638,1,6973638,1,0,0.02,1,6,0,0,21,1,0,3,39df1b4126e41dae90267f616fa3d1eabbdf60921a1c7c8cb17f338ebae98932
control-r3,loot-crate,5973639,1,6973639,7,0,0.14,7,17,0,0,54,1,0,6,69f32c9281333471b244f6775c02891b2379b247fe61a818a73d239b8fd3dbff
control-r3,loot-crate,5973640,1,6973640,13,0,0.26,13,32,0,1,400,0,0,12,ea69f1f36a76269c85a9520e56f0332ceb79bd0c12211e625f401283ea993b35
control-r3,classic-empty,5973701,0,6973701,0,0,0.0,0,10,0,1,400,0,0,54,e004bb52de50c7ef1e3c06ff116720c26d829932bc049383513c898a6248988a
control-r3,classic-empty,5973702,0,6973702,0,0,0.0,0,9,0,1,400,0,0,3,8c8b99f0dd6b75e728d31e3e7d382092acc0139747b6b3701cc8735d2c3a783c
control-r3,classic-empty,5973703,0,6973703,0,0,0.0,0,27,0,1,400,0,0,12,d3d2506efb0f47ceb5cc5054f581d1c1a859741fc624ddca4b54467277bcac15
control-r3,classic-empty,5973704,0,6973704,0,0,0.0,0,14,0,1,400,0,0,7,968e41a2b9b90f6ffb2e1eb11059ae44b0deb358e6a840d591684a7fb16f9638
control-r3,classic-empty,5973705,0,6973705,4,0,0.4444444444444444,4,91,0,1,400,0,0,53,d15a1aaacd7458753c08f1e0655a57f37cc923bd46e238f27bcb78aa4623b7dd
control-r3,classic-empty,5973706,0,6973706,3,0,0.3333333333333333,3,57,0,1,400,0,0,26,a1c2a2356bf92ca61a542f549a02fdeefa9dc78e9d9d5a03e12664005fea2d25
control-r3,classic-empty,5973707,0,6973707,3,0,0.3333333333333333,3,26,0,1,400,0,0,11,c45544cf1b8c2735ac7dff32d620310f96fed7ecbe32954fedf058d4efcfb6f6
control-r3,classic-empty,5973708,0,6973708,2,0,0.2222222222222222,2,49,0,1,400,0,0,52,92018f9790ddd454ceebca644001b782835d8a4fddd88c034bd901a48fe8d733
control-r3,classic-empty,5973709,0,6973709,2,0,0.2222222222222222,2,19,0,0,45,1,0,6,8bfbe75e694e455397b81709b8613ee4c4227273147959cf3b8e67d074255ad4
control-r3,classic-empty,5973710,0,6973710,0,0,0.0,0,23,0,1,400,0,0,51,dfc3d92a5ee987fc61b70fa780c4c3a17c242ff4d52517a43ab9c01becf03e7a
control-r3,classic-empty,5973711,0,6973711,0,0,0.0,0,11,0,0,28,1,0,4,f759e7338163cc2bee571dd0ebb82b8a8018b2e0c7e8a5328b489435065a30a0
control-r3,classic-empty,5973712,0,6973712,2,0,0.2222222222222222,2,67,0,1,400,0,0,53,8fddb076076e09af25df9d4c566799f564db54ce0ab779d51917ea47338111e8
control-r3,classic-empty,5973713,0,6973713,3,0,0.3333333333333333,3,50,0,1,400,0,0,52,933997e520912bed915109e3d7c9042d2669dc014fa043b7028dcb9286814ece
control-r3,classic-empty,5973714,0,6973714,1,0,0.1111111111111111,1,20,0,1,400,0,0,50,91b221d99be9ed5edb1decd22c3809dbbf643322add79e888ef7800f464ef7e3
control-r3,classic-empty,5973715,0,6973715,2,0,0.2222222222222222,2,57,0,1,400,0,0,53,98ab4031c9bccfebec0406d44c8001a1d0cd438d998ff06fd2f2e4de753bec0e
control-r3,classic-empty,5973716,0,6973716,6,0,0.6666666666666666,6,114,0,1,400,0,0,53,eee1eacd678751ed0f7fe881293b217fb49aceb054994e151e30e0b3e0793c8e
control-r3,classic-empty,5973717,0,6973717,3,0,0.3333333333333333,3,67,0,1,400,0,0,35,9dec65f158eafac3147f2e2286b62e230bbc605663982eb9991cade6d26e959c
control-r3,classic-empty,5973718,0,6973718,6,0,0.6666666666666666,6,65,0,1,400,0,0,52,76f867f09d9eb2bf93c40cd40784d1b58e07ec5d4847696debd664d5d1df5d02
control-r3,classic-empty,5973719,0,6973719,5,0,0.5555555555555556,5,74,0,1,400,0,0,39,5134945aecfc5bcc4345d9e844ec4d57db02bfd086fe117c42f2e014d541bf77
control-r3,classic-empty,5973720,0,6973720,7,0,0.7777777777777778,7,103,0,1,400,0,0,49,d8d806b39ea9b3ed17917663ff218edc16a4456b2ecf86d528dc71aa9b0b013a
control-r3,classic-empty,5973721,0,6973721,0,0,0.0,0,10,0,0,27,1,0,4,13765e183f59f4255a7cad5d5bfc7c9957c5f7f1c14b2bc2e1d623b506be876e
control-r3,classic-empty,5973722,0,6973722,6,0,0.6666666666666666,6,108,0,1,400,0,0,51,fe1150fb637982c0a055541b21428f387582cb88b9eaf628fef372ed0527c94b
control-r3,classic-empty,5973723,0,6973723,1,0,0.1111111111111111,1,38,0,1,400,0,0,15,61fa89b4bb9098190eb88150d373b71b17f77514a760bc09255eee5e169a6854
control-r3,classic-empty,5973724,0,6973724,0,0,0.0,0,6,0,1,400,0,0,2,9cdf0f7e666b549b002759d632b7d1c248b9516b95d6283b80974813d98b0122
control-r3,classic-empty,5973725,0,6973725,3,0,0.3333333333333333,3,31,0,0,92,1,0,11,c278811e4441a8764b904689f9ffea0e39badea66273c2e4cde8192e1fff52b8
control-r3,classic-empty,5973726,0,6973726,0,0,0.0,0,9,0,1,400,0,0,3,04635d1c73a7c0e64fed1cb18509b90173ebdba620e08bb31ddc70d051c4d611
control-r3,classic-empty,5973727,0,6973727,0,0,0.0,0,9,0,1,400,0,0,3,da46db9af37b6113a20fcaa67e317f80bc026d40759cd2cc49f1d634ff45d61e
control-r3,classic-empty,5973728,0,6973728,2,0,0.2222222222222222,2,28,0,1,400,0,0,13,1babadab74c2d79a93d1ea38e50813103f9f042917a0a29afc0c05452178395c
control-r3,classic-empty,5973729,0,6973729,2,0,0.2222222222222222,2,22,0,1,400,0,0,8,3ad3f303044957b05b669af2b73080b2da4f3b7ca6564bd2b2d4bdffb8ec95c1
control-r3,classic-empty,5973730,0,6973730,1,0,0.1111111111111111,1,42,0,1,400,0,0,52,1bfd7f2492540c5b05991c3ad4ff288da2058409416e684cc78df1cc56232ed7
control-r3,classic-empty,5973731,0,6973731,0,0,0.0,0,7,0,1,400,0,0,3,8e512205f5089a4da749210236cc7368613f6f108a296e0d640e4b0d56ed2c21
control-r3,classic-empty,5973732,0,6973732,9,0,1.0,9,109,0,1,400,0,0,53,b28da79cf2052b8ed20bc67b1dbfbb0a84d9850298fa041894b52eb950afadc4
control-r3,classic-empty,5973733,0,6973733,7,0,0.7777777777777778,7,82,0,1,400,0,0,51,45c356c794ef22da73832f95fea55992e41edb36f0ba75661890c6cc8a97ec89
control-r3,classic-empty,5973734,0,6973734,9,0,1.0,9,106,0,1,400,0,0,52,af19ca25df4360f4c5d09f654954b1af08ec191f533a05ce2d7de2652850d907
control-r3,classic-empty,5973735,0,6973735,2,0,0.2222222222222222,2,25,0,0,95,1,0,13,54e89632d625daf0303453e8acae9b5110d52934e5dd0f6d56d067d5c5ce5b55
control-r3,classic-empty,5973736,0,6973736,3,0,0.3333333333333333,3,35,0,1,400,0,0,51,216acb83186a5deb42b8f40aad0c596e6894027ab45c7de6c26d1365ee9e83a9
control-r3,classic-empty,5973737,0,6973737,3,0,0.3333333333333333,3,45,0,1,400,0,0,53,e0fda8bae872ad55839ae7a113c467741e72d2ff236c78da5e950ef77ed38d7e
control-r3,classic-empty,5973738,0,6973738,2,0,0.2222222222222222,2,19,0,1,400,0,0,51,93b16e7129872d30ea7b3350fc0520bf045b761b53593c85aa87b4a1b9ada831
control-r3,classic-empty,5973739,0,6973739,7,0,0.7777777777777778,7,99,0,1,400,0,0,52,25c4966427fb769579a0dccb353596889ef5d8e87f71d789aea5c7828ba42419
control-r3,classic-empty,5973740,0,6973740,2,0,0.2222222222222222,2,52,0,1,400,0,0,52,0d4191cc5e78736c133716d83dda9f708792c55bafa9d929df3361b133067d46
control-r3,classic-empty,5973701,1,6973701,0,0,0.0,0,10,0,1,400,0,0,54,e004bb52de50c7ef1e3c06ff116720c26d829932bc049383513c898a6248988a
control-r3,classic-empty,5973702,1,6973702,0,0,0.0,0,9,0,1,400,0,0,3,8c8b99f0dd6b75e728d31e3e7d382092acc0139747b6b3701cc8735d2c3a783c
control-r3,classic-empty,5973703,1,6973703,0,0,0.0,0,27,0,1,400,0,0,12,d3d2506efb0f47ceb5cc5054f581d1c1a859741fc624ddca4b54467277bcac15
control-r3,classic-empty,5973704,1,6973704,0,0,0.0,0,14,0,1,400,0,0,7,968e41a2b9b90f6ffb2e1eb11059ae44b0deb358e6a840d591684a7fb16f9638
control-r3,classic-empty,5973705,1,6973705,4,0,0.4444444444444444,4,91,0,1,400,0,0,53,d15a1aaacd7458753c08f1e0655a57f37cc923bd46e238f27bcb78aa4623b7dd
control-r3,classic-empty,5973706,1,6973706,3,0,0.3333333333333333,3,57,0,1,400,0,0,26,a1c2a2356bf92ca61a542f549a02fdeefa9dc78e9d9d5a03e12664005fea2d25
control-r3,classic-empty,5973707,1,6973707,3,0,0.3333333333333333,3,26,0,1,400,0,0,11,c45544cf1b8c2735ac7dff32d620310f96fed7ecbe32954fedf058d4efcfb6f6
control-r3,classic-empty,5973708,1,6973708,2,0,0.2222222222222222,2,49,0,1,400,0,0,52,92018f9790ddd454ceebca644001b782835d8a4fddd88c034bd901a48fe8d733
control-r3,classic-empty,5973709,1,6973709,2,0,0.2222222222222222,2,19,0,0,45,1,0,6,8bfbe75e694e455397b81709b8613ee4c4227273147959cf3b8e67d074255ad4
control-r3,classic-empty,5973710,1,6973710,0,0,0.0,0,23,0,1,400,0,0,51,dfc3d92a5ee987fc61b70fa780c4c3a17c242ff4d52517a43ab9c01becf03e7a
control-r3,classic-empty,5973711,1,6973711,0,0,0.0,0,11,0,0,28,1,0,4,f759e7338163cc2bee571dd0ebb82b8a8018b2e0c7e8a5328b489435065a30a0
control-r3,classic-empty,5973712,1,6973712,2,0,0.2222222222222222,2,67,0,1,400,0,0,53,8fddb076076e09af25df9d4c566799f564db54ce0ab779d51917ea47338111e8
control-r3,classic-empty,5973713,1,6973713,3,0,0.3333333333333333,3,50,0,1,400,0,0,52,933997e520912bed915109e3d7c9042d2669dc014fa043b7028dcb9286814ece
control-r3,classic-empty,5973714,1,6973714,1,0,0.1111111111111111,1,20,0,1,400,0,0,50,91b221d99be9ed5edb1decd22c3809dbbf643322add79e888ef7800f464ef7e3
control-r3,classic-empty,5973715,1,6973715,2,0,0.2222222222222222,2,57,0,1,400,0,0,53,98ab4031c9bccfebec0406d44c8001a1d0cd438d998ff06fd2f2e4de753bec0e
control-r3,classic-empty,5973716,1,6973716,6,0,0.6666666666666666,6,114,0,1,400,0,0,53,eee1eacd678751ed0f7fe881293b217fb49aceb054994e151e30e0b3e0793c8e
control-r3,classic-empty,5973717,1,6973717,3,0,0.3333333333333333,3,67,0,1,400,0,0,35,9dec65f158eafac3147f2e2286b62e230bbc605663982eb9991cade6d26e959c
control-r3,classic-empty,5973718,1,6973718,6,0,0.6666666666666666,6,65,0,1,400,0,0,52,76f867f09d9eb2bf93c40cd40784d1b58e07ec5d4847696debd664d5d1df5d02
control-r3,classic-empty,5973719,1,6973719,5,0,0.5555555555555556,5,74,0,1,400,0,0,39,5134945aecfc5bcc4345d9e844ec4d57db02bfd086fe117c42f2e014d541bf77
control-r3,classic-empty,5973720,1,6973720,7,0,0.7777777777777778,7,103,0,1,400,0,0,49,d8d806b39ea9b3ed17917663ff218edc16a4456b2ecf86d528dc71aa9b0b013a
control-r3,classic-empty,5973721,1,6973721,0,0,0.0,0,10,0,0,27,1,0,4,13765e183f59f4255a7cad5d5bfc7c9957c5f7f1c14b2bc2e1d623b506be876e
control-r3,classic-empty,5973722,1,6973722,6,0,0.6666666666666666,6,108,0,1,400,0,0,51,fe1150fb637982c0a055541b21428f387582cb88b9eaf628fef372ed0527c94b
control-r3,classic-empty,5973723,1,6973723,1,0,0.1111111111111111,1,38,0,1,400,0,0,15,61fa89b4bb9098190eb88150d373b71b17f77514a760bc09255eee5e169a6854
control-r3,classic-empty,5973724,1,6973724,0,0,0.0,0,6,0,1,400,0,0,2,9cdf0f7e666b549b002759d632b7d1c248b9516b95d6283b80974813d98b0122
control-r3,classic-empty,5973725,1,6973725,3,0,0.3333333333333333,3,31,0,0,92,1,0,11,c278811e4441a8764b904689f9ffea0e39badea66273c2e4cde8192e1fff52b8
control-r3,classic-empty,5973726,1,6973726,0,0,0.0,0,9,0,1,400,0,0,3,04635d1c73a7c0e64fed1cb18509b90173ebdba620e08bb31ddc70d051c4d611
control-r3,classic-empty,5973727,1,6973727,0,0,0.0,0,9,0,1,400,0,0,3,da46db9af37b6113a20fcaa67e317f80bc026d40759cd2cc49f1d634ff45d61e
control-r3,classic-empty,5973728,1,6973728,2,0,0.2222222222222222,2,28,0,1,400,0,0,13,1babadab74c2d79a93d1ea38e50813103f9f042917a0a29afc0c05452178395c
control-r3,classic-empty,5973729,1,6973729,2,0,0.2222222222222222,2,22,0,1,400,0,0,8,3ad3f303044957b05b669af2b73080b2da4f3b7ca6564bd2b2d4bdffb8ec95c1
control-r3,classic-empty,5973730,1,6973730,1,0,0.1111111111111111,1,42,0,1,400,0,0,52,1bfd7f2492540c5b05991c3ad4ff288da2058409416e684cc78df1cc56232ed7
control-r3,classic-empty,5973731,1,6973731,0,0,0.0,0,7,0,1,400,0,0,3,8e512205f5089a4da749210236cc7368613f6f108a296e0d640e4b0d56ed2c21
control-r3,classic-empty,5973732,1,6973732,9,0,1.0,9,109,0,1,400,0,0,53,b28da79cf2052b8ed20bc67b1dbfbb0a84d9850298fa041894b52eb950afadc4
control-r3,classic-empty,5973733,1,6973733,7,0,0.7777777777777778,7,82,0,1,400,0,0,51,45c356c794ef22da73832f95fea55992e41edb36f0ba75661890c6cc8a97ec89
control-r3,classic-empty,5973734,1,6973734,9,0,1.0,9,106,0,1,400,0,0,52,af19ca25df4360f4c5d09f654954b1af08ec191f533a05ce2d7de2652850d907
control-r3,classic-empty,5973735,1,6973735,2,0,0.2222222222222222,2,25,0,0,95,1,0,13,54e89632d625daf0303453e8acae9b5110d52934e5dd0f6d56d067d5c5ce5b55
control-r3,classic-empty,5973736,1,6973736,3,0,0.3333333333333333,3,35,0,1,400,0,0,51,216acb83186a5deb42b8f40aad0c596e6894027ab45c7de6c26d1365ee9e83a9
control-r3,classic-empty,5973737,1,6973737,3,0,0.3333333333333333,3,45,0,1,400,0,0,53,e0fda8bae872ad55839ae7a113c467741e72d2ff236c78da5e950ef77ed38d7e
control-r3,classic-empty,5973738,1,6973738,2,0,0.2222222222222222,2,19,0,1,400,0,0,51,93b16e7129872d30ea7b3350fc0520bf045b761b53593c85aa87b4a1b9ada831
control-r3,classic-empty,5973739,1,6973739,7,0,0.7777777777777778,7,99,0,1,400,0,0,52,25c4966427fb769579a0dccb353596889ef5d8e87f71d789aea5c7828ba42419
control-r3,classic-empty,5973740,1,6973740,2,0,0.2222222222222222,2,52,0,1,400,0,0,52,0d4191cc5e78736c133716d83dda9f708792c55bafa9d929df3361b133067d46
treatment-r3,classic-peaceful,5973401,0,6973401,4,1,0.4444444444444444,4,49,0,1,400,0,0,55,8dea15f78afcf37781476b73ecf7d002044c5243b8734e5c370388c8ee5ce8d7
treatment-r3,classic-peaceful,5973402,0,6973402,0,0,0.0,0,9,0,1,400,0,0,42,60cac799f836ed432105079e09ec02c498e07c0234f302cf2ae19a1e8e9b9afd
treatment-r3,classic-peaceful,5973403,0,6973403,0,0,0.0,0,7,0,0,20,1,0,3,ad3053bcdb67d366a3bb97b775f86711021242b15113370190a7898d8619365b
treatment-r3,classic-peaceful,5973404,0,6973404,2,1,0.2222222222222222,2,32,0,1,400,0,0,57,c00162e22db0735c876e6d2aa024ce2756cff9a892630fe4b8469cee49bb5698
treatment-r3,classic-peaceful,5973405,0,6973405,0,0,0.0,0,7,0,1,400,0,0,3,31ee4c2b27e65ca9031d5ff371957c1e8cf54939397895dfc8a7dc9bee9dfb48
treatment-r3,classic-peaceful,5973406,0,6973406,8,1,0.3333333333333333,3,60,1,1,400,0,0,47,f5692452b952f768fb0046f819b58d0204b872ac2d0cff6c9584fa54c0cb206b
treatment-r3,classic-peaceful,5973407,0,6973407,0,0,0.0,0,11,0,1,400,0,0,53,ce520f348283785f59d640e4b00e3942ce9b2100d40cd0982d2ea03827996882
treatment-r3,classic-peaceful,5973408,0,6973408,1,1,0.1111111111111111,1,13,0,0,29,1,0,4,623ded93bb921b6ea4a48631a9787c93fcd0eb0cc0cd5ddb8f4019f8f3c2fbc5
treatment-r3,classic-peaceful,5973409,0,6973409,1,1,0.1111111111111111,1,30,0,0,162,1,0,23,b58996792c6a144a31c6a3e23a7fcab119cca03d8abe12dfbf6ec454b2136a35
treatment-r3,classic-peaceful,5973410,0,6973410,8,1,0.3333333333333333,3,50,1,0,327,1,0,45,6e9d94765962d900401b8ed3820cda368adc60f93c8e42eeafb9b8ce63e17349
treatment-r3,classic-peaceful,5973411,0,6973411,10,1,0.5555555555555556,5,60,1,1,400,0,0,53,b8048c416354f6d033e1775857982c074e0c4fdf88e420b81ada67a9da598bd8
treatment-r3,classic-peaceful,5973412,0,6973412,0,0,0.0,0,9,0,0,21,1,0,3,369d34f8aead7ea5e3fd672c74f7444bbc5fe6a6bcb30c07b1b1fcdb2e291cb3
treatment-r3,classic-peaceful,5973413,0,6973413,6,1,0.6666666666666666,6,63,0,1,400,0,0,55,6d11c07b25aa6dfe754c32104b32cd78fce52c57b6df204773ef98b13bceddd8
treatment-r3,classic-peaceful,5973414,0,6973414,5,1,0.5555555555555556,5,63,0,0,318,1,0,44,5caf90d94be506062394e448995f3eb8ff9caced2125fd24197b9651c48ced63
treatment-r3,classic-peaceful,5973415,0,6973415,10,1,0.5555555555555556,5,96,1,1,400,0,0,55,ce049be0bb7db1e289c7b7cf5d3187ec06d3ea7452dd624532ce5cc22b0dfae6
treatment-r3,classic-peaceful,5973416,0,6973416,2,1,0.2222222222222222,2,49,0,0,151,1,0,20,2959d551d0494815ec19b332976e9140eb6f758b491c3d4f031d65ba7bf07b17
treatment-r3,classic-peaceful,5973417,0,6973417,9,1,0.4444444444444444,4,94,1,1,400,0,0,54,a4c41f6023b4c12a933742d4f9e9a1826448027710ca689f3da6a61296b995bc
treatment-r3,classic-peaceful,5973418,0,6973418,1,1,0.1111111111111111,1,28,0,0,97,1,0,13,74db7f7219062c0b5802598ec9e39aedcdb51367a0b15572a1cf5edd2324aa59
treatment-r3,classic-peaceful,5973419,0,6973419,0,0,0.0,0,5,0,0,14,1,0,2,07d09835ce6a8491c608749bf0e86335bd61663dceebd7d72f5493674ad3085c
treatment-r3,classic-peaceful,5973420,0,6973420,0,0,0.0,0,21,0,1,400,0,0,57,0a5a3cee999a4ea4290baba1dd001ba692f499ae3bdc0f70c84192b657afde1a
treatment-r3,classic-peaceful,5973421,0,6973421,1,1,0.1111111111111111,1,33,0,1,400,0,0,57,52f76a26c26817ea3b2a4c251b635c0b869bc50e31945516d016f91514b586ff
treatment-r3,classic-peaceful,5973422,0,6973422,6,1,0.1111111111111111,1,50,1,1,400,0,0,53,31459cc3b40ad3fad232af1df772b80f182f1562b9a3bb7d4f95c9f47cc0571d
treatment-r3,classic-peaceful,5973423,0,6973423,0,0,0.0,0,15,0,1,400,0,0,50,120fcc2f794ef640ed77888b5711bb9b6c961c0e100fc05c7e69be70d2b68f40
treatment-r3,classic-peaceful,5973424,0,6973424,1,1,0.1111111111111111,1,48,0,1,400,0,0,57,fc821af2eb1ee2c8aeeb848724fe73fa281f35616999e180d8010ef27a59d8aa
treatment-r3,classic-peaceful,5973425,0,6973425,7,1,0.7777777777777778,7,65,0,1,400,0,0,56,f25f0f887e8da62855b90960e9a209d34c23e89b21e28ca43cca415902c2eb69
treatment-r3,classic-peaceful,5973426,0,6973426,12,1,0.7777777777777778,7,85,1,1,400,0,1,54,fae9425a99b551f7fad532cb29a72d2ac9bdfb87e7f1b7d00899a9f529488279
treatment-r3,classic-peaceful,5973427,0,6973427,1,1,0.1111111111111111,1,48,0,1,400,0,0,54,b75622636972a511e15f56cd42d39a89506f0f3c510f4f2f5259c85f85ad3f7f
treatment-r3,classic-peaceful,5973428,0,6973428,5,1,0.5555555555555556,5,54,0,1,400,0,0,55,ba0cfc82306a2bdc2f2c152b63d2160e031d254bafa463de106bcc9e29968e58
treatment-r3,classic-peaceful,5973429,0,6973429,0,0,0.0,0,27,0,1,400,0,0,57,e4236db99e467820ca4862c1c95c4968cb0339411f87482bb93c288042fbde7c
treatment-r3,classic-peaceful,5973430,0,6973430,0,0,0.0,0,9,0,1,400,0,0,4,922cafbd4d7c0bb95faef6bec840fb3e838585c39c88bd4c32a34a8ccaae5853
treatment-r3,classic-peaceful,5973431,0,6973431,1,1,0.1111111111111111,1,22,0,1,400,0,0,57,3c8782115ee484f61e005aca3fac9a4391b0a77f371ba42cb24a07c3b8baa179
treatment-r3,classic-peaceful,5973432,0,6973432,2,1,0.2222222222222222,2,36,0,1,400,0,0,19,634a2ee43f3f8773d46b28286201a890fd1759c484609b78aec606ddde225639
treatment-r3,classic-peaceful,5973433,0,6973433,0,0,0.0,0,3,0,0,6,1,0,1,bcc10a95a7364417a08ffb9488382c4e4603e1e05f20121a6ac403bbde8476ba
treatment-r3,classic-peaceful,5973434,0,6973434,1,1,0.1111111111111111,1,25,0,1,400,0,0,53,dea6741e023e410b92301dec8730d3ba5332412d6fabce32dfbcd08c34e295f9
treatment-r3,classic-peaceful,5973435,0,6973435,0,0,0.0,0,8,0,0,21,1,0,3,369d34f8aead7ea5e3fd672c74f7444bbc5fe6a6bcb30c07b1b1fcdb2e291cb3
treatment-r3,classic-peaceful,5973436,0,6973436,2,1,0.2222222222222222,2,32,0,1,400,0,0,56,eee235bd72c4a3a24541dd5bcbb0146deca8be49d8c15b55bfb7533a43be48a4
treatment-r3,classic-peaceful,5973437,0,6973437,1,1,0.1111111111111111,1,19,0,1,400,0,0,14,f5227d071e387ea4986bd50f1fadc162deadb344584f41b8f6c4eedca8b1f213
treatment-r3,classic-peaceful,5973438,0,6973438,11,1,0.6666666666666666,6,87,1,1,400,0,0,54,e597e65db64560c92a6f814f4cee327455e9a0609074bae3ac68341e580e62b1
treatment-r3,classic-peaceful,5973439,0,6973439,3,1,0.3333333333333333,3,29,0,1,400,0,0,57,19379b038f9f60530a956c0b9fa233c8bab45e0b84a6fe5e4e66c0106684e95a
treatment-r3,classic-peaceful,5973440,0,6973440,0,0,0.0,0,11,0,1,400,0,0,52,acb15bacbe5a9ed1eea66abfc07b10838a470f70c8a565edb0552baf24a7973c
treatment-r3,classic-peaceful,5973401,1,6973401,4,1,0.4444444444444444,4,49,0,1,400,0,0,55,8dea15f78afcf37781476b73ecf7d002044c5243b8734e5c370388c8ee5ce8d7
treatment-r3,classic-peaceful,5973402,1,6973402,0,0,0.0,0,9,0,1,400,0,0,42,60cac799f836ed432105079e09ec02c498e07c0234f302cf2ae19a1e8e9b9afd
treatment-r3,classic-peaceful,5973403,1,6973403,0,0,0.0,0,7,0,0,20,1,0,3,ad3053bcdb67d366a3bb97b775f86711021242b15113370190a7898d8619365b
treatment-r3,classic-peaceful,5973404,1,6973404,2,1,0.2222222222222222,2,32,0,1,400,0,0,57,c00162e22db0735c876e6d2aa024ce2756cff9a892630fe4b8469cee49bb5698
treatment-r3,classic-peaceful,5973405,1,6973405,0,0,0.0,0,7,0,1,400,0,0,3,31ee4c2b27e65ca9031d5ff371957c1e8cf54939397895dfc8a7dc9bee9dfb48
treatment-r3,classic-peaceful,5973406,1,6973406,8,1,0.3333333333333333,3,60,1,1,400,0,0,47,f5692452b952f768fb0046f819b58d0204b872ac2d0cff6c9584fa54c0cb206b
treatment-r3,classic-peaceful,5973407,1,6973407,0,0,0.0,0,11,0,1,400,0,0,53,ce520f348283785f59d640e4b00e3942ce9b2100d40cd0982d2ea03827996882
treatment-r3,classic-peaceful,5973408,1,6973408,1,1,0.1111111111111111,1,13,0,0,29,1,0,4,623ded93bb921b6ea4a48631a9787c93fcd0eb0cc0cd5ddb8f4019f8f3c2fbc5
treatment-r3,classic-peaceful,5973409,1,6973409,1,1,0.1111111111111111,1,30,0,0,162,1,0,23,b58996792c6a144a31c6a3e23a7fcab119cca03d8abe12dfbf6ec454b2136a35
treatment-r3,classic-peaceful,5973410,1,6973410,8,1,0.3333333333333333,3,50,1,0,327,1,0,45,6e9d94765962d900401b8ed3820cda368adc60f93c8e42eeafb9b8ce63e17349
treatment-r3,classic-peaceful,5973411,1,6973411,10,1,0.5555555555555556,5,60,1,1,400,0,0,53,b8048c416354f6d033e1775857982c074e0c4fdf88e420b81ada67a9da598bd8
treatment-r3,classic-peaceful,5973412,1,6973412,0,0,0.0,0,9,0,0,21,1,0,3,369d34f8aead7ea5e3fd672c74f7444bbc5fe6a6bcb30c07b1b1fcdb2e291cb3
treatment-r3,classic-peaceful,5973413,1,6973413,6,1,0.6666666666666666,6,63,0,1,400,0,0,55,6d11c07b25aa6dfe754c32104b32cd78fce52c57b6df204773ef98b13bceddd8
treatment-r3,classic-peaceful,5973414,1,6973414,5,1,0.5555555555555556,5,63,0,0,318,1,0,44,5caf90d94be506062394e448995f3eb8ff9caced2125fd24197b9651c48ced63
treatment-r3,classic-peaceful,5973415,1,6973415,10,1,0.5555555555555556,5,96,1,1,400,0,0,55,ce049be0bb7db1e289c7b7cf5d3187ec06d3ea7452dd624532ce5cc22b0dfae6
treatment-r3,classic-peaceful,5973416,1,6973416,2,1,0.2222222222222222,2,49,0,0,151,1,0,20,2959d551d0494815ec19b332976e9140eb6f758b491c3d4f031d65ba7bf07b17
treatment-r3,classic-peaceful,5973417,1,6973417,9,1,0.4444444444444444,4,94,1,1,400,0,0,54,a4c41f6023b4c12a933742d4f9e9a1826448027710ca689f3da6a61296b995bc
treatment-r3,classic-peaceful,5973418,1,6973418,1,1,0.1111111111111111,1,28,0,0,97,1,0,13,74db7f7219062c0b5802598ec9e39aedcdb51367a0b15572a1cf5edd2324aa59
treatment-r3,classic-peaceful,5973419,1,6973419,0,0,0.0,0,5,0,0,14,1,0,2,07d09835ce6a8491c608749bf0e86335bd61663dceebd7d72f5493674ad3085c
treatment-r3,classic-peaceful,5973420,1,6973420,0,0,0.0,0,21,0,1,400,0,0,57,0a5a3cee999a4ea4290baba1dd001ba692f499ae3bdc0f70c84192b657afde1a
treatment-r3,classic-peaceful,5973421,1,6973421,1,1,0.1111111111111111,1,33,0,1,400,0,0,57,52f76a26c26817ea3b2a4c251b635c0b869bc50e31945516d016f91514b586ff
treatment-r3,classic-peaceful,5973422,1,6973422,6,1,0.1111111111111111,1,50,1,1,400,0,0,53,31459cc3b40ad3fad232af1df772b80f182f1562b9a3bb7d4f95c9f47cc0571d
treatment-r3,classic-peaceful,5973423,1,6973423,0,0,0.0,0,15,0,1,400,0,0,50,120fcc2f794ef640ed77888b5711bb9b6c961c0e100fc05c7e69be70d2b68f40
treatment-r3,classic-peaceful,5973424,1,6973424,1,1,0.1111111111111111,1,48,0,1,400,0,0,57,fc821af2eb1ee2c8aeeb848724fe73fa281f35616999e180d8010ef27a59d8aa
treatment-r3,classic-peaceful,5973425,1,6973425,7,1,0.7777777777777778,7,65,0,1,400,0,0,56,f25f0f887e8da62855b90960e9a209d34c23e89b21e28ca43cca415902c2eb69
treatment-r3,classic-peaceful,5973426,1,6973426,12,1,0.7777777777777778,7,85,1,1,400,0,1,54,fae9425a99b551f7fad532cb29a72d2ac9bdfb87e7f1b7d00899a9f529488279
treatment-r3,classic-peaceful,5973427,1,6973427,1,1,0.1111111111111111,1,48,0,1,400,0,0,54,b75622636972a511e15f56cd42d39a89506f0f3c510f4f2f5259c85f85ad3f7f
treatment-r3,classic-peaceful,5973428,1,6973428,5,1,0.5555555555555556,5,54,0,1,400,0,0,55,ba0cfc82306a2bdc2f2c152b63d2160e031d254bafa463de106bcc9e29968e58
treatment-r3,classic-peaceful,5973429,1,6973429,0,0,0.0,0,27,0,1,400,0,0,57,e4236db99e467820ca4862c1c95c4968cb0339411f87482bb93c288042fbde7c
treatment-r3,classic-peaceful,5973430,1,6973430,0,0,0.0,0,9,0,1,400,0,0,4,922cafbd4d7c0bb95faef6bec840fb3e838585c39c88bd4c32a34a8ccaae5853
treatment-r3,classic-peaceful,5973431,1,6973431,1,1,0.1111111111111111,1,22,0,1,400,0,0,57,3c8782115ee484f61e005aca3fac9a4391b0a77f371ba42cb24a07c3b8baa179
treatment-r3,classic-peaceful,5973432,1,6973432,2,1,0.2222222222222222,2,36,0,1,400,0,0,19,634a2ee43f3f8773d46b28286201a890fd1759c484609b78aec606ddde225639
treatment-r3,classic-peaceful,5973433,1,6973433,0,0,0.0,0,3,0,0,6,1,0,1,bcc10a95a7364417a08ffb9488382c4e4603e1e05f20121a6ac403bbde8476ba
treatment-r3,classic-peaceful,5973434,1,6973434,1,1,0.1111111111111111,1,25,0,1,400,0,0,53,dea6741e023e410b92301dec8730d3ba5332412d6fabce32dfbcd08c34e295f9
treatment-r3,classic-peaceful,5973435,1,6973435,0,0,0.0,0,8,0,0,21,1,0,3,369d34f8aead7ea5e3fd672c74f7444bbc5fe6a6bcb30c07b1b1fcdb2e291cb3
treatment-r3,classic-peaceful,5973436,1,6973436,2,1,0.2222222222222222,2,32,0,1,400,0,0,56,eee235bd72c4a3a24541dd5bcbb0146deca8be49d8c15b55bfb7533a43be48a4
treatment-r3,classic-peaceful,5973437,1,6973437,1,1,0.1111111111111111,1,19,0,1,400,0,0,14,f5227d071e387ea4986bd50f1fadc162deadb344584f41b8f6c4eedca8b1f213
treatment-r3,classic-peaceful,5973438,1,6973438,11,1,0.6666666666666666,6,87,1,1,400,0,0,54,e597e65db64560c92a6f814f4cee327455e9a0609074bae3ac68341e580e62b1
treatment-r3,classic-peaceful,5973439,1,6973439,3,1,0.3333333333333333,3,29,0,1,400,0,0,57,19379b038f9f60530a956c0b9fa233c8bab45e0b84a6fe5e4e66c0106684e95a
treatment-r3,classic-peaceful,5973440,1,6973440,0,0,0.0,0,11,0,1,400,0,0,52,acb15bacbe5a9ed1eea66abfc07b10838a470f70c8a565edb0552baf24a7973c
treatment-r3,coin-heaven,5973501,0,6973501,50,0,1.0,50,0,0,1,167,0,0,10,510c8c0273e6dc2e8c2d89d6497878582351add5e793cf179f4debff5c5c7aee
treatment-r3,coin-heaven,5973502,0,6973502,50,0,1.0,50,0,0,1,146,0,0,11,a263e6cd5d0505bf90ab04879c6ab7e8cf1f076bcd045e6cd67dbaaddfef947b
treatment-r3,coin-heaven,5973503,0,6973503,37,0,0.74,37,0,0,1,400,0,0,3,ecf41b65a1128cbf52bac1fec3b58bd0546b79cf12ea99b0e9cbbf0198d88b6d
treatment-r3,coin-heaven,5973504,0,6973504,50,0,1.0,50,0,0,1,128,0,0,9,fe818f496d4b2d43bb19f1cfbd3c1fdfc775d08f2eb1082302488831d3c685d2
treatment-r3,coin-heaven,5973505,0,6973505,2,0,0.04,2,0,0,1,400,0,0,0,fc46d9a3d00fed802efdb19542436e42dcfed82986e415110824168de8e51073
treatment-r3,coin-heaven,5973506,0,6973506,7,0,0.14,7,0,0,1,400,0,0,0,0937387d0cdf1fb2d45971ff67bb1bc6a599f5ef9cd36f8603089e79ab5e2bb5
treatment-r3,coin-heaven,5973507,0,6973507,50,0,1.0,50,0,0,1,154,0,0,11,f1e6e9ddf84072df3c419d680a664cac9431e1bcd20989dbb3526f67b02a2904
treatment-r3,coin-heaven,5973508,0,6973508,6,0,0.12,6,0,0,1,400,0,0,0,93cb55c2adb3833615357e8fc982cf6f645ee103e926aa19587d1b8f85e9a40e
treatment-r3,coin-heaven,5973509,0,6973509,10,0,0.2,10,0,0,1,400,0,0,0,037ddcd1e9a0aa68f4d3df7542b811c7252e0e3d8b737bec9d57faf2802361eb
treatment-r3,coin-heaven,5973510,0,6973510,25,0,0.5,25,0,0,1,400,0,0,2,f841686ba16d180b9414c61afeeea1711715a2acecb5baf72016188c807d6e79
treatment-r3,coin-heaven,5973511,0,6973511,38,0,0.76,38,0,0,1,400,0,0,4,bd981aecf3d9c80fe3e162ec0314fc13abffddd84e0f2b361de1ddedf9c08c8c
treatment-r3,coin-heaven,5973512,0,6973512,6,0,0.12,6,0,0,1,400,0,0,2,33a12531ceaa66fe8b690484a9149f9c4a6c00abc316586b97d0a9965ac888aa
treatment-r3,coin-heaven,5973513,0,6973513,38,0,0.76,38,0,0,1,400,0,0,4,c28f720883325283396a6ad3220a063e38fccd98f496fd41e11c7e50d8d2e7ed
treatment-r3,coin-heaven,5973514,0,6973514,7,0,0.14,7,0,0,1,400,0,0,0,7c7508d7b65918d71fa172a78e2ca9108edaebb9c022bffbce955574b416aa7f
treatment-r3,coin-heaven,5973515,0,6973515,27,0,0.54,27,0,0,1,400,0,0,3,673393dbb89fdcafcf3b6d2a396ea3e1a1037adb332c8f4cf188fbce82b1c95a
treatment-r3,coin-heaven,5973516,0,6973516,12,0,0.24,12,0,0,0,28,1,0,2,503f7c9c5afdc37be43a54647959fb42119e30ad34878d5f232c1ae24087a32f
treatment-r3,coin-heaven,5973517,0,6973517,20,0,0.4,20,0,0,1,400,0,0,2,ba9c6f84122e761e21109011c9431af4dc84a38820bf3181136895cc8f16db78
treatment-r3,coin-heaven,5973518,0,6973518,41,0,0.82,41,0,0,1,400,0,0,5,d2627fd4c5340d6b1c8df837e6f59f31487f66a74bc111a03b1281f111b089a8
treatment-r3,coin-heaven,5973519,0,6973519,50,0,1.0,50,0,0,1,135,0,0,7,6cfe7438a84ae9440cb73597c1705f42afcd070c4808e557cafabec8a265d3af
treatment-r3,coin-heaven,5973520,0,6973520,28,0,0.56,28,0,0,1,400,0,0,2,420afc3b9432ca2778f6beaf23d705d63feae4b6f618acd58903ba8537302daf
treatment-r3,coin-heaven,5973521,0,6973521,16,0,0.32,16,0,0,1,400,0,0,1,02ce8a832dd60cebc61358f40860b352b6a260d5423c446545312bc35eaaa2b1
treatment-r3,coin-heaven,5973522,0,6973522,50,0,1.0,50,0,0,1,137,0,0,8,956e9ec4296612084c19eb9aec460e411e2bdb761ca3637574dab5ce87dbfc55
treatment-r3,coin-heaven,5973523,0,6973523,50,0,1.0,50,0,0,1,151,0,0,8,c354f99765b81ccd6c67cbd7e07a3664a27844ede473ca8950cbaa5150d5d7e7
treatment-r3,coin-heaven,5973524,0,6973524,50,0,1.0,50,0,0,1,163,0,0,8,654ee9b5343f3d7cb9187810e442ec6f09a82dd61189dee0e73190f87a4a79c8
treatment-r3,coin-heaven,5973525,0,6973525,10,0,0.2,10,0,0,1,400,0,0,1,a6c9989eb89b5619562d6de78b62d60b9619777790d8b81711f00e0145cf6048
treatment-r3,coin-heaven,5973526,0,6973526,0,0,0.0,0,0,0,1,400,0,0,0,f49e2d07ad7b7990c33143b698363cae0bfc89b82ed1839a336aa5fcc9af2747
treatment-r3,coin-heaven,5973527,0,6973527,4,0,0.08,4,0,0,1,400,0,0,1,04ed0e18d61292e909812214958bd68e2924d114abb46897976668526e9fafa3
treatment-r3,coin-heaven,5973528,0,6973528,37,0,0.74,37,0,0,0,78,1,0,3,4e3caa72e906615d3f109c3ed154e4cc93fff1087a050f50e5cf7bae9f850fb9
treatment-r3,coin-heaven,5973529,0,6973529,50,0,1.0,50,0,0,1,133,0,0,7,8734375291520cee777b9368ad6bd2f57451673db7fd01ffd041e43219cf2de3
treatment-r3,coin-heaven,5973530,0,6973530,50,0,1.0,50,0,0,1,160,0,0,12,9b52030e78c80149729ba6f13c5d5cf7a658b28d8327b95c85b6bbe47807b4c4
treatment-r3,coin-heaven,5973531,0,6973531,47,0,0.94,47,0,0,1,400,0,0,7,4aaf3ce9a4be8b77db9ade0b45804df8395cd39922bb6e6d452ad5dd10ee3e1e
treatment-r3,coin-heaven,5973532,0,6973532,50,0,1.0,50,0,0,1,129,0,0,4,388e776b2770465bd1975a6de30cd3b90ef9acde692e01aecb67d4e18768e29d
treatment-r3,coin-heaven,5973533,0,6973533,50,0,1.0,50,0,0,1,139,0,0,7,49cb22e2f229564ff7114067f14a29a63a1d6071614b571e402ae62da4bbd41b
treatment-r3,coin-heaven,5973534,0,6973534,50,0,1.0,50,0,0,1,163,0,0,13,4697679be9bc73205c6f6635d9ffa263bd5fd2b276233c209555f7cb01a611aa
treatment-r3,coin-heaven,5973535,0,6973535,5,0,0.1,5,0,0,0,13,1,0,1,e17329da335e5dd2819d726885d662ca72440ca7e6e5b27531cfb2e21c8a361c
treatment-r3,coin-heaven,5973536,0,6973536,30,0,0.6,30,0,0,1,400,0,0,3,864926b68d6bf727daf2e4e19b73da09fc650e8939d263495e7271a05730941f
treatment-r3,coin-heaven,5973537,0,6973537,6,0,0.12,6,0,0,1,400,0,0,0,7549440a499dec93d7aaeaf3c226f38bdbac96accebe2307a5695e55c12052b7
treatment-r3,coin-heaven,5973538,0,6973538,25,0,0.5,25,0,0,1,400,0,0,3,eaf9da9c6337cd34c461e1278d48318d44e0633e12312323076223873479e7ac
treatment-r3,coin-heaven,5973539,0,6973539,17,0,0.34,17,0,0,0,39,1,0,1,c40e686518ca4bd7dc6517dff32185ace273b6d22f2acb4d7cfe58230ce44c5d
treatment-r3,coin-heaven,5973540,0,6973540,50,0,1.0,50,0,0,1,125,0,0,9,3570310a3440fda8f79c01108c9110833289271690cb5397defcc1d2eca52136
treatment-r3,coin-heaven,5973501,1,6973501,50,0,1.0,50,0,0,1,167,0,0,10,510c8c0273e6dc2e8c2d89d6497878582351add5e793cf179f4debff5c5c7aee
treatment-r3,coin-heaven,5973502,1,6973502,50,0,1.0,50,0,0,1,146,0,0,11,a263e6cd5d0505bf90ab04879c6ab7e8cf1f076bcd045e6cd67dbaaddfef947b
treatment-r3,coin-heaven,5973503,1,6973503,37,0,0.74,37,0,0,1,400,0,0,3,ecf41b65a1128cbf52bac1fec3b58bd0546b79cf12ea99b0e9cbbf0198d88b6d
treatment-r3,coin-heaven,5973504,1,6973504,50,0,1.0,50,0,0,1,128,0,0,9,fe818f496d4b2d43bb19f1cfbd3c1fdfc775d08f2eb1082302488831d3c685d2
treatment-r3,coin-heaven,5973505,1,6973505,2,0,0.04,2,0,0,1,400,0,0,0,fc46d9a3d00fed802efdb19542436e42dcfed82986e415110824168de8e51073
treatment-r3,coin-heaven,5973506,1,6973506,7,0,0.14,7,0,0,1,400,0,0,0,0937387d0cdf1fb2d45971ff67bb1bc6a599f5ef9cd36f8603089e79ab5e2bb5
treatment-r3,coin-heaven,5973507,1,6973507,50,0,1.0,50,0,0,1,154,0,0,11,f1e6e9ddf84072df3c419d680a664cac9431e1bcd20989dbb3526f67b02a2904
treatment-r3,coin-heaven,5973508,1,6973508,6,0,0.12,6,0,0,1,400,0,0,0,93cb55c2adb3833615357e8fc982cf6f645ee103e926aa19587d1b8f85e9a40e
treatment-r3,coin-heaven,5973509,1,6973509,10,0,0.2,10,0,0,1,400,0,0,0,037ddcd1e9a0aa68f4d3df7542b811c7252e0e3d8b737bec9d57faf2802361eb
treatment-r3,coin-heaven,5973510,1,6973510,25,0,0.5,25,0,0,1,400,0,0,2,f841686ba16d180b9414c61afeeea1711715a2acecb5baf72016188c807d6e79
treatment-r3,coin-heaven,5973511,1,6973511,38,0,0.76,38,0,0,1,400,0,0,4,bd981aecf3d9c80fe3e162ec0314fc13abffddd84e0f2b361de1ddedf9c08c8c
treatment-r3,coin-heaven,5973512,1,6973512,6,0,0.12,6,0,0,1,400,0,0,2,33a12531ceaa66fe8b690484a9149f9c4a6c00abc316586b97d0a9965ac888aa
treatment-r3,coin-heaven,5973513,1,6973513,38,0,0.76,38,0,0,1,400,0,0,4,c28f720883325283396a6ad3220a063e38fccd98f496fd41e11c7e50d8d2e7ed
treatment-r3,coin-heaven,5973514,1,6973514,7,0,0.14,7,0,0,1,400,0,0,0,7c7508d7b65918d71fa172a78e2ca9108edaebb9c022bffbce955574b416aa7f
treatment-r3,coin-heaven,5973515,1,6973515,27,0,0.54,27,0,0,1,400,0,0,3,673393dbb89fdcafcf3b6d2a396ea3e1a1037adb332c8f4cf188fbce82b1c95a
treatment-r3,coin-heaven,5973516,1,6973516,12,0,0.24,12,0,0,0,28,1,0,2,503f7c9c5afdc37be43a54647959fb42119e30ad34878d5f232c1ae24087a32f
treatment-r3,coin-heaven,5973517,1,6973517,20,0,0.4,20,0,0,1,400,0,0,2,ba9c6f84122e761e21109011c9431af4dc84a38820bf3181136895cc8f16db78
treatment-r3,coin-heaven,5973518,1,6973518,41,0,0.82,41,0,0,1,400,0,0,5,d2627fd4c5340d6b1c8df837e6f59f31487f66a74bc111a03b1281f111b089a8
treatment-r3,coin-heaven,5973519,1,6973519,50,0,1.0,50,0,0,1,135,0,0,7,6cfe7438a84ae9440cb73597c1705f42afcd070c4808e557cafabec8a265d3af
treatment-r3,coin-heaven,5973520,1,6973520,28,0,0.56,28,0,0,1,400,0,0,2,420afc3b9432ca2778f6beaf23d705d63feae4b6f618acd58903ba8537302daf
treatment-r3,coin-heaven,5973521,1,6973521,16,0,0.32,16,0,0,1,400,0,0,1,02ce8a832dd60cebc61358f40860b352b6a260d5423c446545312bc35eaaa2b1
treatment-r3,coin-heaven,5973522,1,6973522,50,0,1.0,50,0,0,1,137,0,0,8,956e9ec4296612084c19eb9aec460e411e2bdb761ca3637574dab5ce87dbfc55
treatment-r3,coin-heaven,5973523,1,6973523,50,0,1.0,50,0,0,1,151,0,0,8,c354f99765b81ccd6c67cbd7e07a3664a27844ede473ca8950cbaa5150d5d7e7
treatment-r3,coin-heaven,5973524,1,6973524,50,0,1.0,50,0,0,1,163,0,0,8,654ee9b5343f3d7cb9187810e442ec6f09a82dd61189dee0e73190f87a4a79c8
treatment-r3,coin-heaven,5973525,1,6973525,10,0,0.2,10,0,0,1,400,0,0,1,a6c9989eb89b5619562d6de78b62d60b9619777790d8b81711f00e0145cf6048
treatment-r3,coin-heaven,5973526,1,6973526,0,0,0.0,0,0,0,1,400,0,0,0,f49e2d07ad7b7990c33143b698363cae0bfc89b82ed1839a336aa5fcc9af2747
treatment-r3,coin-heaven,5973527,1,6973527,4,0,0.08,4,0,0,1,400,0,0,1,04ed0e18d61292e909812214958bd68e2924d114abb46897976668526e9fafa3
treatment-r3,coin-heaven,5973528,1,6973528,37,0,0.74,37,0,0,0,78,1,0,3,4e3caa72e906615d3f109c3ed154e4cc93fff1087a050f50e5cf7bae9f850fb9
treatment-r3,coin-heaven,5973529,1,6973529,50,0,1.0,50,0,0,1,133,0,0,7,8734375291520cee777b9368ad6bd2f57451673db7fd01ffd041e43219cf2de3
treatment-r3,coin-heaven,5973530,1,6973530,50,0,1.0,50,0,0,1,160,0,0,12,9b52030e78c80149729ba6f13c5d5cf7a658b28d8327b95c85b6bbe47807b4c4
treatment-r3,coin-heaven,5973531,1,6973531,47,0,0.94,47,0,0,1,400,0,0,7,4aaf3ce9a4be8b77db9ade0b45804df8395cd39922bb6e6d452ad5dd10ee3e1e
treatment-r3,coin-heaven,5973532,1,6973532,50,0,1.0,50,0,0,1,129,0,0,4,388e776b2770465bd1975a6de30cd3b90ef9acde692e01aecb67d4e18768e29d
treatment-r3,coin-heaven,5973533,1,6973533,50,0,1.0,50,0,0,1,139,0,0,7,49cb22e2f229564ff7114067f14a29a63a1d6071614b571e402ae62da4bbd41b
treatment-r3,coin-heaven,5973534,1,6973534,50,0,1.0,50,0,0,1,163,0,0,13,4697679be9bc73205c6f6635d9ffa263bd5fd2b276233c209555f7cb01a611aa
treatment-r3,coin-heaven,5973535,1,6973535,5,0,0.1,5,0,0,0,13,1,0,1,e17329da335e5dd2819d726885d662ca72440ca7e6e5b27531cfb2e21c8a361c
treatment-r3,coin-heaven,5973536,1,6973536,30,0,0.6,30,0,0,1,400,0,0,3,864926b68d6bf727daf2e4e19b73da09fc650e8939d263495e7271a05730941f
treatment-r3,coin-heaven,5973537,1,6973537,6,0,0.12,6,0,0,1,400,0,0,0,7549440a499dec93d7aaeaf3c226f38bdbac96accebe2307a5695e55c12052b7
treatment-r3,coin-heaven,5973538,1,6973538,25,0,0.5,25,0,0,1,400,0,0,3,eaf9da9c6337cd34c461e1278d48318d44e0633e12312323076223873479e7ac
treatment-r3,coin-heaven,5973539,1,6973539,17,0,0.34,17,0,0,0,39,1,0,1,c40e686518ca4bd7dc6517dff32185ace273b6d22f2acb4d7cfe58230ce44c5d
treatment-r3,coin-heaven,5973540,1,6973540,50,0,1.0,50,0,0,1,125,0,0,9,3570310a3440fda8f79c01108c9110833289271690cb5397defcc1d2eca52136
treatment-r3,loot-crate,5973601,0,6973601,34,0,0.68,34,93,0,0,337,1,0,39,fde62031b2afd7d58c2e2336bb8032ffcf942955c9891bd55cac675fc2c5aa7f
treatment-r3,loot-crate,5973602,0,6973602,9,0,0.18,9,24,0,1,400,0,0,8,31f3f015a986c6a7bdc29e2b2b7594649619a15cf11bd5a1aef4179c770097a0
treatment-r3,loot-crate,5973603,0,6973603,5,0,0.1,5,22,0,1,400,0,0,8,ba968a3feb6f7ce842a88c16d9503a65b14cbbc620142ec01cefec2573dc952c
treatment-r3,loot-crate,5973604,0,6973604,12,0,0.24,12,39,0,1,400,0,0,18,aca8963f32c021e424cd90365ffd4cce219ddcc45f11de844d509af3add55797
treatment-r3,loot-crate,5973605,0,6973605,23,0,0.46,23,64,0,1,400,0,0,23,eab178cbd1cf8321f5bbd8bb5e0e5d6a5b230ed5c7b73ca8b25b9b44397bbfe0
treatment-r3,loot-crate,5973606,0,6973606,0,0,0.0,0,3,0,0,7,1,0,1,bec5dcd249e32c25e08bfd78ae45bacf24fc731a13a009bc818898df7a3fe547
treatment-r3,loot-crate,5973607,0,6973607,1,0,0.02,1,9,0,0,38,1,0,5,cc0c5338b6bc6d762dc2ea74e12782d84f346e801c3089b3245e8d3d18d9c5c6
treatment-r3,loot-crate,5973608,0,6973608,11,0,0.22,11,35,0,1,400,0,0,18,c2188d29efe072083f2e797abe66c21cb17c421ac79901434b76b6d023bd9d9d
treatment-r3,loot-crate,5973609,0,6973609,2,0,0.04,2,8,0,1,400,0,0,3,4b7de92ad926ace522606f6b3703adf77979371b4292a239d32b82853715ea00
treatment-r3,loot-crate,5973610,0,6973610,8,0,0.16,8,36,0,0,138,1,0,18,a9986214449ac36626fade8c5999ad77f87a41dfd6c385c1b3be63aba1c42ee8
treatment-r3,loot-crate,5973611,0,6973611,0,0,0.0,0,0,0,1,400,0,0,0,2c98cb549ba8c5312c532da67cc4c60bc3db7a0c376a72eae4e60c24ad94208d
treatment-r3,loot-crate,5973612,0,6973612,1,0,0.02,1,11,0,0,35,1,0,5,1b6b8519028bd0dae331cd7931726d51d405d62ec86be86e3c01a0073003cf86
treatment-r3,loot-crate,5973613,0,6973613,2,0,0.04,2,13,0,1,400,0,0,5,7b0405754af68f040e43e6107aa71aac90eab8976018187b6e99e333e00fc58d
treatment-r3,loot-crate,5973614,0,6973614,3,0,0.06,3,19,0,0,65,1,0,8,514991e5921a3787a6bfd182b055bd75d2d45a7d76f7b628ef8992f8725d1199
treatment-r3,loot-crate,5973615,0,6973615,1,0,0.02,1,11,0,1,400,0,0,4,7dc9343f6767cd52ea069f8dc71dd6b66918849c59c50637c6d2d8a659868890
treatment-r3,loot-crate,5973616,0,6973616,5,0,0.1,5,17,0,0,50,1,0,6,a31e79a1e467832d26e186b1da2d1b4f23710655c978ab02c954be5fbc57db1b
treatment-r3,loot-crate,5973617,0,6973617,6,0,0.12,6,20,0,1,400,0,0,9,97cc893fc2928dd2869a30474167b837fc547b91fa495170b6cf6f7e1a2861b1
treatment-r3,loot-crate,5973618,0,6973618,13,0,0.26,13,42,0,0,122,1,0,14,2bef82013215f606b28f38f23af2001e392ee9b2872396e8ac1dd1c23112d924
treatment-r3,loot-crate,5973619,0,6973619,2,0,0.04,2,7,0,0,37,1,0,4,1ab9895bb2436d008766046676206a0376331e516c358ef9207dec47ae1676f7
treatment-r3,loot-crate,5973620,0,6973620,17,0,0.34,17,43,0,0,115,1,0,13,587d9ad597604dd8bb626aa88147a3d0935e295908c8628a7ca133d149ea4a51
treatment-r3,loot-crate,5973621,0,6973621,7,0,0.14,7,22,0,1,400,0,0,11,3b38a0b63a4c51bdf433cfd2be8604af30555f6178858121fbf298bedcabde13
treatment-r3,loot-crate,5973622,0,6973622,2,0,0.04,2,12,0,1,400,0,0,5,ba817f04d1474a6d1d1ea6ce519c320ec0505112746bda274eba80493ad28be9
treatment-r3,loot-crate,5973623,0,6973623,2,0,0.04,2,6,0,0,16,1,0,2,9e2d4c12393f40576292f332e915bc681dbb8fd888cfad4bd2432c584f222985
treatment-r3,loot-crate,5973624,0,6973624,1,0,0.02,1,8,0,1,400,0,0,2,ba66fe28d2c702070c4b40ab04b0baaff6b02254605e5c9e9ceb56f5e064434c
treatment-r3,loot-crate,5973625,0,6973625,0,0,0.0,0,4,0,0,16,1,0,2,c761b4550ba4c278d7242fadaa2bdacc47c8a87f19bf96978f3a03d3abd5cc6d
treatment-r3,loot-crate,5973626,0,6973626,13,0,0.26,13,34,0,0,94,1,0,11,91db523f08db5ae90a5494ecd49111626442d54361ce53dc2f25abcec50401a0
treatment-r3,loot-crate,5973627,0,6973627,13,0,0.26,13,36,0,1,400,0,0,15,8b23a6fb5728a894466e1e7961d63ffabe1cf4cd5d4963548404268d5621e761
treatment-r3,loot-crate,5973628,0,6973628,10,0,0.2,10,28,0,1,400,0,0,9,488069ce7a1c0eb86879dba6d20d9a4b3e7469a3c016b8739752277b6b87f2b2
treatment-r3,loot-crate,5973629,0,6973629,36,0,0.72,36,88,0,1,400,0,0,48,0b070bb3937848a71c383adee468e9ad8c8f3eaf53aba785c5891dd6808843f9
treatment-r3,loot-crate,5973630,0,6973630,5,0,0.1,5,16,0,0,78,1,0,10,7d1ca16a2fdd01da3d5c74c665c17f9349868bdf06ab043faf0bf401a5bcd8de
treatment-r3,loot-crate,5973631,0,6973631,17,0,0.34,17,53,0,0,176,1,0,21,54c8f6918a8b79fc94f4c5340aa5b68134172755faf28bdfb8837ff1879298f1
treatment-r3,loot-crate,5973632,0,6973632,14,0,0.28,14,46,0,0,131,1,0,16,8f1c2cafa3358ea7c7c1ac4c975b43369b7d8f34d2d6ad7fa350417b55b56ba7
treatment-r3,loot-crate,5973633,0,6973633,1,0,0.02,1,12,0,0,34,1,0,5,ea2270d9f894f32e40e783ca12f14bc2345db0ce69e853695f26f7dd836614f1
treatment-r3,loot-crate,5973634,0,6973634,19,0,0.38,19,52,0,1,400,0,0,27,8be54653f1ccb7518d53db9e2ba906d5ca48e484c09fe90996863ad0507d5d80
treatment-r3,loot-crate,5973635,0,6973635,3,0,0.06,3,8,0,0,32,1,0,4,45391d3581c763154916bd74c615197fab7e59b0a9534f67f4212cb5f35af381
treatment-r3,loot-crate,5973636,0,6973636,2,0,0.04,2,8,0,0,31,1,0,4,42111c52e06a0bec222678f39069000b61740fb7e03d38403319ceba88e5ae22
treatment-r3,loot-crate,5973637,0,6973637,0,0,0.0,0,3,0,0,7,1,0,1,bec5dcd249e32c25e08bfd78ae45bacf24fc731a13a009bc818898df7a3fe547
treatment-r3,loot-crate,5973638,0,6973638,27,0,0.54,27,58,0,1,400,0,0,29,0886b9e6ba1676c693e467b4a5d6c24bdeef6570f76f00531e9bd1e2c558b552
treatment-r3,loot-crate,5973639,0,6973639,13,0,0.26,13,32,0,0,136,1,0,18,9b4e5125da6bca1983c770e6a97a3d083fbc96c5e57c48e93a4aaf85f4dc9ccd
treatment-r3,loot-crate,5973640,0,6973640,0,0,0.0,0,2,0,0,6,1,0,1,064e5a46da65e7d72d07c580e02f470447caa1b06e6139a3197f4344136ef1c6
treatment-r3,loot-crate,5973601,1,6973601,34,0,0.68,34,93,0,0,337,1,0,39,fde62031b2afd7d58c2e2336bb8032ffcf942955c9891bd55cac675fc2c5aa7f
treatment-r3,loot-crate,5973602,1,6973602,9,0,0.18,9,24,0,1,400,0,0,8,31f3f015a986c6a7bdc29e2b2b7594649619a15cf11bd5a1aef4179c770097a0
treatment-r3,loot-crate,5973603,1,6973603,5,0,0.1,5,22,0,1,400,0,0,8,ba968a3feb6f7ce842a88c16d9503a65b14cbbc620142ec01cefec2573dc952c
treatment-r3,loot-crate,5973604,1,6973604,12,0,0.24,12,39,0,1,400,0,0,18,aca8963f32c021e424cd90365ffd4cce219ddcc45f11de844d509af3add55797
treatment-r3,loot-crate,5973605,1,6973605,23,0,0.46,23,64,0,1,400,0,0,23,eab178cbd1cf8321f5bbd8bb5e0e5d6a5b230ed5c7b73ca8b25b9b44397bbfe0
treatment-r3,loot-crate,5973606,1,6973606,0,0,0.0,0,3,0,0,7,1,0,1,bec5dcd249e32c25e08bfd78ae45bacf24fc731a13a009bc818898df7a3fe547
treatment-r3,loot-crate,5973607,1,6973607,1,0,0.02,1,9,0,0,38,1,0,5,cc0c5338b6bc6d762dc2ea74e12782d84f346e801c3089b3245e8d3d18d9c5c6
treatment-r3,loot-crate,5973608,1,6973608,11,0,0.22,11,35,0,1,400,0,0,18,c2188d29efe072083f2e797abe66c21cb17c421ac79901434b76b6d023bd9d9d
treatment-r3,loot-crate,5973609,1,6973609,2,0,0.04,2,8,0,1,400,0,0,3,4b7de92ad926ace522606f6b3703adf77979371b4292a239d32b82853715ea00
treatment-r3,loot-crate,5973610,1,6973610,8,0,0.16,8,36,0,0,138,1,0,18,a9986214449ac36626fade8c5999ad77f87a41dfd6c385c1b3be63aba1c42ee8
treatment-r3,loot-crate,5973611,1,6973611,0,0,0.0,0,0,0,1,400,0,0,0,2c98cb549ba8c5312c532da67cc4c60bc3db7a0c376a72eae4e60c24ad94208d
treatment-r3,loot-crate,5973612,1,6973612,1,0,0.02,1,11,0,0,35,1,0,5,1b6b8519028bd0dae331cd7931726d51d405d62ec86be86e3c01a0073003cf86
treatment-r3,loot-crate,5973613,1,6973613,2,0,0.04,2,13,0,1,400,0,0,5,7b0405754af68f040e43e6107aa71aac90eab8976018187b6e99e333e00fc58d
treatment-r3,loot-crate,5973614,1,6973614,3,0,0.06,3,19,0,0,65,1,0,8,514991e5921a3787a6bfd182b055bd75d2d45a7d76f7b628ef8992f8725d1199
treatment-r3,loot-crate,5973615,1,6973615,1,0,0.02,1,11,0,1,400,0,0,4,7dc9343f6767cd52ea069f8dc71dd6b66918849c59c50637c6d2d8a659868890
treatment-r3,loot-crate,5973616,1,6973616,5,0,0.1,5,17,0,0,50,1,0,6,a31e79a1e467832d26e186b1da2d1b4f23710655c978ab02c954be5fbc57db1b
treatment-r3,loot-crate,5973617,1,6973617,6,0,0.12,6,20,0,1,400,0,0,9,97cc893fc2928dd2869a30474167b837fc547b91fa495170b6cf6f7e1a2861b1
treatment-r3,loot-crate,5973618,1,6973618,13,0,0.26,13,42,0,0,122,1,0,14,2bef82013215f606b28f38f23af2001e392ee9b2872396e8ac1dd1c23112d924
treatment-r3,loot-crate,5973619,1,6973619,2,0,0.04,2,7,0,0,37,1,0,4,1ab9895bb2436d008766046676206a0376331e516c358ef9207dec47ae1676f7
treatment-r3,loot-crate,5973620,1,6973620,17,0,0.34,17,43,0,0,115,1,0,13,587d9ad597604dd8bb626aa88147a3d0935e295908c8628a7ca133d149ea4a51
treatment-r3,loot-crate,5973621,1,6973621,7,0,0.14,7,22,0,1,400,0,0,11,3b38a0b63a4c51bdf433cfd2be8604af30555f6178858121fbf298bedcabde13
treatment-r3,loot-crate,5973622,1,6973622,2,0,0.04,2,12,0,1,400,0,0,5,ba817f04d1474a6d1d1ea6ce519c320ec0505112746bda274eba80493ad28be9
treatment-r3,loot-crate,5973623,1,6973623,2,0,0.04,2,6,0,0,16,1,0,2,9e2d4c12393f40576292f332e915bc681dbb8fd888cfad4bd2432c584f222985
treatment-r3,loot-crate,5973624,1,6973624,1,0,0.02,1,8,0,1,400,0,0,2,ba66fe28d2c702070c4b40ab04b0baaff6b02254605e5c9e9ceb56f5e064434c
treatment-r3,loot-crate,5973625,1,6973625,0,0,0.0,0,4,0,0,16,1,0,2,c761b4550ba4c278d7242fadaa2bdacc47c8a87f19bf96978f3a03d3abd5cc6d
treatment-r3,loot-crate,5973626,1,6973626,13,0,0.26,13,34,0,0,94,1,0,11,91db523f08db5ae90a5494ecd49111626442d54361ce53dc2f25abcec50401a0
treatment-r3,loot-crate,5973627,1,6973627,13,0,0.26,13,36,0,1,400,0,0,15,8b23a6fb5728a894466e1e7961d63ffabe1cf4cd5d4963548404268d5621e761
treatment-r3,loot-crate,5973628,1,6973628,10,0,0.2,10,28,0,1,400,0,0,9,488069ce7a1c0eb86879dba6d20d9a4b3e7469a3c016b8739752277b6b87f2b2
treatment-r3,loot-crate,5973629,1,6973629,36,0,0.72,36,88,0,1,400,0,0,48,0b070bb3937848a71c383adee468e9ad8c8f3eaf53aba785c5891dd6808843f9
treatment-r3,loot-crate,5973630,1,6973630,5,0,0.1,5,16,0,0,78,1,0,10,7d1ca16a2fdd01da3d5c74c665c17f9349868bdf06ab043faf0bf401a5bcd8de
treatment-r3,loot-crate,5973631,1,6973631,17,0,0.34,17,53,0,0,176,1,0,21,54c8f6918a8b79fc94f4c5340aa5b68134172755faf28bdfb8837ff1879298f1
treatment-r3,loot-crate,5973632,1,6973632,14,0,0.28,14,46,0,0,131,1,0,16,8f1c2cafa3358ea7c7c1ac4c975b43369b7d8f34d2d6ad7fa350417b55b56ba7
treatment-r3,loot-crate,5973633,1,6973633,1,0,0.02,1,12,0,0,34,1,0,5,ea2270d9f894f32e40e783ca12f14bc2345db0ce69e853695f26f7dd836614f1
treatment-r3,loot-crate,5973634,1,6973634,19,0,0.38,19,52,0,1,400,0,0,27,8be54653f1ccb7518d53db9e2ba906d5ca48e484c09fe90996863ad0507d5d80
treatment-r3,loot-crate,5973635,1,6973635,3,0,0.06,3,8,0,0,32,1,0,4,45391d3581c763154916bd74c615197fab7e59b0a9534f67f4212cb5f35af381
treatment-r3,loot-crate,5973636,1,6973636,2,0,0.04,2,8,0,0,31,1,0,4,42111c52e06a0bec222678f39069000b61740fb7e03d38403319ceba88e5ae22
treatment-r3,loot-crate,5973637,1,6973637,0,0,0.0,0,3,0,0,7,1,0,1,bec5dcd249e32c25e08bfd78ae45bacf24fc731a13a009bc818898df7a3fe547
treatment-r3,loot-crate,5973638,1,6973638,27,0,0.54,27,58,0,1,400,0,0,29,0886b9e6ba1676c693e467b4a5d6c24bdeef6570f76f00531e9bd1e2c558b552
treatment-r3,loot-crate,5973639,1,6973639,13,0,0.26,13,32,0,0,136,1,0,18,9b4e5125da6bca1983c770e6a97a3d083fbc96c5e57c48e93a4aaf85f4dc9ccd
treatment-r3,loot-crate,5973640,1,6973640,0,0,0.0,0,2,0,0,6,1,0,1,064e5a46da65e7d72d07c580e02f470447caa1b06e6139a3197f4344136ef1c6
treatment-r3,classic-empty,5973701,0,6973701,4,0,0.4444444444444444,4,56,0,1,400,0,0,54,2d4958b18c9843e8d0032daff4bf0197cbce86fc5d903178db993bbbed819af2
treatment-r3,classic-empty,5973702,0,6973702,3,0,0.3333333333333333,3,73,0,0,186,1,0,26,523ec791e88f784f27e2c6f73e7254f6c2545092acd95670579e5e732d97db62
treatment-r3,classic-empty,5973703,0,6973703,2,0,0.2222222222222222,2,61,0,0,179,1,0,25,132afb824df2beedadd13cf8782920eaf22a4cafa6e76fb54bb6429514f0db25
treatment-r3,classic-empty,5973704,0,6973704,7,0,0.7777777777777778,7,82,0,1,400,0,0,54,03008e0b7f84f39124462bff639dd6c667fa1edf6166bc0fd1d0feb929446e48
treatment-r3,classic-empty,5973705,0,6973705,5,0,0.5555555555555556,5,48,0,1,400,0,0,16,c99e93f38e687f2514c3d5986baa0ffddba72017f210a6dd91ead514313f1dcb
treatment-r3,classic-empty,5973706,0,6973706,3,0,0.3333333333333333,3,30,0,1,400,0,0,15,921e6bd807e3f326c1d58e7aff5c64f83461d6cdfc4fb5d86ec1e75c044799ff
treatment-r3,classic-empty,5973707,0,6973707,8,0,0.8888888888888888,8,110,0,1,400,0,0,54,18417997020f8286411374388c22c4f9a9abba55383f29ba199a55777ae3487a
treatment-r3,classic-empty,5973708,0,6973708,2,0,0.2222222222222222,2,33,0,1,400,0,0,57,9d7808186aabfd7b5911fcb90b41fe6afd754f91d4374b94b3b19e2a69f37340
treatment-r3,classic-empty,5973709,0,6973709,2,0,0.2222222222222222,2,19,0,0,70,1,0,10,44412a37ebbcb1116f6658c1cc14794b53ce2612bb28b6bebeb1bf309aebd031
treatment-r3,classic-empty,5973710,0,6973710,4,0,0.4444444444444444,4,99,0,1,400,0,0,54,4ae0edb3882ec7a6b123f9a4e4f73fe65814c5538db0d37bcfa05cb0e6bc6c78
treatment-r3,classic-empty,5973711,0,6973711,4,0,0.4444444444444444,4,55,0,1,400,0,0,52,eb92c6e27922db66ad1a2b5d019be6371b6d14d63b23c1bf6fc745c153e2f9f5
treatment-r3,classic-empty,5973712,0,6973712,7,0,0.7777777777777778,7,106,0,1,400,0,0,52,afbc820463b222dceea9c51dcf2028424c92368701cd10c8080d1535c60333e0
treatment-r3,classic-empty,5973713,0,6973713,0,0,0.0,0,14,0,1,400,0,0,42,7d609ac41efcd21edbb15574d1f4f382c57fe496e0e43b7893716f840deb693c
treatment-r3,classic-empty,5973714,0,6973714,1,0,0.1111111111111111,1,12,0,0,36,1,0,5,1b7b1c6477626fcd033e0a9f276dc8d3624904a3e14c4f5d35112519b84139fa
treatment-r3,classic-empty,5973715,0,6973715,0,0,0.0,0,8,0,1,400,0,0,3,e4619cca2ac43c89cf9fbf09d4d46aa8156d53bed08e15f98ed7e96fb858c775
treatment-r3,classic-empty,5973716,0,6973716,5,0,0.5555555555555556,5,86,0,1,400,0,0,48,76dea07911964576e4d38f6fb42dc670fb0e3350e9d951bf98a13d705dcb2dad
treatment-r3,classic-empty,5973717,0,6973717,9,0,1.0,9,109,0,1,400,0,0,54,6107effe97cc2b86eaf7d58c41ae68e9440a7d43ef5e46ce64377c3f72958c02
treatment-r3,classic-empty,5973718,0,6973718,6,0,0.6666666666666666,6,82,0,1,400,0,0,36,7dfe68ae8b25a558f844a7f95c2e34790b2b55ceee7c661fce350ca4cb1df2f4
treatment-r3,classic-empty,5973719,0,6973719,2,0,0.2222222222222222,2,22,0,1,400,0,0,53,8d5b24d6cbcd14f77397fe7917c371d7da5c1321131abf075ccea343be60cce4
treatment-r3,classic-empty,5973720,0,6973720,6,0,0.6666666666666666,6,82,0,1,400,0,0,46,3fe421a73d1c1242b0c2822afaf91d5793cf1f5e2386b7d8d1975ce47e12f98c
treatment-r3,classic-empty,5973721,0,6973721,0,0,0.0,0,10,0,0,27,1,0,4,13765e183f59f4255a7cad5d5bfc7c9957c5f7f1c14b2bc2e1d623b506be876e
treatment-r3,classic-empty,5973722,0,6973722,4,0,0.4444444444444444,4,35,0,1,400,0,0,12,10d3732ea57d75490bc61965f465d3e71aebcf2f08e50904e6b134156106e21a
treatment-r3,classic-empty,5973723,0,6973723,2,0,0.2222222222222222,2,50,0,1,400,0,0,33,deb20828e542ad73cdb66e7b1ab2cad12ef29d284b7e27c38343bf41fa716993
treatment-r3,classic-empty,5973724,0,6973724,7,0,0.7777777777777778,7,79,0,1,400,0,0,41,a41a0a7113d0c5bf21bab5be3dac07d23bc8d44a0e932deaf5f63f78c45a0b42
treatment-r3,classic-empty,5973725,0,6973725,3,0,0.3333333333333333,3,54,0,1,400,0,0,24,972a6ac78475a8cf043324ef50b480186f48052d44e515d6b50a8234987d8cd4
treatment-r3,classic-empty,5973726,0,6973726,1,0,0.1111111111111111,1,40,0,1,400,0,0,18,fea5114e963a22f2fdc8f857994b7a7a8fbecb111b07b4e680b1c97141f3cd9f
treatment-r3,classic-empty,5973727,0,6973727,3,0,0.3333333333333333,3,45,0,1,400,0,0,53,a487c5c1b73bf9e44f93a6d97e3f9678dce614c031b2d6b79227311066d9524c
treatment-r3,classic-empty,5973728,0,6973728,6,0,0.6666666666666666,6,66,0,1,400,0,0,50,4976614d7435f37ce6eb9ff68aacab186232f93fc03267920b634b403a464036
treatment-r3,classic-empty,5973729,0,6973729,2,0,0.2222222222222222,2,24,0,1,400,0,0,10,8438b138555cd59c6145f644c0601b3944804bf1e19cc7274c06753f649ef476
treatment-r3,classic-empty,5973730,0,6973730,9,0,1.0,9,110,0,1,400,0,0,52,ec1bd75e764ca41325427f6a354e18390a34bdef86de2deb1d2b40084166933c
treatment-r3,classic-empty,5973731,0,6973731,1,0,0.1111111111111111,1,16,0,1,400,0,0,41,540db278a1647aa9a44a974fac8d16d75c58288605a85b8d8d15405dd95a3497
treatment-r3,classic-empty,5973732,0,6973732,2,0,0.2222222222222222,2,55,0,1,400,0,0,48,e8b4290f7b7234fc2ac7e9340286b94ddcb5aa7645cec9a938e98e7aac4a12c1
treatment-r3,classic-empty,5973733,0,6973733,1,0,0.1111111111111111,1,39,0,0,130,1,0,18,8904d1d8ab0fa3c3b4e87e1ad242ebc2205236c7f8b4b94c46498795f36d33ff
treatment-r3,classic-empty,5973734,0,6973734,7,0,0.7777777777777778,7,106,0,1,400,0,0,54,6cc7bd8bc1dc04b31ae6ec5d6e797d980c4c561fcd8f8c9a0c6e7fa03e7314a5
treatment-r3,classic-empty,5973735,0,6973735,8,0,0.8888888888888888,8,94,0,1,400,0,0,53,86d4df58639c1a2676d5151921bfb8399ee7240a2de778a8a93c8aaad75d8fc0
treatment-r3,classic-empty,5973736,0,6973736,1,0,0.1111111111111111,1,14,0,1,400,0,0,42,1ba0679355f30a4b2b771f7f714bb213b3bf22cebd99d5a86c0117ca294786ae
treatment-r3,classic-empty,5973737,0,6973737,7,0,0.7777777777777778,7,65,0,1,400,0,0,52,eab8dba3c8cdb30bd509eb5c76f23684446faf82ed8d3f89238c62fd9f0b3002
treatment-r3,classic-empty,5973738,0,6973738,8,0,0.8888888888888888,8,99,0,1,400,0,0,52,5ae97a3b216524116d03cd499c5e250f2cee30c2aaa9d23f2ad74d3ab26ca1a2
treatment-r3,classic-empty,5973739,0,6973739,1,0,0.1111111111111111,1,15,0,1,400,0,0,41,6403ffbfa1372be9c8079db8952736901edb20c5f35ec6b5915725273d6dcebd
treatment-r3,classic-empty,5973740,0,6973740,2,0,0.2222222222222222,2,51,0,1,400,0,0,55,361e24969ba91d1d966d1bbdd2b9009101278dd95a2003180eb0c47466de9256
treatment-r3,classic-empty,5973701,1,6973701,4,0,0.4444444444444444,4,56,0,1,400,0,0,54,2d4958b18c9843e8d0032daff4bf0197cbce86fc5d903178db993bbbed819af2
treatment-r3,classic-empty,5973702,1,6973702,3,0,0.3333333333333333,3,73,0,0,186,1,0,26,523ec791e88f784f27e2c6f73e7254f6c2545092acd95670579e5e732d97db62
treatment-r3,classic-empty,5973703,1,6973703,2,0,0.2222222222222222,2,61,0,0,179,1,0,25,132afb824df2beedadd13cf8782920eaf22a4cafa6e76fb54bb6429514f0db25
treatment-r3,classic-empty,5973704,1,6973704,7,0,0.7777777777777778,7,82,0,1,400,0,0,54,03008e0b7f84f39124462bff639dd6c667fa1edf6166bc0fd1d0feb929446e48
treatment-r3,classic-empty,5973705,1,6973705,5,0,0.5555555555555556,5,48,0,1,400,0,0,16,c99e93f38e687f2514c3d5986baa0ffddba72017f210a6dd91ead514313f1dcb
treatment-r3,classic-empty,5973706,1,6973706,3,0,0.3333333333333333,3,30,0,1,400,0,0,15,921e6bd807e3f326c1d58e7aff5c64f83461d6cdfc4fb5d86ec1e75c044799ff
treatment-r3,classic-empty,5973707,1,6973707,8,0,0.8888888888888888,8,110,0,1,400,0,0,54,18417997020f8286411374388c22c4f9a9abba55383f29ba199a55777ae3487a
treatment-r3,classic-empty,5973708,1,6973708,2,0,0.2222222222222222,2,33,0,1,400,0,0,57,9d7808186aabfd7b5911fcb90b41fe6afd754f91d4374b94b3b19e2a69f37340
treatment-r3,classic-empty,5973709,1,6973709,2,0,0.2222222222222222,2,19,0,0,70,1,0,10,44412a37ebbcb1116f6658c1cc14794b53ce2612bb28b6bebeb1bf309aebd031
treatment-r3,classic-empty,5973710,1,6973710,4,0,0.4444444444444444,4,99,0,1,400,0,0,54,4ae0edb3882ec7a6b123f9a4e4f73fe65814c5538db0d37bcfa05cb0e6bc6c78
treatment-r3,classic-empty,5973711,1,6973711,4,0,0.4444444444444444,4,55,0,1,400,0,0,52,eb92c6e27922db66ad1a2b5d019be6371b6d14d63b23c1bf6fc745c153e2f9f5
treatment-r3,classic-empty,5973712,1,6973712,7,0,0.7777777777777778,7,106,0,1,400,0,0,52,afbc820463b222dceea9c51dcf2028424c92368701cd10c8080d1535c60333e0
treatment-r3,classic-empty,5973713,1,6973713,0,0,0.0,0,14,0,1,400,0,0,42,7d609ac41efcd21edbb15574d1f4f382c57fe496e0e43b7893716f840deb693c
treatment-r3,classic-empty,5973714,1,6973714,1,0,0.1111111111111111,1,12,0,0,36,1,0,5,1b7b1c6477626fcd033e0a9f276dc8d3624904a3e14c4f5d35112519b84139fa
treatment-r3,classic-empty,5973715,1,6973715,0,0,0.0,0,8,0,1,400,0,0,3,e4619cca2ac43c89cf9fbf09d4d46aa8156d53bed08e15f98ed7e96fb858c775
treatment-r3,classic-empty,5973716,1,6973716,5,0,0.5555555555555556,5,86,0,1,400,0,0,48,76dea07911964576e4d38f6fb42dc670fb0e3350e9d951bf98a13d705dcb2dad
treatment-r3,classic-empty,5973717,1,6973717,9,0,1.0,9,109,0,1,400,0,0,54,6107effe97cc2b86eaf7d58c41ae68e9440a7d43ef5e46ce64377c3f72958c02
treatment-r3,classic-empty,5973718,1,6973718,6,0,0.6666666666666666,6,82,0,1,400,0,0,36,7dfe68ae8b25a558f844a7f95c2e34790b2b55ceee7c661fce350ca4cb1df2f4
treatment-r3,classic-empty,5973719,1,6973719,2,0,0.2222222222222222,2,22,0,1,400,0,0,53,8d5b24d6cbcd14f77397fe7917c371d7da5c1321131abf075ccea343be60cce4
treatment-r3,classic-empty,5973720,1,6973720,6,0,0.6666666666666666,6,82,0,1,400,0,0,46,3fe421a73d1c1242b0c2822afaf91d5793cf1f5e2386b7d8d1975ce47e12f98c
treatment-r3,classic-empty,5973721,1,6973721,0,0,0.0,0,10,0,0,27,1,0,4,13765e183f59f4255a7cad5d5bfc7c9957c5f7f1c14b2bc2e1d623b506be876e
treatment-r3,classic-empty,5973722,1,6973722,4,0,0.4444444444444444,4,35,0,1,400,0,0,12,10d3732ea57d75490bc61965f465d3e71aebcf2f08e50904e6b134156106e21a
treatment-r3,classic-empty,5973723,1,6973723,2,0,0.2222222222222222,2,50,0,1,400,0,0,33,deb20828e542ad73cdb66e7b1ab2cad12ef29d284b7e27c38343bf41fa716993
treatment-r3,classic-empty,5973724,1,6973724,7,0,0.7777777777777778,7,79,0,1,400,0,0,41,a41a0a7113d0c5bf21bab5be3dac07d23bc8d44a0e932deaf5f63f78c45a0b42
treatment-r3,classic-empty,5973725,1,6973725,3,0,0.3333333333333333,3,54,0,1,400,0,0,24,972a6ac78475a8cf043324ef50b480186f48052d44e515d6b50a8234987d8cd4
treatment-r3,classic-empty,5973726,1,6973726,1,0,0.1111111111111111,1,40,0,1,400,0,0,18,fea5114e963a22f2fdc8f857994b7a7a8fbecb111b07b4e680b1c97141f3cd9f
treatment-r3,classic-empty,5973727,1,6973727,3,0,0.3333333333333333,3,45,0,1,400,0,0,53,a487c5c1b73bf9e44f93a6d97e3f9678dce614c031b2d6b79227311066d9524c
treatment-r3,classic-empty,5973728,1,6973728,6,0,0.6666666666666666,6,66,0,1,400,0,0,50,4976614d7435f37ce6eb9ff68aacab186232f93fc03267920b634b403a464036
treatment-r3,classic-empty,5973729,1,6973729,2,0,0.2222222222222222,2,24,0,1,400,0,0,10,8438b138555cd59c6145f644c0601b3944804bf1e19cc7274c06753f649ef476
treatment-r3,classic-empty,5973730,1,6973730,9,0,1.0,9,110,0,1,400,0,0,52,ec1bd75e764ca41325427f6a354e18390a34bdef86de2deb1d2b40084166933c
treatment-r3,classic-empty,5973731,1,6973731,1,0,0.1111111111111111,1,16,0,1,400,0,0,41,540db278a1647aa9a44a974fac8d16d75c58288605a85b8d8d15405dd95a3497
treatment-r3,classic-empty,5973732,1,6973732,2,0,0.2222222222222222,2,55,0,1,400,0,0,48,e8b4290f7b7234fc2ac7e9340286b94ddcb5aa7645cec9a938e98e7aac4a12c1
treatment-r3,classic-empty,5973733,1,6973733,1,0,0.1111111111111111,1,39,0,0,130,1,0,18,8904d1d8ab0fa3c3b4e87e1ad242ebc2205236c7f8b4b94c46498795f36d33ff
treatment-r3,classic-empty,5973734,1,6973734,7,0,0.7777777777777778,7,106,0,1,400,0,0,54,6cc7bd8bc1dc04b31ae6ec5d6e797d980c4c561fcd8f8c9a0c6e7fa03e7314a5
treatment-r3,classic-empty,5973735,1,6973735,8,0,0.8888888888888888,8,94,0,1,400,0,0,53,86d4df58639c1a2676d5151921bfb8399ee7240a2de778a8a93c8aaad75d8fc0
treatment-r3,classic-empty,5973736,1,6973736,1,0,0.1111111111111111,1,14,0,1,400,0,0,42,1ba0679355f30a4b2b771f7f714bb213b3bf22cebd99d5a86c0117ca294786ae
treatment-r3,classic-empty,5973737,1,6973737,7,0,0.7777777777777778,7,65,0,1,400,0,0,52,eab8dba3c8cdb30bd509eb5c76f23684446faf82ed8d3f89238c62fd9f0b3002
treatment-r3,classic-empty,5973738,1,6973738,8,0,0.8888888888888888,8,99,0,1,400,0,0,52,5ae97a3b216524116d03cd499c5e250f2cee30c2aaa9d23f2ad74d3ab26ca1a2
treatment-r3,classic-empty,5973739,1,6973739,1,0,0.1111111111111111,1,15,0,1,400,0,0,41,6403ffbfa1372be9c8079db8952736901edb20c5f35ec6b5915725273d6dcebd
treatment-r3,classic-empty,5973740,1,6973740,2,0,0.2222222222222222,2,51,0,1,400,0,0,55,361e24969ba91d1d966d1bbdd2b9009101278dd95a2003180eb0c47466de9256
control-r4,classic-peaceful,5973401,0,6973401,0,0,0.0,0,0,0,1,400,0,0,0,2c98cb549ba8c5312c532da67cc4c60bc3db7a0c376a72eae4e60c24ad94208d
control-r4,classic-peaceful,5973402,0,6973402,0,0,0.0,0,7,0,0,21,1,0,3,3274d24ada2f110481ad99f024c60eb53dcb2b4c5076f0abdc03807aba86ce77
control-r4,classic-peaceful,5973403,0,6973403,3,1,0.3333333333333333,3,81,0,0,282,1,0,36,97bf656f2b94e67edc731a7d2ed4d613064c4c8bf5aff5021deeaa85b13ffc61
control-r4,classic-peaceful,5973404,0,6973404,0,0,0.0,0,18,0,0,50,1,0,7,aa27cd82094706ded9353a92cf4ea87a8f434bbc539469a05b3490d814b05bf7
control-r4,classic-peaceful,5973405,0,6973405,0,0,0.0,0,5,0,1,400,0,0,4,385431015705f5b997f7d829b932c791e0d7e8c7d776569ece3c87e643701103
control-r4,classic-peaceful,5973406,0,6973406,0,0,0.0,0,0,0,1,400,0,0,0,2c98cb549ba8c5312c532da67cc4c60bc3db7a0c376a72eae4e60c24ad94208d
control-r4,classic-peaceful,5973407,0,6973407,0,0,0.0,0,19,0,1,400,0,0,43,8bef419b636d17358e929b50b3c0e15b65b0b1ef0cab13a7ca93ad3bd1a1b9a5
control-r4,classic-peaceful,5973408,0,6973408,1,1,0.1111111111111111,1,8,0,0,18,1,0,2,4d878acd4cef1dbd0a861469c9d745671b53cf04302ecbae217e66b9ddb3163f
control-r4,classic-peaceful,5973409,0,6973409,12,1,0.7777777777777778,7,87,1,1,400,0,0,46,bb2587db0b2ea2ac7ffcead5ef1bd516cc6343d0d80a2d39245db2de6802f32f
control-r4,classic-peaceful,5973410,0,6973410,12,1,0.7777777777777778,7,91,1,0,311,1,0,41,0a0feb6a5cd564d6b41e9f57cb1e8da5f6e6ecec0ad91335abd1986cdb6b17d7
control-r4,classic-peaceful,5973411,0,6973411,3,1,0.3333333333333333,3,100,0,1,400,0,0,45,650536489463f2b030371fbfda5ba986d6daf45da924092f6dcc8b4dc27412f6
control-r4,classic-peaceful,5973412,0,6973412,0,0,0.0,0,7,0,1,400,0,0,3,91e90a5ac35f41dac9050f97edee8e47ae502a4e9f14017b28bd2ebc06972853
control-r4,classic-peaceful,5973413,0,6973413,2,1,0.2222222222222222,2,28,0,0,106,1,0,15,353bbd00a73f678af8e9ae26ee91a695ee97ee2564b8304b861d712127bc6e53
control-r4,classic-peaceful,5973414,0,6973414,0,0,0.0,0,0,0,1,400,0,0,0,2c98cb549ba8c5312c532da67cc4c60bc3db7a0c376a72eae4e60c24ad94208d
control-r4,classic-peaceful,5973415,0,6973415,0,0,0.0,0,0,0,1,400,0,0,0,2c98cb549ba8c5312c532da67cc4c60bc3db7a0c376a72eae4e60c24ad94208d
control-r4,classic-peaceful,5973416,0,6973416,6,1,0.6666666666666666,6,93,0,1,400,0,0,49,395cd88239bed8df9b9bb8ea7cb0dfb5414e5abbbf8c87d4ac95f7d329526d39
control-r4,classic-peaceful,5973417,0,6973417,0,0,0.0,0,0,0,1,400,0,0,0,2c98cb549ba8c5312c532da67cc4c60bc3db7a0c376a72eae4e60c24ad94208d
control-r4,classic-peaceful,5973418,0,6973418,4,1,0.4444444444444444,4,50,0,1,400,0,0,47,c27fca33f371cd3e7b29e18e168e60a7b36b1a06c3daac51d53cf1f0bb175b1b
control-r4,classic-peaceful,5973419,0,6973419,5,1,0.5555555555555556,5,53,0,0,216,1,0,26,58990390966503c137398f7704dd72dbe6c73ee19536f8503962afc01f3491cd
control-r4,classic-peaceful,5973420,0,6973420,0,0,0.0,0,47,0,1,400,0,0,20,8096717a070b3e98e912ebaf4f64b1a0b29b4ca9ef7c679105ca89326ad77ce6
control-r4,classic-peaceful,5973421,0,6973421,2,1,0.2222222222222222,2,39,0,0,123,1,0,17,17284906dd7fb5e96880d5a497fca775c4affb3fc47727a517b62ed96cd1f3b2
control-r4,classic-peaceful,5973422,0,6973422,9,1,1.0,9,101,0,1,400,0,0,49,cdb447adc5fc369cd9532f8ab9aaca506011fcde9b21dfbffcfcbfefef15cfbb
control-r4,classic-peaceful,5973423,0,6973423,8,1,0.3333333333333333,3,58,1,1,400,0,0,28,d6fc2a1d3189c84d75029758a9838e527a80a33ff2c93dcb5c3223347ffaf653
control-r4,classic-peaceful,5973424,0,6973424,1,1,0.1111111111111111,1,52,0,1,400,0,0,22,a81c10f911aab92b46d12c71ab97552a2c8612e4d8c6ebb6248272527b7c0294
control-r4,classic-peaceful,5973425,0,6973425,8,1,0.8888888888888888,8,62,0,0,190,1,0,23,fe78a788244c1c5775c929577fa0bebfc49702c59ea1ac3e2ce88fc1df0b45cc
control-r4,classic-peaceful,5973426,0,6973426,4,1,0.4444444444444444,4,57,0,0,263,1,0,30,69f53bc3490c4be7b9238d5f757072bf832ab1caffb68916f2dd272dc8119e72
control-r4,classic-peaceful,5973427,0,6973427,10,1,0.5555555555555556,5,105,1,1,400,0,0,53,516d19b2876d8554707b809f346cd89cd6131a2cc077cfec87b838c55fa82743
control-r4,classic-peaceful,5973428,0,6973428,0,0,0.0,0,2,0,1,400,0,0,40,cd5171b67f10a20662b75249cadb9a463e96a855bf517c0c2b98bf5f20226c4b
control-r4,classic-peaceful,5973429,0,6973429,0,0,0.0,0,0,0,1,400,0,0,0,243418ce0f7b04ea0cafbdfad4d2c5ff2dc35489f4cb4f84f4747b58fa7c6213
control-r4,classic-peaceful,5973430,0,6973430,11,1,0.6666666666666666,6,100,1,1,400,0,0,47,0389b71d8e23390e0df0b772eb80581dedbefc0157dcaece6df8c5b166e7829a
control-r4,classic-peaceful,5973431,0,6973431,0,0,0.0,0,0,0,1,400,0,0,0,2c98cb549ba8c5312c532da67cc4c60bc3db7a0c376a72eae4e60c24ad94208d
control-r4,classic-peaceful,5973432,0,6973432,6,1,0.6666666666666666,6,106,0,1,400,0,0,51,63104514c657cf2536404ea0f3d8e7603e930669e34d393a5c34d55c8c7de12d
control-r4,classic-peaceful,5973433,0,6973433,5,1,0.5555555555555556,5,89,0,1,400,0,0,54,ef51a655e5f3501cdaa2a86f2a9506d887fc42962266c55b3a40bb7052a5ec42
control-r4,classic-peaceful,5973434,0,6973434,3,1,0.3333333333333333,3,48,0,1,400,0,0,26,bd1f4c5518c108515ddb9b841e8f76dec98ee76d30069052fb78db24b4f953fe
control-r4,classic-peaceful,5973435,0,6973435,1,1,0.1111111111111111,1,16,0,1,400,0,0,7,181ae405fe0ec6336785c3a70988e2ad9d21e16471ca345b19785d98816ed720
control-r4,classic-peaceful,5973436,0,6973436,0,0,0.0,0,0,0,1,400,0,0,0,2c98cb549ba8c5312c532da67cc4c60bc3db7a0c376a72eae4e60c24ad94208d
control-r4,classic-peaceful,5973437,0,6973437,0,0,0.0,0,0,0,1,400,0,0,0,2c98cb549ba8c5312c532da67cc4c60bc3db7a0c376a72eae4e60c24ad94208d
control-r4,classic-peaceful,5973438,0,6973438,1,1,0.1111111111111111,1,13,0,1,400,0,0,6,c722f64e45c88460fc4814c6945bf3869333472227b5ec16de0ff06adaeb7da4
control-r4,classic-peaceful,5973439,0,6973439,0,0,0.0,0,0,0,1,400,0,0,0,2c98cb549ba8c5312c532da67cc4c60bc3db7a0c376a72eae4e60c24ad94208d
control-r4,classic-peaceful,5973440,0,6973440,6,1,0.1111111111111111,1,58,1,1,400,0,1,28,731a20a48747f73b30dc3b916a122080f9f751bab0960e86e855be78da4cdd20
control-r4,classic-peaceful,5973401,1,6973401,0,0,0.0,0,0,0,1,400,0,0,0,2c98cb549ba8c5312c532da67cc4c60bc3db7a0c376a72eae4e60c24ad94208d
control-r4,classic-peaceful,5973402,1,6973402,0,0,0.0,0,7,0,0,21,1,0,3,3274d24ada2f110481ad99f024c60eb53dcb2b4c5076f0abdc03807aba86ce77
control-r4,classic-peaceful,5973403,1,6973403,3,1,0.3333333333333333,3,81,0,0,282,1,0,36,97bf656f2b94e67edc731a7d2ed4d613064c4c8bf5aff5021deeaa85b13ffc61
control-r4,classic-peaceful,5973404,1,6973404,0,0,0.0,0,18,0,0,50,1,0,7,aa27cd82094706ded9353a92cf4ea87a8f434bbc539469a05b3490d814b05bf7
control-r4,classic-peaceful,5973405,1,6973405,0,0,0.0,0,5,0,1,400,0,0,4,385431015705f5b997f7d829b932c791e0d7e8c7d776569ece3c87e643701103
control-r4,classic-peaceful,5973406,1,6973406,0,0,0.0,0,0,0,1,400,0,0,0,2c98cb549ba8c5312c532da67cc4c60bc3db7a0c376a72eae4e60c24ad94208d
control-r4,classic-peaceful,5973407,1,6973407,0,0,0.0,0,19,0,1,400,0,0,43,8bef419b636d17358e929b50b3c0e15b65b0b1ef0cab13a7ca93ad3bd1a1b9a5
control-r4,classic-peaceful,5973408,1,6973408,1,1,0.1111111111111111,1,8,0,0,18,1,0,2,4d878acd4cef1dbd0a861469c9d745671b53cf04302ecbae217e66b9ddb3163f
control-r4,classic-peaceful,5973409,1,6973409,12,1,0.7777777777777778,7,87,1,1,400,0,0,46,bb2587db0b2ea2ac7ffcead5ef1bd516cc6343d0d80a2d39245db2de6802f32f
control-r4,classic-peaceful,5973410,1,6973410,12,1,0.7777777777777778,7,91,1,0,311,1,0,41,0a0feb6a5cd564d6b41e9f57cb1e8da5f6e6ecec0ad91335abd1986cdb6b17d7
control-r4,classic-peaceful,5973411,1,6973411,3,1,0.3333333333333333,3,100,0,1,400,0,0,45,650536489463f2b030371fbfda5ba986d6daf45da924092f6dcc8b4dc27412f6
control-r4,classic-peaceful,5973412,1,6973412,0,0,0.0,0,7,0,1,400,0,0,3,91e90a5ac35f41dac9050f97edee8e47ae502a4e9f14017b28bd2ebc06972853
control-r4,classic-peaceful,5973413,1,6973413,2,1,0.2222222222222222,2,28,0,0,106,1,0,15,353bbd00a73f678af8e9ae26ee91a695ee97ee2564b8304b861d712127bc6e53
control-r4,classic-peaceful,5973414,1,6973414,0,0,0.0,0,0,0,1,400,0,0,0,2c98cb549ba8c5312c532da67cc4c60bc3db7a0c376a72eae4e60c24ad94208d
control-r4,classic-peaceful,5973415,1,6973415,0,0,0.0,0,0,0,1,400,0,0,0,2c98cb549ba8c5312c532da67cc4c60bc3db7a0c376a72eae4e60c24ad94208d
control-r4,classic-peaceful,5973416,1,6973416,6,1,0.6666666666666666,6,93,0,1,400,0,0,49,395cd88239bed8df9b9bb8ea7cb0dfb5414e5abbbf8c87d4ac95f7d329526d39
control-r4,classic-peaceful,5973417,1,6973417,0,0,0.0,0,0,0,1,400,0,0,0,2c98cb549ba8c5312c532da67cc4c60bc3db7a0c376a72eae4e60c24ad94208d
control-r4,classic-peaceful,5973418,1,6973418,4,1,0.4444444444444444,4,50,0,1,400,0,0,47,c27fca33f371cd3e7b29e18e168e60a7b36b1a06c3daac51d53cf1f0bb175b1b
control-r4,classic-peaceful,5973419,1,6973419,5,1,0.5555555555555556,5,53,0,0,216,1,0,26,58990390966503c137398f7704dd72dbe6c73ee19536f8503962afc01f3491cd
control-r4,classic-peaceful,5973420,1,6973420,0,0,0.0,0,47,0,1,400,0,0,20,8096717a070b3e98e912ebaf4f64b1a0b29b4ca9ef7c679105ca89326ad77ce6
control-r4,classic-peaceful,5973421,1,6973421,2,1,0.2222222222222222,2,39,0,0,123,1,0,17,17284906dd7fb5e96880d5a497fca775c4affb3fc47727a517b62ed96cd1f3b2
control-r4,classic-peaceful,5973422,1,6973422,9,1,1.0,9,101,0,1,400,0,0,49,cdb447adc5fc369cd9532f8ab9aaca506011fcde9b21dfbffcfcbfefef15cfbb
control-r4,classic-peaceful,5973423,1,6973423,8,1,0.3333333333333333,3,58,1,1,400,0,0,28,d6fc2a1d3189c84d75029758a9838e527a80a33ff2c93dcb5c3223347ffaf653
control-r4,classic-peaceful,5973424,1,6973424,1,1,0.1111111111111111,1,52,0,1,400,0,0,22,a81c10f911aab92b46d12c71ab97552a2c8612e4d8c6ebb6248272527b7c0294
control-r4,classic-peaceful,5973425,1,6973425,8,1,0.8888888888888888,8,62,0,0,190,1,0,23,fe78a788244c1c5775c929577fa0bebfc49702c59ea1ac3e2ce88fc1df0b45cc
control-r4,classic-peaceful,5973426,1,6973426,4,1,0.4444444444444444,4,57,0,0,263,1,0,30,69f53bc3490c4be7b9238d5f757072bf832ab1caffb68916f2dd272dc8119e72
control-r4,classic-peaceful,5973427,1,6973427,10,1,0.5555555555555556,5,105,1,1,400,0,0,53,516d19b2876d8554707b809f346cd89cd6131a2cc077cfec87b838c55fa82743
control-r4,classic-peaceful,5973428,1,6973428,0,0,0.0,0,2,0,1,400,0,0,40,cd5171b67f10a20662b75249cadb9a463e96a855bf517c0c2b98bf5f20226c4b
control-r4,classic-peaceful,5973429,1,6973429,0,0,0.0,0,0,0,1,400,0,0,0,243418ce0f7b04ea0cafbdfad4d2c5ff2dc35489f4cb4f84f4747b58fa7c6213
control-r4,classic-peaceful,5973430,1,6973430,11,1,0.6666666666666666,6,100,1,1,400,0,0,47,0389b71d8e23390e0df0b772eb80581dedbefc0157dcaece6df8c5b166e7829a
control-r4,classic-peaceful,5973431,1,6973431,0,0,0.0,0,0,0,1,400,0,0,0,2c98cb549ba8c5312c532da67cc4c60bc3db7a0c376a72eae4e60c24ad94208d
control-r4,classic-peaceful,5973432,1,6973432,6,1,0.6666666666666666,6,106,0,1,400,0,0,51,63104514c657cf2536404ea0f3d8e7603e930669e34d393a5c34d55c8c7de12d
control-r4,classic-peaceful,5973433,1,6973433,5,1,0.5555555555555556,5,89,0,1,400,0,0,54,ef51a655e5f3501cdaa2a86f2a9506d887fc42962266c55b3a40bb7052a5ec42
control-r4,classic-peaceful,5973434,1,6973434,3,1,0.3333333333333333,3,48,0,1,400,0,0,26,bd1f4c5518c108515ddb9b841e8f76dec98ee76d30069052fb78db24b4f953fe
control-r4,classic-peaceful,5973435,1,6973435,1,1,0.1111111111111111,1,16,0,1,400,0,0,7,181ae405fe0ec6336785c3a70988e2ad9d21e16471ca345b19785d98816ed720
control-r4,classic-peaceful,5973436,1,6973436,0,0,0.0,0,0,0,1,400,0,0,0,2c98cb549ba8c5312c532da67cc4c60bc3db7a0c376a72eae4e60c24ad94208d
control-r4,classic-peaceful,5973437,1,6973437,0,0,0.0,0,0,0,1,400,0,0,0,2c98cb549ba8c5312c532da67cc4c60bc3db7a0c376a72eae4e60c24ad94208d
control-r4,classic-peaceful,5973438,1,6973438,1,1,0.1111111111111111,1,13,0,1,400,0,0,6,c722f64e45c88460fc4814c6945bf3869333472227b5ec16de0ff06adaeb7da4
control-r4,classic-peaceful,5973439,1,6973439,0,0,0.0,0,0,0,1,400,0,0,0,2c98cb549ba8c5312c532da67cc4c60bc3db7a0c376a72eae4e60c24ad94208d
control-r4,classic-peaceful,5973440,1,6973440,6,1,0.1111111111111111,1,58,1,1,400,0,1,28,731a20a48747f73b30dc3b916a122080f9f751bab0960e86e855be78da4cdd20
control-r4,coin-heaven,5973501,0,6973501,50,0,1.0,50,0,0,1,159,0,0,16,00ee40e1224612d2277dbe48adb3edf846555a7849fc651e1a86bd0c1cc20b31
control-r4,coin-heaven,5973502,0,6973502,32,0,0.64,32,0,0,1,400,0,0,8,0337c70ffffdd37d70a6b4c85b5e5c6eafb70ffa9a212c3aa047c087db32401c
control-r4,coin-heaven,5973503,0,6973503,15,0,0.3,15,0,0,0,51,1,0,5,7bcb0eddcc7802f943c9041a38790c64994da52144834997986dda70beb3cf91
control-r4,coin-heaven,5973504,0,6973504,45,0,0.9,45,0,0,1,400,0,0,14,d3aead91c57b81b63b76bac8bc52f543a63521c060c90985319d83fe94ec1ac7
control-r4,coin-heaven,5973505,0,6973505,9,0,0.18,9,0,0,1,400,0,0,5,ac2250c502c9d37e97a76257b0a172609da658012b41666a65bcdb0be963b7f5
control-r4,coin-heaven,5973506,0,6973506,34,0,0.68,34,0,0,1,400,0,0,5,5576b2a122a78bc660867f633bed900960cbc18a1b7f28d72b2daa85f0f276bb
control-r4,coin-heaven,5973507,0,6973507,25,0,0.5,25,0,0,1,400,0,0,5,2f09b60669e68e82aaede3b7f5803245d3824c7edc2cde1fc85c0bd4d138e88d
control-r4,coin-heaven,5973508,0,6973508,33,0,0.66,33,0,0,1,400,0,0,8,e27ced85b2e00874dc1bd6acc915a38e391599ee69e743e18851927ee051867a
control-r4,coin-heaven,5973509,0,6973509,32,0,0.64,32,0,0,1,400,0,0,9,65f6970ac856cb266424a9209632434067e9c9368d9dc166c0e53c268f3fba25
control-r4,coin-heaven,5973510,0,6973510,28,0,0.56,28,0,0,1,400,0,0,6,a5bdbff5a64dbd1f1cc308e1195657ff98d8e254cc826cec82b7e055fecbb4ba
control-r4,coin-heaven,5973511,0,6973511,11,0,0.22,11,0,0,1,400,0,0,2,5497c4c8422bf0196087615e711f6c594b028f2dd27962be7c9128314fcf5291
control-r4,coin-heaven,5973512,0,6973512,25,0,0.5,25,0,0,1,400,0,0,7,edf4ef34182582af38bb9296777eca559f52f0e0de9d66011db464485f68f633
control-r4,coin-heaven,5973513,0,6973513,6,0,0.12,6,0,0,1,400,0,0,0,b5550771cfb6f401cc45986674b76f82203a6f4307b170e34e197458800193f1
control-r4,coin-heaven,5973514,0,6973514,10,0,0.2,10,0,0,1,400,0,0,3,14ca67ae2ae9938fff2177d8381d79eda61043bf1104c1ba0dde0ee62e59dd0c
control-r4,coin-heaven,5973515,0,6973515,44,0,0.88,44,0,0,0,143,1,0,15,591d2ec30c063e5faabf45232f541530d2b5676a46dcf2cb8bad156f1b18f5d7
control-r4,coin-heaven,5973516,0,6973516,11,0,0.22,11,0,0,1,400,0,0,3,d080341e5fbd3868f3e6548122b266a57a513ab73fe5fb7e5c10e5367c939147
control-r4,coin-heaven,5973517,0,6973517,28,0,0.56,28,0,0,0,61,1,0,7,9172eee3549ee4128b9f9640617e97e966db04357d8554f32cb86ca3f6fd5290
control-r4,coin-heaven,5973518,0,6973518,26,0,0.52,26,0,0,1,400,0,0,4,d11f4cddfcaaf13f1d6ae1adfd51d2cb31f887f63a2c05e6dde42d6e0dc648a4
control-r4,coin-heaven,5973519,0,6973519,11,0,0.22,11,0,0,1,400,0,0,3,2127cc9f0f4c3725512077fc6a7141686eca90423d9db14d278a5a5c4f3911cf
control-r4,coin-heaven,5973520,0,6973520,6,0,0.12,6,0,0,0,12,1,0,1,15d414da08551a238cfa7fc7d4ae88656efddb7e4601fb8c7dbf008f9ba947ca
control-r4,coin-heaven,5973521,0,6973521,50,0,1.0,50,0,0,1,154,0,0,14,268bfd474b7ec1b972e2ca1f4872b5d8b65c327bd155457288042d69a294e08e
control-r4,coin-heaven,5973522,0,6973522,7,0,0.14,7,0,0,1,400,0,0,1,b58cd5c4c85180bfb0303d57767bc0ba484a369f21db8081ec15b772af26bd1d
control-r4,coin-heaven,5973523,0,6973523,11,0,0.22,11,0,0,1,400,0,0,3,9ad5893231e352d04048e8de2eda917af0c7688eda66f8145fd8434455b34799
control-r4,coin-heaven,5973524,0,6973524,50,0,1.0,50,0,0,1,156,0,0,10,aeec90943c30c76560ada844350cbd1b94c24f9ea8793694302b69b83e7c4db2
control-r4,coin-heaven,5973525,0,6973525,9,0,0.18,9,0,0,1,400,0,0,3,bb89ad806d375dcdbbbd323dfb33dc27c953b79fd3b53965c6c1060dae56fee1
control-r4,coin-heaven,5973526,0,6973526,5,0,0.1,5,0,0,1,400,0,0,1,07c298d49c49427072a131a997405f4d25cc1497dc4cc482ae6e0f015bfa3087
control-r4,coin-heaven,5973527,0,6973527,50,0,1.0,50,0,0,1,148,0,0,14,2eee03b10a606f1b4fda1aa7a71a5e39476ef73fc7961f02db2bfbc4cc70fb53
control-r4,coin-heaven,5973528,0,6973528,9,0,0.18,9,0,0,1,400,0,0,1,660e1205d9f4fbf0c189d77f73300236af9ebb41dc86dda3cea7f15b7b68ed1d
control-r4,coin-heaven,5973529,0,6973529,47,0,0.94,47,0,0,0,129,1,0,11,08cb1b66c4750d046754e8b5eb872c1a8ad40e37333c5761cc22dadd9f2d58c0
control-r4,coin-heaven,5973530,0,6973530,17,0,0.34,17,0,0,1,400,0,0,6,3c1532d3a9858202b3798aecbded469fcb746979447fe890c9ae48b4b7a90114
control-r4,coin-heaven,5973531,0,6973531,2,0,0.04,2,0,0,1,400,0,0,0,a6e75b996333553c210c4747028aad40b122aceebd0ac8fa4cb9c5c9dbf72521
control-r4,coin-heaven,5973532,0,6973532,15,0,0.3,15,0,0,0,38,1,0,3,66c8656b41b0ae233084ce324d6e3778f4897e45c78e6683fc9c9e8a781e728b
control-r4,coin-heaven,5973533,0,6973533,4,0,0.08,4,0,0,1,400,0,0,0,59d320975fb05d6b161a8e952ddd3c879b7a157ded09d69ec5028d4e278448aa
control-r4,coin-heaven,5973534,0,6973534,49,0,0.98,49,0,0,1,400,0,0,21,5bc5c2e6a90a1353081a75fc4dcff5b8b4d6b0b1ee2d9bcbe4aeef2502e26339
control-r4,coin-heaven,5973535,0,6973535,11,0,0.22,11,0,0,1,400,0,0,1,800a16afbe892aa6426ea220c18e28d13c23d645ac3b1244ed8db04f1a75d9bb
control-r4,coin-heaven,5973536,0,6973536,35,0,0.7,35,0,0,1,400,0,0,7,665c659106f31efdb30cedc3f56373ba3408702cfea5acd5397c2d0132eec753
control-r4,coin-heaven,5973537,0,6973537,15,0,0.3,15,0,0,1,400,0,0,4,12b03bcd0bbdf1ce4dd0985183bd56bcbd8058494476873d8b40c4af2db5b94f
control-r4,coin-heaven,5973538,0,6973538,22,0,0.44,22,0,0,0,51,1,0,5,99e0bc4602ac8e0d6240d0eeea193922d5ac49c8ec6bc17d95f781d801ca9918
control-r4,coin-heaven,5973539,0,6973539,37,0,0.74,37,0,0,1,400,0,0,11,47bb66b518231b9a723983173aaee66f4a2103949b5c19f4bec81e43c32e82fc
control-r4,coin-heaven,5973540,0,6973540,50,0,1.0,50,0,0,1,139,0,0,9,efe7a88286b0d016b3ad188090cb7712930241bdfa9d8aef87209ccc11a42bc7
control-r4,coin-heaven,5973501,1,6973501,50,0,1.0,50,0,0,1,159,0,0,16,00ee40e1224612d2277dbe48adb3edf846555a7849fc651e1a86bd0c1cc20b31
control-r4,coin-heaven,5973502,1,6973502,32,0,0.64,32,0,0,1,400,0,0,8,0337c70ffffdd37d70a6b4c85b5e5c6eafb70ffa9a212c3aa047c087db32401c
control-r4,coin-heaven,5973503,1,6973503,15,0,0.3,15,0,0,0,51,1,0,5,7bcb0eddcc7802f943c9041a38790c64994da52144834997986dda70beb3cf91
control-r4,coin-heaven,5973504,1,6973504,45,0,0.9,45,0,0,1,400,0,0,14,d3aead91c57b81b63b76bac8bc52f543a63521c060c90985319d83fe94ec1ac7
control-r4,coin-heaven,5973505,1,6973505,9,0,0.18,9,0,0,1,400,0,0,5,ac2250c502c9d37e97a76257b0a172609da658012b41666a65bcdb0be963b7f5
control-r4,coin-heaven,5973506,1,6973506,34,0,0.68,34,0,0,1,400,0,0,5,5576b2a122a78bc660867f633bed900960cbc18a1b7f28d72b2daa85f0f276bb
control-r4,coin-heaven,5973507,1,6973507,25,0,0.5,25,0,0,1,400,0,0,5,2f09b60669e68e82aaede3b7f5803245d3824c7edc2cde1fc85c0bd4d138e88d
control-r4,coin-heaven,5973508,1,6973508,33,0,0.66,33,0,0,1,400,0,0,8,e27ced85b2e00874dc1bd6acc915a38e391599ee69e743e18851927ee051867a
control-r4,coin-heaven,5973509,1,6973509,32,0,0.64,32,0,0,1,400,0,0,9,65f6970ac856cb266424a9209632434067e9c9368d9dc166c0e53c268f3fba25
control-r4,coin-heaven,5973510,1,6973510,28,0,0.56,28,0,0,1,400,0,0,6,a5bdbff5a64dbd1f1cc308e1195657ff98d8e254cc826cec82b7e055fecbb4ba
control-r4,coin-heaven,5973511,1,6973511,11,0,0.22,11,0,0,1,400,0,0,2,5497c4c8422bf0196087615e711f6c594b028f2dd27962be7c9128314fcf5291
control-r4,coin-heaven,5973512,1,6973512,25,0,0.5,25,0,0,1,400,0,0,7,edf4ef34182582af38bb9296777eca559f52f0e0de9d66011db464485f68f633
control-r4,coin-heaven,5973513,1,6973513,6,0,0.12,6,0,0,1,400,0,0,0,b5550771cfb6f401cc45986674b76f82203a6f4307b170e34e197458800193f1
control-r4,coin-heaven,5973514,1,6973514,10,0,0.2,10,0,0,1,400,0,0,3,14ca67ae2ae9938fff2177d8381d79eda61043bf1104c1ba0dde0ee62e59dd0c
control-r4,coin-heaven,5973515,1,6973515,44,0,0.88,44,0,0,0,143,1,0,15,591d2ec30c063e5faabf45232f541530d2b5676a46dcf2cb8bad156f1b18f5d7
control-r4,coin-heaven,5973516,1,6973516,11,0,0.22,11,0,0,1,400,0,0,3,d080341e5fbd3868f3e6548122b266a57a513ab73fe5fb7e5c10e5367c939147
control-r4,coin-heaven,5973517,1,6973517,28,0,0.56,28,0,0,0,61,1,0,7,9172eee3549ee4128b9f9640617e97e966db04357d8554f32cb86ca3f6fd5290
control-r4,coin-heaven,5973518,1,6973518,26,0,0.52,26,0,0,1,400,0,0,4,d11f4cddfcaaf13f1d6ae1adfd51d2cb31f887f63a2c05e6dde42d6e0dc648a4
control-r4,coin-heaven,5973519,1,6973519,11,0,0.22,11,0,0,1,400,0,0,3,2127cc9f0f4c3725512077fc6a7141686eca90423d9db14d278a5a5c4f3911cf
control-r4,coin-heaven,5973520,1,6973520,6,0,0.12,6,0,0,0,12,1,0,1,15d414da08551a238cfa7fc7d4ae88656efddb7e4601fb8c7dbf008f9ba947ca
control-r4,coin-heaven,5973521,1,6973521,50,0,1.0,50,0,0,1,154,0,0,14,268bfd474b7ec1b972e2ca1f4872b5d8b65c327bd155457288042d69a294e08e
control-r4,coin-heaven,5973522,1,6973522,7,0,0.14,7,0,0,1,400,0,0,1,b58cd5c4c85180bfb0303d57767bc0ba484a369f21db8081ec15b772af26bd1d
control-r4,coin-heaven,5973523,1,6973523,11,0,0.22,11,0,0,1,400,0,0,3,9ad5893231e352d04048e8de2eda917af0c7688eda66f8145fd8434455b34799
control-r4,coin-heaven,5973524,1,6973524,50,0,1.0,50,0,0,1,156,0,0,10,aeec90943c30c76560ada844350cbd1b94c24f9ea8793694302b69b83e7c4db2
control-r4,coin-heaven,5973525,1,6973525,9,0,0.18,9,0,0,1,400,0,0,3,bb89ad806d375dcdbbbd323dfb33dc27c953b79fd3b53965c6c1060dae56fee1
control-r4,coin-heaven,5973526,1,6973526,5,0,0.1,5,0,0,1,400,0,0,1,07c298d49c49427072a131a997405f4d25cc1497dc4cc482ae6e0f015bfa3087
control-r4,coin-heaven,5973527,1,6973527,50,0,1.0,50,0,0,1,148,0,0,14,2eee03b10a606f1b4fda1aa7a71a5e39476ef73fc7961f02db2bfbc4cc70fb53
control-r4,coin-heaven,5973528,1,6973528,9,0,0.18,9,0,0,1,400,0,0,1,660e1205d9f4fbf0c189d77f73300236af9ebb41dc86dda3cea7f15b7b68ed1d
control-r4,coin-heaven,5973529,1,6973529,47,0,0.94,47,0,0,0,129,1,0,11,08cb1b66c4750d046754e8b5eb872c1a8ad40e37333c5761cc22dadd9f2d58c0
control-r4,coin-heaven,5973530,1,6973530,17,0,0.34,17,0,0,1,400,0,0,6,3c1532d3a9858202b3798aecbded469fcb746979447fe890c9ae48b4b7a90114
control-r4,coin-heaven,5973531,1,6973531,2,0,0.04,2,0,0,1,400,0,0,0,a6e75b996333553c210c4747028aad40b122aceebd0ac8fa4cb9c5c9dbf72521
control-r4,coin-heaven,5973532,1,6973532,15,0,0.3,15,0,0,0,38,1,0,3,66c8656b41b0ae233084ce324d6e3778f4897e45c78e6683fc9c9e8a781e728b
control-r4,coin-heaven,5973533,1,6973533,4,0,0.08,4,0,0,1,400,0,0,0,59d320975fb05d6b161a8e952ddd3c879b7a157ded09d69ec5028d4e278448aa
control-r4,coin-heaven,5973534,1,6973534,49,0,0.98,49,0,0,1,400,0,0,21,5bc5c2e6a90a1353081a75fc4dcff5b8b4d6b0b1ee2d9bcbe4aeef2502e26339
control-r4,coin-heaven,5973535,1,6973535,11,0,0.22,11,0,0,1,400,0,0,1,800a16afbe892aa6426ea220c18e28d13c23d645ac3b1244ed8db04f1a75d9bb
control-r4,coin-heaven,5973536,1,6973536,35,0,0.7,35,0,0,1,400,0,0,7,665c659106f31efdb30cedc3f56373ba3408702cfea5acd5397c2d0132eec753
control-r4,coin-heaven,5973537,1,6973537,15,0,0.3,15,0,0,1,400,0,0,4,12b03bcd0bbdf1ce4dd0985183bd56bcbd8058494476873d8b40c4af2db5b94f
control-r4,coin-heaven,5973538,1,6973538,22,0,0.44,22,0,0,0,51,1,0,5,99e0bc4602ac8e0d6240d0eeea193922d5ac49c8ec6bc17d95f781d801ca9918
control-r4,coin-heaven,5973539,1,6973539,37,0,0.74,37,0,0,1,400,0,0,11,47bb66b518231b9a723983173aaee66f4a2103949b5c19f4bec81e43c32e82fc
control-r4,coin-heaven,5973540,1,6973540,50,0,1.0,50,0,0,1,139,0,0,9,efe7a88286b0d016b3ad188090cb7712930241bdfa9d8aef87209ccc11a42bc7
control-r4,loot-crate,5973601,0,6973601,9,0,0.18,9,18,0,1,400,0,0,6,8e909c402fb83e5dfbbd7a8d42474d106bd9cca1cf3a52105765562dfeb9f680
control-r4,loot-crate,5973602,0,6973602,0,0,0.0,0,2,0,1,400,0,0,1,f22f14da4357d809b2d9bfabd9b3a5d91d05ed169eb59bdf9929f02b133516ad
control-r4,loot-crate,5973603,0,6973603,1,0,0.02,1,5,0,0,30,1,0,4,fa8cbd6e2da861b3e73f522b1e5ad3a8038ba6be01d7e6cc72b32702df154310
control-r4,loot-crate,5973604,0,6973604,0,0,0.0,0,0,0,1,400,0,0,0,2c98cb549ba8c5312c532da67cc4c60bc3db7a0c376a72eae4e60c24ad94208d
control-r4,loot-crate,5973605,0,6973605,1,0,0.02,1,4,0,1,400,0,0,2,72b1bc9505869ab4b0d0b09c335d107118a3cb0b904510dd5559e59b830a59e6
control-r4,loot-crate,5973606,0,6973606,1,0,0.02,1,10,0,1,400,0,0,3,53b6ec83a1e6a0e575b27985de72bb75d73c5ec22d614309599002db7b4ead45
control-r4,loot-crate,5973607,0,6973607,0,0,0.0,0,0,0,1,400,0,0,0,2c98cb549ba8c5312c532da67cc4c60bc3db7a0c376a72eae4e60c24ad94208d
control-r4,loot-crate,5973608,0,6973608,4,0,0.08,4,13,0,1,400,0,0,5,9c0f985a3eb8c96d315bd10a01a1969477fc417e177eb73567acc92b9cd4f6a0
control-r4,loot-crate,5973609,0,6973609,2,0,0.04,2,8,0,1,400,0,0,3,4a4062cb713dd17b2294c87bd8c32ecacb7043207272dfa014f7fb6c4c48dfa4
control-r4,loot-crate,5973610,0,6973610,14,0,0.28,14,46,0,1,400,0,0,21,583abca26a535ebcce03a1c08afc0ca2083f972dc4abf25012cc6c0d763cf291
control-r4,loot-crate,5973611,0,6973611,0,0,0.0,0,0,0,1,400,0,0,0,2c98cb549ba8c5312c532da67cc4c60bc3db7a0c376a72eae4e60c24ad94208d
control-r4,loot-crate,5973612,0,6973612,0,0,0.0,0,2,0,1,400,0,0,1,5af109219bc6b38cdb306e2754f1a5a61671a9ba9dc51630b27576957823afa7
control-r4,loot-crate,5973613,0,6973613,1,0,0.02,1,14,0,0,40,1,0,6,d53982c7d088bc489820649e17792fb919f9c32533dafd46e8ac5f5c9edd8585
control-r4,loot-crate,5973614,0,6973614,1,0,0.02,1,4,0,1,400,0,0,2,1306793bafe64b43db6d488332bd2272ef4262bd088ab79fea64d9d55cdf63ec
control-r4,loot-crate,5973615,0,6973615,0,0,0.0,0,1,0,1,400,0,0,1,90d43dc88ff718357eb8980be8e278bf3ccf2a527806080de71b5991fff0b4ab
control-r4,loot-crate,5973616,0,6973616,0,0,0.0,0,0,0,1,400,0,0,0,2c98cb549ba8c5312c532da67cc4c60bc3db7a0c376a72eae4e60c24ad94208d
control-r4,loot-crate,5973617,0,6973617,0,0,0.0,0,3,0,1,400,0,0,1,fdbd958e2e363ef5da539a939e441b9523aabec4e1e28bc32a6134df358d957c
control-r4,loot-crate,5973618,0,6973618,2,0,0.04,2,7,0,0,29,1,0,3,28b78ed4658142adce6050a41cb474860ab16ad544250b718073f7b6583253da
control-r4,loot-crate,5973619,0,6973619,0,0,0.0,0,5,0,1,400,0,0,2,b36f75276f37255807b6bc6936dbae8b3753bb0694cfdb12fa52f91bc05305fb
control-r4,loot-crate,5973620,0,6973620,2,0,0.04,2,4,0,1,400,0,0,3,9012ad73eecfa58cf3d965ff029c085828d7396b9b0764175c8f07cd155e1d4a
control-r4,loot-crate,5973621,0,6973621,6,0,0.12,6,19,0,1,400,0,0,42,8637789113d74ca4dfe086cc305ec06a2a14c69cf58ccff773cbb90e1523c488
control-r4,loot-crate,5973622,0,6973622,7,0,0.14,7,21,0,0,87,1,0,12,a2b2ff21a94a7b27c600ff59898615414b76895a5b11ddde8298fd88a9b93a60
control-r4,loot-crate,5973623,0,6973623,0,0,0.0,0,0,0,1,400,0,0,0,2c98cb549ba8c5312c532da67cc4c60bc3db7a0c376a72eae4e60c24ad94208d
control-r4,loot-crate,5973624,0,6973624,1,0,0.02,1,8,0,1,400,0,0,2,f84e43bece3c1c6484370f763d94bbca83c003ef1d774d5055828bdbe574e993
control-r4,loot-crate,5973625,0,6973625,0,0,0.0,0,1,0,1,400,0,0,1,28402ceb606c16458e5d2d5c761d5229c290f0b0faff3e45071c82e458b68320
control-r4,loot-crate,5973626,0,6973626,0,0,0.0,0,2,0,1,400,0,0,1,f22f14da4357d809b2d9bfabd9b3a5d91d05ed169eb59bdf9929f02b133516ad
control-r4,loot-crate,5973627,0,6973627,1,0,0.02,1,6,0,0,27,1,0,4,5f68447c127f5d39bb23be5de14aa15a740f059da2850fa8a645f8e3b31e782b
control-r4,loot-crate,5973628,0,6973628,1,0,0.02,1,5,0,1,400,0,0,2,f84e43bece3c1c6484370f763d94bbca83c003ef1d774d5055828bdbe574e993
control-r4,loot-crate,5973629,0,6973629,2,0,0.04,2,8,0,1,400,0,0,4,fedce5194e578dd5cf68ef7d4a64e3485f87ab24f2266b47240b638a2a836dd9
control-r4,loot-crate,5973630,0,6973630,6,0,0.12,6,19,0,0,77,1,0,10,fc04ce912048168d37ee7606ffda59a58bf2c8c8603c8477879ada4d57d4f4ff
control-r4,loot-crate,5973631,0,6973631,0,0,0.0,0,0,0,1,400,0,0,0,2c98cb549ba8c5312c532da67cc4c60bc3db7a0c376a72eae4e60c24ad94208d
control-r4,loot-crate,5973632,0,6973632,0,0,0.0,0,0,0,1,400,0,0,0,2c98cb549ba8c5312c532da67cc4c60bc3db7a0c376a72eae4e60c24ad94208d
control-r4,loot-crate,5973633,0,6973633,5,0,0.1,5,14,0,1,400,0,0,7,63acedaaf222d466c8a0290bfcb1918bb5110a881386c4923c3b91df46035b30
control-r4,loot-crate,5973634,0,6973634,5,0,0.1,5,12,0,0,59,1,0,6,fccca9eba3195d7cf0355d05fc8de880f722c4ba1ebd596ea1b3ecd0f5cd84d1
control-r4,loot-crate,5973635,0,6973635,0,0,0.0,0,0,0,1,400,0,0,0,2c98cb549ba8c5312c532da67cc4c60bc3db7a0c376a72eae4e60c24ad94208d
control-r4,loot-crate,5973636,0,6973636,3,0,0.06,3,7,0,1,400,0,0,41,08cfb4e7fa8bf7178641f27a315034754a19d8f074a9ccc9b5aecca58a3cad92
control-r4,loot-crate,5973637,0,6973637,9,0,0.18,9,27,0,1,400,0,0,12,851ef4ff8be438859dc39e931d1fc31639ae057efc050a853f4711147a8c21df
control-r4,loot-crate,5973638,0,6973638,6,0,0.12,6,15,0,0,58,1,0,7,d1898b49fe6e0ad01d9cf7e15815880d47f650347f73cb137e61f00b8d144613
control-r4,loot-crate,5973639,0,6973639,2,0,0.04,2,8,0,1,400,0,0,3,d5a9ec843ca054064901315252711cb350dc036e9a12068e99dc416b7d2ba5ae
control-r4,loot-crate,5973640,0,6973640,0,0,0.0,0,2,0,0,6,1,0,1,5cd30c4ae4bb55baf1434c7632a7f629ad693352d0bb7ebf8d4135bde6838fbe
control-r4,loot-crate,5973601,1,6973601,9,0,0.18,9,18,0,1,400,0,0,6,8e909c402fb83e5dfbbd7a8d42474d106bd9cca1cf3a52105765562dfeb9f680
control-r4,loot-crate,5973602,1,6973602,0,0,0.0,0,2,0,1,400,0,0,1,f22f14da4357d809b2d9bfabd9b3a5d91d05ed169eb59bdf9929f02b133516ad
control-r4,loot-crate,5973603,1,6973603,1,0,0.02,1,5,0,0,30,1,0,4,fa8cbd6e2da861b3e73f522b1e5ad3a8038ba6be01d7e6cc72b32702df154310
control-r4,loot-crate,5973604,1,6973604,0,0,0.0,0,0,0,1,400,0,0,0,2c98cb549ba8c5312c532da67cc4c60bc3db7a0c376a72eae4e60c24ad94208d
control-r4,loot-crate,5973605,1,6973605,1,0,0.02,1,4,0,1,400,0,0,2,72b1bc9505869ab4b0d0b09c335d107118a3cb0b904510dd5559e59b830a59e6
control-r4,loot-crate,5973606,1,6973606,1,0,0.02,1,10,0,1,400,0,0,3,53b6ec83a1e6a0e575b27985de72bb75d73c5ec22d614309599002db7b4ead45
control-r4,loot-crate,5973607,1,6973607,0,0,0.0,0,0,0,1,400,0,0,0,2c98cb549ba8c5312c532da67cc4c60bc3db7a0c376a72eae4e60c24ad94208d
control-r4,loot-crate,5973608,1,6973608,4,0,0.08,4,13,0,1,400,0,0,5,9c0f985a3eb8c96d315bd10a01a1969477fc417e177eb73567acc92b9cd4f6a0
control-r4,loot-crate,5973609,1,6973609,2,0,0.04,2,8,0,1,400,0,0,3,4a4062cb713dd17b2294c87bd8c32ecacb7043207272dfa014f7fb6c4c48dfa4
control-r4,loot-crate,5973610,1,6973610,14,0,0.28,14,46,0,1,400,0,0,21,583abca26a535ebcce03a1c08afc0ca2083f972dc4abf25012cc6c0d763cf291
control-r4,loot-crate,5973611,1,6973611,0,0,0.0,0,0,0,1,400,0,0,0,2c98cb549ba8c5312c532da67cc4c60bc3db7a0c376a72eae4e60c24ad94208d
control-r4,loot-crate,5973612,1,6973612,0,0,0.0,0,2,0,1,400,0,0,1,5af109219bc6b38cdb306e2754f1a5a61671a9ba9dc51630b27576957823afa7
control-r4,loot-crate,5973613,1,6973613,1,0,0.02,1,14,0,0,40,1,0,6,d53982c7d088bc489820649e17792fb919f9c32533dafd46e8ac5f5c9edd8585
control-r4,loot-crate,5973614,1,6973614,1,0,0.02,1,4,0,1,400,0,0,2,1306793bafe64b43db6d488332bd2272ef4262bd088ab79fea64d9d55cdf63ec
control-r4,loot-crate,5973615,1,6973615,0,0,0.0,0,1,0,1,400,0,0,1,90d43dc88ff718357eb8980be8e278bf3ccf2a527806080de71b5991fff0b4ab
control-r4,loot-crate,5973616,1,6973616,0,0,0.0,0,0,0,1,400,0,0,0,2c98cb549ba8c5312c532da67cc4c60bc3db7a0c376a72eae4e60c24ad94208d
control-r4,loot-crate,5973617,1,6973617,0,0,0.0,0,3,0,1,400,0,0,1,fdbd958e2e363ef5da539a939e441b9523aabec4e1e28bc32a6134df358d957c
control-r4,loot-crate,5973618,1,6973618,2,0,0.04,2,7,0,0,29,1,0,3,28b78ed4658142adce6050a41cb474860ab16ad544250b718073f7b6583253da
control-r4,loot-crate,5973619,1,6973619,0,0,0.0,0,5,0,1,400,0,0,2,b36f75276f37255807b6bc6936dbae8b3753bb0694cfdb12fa52f91bc05305fb
control-r4,loot-crate,5973620,1,6973620,2,0,0.04,2,4,0,1,400,0,0,3,9012ad73eecfa58cf3d965ff029c085828d7396b9b0764175c8f07cd155e1d4a
control-r4,loot-crate,5973621,1,6973621,6,0,0.12,6,19,0,1,400,0,0,42,8637789113d74ca4dfe086cc305ec06a2a14c69cf58ccff773cbb90e1523c488
control-r4,loot-crate,5973622,1,6973622,7,0,0.14,7,21,0,0,87,1,0,12,a2b2ff21a94a7b27c600ff59898615414b76895a5b11ddde8298fd88a9b93a60
control-r4,loot-crate,5973623,1,6973623,0,0,0.0,0,0,0,1,400,0,0,0,2c98cb549ba8c5312c532da67cc4c60bc3db7a0c376a72eae4e60c24ad94208d
control-r4,loot-crate,5973624,1,6973624,1,0,0.02,1,8,0,1,400,0,0,2,f84e43bece3c1c6484370f763d94bbca83c003ef1d774d5055828bdbe574e993
control-r4,loot-crate,5973625,1,6973625,0,0,0.0,0,1,0,1,400,0,0,1,28402ceb606c16458e5d2d5c761d5229c290f0b0faff3e45071c82e458b68320
control-r4,loot-crate,5973626,1,6973626,0,0,0.0,0,2,0,1,400,0,0,1,f22f14da4357d809b2d9bfabd9b3a5d91d05ed169eb59bdf9929f02b133516ad
control-r4,loot-crate,5973627,1,6973627,1,0,0.02,1,6,0,0,27,1,0,4,5f68447c127f5d39bb23be5de14aa15a740f059da2850fa8a645f8e3b31e782b
control-r4,loot-crate,5973628,1,6973628,1,0,0.02,1,5,0,1,400,0,0,2,f84e43bece3c1c6484370f763d94bbca83c003ef1d774d5055828bdbe574e993
control-r4,loot-crate,5973629,1,6973629,2,0,0.04,2,8,0,1,400,0,0,4,fedce5194e578dd5cf68ef7d4a64e3485f87ab24f2266b47240b638a2a836dd9
control-r4,loot-crate,5973630,1,6973630,6,0,0.12,6,19,0,0,77,1,0,10,fc04ce912048168d37ee7606ffda59a58bf2c8c8603c8477879ada4d57d4f4ff
control-r4,loot-crate,5973631,1,6973631,0,0,0.0,0,0,0,1,400,0,0,0,2c98cb549ba8c5312c532da67cc4c60bc3db7a0c376a72eae4e60c24ad94208d
control-r4,loot-crate,5973632,1,6973632,0,0,0.0,0,0,0,1,400,0,0,0,2c98cb549ba8c5312c532da67cc4c60bc3db7a0c376a72eae4e60c24ad94208d
control-r4,loot-crate,5973633,1,6973633,5,0,0.1,5,14,0,1,400,0,0,7,63acedaaf222d466c8a0290bfcb1918bb5110a881386c4923c3b91df46035b30
control-r4,loot-crate,5973634,1,6973634,5,0,0.1,5,12,0,0,59,1,0,6,fccca9eba3195d7cf0355d05fc8de880f722c4ba1ebd596ea1b3ecd0f5cd84d1
control-r4,loot-crate,5973635,1,6973635,0,0,0.0,0,0,0,1,400,0,0,0,2c98cb549ba8c5312c532da67cc4c60bc3db7a0c376a72eae4e60c24ad94208d
control-r4,loot-crate,5973636,1,6973636,3,0,0.06,3,7,0,1,400,0,0,41,08cfb4e7fa8bf7178641f27a315034754a19d8f074a9ccc9b5aecca58a3cad92
control-r4,loot-crate,5973637,1,6973637,9,0,0.18,9,27,0,1,400,0,0,12,851ef4ff8be438859dc39e931d1fc31639ae057efc050a853f4711147a8c21df
control-r4,loot-crate,5973638,1,6973638,6,0,0.12,6,15,0,0,58,1,0,7,d1898b49fe6e0ad01d9cf7e15815880d47f650347f73cb137e61f00b8d144613
control-r4,loot-crate,5973639,1,6973639,2,0,0.04,2,8,0,1,400,0,0,3,d5a9ec843ca054064901315252711cb350dc036e9a12068e99dc416b7d2ba5ae
control-r4,loot-crate,5973640,1,6973640,0,0,0.0,0,2,0,0,6,1,0,1,5cd30c4ae4bb55baf1434c7632a7f629ad693352d0bb7ebf8d4135bde6838fbe
control-r4,classic-empty,5973701,0,6973701,0,0,0.0,0,10,0,1,400,0,0,5,0bba50f501b570806f5ea6dcde9941495bfbb14df3a279b2eea4b4ddf5ffdd01
control-r4,classic-empty,5973702,0,6973702,0,0,0.0,0,8,0,0,27,1,0,4,57b474e06ca31b92a0d5255ac857252d363a59be66acdffbec30a005b7c5b386
control-r4,classic-empty,5973703,0,6973703,0,0,0.0,0,0,0,1,400,0,0,0,2c98cb549ba8c5312c532da67cc4c60bc3db7a0c376a72eae4e60c24ad94208d
control-r4,classic-empty,5973704,0,6973704,2,0,0.2222222222222222,2,32,0,1,400,0,0,16,a49e43c0eb7246fd6dd89210f026e7b64346e1a6e15fd1fa4fb5292756c7cf9e
control-r4,classic-empty,5973705,0,6973705,0,0,0.0,0,0,0,1,400,0,0,0,2c98cb549ba8c5312c532da67cc4c60bc3db7a0c376a72eae4e60c24ad94208d
control-r4,classic-empty,5973706,0,6973706,0,0,0.0,0,4,0,1,400,0,0,2,a2bcaae76cb610231fb771cb0e8bb96aab5bea8ad5f0840e773331b94890b331
control-r4,classic-empty,5973707,0,6973707,0,0,0.0,0,0,0,1,400,0,0,0,2c98cb549ba8c5312c532da67cc4c60bc3db7a0c376a72eae4e60c24ad94208d
control-r4,classic-empty,5973708,0,6973708,0,0,0.0,0,2,0,1,400,0,0,1,5eb628ceac9146256d426b20c0715af338fe0dbfe6c5683c385f55144e65553c
control-r4,classic-empty,5973709,0,6973709,3,0,0.3333333333333333,3,33,0,1,400,0,0,14,7bbc187ac89a45101c4608d8c8d126dbf685c78be072b4bd4e401a18d7b5cd46
control-r4,classic-empty,5973710,0,6973710,0,0,0.0,0,0,0,1,400,0,0,0,2c98cb549ba8c5312c532da67cc4c60bc3db7a0c376a72eae4e60c24ad94208d
control-r4,classic-empty,5973711,0,6973711,1,0,0.1111111111111111,1,17,0,1,400,0,0,7,f921b6db47b64ffc8db40db8a38e001930f1650416e27e5678900ae6f9f52042
control-r4,classic-empty,5973712,0,6973712,0,0,0.0,0,2,0,1,400,0,0,1,5af109219bc6b38cdb306e2754f1a5a61671a9ba9dc51630b27576957823afa7
control-r4,classic-empty,5973713,0,6973713,1,0,0.1111111111111111,1,33,0,1,400,0,0,11,6130f2f0f4a7f6750c9f032779c34f4d2a55712c0720b89ee8793fbab392310d
control-r4,classic-empty,5973714,0,6973714,0,0,0.0,0,0,0,1,400,0,0,0,2c98cb549ba8c5312c532da67cc4c60bc3db7a0c376a72eae4e60c24ad94208d
control-r4,classic-empty,5973715,0,6973715,0,0,0.0,0,2,0,1,400,0,0,1,5af109219bc6b38cdb306e2754f1a5a61671a9ba9dc51630b27576957823afa7
control-r4,classic-empty,5973716,0,6973716,0,0,0.0,0,0,0,1,400,0,0,0,2c98cb549ba8c5312c532da67cc4c60bc3db7a0c376a72eae4e60c24ad94208d
control-r4,classic-empty,5973717,0,6973717,1,0,0.1111111111111111,1,8,0,1,400,0,0,4,e2a8d37077fda9c60ed667b6a8f8e5bf3cd174cd7e4dab46233afc59d00914a0
control-r4,classic-empty,5973718,0,6973718,0,0,0.0,0,0,0,1,400,0,0,0,2c98cb549ba8c5312c532da67cc4c60bc3db7a0c376a72eae4e60c24ad94208d
control-r4,classic-empty,5973719,0,6973719,2,0,0.2222222222222222,2,30,0,1,400,0,0,12,ffaada5ee36ea70e6693c6a3cae694684bab36f30346ab6a0cf97e50f3209636
control-r4,classic-empty,5973720,0,6973720,3,0,0.3333333333333333,3,30,0,1,400,0,0,10,72a56fc6e4649b5756d3f35a25070f34f80da1efcf6742cd54de199e8c02b626
control-r4,classic-empty,5973721,0,6973721,1,0,0.1111111111111111,1,10,0,0,34,1,0,5,fdd75c1c02debe3ba9c0bafed770f5416dbe55694455f68d9601c357ca4a9acb
control-r4,classic-empty,5973722,0,6973722,1,0,0.1111111111111111,1,20,0,1,400,0,0,8,5dc08a7d613ed94b8be237c483e66da1ac39c642b2b9159e2093da850a34a9bd
control-r4,classic-empty,5973723,0,6973723,5,0,0.5555555555555556,5,69,0,1,400,0,0,25,6e0890a26aba18cfaf9ab835bc7acd3e030131c7d54ac6ba36fe7297204183cd
control-r4,classic-empty,5973724,0,6973724,3,0,0.3333333333333333,3,32,0,1,400,0,0,27,ab03f36c841728193855a57538e371350decc16264b6fca8f8a046fb3c455d74
control-r4,classic-empty,5973725,0,6973725,0,0,0.0,0,0,0,1,400,0,0,0,2c98cb549ba8c5312c532da67cc4c60bc3db7a0c376a72eae4e60c24ad94208d
control-r4,classic-empty,5973726,0,6973726,1,0,0.1111111111111111,1,43,0,1,400,0,0,20,80980a467a743a76cb825354ca4634781b2439b2624e433099dc12de2fd03f07
control-r4,classic-empty,5973727,0,6973727,2,0,0.2222222222222222,2,40,0,1,400,0,0,19,0316c03ce7e4515f1c2b2bee39f1c5573f66aa57c5dd4381956b3079e8e545f5
control-r4,classic-empty,5973728,0,6973728,1,0,0.1111111111111111,1,13,0,1,400,0,0,5,48cee3d433c4acf1dba8f4d0a4c15870d0eb1caa817c7aa601540e7247d43ebe
control-r4,classic-empty,5973729,0,6973729,1,0,0.1111111111111111,1,8,0,1,400,0,0,4,e2a8d37077fda9c60ed667b6a8f8e5bf3cd174cd7e4dab46233afc59d00914a0
control-r4,classic-empty,5973730,0,6973730,1,0,0.1111111111111111,1,12,0,1,400,0,0,4,e5b479647ddcd85de8b458af3535243bd8938654fe70e4a1f93b553765da1edf
control-r4,classic-empty,5973731,0,6973731,4,0,0.4444444444444444,4,37,0,1,400,0,0,15,f069e78ba6f2c19b966aaecb2e6bfba2b979abbbe66adec37ee7a9adc8cc17af
control-r4,classic-empty,5973732,0,6973732,2,0,0.2222222222222222,2,68,0,1,400,0,0,31,0d05314e5bc53ec5419a97b1d78d88f8989dcde351a2a0506d2932e6b77c1ad4
control-r4,classic-empty,5973733,0,6973733,2,0,0.2222222222222222,2,45,0,1,400,0,0,23,e4eb6848a4515994ec9747953d6db9b8c6aa3c6134bed217af8c5c6be60c79ae
control-r4,classic-empty,5973734,0,6973734,1,0,0.1111111111111111,1,3,0,1,400,0,0,1,9fa3dd455e21a7cc742c5519ebfff7d7cf73244a8a23dda5a492241f825d6123
control-r4,classic-empty,5973735,0,6973735,2,0,0.2222222222222222,2,22,0,1,400,0,0,48,fb32333103bd6cd8d26f5b325405d3db68a81e4300b730d5c027af55a1733db9
control-r4,classic-empty,5973736,0,6973736,2,0,0.2222222222222222,2,33,0,1,400,0,0,16,4fc783a338364e07338bb2de9c209ce066b555b982482efa1da33eacefbaabd3
control-r4,classic-empty,5973737,0,6973737,0,0,0.0,0,2,0,1,400,0,0,1,5af109219bc6b38cdb306e2754f1a5a61671a9ba9dc51630b27576957823afa7
control-r4,classic-empty,5973738,0,6973738,0,0,0.0,0,1,0,1,400,0,0,1,fdbd958e2e363ef5da539a939e441b9523aabec4e1e28bc32a6134df358d957c
control-r4,classic-empty,5973739,0,6973739,3,0,0.3333333333333333,3,50,0,1,400,0,0,17,034395dbf374bace4342c36a4896151ca202b836ece5ac244c6d44c665b32d14
control-r4,classic-empty,5973740,0,6973740,0,0,0.0,0,35,0,1,400,0,0,13,d744bdf3ba993c3d5db86e9f14bdc9f33c58e567f72b4ce64418002138f6c2b4
control-r4,classic-empty,5973701,1,6973701,0,0,0.0,0,10,0,1,400,0,0,5,0bba50f501b570806f5ea6dcde9941495bfbb14df3a279b2eea4b4ddf5ffdd01
control-r4,classic-empty,5973702,1,6973702,0,0,0.0,0,8,0,0,27,1,0,4,57b474e06ca31b92a0d5255ac857252d363a59be66acdffbec30a005b7c5b386
control-r4,classic-empty,5973703,1,6973703,0,0,0.0,0,0,0,1,400,0,0,0,2c98cb549ba8c5312c532da67cc4c60bc3db7a0c376a72eae4e60c24ad94208d
control-r4,classic-empty,5973704,1,6973704,2,0,0.2222222222222222,2,32,0,1,400,0,0,16,a49e43c0eb7246fd6dd89210f026e7b64346e1a6e15fd1fa4fb5292756c7cf9e
control-r4,classic-empty,5973705,1,6973705,0,0,0.0,0,0,0,1,400,0,0,0,2c98cb549ba8c5312c532da67cc4c60bc3db7a0c376a72eae4e60c24ad94208d
control-r4,classic-empty,5973706,1,6973706,0,0,0.0,0,4,0,1,400,0,0,2,a2bcaae76cb610231fb771cb0e8bb96aab5bea8ad5f0840e773331b94890b331
control-r4,classic-empty,5973707,1,6973707,0,0,0.0,0,0,0,1,400,0,0,0,2c98cb549ba8c5312c532da67cc4c60bc3db7a0c376a72eae4e60c24ad94208d
control-r4,classic-empty,5973708,1,6973708,0,0,0.0,0,2,0,1,400,0,0,1,5eb628ceac9146256d426b20c0715af338fe0dbfe6c5683c385f55144e65553c
control-r4,classic-empty,5973709,1,6973709,3,0,0.3333333333333333,3,33,0,1,400,0,0,14,7bbc187ac89a45101c4608d8c8d126dbf685c78be072b4bd4e401a18d7b5cd46
control-r4,classic-empty,5973710,1,6973710,0,0,0.0,0,0,0,1,400,0,0,0,2c98cb549ba8c5312c532da67cc4c60bc3db7a0c376a72eae4e60c24ad94208d
control-r4,classic-empty,5973711,1,6973711,1,0,0.1111111111111111,1,17,0,1,400,0,0,7,f921b6db47b64ffc8db40db8a38e001930f1650416e27e5678900ae6f9f52042
control-r4,classic-empty,5973712,1,6973712,0,0,0.0,0,2,0,1,400,0,0,1,5af109219bc6b38cdb306e2754f1a5a61671a9ba9dc51630b27576957823afa7
control-r4,classic-empty,5973713,1,6973713,1,0,0.1111111111111111,1,33,0,1,400,0,0,11,6130f2f0f4a7f6750c9f032779c34f4d2a55712c0720b89ee8793fbab392310d
control-r4,classic-empty,5973714,1,6973714,0,0,0.0,0,0,0,1,400,0,0,0,2c98cb549ba8c5312c532da67cc4c60bc3db7a0c376a72eae4e60c24ad94208d
control-r4,classic-empty,5973715,1,6973715,0,0,0.0,0,2,0,1,400,0,0,1,5af109219bc6b38cdb306e2754f1a5a61671a9ba9dc51630b27576957823afa7
control-r4,classic-empty,5973716,1,6973716,0,0,0.0,0,0,0,1,400,0,0,0,2c98cb549ba8c5312c532da67cc4c60bc3db7a0c376a72eae4e60c24ad94208d
control-r4,classic-empty,5973717,1,6973717,1,0,0.1111111111111111,1,8,0,1,400,0,0,4,e2a8d37077fda9c60ed667b6a8f8e5bf3cd174cd7e4dab46233afc59d00914a0
control-r4,classic-empty,5973718,1,6973718,0,0,0.0,0,0,0,1,400,0,0,0,2c98cb549ba8c5312c532da67cc4c60bc3db7a0c376a72eae4e60c24ad94208d
control-r4,classic-empty,5973719,1,6973719,2,0,0.2222222222222222,2,30,0,1,400,0,0,12,ffaada5ee36ea70e6693c6a3cae694684bab36f30346ab6a0cf97e50f3209636
control-r4,classic-empty,5973720,1,6973720,3,0,0.3333333333333333,3,30,0,1,400,0,0,10,72a56fc6e4649b5756d3f35a25070f34f80da1efcf6742cd54de199e8c02b626
control-r4,classic-empty,5973721,1,6973721,1,0,0.1111111111111111,1,10,0,0,34,1,0,5,fdd75c1c02debe3ba9c0bafed770f5416dbe55694455f68d9601c357ca4a9acb
control-r4,classic-empty,5973722,1,6973722,1,0,0.1111111111111111,1,20,0,1,400,0,0,8,5dc08a7d613ed94b8be237c483e66da1ac39c642b2b9159e2093da850a34a9bd
control-r4,classic-empty,5973723,1,6973723,5,0,0.5555555555555556,5,69,0,1,400,0,0,25,6e0890a26aba18cfaf9ab835bc7acd3e030131c7d54ac6ba36fe7297204183cd
control-r4,classic-empty,5973724,1,6973724,3,0,0.3333333333333333,3,32,0,1,400,0,0,27,ab03f36c841728193855a57538e371350decc16264b6fca8f8a046fb3c455d74
control-r4,classic-empty,5973725,1,6973725,0,0,0.0,0,0,0,1,400,0,0,0,2c98cb549ba8c5312c532da67cc4c60bc3db7a0c376a72eae4e60c24ad94208d
control-r4,classic-empty,5973726,1,6973726,1,0,0.1111111111111111,1,43,0,1,400,0,0,20,80980a467a743a76cb825354ca4634781b2439b2624e433099dc12de2fd03f07
control-r4,classic-empty,5973727,1,6973727,2,0,0.2222222222222222,2,40,0,1,400,0,0,19,0316c03ce7e4515f1c2b2bee39f1c5573f66aa57c5dd4381956b3079e8e545f5
control-r4,classic-empty,5973728,1,6973728,1,0,0.1111111111111111,1,13,0,1,400,0,0,5,48cee3d433c4acf1dba8f4d0a4c15870d0eb1caa817c7aa601540e7247d43ebe
control-r4,classic-empty,5973729,1,6973729,1,0,0.1111111111111111,1,8,0,1,400,0,0,4,e2a8d37077fda9c60ed667b6a8f8e5bf3cd174cd7e4dab46233afc59d00914a0
control-r4,classic-empty,5973730,1,6973730,1,0,0.1111111111111111,1,12,0,1,400,0,0,4,e5b479647ddcd85de8b458af3535243bd8938654fe70e4a1f93b553765da1edf
control-r4,classic-empty,5973731,1,6973731,4,0,0.4444444444444444,4,37,0,1,400,0,0,15,f069e78ba6f2c19b966aaecb2e6bfba2b979abbbe66adec37ee7a9adc8cc17af
control-r4,classic-empty,5973732,1,6973732,2,0,0.2222222222222222,2,68,0,1,400,0,0,31,0d05314e5bc53ec5419a97b1d78d88f8989dcde351a2a0506d2932e6b77c1ad4
control-r4,classic-empty,5973733,1,6973733,2,0,0.2222222222222222,2,45,0,1,400,0,0,23,e4eb6848a4515994ec9747953d6db9b8c6aa3c6134bed217af8c5c6be60c79ae
control-r4,classic-empty,5973734,1,6973734,1,0,0.1111111111111111,1,3,0,1,400,0,0,1,9fa3dd455e21a7cc742c5519ebfff7d7cf73244a8a23dda5a492241f825d6123
control-r4,classic-empty,5973735,1,6973735,2,0,0.2222222222222222,2,22,0,1,400,0,0,48,fb32333103bd6cd8d26f5b325405d3db68a81e4300b730d5c027af55a1733db9
control-r4,classic-empty,5973736,1,6973736,2,0,0.2222222222222222,2,33,0,1,400,0,0,16,4fc783a338364e07338bb2de9c209ce066b555b982482efa1da33eacefbaabd3
control-r4,classic-empty,5973737,1,6973737,0,0,0.0,0,2,0,1,400,0,0,1,5af109219bc6b38cdb306e2754f1a5a61671a9ba9dc51630b27576957823afa7
control-r4,classic-empty,5973738,1,6973738,0,0,0.0,0,1,0,1,400,0,0,1,fdbd958e2e363ef5da539a939e441b9523aabec4e1e28bc32a6134df358d957c
control-r4,classic-empty,5973739,1,6973739,3,0,0.3333333333333333,3,50,0,1,400,0,0,17,034395dbf374bace4342c36a4896151ca202b836ece5ac244c6d44c665b32d14
control-r4,classic-empty,5973740,1,6973740,0,0,0.0,0,35,0,1,400,0,0,13,d744bdf3ba993c3d5db86e9f14bdc9f33c58e567f72b4ce64418002138f6c2b4
treatment-r4,classic-peaceful,5973401,0,6973401,8,1,0.8888888888888888,8,106,0,1,400,0,0,55,20c37708f36bacdaf6cdc7d912ce7e5ff405ccbc96d102c30e6e82e105a917ba
treatment-r4,classic-peaceful,5973402,0,6973402,1,1,0.1111111111111111,1,17,0,0,56,1,0,8,510724870ab712778253b19e42a9f430347d00946637b4bcc3e33e249b6c7bc2
treatment-r4,classic-peaceful,5973403,0,6973403,4,1,0.4444444444444444,4,53,0,1,400,0,0,53,241eb99e59dbe601150967ac7361d493d24bd1689b371311ca73e95020d332f7
treatment-r4,classic-peaceful,5973404,0,6973404,0,0,0.0,0,21,0,0,50,1,0,7,75cb148d60c28bf4e5bb560b25fa64ccdfd2aaf1c55214d9c0d6994199108df2
treatment-r4,classic-peaceful,5973405,0,6973405,0,0,0.0,0,7,0,1,400,0,0,4,607d3765563498d1bded1504062e6e73db37184876cc4b56249fc27e407163ea
treatment-r4,classic-peaceful,5973406,0,6973406,2,1,0.2222222222222222,2,48,0,1,400,0,0,17,fcdd7a59964db0c3f8b8b8c4d1ccd04bec5eaf0ddd9d73d19c9194719b88cdcd
treatment-r4,classic-peaceful,5973407,0,6973407,0,0,0.0,0,10,0,1,400,0,0,51,16df2f38e1ac8665bc8d10d15aa50010c03db2ecdf30f4803f08afaf4fc16e9f
treatment-r4,classic-peaceful,5973408,0,6973408,1,1,0.1111111111111111,1,8,0,0,18,1,0,2,4d878acd4cef1dbd0a861469c9d745671b53cf04302ecbae217e66b9ddb3163f
treatment-r4,classic-peaceful,5973409,0,6973409,14,1,1.0,9,98,1,1,400,0,0,54,7179f9750a1516687d9be5ba72bf16fa456cda2ccc5f4a4b283f850e2ce4d032
treatment-r4,classic-peaceful,5973410,0,6973410,2,1,0.2222222222222222,2,24,0,1,400,0,0,51,8f80f90a23096836b338b4f78ee154c49cec3d19776f1e43952f615c7bbfe5f9
treatment-r4,classic-peaceful,5973411,0,6973411,11,1,0.6666666666666666,6,78,1,1,400,0,0,53,0b06a6a3c79656436362ace93f37b4873ec52fa9b92addf9f05102ef88243824
treatment-r4,classic-peaceful,5973412,0,6973412,4,1,0.4444444444444444,4,90,0,1,400,0,0,51,ff76084cb6f4140ecbb7d145a587032e9242d614383858d3267cbecda92c69ef
treatment-r4,classic-peaceful,5973413,0,6973413,2,1,0.2222222222222222,2,30,0,0,92,1,0,13,786426a61c0e4d2311c15aac053c5d317d67924b1d905b8694eefe20764d0263
treatment-r4,classic-peaceful,5973414,0,6973414,4,1,0.4444444444444444,4,53,0,0,142,1,0,19,426c275dd947354149a0648ce431c62a5de237423b98aa51bc4c6dd543269257
treatment-r4,classic-peaceful,5973415,0,6973415,10,1,0.5555555555555556,5,68,1,1,400,0,0,30,188e1fa2b1289fb87224121bff43227b0711a4d1ae7826626b5e674da2d39f1b
treatment-r4,classic-peaceful,5973416,0,6973416,2,1,0.2222222222222222,2,38,0,1,400,0,0,52,df29459f913bcaae69fd239731c59e6e26d4f6ff597364cb8c820d2a676416dd
treatment-r4,classic-peaceful,5973417,0,6973417,8,1,0.3333333333333333,3,78,1,1,400,0,0,51,437f8d8addc602e8c0fac89c0d20eafbc6bad7d7ffa3c88632ccea4b57ffdebe
treatment-r4,classic-peaceful,5973418,0,6973418,0,0,0.0,0,18,0,0,56,1,0,8,de6dbb6ad11899ba37f1eed7cd2ab4a2539b7eda847a8ef92ec5e29a38f0707f
treatment-r4,classic-peaceful,5973419,0,6973419,10,1,0.5555555555555556,5,72,1,1,400,0,1,51,b73679aa590b556b016a2b6d71313fcacefec33f589e6327adec6af73c713171
treatment-r4,classic-peaceful,5973420,0,6973420,1,1,0.1111111111111111,1,21,0,0,60,1,0,8,dc78281ac94acc3dc2023594e8f1c058e3b00687816088355a4be69ebb144f62
treatment-r4,classic-peaceful,5973421,0,6973421,1,1,0.1111111111111111,1,43,0,1,400,0,0,53,5cdf74479e2d883b5ceed8fd3e5af5228e3440b79e8696856a88c50f887d2d4b
treatment-r4,classic-peaceful,5973422,0,6973422,1,1,0.1111111111111111,1,52,0,1,400,0,0,42,0033f7a2f648e99e440211378da0a5004d1fdcf818d786ce68a098e317f89a39
treatment-r4,classic-peaceful,5973423,0,6973423,10,1,0.5555555555555556,5,66,1,1,400,0,0,44,2a1f4492142eb5b639ae6cd4df8bdac4445f4f410175a785f34ee24b20b0aa98
treatment-r4,classic-peaceful,5973424,0,6973424,0,0,0.0,0,22,0,1,400,0,0,8,5f82806ed5887fef731552cc936645e7dd56f9ada3de5dd85bd28f667671b485
treatment-r4,classic-peaceful,5973425,0,6973425,8,1,0.8888888888888888,8,51,0,1,400,0,0,15,072b43179f261fba70c3db7074c5aa7314b67df101c8d7973bf69ac8b1660981
treatment-r4,classic-peaceful,5973426,0,6973426,10,1,0.5555555555555556,5,55,1,1,400,0,0,27,1aaf653bd4ec7a5c0d27c7bdcea6fb99f4723702ddd0ba0b9ce3a8fc78f05660
treatment-r4,classic-peaceful,5973427,0,6973427,1,1,0.1111111111111111,1,53,0,1,400,0,0,21,c02d3150060e3b3e58302f4726d0a679839df23a39fde464a7f20d6e50900cb8
treatment-r4,classic-peaceful,5973428,0,6973428,3,1,0.3333333333333333,3,24,0,1,400,0,0,53,64b5e6b7eab062f8fa3612cffa452fdfbfd7692abaf7310983f780284d284c7b
treatment-r4,classic-peaceful,5973429,0,6973429,0,0,0.0,0,18,0,1,400,0,0,57,a2ca5b85304559555c44a39d5b413799966eca936649c750db47b19c6bbb0b28
treatment-r4,classic-peaceful,5973430,0,6973430,10,1,0.5555555555555556,5,77,1,0,212,1,1,27,b12b4868eb0908471acc394ae7e8580d44d8f9961e7e5b2bbc7314dbfa59c5f0
treatment-r4,classic-peaceful,5973431,0,6973431,6,1,0.6666666666666666,6,83,0,0,356,1,0,49,aae309380aea2e67198471d0fbc7a768e8bb622e0b04166cb8f3fb770f20e018
treatment-r4,classic-peaceful,5973432,0,6973432,13,1,0.8888888888888888,8,91,1,0,244,1,0,33,6ad77961a6b2ea6e02f0088b8da9cd013fc273c5728e356f0b68c1f60d61b2eb
treatment-r4,classic-peaceful,5973433,0,6973433,0,0,0.0,0,3,0,0,6,1,0,1,8c8c19b82297d8771a0925e3220963b4da2d06c1c530212309ad6d59dc8b0998
treatment-r4,classic-peaceful,5973434,0,6973434,1,1,0.1111111111111111,1,18,0,1,400,0,0,54,a32cbbe51031eb4443180984ccc701e009c0780e1dc0d7f4f959e908c6f58ede
treatment-r4,classic-peaceful,5973435,0,6973435,1,1,0.1111111111111111,1,17,0,0,58,1,0,8,0a9ba0a4199b45f5c1c8ef22bd2c3650d70bb048f614e5b69c23289a93c40072
treatment-r4,classic-peaceful,5973436,0,6973436,12,1,0.7777777777777778,7,105,1,1,400,0,0,52,9125cf5a07649d955ce240bab32241413d76311b8887aae640596276c5db1e39
treatment-r4,classic-peaceful,5973437,0,6973437,13,1,0.8888888888888888,8,91,1,1,400,0,0,53,2437a4e4785319b1a280d3efd3c312d74c57906346f85c83ee801f3d60779e42
treatment-r4,classic-peaceful,5973438,0,6973438,11,1,0.6666666666666666,6,83,1,1,400,0,0,54,3944fa724a61d1cb87d93aaaf2372dde91cf36df0a417ef0e8e9e57831dbdaee
treatment-r4,classic-peaceful,5973439,0,6973439,5,1,0.5555555555555556,5,65,0,0,239,1,0,33,c76390ad114d6568bb251136888cbd52140a51863e601628a41ae3c7c23b3e56
treatment-r4,classic-peaceful,5973440,0,6973440,0,0,0.0,0,10,0,1,400,0,0,51,9b1ba9ae4b8569438529b28881ebf6f605494a691b062556a9a5e858d97421e8
treatment-r4,classic-peaceful,5973401,1,6973401,8,1,0.8888888888888888,8,106,0,1,400,0,0,55,20c37708f36bacdaf6cdc7d912ce7e5ff405ccbc96d102c30e6e82e105a917ba
treatment-r4,classic-peaceful,5973402,1,6973402,1,1,0.1111111111111111,1,17,0,0,56,1,0,8,510724870ab712778253b19e42a9f430347d00946637b4bcc3e33e249b6c7bc2
treatment-r4,classic-peaceful,5973403,1,6973403,4,1,0.4444444444444444,4,53,0,1,400,0,0,53,241eb99e59dbe601150967ac7361d493d24bd1689b371311ca73e95020d332f7
treatment-r4,classic-peaceful,5973404,1,6973404,0,0,0.0,0,21,0,0,50,1,0,7,75cb148d60c28bf4e5bb560b25fa64ccdfd2aaf1c55214d9c0d6994199108df2
treatment-r4,classic-peaceful,5973405,1,6973405,0,0,0.0,0,7,0,1,400,0,0,4,607d3765563498d1bded1504062e6e73db37184876cc4b56249fc27e407163ea
treatment-r4,classic-peaceful,5973406,1,6973406,2,1,0.2222222222222222,2,48,0,1,400,0,0,17,fcdd7a59964db0c3f8b8b8c4d1ccd04bec5eaf0ddd9d73d19c9194719b88cdcd
treatment-r4,classic-peaceful,5973407,1,6973407,0,0,0.0,0,10,0,1,400,0,0,51,16df2f38e1ac8665bc8d10d15aa50010c03db2ecdf30f4803f08afaf4fc16e9f
treatment-r4,classic-peaceful,5973408,1,6973408,1,1,0.1111111111111111,1,8,0,0,18,1,0,2,4d878acd4cef1dbd0a861469c9d745671b53cf04302ecbae217e66b9ddb3163f
treatment-r4,classic-peaceful,5973409,1,6973409,14,1,1.0,9,98,1,1,400,0,0,54,7179f9750a1516687d9be5ba72bf16fa456cda2ccc5f4a4b283f850e2ce4d032
treatment-r4,classic-peaceful,5973410,1,6973410,2,1,0.2222222222222222,2,24,0,1,400,0,0,51,8f80f90a23096836b338b4f78ee154c49cec3d19776f1e43952f615c7bbfe5f9
treatment-r4,classic-peaceful,5973411,1,6973411,11,1,0.6666666666666666,6,78,1,1,400,0,0,53,0b06a6a3c79656436362ace93f37b4873ec52fa9b92addf9f05102ef88243824
treatment-r4,classic-peaceful,5973412,1,6973412,4,1,0.4444444444444444,4,90,0,1,400,0,0,51,ff76084cb6f4140ecbb7d145a587032e9242d614383858d3267cbecda92c69ef
treatment-r4,classic-peaceful,5973413,1,6973413,2,1,0.2222222222222222,2,30,0,0,92,1,0,13,786426a61c0e4d2311c15aac053c5d317d67924b1d905b8694eefe20764d0263
treatment-r4,classic-peaceful,5973414,1,6973414,4,1,0.4444444444444444,4,53,0,0,142,1,0,19,426c275dd947354149a0648ce431c62a5de237423b98aa51bc4c6dd543269257
treatment-r4,classic-peaceful,5973415,1,6973415,10,1,0.5555555555555556,5,68,1,1,400,0,0,30,188e1fa2b1289fb87224121bff43227b0711a4d1ae7826626b5e674da2d39f1b
treatment-r4,classic-peaceful,5973416,1,6973416,2,1,0.2222222222222222,2,38,0,1,400,0,0,52,df29459f913bcaae69fd239731c59e6e26d4f6ff597364cb8c820d2a676416dd
treatment-r4,classic-peaceful,5973417,1,6973417,8,1,0.3333333333333333,3,78,1,1,400,0,0,51,437f8d8addc602e8c0fac89c0d20eafbc6bad7d7ffa3c88632ccea4b57ffdebe
treatment-r4,classic-peaceful,5973418,1,6973418,0,0,0.0,0,18,0,0,56,1,0,8,de6dbb6ad11899ba37f1eed7cd2ab4a2539b7eda847a8ef92ec5e29a38f0707f
treatment-r4,classic-peaceful,5973419,1,6973419,10,1,0.5555555555555556,5,72,1,1,400,0,1,51,b73679aa590b556b016a2b6d71313fcacefec33f589e6327adec6af73c713171
treatment-r4,classic-peaceful,5973420,1,6973420,1,1,0.1111111111111111,1,21,0,0,60,1,0,8,dc78281ac94acc3dc2023594e8f1c058e3b00687816088355a4be69ebb144f62
treatment-r4,classic-peaceful,5973421,1,6973421,1,1,0.1111111111111111,1,43,0,1,400,0,0,53,5cdf74479e2d883b5ceed8fd3e5af5228e3440b79e8696856a88c50f887d2d4b
treatment-r4,classic-peaceful,5973422,1,6973422,1,1,0.1111111111111111,1,52,0,1,400,0,0,42,0033f7a2f648e99e440211378da0a5004d1fdcf818d786ce68a098e317f89a39
treatment-r4,classic-peaceful,5973423,1,6973423,10,1,0.5555555555555556,5,66,1,1,400,0,0,44,2a1f4492142eb5b639ae6cd4df8bdac4445f4f410175a785f34ee24b20b0aa98
treatment-r4,classic-peaceful,5973424,1,6973424,0,0,0.0,0,22,0,1,400,0,0,8,5f82806ed5887fef731552cc936645e7dd56f9ada3de5dd85bd28f667671b485
treatment-r4,classic-peaceful,5973425,1,6973425,8,1,0.8888888888888888,8,51,0,1,400,0,0,15,072b43179f261fba70c3db7074c5aa7314b67df101c8d7973bf69ac8b1660981
treatment-r4,classic-peaceful,5973426,1,6973426,10,1,0.5555555555555556,5,55,1,1,400,0,0,27,1aaf653bd4ec7a5c0d27c7bdcea6fb99f4723702ddd0ba0b9ce3a8fc78f05660
treatment-r4,classic-peaceful,5973427,1,6973427,1,1,0.1111111111111111,1,53,0,1,400,0,0,21,c02d3150060e3b3e58302f4726d0a679839df23a39fde464a7f20d6e50900cb8
treatment-r4,classic-peaceful,5973428,1,6973428,3,1,0.3333333333333333,3,24,0,1,400,0,0,53,64b5e6b7eab062f8fa3612cffa452fdfbfd7692abaf7310983f780284d284c7b
treatment-r4,classic-peaceful,5973429,1,6973429,0,0,0.0,0,18,0,1,400,0,0,57,a2ca5b85304559555c44a39d5b413799966eca936649c750db47b19c6bbb0b28
treatment-r4,classic-peaceful,5973430,1,6973430,10,1,0.5555555555555556,5,77,1,0,212,1,1,27,b12b4868eb0908471acc394ae7e8580d44d8f9961e7e5b2bbc7314dbfa59c5f0
treatment-r4,classic-peaceful,5973431,1,6973431,6,1,0.6666666666666666,6,83,0,0,356,1,0,49,aae309380aea2e67198471d0fbc7a768e8bb622e0b04166cb8f3fb770f20e018
treatment-r4,classic-peaceful,5973432,1,6973432,13,1,0.8888888888888888,8,91,1,0,244,1,0,33,6ad77961a6b2ea6e02f0088b8da9cd013fc273c5728e356f0b68c1f60d61b2eb
treatment-r4,classic-peaceful,5973433,1,6973433,0,0,0.0,0,3,0,0,6,1,0,1,8c8c19b82297d8771a0925e3220963b4da2d06c1c530212309ad6d59dc8b0998
treatment-r4,classic-peaceful,5973434,1,6973434,1,1,0.1111111111111111,1,18,0,1,400,0,0,54,a32cbbe51031eb4443180984ccc701e009c0780e1dc0d7f4f959e908c6f58ede
treatment-r4,classic-peaceful,5973435,1,6973435,1,1,0.1111111111111111,1,17,0,0,58,1,0,8,0a9ba0a4199b45f5c1c8ef22bd2c3650d70bb048f614e5b69c23289a93c40072
treatment-r4,classic-peaceful,5973436,1,6973436,12,1,0.7777777777777778,7,105,1,1,400,0,0,52,9125cf5a07649d955ce240bab32241413d76311b8887aae640596276c5db1e39
treatment-r4,classic-peaceful,5973437,1,6973437,13,1,0.8888888888888888,8,91,1,1,400,0,0,53,2437a4e4785319b1a280d3efd3c312d74c57906346f85c83ee801f3d60779e42
treatment-r4,classic-peaceful,5973438,1,6973438,11,1,0.6666666666666666,6,83,1,1,400,0,0,54,3944fa724a61d1cb87d93aaaf2372dde91cf36df0a417ef0e8e9e57831dbdaee
treatment-r4,classic-peaceful,5973439,1,6973439,5,1,0.5555555555555556,5,65,0,0,239,1,0,33,c76390ad114d6568bb251136888cbd52140a51863e601628a41ae3c7c23b3e56
treatment-r4,classic-peaceful,5973440,1,6973440,0,0,0.0,0,10,0,1,400,0,0,51,9b1ba9ae4b8569438529b28881ebf6f605494a691b062556a9a5e858d97421e8
treatment-r4,coin-heaven,5973501,0,6973501,50,0,1.0,50,0,0,1,167,0,0,10,510c8c0273e6dc2e8c2d89d6497878582351add5e793cf179f4debff5c5c7aee
treatment-r4,coin-heaven,5973502,0,6973502,50,0,1.0,50,0,0,1,146,0,0,11,a263e6cd5d0505bf90ab04879c6ab7e8cf1f076bcd045e6cd67dbaaddfef947b
treatment-r4,coin-heaven,5973503,0,6973503,37,0,0.74,37,0,0,1,400,0,0,3,ecf41b65a1128cbf52bac1fec3b58bd0546b79cf12ea99b0e9cbbf0198d88b6d
treatment-r4,coin-heaven,5973504,0,6973504,50,0,1.0,50,0,0,1,128,0,0,9,fe818f496d4b2d43bb19f1cfbd3c1fdfc775d08f2eb1082302488831d3c685d2
treatment-r4,coin-heaven,5973505,0,6973505,2,0,0.04,2,0,0,1,400,0,0,0,fc46d9a3d00fed802efdb19542436e42dcfed82986e415110824168de8e51073
treatment-r4,coin-heaven,5973506,0,6973506,7,0,0.14,7,0,0,1,400,0,0,0,0937387d0cdf1fb2d45971ff67bb1bc6a599f5ef9cd36f8603089e79ab5e2bb5
treatment-r4,coin-heaven,5973507,0,6973507,50,0,1.0,50,0,0,1,154,0,0,11,f1e6e9ddf84072df3c419d680a664cac9431e1bcd20989dbb3526f67b02a2904
treatment-r4,coin-heaven,5973508,0,6973508,6,0,0.12,6,0,0,1,400,0,0,0,93cb55c2adb3833615357e8fc982cf6f645ee103e926aa19587d1b8f85e9a40e
treatment-r4,coin-heaven,5973509,0,6973509,10,0,0.2,10,0,0,1,400,0,0,0,037ddcd1e9a0aa68f4d3df7542b811c7252e0e3d8b737bec9d57faf2802361eb
treatment-r4,coin-heaven,5973510,0,6973510,25,0,0.5,25,0,0,1,400,0,0,2,f841686ba16d180b9414c61afeeea1711715a2acecb5baf72016188c807d6e79
treatment-r4,coin-heaven,5973511,0,6973511,38,0,0.76,38,0,0,1,400,0,0,4,bd981aecf3d9c80fe3e162ec0314fc13abffddd84e0f2b361de1ddedf9c08c8c
treatment-r4,coin-heaven,5973512,0,6973512,6,0,0.12,6,0,0,1,400,0,0,2,33a12531ceaa66fe8b690484a9149f9c4a6c00abc316586b97d0a9965ac888aa
treatment-r4,coin-heaven,5973513,0,6973513,38,0,0.76,38,0,0,1,400,0,0,4,c28f720883325283396a6ad3220a063e38fccd98f496fd41e11c7e50d8d2e7ed
treatment-r4,coin-heaven,5973514,0,6973514,7,0,0.14,7,0,0,1,400,0,0,0,7c7508d7b65918d71fa172a78e2ca9108edaebb9c022bffbce955574b416aa7f
treatment-r4,coin-heaven,5973515,0,6973515,27,0,0.54,27,0,0,1,400,0,0,3,673393dbb89fdcafcf3b6d2a396ea3e1a1037adb332c8f4cf188fbce82b1c95a
treatment-r4,coin-heaven,5973516,0,6973516,12,0,0.24,12,0,0,0,28,1,0,2,503f7c9c5afdc37be43a54647959fb42119e30ad34878d5f232c1ae24087a32f
treatment-r4,coin-heaven,5973517,0,6973517,20,0,0.4,20,0,0,1,400,0,0,2,ba9c6f84122e761e21109011c9431af4dc84a38820bf3181136895cc8f16db78
treatment-r4,coin-heaven,5973518,0,6973518,41,0,0.82,41,0,0,1,400,0,0,5,d2627fd4c5340d6b1c8df837e6f59f31487f66a74bc111a03b1281f111b089a8
treatment-r4,coin-heaven,5973519,0,6973519,50,0,1.0,50,0,0,1,135,0,0,7,6cfe7438a84ae9440cb73597c1705f42afcd070c4808e557cafabec8a265d3af
treatment-r4,coin-heaven,5973520,0,6973520,28,0,0.56,28,0,0,1,400,0,0,2,420afc3b9432ca2778f6beaf23d705d63feae4b6f618acd58903ba8537302daf
treatment-r4,coin-heaven,5973521,0,6973521,16,0,0.32,16,0,0,1,400,0,0,1,02ce8a832dd60cebc61358f40860b352b6a260d5423c446545312bc35eaaa2b1
treatment-r4,coin-heaven,5973522,0,6973522,50,0,1.0,50,0,0,1,137,0,0,8,956e9ec4296612084c19eb9aec460e411e2bdb761ca3637574dab5ce87dbfc55
treatment-r4,coin-heaven,5973523,0,6973523,50,0,1.0,50,0,0,1,151,0,0,8,c354f99765b81ccd6c67cbd7e07a3664a27844ede473ca8950cbaa5150d5d7e7
treatment-r4,coin-heaven,5973524,0,6973524,50,0,1.0,50,0,0,1,163,0,0,8,654ee9b5343f3d7cb9187810e442ec6f09a82dd61189dee0e73190f87a4a79c8
treatment-r4,coin-heaven,5973525,0,6973525,10,0,0.2,10,0,0,1,400,0,0,1,a6c9989eb89b5619562d6de78b62d60b9619777790d8b81711f00e0145cf6048
treatment-r4,coin-heaven,5973526,0,6973526,0,0,0.0,0,0,0,1,400,0,0,0,f49e2d07ad7b7990c33143b698363cae0bfc89b82ed1839a336aa5fcc9af2747
treatment-r4,coin-heaven,5973527,0,6973527,4,0,0.08,4,0,0,1,400,0,0,1,04ed0e18d61292e909812214958bd68e2924d114abb46897976668526e9fafa3
treatment-r4,coin-heaven,5973528,0,6973528,37,0,0.74,37,0,0,0,78,1,0,3,4e3caa72e906615d3f109c3ed154e4cc93fff1087a050f50e5cf7bae9f850fb9
treatment-r4,coin-heaven,5973529,0,6973529,50,0,1.0,50,0,0,1,133,0,0,7,8734375291520cee777b9368ad6bd2f57451673db7fd01ffd041e43219cf2de3
treatment-r4,coin-heaven,5973530,0,6973530,50,0,1.0,50,0,0,1,160,0,0,12,9b52030e78c80149729ba6f13c5d5cf7a658b28d8327b95c85b6bbe47807b4c4
treatment-r4,coin-heaven,5973531,0,6973531,47,0,0.94,47,0,0,1,400,0,0,7,4aaf3ce9a4be8b77db9ade0b45804df8395cd39922bb6e6d452ad5dd10ee3e1e
treatment-r4,coin-heaven,5973532,0,6973532,50,0,1.0,50,0,0,1,129,0,0,4,388e776b2770465bd1975a6de30cd3b90ef9acde692e01aecb67d4e18768e29d
treatment-r4,coin-heaven,5973533,0,6973533,50,0,1.0,50,0,0,1,139,0,0,7,49cb22e2f229564ff7114067f14a29a63a1d6071614b571e402ae62da4bbd41b
treatment-r4,coin-heaven,5973534,0,6973534,50,0,1.0,50,0,0,1,163,0,0,13,4697679be9bc73205c6f6635d9ffa263bd5fd2b276233c209555f7cb01a611aa
treatment-r4,coin-heaven,5973535,0,6973535,5,0,0.1,5,0,0,0,13,1,0,1,e17329da335e5dd2819d726885d662ca72440ca7e6e5b27531cfb2e21c8a361c
treatment-r4,coin-heaven,5973536,0,6973536,30,0,0.6,30,0,0,1,400,0,0,3,864926b68d6bf727daf2e4e19b73da09fc650e8939d263495e7271a05730941f
treatment-r4,coin-heaven,5973537,0,6973537,6,0,0.12,6,0,0,1,400,0,0,0,7549440a499dec93d7aaeaf3c226f38bdbac96accebe2307a5695e55c12052b7
treatment-r4,coin-heaven,5973538,0,6973538,25,0,0.5,25,0,0,1,400,0,0,3,eaf9da9c6337cd34c461e1278d48318d44e0633e12312323076223873479e7ac
treatment-r4,coin-heaven,5973539,0,6973539,17,0,0.34,17,0,0,0,39,1,0,1,c40e686518ca4bd7dc6517dff32185ace273b6d22f2acb4d7cfe58230ce44c5d
treatment-r4,coin-heaven,5973540,0,6973540,50,0,1.0,50,0,0,1,125,0,0,9,3570310a3440fda8f79c01108c9110833289271690cb5397defcc1d2eca52136
treatment-r4,coin-heaven,5973501,1,6973501,50,0,1.0,50,0,0,1,167,0,0,10,510c8c0273e6dc2e8c2d89d6497878582351add5e793cf179f4debff5c5c7aee
treatment-r4,coin-heaven,5973502,1,6973502,50,0,1.0,50,0,0,1,146,0,0,11,a263e6cd5d0505bf90ab04879c6ab7e8cf1f076bcd045e6cd67dbaaddfef947b
treatment-r4,coin-heaven,5973503,1,6973503,37,0,0.74,37,0,0,1,400,0,0,3,ecf41b65a1128cbf52bac1fec3b58bd0546b79cf12ea99b0e9cbbf0198d88b6d
treatment-r4,coin-heaven,5973504,1,6973504,50,0,1.0,50,0,0,1,128,0,0,9,fe818f496d4b2d43bb19f1cfbd3c1fdfc775d08f2eb1082302488831d3c685d2
treatment-r4,coin-heaven,5973505,1,6973505,2,0,0.04,2,0,0,1,400,0,0,0,fc46d9a3d00fed802efdb19542436e42dcfed82986e415110824168de8e51073
treatment-r4,coin-heaven,5973506,1,6973506,7,0,0.14,7,0,0,1,400,0,0,0,0937387d0cdf1fb2d45971ff67bb1bc6a599f5ef9cd36f8603089e79ab5e2bb5
treatment-r4,coin-heaven,5973507,1,6973507,50,0,1.0,50,0,0,1,154,0,0,11,f1e6e9ddf84072df3c419d680a664cac9431e1bcd20989dbb3526f67b02a2904
treatment-r4,coin-heaven,5973508,1,6973508,6,0,0.12,6,0,0,1,400,0,0,0,93cb55c2adb3833615357e8fc982cf6f645ee103e926aa19587d1b8f85e9a40e
treatment-r4,coin-heaven,5973509,1,6973509,10,0,0.2,10,0,0,1,400,0,0,0,037ddcd1e9a0aa68f4d3df7542b811c7252e0e3d8b737bec9d57faf2802361eb
treatment-r4,coin-heaven,5973510,1,6973510,25,0,0.5,25,0,0,1,400,0,0,2,f841686ba16d180b9414c61afeeea1711715a2acecb5baf72016188c807d6e79
treatment-r4,coin-heaven,5973511,1,6973511,38,0,0.76,38,0,0,1,400,0,0,4,bd981aecf3d9c80fe3e162ec0314fc13abffddd84e0f2b361de1ddedf9c08c8c
treatment-r4,coin-heaven,5973512,1,6973512,6,0,0.12,6,0,0,1,400,0,0,2,33a12531ceaa66fe8b690484a9149f9c4a6c00abc316586b97d0a9965ac888aa
treatment-r4,coin-heaven,5973513,1,6973513,38,0,0.76,38,0,0,1,400,0,0,4,c28f720883325283396a6ad3220a063e38fccd98f496fd41e11c7e50d8d2e7ed
treatment-r4,coin-heaven,5973514,1,6973514,7,0,0.14,7,0,0,1,400,0,0,0,7c7508d7b65918d71fa172a78e2ca9108edaebb9c022bffbce955574b416aa7f
treatment-r4,coin-heaven,5973515,1,6973515,27,0,0.54,27,0,0,1,400,0,0,3,673393dbb89fdcafcf3b6d2a396ea3e1a1037adb332c8f4cf188fbce82b1c95a
treatment-r4,coin-heaven,5973516,1,6973516,12,0,0.24,12,0,0,0,28,1,0,2,503f7c9c5afdc37be43a54647959fb42119e30ad34878d5f232c1ae24087a32f
treatment-r4,coin-heaven,5973517,1,6973517,20,0,0.4,20,0,0,1,400,0,0,2,ba9c6f84122e761e21109011c9431af4dc84a38820bf3181136895cc8f16db78
treatment-r4,coin-heaven,5973518,1,6973518,41,0,0.82,41,0,0,1,400,0,0,5,d2627fd4c5340d6b1c8df837e6f59f31487f66a74bc111a03b1281f111b089a8
treatment-r4,coin-heaven,5973519,1,6973519,50,0,1.0,50,0,0,1,135,0,0,7,6cfe7438a84ae9440cb73597c1705f42afcd070c4808e557cafabec8a265d3af
treatment-r4,coin-heaven,5973520,1,6973520,28,0,0.56,28,0,0,1,400,0,0,2,420afc3b9432ca2778f6beaf23d705d63feae4b6f618acd58903ba8537302daf
treatment-r4,coin-heaven,5973521,1,6973521,16,0,0.32,16,0,0,1,400,0,0,1,02ce8a832dd60cebc61358f40860b352b6a260d5423c446545312bc35eaaa2b1
treatment-r4,coin-heaven,5973522,1,6973522,50,0,1.0,50,0,0,1,137,0,0,8,956e9ec4296612084c19eb9aec460e411e2bdb761ca3637574dab5ce87dbfc55
treatment-r4,coin-heaven,5973523,1,6973523,50,0,1.0,50,0,0,1,151,0,0,8,c354f99765b81ccd6c67cbd7e07a3664a27844ede473ca8950cbaa5150d5d7e7
treatment-r4,coin-heaven,5973524,1,6973524,50,0,1.0,50,0,0,1,163,0,0,8,654ee9b5343f3d7cb9187810e442ec6f09a82dd61189dee0e73190f87a4a79c8
treatment-r4,coin-heaven,5973525,1,6973525,10,0,0.2,10,0,0,1,400,0,0,1,a6c9989eb89b5619562d6de78b62d60b9619777790d8b81711f00e0145cf6048
treatment-r4,coin-heaven,5973526,1,6973526,0,0,0.0,0,0,0,1,400,0,0,0,f49e2d07ad7b7990c33143b698363cae0bfc89b82ed1839a336aa5fcc9af2747
treatment-r4,coin-heaven,5973527,1,6973527,4,0,0.08,4,0,0,1,400,0,0,1,04ed0e18d61292e909812214958bd68e2924d114abb46897976668526e9fafa3
treatment-r4,coin-heaven,5973528,1,6973528,37,0,0.74,37,0,0,0,78,1,0,3,4e3caa72e906615d3f109c3ed154e4cc93fff1087a050f50e5cf7bae9f850fb9
treatment-r4,coin-heaven,5973529,1,6973529,50,0,1.0,50,0,0,1,133,0,0,7,8734375291520cee777b9368ad6bd2f57451673db7fd01ffd041e43219cf2de3
treatment-r4,coin-heaven,5973530,1,6973530,50,0,1.0,50,0,0,1,160,0,0,12,9b52030e78c80149729ba6f13c5d5cf7a658b28d8327b95c85b6bbe47807b4c4
treatment-r4,coin-heaven,5973531,1,6973531,47,0,0.94,47,0,0,1,400,0,0,7,4aaf3ce9a4be8b77db9ade0b45804df8395cd39922bb6e6d452ad5dd10ee3e1e
treatment-r4,coin-heaven,5973532,1,6973532,50,0,1.0,50,0,0,1,129,0,0,4,388e776b2770465bd1975a6de30cd3b90ef9acde692e01aecb67d4e18768e29d
treatment-r4,coin-heaven,5973533,1,6973533,50,0,1.0,50,0,0,1,139,0,0,7,49cb22e2f229564ff7114067f14a29a63a1d6071614b571e402ae62da4bbd41b
treatment-r4,coin-heaven,5973534,1,6973534,50,0,1.0,50,0,0,1,163,0,0,13,4697679be9bc73205c6f6635d9ffa263bd5fd2b276233c209555f7cb01a611aa
treatment-r4,coin-heaven,5973535,1,6973535,5,0,0.1,5,0,0,0,13,1,0,1,e17329da335e5dd2819d726885d662ca72440ca7e6e5b27531cfb2e21c8a361c
treatment-r4,coin-heaven,5973536,1,6973536,30,0,0.6,30,0,0,1,400,0,0,3,864926b68d6bf727daf2e4e19b73da09fc650e8939d263495e7271a05730941f
treatment-r4,coin-heaven,5973537,1,6973537,6,0,0.12,6,0,0,1,400,0,0,0,7549440a499dec93d7aaeaf3c226f38bdbac96accebe2307a5695e55c12052b7
treatment-r4,coin-heaven,5973538,1,6973538,25,0,0.5,25,0,0,1,400,0,0,3,eaf9da9c6337cd34c461e1278d48318d44e0633e12312323076223873479e7ac
treatment-r4,coin-heaven,5973539,1,6973539,17,0,0.34,17,0,0,0,39,1,0,1,c40e686518ca4bd7dc6517dff32185ace273b6d22f2acb4d7cfe58230ce44c5d
treatment-r4,coin-heaven,5973540,1,6973540,50,0,1.0,50,0,0,1,125,0,0,9,3570310a3440fda8f79c01108c9110833289271690cb5397defcc1d2eca52136
treatment-r4,loot-crate,5973601,0,6973601,34,0,0.68,34,93,0,0,337,1,0,39,fde62031b2afd7d58c2e2336bb8032ffcf942955c9891bd55cac675fc2c5aa7f
treatment-r4,loot-crate,5973602,0,6973602,9,0,0.18,9,24,0,1,400,0,0,8,31f3f015a986c6a7bdc29e2b2b7594649619a15cf11bd5a1aef4179c770097a0
treatment-r4,loot-crate,5973603,0,6973603,5,0,0.1,5,22,0,1,400,0,0,8,ba968a3feb6f7ce842a88c16d9503a65b14cbbc620142ec01cefec2573dc952c
treatment-r4,loot-crate,5973604,0,6973604,12,0,0.24,12,39,0,1,400,0,0,18,aca8963f32c021e424cd90365ffd4cce219ddcc45f11de844d509af3add55797
treatment-r4,loot-crate,5973605,0,6973605,23,0,0.46,23,64,0,1,400,0,0,23,eab178cbd1cf8321f5bbd8bb5e0e5d6a5b230ed5c7b73ca8b25b9b44397bbfe0
treatment-r4,loot-crate,5973606,0,6973606,0,0,0.0,0,3,0,0,7,1,0,1,bec5dcd249e32c25e08bfd78ae45bacf24fc731a13a009bc818898df7a3fe547
treatment-r4,loot-crate,5973607,0,6973607,1,0,0.02,1,9,0,0,38,1,0,5,cc0c5338b6bc6d762dc2ea74e12782d84f346e801c3089b3245e8d3d18d9c5c6
treatment-r4,loot-crate,5973608,0,6973608,11,0,0.22,11,35,0,1,400,0,0,18,c2188d29efe072083f2e797abe66c21cb17c421ac79901434b76b6d023bd9d9d
treatment-r4,loot-crate,5973609,0,6973609,2,0,0.04,2,8,0,1,400,0,0,3,4b7de92ad926ace522606f6b3703adf77979371b4292a239d32b82853715ea00
treatment-r4,loot-crate,5973610,0,6973610,8,0,0.16,8,36,0,0,138,1,0,18,a9986214449ac36626fade8c5999ad77f87a41dfd6c385c1b3be63aba1c42ee8
treatment-r4,loot-crate,5973611,0,6973611,0,0,0.0,0,0,0,1,400,0,0,0,2c98cb549ba8c5312c532da67cc4c60bc3db7a0c376a72eae4e60c24ad94208d
treatment-r4,loot-crate,5973612,0,6973612,1,0,0.02,1,11,0,0,35,1,0,5,1b6b8519028bd0dae331cd7931726d51d405d62ec86be86e3c01a0073003cf86
treatment-r4,loot-crate,5973613,0,6973613,2,0,0.04,2,13,0,1,400,0,0,5,7b0405754af68f040e43e6107aa71aac90eab8976018187b6e99e333e00fc58d
treatment-r4,loot-crate,5973614,0,6973614,3,0,0.06,3,19,0,0,65,1,0,8,514991e5921a3787a6bfd182b055bd75d2d45a7d76f7b628ef8992f8725d1199
treatment-r4,loot-crate,5973615,0,6973615,1,0,0.02,1,11,0,1,400,0,0,4,7dc9343f6767cd52ea069f8dc71dd6b66918849c59c50637c6d2d8a659868890
treatment-r4,loot-crate,5973616,0,6973616,5,0,0.1,5,17,0,0,50,1,0,6,a31e79a1e467832d26e186b1da2d1b4f23710655c978ab02c954be5fbc57db1b
treatment-r4,loot-crate,5973617,0,6973617,6,0,0.12,6,20,0,1,400,0,0,9,97cc893fc2928dd2869a30474167b837fc547b91fa495170b6cf6f7e1a2861b1
treatment-r4,loot-crate,5973618,0,6973618,13,0,0.26,13,42,0,0,122,1,0,14,2bef82013215f606b28f38f23af2001e392ee9b2872396e8ac1dd1c23112d924
treatment-r4,loot-crate,5973619,0,6973619,2,0,0.04,2,7,0,0,37,1,0,4,1ab9895bb2436d008766046676206a0376331e516c358ef9207dec47ae1676f7
treatment-r4,loot-crate,5973620,0,6973620,17,0,0.34,17,43,0,0,115,1,0,13,587d9ad597604dd8bb626aa88147a3d0935e295908c8628a7ca133d149ea4a51
treatment-r4,loot-crate,5973621,0,6973621,7,0,0.14,7,22,0,1,400,0,0,11,3b38a0b63a4c51bdf433cfd2be8604af30555f6178858121fbf298bedcabde13
treatment-r4,loot-crate,5973622,0,6973622,2,0,0.04,2,12,0,1,400,0,0,5,ba817f04d1474a6d1d1ea6ce519c320ec0505112746bda274eba80493ad28be9
treatment-r4,loot-crate,5973623,0,6973623,2,0,0.04,2,6,0,0,16,1,0,2,9e2d4c12393f40576292f332e915bc681dbb8fd888cfad4bd2432c584f222985
treatment-r4,loot-crate,5973624,0,6973624,1,0,0.02,1,8,0,1,400,0,0,2,ba66fe28d2c702070c4b40ab04b0baaff6b02254605e5c9e9ceb56f5e064434c
treatment-r4,loot-crate,5973625,0,6973625,0,0,0.0,0,4,0,0,16,1,0,2,c761b4550ba4c278d7242fadaa2bdacc47c8a87f19bf96978f3a03d3abd5cc6d
treatment-r4,loot-crate,5973626,0,6973626,13,0,0.26,13,34,0,0,94,1,0,11,91db523f08db5ae90a5494ecd49111626442d54361ce53dc2f25abcec50401a0
treatment-r4,loot-crate,5973627,0,6973627,13,0,0.26,13,36,0,1,400,0,0,15,8b23a6fb5728a894466e1e7961d63ffabe1cf4cd5d4963548404268d5621e761
treatment-r4,loot-crate,5973628,0,6973628,10,0,0.2,10,28,0,1,400,0,0,9,488069ce7a1c0eb86879dba6d20d9a4b3e7469a3c016b8739752277b6b87f2b2
treatment-r4,loot-crate,5973629,0,6973629,36,0,0.72,36,88,0,1,400,0,0,48,0b070bb3937848a71c383adee468e9ad8c8f3eaf53aba785c5891dd6808843f9
treatment-r4,loot-crate,5973630,0,6973630,5,0,0.1,5,16,0,0,78,1,0,10,7d1ca16a2fdd01da3d5c74c665c17f9349868bdf06ab043faf0bf401a5bcd8de
treatment-r4,loot-crate,5973631,0,6973631,17,0,0.34,17,53,0,0,176,1,0,21,54c8f6918a8b79fc94f4c5340aa5b68134172755faf28bdfb8837ff1879298f1
treatment-r4,loot-crate,5973632,0,6973632,14,0,0.28,14,46,0,0,131,1,0,16,8f1c2cafa3358ea7c7c1ac4c975b43369b7d8f34d2d6ad7fa350417b55b56ba7
treatment-r4,loot-crate,5973633,0,6973633,1,0,0.02,1,12,0,0,34,1,0,5,ea2270d9f894f32e40e783ca12f14bc2345db0ce69e853695f26f7dd836614f1
treatment-r4,loot-crate,5973634,0,6973634,19,0,0.38,19,52,0,1,400,0,0,27,8be54653f1ccb7518d53db9e2ba906d5ca48e484c09fe90996863ad0507d5d80
treatment-r4,loot-crate,5973635,0,6973635,3,0,0.06,3,8,0,0,32,1,0,4,45391d3581c763154916bd74c615197fab7e59b0a9534f67f4212cb5f35af381
treatment-r4,loot-crate,5973636,0,6973636,2,0,0.04,2,8,0,0,31,1,0,4,42111c52e06a0bec222678f39069000b61740fb7e03d38403319ceba88e5ae22
treatment-r4,loot-crate,5973637,0,6973637,0,0,0.0,0,3,0,0,7,1,0,1,bec5dcd249e32c25e08bfd78ae45bacf24fc731a13a009bc818898df7a3fe547
treatment-r4,loot-crate,5973638,0,6973638,27,0,0.54,27,58,0,1,400,0,0,29,0886b9e6ba1676c693e467b4a5d6c24bdeef6570f76f00531e9bd1e2c558b552
treatment-r4,loot-crate,5973639,0,6973639,13,0,0.26,13,32,0,0,136,1,0,18,9b4e5125da6bca1983c770e6a97a3d083fbc96c5e57c48e93a4aaf85f4dc9ccd
treatment-r4,loot-crate,5973640,0,6973640,0,0,0.0,0,2,0,0,6,1,0,1,064e5a46da65e7d72d07c580e02f470447caa1b06e6139a3197f4344136ef1c6
treatment-r4,loot-crate,5973601,1,6973601,34,0,0.68,34,93,0,0,337,1,0,39,fde62031b2afd7d58c2e2336bb8032ffcf942955c9891bd55cac675fc2c5aa7f
treatment-r4,loot-crate,5973602,1,6973602,9,0,0.18,9,24,0,1,400,0,0,8,31f3f015a986c6a7bdc29e2b2b7594649619a15cf11bd5a1aef4179c770097a0
treatment-r4,loot-crate,5973603,1,6973603,5,0,0.1,5,22,0,1,400,0,0,8,ba968a3feb6f7ce842a88c16d9503a65b14cbbc620142ec01cefec2573dc952c
treatment-r4,loot-crate,5973604,1,6973604,12,0,0.24,12,39,0,1,400,0,0,18,aca8963f32c021e424cd90365ffd4cce219ddcc45f11de844d509af3add55797
treatment-r4,loot-crate,5973605,1,6973605,23,0,0.46,23,64,0,1,400,0,0,23,eab178cbd1cf8321f5bbd8bb5e0e5d6a5b230ed5c7b73ca8b25b9b44397bbfe0
treatment-r4,loot-crate,5973606,1,6973606,0,0,0.0,0,3,0,0,7,1,0,1,bec5dcd249e32c25e08bfd78ae45bacf24fc731a13a009bc818898df7a3fe547
treatment-r4,loot-crate,5973607,1,6973607,1,0,0.02,1,9,0,0,38,1,0,5,cc0c5338b6bc6d762dc2ea74e12782d84f346e801c3089b3245e8d3d18d9c5c6
treatment-r4,loot-crate,5973608,1,6973608,11,0,0.22,11,35,0,1,400,0,0,18,c2188d29efe072083f2e797abe66c21cb17c421ac79901434b76b6d023bd9d9d
treatment-r4,loot-crate,5973609,1,6973609,2,0,0.04,2,8,0,1,400,0,0,3,4b7de92ad926ace522606f6b3703adf77979371b4292a239d32b82853715ea00
treatment-r4,loot-crate,5973610,1,6973610,8,0,0.16,8,36,0,0,138,1,0,18,a9986214449ac36626fade8c5999ad77f87a41dfd6c385c1b3be63aba1c42ee8
treatment-r4,loot-crate,5973611,1,6973611,0,0,0.0,0,0,0,1,400,0,0,0,2c98cb549ba8c5312c532da67cc4c60bc3db7a0c376a72eae4e60c24ad94208d
treatment-r4,loot-crate,5973612,1,6973612,1,0,0.02,1,11,0,0,35,1,0,5,1b6b8519028bd0dae331cd7931726d51d405d62ec86be86e3c01a0073003cf86
treatment-r4,loot-crate,5973613,1,6973613,2,0,0.04,2,13,0,1,400,0,0,5,7b0405754af68f040e43e6107aa71aac90eab8976018187b6e99e333e00fc58d
treatment-r4,loot-crate,5973614,1,6973614,3,0,0.06,3,19,0,0,65,1,0,8,514991e5921a3787a6bfd182b055bd75d2d45a7d76f7b628ef8992f8725d1199
treatment-r4,loot-crate,5973615,1,6973615,1,0,0.02,1,11,0,1,400,0,0,4,7dc9343f6767cd52ea069f8dc71dd6b66918849c59c50637c6d2d8a659868890
treatment-r4,loot-crate,5973616,1,6973616,5,0,0.1,5,17,0,0,50,1,0,6,a31e79a1e467832d26e186b1da2d1b4f23710655c978ab02c954be5fbc57db1b
treatment-r4,loot-crate,5973617,1,6973617,6,0,0.12,6,20,0,1,400,0,0,9,97cc893fc2928dd2869a30474167b837fc547b91fa495170b6cf6f7e1a2861b1
treatment-r4,loot-crate,5973618,1,6973618,13,0,0.26,13,42,0,0,122,1,0,14,2bef82013215f606b28f38f23af2001e392ee9b2872396e8ac1dd1c23112d924
treatment-r4,loot-crate,5973619,1,6973619,2,0,0.04,2,7,0,0,37,1,0,4,1ab9895bb2436d008766046676206a0376331e516c358ef9207dec47ae1676f7
treatment-r4,loot-crate,5973620,1,6973620,17,0,0.34,17,43,0,0,115,1,0,13,587d9ad597604dd8bb626aa88147a3d0935e295908c8628a7ca133d149ea4a51
treatment-r4,loot-crate,5973621,1,6973621,7,0,0.14,7,22,0,1,400,0,0,11,3b38a0b63a4c51bdf433cfd2be8604af30555f6178858121fbf298bedcabde13
treatment-r4,loot-crate,5973622,1,6973622,2,0,0.04,2,12,0,1,400,0,0,5,ba817f04d1474a6d1d1ea6ce519c320ec0505112746bda274eba80493ad28be9
treatment-r4,loot-crate,5973623,1,6973623,2,0,0.04,2,6,0,0,16,1,0,2,9e2d4c12393f40576292f332e915bc681dbb8fd888cfad4bd2432c584f222985
treatment-r4,loot-crate,5973624,1,6973624,1,0,0.02,1,8,0,1,400,0,0,2,ba66fe28d2c702070c4b40ab04b0baaff6b02254605e5c9e9ceb56f5e064434c
treatment-r4,loot-crate,5973625,1,6973625,0,0,0.0,0,4,0,0,16,1,0,2,c761b4550ba4c278d7242fadaa2bdacc47c8a87f19bf96978f3a03d3abd5cc6d
treatment-r4,loot-crate,5973626,1,6973626,13,0,0.26,13,34,0,0,94,1,0,11,91db523f08db5ae90a5494ecd49111626442d54361ce53dc2f25abcec50401a0
treatment-r4,loot-crate,5973627,1,6973627,13,0,0.26,13,36,0,1,400,0,0,15,8b23a6fb5728a894466e1e7961d63ffabe1cf4cd5d4963548404268d5621e761
treatment-r4,loot-crate,5973628,1,6973628,10,0,0.2,10,28,0,1,400,0,0,9,488069ce7a1c0eb86879dba6d20d9a4b3e7469a3c016b8739752277b6b87f2b2
treatment-r4,loot-crate,5973629,1,6973629,36,0,0.72,36,88,0,1,400,0,0,48,0b070bb3937848a71c383adee468e9ad8c8f3eaf53aba785c5891dd6808843f9
treatment-r4,loot-crate,5973630,1,6973630,5,0,0.1,5,16,0,0,78,1,0,10,7d1ca16a2fdd01da3d5c74c665c17f9349868bdf06ab043faf0bf401a5bcd8de
treatment-r4,loot-crate,5973631,1,6973631,17,0,0.34,17,53,0,0,176,1,0,21,54c8f6918a8b79fc94f4c5340aa5b68134172755faf28bdfb8837ff1879298f1
treatment-r4,loot-crate,5973632,1,6973632,14,0,0.28,14,46,0,0,131,1,0,16,8f1c2cafa3358ea7c7c1ac4c975b43369b7d8f34d2d6ad7fa350417b55b56ba7
treatment-r4,loot-crate,5973633,1,6973633,1,0,0.02,1,12,0,0,34,1,0,5,ea2270d9f894f32e40e783ca12f14bc2345db0ce69e853695f26f7dd836614f1
treatment-r4,loot-crate,5973634,1,6973634,19,0,0.38,19,52,0,1,400,0,0,27,8be54653f1ccb7518d53db9e2ba906d5ca48e484c09fe90996863ad0507d5d80
treatment-r4,loot-crate,5973635,1,6973635,3,0,0.06,3,8,0,0,32,1,0,4,45391d3581c763154916bd74c615197fab7e59b0a9534f67f4212cb5f35af381
treatment-r4,loot-crate,5973636,1,6973636,2,0,0.04,2,8,0,0,31,1,0,4,42111c52e06a0bec222678f39069000b61740fb7e03d38403319ceba88e5ae22
treatment-r4,loot-crate,5973637,1,6973637,0,0,0.0,0,3,0,0,7,1,0,1,bec5dcd249e32c25e08bfd78ae45bacf24fc731a13a009bc818898df7a3fe547
treatment-r4,loot-crate,5973638,1,6973638,27,0,0.54,27,58,0,1,400,0,0,29,0886b9e6ba1676c693e467b4a5d6c24bdeef6570f76f00531e9bd1e2c558b552
treatment-r4,loot-crate,5973639,1,6973639,13,0,0.26,13,32,0,0,136,1,0,18,9b4e5125da6bca1983c770e6a97a3d083fbc96c5e57c48e93a4aaf85f4dc9ccd
treatment-r4,loot-crate,5973640,1,6973640,0,0,0.0,0,2,0,0,6,1,0,1,064e5a46da65e7d72d07c580e02f470447caa1b06e6139a3197f4344136ef1c6
treatment-r4,classic-empty,5973701,0,6973701,4,0,0.4444444444444444,4,56,0,1,400,0,0,54,2d4958b18c9843e8d0032daff4bf0197cbce86fc5d903178db993bbbed819af2
treatment-r4,classic-empty,5973702,0,6973702,3,0,0.3333333333333333,3,73,0,0,186,1,0,26,523ec791e88f784f27e2c6f73e7254f6c2545092acd95670579e5e732d97db62
treatment-r4,classic-empty,5973703,0,6973703,2,0,0.2222222222222222,2,61,0,0,179,1,0,25,132afb824df2beedadd13cf8782920eaf22a4cafa6e76fb54bb6429514f0db25
treatment-r4,classic-empty,5973704,0,6973704,7,0,0.7777777777777778,7,82,0,1,400,0,0,54,03008e0b7f84f39124462bff639dd6c667fa1edf6166bc0fd1d0feb929446e48
treatment-r4,classic-empty,5973705,0,6973705,5,0,0.5555555555555556,5,48,0,1,400,0,0,16,c99e93f38e687f2514c3d5986baa0ffddba72017f210a6dd91ead514313f1dcb
treatment-r4,classic-empty,5973706,0,6973706,3,0,0.3333333333333333,3,30,0,1,400,0,0,15,921e6bd807e3f326c1d58e7aff5c64f83461d6cdfc4fb5d86ec1e75c044799ff
treatment-r4,classic-empty,5973707,0,6973707,8,0,0.8888888888888888,8,110,0,1,400,0,0,54,18417997020f8286411374388c22c4f9a9abba55383f29ba199a55777ae3487a
treatment-r4,classic-empty,5973708,0,6973708,2,0,0.2222222222222222,2,33,0,1,400,0,0,57,9d7808186aabfd7b5911fcb90b41fe6afd754f91d4374b94b3b19e2a69f37340
treatment-r4,classic-empty,5973709,0,6973709,2,0,0.2222222222222222,2,19,0,0,70,1,0,10,44412a37ebbcb1116f6658c1cc14794b53ce2612bb28b6bebeb1bf309aebd031
treatment-r4,classic-empty,5973710,0,6973710,4,0,0.4444444444444444,4,99,0,1,400,0,0,54,4ae0edb3882ec7a6b123f9a4e4f73fe65814c5538db0d37bcfa05cb0e6bc6c78
treatment-r4,classic-empty,5973711,0,6973711,4,0,0.4444444444444444,4,55,0,1,400,0,0,52,eb92c6e27922db66ad1a2b5d019be6371b6d14d63b23c1bf6fc745c153e2f9f5
treatment-r4,classic-empty,5973712,0,6973712,7,0,0.7777777777777778,7,106,0,1,400,0,0,52,afbc820463b222dceea9c51dcf2028424c92368701cd10c8080d1535c60333e0
treatment-r4,classic-empty,5973713,0,6973713,0,0,0.0,0,14,0,1,400,0,0,42,7d609ac41efcd21edbb15574d1f4f382c57fe496e0e43b7893716f840deb693c
treatment-r4,classic-empty,5973714,0,6973714,1,0,0.1111111111111111,1,12,0,0,36,1,0,5,1b7b1c6477626fcd033e0a9f276dc8d3624904a3e14c4f5d35112519b84139fa
treatment-r4,classic-empty,5973715,0,6973715,0,0,0.0,0,8,0,1,400,0,0,3,e4619cca2ac43c89cf9fbf09d4d46aa8156d53bed08e15f98ed7e96fb858c775
treatment-r4,classic-empty,5973716,0,6973716,5,0,0.5555555555555556,5,86,0,1,400,0,0,48,76dea07911964576e4d38f6fb42dc670fb0e3350e9d951bf98a13d705dcb2dad
treatment-r4,classic-empty,5973717,0,6973717,9,0,1.0,9,109,0,1,400,0,0,54,6107effe97cc2b86eaf7d58c41ae68e9440a7d43ef5e46ce64377c3f72958c02
treatment-r4,classic-empty,5973718,0,6973718,6,0,0.6666666666666666,6,82,0,1,400,0,0,36,7dfe68ae8b25a558f844a7f95c2e34790b2b55ceee7c661fce350ca4cb1df2f4
treatment-r4,classic-empty,5973719,0,6973719,2,0,0.2222222222222222,2,22,0,1,400,0,0,53,8d5b24d6cbcd14f77397fe7917c371d7da5c1321131abf075ccea343be60cce4
treatment-r4,classic-empty,5973720,0,6973720,6,0,0.6666666666666666,6,82,0,1,400,0,0,46,3fe421a73d1c1242b0c2822afaf91d5793cf1f5e2386b7d8d1975ce47e12f98c
treatment-r4,classic-empty,5973721,0,6973721,0,0,0.0,0,10,0,0,27,1,0,4,13765e183f59f4255a7cad5d5bfc7c9957c5f7f1c14b2bc2e1d623b506be876e
treatment-r4,classic-empty,5973722,0,6973722,4,0,0.4444444444444444,4,35,0,1,400,0,0,12,10d3732ea57d75490bc61965f465d3e71aebcf2f08e50904e6b134156106e21a
treatment-r4,classic-empty,5973723,0,6973723,2,0,0.2222222222222222,2,50,0,1,400,0,0,33,deb20828e542ad73cdb66e7b1ab2cad12ef29d284b7e27c38343bf41fa716993
treatment-r4,classic-empty,5973724,0,6973724,7,0,0.7777777777777778,7,79,0,1,400,0,0,41,a41a0a7113d0c5bf21bab5be3dac07d23bc8d44a0e932deaf5f63f78c45a0b42
treatment-r4,classic-empty,5973725,0,6973725,3,0,0.3333333333333333,3,54,0,1,400,0,0,24,972a6ac78475a8cf043324ef50b480186f48052d44e515d6b50a8234987d8cd4
treatment-r4,classic-empty,5973726,0,6973726,1,0,0.1111111111111111,1,40,0,1,400,0,0,18,fea5114e963a22f2fdc8f857994b7a7a8fbecb111b07b4e680b1c97141f3cd9f
treatment-r4,classic-empty,5973727,0,6973727,3,0,0.3333333333333333,3,45,0,1,400,0,0,53,a487c5c1b73bf9e44f93a6d97e3f9678dce614c031b2d6b79227311066d9524c
treatment-r4,classic-empty,5973728,0,6973728,6,0,0.6666666666666666,6,66,0,1,400,0,0,50,4976614d7435f37ce6eb9ff68aacab186232f93fc03267920b634b403a464036
treatment-r4,classic-empty,5973729,0,6973729,2,0,0.2222222222222222,2,24,0,1,400,0,0,10,8438b138555cd59c6145f644c0601b3944804bf1e19cc7274c06753f649ef476
treatment-r4,classic-empty,5973730,0,6973730,9,0,1.0,9,110,0,1,400,0,0,52,ec1bd75e764ca41325427f6a354e18390a34bdef86de2deb1d2b40084166933c
treatment-r4,classic-empty,5973731,0,6973731,1,0,0.1111111111111111,1,16,0,1,400,0,0,41,540db278a1647aa9a44a974fac8d16d75c58288605a85b8d8d15405dd95a3497
treatment-r4,classic-empty,5973732,0,6973732,2,0,0.2222222222222222,2,55,0,1,400,0,0,48,e8b4290f7b7234fc2ac7e9340286b94ddcb5aa7645cec9a938e98e7aac4a12c1
treatment-r4,classic-empty,5973733,0,6973733,1,0,0.1111111111111111,1,39,0,0,130,1,0,18,8904d1d8ab0fa3c3b4e87e1ad242ebc2205236c7f8b4b94c46498795f36d33ff
treatment-r4,classic-empty,5973734,0,6973734,7,0,0.7777777777777778,7,106,0,1,400,0,0,54,6cc7bd8bc1dc04b31ae6ec5d6e797d980c4c561fcd8f8c9a0c6e7fa03e7314a5
treatment-r4,classic-empty,5973735,0,6973735,8,0,0.8888888888888888,8,94,0,1,400,0,0,53,86d4df58639c1a2676d5151921bfb8399ee7240a2de778a8a93c8aaad75d8fc0
treatment-r4,classic-empty,5973736,0,6973736,1,0,0.1111111111111111,1,14,0,1,400,0,0,42,1ba0679355f30a4b2b771f7f714bb213b3bf22cebd99d5a86c0117ca294786ae
treatment-r4,classic-empty,5973737,0,6973737,7,0,0.7777777777777778,7,65,0,1,400,0,0,52,eab8dba3c8cdb30bd509eb5c76f23684446faf82ed8d3f89238c62fd9f0b3002
treatment-r4,classic-empty,5973738,0,6973738,8,0,0.8888888888888888,8,99,0,1,400,0,0,52,5ae97a3b216524116d03cd499c5e250f2cee30c2aaa9d23f2ad74d3ab26ca1a2
treatment-r4,classic-empty,5973739,0,6973739,1,0,0.1111111111111111,1,15,0,1,400,0,0,41,6403ffbfa1372be9c8079db8952736901edb20c5f35ec6b5915725273d6dcebd
treatment-r4,classic-empty,5973740,0,6973740,2,0,0.2222222222222222,2,51,0,1,400,0,0,55,361e24969ba91d1d966d1bbdd2b9009101278dd95a2003180eb0c47466de9256
treatment-r4,classic-empty,5973701,1,6973701,4,0,0.4444444444444444,4,56,0,1,400,0,0,54,2d4958b18c9843e8d0032daff4bf0197cbce86fc5d903178db993bbbed819af2
treatment-r4,classic-empty,5973702,1,6973702,3,0,0.3333333333333333,3,73,0,0,186,1,0,26,523ec791e88f784f27e2c6f73e7254f6c2545092acd95670579e5e732d97db62
treatment-r4,classic-empty,5973703,1,6973703,2,0,0.2222222222222222,2,61,0,0,179,1,0,25,132afb824df2beedadd13cf8782920eaf22a4cafa6e76fb54bb6429514f0db25
treatment-r4,classic-empty,5973704,1,6973704,7,0,0.7777777777777778,7,82,0,1,400,0,0,54,03008e0b7f84f39124462bff639dd6c667fa1edf6166bc0fd1d0feb929446e48
treatment-r4,classic-empty,5973705,1,6973705,5,0,0.5555555555555556,5,48,0,1,400,0,0,16,c99e93f38e687f2514c3d5986baa0ffddba72017f210a6dd91ead514313f1dcb
treatment-r4,classic-empty,5973706,1,6973706,3,0,0.3333333333333333,3,30,0,1,400,0,0,15,921e6bd807e3f326c1d58e7aff5c64f83461d6cdfc4fb5d86ec1e75c044799ff
treatment-r4,classic-empty,5973707,1,6973707,8,0,0.8888888888888888,8,110,0,1,400,0,0,54,18417997020f8286411374388c22c4f9a9abba55383f29ba199a55777ae3487a
treatment-r4,classic-empty,5973708,1,6973708,2,0,0.2222222222222222,2,33,0,1,400,0,0,57,9d7808186aabfd7b5911fcb90b41fe6afd754f91d4374b94b3b19e2a69f37340
treatment-r4,classic-empty,5973709,1,6973709,2,0,0.2222222222222222,2,19,0,0,70,1,0,10,44412a37ebbcb1116f6658c1cc14794b53ce2612bb28b6bebeb1bf309aebd031
treatment-r4,classic-empty,5973710,1,6973710,4,0,0.4444444444444444,4,99,0,1,400,0,0,54,4ae0edb3882ec7a6b123f9a4e4f73fe65814c5538db0d37bcfa05cb0e6bc6c78
treatment-r4,classic-empty,5973711,1,6973711,4,0,0.4444444444444444,4,55,0,1,400,0,0,52,eb92c6e27922db66ad1a2b5d019be6371b6d14d63b23c1bf6fc745c153e2f9f5
treatment-r4,classic-empty,5973712,1,6973712,7,0,0.7777777777777778,7,106,0,1,400,0,0,52,afbc820463b222dceea9c51dcf2028424c92368701cd10c8080d1535c60333e0
treatment-r4,classic-empty,5973713,1,6973713,0,0,0.0,0,14,0,1,400,0,0,42,7d609ac41efcd21edbb15574d1f4f382c57fe496e0e43b7893716f840deb693c
treatment-r4,classic-empty,5973714,1,6973714,1,0,0.1111111111111111,1,12,0,0,36,1,0,5,1b7b1c6477626fcd033e0a9f276dc8d3624904a3e14c4f5d35112519b84139fa
treatment-r4,classic-empty,5973715,1,6973715,0,0,0.0,0,8,0,1,400,0,0,3,e4619cca2ac43c89cf9fbf09d4d46aa8156d53bed08e15f98ed7e96fb858c775
treatment-r4,classic-empty,5973716,1,6973716,5,0,0.5555555555555556,5,86,0,1,400,0,0,48,76dea07911964576e4d38f6fb42dc670fb0e3350e9d951bf98a13d705dcb2dad
treatment-r4,classic-empty,5973717,1,6973717,9,0,1.0,9,109,0,1,400,0,0,54,6107effe97cc2b86eaf7d58c41ae68e9440a7d43ef5e46ce64377c3f72958c02
treatment-r4,classic-empty,5973718,1,6973718,6,0,0.6666666666666666,6,82,0,1,400,0,0,36,7dfe68ae8b25a558f844a7f95c2e34790b2b55ceee7c661fce350ca4cb1df2f4
treatment-r4,classic-empty,5973719,1,6973719,2,0,0.2222222222222222,2,22,0,1,400,0,0,53,8d5b24d6cbcd14f77397fe7917c371d7da5c1321131abf075ccea343be60cce4
treatment-r4,classic-empty,5973720,1,6973720,6,0,0.6666666666666666,6,82,0,1,400,0,0,46,3fe421a73d1c1242b0c2822afaf91d5793cf1f5e2386b7d8d1975ce47e12f98c
treatment-r4,classic-empty,5973721,1,6973721,0,0,0.0,0,10,0,0,27,1,0,4,13765e183f59f4255a7cad5d5bfc7c9957c5f7f1c14b2bc2e1d623b506be876e
treatment-r4,classic-empty,5973722,1,6973722,4,0,0.4444444444444444,4,35,0,1,400,0,0,12,10d3732ea57d75490bc61965f465d3e71aebcf2f08e50904e6b134156106e21a
treatment-r4,classic-empty,5973723,1,6973723,2,0,0.2222222222222222,2,50,0,1,400,0,0,33,deb20828e542ad73cdb66e7b1ab2cad12ef29d284b7e27c38343bf41fa716993
treatment-r4,classic-empty,5973724,1,6973724,7,0,0.7777777777777778,7,79,0,1,400,0,0,41,a41a0a7113d0c5bf21bab5be3dac07d23bc8d44a0e932deaf5f63f78c45a0b42
treatment-r4,classic-empty,5973725,1,6973725,3,0,0.3333333333333333,3,54,0,1,400,0,0,24,972a6ac78475a8cf043324ef50b480186f48052d44e515d6b50a8234987d8cd4
treatment-r4,classic-empty,5973726,1,6973726,1,0,0.1111111111111111,1,40,0,1,400,0,0,18,fea5114e963a22f2fdc8f857994b7a7a8fbecb111b07b4e680b1c97141f3cd9f
treatment-r4,classic-empty,5973727,1,6973727,3,0,0.3333333333333333,3,45,0,1,400,0,0,53,a487c5c1b73bf9e44f93a6d97e3f9678dce614c031b2d6b79227311066d9524c
treatment-r4,classic-empty,5973728,1,6973728,6,0,0.6666666666666666,6,66,0,1,400,0,0,50,4976614d7435f37ce6eb9ff68aacab186232f93fc03267920b634b403a464036
treatment-r4,classic-empty,5973729,1,6973729,2,0,0.2222222222222222,2,24,0,1,400,0,0,10,8438b138555cd59c6145f644c0601b3944804bf1e19cc7274c06753f649ef476
treatment-r4,classic-empty,5973730,1,6973730,9,0,1.0,9,110,0,1,400,0,0,52,ec1bd75e764ca41325427f6a354e18390a34bdef86de2deb1d2b40084166933c
treatment-r4,classic-empty,5973731,1,6973731,1,0,0.1111111111111111,1,16,0,1,400,0,0,41,540db278a1647aa9a44a974fac8d16d75c58288605a85b8d8d15405dd95a3497
treatment-r4,classic-empty,5973732,1,6973732,2,0,0.2222222222222222,2,55,0,1,400,0,0,48,e8b4290f7b7234fc2ac7e9340286b94ddcb5aa7645cec9a938e98e7aac4a12c1
treatment-r4,classic-empty,5973733,1,6973733,1,0,0.1111111111111111,1,39,0,0,130,1,0,18,8904d1d8ab0fa3c3b4e87e1ad242ebc2205236c7f8b4b94c46498795f36d33ff
treatment-r4,classic-empty,5973734,1,6973734,7,0,0.7777777777777778,7,106,0,1,400,0,0,54,6cc7bd8bc1dc04b31ae6ec5d6e797d980c4c561fcd8f8c9a0c6e7fa03e7314a5
treatment-r4,classic-empty,5973735,1,6973735,8,0,0.8888888888888888,8,94,0,1,400,0,0,53,86d4df58639c1a2676d5151921bfb8399ee7240a2de778a8a93c8aaad75d8fc0
treatment-r4,classic-empty,5973736,1,6973736,1,0,0.1111111111111111,1,14,0,1,400,0,0,42,1ba0679355f30a4b2b771f7f714bb213b3bf22cebd99d5a86c0117ca294786ae
treatment-r4,classic-empty,5973737,1,6973737,7,0,0.7777777777777778,7,65,0,1,400,0,0,52,eab8dba3c8cdb30bd509eb5c76f23684446faf82ed8d3f89238c62fd9f0b3002
treatment-r4,classic-empty,5973738,1,6973738,8,0,0.8888888888888888,8,99,0,1,400,0,0,52,5ae97a3b216524116d03cd499c5e250f2cee30c2aaa9d23f2ad74d3ab26ca1a2
treatment-r4,classic-empty,5973739,1,6973739,1,0,0.1111111111111111,1,15,0,1,400,0,0,41,6403ffbfa1372be9c8079db8952736901edb20c5f35ec6b5915725273d6dcebd
treatment-r4,classic-empty,5973740,1,6973740,2,0,0.2222222222222222,2,51,0,1,400,0,0,55,361e24969ba91d1d966d1bbdd2b9009101278dd95a2003180eb0c47466de9256
control-r5,classic-peaceful,5973401,0,6973401,10,1,0.5555555555555556,5,98,1,1,400,0,0,51,6337be8fa01242df1e400fad2bf13af27dfa7bd0e45bb8a5c027c1864fb58366
control-r5,classic-peaceful,5973402,0,6973402,7,1,0.7777777777777778,7,78,0,0,313,1,0,42,a3a59303a901031055c043223463646802f66253d5c63494a082c6f1041f3509
control-r5,classic-peaceful,5973403,0,6973403,0,0,0.0,0,26,0,1,400,0,0,10,3e22fb110378203973d889f4fab55a396b3fbaea54f12b9abd7aa6c3eb5189d4
control-r5,classic-peaceful,5973404,0,6973404,1,1,0.1111111111111111,1,29,0,1,400,0,0,11,3b1210d202fc6f64e50726c87dad807fedd17d90e3b4c60762783a6270979303
control-r5,classic-peaceful,5973405,0,6973405,0,0,0.0,0,7,0,1,400,0,0,3,e95ca9d3747af9352a5ad700866ed0f702da19f672a36dc49226460fb8b6b32c
control-r5,classic-peaceful,5973406,0,6973406,3,1,0.3333333333333333,3,63,0,1,400,0,0,23,fb7eb2cae5eb659f90ef94ea1554dcd97e51e0ae899c3d7bf267545501880d1e
control-r5,classic-peaceful,5973407,0,6973407,5,1,0.5555555555555556,5,84,0,1,400,0,0,51,f8fa74a96d49b81b4bb9ad5b43a9c6702f1ab21a9d7c1b6d06a01901c6155033
control-r5,classic-peaceful,5973408,0,6973408,1,1,0.1111111111111111,1,8,0,0,18,1,0,2,4d878acd4cef1dbd0a861469c9d745671b53cf04302ecbae217e66b9ddb3163f
control-r5,classic-peaceful,5973409,0,6973409,11,1,0.6666666666666666,6,75,1,1,400,0,0,41,1e9784793e3df8d70038b24d4e6182b81ee66826c3be6d9324029e293188e8f3
control-r5,classic-peaceful,5973410,0,6973410,6,1,0.6666666666666666,6,85,0,1,400,0,0,52,ebeabee024e432e11b0c63f5f7b665d273c9ae7d265c686eade34baeea301591
control-r5,classic-peaceful,5973411,0,6973411,2,1,0.2222222222222222,2,35,0,1,400,0,0,19,b4bbc3d5c4cb8d86722b7fdea9b604869f326fd256bb6d2564b88d9b37f1244b
control-r5,classic-peaceful,5973412,0,6973412,3,1,0.3333333333333333,3,70,0,1,400,0,0,31,65000e9ba5f48c7c3e4ef0274b27a3c614dbab51f00daf322840f320624ec24c
control-r5,classic-peaceful,5973413,0,6973413,3,1,0.3333333333333333,3,31,0,1,400,0,3,17,d2886d42538e8cfdb31f6541339ccb3a95a76765af98f8330b552fd17eda318a
control-r5,classic-peaceful,5973414,0,6973414,14,1,1.0,9,108,1,1,400,0,0,53,aec539fd24aaedaa9a3d7e7992b32627abd2084f62f55936f1760acb0d091f43
control-r5,classic-peaceful,5973415,0,6973415,0,0,0.0,0,3,0,1,400,0,0,1,fe9cbef1e450cd78a48b44828a086ed54afcb64ebc021ec40e75191ec97e92cd
control-r5,classic-peaceful,5973416,0,6973416,4,1,0.4444444444444444,4,53,0,1,400,0,0,26,f17c5a53760e8d3aec26db51c78a93a90deaf834d8b3042b52730f3768d2ea5a
control-r5,classic-peaceful,5973417,0,6973417,12,1,0.7777777777777778,7,102,1,1,400,0,1,54,6fa0c740ebc57f50ac51858b5b83a2857234f8d5afee931681881e73d2ce7402
control-r5,classic-peaceful,5973418,0,6973418,0,0,0.0,0,9,0,1,400,0,0,3,15855b1d763dee8d5340701ea60fb7766a0745de0e4ce73201f468d87c1f3aac
control-r5,classic-peaceful,5973419,0,6973419,4,1,0.4444444444444444,4,23,0,1,400,0,0,11,b735c503448a7040b1a87808dd47eafbcbfb2038604b49ec7d71aafc3eac06a0
control-r5,classic-peaceful,5973420,0,6973420,13,1,0.8888888888888888,8,103,1,1,400,0,0,54,8bdd156ac60d09c6dd31b774b3d31177741a4684bfa32ad13db7d9b8b1145674
control-r5,classic-peaceful,5973421,0,6973421,0,0,0.0,0,27,0,0,73,1,0,10,129171d738fe5304d23874cba8fc6c9c23486aa0082246e348d4b7928969604c
control-r5,classic-peaceful,5973422,0,6973422,0,0,0.0,0,28,0,1,400,0,0,12,df2707a6bfbed0d23fd138addaa51e0ae1502ee352b1497bb12730053043cf90
control-r5,classic-peaceful,5973423,0,6973423,0,0,0.0,0,21,0,1,400,0,0,11,f27fd1dbcbcc47d099db41ee827126a6192b5f1f2aa21417e25818465a9ff2cd
control-r5,classic-peaceful,5973424,0,6973424,9,1,0.4444444444444444,4,73,1,1,400,0,0,31,5a246995f802329383f1e39b009710b043fe956ff2278dd156edf5faab825cba
control-r5,classic-peaceful,5973425,0,6973425,14,1,1.0,9,96,1,1,400,0,0,54,6d5be7aec44a30f1f911398452b2547b053b5b57ed3b3181037add9fc57ad5a2
control-r5,classic-peaceful,5973426,0,6973426,5,1,0.5555555555555556,5,55,0,1,400,0,0,34,b6d566601efb6765a2717b5eca8298fa966217824d485ccd2d0dfe4f4eb9a1ac
control-r5,classic-peaceful,5973427,0,6973427,0,0,0.0,0,37,0,1,400,0,0,18,6635de9b5c3f590680212f23d9e64297ed5fc8da45e6208c7056159ed774020e
control-r5,classic-peaceful,5973428,0,6973428,0,0,0.0,0,2,0,1,400,0,0,40,cd5171b67f10a20662b75249cadb9a463e96a855bf517c0c2b98bf5f20226c4b
control-r5,classic-peaceful,5973429,0,6973429,8,1,0.8888888888888888,8,95,0,1,400,0,1,52,01519cc0bf97da059b7adc284d659cd3cd4ca8769e45fc607b12a8e0c81c6597
control-r5,classic-peaceful,5973430,0,6973430,3,1,0.3333333333333333,3,37,0,1,400,0,0,17,732040dd0b5868aec11afc67657d75151f8db24a1ed8f8fe2d9b21faa021210d
control-r5,classic-peaceful,5973431,0,6973431,0,0,0.0,0,28,0,1,400,0,0,8,b8df7444f1c141aa5bf3c7584ed45f993ec2fa91795b31abf8c2c2d7d1217501
control-r5,classic-peaceful,5973432,0,6973432,4,1,0.4444444444444444,4,60,0,1,400,0,0,54,792f0865f6553a947fe159ec3c7495b12aa887af25a6c313850977c1b29148b3
control-r5,classic-peaceful,5973433,0,6973433,1,1,0.1111111111111111,1,7,0,1,400,0,0,3,0c8bc71a723dfe0ea1571d069c18746780ed84ab752368911f2964d7d265c44d
control-r5,classic-peaceful,5973434,0,6973434,11,1,0.6666666666666666,6,70,1,1,400,0,0,53,bc40d435a2624fbc282c26e0015298ac8f22913176a94979b72dcbfed732503a
control-r5,classic-peaceful,5973435,0,6973435,0,0,0.0,0,9,0,1,400,0,0,4,296f9457eba3adf460f94c59a0e6cc88d4718f68f9f9ed4579182df8fe371103
control-r5,classic-peaceful,5973436,0,6973436,4,1,0.4444444444444444,4,77,0,1,400,0,0,54,ec1041bfd8fe3dfbdb570b19de9fa5a9e68f63b5e32784a1b755a4ecf62b1ff4
control-r5,classic-peaceful,5973437,0,6973437,13,1,0.8888888888888888,8,64,1,1,400,0,0,52,baa583f795b73576b55819d1a806527df315479db9a7237b16fc7377e42f7255
control-r5,classic-peaceful,5973438,0,6973438,1,1,0.1111111111111111,1,33,0,1,400,0,0,10,ee91568cb2a9a577a4e1283044528b37e057a44af20390800cf37ae48685d6d7
control-r5,classic-peaceful,5973439,0,6973439,1,1,0.1111111111111111,1,12,0,1,400,0,0,5,aa4e0ad917d25ffc3b728fb38722099ff31d6703fa297faaaa5827e05b006dd8
control-r5,classic-peaceful,5973440,0,6973440,0,0,0.0,0,30,0,1,400,0,0,54,c8ff488e2fce5d79c600b6c66958cecccfcbebfd6ddb9fffb96cd2d3b2b6c35e
control-r5,classic-peaceful,5973401,1,6973401,10,1,0.5555555555555556,5,98,1,1,400,0,0,51,6337be8fa01242df1e400fad2bf13af27dfa7bd0e45bb8a5c027c1864fb58366
control-r5,classic-peaceful,5973402,1,6973402,7,1,0.7777777777777778,7,78,0,0,313,1,0,42,a3a59303a901031055c043223463646802f66253d5c63494a082c6f1041f3509
control-r5,classic-peaceful,5973403,1,6973403,0,0,0.0,0,26,0,1,400,0,0,10,3e22fb110378203973d889f4fab55a396b3fbaea54f12b9abd7aa6c3eb5189d4
control-r5,classic-peaceful,5973404,1,6973404,1,1,0.1111111111111111,1,29,0,1,400,0,0,11,3b1210d202fc6f64e50726c87dad807fedd17d90e3b4c60762783a6270979303
control-r5,classic-peaceful,5973405,1,6973405,0,0,0.0,0,7,0,1,400,0,0,3,e95ca9d3747af9352a5ad700866ed0f702da19f672a36dc49226460fb8b6b32c
control-r5,classic-peaceful,5973406,1,6973406,3,1,0.3333333333333333,3,63,0,1,400,0,0,23,fb7eb2cae5eb659f90ef94ea1554dcd97e51e0ae899c3d7bf267545501880d1e
control-r5,classic-peaceful,5973407,1,6973407,5,1,0.5555555555555556,5,84,0,1,400,0,0,51,f8fa74a96d49b81b4bb9ad5b43a9c6702f1ab21a9d7c1b6d06a01901c6155033
control-r5,classic-peaceful,5973408,1,6973408,1,1,0.1111111111111111,1,8,0,0,18,1,0,2,4d878acd4cef1dbd0a861469c9d745671b53cf04302ecbae217e66b9ddb3163f
control-r5,classic-peaceful,5973409,1,6973409,11,1,0.6666666666666666,6,75,1,1,400,0,0,41,1e9784793e3df8d70038b24d4e6182b81ee66826c3be6d9324029e293188e8f3
control-r5,classic-peaceful,5973410,1,6973410,6,1,0.6666666666666666,6,85,0,1,400,0,0,52,ebeabee024e432e11b0c63f5f7b665d273c9ae7d265c686eade34baeea301591
control-r5,classic-peaceful,5973411,1,6973411,2,1,0.2222222222222222,2,35,0,1,400,0,0,19,b4bbc3d5c4cb8d86722b7fdea9b604869f326fd256bb6d2564b88d9b37f1244b
control-r5,classic-peaceful,5973412,1,6973412,3,1,0.3333333333333333,3,70,0,1,400,0,0,31,65000e9ba5f48c7c3e4ef0274b27a3c614dbab51f00daf322840f320624ec24c
control-r5,classic-peaceful,5973413,1,6973413,3,1,0.3333333333333333,3,31,0,1,400,0,3,17,d2886d42538e8cfdb31f6541339ccb3a95a76765af98f8330b552fd17eda318a
control-r5,classic-peaceful,5973414,1,6973414,14,1,1.0,9,108,1,1,400,0,0,53,aec539fd24aaedaa9a3d7e7992b32627abd2084f62f55936f1760acb0d091f43
control-r5,classic-peaceful,5973415,1,6973415,0,0,0.0,0,3,0,1,400,0,0,1,fe9cbef1e450cd78a48b44828a086ed54afcb64ebc021ec40e75191ec97e92cd
control-r5,classic-peaceful,5973416,1,6973416,4,1,0.4444444444444444,4,53,0,1,400,0,0,26,f17c5a53760e8d3aec26db51c78a93a90deaf834d8b3042b52730f3768d2ea5a
control-r5,classic-peaceful,5973417,1,6973417,12,1,0.7777777777777778,7,102,1,1,400,0,1,54,6fa0c740ebc57f50ac51858b5b83a2857234f8d5afee931681881e73d2ce7402
control-r5,classic-peaceful,5973418,1,6973418,0,0,0.0,0,9,0,1,400,0,0,3,15855b1d763dee8d5340701ea60fb7766a0745de0e4ce73201f468d87c1f3aac
control-r5,classic-peaceful,5973419,1,6973419,4,1,0.4444444444444444,4,23,0,1,400,0,0,11,b735c503448a7040b1a87808dd47eafbcbfb2038604b49ec7d71aafc3eac06a0
control-r5,classic-peaceful,5973420,1,6973420,13,1,0.8888888888888888,8,103,1,1,400,0,0,54,8bdd156ac60d09c6dd31b774b3d31177741a4684bfa32ad13db7d9b8b1145674
control-r5,classic-peaceful,5973421,1,6973421,0,0,0.0,0,27,0,0,73,1,0,10,129171d738fe5304d23874cba8fc6c9c23486aa0082246e348d4b7928969604c
control-r5,classic-peaceful,5973422,1,6973422,0,0,0.0,0,28,0,1,400,0,0,12,df2707a6bfbed0d23fd138addaa51e0ae1502ee352b1497bb12730053043cf90
control-r5,classic-peaceful,5973423,1,6973423,0,0,0.0,0,21,0,1,400,0,0,11,f27fd1dbcbcc47d099db41ee827126a6192b5f1f2aa21417e25818465a9ff2cd
control-r5,classic-peaceful,5973424,1,6973424,9,1,0.4444444444444444,4,73,1,1,400,0,0,31,5a246995f802329383f1e39b009710b043fe956ff2278dd156edf5faab825cba
control-r5,classic-peaceful,5973425,1,6973425,14,1,1.0,9,96,1,1,400,0,0,54,6d5be7aec44a30f1f911398452b2547b053b5b57ed3b3181037add9fc57ad5a2
control-r5,classic-peaceful,5973426,1,6973426,5,1,0.5555555555555556,5,55,0,1,400,0,0,34,b6d566601efb6765a2717b5eca8298fa966217824d485ccd2d0dfe4f4eb9a1ac
control-r5,classic-peaceful,5973427,1,6973427,0,0,0.0,0,37,0,1,400,0,0,18,6635de9b5c3f590680212f23d9e64297ed5fc8da45e6208c7056159ed774020e
control-r5,classic-peaceful,5973428,1,6973428,0,0,0.0,0,2,0,1,400,0,0,40,cd5171b67f10a20662b75249cadb9a463e96a855bf517c0c2b98bf5f20226c4b
control-r5,classic-peaceful,5973429,1,6973429,8,1,0.8888888888888888,8,95,0,1,400,0,1,52,01519cc0bf97da059b7adc284d659cd3cd4ca8769e45fc607b12a8e0c81c6597
control-r5,classic-peaceful,5973430,1,6973430,3,1,0.3333333333333333,3,37,0,1,400,0,0,17,732040dd0b5868aec11afc67657d75151f8db24a1ed8f8fe2d9b21faa021210d
control-r5,classic-peaceful,5973431,1,6973431,0,0,0.0,0,28,0,1,400,0,0,8,b8df7444f1c141aa5bf3c7584ed45f993ec2fa91795b31abf8c2c2d7d1217501
control-r5,classic-peaceful,5973432,1,6973432,4,1,0.4444444444444444,4,60,0,1,400,0,0,54,792f0865f6553a947fe159ec3c7495b12aa887af25a6c313850977c1b29148b3
control-r5,classic-peaceful,5973433,1,6973433,1,1,0.1111111111111111,1,7,0,1,400,0,0,3,0c8bc71a723dfe0ea1571d069c18746780ed84ab752368911f2964d7d265c44d
control-r5,classic-peaceful,5973434,1,6973434,11,1,0.6666666666666666,6,70,1,1,400,0,0,53,bc40d435a2624fbc282c26e0015298ac8f22913176a94979b72dcbfed732503a
control-r5,classic-peaceful,5973435,1,6973435,0,0,0.0,0,9,0,1,400,0,0,4,296f9457eba3adf460f94c59a0e6cc88d4718f68f9f9ed4579182df8fe371103
control-r5,classic-peaceful,5973436,1,6973436,4,1,0.4444444444444444,4,77,0,1,400,0,0,54,ec1041bfd8fe3dfbdb570b19de9fa5a9e68f63b5e32784a1b755a4ecf62b1ff4
control-r5,classic-peaceful,5973437,1,6973437,13,1,0.8888888888888888,8,64,1,1,400,0,0,52,baa583f795b73576b55819d1a806527df315479db9a7237b16fc7377e42f7255
control-r5,classic-peaceful,5973438,1,6973438,1,1,0.1111111111111111,1,33,0,1,400,0,0,10,ee91568cb2a9a577a4e1283044528b37e057a44af20390800cf37ae48685d6d7
control-r5,classic-peaceful,5973439,1,6973439,1,1,0.1111111111111111,1,12,0,1,400,0,0,5,aa4e0ad917d25ffc3b728fb38722099ff31d6703fa297faaaa5827e05b006dd8
control-r5,classic-peaceful,5973440,1,6973440,0,0,0.0,0,30,0,1,400,0,0,54,c8ff488e2fce5d79c600b6c66958cecccfcbebfd6ddb9fffb96cd2d3b2b6c35e
control-r5,coin-heaven,5973501,0,6973501,24,0,0.48,24,0,0,1,400,0,0,2,465fd48c59d10b276ec9588024d1635ea086ab0310e388506b990a9a1eed970e
control-r5,coin-heaven,5973502,0,6973502,30,0,0.6,30,0,0,1,400,0,0,3,ae6ae1a8c23e2657215cfcf6b266067f82b429645b4cc1c63d45812e5b8be924
control-r5,coin-heaven,5973503,0,6973503,12,0,0.24,12,0,0,1,400,0,0,3,648e7747d679a3a2408fb727c71e3283a116633e08604cd49000c0a93210cf0a
control-r5,coin-heaven,5973504,0,6973504,43,0,0.86,43,0,0,1,400,0,0,4,42d6c1adb743c253a021cf8e60729ddd797d6e8d2afad22f5e09c032e8479b8b
control-r5,coin-heaven,5973505,0,6973505,2,0,0.04,2,0,0,1,400,0,0,1,e925c234a3fa67f17361eec351a72741604f63586e7227b7c6c801a4fb0f03f6
control-r5,coin-heaven,5973506,0,6973506,7,0,0.14,7,0,0,1,400,0,0,0,0937387d0cdf1fb2d45971ff67bb1bc6a599f5ef9cd36f8603089e79ab5e2bb5
control-r5,coin-heaven,5973507,0,6973507,4,0,0.08,4,0,0,1,400,0,0,0,4d978c0641eb5d6bfbf2545ad09a9385f1faebb783d1dde249b963c0108e0274
control-r5,coin-heaven,5973508,0,6973508,17,0,0.34,17,0,0,1,400,0,0,2,bade8b5731ef2f489c8c2f93adcd78ee896ea07da4a9a8c6ecc1083108f0dc80
control-r5,coin-heaven,5973509,0,6973509,10,0,0.2,10,0,0,1,400,0,0,0,037ddcd1e9a0aa68f4d3df7542b811c7252e0e3d8b737bec9d57faf2802361eb
control-r5,coin-heaven,5973510,0,6973510,23,0,0.46,23,0,0,1,400,0,0,2,d73dfc4119e5f30513907a3a5dfcf65981ecc264c1ec3141baa91d7135d9dc4c
control-r5,coin-heaven,5973511,0,6973511,6,0,0.12,6,0,0,1,400,0,0,0,9ae2c62791e33af1307ee61c6ee6ff16f2fad4abdb841e15d83e975f7d93c956
control-r5,coin-heaven,5973512,0,6973512,3,0,0.06,3,0,0,1,400,0,0,0,7645fe1dab1cefc85e6eb743369681270fb597f6220a3e1cf81b3cd7bf8de9bd
control-r5,coin-heaven,5973513,0,6973513,6,0,0.12,6,0,0,1,400,0,0,0,b5550771cfb6f401cc45986674b76f82203a6f4307b170e34e197458800193f1
control-r5,coin-heaven,5973514,0,6973514,9,0,0.18,9,0,0,1,400,0,0,0,b5d3fe83b2aebeb1e8f85eea68134be164820f7c2d82ec0b9a5e1dc31d899e4a
control-r5,coin-heaven,5973515,0,6973515,13,0,0.26,13,0,0,1,400,0,0,1,d866a4bc69226803873a5aea57840f954129eecd55e781c2d7eb7b3c3d8aea47
control-r5,coin-heaven,5973516,0,6973516,4,0,0.08,4,0,0,1,400,0,0,0,d55eddda82e3825f6e1b2db32af5a4c421e1c4a827a4ca6b269ad021357926e4
control-r5,coin-heaven,5973517,0,6973517,29,0,0.58,29,0,0,1,400,0,0,1,14c6a36260f7629e5dc9f428c4d31d26c79332051a6f0e37bd4714a69bd9fbb5
control-r5,coin-heaven,5973518,0,6973518,26,0,0.52,26,0,0,1,400,0,0,0,450e378e0be00f735d2677ad455983fd8aa816f876df8f7999601e5c31ce1db5
control-r5,coin-heaven,5973519,0,6973519,12,0,0.24,12,0,0,1,400,0,0,1,0d7b21f3952b25ac3c0e186b689f913a053f439ff19f084767a41209811d2170
control-r5,coin-heaven,5973520,0,6973520,29,0,0.58,29,0,0,1,400,0,0,2,e39c4a5f4d251d7ac29d53e5f2bb85d56f4a2f2a08871a69724ba2a065eef19a
control-r5,coin-heaven,5973521,0,6973521,16,0,0.32,16,0,0,1,400,0,0,2,b72e0e71670991a25c15e8b70b58038c7c79067d0876b55a428072d6edc11c39
control-r5,coin-heaven,5973522,0,6973522,7,0,0.14,7,0,0,1,400,0,0,0,dc2552913be532c1762ee93f624c6f0bdb73913e9597fff00a91a5a01be42bb6
control-r5,coin-heaven,5973523,0,6973523,2,0,0.04,2,0,0,1,400,0,0,0,2894e55e0d37d97af444d165f51fb312f3ca286c804e18d32ff1bb490fac24f2
control-r5,coin-heaven,5973524,0,6973524,3,0,0.06,3,0,0,1,400,0,0,0,9ba735a1746ccd539ddcadd93766525127174a160ff3c922916fbdcd356408e3
control-r5,coin-heaven,5973525,0,6973525,9,0,0.18,9,0,0,1,400,0,0,1,27db6ab8c1ec27d7d695126bc3ba8ce486a3143b4ad2750bd7b442034bb1f243
control-r5,coin-heaven,5973526,0,6973526,0,0,0.0,0,0,0,1,400,0,0,0,f49e2d07ad7b7990c33143b698363cae0bfc89b82ed1839a336aa5fcc9af2747
control-r5,coin-heaven,5973527,0,6973527,4,0,0.08,4,0,0,1,400,0,0,0,f9fa9e2e0bfa3f5c725a2d9f3d0f4d330627c57e4e22b3fc18df9f04c8f2c13c
control-r5,coin-heaven,5973528,0,6973528,9,0,0.18,9,0,0,1,400,0,0,1,7194a17f9959bb970e064d9b3b741cb2de2ff34992bc650e8ca41ca7ab56dc71
control-r5,coin-heaven,5973529,0,6973529,37,0,0.74,37,0,0,1,400,0,0,0,83a7a8b6c8d7cdc6f3089546783df9e62d5843289e1305fe0f034bf48b02a99e
control-r5,coin-heaven,5973530,0,6973530,32,0,0.64,32,0,0,1,400,0,0,2,7f11fabae9dd6f8d7960f8d1795aaa8e6c32704d201ef72195fec767693b60ee
control-r5,coin-heaven,5973531,0,6973531,2,0,0.04,2,0,0,1,400,0,0,0,a6e75b996333553c210c4747028aad40b122aceebd0ac8fa4cb9c5c9dbf72521
control-r5,coin-heaven,5973532,0,6973532,27,0,0.54,27,0,0,1,400,0,0,2,4b3d14b917bfa6223da224b9da7ab46823079fbb0b13d3804fb01f37846b3462
control-r5,coin-heaven,5973533,0,6973533,4,0,0.08,4,0,0,1,400,0,0,0,59d320975fb05d6b161a8e952ddd3c879b7a157ded09d69ec5028d4e278448aa
control-r5,coin-heaven,5973534,0,6973534,1,0,0.02,1,0,0,1,400,0,0,0,70f0eb9f86730f19c764741359d4b5413f4fa1f82fc2486b6a205ca9d062fc8c
control-r5,coin-heaven,5973535,0,6973535,11,0,0.22,11,0,0,1,400,0,0,1,20c29e61069a8a9cde1f4e8a0d933daeeccecc035b76591edc94d57a5b9179b0
control-r5,coin-heaven,5973536,0,6973536,12,0,0.24,12,0,0,1,400,0,0,0,47251e9fe9d6381b3f5428faf8f4b3a6060e0514cfe6a67f222b7ff999300f3a
control-r5,coin-heaven,5973537,0,6973537,6,0,0.12,6,0,0,1,400,0,0,0,7549440a499dec93d7aaeaf3c226f38bdbac96accebe2307a5695e55c12052b7
control-r5,coin-heaven,5973538,0,6973538,17,0,0.34,17,0,0,1,400,0,0,0,6d050245964548b90e8b550cc519ca84207b411461c27a192ec3e058c77da2b7
control-r5,coin-heaven,5973539,0,6973539,16,0,0.32,16,0,0,1,400,0,0,0,5b6bd2228f075f4734ebd9df2400cd142c0ba5f25181df5149ee4b9424527e6b
control-r5,coin-heaven,5973540,0,6973540,14,0,0.28,14,0,0,1,400,0,0,1,eea8218aea2031f1acefefc6fdb1c96d79642d559150b8373ab1f9b506d98c4c
control-r5,coin-heaven,5973501,1,6973501,24,0,0.48,24,0,0,1,400,0,0,2,465fd48c59d10b276ec9588024d1635ea086ab0310e388506b990a9a1eed970e
control-r5,coin-heaven,5973502,1,6973502,30,0,0.6,30,0,0,1,400,0,0,3,ae6ae1a8c23e2657215cfcf6b266067f82b429645b4cc1c63d45812e5b8be924
control-r5,coin-heaven,5973503,1,6973503,12,0,0.24,12,0,0,1,400,0,0,3,648e7747d679a3a2408fb727c71e3283a116633e08604cd49000c0a93210cf0a
control-r5,coin-heaven,5973504,1,6973504,43,0,0.86,43,0,0,1,400,0,0,4,42d6c1adb743c253a021cf8e60729ddd797d6e8d2afad22f5e09c032e8479b8b
control-r5,coin-heaven,5973505,1,6973505,2,0,0.04,2,0,0,1,400,0,0,1,e925c234a3fa67f17361eec351a72741604f63586e7227b7c6c801a4fb0f03f6
control-r5,coin-heaven,5973506,1,6973506,7,0,0.14,7,0,0,1,400,0,0,0,0937387d0cdf1fb2d45971ff67bb1bc6a599f5ef9cd36f8603089e79ab5e2bb5
control-r5,coin-heaven,5973507,1,6973507,4,0,0.08,4,0,0,1,400,0,0,0,4d978c0641eb5d6bfbf2545ad09a9385f1faebb783d1dde249b963c0108e0274
control-r5,coin-heaven,5973508,1,6973508,17,0,0.34,17,0,0,1,400,0,0,2,bade8b5731ef2f489c8c2f93adcd78ee896ea07da4a9a8c6ecc1083108f0dc80
control-r5,coin-heaven,5973509,1,6973509,10,0,0.2,10,0,0,1,400,0,0,0,037ddcd1e9a0aa68f4d3df7542b811c7252e0e3d8b737bec9d57faf2802361eb
control-r5,coin-heaven,5973510,1,6973510,23,0,0.46,23,0,0,1,400,0,0,2,d73dfc4119e5f30513907a3a5dfcf65981ecc264c1ec3141baa91d7135d9dc4c
control-r5,coin-heaven,5973511,1,6973511,6,0,0.12,6,0,0,1,400,0,0,0,9ae2c62791e33af1307ee61c6ee6ff16f2fad4abdb841e15d83e975f7d93c956
control-r5,coin-heaven,5973512,1,6973512,3,0,0.06,3,0,0,1,400,0,0,0,7645fe1dab1cefc85e6eb743369681270fb597f6220a3e1cf81b3cd7bf8de9bd
control-r5,coin-heaven,5973513,1,6973513,6,0,0.12,6,0,0,1,400,0,0,0,b5550771cfb6f401cc45986674b76f82203a6f4307b170e34e197458800193f1
control-r5,coin-heaven,5973514,1,6973514,9,0,0.18,9,0,0,1,400,0,0,0,b5d3fe83b2aebeb1e8f85eea68134be164820f7c2d82ec0b9a5e1dc31d899e4a
control-r5,coin-heaven,5973515,1,6973515,13,0,0.26,13,0,0,1,400,0,0,1,d866a4bc69226803873a5aea57840f954129eecd55e781c2d7eb7b3c3d8aea47
control-r5,coin-heaven,5973516,1,6973516,4,0,0.08,4,0,0,1,400,0,0,0,d55eddda82e3825f6e1b2db32af5a4c421e1c4a827a4ca6b269ad021357926e4
control-r5,coin-heaven,5973517,1,6973517,29,0,0.58,29,0,0,1,400,0,0,1,14c6a36260f7629e5dc9f428c4d31d26c79332051a6f0e37bd4714a69bd9fbb5
control-r5,coin-heaven,5973518,1,6973518,26,0,0.52,26,0,0,1,400,0,0,0,450e378e0be00f735d2677ad455983fd8aa816f876df8f7999601e5c31ce1db5
control-r5,coin-heaven,5973519,1,6973519,12,0,0.24,12,0,0,1,400,0,0,1,0d7b21f3952b25ac3c0e186b689f913a053f439ff19f084767a41209811d2170
control-r5,coin-heaven,5973520,1,6973520,29,0,0.58,29,0,0,1,400,0,0,2,e39c4a5f4d251d7ac29d53e5f2bb85d56f4a2f2a08871a69724ba2a065eef19a
control-r5,coin-heaven,5973521,1,6973521,16,0,0.32,16,0,0,1,400,0,0,2,b72e0e71670991a25c15e8b70b58038c7c79067d0876b55a428072d6edc11c39
control-r5,coin-heaven,5973522,1,6973522,7,0,0.14,7,0,0,1,400,0,0,0,dc2552913be532c1762ee93f624c6f0bdb73913e9597fff00a91a5a01be42bb6
control-r5,coin-heaven,5973523,1,6973523,2,0,0.04,2,0,0,1,400,0,0,0,2894e55e0d37d97af444d165f51fb312f3ca286c804e18d32ff1bb490fac24f2
control-r5,coin-heaven,5973524,1,6973524,3,0,0.06,3,0,0,1,400,0,0,0,9ba735a1746ccd539ddcadd93766525127174a160ff3c922916fbdcd356408e3
control-r5,coin-heaven,5973525,1,6973525,9,0,0.18,9,0,0,1,400,0,0,1,27db6ab8c1ec27d7d695126bc3ba8ce486a3143b4ad2750bd7b442034bb1f243
control-r5,coin-heaven,5973526,1,6973526,0,0,0.0,0,0,0,1,400,0,0,0,f49e2d07ad7b7990c33143b698363cae0bfc89b82ed1839a336aa5fcc9af2747
control-r5,coin-heaven,5973527,1,6973527,4,0,0.08,4,0,0,1,400,0,0,0,f9fa9e2e0bfa3f5c725a2d9f3d0f4d330627c57e4e22b3fc18df9f04c8f2c13c
control-r5,coin-heaven,5973528,1,6973528,9,0,0.18,9,0,0,1,400,0,0,1,7194a17f9959bb970e064d9b3b741cb2de2ff34992bc650e8ca41ca7ab56dc71
control-r5,coin-heaven,5973529,1,6973529,37,0,0.74,37,0,0,1,400,0,0,0,83a7a8b6c8d7cdc6f3089546783df9e62d5843289e1305fe0f034bf48b02a99e
control-r5,coin-heaven,5973530,1,6973530,32,0,0.64,32,0,0,1,400,0,0,2,7f11fabae9dd6f8d7960f8d1795aaa8e6c32704d201ef72195fec767693b60ee
control-r5,coin-heaven,5973531,1,6973531,2,0,0.04,2,0,0,1,400,0,0,0,a6e75b996333553c210c4747028aad40b122aceebd0ac8fa4cb9c5c9dbf72521
control-r5,coin-heaven,5973532,1,6973532,27,0,0.54,27,0,0,1,400,0,0,2,4b3d14b917bfa6223da224b9da7ab46823079fbb0b13d3804fb01f37846b3462
control-r5,coin-heaven,5973533,1,6973533,4,0,0.08,4,0,0,1,400,0,0,0,59d320975fb05d6b161a8e952ddd3c879b7a157ded09d69ec5028d4e278448aa
control-r5,coin-heaven,5973534,1,6973534,1,0,0.02,1,0,0,1,400,0,0,0,70f0eb9f86730f19c764741359d4b5413f4fa1f82fc2486b6a205ca9d062fc8c
control-r5,coin-heaven,5973535,1,6973535,11,0,0.22,11,0,0,1,400,0,0,1,20c29e61069a8a9cde1f4e8a0d933daeeccecc035b76591edc94d57a5b9179b0
control-r5,coin-heaven,5973536,1,6973536,12,0,0.24,12,0,0,1,400,0,0,0,47251e9fe9d6381b3f5428faf8f4b3a6060e0514cfe6a67f222b7ff999300f3a
control-r5,coin-heaven,5973537,1,6973537,6,0,0.12,6,0,0,1,400,0,0,0,7549440a499dec93d7aaeaf3c226f38bdbac96accebe2307a5695e55c12052b7
control-r5,coin-heaven,5973538,1,6973538,17,0,0.34,17,0,0,1,400,0,0,0,6d050245964548b90e8b550cc519ca84207b411461c27a192ec3e058c77da2b7
control-r5,coin-heaven,5973539,1,6973539,16,0,0.32,16,0,0,1,400,0,0,0,5b6bd2228f075f4734ebd9df2400cd142c0ba5f25181df5149ee4b9424527e6b
control-r5,coin-heaven,5973540,1,6973540,14,0,0.28,14,0,0,1,400,0,0,1,eea8218aea2031f1acefefc6fdb1c96d79642d559150b8373ab1f9b506d98c4c
control-r5,loot-crate,5973601,0,6973601,1,0,0.02,1,6,0,1,400,0,0,2,aa359f37dadf8bce3ca1c9f593597d55f73fe711322271914d9286ed40102174
control-r5,loot-crate,5973602,0,6973602,28,0,0.56,28,69,0,1,400,0,0,28,4f2ab84a8e5e30a51ac00c803c779302bc1199c4cbe954c1392a0a27fa970beb
control-r5,loot-crate,5973603,0,6973603,7,0,0.14,7,17,0,1,400,0,0,8,2cb376cb13b80e4cbe114b083da0c485e796f1d706418fb38e7e04e7deed464d
control-r5,loot-crate,5973604,0,6973604,3,0,0.06,3,8,0,1,400,0,0,4,0d22853af7e516a19e84565958ade921fa0850f3a1990149225ed5fc4afc43e0
control-r5,loot-crate,5973605,0,6973605,1,0,0.02,1,4,0,1,400,0,0,2,23f058735c898a04ffa4ebfd876ad56694a3f8f2d095dbbd33bb199a553217e6
control-r5,loot-crate,5973606,0,6973606,1,0,0.02,1,14,0,1,400,0,0,5,17517b59751ab718f66c0c8b1f1fb21ed2cb83079ebcc9df326093394d2596b8
control-r5,loot-crate,5973607,0,6973607,14,0,0.28,14,42,0,1,400,0,0,17,965c9942f6b50bf8f29f04b26560620558f7446f81f634d954796085b5e158f1
control-r5,loot-crate,5973608,0,6973608,3,0,0.06,3,15,0,1,400,0,0,5,a7a7c73113c4994120e99981fcc07480558df9984f0cff9d62b58196921ec014
control-r5,loot-crate,5973609,0,6973609,28,0,0.56,28,76,0,0,263,1,0,29,6a9ba9783685eeece0927749b2983c4f1c5c81263fb7fb6e03b07d54d7e1cae6
control-r5,loot-crate,5973610,0,6973610,9,0,0.18,9,39,0,1,400,0,0,15,99572d4daae087f6e207c053de7ccb1a72ac719beb8dee3466fde767c6e77446
control-r5,loot-crate,5973611,0,6973611,2,0,0.04,2,11,0,1,400,0,0,57,950ac68bc8af3a620c86e7daa05e6f871d43b45e0629b5d6336048faff280768
control-r5,loot-crate,5973612,0,6973612,1,0,0.02,1,12,0,1,400,0,0,4,364973a36d449aad71b11cc012991bb1485e8944c65c22849394b24a924eab0b
control-r5,loot-crate,5973613,0,6973613,4,0,0.08,4,33,0,1,400,0,0,13,c71c7d49f9e7be897ae0b3de124fc8036abcdf684005a70f3dc9ae9f1fde087a
control-r5,loot-crate,5973614,0,6973614,5,0,0.1,5,19,0,1,400,0,0,10,8d3b1873fbd6a6adb565f55e6d5b0ed8db9f0d7b1a108e01d7b630355b209592
control-r5,loot-crate,5973615,0,6973615,1,0,0.02,1,11,0,0,35,1,0,5,f3127beac6a3ec4a491c67a772220ff4cd4a52e02f1a1b5bb6052a7b0c8b8b33
control-r5,loot-crate,5973616,0,6973616,31,0,0.62,31,75,0,1,400,0,0,48,fa617f7e0b93a09e827b335e4c5581e74bb9531db13fb831cf7ded2aef63d741
control-r5,loot-crate,5973617,0,6973617,22,0,0.44,22,63,0,1,400,0,0,21,6e75c73ea9d23dc7e5a460ebac652bbabf6e1b0ce3d4af45117da06e6d3d64ef
control-r5,loot-crate,5973618,0,6973618,25,0,0.5,25,73,0,1,400,0,0,30,58aa23de69d477b0484aa31c7e2f92540f0ab15f89605ae24aafcdc11e6d0a09
control-r5,loot-crate,5973619,0,6973619,0,0,0.0,0,5,0,1,400,0,0,3,f7d835876c3bb24804d3a64e4e729dc5864f64b892e7b48f3a6849e6e230cb15
control-r5,loot-crate,5973620,0,6973620,9,0,0.18,9,28,0,0,79,1,0,9,6719ee34ef54b991f0bfe7e629a225a9f7bd5d778c0d2d57d284588c0673bfad
control-r5,loot-crate,5973621,0,6973621,24,0,0.48,24,58,0,1,400,0,0,24,9e8b92c7278eac8aab198dcf03b5dd0fc8dc2a3bd9db25b67e5b0b6a0195a910
control-r5,loot-crate,5973622,0,6973622,6,0,0.12,6,23,0,1,400,0,0,9,f25f52f1f6baec8979fa3547fbd034a9b2437979d8400eabbdd03782438413e8
control-r5,loot-crate,5973623,0,6973623,11,0,0.22,11,20,0,1,400,0,0,8,5edc2ddc2f0a562d4ed1dffc18d522e60470adc037c4858697909fc175be84d2
control-r5,loot-crate,5973624,0,6973624,0,0,0.0,0,1,0,0,7,1,0,1,cd0006be9315b160cf149a861a94c2a6afc7f431cea0a27a16cda591d5af8cc2
control-r5,loot-crate,5973625,0,6973625,14,0,0.28,14,35,0,0,117,1,0,13,3c7d3898cffef008c775d5b365a340b88ab7923652efd49116b0f0f0c05e0f07
control-r5,loot-crate,5973626,0,6973626,14,0,0.28,14,42,0,1,400,0,0,16,ac73ddce0318d9081113792d64f14a6b908a7ac2aae9e040b5402c065381c05d
control-r5,loot-crate,5973627,0,6973627,8,0,0.16,8,26,0,1,400,0,0,9,09f21be9c645c4a4f9e6b694059c12acb8227bbf2f075bbfe9232525d842a703
control-r5,loot-crate,5973628,0,6973628,12,0,0.24,12,33,0,0,94,1,0,10,43ba8bcec17f7bf7153cebae4ae0bd4ff9dc726da22dbe26949c4f5686ac5796
control-r5,loot-crate,5973629,0,6973629,22,0,0.44,22,53,0,1,400,0,0,21,108e873a5e5e6725d69188509aa70ce4316810f1bd0350a9bbad29de23b0234e
control-r5,loot-crate,5973630,0,6973630,10,0,0.2,10,33,0,1,400,0,0,13,bec2ffe4a319f0f21f23519203e5253179059ec3a97ab00c4780689c0b05d651
control-r5,loot-crate,5973631,0,6973631,2,0,0.04,2,10,0,1,400,0,0,4,ace455816badd12173733277512068e67bbdd752a2fc50200c890c079bd9b3a4
control-r5,loot-crate,5973632,0,6973632,9,0,0.18,9,35,0,1,400,0,0,10,2b6e6223861440dd3b0d33ff31f036a91c1ba1327ce285d1c911fd0fbb17d612
control-r5,loot-crate,5973633,0,6973633,12,0,0.24,12,34,0,1,400,0,0,13,597008274e76a129f9d517e9fd47c690ef766810082899ee4cd50f22ca6ddb46
control-r5,loot-crate,5973634,0,6973634,10,0,0.2,10,28,0,1,400,0,0,42,c91b51d819c5b029bfff6d5be475176c68a792333daf66f8c3ccc5b5c39fe9b9
control-r5,loot-crate,5973635,0,6973635,19,0,0.38,19,39,0,0,149,1,0,17,e32e0066f72237ee66ae2f17f546c2732c5fd62604d8187d0e9af20f6fc2d6ba
control-r5,loot-crate,5973636,0,6973636,30,0,0.6,30,79,0,1,400,0,0,35,8e596de1639f29935678caf22c3dc9d1648ab4346ea451314953f88ceff36540
control-r5,loot-crate,5973637,0,6973637,8,0,0.16,8,31,0,0,92,1,0,11,cea867ac9cb01289db6b65a79ad9eab08e989e2cf3312da9026bc74a883b3479
control-r5,loot-crate,5973638,0,6973638,4,0,0.08,4,12,0,1,400,0,0,9,b576ae319158a5b89733b1e1a25a2c3b975c3269ed20922574a5fe815fe02bf1
control-r5,loot-crate,5973639,0,6973639,12,0,0.24,12,28,0,1,400,0,0,38,ca9f4be441d499b14bf677911ba18e81b266b6aafaed4fa5e3844ed5d19d0829
control-r5,loot-crate,5973640,0,6973640,0,0,0.0,0,2,0,0,6,1,0,1,064e5a46da65e7d72d07c580e02f470447caa1b06e6139a3197f4344136ef1c6
control-r5,loot-crate,5973601,1,6973601,1,0,0.02,1,6,0,1,400,0,0,2,aa359f37dadf8bce3ca1c9f593597d55f73fe711322271914d9286ed40102174
control-r5,loot-crate,5973602,1,6973602,28,0,0.56,28,69,0,1,400,0,0,28,4f2ab84a8e5e30a51ac00c803c779302bc1199c4cbe954c1392a0a27fa970beb
control-r5,loot-crate,5973603,1,6973603,7,0,0.14,7,17,0,1,400,0,0,8,2cb376cb13b80e4cbe114b083da0c485e796f1d706418fb38e7e04e7deed464d
control-r5,loot-crate,5973604,1,6973604,3,0,0.06,3,8,0,1,400,0,0,4,0d22853af7e516a19e84565958ade921fa0850f3a1990149225ed5fc4afc43e0
control-r5,loot-crate,5973605,1,6973605,1,0,0.02,1,4,0,1,400,0,0,2,23f058735c898a04ffa4ebfd876ad56694a3f8f2d095dbbd33bb199a553217e6
control-r5,loot-crate,5973606,1,6973606,1,0,0.02,1,14,0,1,400,0,0,5,17517b59751ab718f66c0c8b1f1fb21ed2cb83079ebcc9df326093394d2596b8
control-r5,loot-crate,5973607,1,6973607,14,0,0.28,14,42,0,1,400,0,0,17,965c9942f6b50bf8f29f04b26560620558f7446f81f634d954796085b5e158f1
control-r5,loot-crate,5973608,1,6973608,3,0,0.06,3,15,0,1,400,0,0,5,a7a7c73113c4994120e99981fcc07480558df9984f0cff9d62b58196921ec014
control-r5,loot-crate,5973609,1,6973609,28,0,0.56,28,76,0,0,263,1,0,29,6a9ba9783685eeece0927749b2983c4f1c5c81263fb7fb6e03b07d54d7e1cae6
control-r5,loot-crate,5973610,1,6973610,9,0,0.18,9,39,0,1,400,0,0,15,99572d4daae087f6e207c053de7ccb1a72ac719beb8dee3466fde767c6e77446
control-r5,loot-crate,5973611,1,6973611,2,0,0.04,2,11,0,1,400,0,0,57,950ac68bc8af3a620c86e7daa05e6f871d43b45e0629b5d6336048faff280768
control-r5,loot-crate,5973612,1,6973612,1,0,0.02,1,12,0,1,400,0,0,4,364973a36d449aad71b11cc012991bb1485e8944c65c22849394b24a924eab0b
control-r5,loot-crate,5973613,1,6973613,4,0,0.08,4,33,0,1,400,0,0,13,c71c7d49f9e7be897ae0b3de124fc8036abcdf684005a70f3dc9ae9f1fde087a
control-r5,loot-crate,5973614,1,6973614,5,0,0.1,5,19,0,1,400,0,0,10,8d3b1873fbd6a6adb565f55e6d5b0ed8db9f0d7b1a108e01d7b630355b209592
control-r5,loot-crate,5973615,1,6973615,1,0,0.02,1,11,0,0,35,1,0,5,f3127beac6a3ec4a491c67a772220ff4cd4a52e02f1a1b5bb6052a7b0c8b8b33
control-r5,loot-crate,5973616,1,6973616,31,0,0.62,31,75,0,1,400,0,0,48,fa617f7e0b93a09e827b335e4c5581e74bb9531db13fb831cf7ded2aef63d741
control-r5,loot-crate,5973617,1,6973617,22,0,0.44,22,63,0,1,400,0,0,21,6e75c73ea9d23dc7e5a460ebac652bbabf6e1b0ce3d4af45117da06e6d3d64ef
control-r5,loot-crate,5973618,1,6973618,25,0,0.5,25,73,0,1,400,0,0,30,58aa23de69d477b0484aa31c7e2f92540f0ab15f89605ae24aafcdc11e6d0a09
control-r5,loot-crate,5973619,1,6973619,0,0,0.0,0,5,0,1,400,0,0,3,f7d835876c3bb24804d3a64e4e729dc5864f64b892e7b48f3a6849e6e230cb15
control-r5,loot-crate,5973620,1,6973620,9,0,0.18,9,28,0,0,79,1,0,9,6719ee34ef54b991f0bfe7e629a225a9f7bd5d778c0d2d57d284588c0673bfad
control-r5,loot-crate,5973621,1,6973621,24,0,0.48,24,58,0,1,400,0,0,24,9e8b92c7278eac8aab198dcf03b5dd0fc8dc2a3bd9db25b67e5b0b6a0195a910
control-r5,loot-crate,5973622,1,6973622,6,0,0.12,6,23,0,1,400,0,0,9,f25f52f1f6baec8979fa3547fbd034a9b2437979d8400eabbdd03782438413e8
control-r5,loot-crate,5973623,1,6973623,11,0,0.22,11,20,0,1,400,0,0,8,5edc2ddc2f0a562d4ed1dffc18d522e60470adc037c4858697909fc175be84d2
control-r5,loot-crate,5973624,1,6973624,0,0,0.0,0,1,0,0,7,1,0,1,cd0006be9315b160cf149a861a94c2a6afc7f431cea0a27a16cda591d5af8cc2
control-r5,loot-crate,5973625,1,6973625,14,0,0.28,14,35,0,0,117,1,0,13,3c7d3898cffef008c775d5b365a340b88ab7923652efd49116b0f0f0c05e0f07
control-r5,loot-crate,5973626,1,6973626,14,0,0.28,14,42,0,1,400,0,0,16,ac73ddce0318d9081113792d64f14a6b908a7ac2aae9e040b5402c065381c05d
control-r5,loot-crate,5973627,1,6973627,8,0,0.16,8,26,0,1,400,0,0,9,09f21be9c645c4a4f9e6b694059c12acb8227bbf2f075bbfe9232525d842a703
control-r5,loot-crate,5973628,1,6973628,12,0,0.24,12,33,0,0,94,1,0,10,43ba8bcec17f7bf7153cebae4ae0bd4ff9dc726da22dbe26949c4f5686ac5796
control-r5,loot-crate,5973629,1,6973629,22,0,0.44,22,53,0,1,400,0,0,21,108e873a5e5e6725d69188509aa70ce4316810f1bd0350a9bbad29de23b0234e
control-r5,loot-crate,5973630,1,6973630,10,0,0.2,10,33,0,1,400,0,0,13,bec2ffe4a319f0f21f23519203e5253179059ec3a97ab00c4780689c0b05d651
control-r5,loot-crate,5973631,1,6973631,2,0,0.04,2,10,0,1,400,0,0,4,ace455816badd12173733277512068e67bbdd752a2fc50200c890c079bd9b3a4
control-r5,loot-crate,5973632,1,6973632,9,0,0.18,9,35,0,1,400,0,0,10,2b6e6223861440dd3b0d33ff31f036a91c1ba1327ce285d1c911fd0fbb17d612
control-r5,loot-crate,5973633,1,6973633,12,0,0.24,12,34,0,1,400,0,0,13,597008274e76a129f9d517e9fd47c690ef766810082899ee4cd50f22ca6ddb46
control-r5,loot-crate,5973634,1,6973634,10,0,0.2,10,28,0,1,400,0,0,42,c91b51d819c5b029bfff6d5be475176c68a792333daf66f8c3ccc5b5c39fe9b9
control-r5,loot-crate,5973635,1,6973635,19,0,0.38,19,39,0,0,149,1,0,17,e32e0066f72237ee66ae2f17f546c2732c5fd62604d8187d0e9af20f6fc2d6ba
control-r5,loot-crate,5973636,1,6973636,30,0,0.6,30,79,0,1,400,0,0,35,8e596de1639f29935678caf22c3dc9d1648ab4346ea451314953f88ceff36540
control-r5,loot-crate,5973637,1,6973637,8,0,0.16,8,31,0,0,92,1,0,11,cea867ac9cb01289db6b65a79ad9eab08e989e2cf3312da9026bc74a883b3479
control-r5,loot-crate,5973638,1,6973638,4,0,0.08,4,12,0,1,400,0,0,9,b576ae319158a5b89733b1e1a25a2c3b975c3269ed20922574a5fe815fe02bf1
control-r5,loot-crate,5973639,1,6973639,12,0,0.24,12,28,0,1,400,0,0,38,ca9f4be441d499b14bf677911ba18e81b266b6aafaed4fa5e3844ed5d19d0829
control-r5,loot-crate,5973640,1,6973640,0,0,0.0,0,2,0,0,6,1,0,1,064e5a46da65e7d72d07c580e02f470447caa1b06e6139a3197f4344136ef1c6
control-r5,classic-empty,5973701,0,6973701,4,0,0.4444444444444444,4,63,0,1,400,0,0,51,be0740c82baf6d13de461a88aef5b60ef833e075a2f745421c8f6e64707d090b
control-r5,classic-empty,5973702,0,6973702,4,0,0.4444444444444444,4,81,0,1,400,0,0,28,dd50f5103744ecc3d42c21e85e8055a96ae8162d11ca8490aa9d3edae1926eef
control-r5,classic-empty,5973703,0,6973703,4,0,0.4444444444444444,4,46,0,1,400,0,0,19,887cca7ad257c258cd0252726a4d83a4bb96062ee1f4ea3f7a7f01bdf89aa45b
control-r5,classic-empty,5973704,0,6973704,1,0,0.1111111111111111,1,27,0,1,400,0,0,15,9fa8f507ccf8238f827b277b5eeb8e9c547c4ac680bfaf3bbd3cffda6158a42c
control-r5,classic-empty,5973705,0,6973705,6,0,0.6666666666666666,6,57,0,0,158,1,0,21,8bdc6b2cc8c9bfc094193ed79612bdb4421d476fd2fe239c7576e5290a25b395
control-r5,classic-empty,5973706,0,6973706,5,0,0.5555555555555556,5,64,0,1,400,0,0,24,f942c7aa15e1e94ae9c066a038e46486527dba447c574ff4c577e0e474acc3f1
control-r5,classic-empty,5973707,0,6973707,0,0,0.0,0,17,0,0,50,1,0,7,5fb992d271ce9bba602eeaa5734a8f64d7149a2b03497c14cef7805160cffd0a
control-r5,classic-empty,5973708,0,6973708,3,0,0.3333333333333333,3,31,0,1,400,0,0,13,f24bc254a68a8ef11a9a0a56f4893c4a9f31eed59825d03474e650c0f76f9762
control-r5,classic-empty,5973709,0,6973709,8,0,0.8888888888888888,8,94,0,1,400,0,0,52,52a6ea10174ae5482b57d60e2cb731e630f61a38aeb1033873ebacc31295fb37
control-r5,classic-empty,5973710,0,6973710,2,0,0.2222222222222222,2,38,0,1,400,0,0,12,d47bc3ecdefe5c9bb97c0aa3d33ed4735f1a42c2a04522c5c1b8a21f1ffad430
control-r5,classic-empty,5973711,0,6973711,6,0,0.6666666666666666,6,91,0,1,400,0,0,50,5834f57a3d1728092db2d50fa6543c66c0134f399a73e2db24f202e5cd2b87f5
control-r5,classic-empty,5973712,0,6973712,1,0,0.1111111111111111,1,53,0,1,400,0,0,28,2137f2a72efffceae0b36a843bdc9c7ad962d91742fcbdfa5d46423178c8edfd
control-r5,classic-empty,5973713,0,6973713,4,0,0.4444444444444444,4,76,0,1,400,0,0,33,8b1c1870f039b1c67565b3edb96fa3889746d10573c1656b3c7207edf38ae737
control-r5,classic-empty,5973714,0,6973714,8,0,0.8888888888888888,8,110,0,1,400,0,0,52,cb23e28c853c02c01b5950e61f933b924e0041de380f6d592796da1019af700c
control-r5,classic-empty,5973715,0,6973715,0,0,0.0,0,12,0,0,37,1,0,5,89a06dbefb5962ded7d4b08dca9adf5ddb42a9787d074ce5d337e054588c155a
control-r5,classic-empty,5973716,0,6973716,2,0,0.2222222222222222,2,44,0,1,400,0,0,15,491990a3d7a6362c322736a118102f424531b0cb3b5e5dc545c350e8805b1ff7
control-r5,classic-empty,5973717,0,6973717,6,0,0.6666666666666666,6,62,0,1,400,0,0,21,2c6cbe41ba23e98f6958785338cc6239631642616446029156b7b40a35286751
control-r5,classic-empty,5973718,0,6973718,2,0,0.2222222222222222,2,19,0,1,400,0,0,7,c95e5d05bd812b759c6cb7393ec53bcfaa87fe57e7a4dbab305abb6e1c6ff5fa
control-r5,classic-empty,5973719,0,6973719,3,0,0.3333333333333333,3,35,0,1,400,0,0,13,cbb487a8a551f72d18e9928af79d990c2c8a79f29b27f114edf9ef5455318d89
control-r5,classic-empty,5973720,0,6973720,2,0,0.2222222222222222,2,22,0,1,400,0,0,8,2c85fbc014a51c9baddda99aa8a536611de189aac63119edc73978ca56b8f4f7
control-r5,classic-empty,5973721,0,6973721,6,0,0.6666666666666666,6,69,0,1,400,0,0,40,69553d118cb8d7e00af310347c83d06f5638634047f21542cdc273416db6cb50
control-r5,classic-empty,5973722,0,6973722,6,0,0.6666666666666666,6,99,0,1,400,0,0,53,afbbac8a6ad145f91e6eae1ce365ab8a517019cd5b09dee1ed3d10cd0a0d1589
control-r5,classic-empty,5973723,0,6973723,0,0,0.0,0,31,0,1,400,0,0,12,5ca227a61bb82fb79b829d1b9771eedc681ded2b242930ab1ac47254527de2ff
control-r5,classic-empty,5973724,0,6973724,1,0,0.1111111111111111,1,44,0,1,400,0,0,15,507d4ef8b169d5fae3c7ed86b011fc7fa2f79e9f418d8b7b5ff2562939671a23
control-r5,classic-empty,5973725,0,6973725,4,0,0.4444444444444444,4,78,0,1,400,0,0,28,4eda3b26254f3d04385195dba296c7540713307f24aa15acf8ab97a0f50a3f9f
control-r5,classic-empty,5973726,0,6973726,3,0,0.3333333333333333,3,50,0,1,400,0,0,25,d74dc7cd3c4254a89d29ade610c050adb6ec2b79e909d50df9eee053a139f65c
control-r5,classic-empty,5973727,0,6973727,6,0,0.6666666666666666,6,98,0,1,400,0,0,53,d2703c6925a1211bae8c944bec788700ed101fa1c57b5569278d0093a8062913
control-r5,classic-empty,5973728,0,6973728,6,0,0.6666666666666666,6,53,0,1,400,0,0,19,21fb1e8da209d49cbc21d99cfcc42ee4084469c4ef6181ce284305a70f74682d
control-r5,classic-empty,5973729,0,6973729,7,0,0.7777777777777778,7,114,0,1,400,0,0,52,cf51b8ded4723aa242eda835b054a19af4a656d82e0be6f78e82cbe0ef1d9e04
control-r5,classic-empty,5973730,0,6973730,0,0,0.0,0,5,0,1,400,0,0,2,a516cfdc6e028b600547234a3850a8055042a75bbddfb7056f8b7698a912b0e5
control-r5,classic-empty,5973731,0,6973731,0,0,0.0,0,10,0,1,400,0,0,4,03e42048657fd557abd036631105869deed15ddb01beb124a3e16477bf651c56
control-r5,classic-empty,5973732,0,6973732,8,0,0.8888888888888888,8,112,0,1,400,0,0,51,8080cadc5ee78e98162b172be62c1f9abc7ab5e610ccd764ecc0370c2c3c9c31
control-r5,classic-empty,5973733,0,6973733,0,0,0.0,0,11,0,0,21,1,0,3,b90de71898fd9bc9fe157980323db812582c6d468c75a002e3e71f304e36a5b1
control-r5,classic-empty,5973734,0,6973734,5,0,0.5555555555555556,5,47,0,1,400,0,0,17,d3aa0f9f6f5773c4511af820d78925dc8f9e75da0d05021055d715c4592dc725
control-r5,classic-empty,5973735,0,6973735,6,0,0.6666666666666666,6,69,0,1,400,0,0,35,6be3f320b3de325eeb4aa511302f63b4c18edc1995555395043502a764b1b4af
control-r5,classic-empty,5973736,0,6973736,4,0,0.4444444444444444,4,44,0,1,400,0,0,20,c729044a6a2cf9f384a9c26d69e0bf6d9ebcf62fbb82a832d8395d2b82857a26
control-r5,classic-empty,5973737,0,6973737,0,0,0.0,0,17,0,1,400,0,0,6,26600d5396986d34d26b0573f4b1344773bd50e2794a48283151bd38da07c229
control-r5,classic-empty,5973738,0,6973738,8,0,0.8888888888888888,8,86,0,1,400,0,0,35,d73e022bac3d3012745de12928a350d75ec55bb3bc8c93401080aab97f51b58b
control-r5,classic-empty,5973739,0,6973739,2,0,0.2222222222222222,2,39,0,1,400,0,0,18,fbf4fbea02101f60888314ad2b2e5981791778fb047a9f354244b8d31a5c0bbb
control-r5,classic-empty,5973740,0,6973740,3,0,0.3333333333333333,3,69,0,1,400,0,0,38,89e9244ec22eed083376c87c564dea28bcd02d54d54d3f62f644a7e1eb2081a9
control-r5,classic-empty,5973701,1,6973701,4,0,0.4444444444444444,4,63,0,1,400,0,0,51,be0740c82baf6d13de461a88aef5b60ef833e075a2f745421c8f6e64707d090b
control-r5,classic-empty,5973702,1,6973702,4,0,0.4444444444444444,4,81,0,1,400,0,0,28,dd50f5103744ecc3d42c21e85e8055a96ae8162d11ca8490aa9d3edae1926eef
control-r5,classic-empty,5973703,1,6973703,4,0,0.4444444444444444,4,46,0,1,400,0,0,19,887cca7ad257c258cd0252726a4d83a4bb96062ee1f4ea3f7a7f01bdf89aa45b
control-r5,classic-empty,5973704,1,6973704,1,0,0.1111111111111111,1,27,0,1,400,0,0,15,9fa8f507ccf8238f827b277b5eeb8e9c547c4ac680bfaf3bbd3cffda6158a42c
control-r5,classic-empty,5973705,1,6973705,6,0,0.6666666666666666,6,57,0,0,158,1,0,21,8bdc6b2cc8c9bfc094193ed79612bdb4421d476fd2fe239c7576e5290a25b395
control-r5,classic-empty,5973706,1,6973706,5,0,0.5555555555555556,5,64,0,1,400,0,0,24,f942c7aa15e1e94ae9c066a038e46486527dba447c574ff4c577e0e474acc3f1
control-r5,classic-empty,5973707,1,6973707,0,0,0.0,0,17,0,0,50,1,0,7,5fb992d271ce9bba602eeaa5734a8f64d7149a2b03497c14cef7805160cffd0a
control-r5,classic-empty,5973708,1,6973708,3,0,0.3333333333333333,3,31,0,1,400,0,0,13,f24bc254a68a8ef11a9a0a56f4893c4a9f31eed59825d03474e650c0f76f9762
control-r5,classic-empty,5973709,1,6973709,8,0,0.8888888888888888,8,94,0,1,400,0,0,52,52a6ea10174ae5482b57d60e2cb731e630f61a38aeb1033873ebacc31295fb37
control-r5,classic-empty,5973710,1,6973710,2,0,0.2222222222222222,2,38,0,1,400,0,0,12,d47bc3ecdefe5c9bb97c0aa3d33ed4735f1a42c2a04522c5c1b8a21f1ffad430
control-r5,classic-empty,5973711,1,6973711,6,0,0.6666666666666666,6,91,0,1,400,0,0,50,5834f57a3d1728092db2d50fa6543c66c0134f399a73e2db24f202e5cd2b87f5
control-r5,classic-empty,5973712,1,6973712,1,0,0.1111111111111111,1,53,0,1,400,0,0,28,2137f2a72efffceae0b36a843bdc9c7ad962d91742fcbdfa5d46423178c8edfd
control-r5,classic-empty,5973713,1,6973713,4,0,0.4444444444444444,4,76,0,1,400,0,0,33,8b1c1870f039b1c67565b3edb96fa3889746d10573c1656b3c7207edf38ae737
control-r5,classic-empty,5973714,1,6973714,8,0,0.8888888888888888,8,110,0,1,400,0,0,52,cb23e28c853c02c01b5950e61f933b924e0041de380f6d592796da1019af700c
control-r5,classic-empty,5973715,1,6973715,0,0,0.0,0,12,0,0,37,1,0,5,89a06dbefb5962ded7d4b08dca9adf5ddb42a9787d074ce5d337e054588c155a
control-r5,classic-empty,5973716,1,6973716,2,0,0.2222222222222222,2,44,0,1,400,0,0,15,491990a3d7a6362c322736a118102f424531b0cb3b5e5dc545c350e8805b1ff7
control-r5,classic-empty,5973717,1,6973717,6,0,0.6666666666666666,6,62,0,1,400,0,0,21,2c6cbe41ba23e98f6958785338cc6239631642616446029156b7b40a35286751
control-r5,classic-empty,5973718,1,6973718,2,0,0.2222222222222222,2,19,0,1,400,0,0,7,c95e5d05bd812b759c6cb7393ec53bcfaa87fe57e7a4dbab305abb6e1c6ff5fa
control-r5,classic-empty,5973719,1,6973719,3,0,0.3333333333333333,3,35,0,1,400,0,0,13,cbb487a8a551f72d18e9928af79d990c2c8a79f29b27f114edf9ef5455318d89
control-r5,classic-empty,5973720,1,6973720,2,0,0.2222222222222222,2,22,0,1,400,0,0,8,2c85fbc014a51c9baddda99aa8a536611de189aac63119edc73978ca56b8f4f7
control-r5,classic-empty,5973721,1,6973721,6,0,0.6666666666666666,6,69,0,1,400,0,0,40,69553d118cb8d7e00af310347c83d06f5638634047f21542cdc273416db6cb50
control-r5,classic-empty,5973722,1,6973722,6,0,0.6666666666666666,6,99,0,1,400,0,0,53,afbbac8a6ad145f91e6eae1ce365ab8a517019cd5b09dee1ed3d10cd0a0d1589
control-r5,classic-empty,5973723,1,6973723,0,0,0.0,0,31,0,1,400,0,0,12,5ca227a61bb82fb79b829d1b9771eedc681ded2b242930ab1ac47254527de2ff
control-r5,classic-empty,5973724,1,6973724,1,0,0.1111111111111111,1,44,0,1,400,0,0,15,507d4ef8b169d5fae3c7ed86b011fc7fa2f79e9f418d8b7b5ff2562939671a23
control-r5,classic-empty,5973725,1,6973725,4,0,0.4444444444444444,4,78,0,1,400,0,0,28,4eda3b26254f3d04385195dba296c7540713307f24aa15acf8ab97a0f50a3f9f
control-r5,classic-empty,5973726,1,6973726,3,0,0.3333333333333333,3,50,0,1,400,0,0,25,d74dc7cd3c4254a89d29ade610c050adb6ec2b79e909d50df9eee053a139f65c
control-r5,classic-empty,5973727,1,6973727,6,0,0.6666666666666666,6,98,0,1,400,0,0,53,d2703c6925a1211bae8c944bec788700ed101fa1c57b5569278d0093a8062913
control-r5,classic-empty,5973728,1,6973728,6,0,0.6666666666666666,6,53,0,1,400,0,0,19,21fb1e8da209d49cbc21d99cfcc42ee4084469c4ef6181ce284305a70f74682d
control-r5,classic-empty,5973729,1,6973729,7,0,0.7777777777777778,7,114,0,1,400,0,0,52,cf51b8ded4723aa242eda835b054a19af4a656d82e0be6f78e82cbe0ef1d9e04
control-r5,classic-empty,5973730,1,6973730,0,0,0.0,0,5,0,1,400,0,0,2,a516cfdc6e028b600547234a3850a8055042a75bbddfb7056f8b7698a912b0e5
control-r5,classic-empty,5973731,1,6973731,0,0,0.0,0,10,0,1,400,0,0,4,03e42048657fd557abd036631105869deed15ddb01beb124a3e16477bf651c56
control-r5,classic-empty,5973732,1,6973732,8,0,0.8888888888888888,8,112,0,1,400,0,0,51,8080cadc5ee78e98162b172be62c1f9abc7ab5e610ccd764ecc0370c2c3c9c31
control-r5,classic-empty,5973733,1,6973733,0,0,0.0,0,11,0,0,21,1,0,3,b90de71898fd9bc9fe157980323db812582c6d468c75a002e3e71f304e36a5b1
control-r5,classic-empty,5973734,1,6973734,5,0,0.5555555555555556,5,47,0,1,400,0,0,17,d3aa0f9f6f5773c4511af820d78925dc8f9e75da0d05021055d715c4592dc725
control-r5,classic-empty,5973735,1,6973735,6,0,0.6666666666666666,6,69,0,1,400,0,0,35,6be3f320b3de325eeb4aa511302f63b4c18edc1995555395043502a764b1b4af
control-r5,classic-empty,5973736,1,6973736,4,0,0.4444444444444444,4,44,0,1,400,0,0,20,c729044a6a2cf9f384a9c26d69e0bf6d9ebcf62fbb82a832d8395d2b82857a26
control-r5,classic-empty,5973737,1,6973737,0,0,0.0,0,17,0,1,400,0,0,6,26600d5396986d34d26b0573f4b1344773bd50e2794a48283151bd38da07c229
control-r5,classic-empty,5973738,1,6973738,8,0,0.8888888888888888,8,86,0,1,400,0,0,35,d73e022bac3d3012745de12928a350d75ec55bb3bc8c93401080aab97f51b58b
control-r5,classic-empty,5973739,1,6973739,2,0,0.2222222222222222,2,39,0,1,400,0,0,18,fbf4fbea02101f60888314ad2b2e5981791778fb047a9f354244b8d31a5c0bbb
control-r5,classic-empty,5973740,1,6973740,3,0,0.3333333333333333,3,69,0,1,400,0,0,38,89e9244ec22eed083376c87c564dea28bcd02d54d54d3f62f644a7e1eb2081a9
treatment-r5,classic-peaceful,5973401,0,6973401,10,1,0.5555555555555556,5,54,1,0,243,1,0,34,4164d13d7d1a21c01f871be31de0ec3bb1f5f29fc531854cdba691860f36e46c
treatment-r5,classic-peaceful,5973402,0,6973402,0,0,0.0,0,14,0,1,400,0,0,57,6d1d901cff652a824a5ca149f69d7062747551b997cb724a98759292511f29ed
treatment-r5,classic-peaceful,5973403,0,6973403,0,0,0.0,0,9,0,1,400,0,0,50,30540abc23032c4fb043639d6b5870e98de69e9fd926fe136986a78bca61b68a
treatment-r5,classic-peaceful,5973404,0,6973404,0,0,0.0,0,8,0,1,400,0,0,57,be309a75a0d2895d2731cb83923ee8168e00eb8b32a4d692b46a92b95eb6e12f
treatment-r5,classic-peaceful,5973405,0,6973405,4,1,0.4444444444444444,4,58,0,0,192,1,0,27,ce39d38065a01385a91af25e02cb0b6a00fe1302d579c158ab381320bfea5a27
treatment-r5,classic-peaceful,5973406,0,6973406,1,1,0.1111111111111111,1,21,0,1,400,0,0,57,f4c9bf1f27d999e2917a60704547b6bcfa49c170323d944a6945aac13bc4bfe2
treatment-r5,classic-peaceful,5973407,0,6973407,0,0,0.0,0,7,0,1,400,0,0,4,9b5f0ba9b3582260f308a40cab0ec90d7f2d98eba52ed990f308fe890a630f2f
treatment-r5,classic-peaceful,5973408,0,6973408,1,1,0.1111111111111111,1,8,0,0,18,1,0,2,62406a298d4d0993640c5a2d53384dc1e905915de1fe53192389c2597921384c
treatment-r5,classic-peaceful,5973409,0,6973409,11,1,0.6666666666666666,6,78,1,0,356,1,0,48,0a976a94b5ca2dfea6dcdb22ae1646a3655a3f32ac313040f008c8a3288d040f
treatment-r5,classic-peaceful,5973410,0,6973410,1,1,0.1111111111111111,1,5,0,1,400,0,0,6,5cf1a52ac86142ca00320c6b85a808f17de2d4f147a26c9a475f78c9997f31fa
treatment-r5,classic-peaceful,5973411,0,6973411,0,0,0.0,0,16,0,1,400,0,0,13,7a3f6fbd009d3c7de7573e0f9d7c4f74ca5bcb211d2bec76c6a3b7799be5c2b5
treatment-r5,classic-peaceful,5973412,0,6973412,0,0,0.0,0,9,0,1,400,0,0,3,9ff13643727e8ba3df2a9da2ec256fb7dafc1731e520f664155c9a722f793f89
treatment-r5,classic-peaceful,5973413,0,6973413,7,1,0.2222222222222222,2,41,1,0,173,1,0,24,878a748deea7bbc2343e57ac48655ba7e51dde0b15a35c90f123f07b34004500
treatment-r5,classic-peaceful,5973414,0,6973414,0,0,0.0,0,5,0,0,28,1,0,4,341e3a10234a243ff54d3994fbae87853df1b7c737e1d1b00c390acda6b33856
treatment-r5,classic-peaceful,5973415,0,6973415,1,0,0.1111111111111111,1,37,0,0,119,1,0,16,225540c2b6f8b49778f32239133dc988319afd0ee2c14756603e035a5fc165f1
treatment-r5,classic-peaceful,5973416,0,6973416,1,1,0.1111111111111111,1,32,0,1,400,0,0,13,97738ad33c80ca33be57756b42e707a25b461256007ea490a5fb5575cea14124
treatment-r5,classic-peaceful,5973417,0,6973417,2,1,0.2222222222222222,2,24,0,1,400,0,0,10,ba97a85f581b00ff597e2a5af0dc3cd8ce46fa7bbfe77ed1bc94e6d1facf50a8
treatment-r5,classic-peaceful,5973418,0,6973418,1,1,0.1111111111111111,1,21,0,1,400,0,0,56,71feeca2f198460eb70f0dd3903d032f620656365ce306b0cf1fec08249ed867
treatment-r5,classic-peaceful,5973419,0,6973419,0,0,0.0,0,5,0,0,14,1,0,2,07d09835ce6a8491c608749bf0e86335bd61663dceebd7d72f5493674ad3085c
treatment-r5,classic-peaceful,5973420,0,6973420,0,0,0.0,0,14,0,1,400,0,0,57,f6159f247a827c9be79dfd1313ccff8758a5bb98efc81c069cdbbe5b2d6b5c80
treatment-r5,classic-peaceful,5973421,0,6973421,0,0,0.0,0,5,0,1,400,0,0,2,d7eea5516b73cf0b6253b36b71c3f8543a30d33656f83bfe0fc71d27446e0f61
treatment-r5,classic-peaceful,5973422,0,6973422,0,0,0.0,0,18,0,1,400,0,0,12,b32f727324a138778ef2227aaace22a19fee5b4a032cf3e362fd4eaacc1c3ea8
treatment-r5,classic-peaceful,5973423,0,6973423,11,1,0.6666666666666666,6,78,1,1,400,0,0,53,769a240293eebbe64c8c24028e76e0b0790aa024dce012c2705b685391abe468
treatment-r5,classic-peaceful,5973424,0,6973424,0,0,0.0,0,15,0,1,400,0,0,51,a6a9493d4f566a4918bdbcc01b42c6484f1409c1baef1ed3a1f70006078721ad
treatment-r5,classic-peaceful,5973425,0,6973425,8,1,0.8888888888888888,8,43,0,1,400,0,0,54,f0835f735843986ea4368d28d5d831c18de9a980e9286dcb3af70b09250721bc
treatment-r5,classic-peaceful,5973426,0,6973426,5,1,0.5555555555555556,5,94,0,1,400,0,1,54,fcef6620abc8e079d07aec327b2c6edac58a1e687b886cb4c37bded4e176327a
treatment-r5,classic-peaceful,5973427,0,6973427,0,0,0.0,0,13,0,1,400,0,0,53,7775a4f317bf9f9e074f8472e086fc23b769874bca6b3c5d0a6dadaba3628f05
treatment-r5,classic-peaceful,5973428,0,6973428,0,0,0.0,0,2,0,1,400,0,0,40,cd5171b67f10a20662b75249cadb9a463e96a855bf517c0c2b98bf5f20226c4b
treatment-r5,classic-peaceful,5973429,0,6973429,4,1,0.4444444444444444,4,39,0,1,400,0,0,52,f021b96836736276923996c674a5120328ddce37950beff384607b0be56cedb4
treatment-r5,classic-peaceful,5973430,0,6973430,0,0,0.0,0,3,0,1,400,0,0,2,95c305337b1e1b1efab9753c1b497a117d026fb2334bb22daf7fccd0a4221e36
treatment-r5,classic-peaceful,5973431,0,6973431,1,1,0.1111111111111111,1,27,0,0,97,1,0,14,05de218ed003de7f0c01e2d322d153aaa1f5d6ee2a58009298ce91ec803185de
treatment-r5,classic-peaceful,5973432,0,6973432,0,0,0.0,0,2,0,1,400,0,0,1,797fbde51862986a483b5361bdfd2dc36fbe4e9e0953402285a34ffd1703adca
treatment-r5,classic-peaceful,5973433,0,6973433,0,0,0.0,0,3,0,0,6,1,0,1,0eb5bb53ebe72d5ed7ed065bd426ee545ebe4d41d0b02bd527fe6a8a6ec9fac0
treatment-r5,classic-peaceful,5973434,0,6973434,5,1,0.5555555555555556,5,59,0,1,400,0,0,56,c92cd82c113fc692b375b4785ec54edb1baccdfeada1875859194060a781758d
treatment-r5,classic-peaceful,5973435,0,6973435,2,1,0.2222222222222222,2,38,0,0,120,1,0,16,9eaf7c8bf1f836c5e166bc2d8f0527f3147354a9ab47918377f82813d24c9fc5
treatment-r5,classic-peaceful,5973436,0,6973436,8,1,0.3333333333333333,3,42,1,0,255,1,0,23,845d890e6366b8a29ed547948c2d1aed0002cc0a919b4081577be27a7cac4a02
treatment-r5,classic-peaceful,5973437,0,6973437,12,1,0.7777777777777778,7,57,1,1,400,0,0,25,8434a65386606cf0520e6192c83ea56a162dd469b510e7853baf03cbdbca033b
treatment-r5,classic-peaceful,5973438,0,6973438,1,1,0.1111111111111111,1,37,0,1,400,0,0,18,75b338679c5e20f8c132867d4b2f55561a0cc257adc7edc0ebd218bbd1ff39da
treatment-r5,classic-peaceful,5973439,0,6973439,3,1,0.3333333333333333,3,45,0,1,400,0,0,57,275424734dd2fe1a19b28393d174e8a7adf38d6bee99faf6429126e392967384
treatment-r5,classic-peaceful,5973440,0,6973440,0,0,0.0,0,17,0,1,400,0,0,6,7e26a102052d0b12800b71161d3b1f9fdc9a36d344f74bd29572c8b08719f904
treatment-r5,classic-peaceful,5973401,1,6973401,10,1,0.5555555555555556,5,54,1,0,243,1,0,34,4164d13d7d1a21c01f871be31de0ec3bb1f5f29fc531854cdba691860f36e46c
treatment-r5,classic-peaceful,5973402,1,6973402,0,0,0.0,0,14,0,1,400,0,0,57,6d1d901cff652a824a5ca149f69d7062747551b997cb724a98759292511f29ed
treatment-r5,classic-peaceful,5973403,1,6973403,0,0,0.0,0,9,0,1,400,0,0,50,30540abc23032c4fb043639d6b5870e98de69e9fd926fe136986a78bca61b68a
treatment-r5,classic-peaceful,5973404,1,6973404,0,0,0.0,0,8,0,1,400,0,0,57,be309a75a0d2895d2731cb83923ee8168e00eb8b32a4d692b46a92b95eb6e12f
treatment-r5,classic-peaceful,5973405,1,6973405,4,1,0.4444444444444444,4,58,0,0,192,1,0,27,ce39d38065a01385a91af25e02cb0b6a00fe1302d579c158ab381320bfea5a27
treatment-r5,classic-peaceful,5973406,1,6973406,1,1,0.1111111111111111,1,21,0,1,400,0,0,57,f4c9bf1f27d999e2917a60704547b6bcfa49c170323d944a6945aac13bc4bfe2
treatment-r5,classic-peaceful,5973407,1,6973407,0,0,0.0,0,7,0,1,400,0,0,4,9b5f0ba9b3582260f308a40cab0ec90d7f2d98eba52ed990f308fe890a630f2f
treatment-r5,classic-peaceful,5973408,1,6973408,1,1,0.1111111111111111,1,8,0,0,18,1,0,2,62406a298d4d0993640c5a2d53384dc1e905915de1fe53192389c2597921384c
treatment-r5,classic-peaceful,5973409,1,6973409,11,1,0.6666666666666666,6,78,1,0,356,1,0,48,0a976a94b5ca2dfea6dcdb22ae1646a3655a3f32ac313040f008c8a3288d040f
treatment-r5,classic-peaceful,5973410,1,6973410,1,1,0.1111111111111111,1,5,0,1,400,0,0,6,5cf1a52ac86142ca00320c6b85a808f17de2d4f147a26c9a475f78c9997f31fa
treatment-r5,classic-peaceful,5973411,1,6973411,0,0,0.0,0,16,0,1,400,0,0,13,7a3f6fbd009d3c7de7573e0f9d7c4f74ca5bcb211d2bec76c6a3b7799be5c2b5
treatment-r5,classic-peaceful,5973412,1,6973412,0,0,0.0,0,9,0,1,400,0,0,3,9ff13643727e8ba3df2a9da2ec256fb7dafc1731e520f664155c9a722f793f89
treatment-r5,classic-peaceful,5973413,1,6973413,7,1,0.2222222222222222,2,41,1,0,173,1,0,24,878a748deea7bbc2343e57ac48655ba7e51dde0b15a35c90f123f07b34004500
treatment-r5,classic-peaceful,5973414,1,6973414,0,0,0.0,0,5,0,0,28,1,0,4,341e3a10234a243ff54d3994fbae87853df1b7c737e1d1b00c390acda6b33856
treatment-r5,classic-peaceful,5973415,1,6973415,1,0,0.1111111111111111,1,37,0,0,119,1,0,16,225540c2b6f8b49778f32239133dc988319afd0ee2c14756603e035a5fc165f1
treatment-r5,classic-peaceful,5973416,1,6973416,1,1,0.1111111111111111,1,32,0,1,400,0,0,13,97738ad33c80ca33be57756b42e707a25b461256007ea490a5fb5575cea14124
treatment-r5,classic-peaceful,5973417,1,6973417,2,1,0.2222222222222222,2,24,0,1,400,0,0,10,ba97a85f581b00ff597e2a5af0dc3cd8ce46fa7bbfe77ed1bc94e6d1facf50a8
treatment-r5,classic-peaceful,5973418,1,6973418,1,1,0.1111111111111111,1,21,0,1,400,0,0,56,71feeca2f198460eb70f0dd3903d032f620656365ce306b0cf1fec08249ed867
treatment-r5,classic-peaceful,5973419,1,6973419,0,0,0.0,0,5,0,0,14,1,0,2,07d09835ce6a8491c608749bf0e86335bd61663dceebd7d72f5493674ad3085c
treatment-r5,classic-peaceful,5973420,1,6973420,0,0,0.0,0,14,0,1,400,0,0,57,f6159f247a827c9be79dfd1313ccff8758a5bb98efc81c069cdbbe5b2d6b5c80
treatment-r5,classic-peaceful,5973421,1,6973421,0,0,0.0,0,5,0,1,400,0,0,2,d7eea5516b73cf0b6253b36b71c3f8543a30d33656f83bfe0fc71d27446e0f61
treatment-r5,classic-peaceful,5973422,1,6973422,0,0,0.0,0,18,0,1,400,0,0,12,b32f727324a138778ef2227aaace22a19fee5b4a032cf3e362fd4eaacc1c3ea8
treatment-r5,classic-peaceful,5973423,1,6973423,11,1,0.6666666666666666,6,78,1,1,400,0,0,53,769a240293eebbe64c8c24028e76e0b0790aa024dce012c2705b685391abe468
treatment-r5,classic-peaceful,5973424,1,6973424,0,0,0.0,0,15,0,1,400,0,0,51,a6a9493d4f566a4918bdbcc01b42c6484f1409c1baef1ed3a1f70006078721ad
treatment-r5,classic-peaceful,5973425,1,6973425,8,1,0.8888888888888888,8,43,0,1,400,0,0,54,f0835f735843986ea4368d28d5d831c18de9a980e9286dcb3af70b09250721bc
treatment-r5,classic-peaceful,5973426,1,6973426,5,1,0.5555555555555556,5,94,0,1,400,0,1,54,fcef6620abc8e079d07aec327b2c6edac58a1e687b886cb4c37bded4e176327a
treatment-r5,classic-peaceful,5973427,1,6973427,0,0,0.0,0,13,0,1,400,0,0,53,7775a4f317bf9f9e074f8472e086fc23b769874bca6b3c5d0a6dadaba3628f05
treatment-r5,classic-peaceful,5973428,1,6973428,0,0,0.0,0,2,0,1,400,0,0,40,cd5171b67f10a20662b75249cadb9a463e96a855bf517c0c2b98bf5f20226c4b
treatment-r5,classic-peaceful,5973429,1,6973429,4,1,0.4444444444444444,4,39,0,1,400,0,0,52,f021b96836736276923996c674a5120328ddce37950beff384607b0be56cedb4
treatment-r5,classic-peaceful,5973430,1,6973430,0,0,0.0,0,3,0,1,400,0,0,2,95c305337b1e1b1efab9753c1b497a117d026fb2334bb22daf7fccd0a4221e36
treatment-r5,classic-peaceful,5973431,1,6973431,1,1,0.1111111111111111,1,27,0,0,97,1,0,14,05de218ed003de7f0c01e2d322d153aaa1f5d6ee2a58009298ce91ec803185de
treatment-r5,classic-peaceful,5973432,1,6973432,0,0,0.0,0,2,0,1,400,0,0,1,797fbde51862986a483b5361bdfd2dc36fbe4e9e0953402285a34ffd1703adca
treatment-r5,classic-peaceful,5973433,1,6973433,0,0,0.0,0,3,0,0,6,1,0,1,0eb5bb53ebe72d5ed7ed065bd426ee545ebe4d41d0b02bd527fe6a8a6ec9fac0
treatment-r5,classic-peaceful,5973434,1,6973434,5,1,0.5555555555555556,5,59,0,1,400,0,0,56,c92cd82c113fc692b375b4785ec54edb1baccdfeada1875859194060a781758d
treatment-r5,classic-peaceful,5973435,1,6973435,2,1,0.2222222222222222,2,38,0,0,120,1,0,16,9eaf7c8bf1f836c5e166bc2d8f0527f3147354a9ab47918377f82813d24c9fc5
treatment-r5,classic-peaceful,5973436,1,6973436,8,1,0.3333333333333333,3,42,1,0,255,1,0,23,845d890e6366b8a29ed547948c2d1aed0002cc0a919b4081577be27a7cac4a02
treatment-r5,classic-peaceful,5973437,1,6973437,12,1,0.7777777777777778,7,57,1,1,400,0,0,25,8434a65386606cf0520e6192c83ea56a162dd469b510e7853baf03cbdbca033b
treatment-r5,classic-peaceful,5973438,1,6973438,1,1,0.1111111111111111,1,37,0,1,400,0,0,18,75b338679c5e20f8c132867d4b2f55561a0cc257adc7edc0ebd218bbd1ff39da
treatment-r5,classic-peaceful,5973439,1,6973439,3,1,0.3333333333333333,3,45,0,1,400,0,0,57,275424734dd2fe1a19b28393d174e8a7adf38d6bee99faf6429126e392967384
treatment-r5,classic-peaceful,5973440,1,6973440,0,0,0.0,0,17,0,1,400,0,0,6,7e26a102052d0b12800b71161d3b1f9fdc9a36d344f74bd29572c8b08719f904
treatment-r5,coin-heaven,5973501,0,6973501,50,0,1.0,50,0,0,1,167,0,0,10,510c8c0273e6dc2e8c2d89d6497878582351add5e793cf179f4debff5c5c7aee
treatment-r5,coin-heaven,5973502,0,6973502,50,0,1.0,50,0,0,1,146,0,0,11,a263e6cd5d0505bf90ab04879c6ab7e8cf1f076bcd045e6cd67dbaaddfef947b
treatment-r5,coin-heaven,5973503,0,6973503,37,0,0.74,37,0,0,1,400,0,0,3,ecf41b65a1128cbf52bac1fec3b58bd0546b79cf12ea99b0e9cbbf0198d88b6d
treatment-r5,coin-heaven,5973504,0,6973504,50,0,1.0,50,0,0,1,128,0,0,9,fe818f496d4b2d43bb19f1cfbd3c1fdfc775d08f2eb1082302488831d3c685d2
treatment-r5,coin-heaven,5973505,0,6973505,2,0,0.04,2,0,0,1,400,0,0,0,fc46d9a3d00fed802efdb19542436e42dcfed82986e415110824168de8e51073
treatment-r5,coin-heaven,5973506,0,6973506,7,0,0.14,7,0,0,1,400,0,0,0,0937387d0cdf1fb2d45971ff67bb1bc6a599f5ef9cd36f8603089e79ab5e2bb5
treatment-r5,coin-heaven,5973507,0,6973507,50,0,1.0,50,0,0,1,154,0,0,11,f1e6e9ddf84072df3c419d680a664cac9431e1bcd20989dbb3526f67b02a2904
treatment-r5,coin-heaven,5973508,0,6973508,6,0,0.12,6,0,0,1,400,0,0,0,93cb55c2adb3833615357e8fc982cf6f645ee103e926aa19587d1b8f85e9a40e
treatment-r5,coin-heaven,5973509,0,6973509,10,0,0.2,10,0,0,1,400,0,0,0,037ddcd1e9a0aa68f4d3df7542b811c7252e0e3d8b737bec9d57faf2802361eb
treatment-r5,coin-heaven,5973510,0,6973510,25,0,0.5,25,0,0,1,400,0,0,2,f841686ba16d180b9414c61afeeea1711715a2acecb5baf72016188c807d6e79
treatment-r5,coin-heaven,5973511,0,6973511,38,0,0.76,38,0,0,1,400,0,0,4,bd981aecf3d9c80fe3e162ec0314fc13abffddd84e0f2b361de1ddedf9c08c8c
treatment-r5,coin-heaven,5973512,0,6973512,6,0,0.12,6,0,0,1,400,0,0,2,33a12531ceaa66fe8b690484a9149f9c4a6c00abc316586b97d0a9965ac888aa
treatment-r5,coin-heaven,5973513,0,6973513,38,0,0.76,38,0,0,1,400,0,0,4,c28f720883325283396a6ad3220a063e38fccd98f496fd41e11c7e50d8d2e7ed
treatment-r5,coin-heaven,5973514,0,6973514,7,0,0.14,7,0,0,1,400,0,0,0,7c7508d7b65918d71fa172a78e2ca9108edaebb9c022bffbce955574b416aa7f
treatment-r5,coin-heaven,5973515,0,6973515,27,0,0.54,27,0,0,1,400,0,0,3,673393dbb89fdcafcf3b6d2a396ea3e1a1037adb332c8f4cf188fbce82b1c95a
treatment-r5,coin-heaven,5973516,0,6973516,12,0,0.24,12,0,0,0,28,1,0,2,503f7c9c5afdc37be43a54647959fb42119e30ad34878d5f232c1ae24087a32f
treatment-r5,coin-heaven,5973517,0,6973517,20,0,0.4,20,0,0,1,400,0,0,2,ba9c6f84122e761e21109011c9431af4dc84a38820bf3181136895cc8f16db78
treatment-r5,coin-heaven,5973518,0,6973518,41,0,0.82,41,0,0,1,400,0,0,5,d2627fd4c5340d6b1c8df837e6f59f31487f66a74bc111a03b1281f111b089a8
treatment-r5,coin-heaven,5973519,0,6973519,50,0,1.0,50,0,0,1,135,0,0,7,6cfe7438a84ae9440cb73597c1705f42afcd070c4808e557cafabec8a265d3af
treatment-r5,coin-heaven,5973520,0,6973520,28,0,0.56,28,0,0,1,400,0,0,2,420afc3b9432ca2778f6beaf23d705d63feae4b6f618acd58903ba8537302daf
treatment-r5,coin-heaven,5973521,0,6973521,16,0,0.32,16,0,0,1,400,0,0,1,02ce8a832dd60cebc61358f40860b352b6a260d5423c446545312bc35eaaa2b1
treatment-r5,coin-heaven,5973522,0,6973522,50,0,1.0,50,0,0,1,137,0,0,8,956e9ec4296612084c19eb9aec460e411e2bdb761ca3637574dab5ce87dbfc55
treatment-r5,coin-heaven,5973523,0,6973523,50,0,1.0,50,0,0,1,151,0,0,8,c354f99765b81ccd6c67cbd7e07a3664a27844ede473ca8950cbaa5150d5d7e7
treatment-r5,coin-heaven,5973524,0,6973524,50,0,1.0,50,0,0,1,163,0,0,8,654ee9b5343f3d7cb9187810e442ec6f09a82dd61189dee0e73190f87a4a79c8
treatment-r5,coin-heaven,5973525,0,6973525,10,0,0.2,10,0,0,1,400,0,0,1,a6c9989eb89b5619562d6de78b62d60b9619777790d8b81711f00e0145cf6048
treatment-r5,coin-heaven,5973526,0,6973526,0,0,0.0,0,0,0,1,400,0,0,0,f49e2d07ad7b7990c33143b698363cae0bfc89b82ed1839a336aa5fcc9af2747
treatment-r5,coin-heaven,5973527,0,6973527,4,0,0.08,4,0,0,1,400,0,0,1,04ed0e18d61292e909812214958bd68e2924d114abb46897976668526e9fafa3
treatment-r5,coin-heaven,5973528,0,6973528,37,0,0.74,37,0,0,0,78,1,0,3,4e3caa72e906615d3f109c3ed154e4cc93fff1087a050f50e5cf7bae9f850fb9
treatment-r5,coin-heaven,5973529,0,6973529,50,0,1.0,50,0,0,1,133,0,0,7,8734375291520cee777b9368ad6bd2f57451673db7fd01ffd041e43219cf2de3
treatment-r5,coin-heaven,5973530,0,6973530,50,0,1.0,50,0,0,1,160,0,0,12,9b52030e78c80149729ba6f13c5d5cf7a658b28d8327b95c85b6bbe47807b4c4
treatment-r5,coin-heaven,5973531,0,6973531,47,0,0.94,47,0,0,1,400,0,0,7,4aaf3ce9a4be8b77db9ade0b45804df8395cd39922bb6e6d452ad5dd10ee3e1e
treatment-r5,coin-heaven,5973532,0,6973532,50,0,1.0,50,0,0,1,129,0,0,4,388e776b2770465bd1975a6de30cd3b90ef9acde692e01aecb67d4e18768e29d
treatment-r5,coin-heaven,5973533,0,6973533,50,0,1.0,50,0,0,1,139,0,0,7,49cb22e2f229564ff7114067f14a29a63a1d6071614b571e402ae62da4bbd41b
treatment-r5,coin-heaven,5973534,0,6973534,50,0,1.0,50,0,0,1,163,0,0,13,4697679be9bc73205c6f6635d9ffa263bd5fd2b276233c209555f7cb01a611aa
treatment-r5,coin-heaven,5973535,0,6973535,5,0,0.1,5,0,0,0,13,1,0,1,e17329da335e5dd2819d726885d662ca72440ca7e6e5b27531cfb2e21c8a361c
treatment-r5,coin-heaven,5973536,0,6973536,30,0,0.6,30,0,0,1,400,0,0,3,864926b68d6bf727daf2e4e19b73da09fc650e8939d263495e7271a05730941f
treatment-r5,coin-heaven,5973537,0,6973537,6,0,0.12,6,0,0,1,400,0,0,0,7549440a499dec93d7aaeaf3c226f38bdbac96accebe2307a5695e55c12052b7
treatment-r5,coin-heaven,5973538,0,6973538,25,0,0.5,25,0,0,1,400,0,0,3,eaf9da9c6337cd34c461e1278d48318d44e0633e12312323076223873479e7ac
treatment-r5,coin-heaven,5973539,0,6973539,17,0,0.34,17,0,0,0,39,1,0,1,c40e686518ca4bd7dc6517dff32185ace273b6d22f2acb4d7cfe58230ce44c5d
treatment-r5,coin-heaven,5973540,0,6973540,50,0,1.0,50,0,0,1,125,0,0,9,3570310a3440fda8f79c01108c9110833289271690cb5397defcc1d2eca52136
treatment-r5,coin-heaven,5973501,1,6973501,50,0,1.0,50,0,0,1,167,0,0,10,510c8c0273e6dc2e8c2d89d6497878582351add5e793cf179f4debff5c5c7aee
treatment-r5,coin-heaven,5973502,1,6973502,50,0,1.0,50,0,0,1,146,0,0,11,a263e6cd5d0505bf90ab04879c6ab7e8cf1f076bcd045e6cd67dbaaddfef947b
treatment-r5,coin-heaven,5973503,1,6973503,37,0,0.74,37,0,0,1,400,0,0,3,ecf41b65a1128cbf52bac1fec3b58bd0546b79cf12ea99b0e9cbbf0198d88b6d
treatment-r5,coin-heaven,5973504,1,6973504,50,0,1.0,50,0,0,1,128,0,0,9,fe818f496d4b2d43bb19f1cfbd3c1fdfc775d08f2eb1082302488831d3c685d2
treatment-r5,coin-heaven,5973505,1,6973505,2,0,0.04,2,0,0,1,400,0,0,0,fc46d9a3d00fed802efdb19542436e42dcfed82986e415110824168de8e51073
treatment-r5,coin-heaven,5973506,1,6973506,7,0,0.14,7,0,0,1,400,0,0,0,0937387d0cdf1fb2d45971ff67bb1bc6a599f5ef9cd36f8603089e79ab5e2bb5
treatment-r5,coin-heaven,5973507,1,6973507,50,0,1.0,50,0,0,1,154,0,0,11,f1e6e9ddf84072df3c419d680a664cac9431e1bcd20989dbb3526f67b02a2904
treatment-r5,coin-heaven,5973508,1,6973508,6,0,0.12,6,0,0,1,400,0,0,0,93cb55c2adb3833615357e8fc982cf6f645ee103e926aa19587d1b8f85e9a40e
treatment-r5,coin-heaven,5973509,1,6973509,10,0,0.2,10,0,0,1,400,0,0,0,037ddcd1e9a0aa68f4d3df7542b811c7252e0e3d8b737bec9d57faf2802361eb
treatment-r5,coin-heaven,5973510,1,6973510,25,0,0.5,25,0,0,1,400,0,0,2,f841686ba16d180b9414c61afeeea1711715a2acecb5baf72016188c807d6e79
treatment-r5,coin-heaven,5973511,1,6973511,38,0,0.76,38,0,0,1,400,0,0,4,bd981aecf3d9c80fe3e162ec0314fc13abffddd84e0f2b361de1ddedf9c08c8c
treatment-r5,coin-heaven,5973512,1,6973512,6,0,0.12,6,0,0,1,400,0,0,2,33a12531ceaa66fe8b690484a9149f9c4a6c00abc316586b97d0a9965ac888aa
treatment-r5,coin-heaven,5973513,1,6973513,38,0,0.76,38,0,0,1,400,0,0,4,c28f720883325283396a6ad3220a063e38fccd98f496fd41e11c7e50d8d2e7ed
treatment-r5,coin-heaven,5973514,1,6973514,7,0,0.14,7,0,0,1,400,0,0,0,7c7508d7b65918d71fa172a78e2ca9108edaebb9c022bffbce955574b416aa7f
treatment-r5,coin-heaven,5973515,1,6973515,27,0,0.54,27,0,0,1,400,0,0,3,673393dbb89fdcafcf3b6d2a396ea3e1a1037adb332c8f4cf188fbce82b1c95a
treatment-r5,coin-heaven,5973516,1,6973516,12,0,0.24,12,0,0,0,28,1,0,2,503f7c9c5afdc37be43a54647959fb42119e30ad34878d5f232c1ae24087a32f
treatment-r5,coin-heaven,5973517,1,6973517,20,0,0.4,20,0,0,1,400,0,0,2,ba9c6f84122e761e21109011c9431af4dc84a38820bf3181136895cc8f16db78
treatment-r5,coin-heaven,5973518,1,6973518,41,0,0.82,41,0,0,1,400,0,0,5,d2627fd4c5340d6b1c8df837e6f59f31487f66a74bc111a03b1281f111b089a8
treatment-r5,coin-heaven,5973519,1,6973519,50,0,1.0,50,0,0,1,135,0,0,7,6cfe7438a84ae9440cb73597c1705f42afcd070c4808e557cafabec8a265d3af
treatment-r5,coin-heaven,5973520,1,6973520,28,0,0.56,28,0,0,1,400,0,0,2,420afc3b9432ca2778f6beaf23d705d63feae4b6f618acd58903ba8537302daf
treatment-r5,coin-heaven,5973521,1,6973521,16,0,0.32,16,0,0,1,400,0,0,1,02ce8a832dd60cebc61358f40860b352b6a260d5423c446545312bc35eaaa2b1
treatment-r5,coin-heaven,5973522,1,6973522,50,0,1.0,50,0,0,1,137,0,0,8,956e9ec4296612084c19eb9aec460e411e2bdb761ca3637574dab5ce87dbfc55
treatment-r5,coin-heaven,5973523,1,6973523,50,0,1.0,50,0,0,1,151,0,0,8,c354f99765b81ccd6c67cbd7e07a3664a27844ede473ca8950cbaa5150d5d7e7
treatment-r5,coin-heaven,5973524,1,6973524,50,0,1.0,50,0,0,1,163,0,0,8,654ee9b5343f3d7cb9187810e442ec6f09a82dd61189dee0e73190f87a4a79c8
treatment-r5,coin-heaven,5973525,1,6973525,10,0,0.2,10,0,0,1,400,0,0,1,a6c9989eb89b5619562d6de78b62d60b9619777790d8b81711f00e0145cf6048
treatment-r5,coin-heaven,5973526,1,6973526,0,0,0.0,0,0,0,1,400,0,0,0,f49e2d07ad7b7990c33143b698363cae0bfc89b82ed1839a336aa5fcc9af2747
treatment-r5,coin-heaven,5973527,1,6973527,4,0,0.08,4,0,0,1,400,0,0,1,04ed0e18d61292e909812214958bd68e2924d114abb46897976668526e9fafa3
treatment-r5,coin-heaven,5973528,1,6973528,37,0,0.74,37,0,0,0,78,1,0,3,4e3caa72e906615d3f109c3ed154e4cc93fff1087a050f50e5cf7bae9f850fb9
treatment-r5,coin-heaven,5973529,1,6973529,50,0,1.0,50,0,0,1,133,0,0,7,8734375291520cee777b9368ad6bd2f57451673db7fd01ffd041e43219cf2de3
treatment-r5,coin-heaven,5973530,1,6973530,50,0,1.0,50,0,0,1,160,0,0,12,9b52030e78c80149729ba6f13c5d5cf7a658b28d8327b95c85b6bbe47807b4c4
treatment-r5,coin-heaven,5973531,1,6973531,47,0,0.94,47,0,0,1,400,0,0,7,4aaf3ce9a4be8b77db9ade0b45804df8395cd39922bb6e6d452ad5dd10ee3e1e
treatment-r5,coin-heaven,5973532,1,6973532,50,0,1.0,50,0,0,1,129,0,0,4,388e776b2770465bd1975a6de30cd3b90ef9acde692e01aecb67d4e18768e29d
treatment-r5,coin-heaven,5973533,1,6973533,50,0,1.0,50,0,0,1,139,0,0,7,49cb22e2f229564ff7114067f14a29a63a1d6071614b571e402ae62da4bbd41b
treatment-r5,coin-heaven,5973534,1,6973534,50,0,1.0,50,0,0,1,163,0,0,13,4697679be9bc73205c6f6635d9ffa263bd5fd2b276233c209555f7cb01a611aa
treatment-r5,coin-heaven,5973535,1,6973535,5,0,0.1,5,0,0,0,13,1,0,1,e17329da335e5dd2819d726885d662ca72440ca7e6e5b27531cfb2e21c8a361c
treatment-r5,coin-heaven,5973536,1,6973536,30,0,0.6,30,0,0,1,400,0,0,3,864926b68d6bf727daf2e4e19b73da09fc650e8939d263495e7271a05730941f
treatment-r5,coin-heaven,5973537,1,6973537,6,0,0.12,6,0,0,1,400,0,0,0,7549440a499dec93d7aaeaf3c226f38bdbac96accebe2307a5695e55c12052b7
treatment-r5,coin-heaven,5973538,1,6973538,25,0,0.5,25,0,0,1,400,0,0,3,eaf9da9c6337cd34c461e1278d48318d44e0633e12312323076223873479e7ac
treatment-r5,coin-heaven,5973539,1,6973539,17,0,0.34,17,0,0,0,39,1,0,1,c40e686518ca4bd7dc6517dff32185ace273b6d22f2acb4d7cfe58230ce44c5d
treatment-r5,coin-heaven,5973540,1,6973540,50,0,1.0,50,0,0,1,125,0,0,9,3570310a3440fda8f79c01108c9110833289271690cb5397defcc1d2eca52136
treatment-r5,loot-crate,5973601,0,6973601,34,0,0.68,34,93,0,0,337,1,0,39,fde62031b2afd7d58c2e2336bb8032ffcf942955c9891bd55cac675fc2c5aa7f
treatment-r5,loot-crate,5973602,0,6973602,9,0,0.18,9,24,0,1,400,0,0,8,31f3f015a986c6a7bdc29e2b2b7594649619a15cf11bd5a1aef4179c770097a0
treatment-r5,loot-crate,5973603,0,6973603,5,0,0.1,5,22,0,1,400,0,0,8,ba968a3feb6f7ce842a88c16d9503a65b14cbbc620142ec01cefec2573dc952c
treatment-r5,loot-crate,5973604,0,6973604,12,0,0.24,12,39,0,1,400,0,0,18,aca8963f32c021e424cd90365ffd4cce219ddcc45f11de844d509af3add55797
treatment-r5,loot-crate,5973605,0,6973605,23,0,0.46,23,64,0,1,400,0,0,23,eab178cbd1cf8321f5bbd8bb5e0e5d6a5b230ed5c7b73ca8b25b9b44397bbfe0
treatment-r5,loot-crate,5973606,0,6973606,0,0,0.0,0,3,0,0,7,1,0,1,bec5dcd249e32c25e08bfd78ae45bacf24fc731a13a009bc818898df7a3fe547
treatment-r5,loot-crate,5973607,0,6973607,1,0,0.02,1,9,0,0,38,1,0,5,cc0c5338b6bc6d762dc2ea74e12782d84f346e801c3089b3245e8d3d18d9c5c6
treatment-r5,loot-crate,5973608,0,6973608,11,0,0.22,11,35,0,1,400,0,0,18,c2188d29efe072083f2e797abe66c21cb17c421ac79901434b76b6d023bd9d9d
treatment-r5,loot-crate,5973609,0,6973609,2,0,0.04,2,8,0,1,400,0,0,3,4b7de92ad926ace522606f6b3703adf77979371b4292a239d32b82853715ea00
treatment-r5,loot-crate,5973610,0,6973610,8,0,0.16,8,36,0,0,138,1,0,18,a9986214449ac36626fade8c5999ad77f87a41dfd6c385c1b3be63aba1c42ee8
treatment-r5,loot-crate,5973611,0,6973611,0,0,0.0,0,0,0,1,400,0,0,0,2c98cb549ba8c5312c532da67cc4c60bc3db7a0c376a72eae4e60c24ad94208d
treatment-r5,loot-crate,5973612,0,6973612,1,0,0.02,1,11,0,0,35,1,0,5,1b6b8519028bd0dae331cd7931726d51d405d62ec86be86e3c01a0073003cf86
treatment-r5,loot-crate,5973613,0,6973613,2,0,0.04,2,13,0,1,400,0,0,5,7b0405754af68f040e43e6107aa71aac90eab8976018187b6e99e333e00fc58d
treatment-r5,loot-crate,5973614,0,6973614,3,0,0.06,3,19,0,0,65,1,0,8,514991e5921a3787a6bfd182b055bd75d2d45a7d76f7b628ef8992f8725d1199
treatment-r5,loot-crate,5973615,0,6973615,1,0,0.02,1,11,0,1,400,0,0,4,7dc9343f6767cd52ea069f8dc71dd6b66918849c59c50637c6d2d8a659868890
treatment-r5,loot-crate,5973616,0,6973616,5,0,0.1,5,17,0,0,50,1,0,6,a31e79a1e467832d26e186b1da2d1b4f23710655c978ab02c954be5fbc57db1b
treatment-r5,loot-crate,5973617,0,6973617,6,0,0.12,6,20,0,1,400,0,0,9,97cc893fc2928dd2869a30474167b837fc547b91fa495170b6cf6f7e1a2861b1
treatment-r5,loot-crate,5973618,0,6973618,13,0,0.26,13,42,0,0,122,1,0,14,2bef82013215f606b28f38f23af2001e392ee9b2872396e8ac1dd1c23112d924
treatment-r5,loot-crate,5973619,0,6973619,2,0,0.04,2,7,0,0,37,1,0,4,1ab9895bb2436d008766046676206a0376331e516c358ef9207dec47ae1676f7
treatment-r5,loot-crate,5973620,0,6973620,17,0,0.34,17,43,0,0,115,1,0,13,587d9ad597604dd8bb626aa88147a3d0935e295908c8628a7ca133d149ea4a51
treatment-r5,loot-crate,5973621,0,6973621,7,0,0.14,7,22,0,1,400,0,0,11,3b38a0b63a4c51bdf433cfd2be8604af30555f6178858121fbf298bedcabde13
treatment-r5,loot-crate,5973622,0,6973622,2,0,0.04,2,12,0,1,400,0,0,5,ba817f04d1474a6d1d1ea6ce519c320ec0505112746bda274eba80493ad28be9
treatment-r5,loot-crate,5973623,0,6973623,2,0,0.04,2,6,0,0,16,1,0,2,9e2d4c12393f40576292f332e915bc681dbb8fd888cfad4bd2432c584f222985
treatment-r5,loot-crate,5973624,0,6973624,1,0,0.02,1,8,0,1,400,0,0,2,ba66fe28d2c702070c4b40ab04b0baaff6b02254605e5c9e9ceb56f5e064434c
treatment-r5,loot-crate,5973625,0,6973625,0,0,0.0,0,4,0,0,16,1,0,2,c761b4550ba4c278d7242fadaa2bdacc47c8a87f19bf96978f3a03d3abd5cc6d
treatment-r5,loot-crate,5973626,0,6973626,13,0,0.26,13,34,0,0,94,1,0,11,91db523f08db5ae90a5494ecd49111626442d54361ce53dc2f25abcec50401a0
treatment-r5,loot-crate,5973627,0,6973627,13,0,0.26,13,36,0,1,400,0,0,15,8b23a6fb5728a894466e1e7961d63ffabe1cf4cd5d4963548404268d5621e761
treatment-r5,loot-crate,5973628,0,6973628,10,0,0.2,10,28,0,1,400,0,0,9,488069ce7a1c0eb86879dba6d20d9a4b3e7469a3c016b8739752277b6b87f2b2
treatment-r5,loot-crate,5973629,0,6973629,36,0,0.72,36,88,0,1,400,0,0,48,0b070bb3937848a71c383adee468e9ad8c8f3eaf53aba785c5891dd6808843f9
treatment-r5,loot-crate,5973630,0,6973630,5,0,0.1,5,16,0,0,78,1,0,10,7d1ca16a2fdd01da3d5c74c665c17f9349868bdf06ab043faf0bf401a5bcd8de
treatment-r5,loot-crate,5973631,0,6973631,17,0,0.34,17,53,0,0,176,1,0,21,54c8f6918a8b79fc94f4c5340aa5b68134172755faf28bdfb8837ff1879298f1
treatment-r5,loot-crate,5973632,0,6973632,14,0,0.28,14,46,0,0,131,1,0,16,8f1c2cafa3358ea7c7c1ac4c975b43369b7d8f34d2d6ad7fa350417b55b56ba7
treatment-r5,loot-crate,5973633,0,6973633,1,0,0.02,1,12,0,0,34,1,0,5,ea2270d9f894f32e40e783ca12f14bc2345db0ce69e853695f26f7dd836614f1
treatment-r5,loot-crate,5973634,0,6973634,19,0,0.38,19,52,0,1,400,0,0,27,8be54653f1ccb7518d53db9e2ba906d5ca48e484c09fe90996863ad0507d5d80
treatment-r5,loot-crate,5973635,0,6973635,3,0,0.06,3,8,0,0,32,1,0,4,45391d3581c763154916bd74c615197fab7e59b0a9534f67f4212cb5f35af381
treatment-r5,loot-crate,5973636,0,6973636,2,0,0.04,2,8,0,0,31,1,0,4,42111c52e06a0bec222678f39069000b61740fb7e03d38403319ceba88e5ae22
treatment-r5,loot-crate,5973637,0,6973637,0,0,0.0,0,3,0,0,7,1,0,1,bec5dcd249e32c25e08bfd78ae45bacf24fc731a13a009bc818898df7a3fe547
treatment-r5,loot-crate,5973638,0,6973638,27,0,0.54,27,58,0,1,400,0,0,29,0886b9e6ba1676c693e467b4a5d6c24bdeef6570f76f00531e9bd1e2c558b552
treatment-r5,loot-crate,5973639,0,6973639,13,0,0.26,13,32,0,0,136,1,0,18,9b4e5125da6bca1983c770e6a97a3d083fbc96c5e57c48e93a4aaf85f4dc9ccd
treatment-r5,loot-crate,5973640,0,6973640,0,0,0.0,0,2,0,0,6,1,0,1,064e5a46da65e7d72d07c580e02f470447caa1b06e6139a3197f4344136ef1c6
treatment-r5,loot-crate,5973601,1,6973601,34,0,0.68,34,93,0,0,337,1,0,39,fde62031b2afd7d58c2e2336bb8032ffcf942955c9891bd55cac675fc2c5aa7f
treatment-r5,loot-crate,5973602,1,6973602,9,0,0.18,9,24,0,1,400,0,0,8,31f3f015a986c6a7bdc29e2b2b7594649619a15cf11bd5a1aef4179c770097a0
treatment-r5,loot-crate,5973603,1,6973603,5,0,0.1,5,22,0,1,400,0,0,8,ba968a3feb6f7ce842a88c16d9503a65b14cbbc620142ec01cefec2573dc952c
treatment-r5,loot-crate,5973604,1,6973604,12,0,0.24,12,39,0,1,400,0,0,18,aca8963f32c021e424cd90365ffd4cce219ddcc45f11de844d509af3add55797
treatment-r5,loot-crate,5973605,1,6973605,23,0,0.46,23,64,0,1,400,0,0,23,eab178cbd1cf8321f5bbd8bb5e0e5d6a5b230ed5c7b73ca8b25b9b44397bbfe0
treatment-r5,loot-crate,5973606,1,6973606,0,0,0.0,0,3,0,0,7,1,0,1,bec5dcd249e32c25e08bfd78ae45bacf24fc731a13a009bc818898df7a3fe547
treatment-r5,loot-crate,5973607,1,6973607,1,0,0.02,1,9,0,0,38,1,0,5,cc0c5338b6bc6d762dc2ea74e12782d84f346e801c3089b3245e8d3d18d9c5c6
treatment-r5,loot-crate,5973608,1,6973608,11,0,0.22,11,35,0,1,400,0,0,18,c2188d29efe072083f2e797abe66c21cb17c421ac79901434b76b6d023bd9d9d
treatment-r5,loot-crate,5973609,1,6973609,2,0,0.04,2,8,0,1,400,0,0,3,4b7de92ad926ace522606f6b3703adf77979371b4292a239d32b82853715ea00
treatment-r5,loot-crate,5973610,1,6973610,8,0,0.16,8,36,0,0,138,1,0,18,a9986214449ac36626fade8c5999ad77f87a41dfd6c385c1b3be63aba1c42ee8
treatment-r5,loot-crate,5973611,1,6973611,0,0,0.0,0,0,0,1,400,0,0,0,2c98cb549ba8c5312c532da67cc4c60bc3db7a0c376a72eae4e60c24ad94208d
treatment-r5,loot-crate,5973612,1,6973612,1,0,0.02,1,11,0,0,35,1,0,5,1b6b8519028bd0dae331cd7931726d51d405d62ec86be86e3c01a0073003cf86
treatment-r5,loot-crate,5973613,1,6973613,2,0,0.04,2,13,0,1,400,0,0,5,7b0405754af68f040e43e6107aa71aac90eab8976018187b6e99e333e00fc58d
treatment-r5,loot-crate,5973614,1,6973614,3,0,0.06,3,19,0,0,65,1,0,8,514991e5921a3787a6bfd182b055bd75d2d45a7d76f7b628ef8992f8725d1199
treatment-r5,loot-crate,5973615,1,6973615,1,0,0.02,1,11,0,1,400,0,0,4,7dc9343f6767cd52ea069f8dc71dd6b66918849c59c50637c6d2d8a659868890
treatment-r5,loot-crate,5973616,1,6973616,5,0,0.1,5,17,0,0,50,1,0,6,a31e79a1e467832d26e186b1da2d1b4f23710655c978ab02c954be5fbc57db1b
treatment-r5,loot-crate,5973617,1,6973617,6,0,0.12,6,20,0,1,400,0,0,9,97cc893fc2928dd2869a30474167b837fc547b91fa495170b6cf6f7e1a2861b1
treatment-r5,loot-crate,5973618,1,6973618,13,0,0.26,13,42,0,0,122,1,0,14,2bef82013215f606b28f38f23af2001e392ee9b2872396e8ac1dd1c23112d924
treatment-r5,loot-crate,5973619,1,6973619,2,0,0.04,2,7,0,0,37,1,0,4,1ab9895bb2436d008766046676206a0376331e516c358ef9207dec47ae1676f7
treatment-r5,loot-crate,5973620,1,6973620,17,0,0.34,17,43,0,0,115,1,0,13,587d9ad597604dd8bb626aa88147a3d0935e295908c8628a7ca133d149ea4a51
treatment-r5,loot-crate,5973621,1,6973621,7,0,0.14,7,22,0,1,400,0,0,11,3b38a0b63a4c51bdf433cfd2be8604af30555f6178858121fbf298bedcabde13
treatment-r5,loot-crate,5973622,1,6973622,2,0,0.04,2,12,0,1,400,0,0,5,ba817f04d1474a6d1d1ea6ce519c320ec0505112746bda274eba80493ad28be9
treatment-r5,loot-crate,5973623,1,6973623,2,0,0.04,2,6,0,0,16,1,0,2,9e2d4c12393f40576292f332e915bc681dbb8fd888cfad4bd2432c584f222985
treatment-r5,loot-crate,5973624,1,6973624,1,0,0.02,1,8,0,1,400,0,0,2,ba66fe28d2c702070c4b40ab04b0baaff6b02254605e5c9e9ceb56f5e064434c
treatment-r5,loot-crate,5973625,1,6973625,0,0,0.0,0,4,0,0,16,1,0,2,c761b4550ba4c278d7242fadaa2bdacc47c8a87f19bf96978f3a03d3abd5cc6d
treatment-r5,loot-crate,5973626,1,6973626,13,0,0.26,13,34,0,0,94,1,0,11,91db523f08db5ae90a5494ecd49111626442d54361ce53dc2f25abcec50401a0
treatment-r5,loot-crate,5973627,1,6973627,13,0,0.26,13,36,0,1,400,0,0,15,8b23a6fb5728a894466e1e7961d63ffabe1cf4cd5d4963548404268d5621e761
treatment-r5,loot-crate,5973628,1,6973628,10,0,0.2,10,28,0,1,400,0,0,9,488069ce7a1c0eb86879dba6d20d9a4b3e7469a3c016b8739752277b6b87f2b2
treatment-r5,loot-crate,5973629,1,6973629,36,0,0.72,36,88,0,1,400,0,0,48,0b070bb3937848a71c383adee468e9ad8c8f3eaf53aba785c5891dd6808843f9
treatment-r5,loot-crate,5973630,1,6973630,5,0,0.1,5,16,0,0,78,1,0,10,7d1ca16a2fdd01da3d5c74c665c17f9349868bdf06ab043faf0bf401a5bcd8de
treatment-r5,loot-crate,5973631,1,6973631,17,0,0.34,17,53,0,0,176,1,0,21,54c8f6918a8b79fc94f4c5340aa5b68134172755faf28bdfb8837ff1879298f1
treatment-r5,loot-crate,5973632,1,6973632,14,0,0.28,14,46,0,0,131,1,0,16,8f1c2cafa3358ea7c7c1ac4c975b43369b7d8f34d2d6ad7fa350417b55b56ba7
treatment-r5,loot-crate,5973633,1,6973633,1,0,0.02,1,12,0,0,34,1,0,5,ea2270d9f894f32e40e783ca12f14bc2345db0ce69e853695f26f7dd836614f1
treatment-r5,loot-crate,5973634,1,6973634,19,0,0.38,19,52,0,1,400,0,0,27,8be54653f1ccb7518d53db9e2ba906d5ca48e484c09fe90996863ad0507d5d80
treatment-r5,loot-crate,5973635,1,6973635,3,0,0.06,3,8,0,0,32,1,0,4,45391d3581c763154916bd74c615197fab7e59b0a9534f67f4212cb5f35af381
treatment-r5,loot-crate,5973636,1,6973636,2,0,0.04,2,8,0,0,31,1,0,4,42111c52e06a0bec222678f39069000b61740fb7e03d38403319ceba88e5ae22
treatment-r5,loot-crate,5973637,1,6973637,0,0,0.0,0,3,0,0,7,1,0,1,bec5dcd249e32c25e08bfd78ae45bacf24fc731a13a009bc818898df7a3fe547
treatment-r5,loot-crate,5973638,1,6973638,27,0,0.54,27,58,0,1,400,0,0,29,0886b9e6ba1676c693e467b4a5d6c24bdeef6570f76f00531e9bd1e2c558b552
treatment-r5,loot-crate,5973639,1,6973639,13,0,0.26,13,32,0,0,136,1,0,18,9b4e5125da6bca1983c770e6a97a3d083fbc96c5e57c48e93a4aaf85f4dc9ccd
treatment-r5,loot-crate,5973640,1,6973640,0,0,0.0,0,2,0,0,6,1,0,1,064e5a46da65e7d72d07c580e02f470447caa1b06e6139a3197f4344136ef1c6
treatment-r5,classic-empty,5973701,0,6973701,4,0,0.4444444444444444,4,56,0,1,400,0,0,54,2d4958b18c9843e8d0032daff4bf0197cbce86fc5d903178db993bbbed819af2
treatment-r5,classic-empty,5973702,0,6973702,3,0,0.3333333333333333,3,73,0,0,186,1,0,26,523ec791e88f784f27e2c6f73e7254f6c2545092acd95670579e5e732d97db62
treatment-r5,classic-empty,5973703,0,6973703,2,0,0.2222222222222222,2,61,0,0,179,1,0,25,132afb824df2beedadd13cf8782920eaf22a4cafa6e76fb54bb6429514f0db25
treatment-r5,classic-empty,5973704,0,6973704,7,0,0.7777777777777778,7,82,0,1,400,0,0,54,03008e0b7f84f39124462bff639dd6c667fa1edf6166bc0fd1d0feb929446e48
treatment-r5,classic-empty,5973705,0,6973705,5,0,0.5555555555555556,5,48,0,1,400,0,0,16,c99e93f38e687f2514c3d5986baa0ffddba72017f210a6dd91ead514313f1dcb
treatment-r5,classic-empty,5973706,0,6973706,3,0,0.3333333333333333,3,30,0,1,400,0,0,15,921e6bd807e3f326c1d58e7aff5c64f83461d6cdfc4fb5d86ec1e75c044799ff
treatment-r5,classic-empty,5973707,0,6973707,8,0,0.8888888888888888,8,110,0,1,400,0,0,54,18417997020f8286411374388c22c4f9a9abba55383f29ba199a55777ae3487a
treatment-r5,classic-empty,5973708,0,6973708,2,0,0.2222222222222222,2,33,0,1,400,0,0,57,9d7808186aabfd7b5911fcb90b41fe6afd754f91d4374b94b3b19e2a69f37340
treatment-r5,classic-empty,5973709,0,6973709,2,0,0.2222222222222222,2,19,0,0,70,1,0,10,44412a37ebbcb1116f6658c1cc14794b53ce2612bb28b6bebeb1bf309aebd031
treatment-r5,classic-empty,5973710,0,6973710,4,0,0.4444444444444444,4,99,0,1,400,0,0,54,4ae0edb3882ec7a6b123f9a4e4f73fe65814c5538db0d37bcfa05cb0e6bc6c78
treatment-r5,classic-empty,5973711,0,6973711,4,0,0.4444444444444444,4,55,0,1,400,0,0,52,eb92c6e27922db66ad1a2b5d019be6371b6d14d63b23c1bf6fc745c153e2f9f5
treatment-r5,classic-empty,5973712,0,6973712,7,0,0.7777777777777778,7,106,0,1,400,0,0,52,afbc820463b222dceea9c51dcf2028424c92368701cd10c8080d1535c60333e0
treatment-r5,classic-empty,5973713,0,6973713,0,0,0.0,0,14,0,1,400,0,0,42,7d609ac41efcd21edbb15574d1f4f382c57fe496e0e43b7893716f840deb693c
treatment-r5,classic-empty,5973714,0,6973714,1,0,0.1111111111111111,1,12,0,0,36,1,0,5,1b7b1c6477626fcd033e0a9f276dc8d3624904a3e14c4f5d35112519b84139fa
treatment-r5,classic-empty,5973715,0,6973715,0,0,0.0,0,8,0,1,400,0,0,3,e4619cca2ac43c89cf9fbf09d4d46aa8156d53bed08e15f98ed7e96fb858c775
treatment-r5,classic-empty,5973716,0,6973716,5,0,0.5555555555555556,5,86,0,1,400,0,0,48,76dea07911964576e4d38f6fb42dc670fb0e3350e9d951bf98a13d705dcb2dad
treatment-r5,classic-empty,5973717,0,6973717,9,0,1.0,9,109,0,1,400,0,0,54,6107effe97cc2b86eaf7d58c41ae68e9440a7d43ef5e46ce64377c3f72958c02
treatment-r5,classic-empty,5973718,0,6973718,6,0,0.6666666666666666,6,82,0,1,400,0,0,36,7dfe68ae8b25a558f844a7f95c2e34790b2b55ceee7c661fce350ca4cb1df2f4
treatment-r5,classic-empty,5973719,0,6973719,2,0,0.2222222222222222,2,22,0,1,400,0,0,53,8d5b24d6cbcd14f77397fe7917c371d7da5c1321131abf075ccea343be60cce4
treatment-r5,classic-empty,5973720,0,6973720,6,0,0.6666666666666666,6,82,0,1,400,0,0,46,3fe421a73d1c1242b0c2822afaf91d5793cf1f5e2386b7d8d1975ce47e12f98c
treatment-r5,classic-empty,5973721,0,6973721,0,0,0.0,0,10,0,0,27,1,0,4,13765e183f59f4255a7cad5d5bfc7c9957c5f7f1c14b2bc2e1d623b506be876e
treatment-r5,classic-empty,5973722,0,6973722,4,0,0.4444444444444444,4,35,0,1,400,0,0,12,10d3732ea57d75490bc61965f465d3e71aebcf2f08e50904e6b134156106e21a
treatment-r5,classic-empty,5973723,0,6973723,2,0,0.2222222222222222,2,50,0,1,400,0,0,33,deb20828e542ad73cdb66e7b1ab2cad12ef29d284b7e27c38343bf41fa716993
treatment-r5,classic-empty,5973724,0,6973724,7,0,0.7777777777777778,7,79,0,1,400,0,0,41,a41a0a7113d0c5bf21bab5be3dac07d23bc8d44a0e932deaf5f63f78c45a0b42
treatment-r5,classic-empty,5973725,0,6973725,3,0,0.3333333333333333,3,54,0,1,400,0,0,24,972a6ac78475a8cf043324ef50b480186f48052d44e515d6b50a8234987d8cd4
treatment-r5,classic-empty,5973726,0,6973726,1,0,0.1111111111111111,1,40,0,1,400,0,0,18,fea5114e963a22f2fdc8f857994b7a7a8fbecb111b07b4e680b1c97141f3cd9f
treatment-r5,classic-empty,5973727,0,6973727,3,0,0.3333333333333333,3,45,0,1,400,0,0,53,a487c5c1b73bf9e44f93a6d97e3f9678dce614c031b2d6b79227311066d9524c
treatment-r5,classic-empty,5973728,0,6973728,6,0,0.6666666666666666,6,66,0,1,400,0,0,50,4976614d7435f37ce6eb9ff68aacab186232f93fc03267920b634b403a464036
treatment-r5,classic-empty,5973729,0,6973729,2,0,0.2222222222222222,2,24,0,1,400,0,0,10,8438b138555cd59c6145f644c0601b3944804bf1e19cc7274c06753f649ef476
treatment-r5,classic-empty,5973730,0,6973730,9,0,1.0,9,110,0,1,400,0,0,52,ec1bd75e764ca41325427f6a354e18390a34bdef86de2deb1d2b40084166933c
treatment-r5,classic-empty,5973731,0,6973731,1,0,0.1111111111111111,1,16,0,1,400,0,0,41,540db278a1647aa9a44a974fac8d16d75c58288605a85b8d8d15405dd95a3497
treatment-r5,classic-empty,5973732,0,6973732,2,0,0.2222222222222222,2,55,0,1,400,0,0,48,e8b4290f7b7234fc2ac7e9340286b94ddcb5aa7645cec9a938e98e7aac4a12c1
treatment-r5,classic-empty,5973733,0,6973733,1,0,0.1111111111111111,1,39,0,0,130,1,0,18,8904d1d8ab0fa3c3b4e87e1ad242ebc2205236c7f8b4b94c46498795f36d33ff
treatment-r5,classic-empty,5973734,0,6973734,7,0,0.7777777777777778,7,106,0,1,400,0,0,54,6cc7bd8bc1dc04b31ae6ec5d6e797d980c4c561fcd8f8c9a0c6e7fa03e7314a5
treatment-r5,classic-empty,5973735,0,6973735,8,0,0.8888888888888888,8,94,0,1,400,0,0,53,86d4df58639c1a2676d5151921bfb8399ee7240a2de778a8a93c8aaad75d8fc0
treatment-r5,classic-empty,5973736,0,6973736,1,0,0.1111111111111111,1,14,0,1,400,0,0,42,1ba0679355f30a4b2b771f7f714bb213b3bf22cebd99d5a86c0117ca294786ae
treatment-r5,classic-empty,5973737,0,6973737,7,0,0.7777777777777778,7,65,0,1,400,0,0,52,eab8dba3c8cdb30bd509eb5c76f23684446faf82ed8d3f89238c62fd9f0b3002
treatment-r5,classic-empty,5973738,0,6973738,8,0,0.8888888888888888,8,99,0,1,400,0,0,52,5ae97a3b216524116d03cd499c5e250f2cee30c2aaa9d23f2ad74d3ab26ca1a2
treatment-r5,classic-empty,5973739,0,6973739,1,0,0.1111111111111111,1,15,0,1,400,0,0,41,6403ffbfa1372be9c8079db8952736901edb20c5f35ec6b5915725273d6dcebd
treatment-r5,classic-empty,5973740,0,6973740,2,0,0.2222222222222222,2,51,0,1,400,0,0,55,361e24969ba91d1d966d1bbdd2b9009101278dd95a2003180eb0c47466de9256
treatment-r5,classic-empty,5973701,1,6973701,4,0,0.4444444444444444,4,56,0,1,400,0,0,54,2d4958b18c9843e8d0032daff4bf0197cbce86fc5d903178db993bbbed819af2
treatment-r5,classic-empty,5973702,1,6973702,3,0,0.3333333333333333,3,73,0,0,186,1,0,26,523ec791e88f784f27e2c6f73e7254f6c2545092acd95670579e5e732d97db62
treatment-r5,classic-empty,5973703,1,6973703,2,0,0.2222222222222222,2,61,0,0,179,1,0,25,132afb824df2beedadd13cf8782920eaf22a4cafa6e76fb54bb6429514f0db25
treatment-r5,classic-empty,5973704,1,6973704,7,0,0.7777777777777778,7,82,0,1,400,0,0,54,03008e0b7f84f39124462bff639dd6c667fa1edf6166bc0fd1d0feb929446e48
treatment-r5,classic-empty,5973705,1,6973705,5,0,0.5555555555555556,5,48,0,1,400,0,0,16,c99e93f38e687f2514c3d5986baa0ffddba72017f210a6dd91ead514313f1dcb
treatment-r5,classic-empty,5973706,1,6973706,3,0,0.3333333333333333,3,30,0,1,400,0,0,15,921e6bd807e3f326c1d58e7aff5c64f83461d6cdfc4fb5d86ec1e75c044799ff
treatment-r5,classic-empty,5973707,1,6973707,8,0,0.8888888888888888,8,110,0,1,400,0,0,54,18417997020f8286411374388c22c4f9a9abba55383f29ba199a55777ae3487a
treatment-r5,classic-empty,5973708,1,6973708,2,0,0.2222222222222222,2,33,0,1,400,0,0,57,9d7808186aabfd7b5911fcb90b41fe6afd754f91d4374b94b3b19e2a69f37340
treatment-r5,classic-empty,5973709,1,6973709,2,0,0.2222222222222222,2,19,0,0,70,1,0,10,44412a37ebbcb1116f6658c1cc14794b53ce2612bb28b6bebeb1bf309aebd031
treatment-r5,classic-empty,5973710,1,6973710,4,0,0.4444444444444444,4,99,0,1,400,0,0,54,4ae0edb3882ec7a6b123f9a4e4f73fe65814c5538db0d37bcfa05cb0e6bc6c78
treatment-r5,classic-empty,5973711,1,6973711,4,0,0.4444444444444444,4,55,0,1,400,0,0,52,eb92c6e27922db66ad1a2b5d019be6371b6d14d63b23c1bf6fc745c153e2f9f5
treatment-r5,classic-empty,5973712,1,6973712,7,0,0.7777777777777778,7,106,0,1,400,0,0,52,afbc820463b222dceea9c51dcf2028424c92368701cd10c8080d1535c60333e0
treatment-r5,classic-empty,5973713,1,6973713,0,0,0.0,0,14,0,1,400,0,0,42,7d609ac41efcd21edbb15574d1f4f382c57fe496e0e43b7893716f840deb693c
treatment-r5,classic-empty,5973714,1,6973714,1,0,0.1111111111111111,1,12,0,0,36,1,0,5,1b7b1c6477626fcd033e0a9f276dc8d3624904a3e14c4f5d35112519b84139fa
treatment-r5,classic-empty,5973715,1,6973715,0,0,0.0,0,8,0,1,400,0,0,3,e4619cca2ac43c89cf9fbf09d4d46aa8156d53bed08e15f98ed7e96fb858c775
treatment-r5,classic-empty,5973716,1,6973716,5,0,0.5555555555555556,5,86,0,1,400,0,0,48,76dea07911964576e4d38f6fb42dc670fb0e3350e9d951bf98a13d705dcb2dad
treatment-r5,classic-empty,5973717,1,6973717,9,0,1.0,9,109,0,1,400,0,0,54,6107effe97cc2b86eaf7d58c41ae68e9440a7d43ef5e46ce64377c3f72958c02
treatment-r5,classic-empty,5973718,1,6973718,6,0,0.6666666666666666,6,82,0,1,400,0,0,36,7dfe68ae8b25a558f844a7f95c2e34790b2b55ceee7c661fce350ca4cb1df2f4
treatment-r5,classic-empty,5973719,1,6973719,2,0,0.2222222222222222,2,22,0,1,400,0,0,53,8d5b24d6cbcd14f77397fe7917c371d7da5c1321131abf075ccea343be60cce4
treatment-r5,classic-empty,5973720,1,6973720,6,0,0.6666666666666666,6,82,0,1,400,0,0,46,3fe421a73d1c1242b0c2822afaf91d5793cf1f5e2386b7d8d1975ce47e12f98c
treatment-r5,classic-empty,5973721,1,6973721,0,0,0.0,0,10,0,0,27,1,0,4,13765e183f59f4255a7cad5d5bfc7c9957c5f7f1c14b2bc2e1d623b506be876e
treatment-r5,classic-empty,5973722,1,6973722,4,0,0.4444444444444444,4,35,0,1,400,0,0,12,10d3732ea57d75490bc61965f465d3e71aebcf2f08e50904e6b134156106e21a
treatment-r5,classic-empty,5973723,1,6973723,2,0,0.2222222222222222,2,50,0,1,400,0,0,33,deb20828e542ad73cdb66e7b1ab2cad12ef29d284b7e27c38343bf41fa716993
treatment-r5,classic-empty,5973724,1,6973724,7,0,0.7777777777777778,7,79,0,1,400,0,0,41,a41a0a7113d0c5bf21bab5be3dac07d23bc8d44a0e932deaf5f63f78c45a0b42
treatment-r5,classic-empty,5973725,1,6973725,3,0,0.3333333333333333,3,54,0,1,400,0,0,24,972a6ac78475a8cf043324ef50b480186f48052d44e515d6b50a8234987d8cd4
treatment-r5,classic-empty,5973726,1,6973726,1,0,0.1111111111111111,1,40,0,1,400,0,0,18,fea5114e963a22f2fdc8f857994b7a7a8fbecb111b07b4e680b1c97141f3cd9f
treatment-r5,classic-empty,5973727,1,6973727,3,0,0.3333333333333333,3,45,0,1,400,0,0,53,a487c5c1b73bf9e44f93a6d97e3f9678dce614c031b2d6b79227311066d9524c
treatment-r5,classic-empty,5973728,1,6973728,6,0,0.6666666666666666,6,66,0,1,400,0,0,50,4976614d7435f37ce6eb9ff68aacab186232f93fc03267920b634b403a464036
treatment-r5,classic-empty,5973729,1,6973729,2,0,0.2222222222222222,2,24,0,1,400,0,0,10,8438b138555cd59c6145f644c0601b3944804bf1e19cc7274c06753f649ef476
treatment-r5,classic-empty,5973730,1,6973730,9,0,1.0,9,110,0,1,400,0,0,52,ec1bd75e764ca41325427f6a354e18390a34bdef86de2deb1d2b40084166933c
treatment-r5,classic-empty,5973731,1,6973731,1,0,0.1111111111111111,1,16,0,1,400,0,0,41,540db278a1647aa9a44a974fac8d16d75c58288605a85b8d8d15405dd95a3497
treatment-r5,classic-empty,5973732,1,6973732,2,0,0.2222222222222222,2,55,0,1,400,0,0,48,e8b4290f7b7234fc2ac7e9340286b94ddcb5aa7645cec9a938e98e7aac4a12c1
treatment-r5,classic-empty,5973733,1,6973733,1,0,0.1111111111111111,1,39,0,0,130,1,0,18,8904d1d8ab0fa3c3b4e87e1ad242ebc2205236c7f8b4b94c46498795f36d33ff
treatment-r5,classic-empty,5973734,1,6973734,7,0,0.7777777777777778,7,106,0,1,400,0,0,54,6cc7bd8bc1dc04b31ae6ec5d6e797d980c4c561fcd8f8c9a0c6e7fa03e7314a5
treatment-r5,classic-empty,5973735,1,6973735,8,0,0.8888888888888888,8,94,0,1,400,0,0,53,86d4df58639c1a2676d5151921bfb8399ee7240a2de778a8a93c8aaad75d8fc0
treatment-r5,classic-empty,5973736,1,6973736,1,0,0.1111111111111111,1,14,0,1,400,0,0,42,1ba0679355f30a4b2b771f7f714bb213b3bf22cebd99d5a86c0117ca294786ae
treatment-r5,classic-empty,5973737,1,6973737,7,0,0.7777777777777778,7,65,0,1,400,0,0,52,eab8dba3c8cdb30bd509eb5c76f23684446faf82ed8d3f89238c62fd9f0b3002
treatment-r5,classic-empty,5973738,1,6973738,8,0,0.8888888888888888,8,99,0,1,400,0,0,52,5ae97a3b216524116d03cd499c5e250f2cee30c2aaa9d23f2ad74d3ab26ca1a2
treatment-r5,classic-empty,5973739,1,6973739,1,0,0.1111111111111111,1,15,0,1,400,0,0,41,6403ffbfa1372be9c8079db8952736901edb20c5f35ec6b5915725273d6dcebd
treatment-r5,classic-empty,5973740,1,6973740,2,0,0.2222222222222222,2,51,0,1,400,0,0,55,361e24969ba91d1d966d1bbdd2b9009101278dd95a2003180eb0c47466de9256
