treatment,model,scenario,world_seed,coins_collected,initially_available_coins,collection_fraction,self_kills,evaluation_decisions,evaluation_unseen_decisions,decision_time_p95_ms,decision_time_max_ms,action_sequence_sha256,repeat_match,repeat_decision_time_p95_ms,repeat_decision_time_max_ms,repeat_action_sequence_sha256
control,r1,classic,152001,0,9,0.0,0,400,0,0.4744410514831519,2.660036087036133,afbb88b795e14328ac46f6d648ddadc024efd9163eb71c1b9f90c6eb379d340e,True,0.17009973526000965,0.7529258728027344,afbb88b795e14328ac46f6d648ddadc024efd9163eb71c1b9f90c6eb379d340e
control,r1,classic,152002,0,9,0.0,0,400,0,0.27298927307128906,2.7420520782470703,ab91ba49d400acbed67ac16a2f656508586e82bf5b8de921ebeaff5fc5b84cb8,True,0.11806488037109371,0.49114227294921875,ab91ba49d400acbed67ac16a2f656508586e82bf5b8de921ebeaff5fc5b84cb8
control,r1,classic,152003,3,9,0.3333333333333333,0,400,0,0.4885792732238756,1.3458728790283203,8a1843778988f9044816efa4209883b59c0014c2110ec8f3d977b87eb0a48f7b,True,0.16822814941406236,0.5462169647216797,8a1843778988f9044816efa4209883b59c0014c2110ec8f3d977b87eb0a48f7b
control,r1,classic,152004,3,9,0.3333333333333333,0,400,0,0.22398233413696278,0.6630420684814453,321323c4125e417f33b95c854e09148929c4671b1b870db04d445e8e3be3a576,True,0.22414922714233396,1.0139942169189453,321323c4125e417f33b95c854e09148929c4671b1b870db04d445e8e3be3a576
control,r1,classic,152005,1,9,0.1111111111111111,0,400,0,0.19390583038330006,1.8701553344726562,bce40943997505a399b9e24a2c361b95782d382f6c82c5fb72216fb9dad84863,True,0.10402202606201165,0.5140304565429688,bce40943997505a399b9e24a2c361b95782d382f6c82c5fb72216fb9dad84863
control,r1,classic,152006,1,9,0.1111111111111111,0,400,0,0.3396272659301752,0.9462833404541016,c7800f3811dfd6c52f2e028faa2bb9bd164da03c17e6cdff077da0a85e649d28,True,0.4335165023803697,11.78598403930664,c7800f3811dfd6c52f2e028faa2bb9bd164da03c17e6cdff077da0a85e649d28
control,r1,classic,152007,2,9,0.2222222222222222,0,400,0,0.3221392631530761,1.1408329010009766,97889e08e96364ea32c2070627129993cd7eaba6d531a471062f8a81b1a88d35,True,0.7310390472412109,3.2320022583007812,97889e08e96364ea32c2070627129993cd7eaba6d531a471062f8a81b1a88d35
control,r1,classic,152008,2,9,0.2222222222222222,0,400,0,0.32198429107666005,2.3376941680908203,73d3ea572f7f9cffa5780a0eaf3af3e6192eb950201cccf8d058ec30ef61ae7d,True,0.17790794372558588,0.4951953887939453,73d3ea572f7f9cffa5780a0eaf3af3e6192eb950201cccf8d058ec30ef61ae7d
control,r1,classic,152009,0,9,0.0,0,400,0,0.23118257522582994,1.1560916900634766,caa0b37960d4db0de174947836cd649cb676a45c62e318824ed0956af5df050c,True,0.20204782485961903,1.4030933380126953,caa0b37960d4db0de174947836cd649cb676a45c62e318824ed0956af5df050c
control,r1,classic,152010,0,9,0.0,0,400,0,0.1970887184143065,2.2220611572265625,caa0b37960d4db0de174947836cd649cb676a45c62e318824ed0956af5df050c,True,0.19519329071044886,1.1019706726074219,caa0b37960d4db0de174947836cd649cb676a45c62e318824ed0956af5df050c
control,r1,classic,152011,0,9,0.0,0,400,0,0.17695426940917963,1.5532970428466797,caa0b37960d4db0de174947836cd649cb676a45c62e318824ed0956af5df050c,True,0.14973878860473633,0.4749298095703125,caa0b37960d4db0de174947836cd649cb676a45c62e318824ed0956af5df050c
control,r1,classic,152012,3,9,0.3333333333333333,0,400,0,0.1757383346557617,0.9489059448242188,12f8584f441b75623d866c4de9bb8ac73f1ba39d08a3d1d583370686c1220d0f,True,0.14612674713134746,0.3712177276611328,12f8584f441b75623d866c4de9bb8ac73f1ba39d08a3d1d583370686c1220d0f
control,r1,classic,152013,0,9,0.0,0,400,0,0.2055048942565903,2.753019332885742,1bab358ba1e441c99c46beb4853fe4b984446a14c9cb093215e27cfe7dd46fe1,True,0.2044439315795895,0.7801055908203125,1bab358ba1e441c99c46beb4853fe4b984446a14c9cb093215e27cfe7dd46fe1
control,r1,classic,152014,1,9,0.1111111111111111,0,400,0,0.16475915908813477,0.40984153747558594,3e314bc724c1ca541187c1d1cec30e4e039a0cb95f8d513d84e2667e3b4b2316,True,0.19886493682861325,0.6940364837646484,3e314bc724c1ca541187c1d1cec30e4e039a0cb95f8d513d84e2667e3b4b2316
control,r1,classic,152015,0,9,0.0,0,400,0,0.19919872283935514,0.5741119384765625,caa0b37960d4db0de174947836cd649cb676a45c62e318824ed0956af5df050c,True,0.1592755317687986,1.0387897491455078,caa0b37960d4db0de174947836cd649cb676a45c62e318824ed0956af5df050c
control,r1,classic,152016,0,9,0.0,0,400,0,0.7169008255004881,1.950979232788086,215d73398b3be8f0cc12497000e0acfcf5f6b8074cf492d27bd3393c37871d0c,True,0.2798914909362791,1.373291015625,215d73398b3be8f0cc12497000e0acfcf5f6b8074cf492d27bd3393c37871d0c
control,r1,classic,152017,2,9,0.2222222222222222,0,400,1,0.5284070968627925,2.465963363647461,9a2fa62e4cfc012fc61bc7d3057a3f9a47f933f75ddfe877fb7eb52f8e07c112,True,0.19816160202026364,0.5779266357421875,9a2fa62e4cfc012fc61bc7d3057a3f9a47f933f75ddfe877fb7eb52f8e07c112
control,r1,classic,152018,0,9,0.0,0,400,0,0.14400482177734375,0.3521442413330078,17fe56d3cca8ab00c40051f3cad3ef85f7a758998a80d060861c1320f4b43bb0,True,0.13184547424316406,0.2911090850830078,17fe56d3cca8ab00c40051f3cad3ef85f7a758998a80d060861c1320f4b43bb0
control,r1,classic,152019,0,9,0.0,1,27,0,0.19543170928955075,0.29969215393066406,2ce541fb938fe8147be3f06b44801e70f41a51c9a76ec4ef8a50b2704da233eb,True,0.9769201278686523,1.401662826538086,2ce541fb938fe8147be3f06b44801e70f41a51c9a76ec4ef8a50b2704da233eb
control,r1,classic,152020,1,9,0.1111111111111111,0,400,0,0.1554965972900388,1.1730194091796875,7091d42ad40f8e728076f66afe9c6ff78e3e0bce0a0f5e0c8858dcd7e71a6e12,True,0.17319917678832997,0.5719661712646484,7091d42ad40f8e728076f66afe9c6ff78e3e0bce0a0f5e0c8858dcd7e71a6e12
control,r1,classic,152021,3,9,0.3333333333333333,1,144,0,0.3690123558044433,2.173900604248047,975e212efa0d2aded797836fafdeed5391e8a2bd91afe4c0343e1d5d3602bc84,True,0.15989542007446286,0.3218650817871094,975e212efa0d2aded797836fafdeed5391e8a2bd91afe4c0343e1d5d3602bc84
control,r1,classic,152022,0,9,0.0,0,400,0,0.1689672470092772,0.8840560913085938,afbb88b795e14328ac46f6d648ddadc024efd9163eb71c1b9f90c6eb379d340e,True,0.12402534484863277,0.2970695495605469,afbb88b795e14328ac46f6d648ddadc024efd9163eb71c1b9f90c6eb379d340e
control,r1,classic,152023,0,9,0.0,0,400,0,0.2835035324096675,1.2657642364501953,3ef32018119c9cab06df9129ff1c77334593c6a9522828bdda890c241e3a40db,True,0.1471996307373046,0.26702880859375,3ef32018119c9cab06df9129ff1c77334593c6a9522828bdda890c241e3a40db
control,r1,classic,152024,2,9,0.2222222222222222,0,400,0,0.26946067810058566,0.579833984375,151d4ae8c9615cfeb334f7e5d30e18f13386cf3c249fbe64388651cbb5ed0b15,True,0.22201538085937494,0.5249977111816406,151d4ae8c9615cfeb334f7e5d30e18f13386cf3c249fbe64388651cbb5ed0b15
control,r1,classic,152025,0,9,0.0,0,400,0,0.1835465431213375,0.9868144989013672,6316d2b9c190e97244ad0371abc91ed6b15160409001ce85f700c54a06f2dbe1,True,0.27855634689331005,0.7686614990234375,6316d2b9c190e97244ad0371abc91ed6b15160409001ce85f700c54a06f2dbe1
control,r1,classic,152026,2,9,0.2222222222222222,0,400,0,0.27149915695190413,1.0769367218017578,cb81007a27d34cba92c2590336481a6e54cd012e62a5493eacd1e41766a10fae,True,0.1612663269042968,0.4630088806152344,cb81007a27d34cba92c2590336481a6e54cd012e62a5493eacd1e41766a10fae
control,r1,classic,152027,1,9,0.1111111111111111,0,400,0,0.2800583839416502,0.6229877471923828,c25c97314774f6c9d968dcccf825b7f88cc9ef2c1f2b764e686d8b8613d1d307,True,0.18615722656249983,1.1000633239746094,c25c97314774f6c9d968dcccf825b7f88cc9ef2c1f2b764e686d8b8613d1d307
control,r1,classic,152028,2,9,0.2222222222222222,0,400,0,0.21932125091552693,1.775979995727539,083e41be8880d45ea55692f0f6f2ce6dad0cc1a4bf3ca865fb17e1c795f9071c,True,0.18793344497680659,0.4889965057373047,083e41be8880d45ea55692f0f6f2ce6dad0cc1a4bf3ca865fb17e1c795f9071c
control,r1,classic,152029,0,9,0.0,0,400,0,0.21319389343261713,0.5369186401367188,dc913a2a44157cc2425aedf43f7595d1ea3cf54a0ec6c9004de233182934ab5f,True,0.1552462577819824,1.1868476867675781,dc913a2a44157cc2425aedf43f7595d1ea3cf54a0ec6c9004de233182934ab5f
control,r1,classic,152030,0,9,0.0,0,400,0,0.16571283340454102,0.4799365997314453,17fe56d3cca8ab00c40051f3cad3ef85f7a758998a80d060861c1320f4b43bb0,True,0.14429092407226557,0.5710124969482422,17fe56d3cca8ab00c40051f3cad3ef85f7a758998a80d060861c1320f4b43bb0
control,r1,classic,152031,2,9,0.2222222222222222,0,400,0,0.23012161254882807,0.7388591766357422,ce190a08ce4f162b0dcdba36fb374829bea4fcc70479e8423bd6de651762f123,True,0.2725124359130857,1.1188983917236328,ce190a08ce4f162b0dcdba36fb374829bea4fcc70479e8423bd6de651762f123
control,r1,classic,152032,0,9,0.0,0,400,0,0.4267215728759749,1.2080669403076172,de56b5e3c352d52534173c9818c6920ea0706241b8f66cb6aa7e7709a4901606,True,0.156128406524658,0.5650520324707031,de56b5e3c352d52534173c9818c6920ea0706241b8f66cb6aa7e7709a4901606
control,r1,classic,152033,0,9,0.0,0,400,0,0.13899803161621094,0.3650188446044922,b603bea71d26d58e1cbcc21b34b320a082d2d36eeb0a13800c50ec7505504c1d,True,0.23422241210937492,1.40380859375,b603bea71d26d58e1cbcc21b34b320a082d2d36eeb0a13800c50ec7505504c1d
control,r1,classic,152034,0,9,0.0,0,400,0,0.13618469238281244,0.6148815155029297,17fe56d3cca8ab00c40051f3cad3ef85f7a758998a80d060861c1320f4b43bb0,True,0.16204118728637681,3.1070709228515625,17fe56d3cca8ab00c40051f3cad3ef85f7a758998a80d060861c1320f4b43bb0
control,r1,classic,152035,0,9,0.0,0,400,0,0.3819465637207031,1.2629032135009766,23c9af6a84458602e195ef25cda7417cc09d4c398f3292cf5ba1c811a75b220e,True,0.1691460609436034,0.514984130859375,23c9af6a84458602e195ef25cda7417cc09d4c398f3292cf5ba1c811a75b220e
control,r1,classic,152036,0,9,0.0,0,400,0,0.20308494567870988,0.5931854248046875,ba427b0d1b7f4827c1450171ad943e8208d37864c558722815bb42eaca5f93a8,True,0.2543807029724119,2.447843551635742,ba427b0d1b7f4827c1450171ad943e8208d37864c558722815bb42eaca5f93a8
control,r1,classic,152037,0,9,0.0,0,400,0,0.16294717788696278,1.0008811950683594,dbd185225d487b3acaa1a7501f3e03d2a2512bbea526cd09de0162310b211be3,True,0.17882585525512695,0.8456707000732422,dbd185225d487b3acaa1a7501f3e03d2a2512bbea526cd09de0162310b211be3
control,r1,classic,152038,0,9,0.0,0,400,0,0.21514892578124992,1.2080669403076172,caa0b37960d4db0de174947836cd649cb676a45c62e318824ed0956af5df050c,True,0.13494491577148438,0.5142688751220703,caa0b37960d4db0de174947836cd649cb676a45c62e318824ed0956af5df050c
control,r1,classic,152039,1,9,0.1111111111111111,0,400,0,0.2581834793090818,1.0612010955810547,44aeb81a6bc05f313a37f2b36cb66e467f1ee18b671865a5ca3bc64bae98a940,True,0.2073764801025389,0.5249977111816406,44aeb81a6bc05f313a37f2b36cb66e467f1ee18b671865a5ca3bc64bae98a940
control,r1,classic,152040,3,9,0.3333333333333333,0,400,0,0.19608736038207997,4.374980926513672,0d2af86314e49378cc77657049074d336cbe96e342eed4c85dfa00fa09d7d3fd,True,0.14781951904296875,0.2999305725097656,0d2af86314e49378cc77657049074d336cbe96e342eed4c85dfa00fa09d7d3fd
control,r1,coin-heaven,153001,50,50,1.0,0,135,0,0.3163576126098633,0.44798851013183594,1865bc04168532487eab8aede3e015c780e6b646dc18f79291a9fe044c2a20bb,True,0.3022193908691406,0.3459453582763672,1865bc04168532487eab8aede3e015c780e6b646dc18f79291a9fe044c2a20bb
control,r1,coin-heaven,153002,50,50,1.0,0,123,0,0.16169548034667966,0.7839202880859375,be7113133231c6560c37b1580d8b10f50c4c0ce0a9b5e00aa1835ba9b48efb66,True,0.6348371505737298,6.102800369262695,be7113133231c6560c37b1580d8b10f50c4c0ce0a9b5e00aa1835ba9b48efb66
control,r1,coin-heaven,153003,50,50,1.0,0,134,0,0.2099275588989257,0.30612945556640625,40ad04d6007c0653db2a6fdbf886c8ee62a030cfb043d53e3c63f8e33768e57a,True,0.4153728485107414,0.8258819580078125,40ad04d6007c0653db2a6fdbf886c8ee62a030cfb043d53e3c63f8e33768e57a
control,r1,coin-heaven,153004,50,50,1.0,0,118,0,0.23523569107055628,0.61798095703125,efc21188457790826695deb8d251c024d221924450b02e81aa572d7c614c9dbd,True,0.5017757415771482,1.8513202667236328,efc21188457790826695deb8d251c024d221924450b02e81aa572d7c614c9dbd
control,r1,coin-heaven,153005,50,50,1.0,0,130,0,0.1837968826293945,0.2338886260986328,89e94552d14420c339f10b7d65081130c29402ad4bafbebc6e78a63a0106eb76,True,0.7394313812255857,5.942106246948242,89e94552d14420c339f10b7d65081130c29402ad4bafbebc6e78a63a0106eb76
control,r1,coin-heaven,153006,50,50,1.0,0,121,0,0.2779960632324219,3.525972366333008,63843846a1c8fe769f05dbef1f1d682f18fcb93ef10392f1da0224dbe7524bd7,True,0.6661415100097656,2.399921417236328,63843846a1c8fe769f05dbef1f1d682f18fcb93ef10392f1da0224dbe7524bd7
control,r1,coin-heaven,153007,50,50,1.0,0,121,0,0.2942085266113281,0.5340576171875,6101122c300131771c0f217c40a41bc0b5bf0b5d22c48cd6c61aaf153099ddc8,True,0.13780593872070312,0.40602684020996094,6101122c300131771c0f217c40a41bc0b5bf0b5d22c48cd6c61aaf153099ddc8
control,r1,coin-heaven,153008,50,50,1.0,0,135,0,0.35552978515625,1.055002212524414,d10a97756858564f931275ade27a438140fcbd8af70b125c25d7f2a2a64735a1,True,0.2892017364501953,1.3496875762939453,d10a97756858564f931275ade27a438140fcbd8af70b125c25d7f2a2a64735a1
control,r1,coin-heaven,153009,50,50,1.0,0,114,0,0.2468824386596678,1.3401508331298828,58fe8f688249f6db49e2e1890eb32b937da5e6d1b39a4a874f5e92b379d00ebd,True,0.1616835594177246,5.255222320556641,58fe8f688249f6db49e2e1890eb32b937da5e6d1b39a4a874f5e92b379d00ebd
control,r1,coin-heaven,153010,50,50,1.0,0,119,0,0.5603551864624021,2.789735794067383,4413235a3f7c9fb2d8df22dea8dfdaf3d911e853c095b07e01e966f39a1cc5e8,True,0.3542900085449217,0.6930828094482422,4413235a3f7c9fb2d8df22dea8dfdaf3d911e853c095b07e01e966f39a1cc5e8
control,r1,coin-heaven,153011,50,50,1.0,0,124,0,0.8586645126342765,1.4920234680175781,0555ee2e15f49db16ed5cc3ebb827ebed5a124eaf26b7340d11a23612301b4c1,True,0.3925204277038573,3.2939910888671875,0555ee2e15f49db16ed5cc3ebb827ebed5a124eaf26b7340d11a23612301b4c1
control,r1,coin-heaven,153012,50,50,1.0,0,134,0,0.7844328880310055,1.538991928100586,bcbd023ff8f415b1656635f3fad68d664eb129bd93d39dd3ce68d0896370d447,True,0.2776861190795898,0.9720325469970703,bcbd023ff8f415b1656635f3fad68d664eb129bd93d39dd3ce68d0896370d447
control,r1,coin-heaven,153013,50,50,1.0,0,131,0,0.2745389938354492,0.9851455688476562,d6106b7e7cc45e17ccf06f2c89999f5d0621b46c7e35783258345da7eda1ba46,True,0.3380775451660156,0.8399486541748047,d6106b7e7cc45e17ccf06f2c89999f5d0621b46c7e35783258345da7eda1ba46
control,r1,coin-heaven,153014,50,50,1.0,0,121,0,0.14901161193847656,0.22292137145996094,c0bc21ac5b9f4bd368be120a00678494c9f615311cf81c99163fed39d8541852,True,0.21123886108398438,0.5311965942382812,c0bc21ac5b9f4bd368be120a00678494c9f615311cf81c99163fed39d8541852
control,r1,coin-heaven,153015,50,50,1.0,0,142,0,0.27679204940795893,0.4029273986816406,0cfa5f2250df685bb933b309e32d7ec1dfa00f5166e75ad55400dc75522a4b81,True,0.2847552299499511,0.7963180541992188,0cfa5f2250df685bb933b309e32d7ec1dfa00f5166e75ad55400dc75522a4b81
control,r1,coin-heaven,153016,50,50,1.0,0,125,0,0.3869056701660155,1.1858940124511719,dc660f3c586311dc6cd4b8623b712a377fd53daf9f5fb988affb86029fc8533a,True,0.35266876220703125,0.6530284881591797,dc660f3c586311dc6cd4b8623b712a377fd53daf9f5fb988affb86029fc8533a
control,r1,coin-heaven,153017,50,50,1.0,0,123,0,0.24192333221435544,0.5161762237548828,3d475a54de8a1789d32e91237d6723274c39efe434aff7c07c1b728222c8414f,True,0.22966861724853496,0.5438327789306641,3d475a54de8a1789d32e91237d6723274c39efe434aff7c07c1b728222c8414f
control,r1,coin-heaven,153018,50,50,1.0,0,123,0,0.3659963607788086,1.0471343994140625,b6cffae3ab5e6298cb51ab7b564dd13920abdd96d8d3edfd611d52d00fbb395c,True,0.2741813659667968,0.6909370422363281,b6cffae3ab5e6298cb51ab7b564dd13920abdd96d8d3edfd611d52d00fbb395c
control,r1,coin-heaven,153019,50,50,1.0,0,130,0,0.1825809478759765,0.39196014404296875,091ab783f3c31400dab10e7cb85054f4aa2a29c7badda9cf79e308c933cd0237,True,0.4847407341003418,1.2500286102294922,091ab783f3c31400dab10e7cb85054f4aa2a29c7badda9cf79e308c933cd0237
control,r1,coin-heaven,153020,50,50,1.0,0,128,0,0.22948980331420837,1.1126995086669922,db724d1332ddc5668d4a27e49a55a121eff3a2a9646977a2fa995aa41b4f4720,True,0.6115794181823729,1.9538402557373047,db724d1332ddc5668d4a27e49a55a121eff3a2a9646977a2fa995aa41b4f4720
control,r1,coin-heaven,153021,50,50,1.0,0,129,0,0.18305778503417963,0.4496574401855469,28b8913d59f53f13c1c7ddababf92763f3a0574a76cef3e4d1630b22879fd88f,True,0.14653205871582028,0.2491474151611328,28b8913d59f53f13c1c7ddababf92763f3a0574a76cef3e4d1630b22879fd88f
control,r1,coin-heaven,153022,50,50,1.0,0,117,0,0.210285186767578,0.9920597076416016,37d6cce83b067d684d6fc79393b145a0566598ab74ff91d5ed4b8d703b109ff4,True,0.1706123352050781,0.5261898040771484,37d6cce83b067d684d6fc79393b145a0566598ab74ff91d5ed4b8d703b109ff4
control,r1,coin-heaven,153023,50,50,1.0,0,123,0,0.30863285064697255,2.746105194091797,6a68f9f04a5eda4c78296bde15fe3a223860cc15fefa76d3412fb65c8fcea3fa,True,0.18286705017089833,0.23102760314941406,6a68f9f04a5eda4c78296bde15fe3a223860cc15fefa76d3412fb65c8fcea3fa
control,r1,coin-heaven,153024,50,50,1.0,0,116,0,0.3008842468261719,0.7228851318359375,ef4d61c6b6f841ab38f12b51eefca3e7afdf374e7529dec530f309889a008617,True,0.1779794692993164,0.4591941833496094,ef4d61c6b6f841ab38f12b51eefca3e7afdf374e7529dec530f309889a008617
control,r1,coin-heaven,153025,50,50,1.0,0,134,0,0.7430195808410637,2.524852752685547,8860a33c9075dfa66143ff079a356f292ddd487ca38d1c18bc4156a3518b0fe5,True,0.19897222518920896,0.47707557678222656,8860a33c9075dfa66143ff079a356f292ddd487ca38d1c18bc4156a3518b0fe5
control,r1,coin-heaven,153026,50,50,1.0,0,127,0,0.9791612625122067,9.054183959960938,39c302dc5ec8684c6fd90db54018544741c04a65e832ac7ca7af150b3edd967c,True,0.18293857574462874,0.7541179656982422,39c302dc5ec8684c6fd90db54018544741c04a65e832ac7ca7af150b3edd967c
control,r1,coin-heaven,153027,50,50,1.0,0,105,0,0.7825374603271483,2.759218215942383,c181a7275463daaf3b2cdf4765c882a2cca4eb841bccb0ddb0c1fb507bbddebc,True,0.1530170440673828,1.683950424194336,c181a7275463daaf3b2cdf4765c882a2cca4eb841bccb0ddb0c1fb507bbddebc
control,r1,coin-heaven,153028,50,50,1.0,0,126,0,0.7595419883728027,3.9680004119873047,0f341c2060deb2207fa921ee2a18e6cd594eb82e0248433ebc292dd5f1ab5980,True,0.13011693954467773,0.19812583923339844,0f341c2060deb2207fa921ee2a18e6cd594eb82e0248433ebc292dd5f1ab5980
control,r1,coin-heaven,153029,50,50,1.0,0,136,0,1.1996030807495117,3.8580894470214844,5981dabddafbf0aae81b82c23a6e8ac27d60b7b3a5ab51d814b09c26162dff0e,True,0.18799304962158203,0.36597251892089844,5981dabddafbf0aae81b82c23a6e8ac27d60b7b3a5ab51d814b09c26162dff0e
control,r1,coin-heaven,153030,50,50,1.0,0,131,0,0.2715587615966797,0.3750324249267578,d8e47fc5915f0867113b49bc6127603f6735f861b8b2acec5f4e804ba3f29b03,True,0.24890899658203125,0.4520416259765625,d8e47fc5915f0867113b49bc6127603f6735f861b8b2acec5f4e804ba3f29b03
control,r1,coin-heaven,153031,50,50,1.0,0,111,0,0.23806095123291016,1.8868446350097656,c6c6a23ada9df90f3c9f1e39e4764312bf5a4d5037a417cb9be95b6bd701774d,True,1.2015104293823242,3.0803680419921875,c6c6a23ada9df90f3c9f1e39e4764312bf5a4d5037a417cb9be95b6bd701774d
control,r1,coin-heaven,153032,50,50,1.0,0,129,0,0.2641677856445312,0.6358623504638672,61921ba2f276f07617344fe1077a9c0950efe3eed643c85af407444cd8355f8f,True,0.37522315979003906,0.8032321929931641,61921ba2f276f07617344fe1077a9c0950efe3eed643c85af407444cd8355f8f
control,r1,coin-heaven,153033,50,50,1.0,0,131,0,0.2944469451904297,0.6670951843261719,a1a8e9604098ec5948d2d09172d7064dd7ecafa6425ed139b1385c0185174ea6,True,1.007080078125,1.6908645629882812,a1a8e9604098ec5948d2d09172d7064dd7ecafa6425ed139b1385c0185174ea6
control,r1,coin-heaven,153034,50,50,1.0,0,121,0,0.2391338348388672,0.34308433532714844,0adfe0807f61e3e0def9b82014d2097e55143300b7fee21bd2f7b08634badc3d,True,0.14495849609375,0.20003318786621094,0adfe0807f61e3e0def9b82014d2097e55143300b7fee21bd2f7b08634badc3d
control,r1,coin-heaven,153035,50,50,1.0,0,139,0,0.22625923156738276,0.3173351287841797,ef117b9c3535ad8c19f2e77ad130d796acf4052adf728d85b46c05ecebf45d76,True,0.36382675170898426,1.096963882446289,ef117b9c3535ad8c19f2e77ad130d796acf4052adf728d85b46c05ecebf45d76
control,r1,coin-heaven,153036,50,50,1.0,0,121,0,0.21600723266601562,0.32520294189453125,53c1a229bb0fbe441dfb4940b3c2e7521c1816b283aae36e95839449d86a3c5d,True,0.2551078796386719,0.926971435546875,53c1a229bb0fbe441dfb4940b3c2e7521c1816b283aae36e95839449d86a3c5d
control,r1,coin-heaven,153037,50,50,1.0,0,119,0,0.1607179641723632,0.3619194030761719,483557e615e7915bb2dd0f30686c6f109e21e46b5c464931c8840d0caee5e3bb,True,0.19276142120361323,0.7290840148925781,483557e615e7915bb2dd0f30686c6f109e21e46b5c464931c8840d0caee5e3bb
control,r1,coin-heaven,153038,50,50,1.0,0,112,0,0.2584218978881835,0.8220672607421875,2040c0ff6fc9c9fa58de2956dbdd41a8a7dabbb799bcead5db7bf97fb6fcb407,True,0.24797916412353505,0.7951259613037109,2040c0ff6fc9c9fa58de2956dbdd41a8a7dabbb799bcead5db7bf97fb6fcb407
control,r1,coin-heaven,153039,50,50,1.0,0,128,0,0.18835067749023435,0.26798248291015625,e9b3e99fe4fdbf5aa0017170cede539ccec592778c05690e346238068d2f826c,True,0.22091865539550776,0.35500526428222656,e9b3e99fe4fdbf5aa0017170cede539ccec592778c05690e346238068d2f826c
control,r1,coin-heaven,153040,50,50,1.0,0,121,0,0.2720355987548828,0.47326087951660156,4aec9ea637326955b0f4f7d8260c5dfed39834287df979ee07fe103359582fb3,True,0.2968311309814453,0.5970001220703125,4aec9ea637326955b0f4f7d8260c5dfed39834287df979ee07fe103359582fb3
control,r1,loot-crate,154001,16,50,0.32,0,400,0,0.2817511558532709,1.127004623413086,9c7f2026fba397b207b58cdea22eb53039ea51798eafc906ff9a3a96a902b9db,True,0.2850055694580077,0.6070137023925781,9c7f2026fba397b207b58cdea22eb53039ea51798eafc906ff9a3a96a902b9db
control,r1,loot-crate,154002,12,50,0.24,0,400,0,0.30529499053955045,1.1072158813476562,1787c3cdfcb2ff9058e4289d8e8cf5b8790a313c6a73ab942cc1802539a9256b,True,0.2508759498596191,2.788066864013672,1787c3cdfcb2ff9058e4289d8e8cf5b8790a313c6a73ab942cc1802539a9256b
control,r1,loot-crate,154003,7,50,0.14,0,400,0,0.5247473716735833,1.6598701477050781,5105f8b9e8b29db842399d9db2bc645599c877e6bf6b58cb442a2bfbae3ef75a,True,0.5388259887695312,1.6570091247558594,5105f8b9e8b29db842399d9db2bc645599c877e6bf6b58cb442a2bfbae3ef75a
control,r1,loot-crate,154004,9,50,0.18,0,400,0,1.0753989219665523,4.783868789672852,76fe3e110585d7d588faba4cee29aabfbb5514486a1ee85ed7d891ae569127f3,True,0.460743904113769,1.8131732940673828,76fe3e110585d7d588faba4cee29aabfbb5514486a1ee85ed7d891ae569127f3
control,r1,loot-crate,154005,3,50,0.06,0,400,0,0.41147470474243036,1.8067359924316406,f0a46296d3da6d65f42739375cbf3f2e22f16a22ef8c01e29f0639ca92342b3d,True,0.15592575073242188,0.6420612335205078,f0a46296d3da6d65f42739375cbf3f2e22f16a22ef8c01e29f0639ca92342b3d
control,r1,loot-crate,154006,0,50,0.0,0,400,0,0.13117790222167963,0.35572052001953125,45724e02735e0efe65a3b90e6a1429856eb77547029974272a05b4dcbdd22e3f,True,0.13910531997680653,0.4901885986328125,45724e02735e0efe65a3b90e6a1429856eb77547029974272a05b4dcbdd22e3f
control,r1,loot-crate,154007,20,50,0.4,0,400,0,0.2891182899475096,1.8458366394042969,cbdc3345646101ce21ab3518b39d5f514675aca3c78df39da884e6d8a1203ebf,True,0.27062892913818315,1.165151596069336,cbdc3345646101ce21ab3518b39d5f514675aca3c78df39da884e6d8a1203ebf
control,r1,loot-crate,154008,5,50,0.1,0,400,0,0.3819584846496582,2.846956253051758,ca453d383423f4e2f16ec030830fce6291714121fbeb7a7300f07333b7b4d0bc,True,0.23207664489746085,0.9629726409912109,ca453d383423f4e2f16ec030830fce6291714121fbeb7a7300f07333b7b4d0bc
control,r1,loot-crate,154009,4,50,0.08,0,400,0,0.3090739250183105,1.8618106842041016,854844d24100e7718eec6fec897ff1fc8ee17fd2422a110a019946319f84ee8a,True,0.35009384155273426,0.9343624114990234,854844d24100e7718eec6fec897ff1fc8ee17fd2422a110a019946319f84ee8a
control,r1,loot-crate,154010,10,50,0.2,0,400,0,0.3404378890991207,5.759000778198242,1db4c5109a2482880889a6e7fa3ca18c755e7fcbffa7063ed8171c9ff54f5f42,True,0.2752900123596179,0.7910728454589844,1db4c5109a2482880889a6e7fa3ca18c755e7fcbffa7063ed8171c9ff54f5f42
control,r1,loot-crate,154011,5,50,0.1,0,400,0,0.18527507781982397,0.8919239044189453,e4d70336dd00448be8f6fd1e442e658b3a63f40df76fa607bc233c60eadd6ef3,True,0.28873682022094727,1.1489391326904297,e4d70336dd00448be8f6fd1e442e658b3a63f40df76fa607bc233c60eadd6ef3
control,r1,loot-crate,154012,2,50,0.04,0,400,0,0.18005371093749994,0.8459091186523438,4ab295d05043bd31a1ec1307a501dd0e87c49a9aa94f9d4f3d097abd2456b273,True,0.20705461502075184,0.823974609375,4ab295d05043bd31a1ec1307a501dd0e87c49a9aa94f9d4f3d097abd2456b273
control,r1,loot-crate,154013,8,50,0.16,0,400,0,0.6090402603149406,2.946138381958008,d98b7ee2cbc7a5d52a7efc0614d78391d5c64910afa78b22443748805ece67ef,True,0.1992225646972655,0.48089027404785156,d98b7ee2cbc7a5d52a7efc0614d78391d5c64910afa78b22443748805ece67ef
control,r1,loot-crate,154014,1,50,0.02,0,400,0,0.4545331001281735,1.7399787902832031,a9ca336d5c6df545990b02ea9e9856eb6b19c5d8ae5e8f1b43c6e1e3d916fb44,True,0.14091730117797852,0.4260540008544922,a9ca336d5c6df545990b02ea9e9856eb6b19c5d8ae5e8f1b43c6e1e3d916fb44
control,r1,loot-crate,154015,4,50,0.08,0,400,0,0.17387866973876948,0.46706199645996094,f3b7b17289800cbb322458ad1786dec45ecaba6fae782fcedf8b97e26b0c0957,True,0.257158279418945,0.5948543548583984,f3b7b17289800cbb322458ad1786dec45ecaba6fae782fcedf8b97e26b0c0957
control,r1,loot-crate,154016,2,50,0.04,0,400,0,0.27798414230346596,2.267122268676758,b4da79966c08a78c4e44900de3037319dfb31179f98670dd379fc6c5270c3262,True,0.6587028503417964,1.2280941009521484,b4da79966c08a78c4e44900de3037319dfb31179f98670dd379fc6c5270c3262
control,r1,loot-crate,154017,6,50,0.12,0,400,0,0.2199411392211913,1.9550323486328125,ec25d2f1e9fb38bcea8c53d278c00fc7d80d0dcd085a73ff2f43a037e4645315,True,0.4530191421508787,1.0077953338623047,ec25d2f1e9fb38bcea8c53d278c00fc7d80d0dcd085a73ff2f43a037e4645315
control,r1,loot-crate,154018,7,50,0.14,0,400,0,0.17305612564086895,1.0399818420410156,17c7fd149ab8bc57bc95a302420dfa2c0fbb577ef381b990f7aba2c81bdaf816,True,0.26397705078124994,0.5948543548583984,17c7fd149ab8bc57bc95a302420dfa2c0fbb577ef381b990f7aba2c81bdaf816
control,r1,loot-crate,154019,0,50,0.0,0,400,0,0.1641750335693358,0.7770061492919922,caa0b37960d4db0de174947836cd649cb676a45c62e318824ed0956af5df050c,True,0.12639760971069333,0.3161430358886719,caa0b37960d4db0de174947836cd649cb676a45c62e318824ed0956af5df050c
control,r1,loot-crate,154020,6,50,0.12,0,400,0,0.20791292190551758,0.5009174346923828,1e216ec9f99218e11dab8e793b4e8f897daf64545e39fc30c4ded46df5c1e3f3,True,0.1740097999572752,0.5099773406982422,1e216ec9f99218e11dab8e793b4e8f897daf64545e39fc30c4ded46df5c1e3f3
control,r1,loot-crate,154021,0,50,0.0,0,400,0,0.1870632171630858,1.0480880737304688,7addf5cf5e2aa428e6775f089c6765571d154e0e05aeaa8a43392a28f9665dcc,True,0.1289844512939453,0.3609657287597656,7addf5cf5e2aa428e6775f089c6765571d154e0e05aeaa8a43392a28f9665dcc
control,r1,loot-crate,154022,1,50,0.02,0,400,0,0.2013564109802245,0.7386207580566406,90f736668da92e1eeb0f5665183aaf039836233d71596d082d20883fc978ae67,True,0.27205944061279275,10.894775390625,90f736668da92e1eeb0f5665183aaf039836233d71596d082d20883fc978ae67
control,r1,loot-crate,154023,5,50,0.1,0,400,0,0.18416643142700184,0.5578994750976562,bf287c72837408f417ea3df9d52b746ac2ad70dffb90a060ea870cfbd863bcba,True,0.16480684280395502,0.6668567657470703,bf287c72837408f417ea3df9d52b746ac2ad70dffb90a060ea870cfbd863bcba
control,r1,loot-crate,154024,9,50,0.18,0,400,0,0.22201538085937494,1.4891624450683594,bbf577cfb4ae28f10bab32a187466c992dbda75265c50e18da9a75c875c0e97e,True,0.20103454589843744,0.43272972106933594,bbf577cfb4ae28f10bab32a187466c992dbda75265c50e18da9a75c875c0e97e
control,r1,loot-crate,154025,4,50,0.08,0,400,0,0.3378987312316894,1.1780261993408203,996b901aebfc62fe9826741d85c5a1681f704c4c66b94433b54f9a4c9b066593,True,0.18320083618164054,0.5810260772705078,996b901aebfc62fe9826741d85c5a1681f704c4c66b94433b54f9a4c9b066593
control,r1,loot-crate,154026,2,50,0.04,1,36,0,0.5865097045898438,0.8950233459472656,0541d695ecc7c2eb8d39b2294d548f48dd646c00622c538002b4fb1b742ddc65,True,0.726163387298584,1.7671585083007812,0541d695ecc7c2eb8d39b2294d548f48dd646c00622c538002b4fb1b742ddc65
control,r1,loot-crate,154027,12,50,0.24,0,400,0,0.23016929626464835,0.6821155548095703,c7be284f685f788e754d93f8023a63c1d1ccfd2479f31dee79da55194f6782ff,True,0.3736495971679681,3.5479068756103516,c7be284f685f788e754d93f8023a63c1d1ccfd2479f31dee79da55194f6782ff
control,r1,loot-crate,154028,1,50,0.02,0,400,0,0.5951881408691405,1.341104507446289,fa1b2266eed70f6a933a99c28fbc0e4ebbf27c9d6fea9e8aab3119cd8f08c61f,True,0.3001689910888672,2.146005630493164,fa1b2266eed70f6a933a99c28fbc0e4ebbf27c9d6fea9e8aab3119cd8f08c61f
control,r1,loot-crate,154029,5,50,0.1,0,400,0,0.7553696632385243,3.545045852661133,c8626108d47a112d376ea35bd0d9c8615db5aea048bf266c9c70640785c416c5,True,0.48227310180664046,3.735780715942383,c8626108d47a112d376ea35bd0d9c8615db5aea048bf266c9c70640785c416c5
control,r1,loot-crate,154030,10,50,0.2,0,400,0,0.2701997756958005,0.9930133819580078,08d162b72576860bcda629b22ca7e1109fea4401a0af244eed30bbe39e0bff3b,True,0.4351258277893064,4.26793098449707,08d162b72576860bcda629b22ca7e1109fea4401a0af244eed30bbe39e0bff3b
control,r1,loot-crate,154031,8,50,0.16,0,400,0,0.20003318786621094,0.47588348388671875,507b198ee86afa1ef91a1ddede345bc2db009e9142b2bc06494de6aec187b851,True,0.27911663055419905,2.2459030151367188,507b198ee86afa1ef91a1ddede345bc2db009e9142b2bc06494de6aec187b851
control,r1,loot-crate,154032,4,50,0.08,0,400,0,0.2860784530639646,1.1780261993408203,75eb04015e7ac911c818b6b0b878ff7a0232f16bad56154a4c4c8fbf3847e5ff,True,0.2722263336181639,0.8420944213867188,75eb04015e7ac911c818b6b0b878ff7a0232f16bad56154a4c4c8fbf3847e5ff
control,r1,loot-crate,154033,1,50,0.02,0,400,0,0.2272367477416992,0.7729530334472656,14da83edc99caaeedb46ededff99295580daee627ea7abc99019d3bae996cac6,True,0.18398761749267564,0.5350112915039062,14da83edc99caaeedb46ededff99295580daee627ea7abc99019d3bae996cac6
control,r1,loot-crate,154034,2,50,0.04,0,400,0,0.3422260284423827,0.8568763732910156,246d8de86c75fdaaa6e1b72598983e0b78aacd91ee8e51659fc01f262f323055,True,0.38310289382934554,0.9317398071289062,246d8de86c75fdaaa6e1b72598983e0b78aacd91ee8e51659fc01f262f323055
control,r1,loot-crate,154035,2,50,0.04,1,34,0,0.3097295761108396,0.41413307189941406,3e3084c108f38b586d575b114b39b565cf2b79cfbe0eb407d48d8686fd876c45,True,0.19890069961547843,0.2930164337158203,3e3084c108f38b586d575b114b39b565cf2b79cfbe0eb407d48d8686fd876c45
control,r1,loot-crate,154036,6,50,0.12,0,400,0,0.34496784210205056,1.4421939849853516,2f009e4eae8ffd1a59540980be292dfd471b7863b5dafd7193ebf469af294fb2,True,0.13699531555175767,0.28586387634277344,2f009e4eae8ffd1a59540980be292dfd471b7863b5dafd7193ebf469af294fb2
control,r1,loot-crate,154037,2,50,0.04,0,400,0,0.2260684967041015,0.5590915679931641,556e60af4f6bfe4b720b1efbf95ca5743c1bbb35e8c2fb495f0d16a944eb2c8d,True,0.14309883117675776,0.3230571746826172,556e60af4f6bfe4b720b1efbf95ca5743c1bbb35e8c2fb495f0d16a944eb2c8d
control,r1,loot-crate,154038,4,50,0.08,0,400,0,0.24516582489013644,1.332998275756836,65acaea5a761d9c124a82c06006ddf6be9cd2d0eb7483f1a2b67e722637515d6,True,0.21009445190429682,1.0223388671875,65acaea5a761d9c124a82c06006ddf6be9cd2d0eb7483f1a2b67e722637515d6
control,r1,loot-crate,154039,2,50,0.04,0,400,0,0.23615360260009732,1.8630027770996094,1d3b85e2a4c713cf94014961844b86e7ba340a4d4bc713dcf07abf1b3a348afd,True,0.20912885665893552,1.6639232635498047,1d3b85e2a4c713cf94014961844b86e7ba340a4d4bc713dcf07abf1b3a348afd
control,r1,loot-crate,154040,8,50,0.16,0,400,0,0.1800060272216797,1.0960102081298828,feb3c718dfed63fa2b5084ebb6d44ef7bfee28f213d45f78e8b55f6c4f1f061c,True,0.19738674163818318,0.843048095703125,feb3c718dfed63fa2b5084ebb6d44ef7bfee28f213d45f78e8b55f6c4f1f061c
control,r2,classic,152001,0,9,0.0,0,400,0,0.13999938964843744,0.5071163177490234,f06b1a5bad8240274854deb73c4232cf44bcbaeae5418479199587321930cd47,True,0.5941510200500486,2.3946762084960938,f06b1a5bad8240274854deb73c4232cf44bcbaeae5418479199587321930cd47
control,r2,classic,152002,0,9,0.0,0,400,0,0.3631830215454099,2.6450157165527344,9b7ea468feeaf1b7029b6fcbe992fd753f092c4fba683de786cb7936f9b622e3,True,0.1970529556274413,1.0302066802978516,9b7ea468feeaf1b7029b6fcbe992fd753f092c4fba683de786cb7936f9b622e3
control,r2,classic,152003,7,9,0.7777777777777778,0,400,0,0.7632374763488767,1.979827880859375,02d7e6619729c8dd81d1ea63406d3303434daa02b07cc96e47b5e439c52db457,True,0.4574537277221676,1.3060569763183594,02d7e6619729c8dd81d1ea63406d3303434daa02b07cc96e47b5e439c52db457
control,r2,classic,152004,3,9,0.3333333333333333,0,400,0,0.1958966255187987,0.4837512969970703,1b4938b5ce7ea1dda939bc0db9b3914dfc8ef4498506b95353c2fc84c2862671,True,0.1884102821350095,1.21307373046875,1b4938b5ce7ea1dda939bc0db9b3914dfc8ef4498506b95353c2fc84c2862671
control,r2,classic,152005,1,9,0.1111111111111111,0,400,0,0.13211965560913083,0.37598609924316406,88763c510726191e5b7e6f74d16df01025d5005263e1844296eae98919ef0737,True,0.1780986785888672,0.9322166442871094,88763c510726191e5b7e6f74d16df01025d5005263e1844296eae98919ef0737
control,r2,classic,152006,1,9,0.1111111111111111,1,29,0,0.18296241760253903,0.28705596923828125,fd642a32deec5958e2ddad86dd3f06c2c25e6dea02bd9a2e2c9abb0cf218ea7f,True,0.15997886657714844,0.26702880859375,fd642a32deec5958e2ddad86dd3f06c2c25e6dea02bd9a2e2c9abb0cf218ea7f
control,r2,classic,152007,5,9,0.5555555555555556,0,400,0,0.22014379501342765,1.2631416320800781,39475079fa35956d37237353faf4b2287fa8ba5a430f6dc1b77c4a54d344b475,True,0.3221392631530753,1.5499591827392578,39475079fa35956d37237353faf4b2287fa8ba5a430f6dc1b77c4a54d344b475
control,r2,classic,152008,3,9,0.3333333333333333,0,400,0,0.3442883491516111,1.2679100036621094,129bb864dbe3467dd421aca6379e11e496b73e0a35f9e7543572db78be9cf82c,True,0.33129453659057606,1.1057853698730469,129bb864dbe3467dd421aca6379e11e496b73e0a35f9e7543572db78be9cf82c
control,r2,classic,152009,5,9,0.5555555555555556,0,400,0,0.24509429931640625,1.5568733215332031,5e243733ab2340897e83bfafaeacba5f5b9decc3d0f1f25726adf27c9b3a49ef,True,0.26178359985351496,0.8172988891601562,5e243733ab2340897e83bfafaeacba5f5b9decc3d0f1f25726adf27c9b3a49ef
control,r2,classic,152010,0,9,0.0,0,400,0,0.17200708389282215,0.6682872772216797,fc35616b29e3dfe66511cecbd2ab0da9671f16ec6e5eac181eb617ea20e298af,True,0.1709461212158203,0.9100437164306641,fc35616b29e3dfe66511cecbd2ab0da9671f16ec6e5eac181eb617ea20e298af
control,r2,classic,152011,0,9,0.0,0,400,0,0.43329000473022367,3.453969955444336,7ca4eb520a4a7ec2c87b5a7f8b8667265328ff4c75aca2ad5577effdce459281,True,0.16094446182250977,1.6560554504394531,7ca4eb520a4a7ec2c87b5a7f8b8667265328ff4c75aca2ad5577effdce459281
control,r2,classic,152012,4,9,0.4444444444444444,0,400,0,0.7023572921752925,1.4529228210449219,197e845e0c211e39f4f7b9be15142bc1357de8af4dfa9c7cb119f951fb7b81c1,True,0.36641359329223616,1.3790130615234375,197e845e0c211e39f4f7b9be15142bc1357de8af4dfa9c7cb119f951fb7b81c1
control,r2,classic,152013,1,9,0.1111111111111111,0,400,0,0.33758878707885676,3.748178482055664,48c366c055f597255da44bc4f42cdb7593639e742ed273ca1df7b23a5a16366f,True,0.23040771484374947,3.3860206604003906,48c366c055f597255da44bc4f42cdb7593639e742ed273ca1df7b23a5a16366f
control,r2,classic,152014,1,9,0.1111111111111111,0,400,0,0.1562476158142089,0.3478527069091797,e810c2a42558792b0004550c8ad7f7bc70d2b31c54ee84c74a7d624209eda50f,True,0.8450031280517569,5.39398193359375,e810c2a42558792b0004550c8ad7f7bc70d2b31c54ee84c74a7d624209eda50f
control,r2,classic,152015,0,9,0.0,0,400,0,0.12785196304321284,0.4858970642089844,0c785ddd8afdb52f3f2c68f9d40fed6304bc2e2ee83ef42155c20fcd5f455694,True,0.4283070564270008,5.095958709716797,0c785ddd8afdb52f3f2c68f9d40fed6304bc2e2ee83ef42155c20fcd5f455694
control,r2,classic,152016,0,9,0.0,0,400,0,0.30137300491332986,3.537893295288086,758fefad3fb335f4d11f2afd3b9b6d16ccb88c3bb8ab104fee33556ddae05f05,True,0.24909973144531233,1.1360645294189453,758fefad3fb335f4d11f2afd3b9b6d16ccb88c3bb8ab104fee33556ddae05f05
control,r2,classic,152017,0,9,0.0,0,400,0,0.20027160644531228,3.7169456481933594,2c5cbd15b39f17340b2ccacd51c1a99e6b8cd71c59f175dd495d77f73b66262d,True,0.1570701599121092,0.3132820129394531,2c5cbd15b39f17340b2ccacd51c1a99e6b8cd71c59f175dd495d77f73b66262d
control,r2,classic,152018,5,9,0.5555555555555556,0,400,0,0.19118785858154277,2.5742053985595703,123f8ccea6a1782ce2295738ca955347e56c5b2370211baebe054908b51ad76c,True,0.17317533493041984,0.6546974182128906,123f8ccea6a1782ce2295738ca955347e56c5b2370211baebe054908b51ad76c
control,r2,classic,152019,2,9,0.2222222222222222,0,400,0,0.30544996261596635,2.1820068359375,465c47850ffb0d909308186225fa63c98dd3cdd9ec16657865d9156d8ca4f716,True,0.1995563507080076,0.6539821624755859,465c47850ffb0d909308186225fa63c98dd3cdd9ec16657865d9156d8ca4f716
control,r2,classic,152020,1,9,0.1111111111111111,0,400,0,0.3754734992980953,2.505064010620117,9e1e38a0539ed61380b287f0e72e981d8ef9f0df1e1da5f8a94ab6ef8731fed8,True,0.1771211624145506,0.4801750183105469,9e1e38a0539ed61380b287f0e72e981d8ef9f0df1e1da5f8a94ab6ef8731fed8
control,r2,classic,152021,1,9,0.1111111111111111,0,400,0,0.2936959266662594,0.8399486541748047,c651c34e1f62411d0044f546bbf84b2e5e04061b3c4aebc7def9173d3d69bb77,True,0.1732945442199705,0.4620552062988281,c651c34e1f62411d0044f546bbf84b2e5e04061b3c4aebc7def9173d3d69bb77
control,r2,classic,152022,2,9,0.2222222222222222,0,400,0,0.15619993209838864,0.5409717559814453,66434ec5600e920586e2e5211ae2a9b77379ad7aabddc8b7a9226dff84485713,True,0.19232034683227503,0.8618831634521484,66434ec5600e920586e2e5211ae2a9b77379ad7aabddc8b7a9226dff84485713
control,r2,classic,152023,0,9,0.0,0,400,0,0.23508071899414062,0.8361339569091797,fde6327970fd78e1b720743b6fa319baa266c38d429b7491d2883d7de7c14623,True,0.453042984008789,1.2121200561523438,fde6327970fd78e1b720743b6fa319baa266c38d429b7491d2883d7de7c14623
control,r2,classic,152024,0,9,0.0,1,58,0,0.1345396041870117,0.26702880859375,9bb18a7716741049fcaa4cf07cd7fc4fcd1229644ccf264ef3b4f4235579214f,True,0.45447349548339844,0.5960464477539062,9bb18a7716741049fcaa4cf07cd7fc4fcd1229644ccf264ef3b4f4235579214f
control,r2,classic,152025,1,9,0.1111111111111111,0,400,0,0.1490712165832519,1.0280609130859375,a8e9d142db952c12c8b630db3f2fc3bbfa6e38c0e2b2a530d54824c696c8e5d2,True,0.31809806823730463,0.6430149078369141,a8e9d142db952c12c8b630db3f2fc3bbfa6e38c0e2b2a530d54824c696c8e5d2
control,r2,classic,152026,2,9,0.2222222222222222,1,88,0,0.18379688262939453,0.4210472106933594,10882b051814d2f6d95c77f3ab4616010531a8f802b3fc172126af0352a33f80,True,0.22155046463012695,0.3762245178222656,10882b051814d2f6d95c77f3ab4616010531a8f802b3fc172126af0352a33f80
control,r2,classic,152027,1,9,0.1111111111111111,0,400,0,0.19698143005371088,0.8039474487304688,2fe534c919868bb6a1404ef1b365c560b7ad057d659e3d4120a5ad9cc65b8b57,True,0.20035505294799755,0.45800209045410156,2fe534c919868bb6a1404ef1b365c560b7ad057d659e3d4120a5ad9cc65b8b57
control,r2,classic,152028,1,9,0.1111111111111111,0,400,0,0.19431114196777322,0.7600784301757812,a81947300886b0e05f55425512e563654690d7915b8f49b9e719b73305c3326e,True,0.1410722732543944,0.43582916259765625,a81947300886b0e05f55425512e563654690d7915b8f49b9e719b73305c3326e
control,r2,classic,152029,1,9,0.1111111111111111,0,400,0,0.17328262329101546,0.9181499481201172,7a4d2030e4314005eb85c559ce3936ee3d217296ee34d5ccf97eb7b9f1ce33d9,True,0.21739006042480363,0.949859619140625,7a4d2030e4314005eb85c559ce3936ee3d217296ee34d5ccf97eb7b9f1ce33d9
control,r2,classic,152030,0,9,0.0,0,400,0,0.5284905433654782,1.1928081512451172,4db1431387cd54f6433d209f181f8399bb02ca28085acb865d03b0995fcdee9e,True,0.18197298049926752,0.3368854522705078,4db1431387cd54f6433d209f181f8399bb02ca28085acb865d03b0995fcdee9e
control,r2,classic,152031,1,9,0.1111111111111111,0,400,0,0.13809204101562494,0.46634674072265625,c01e4c229e8dee7d0840c0f92232a1b60b93f8ce30ac20a8a1f4820efdd0be45,True,0.1790285110473631,0.8459091186523438,c01e4c229e8dee7d0840c0f92232a1b60b93f8ce30ac20a8a1f4820efdd0be45
control,r2,classic,152032,0,9,0.0,0,400,0,0.17572641372680664,0.3848075866699219,48fcf70c82d78c80c9788eaf080d15724ee2eb2f92c51f0722578ac0fc5f3c65,True,0.18405914306640625,0.32520294189453125,48fcf70c82d78c80c9788eaf080d15724ee2eb2f92c51f0722578ac0fc5f3c65
control,r2,classic,152033,1,9,0.1111111111111111,0,400,0,0.12497901916503902,1.7709732055664062,78a09378c09b674e59bde0a8f41b37472c1422e082b6dec0d36dc5aa697730bf,True,0.15193223953247065,0.49185752868652344,78a09378c09b674e59bde0a8f41b37472c1422e082b6dec0d36dc5aa697730bf
control,r2,classic,152034,2,9,0.2222222222222222,1,70,0,0.16632080078124997,0.7948875427246094,18015b288c11ba5873deb716dabf8ab5fc6452b937a34f4ed5ffa8fafbf17ae1,True,0.2751588821411131,0.7071495056152344,18015b288c11ba5873deb716dabf8ab5fc6452b937a34f4ed5ffa8fafbf17ae1
control,r2,classic,152035,1,9,0.1111111111111111,0,400,0,0.17602443695068354,0.5021095275878906,b2ee9c2a1df0118b705c8c8449c0ce0b5959b6d38ad7475133a5ee11f5510734,True,0.14793872833251942,0.49304962158203125,b2ee9c2a1df0118b705c8c8449c0ce0b5959b6d38ad7475133a5ee11f5510734
control,r2,classic,152036,1,9,0.1111111111111111,0,400,0,0.2487540245056145,1.1780261993408203,4a35aea20e5babb602b355f96ac2d2f6e997ce88f88902e343f8a9af5c457b22,True,0.1612186431884765,0.43392181396484375,4a35aea20e5babb602b355f96ac2d2f6e997ce88f88902e343f8a9af5c457b22
control,r2,classic,152037,0,9,0.0,0,400,0,0.25339126586914046,1.7790794372558594,0659d5d10591ad8f40dddf8ae3c440cfd207400473298f7902e8a8bd7586ae7b,True,0.21015405654907215,1.0378360748291016,0659d5d10591ad8f40dddf8ae3c440cfd207400473298f7902e8a8bd7586ae7b
control,r2,classic,152038,0,9,0.0,0,400,0,0.2865791320800779,1.0342597961425781,e5afc17d2a1bb8534b68b61f433b074c34204533a36f3787578a377267eb09f4,True,0.16789436340332026,0.5991458892822266,e5afc17d2a1bb8534b68b61f433b074c34204533a36f3787578a377267eb09f4
control,r2,classic,152039,1,9,0.1111111111111111,0,400,0,0.33810138702392556,0.9050369262695312,439371287bd313b2258252c4e2da0608812db34e1e8d7919b55834372feb5166,True,0.18005371093749994,1.0030269622802734,439371287bd313b2258252c4e2da0608812db34e1e8d7919b55834372feb5166
control,r2,classic,152040,0,9,0.0,0,400,0,0.46091079711913974,3.2248497009277344,546b770e4a6280963f551d9d06db65688761f55c0c37ff0c3e567c33ff8d06c6,True,0.21424293518066392,1.2669563293457031,546b770e4a6280963f551d9d06db65688761f55c0c37ff0c3e567c33ff8d06c6
control,r2,coin-heaven,153001,50,50,1.0,0,137,0,0.48346519470214844,1.0340213775634766,be1d95133a5f8e5d7db80ad773f90d439399012035fdecce13b4b9a17b912941,True,0.5627155303955076,1.9559860229492188,be1d95133a5f8e5d7db80ad773f90d439399012035fdecce13b4b9a17b912941
control,r2,coin-heaven,153002,50,50,1.0,0,123,0,0.15914440155029297,0.31185150146484375,be7113133231c6560c37b1580d8b10f50c4c0ce0a9b5e00aa1835ba9b48efb66,True,0.34363269805908203,0.7078647613525391,be7113133231c6560c37b1580d8b10f50c4c0ce0a9b5e00aa1835ba9b48efb66
control,r2,coin-heaven,153003,50,50,1.0,0,134,0,0.25820732116699213,0.43487548828125,40ad04d6007c0653db2a6fdbf886c8ee62a030cfb043d53e3c63f8e33768e57a,True,0.2296924591064451,0.9329319000244141,40ad04d6007c0653db2a6fdbf886c8ee62a030cfb043d53e3c63f8e33768e57a
control,r2,coin-heaven,153004,50,50,1.0,0,118,0,0.9505867958068825,3.1099319458007812,efc21188457790826695deb8d251c024d221924450b02e81aa572d7c614c9dbd,True,0.2913236618041991,1.8422603607177734,efc21188457790826695deb8d251c024d221924450b02e81aa572d7c614c9dbd
control,r2,coin-heaven,153005,50,50,1.0,0,130,0,0.48948526382446284,1.7611980438232422,fc438540a32c6e1ddca03c9d477871e60bcf246c57aad92259430d58a71cabc9,True,0.1932621002197265,0.45013427734375,fc438540a32c6e1ddca03c9d477871e60bcf246c57aad92259430d58a71cabc9
control,r2,coin-heaven,153006,50,50,1.0,0,121,0,1.1708736419677734,4.291057586669922,63843846a1c8fe769f05dbef1f1d682f18fcb93ef10392f1da0224dbe7524bd7,True,0.21791458129882812,1.7719268798828125,63843846a1c8fe769f05dbef1f1d682f18fcb93ef10392f1da0224dbe7524bd7
control,r2,coin-heaven,153007,50,50,1.0,0,121,0,0.17786026000976562,1.2767314910888672,6101122c300131771c0f217c40a41bc0b5bf0b5d22c48cd6c61aaf153099ddc8,True,0.2560615539550781,1.4519691467285156,6101122c300131771c0f217c40a41bc0b5bf0b5d22c48cd6c61aaf153099ddc8
control,r2,coin-heaven,153008,50,50,1.0,0,135,0,0.2895355224609375,0.6489753723144531,e7b6c5580a29e347e2e84a71d36baf14a31cf59a49a941b2e18a41483c8511c5,True,0.325322151184082,0.6480216979980469,e7b6c5580a29e347e2e84a71d36baf14a31cf59a49a941b2e18a41483c8511c5
control,r2,coin-heaven,153009,50,50,1.0,0,114,0,0.3165245056152343,3.0820369720458984,58fe8f688249f6db49e2e1890eb32b937da5e6d1b39a4a874f5e92b379d00ebd,True,0.19017457962036127,2.0339488983154297,58fe8f688249f6db49e2e1890eb32b937da5e6d1b39a4a874f5e92b379d00ebd
control,r2,coin-heaven,153010,50,50,1.0,0,119,0,0.8907556533813475,3.6089420318603516,4413235a3f7c9fb2d8df22dea8dfdaf3d911e853c095b07e01e966f39a1cc5e8,True,0.28221607208251953,0.49304962158203125,4413235a3f7c9fb2d8df22dea8dfdaf3d911e853c095b07e01e966f39a1cc5e8
control,r2,coin-heaven,153011,50,50,1.0,0,124,0,0.28936862945556635,0.8413791656494141,0555ee2e15f49db16ed5cc3ebb827ebed5a124eaf26b7340d11a23612301b4c1,True,0.2784609794616698,0.5090236663818359,0555ee2e15f49db16ed5cc3ebb827ebed5a124eaf26b7340d11a23612301b4c1
control,r2,coin-heaven,153012,50,50,1.0,0,134,0,0.1682043075561523,0.347137451171875,193b871033f79e500ad67fb65d436c2162d25ef167129a1f0714e35d224acac6,True,0.1797199249267578,0.2620220184326172,193b871033f79e500ad67fb65d436c2162d25ef167129a1f0714e35d224acac6
control,r2,coin-heaven,153013,50,50,1.0,0,131,0,0.3154277801513672,1.0731220245361328,d6106b7e7cc45e17ccf06f2c89999f5d0621b46c7e35783258345da7eda1ba46,True,0.40984153747558594,0.8349418640136719,d6106b7e7cc45e17ccf06f2c89999f5d0621b46c7e35783258345da7eda1ba46
control,r2,coin-heaven,153014,50,50,1.0,0,121,0,0.2009868621826172,0.3368854522705078,c0bc21ac5b9f4bd368be120a00678494c9f615311cf81c99163fed39d8541852,True,0.15592575073242188,0.2567768096923828,c0bc21ac5b9f4bd368be120a00678494c9f615311cf81c99163fed39d8541852
control,r2,coin-heaven,153015,50,50,1.0,0,142,0,0.2559542655944824,0.2968311309814453,0cfa5f2250df685bb933b309e32d7ec1dfa00f5166e75ad55400dc75522a4b81,True,0.26574134826660156,0.38909912109375,0cfa5f2250df685bb933b309e32d7ec1dfa00f5166e75ad55400dc75522a4b81
control,r2,coin-heaven,153016,50,50,1.0,0,125,0,0.27918815612792963,0.6389617919921875,dc660f3c586311dc6cd4b8623b712a377fd53daf9f5fb988affb86029fc8533a,True,0.1919269561767578,0.3108978271484375,dc660f3c586311dc6cd4b8623b712a377fd53daf9f5fb988affb86029fc8533a
control,r2,coin-heaven,153017,50,50,1.0,0,123,0,0.1306772232055663,0.2560615539550781,3d475a54de8a1789d32e91237d6723274c39efe434aff7c07c1b728222c8414f,True,0.14295578002929688,0.21386146545410156,3d475a54de8a1789d32e91237d6723274c39efe434aff7c07c1b728222c8414f
control,r2,coin-heaven,153018,50,50,1.0,0,123,0,0.247955322265625,0.7638931274414062,b6cffae3ab5e6298cb51ab7b564dd13920abdd96d8d3edfd611d52d00fbb395c,True,0.18365383148193357,0.5648136138916016,b6cffae3ab5e6298cb51ab7b564dd13920abdd96d8d3edfd611d52d00fbb395c
control,r2,coin-heaven,153019,50,50,1.0,0,130,0,0.14301538467407227,0.34308433532714844,091ab783f3c31400dab10e7cb85054f4aa2a29c7badda9cf79e308c933cd0237,True,0.1250624656677246,0.20885467529296875,091ab783f3c31400dab10e7cb85054f4aa2a29c7badda9cf79e308c933cd0237
control,r2,coin-heaven,153020,50,50,1.0,0,132,0,0.3231048583984373,1.1928081512451172,97e2fbf6d1fc111617d60d883936cd01946a8084e5aa1f6ec0b4b52676bd0cc7,True,0.1758933067321776,0.2810955047607422,97e2fbf6d1fc111617d60d883936cd01946a8084e5aa1f6ec0b4b52676bd0cc7
control,r2,coin-heaven,153021,50,50,1.0,0,129,0,0.14863014221191406,0.2949237823486328,28b8913d59f53f13c1c7ddababf92763f3a0574a76cef3e4d1630b22879fd88f,True,0.14400482177734372,0.5898475646972656,28b8913d59f53f13c1c7ddababf92763f3a0574a76cef3e4d1630b22879fd88f
control,r2,coin-heaven,153022,50,50,1.0,0,117,0,0.3471851348876952,2.053976058959961,37d6cce83b067d684d6fc79393b145a0566598ab74ff91d5ed4b8d703b109ff4,True,0.18954277038574202,0.4439353942871094,37d6cce83b067d684d6fc79393b145a0566598ab74ff91d5ed4b8d703b109ff4
control,r2,coin-heaven,153023,50,50,1.0,0,123,0,0.32429695129394526,1.0600090026855469,6a68f9f04a5eda4c78296bde15fe3a223860cc15fefa76d3412fb65c8fcea3fa,True,0.31960010528564436,0.9391307830810547,6a68f9f04a5eda4c78296bde15fe3a223860cc15fefa76d3412fb65c8fcea3fa
control,r2,coin-heaven,153024,50,50,1.0,0,116,0,0.1748800277709961,0.35119056701660156,ef4d61c6b6f841ab38f12b51eefca3e7afdf374e7529dec530f309889a008617,True,0.1971125602722168,0.6167888641357422,ef4d61c6b6f841ab38f12b51eefca3e7afdf374e7529dec530f309889a008617
control,r2,coin-heaven,153025,50,50,1.0,0,134,0,0.1951336860656738,0.3218650817871094,8860a33c9075dfa66143ff079a356f292ddd487ca38d1c18bc4156a3518b0fe5,True,0.29284954071044916,1.0509490966796875,8860a33c9075dfa66143ff079a356f292ddd487ca38d1c18bc4156a3518b0fe5
control,r2,coin-heaven,153026,50,50,1.0,0,127,0,0.16317367553710935,0.30612945556640625,39c302dc5ec8684c6fd90db54018544741c04a65e832ac7ca7af150b3edd967c,True,0.342035293579101,0.6940364837646484,39c302dc5ec8684c6fd90db54018544741c04a65e832ac7ca7af150b3edd967c
control,r2,coin-heaven,153027,50,50,1.0,0,110,0,0.6108641624450681,0.7569789886474609,a1031ab54baab0752baec0ee8065f61d568f65aeced0befce96db2cf8e47e72e,True,0.20693540573120117,0.3859996795654297,a1031ab54baab0752baec0ee8065f61d568f65aeced0befce96db2cf8e47e72e
control,r2,coin-heaven,153028,50,50,1.0,0,126,0,0.15681982040405273,1.8639564514160156,0f341c2060deb2207fa921ee2a18e6cd594eb82e0248433ebc292dd5f1ab5980,True,0.17559528350830078,0.31304359436035156,0f341c2060deb2207fa921ee2a18e6cd594eb82e0248433ebc292dd5f1ab5980
control,r2,coin-heaven,153029,50,50,1.0,0,136,0,0.2402663230895996,0.4031658172607422,5981dabddafbf0aae81b82c23a6e8ac27d60b7b3a5ab51d814b09c26162dff0e,True,0.2567172050476074,0.6148815155029297,5981dabddafbf0aae81b82c23a6e8ac27d60b7b3a5ab51d814b09c26162dff0e
control,r2,coin-heaven,153030,50,50,1.0,0,131,0,0.2415180206298828,0.4050731658935547,d8e47fc5915f0867113b49bc6127603f6735f861b8b2acec5f4e804ba3f29b03,True,0.27167797088623047,0.8401870727539062,d8e47fc5915f0867113b49bc6127603f6735f861b8b2acec5f4e804ba3f29b03
control,r2,coin-heaven,153031,50,50,1.0,0,111,0,0.25641918182373047,0.4558563232421875,c6c6a23ada9df90f3c9f1e39e4764312bf5a4d5037a417cb9be95b6bd701774d,True,0.22149085998535156,0.39577484130859375,c6c6a23ada9df90f3c9f1e39e4764312bf5a4d5037a417cb9be95b6bd701774d
control,r2,coin-heaven,153032,50,50,1.0,0,129,0,0.24681091308593744,1.0607242584228516,61921ba2f276f07617344fe1077a9c0950efe3eed643c85af407444cd8355f8f,True,0.48003196716308566,2.7937889099121094,61921ba2f276f07617344fe1077a9c0950efe3eed643c85af407444cd8355f8f
control,r2,coin-heaven,153033,50,50,1.0,0,131,0,0.3285408020019531,0.3910064697265625,a1a8e9604098ec5948d2d09172d7064dd7ecafa6425ed139b1385c0185174ea6,True,0.3695487976074219,1.5041828155517578,a1a8e9604098ec5948d2d09172d7064dd7ecafa6425ed139b1385c0185174ea6
control,r2,coin-heaven,153034,50,50,1.0,0,121,0,0.17690658569335938,0.41604042053222656,0adfe0807f61e3e0def9b82014d2097e55143300b7fee21bd2f7b08634badc3d,True,0.28896331787109375,0.5600452423095703,0adfe0807f61e3e0def9b82014d2097e55143300b7fee21bd2f7b08634badc3d
control,r2,coin-heaven,153035,50,50,1.0,0,139,0,0.2077579498291015,0.457763671875,7b511fe9beffc79ac21bc94eda50c3940e48065345389f32909271eb73a1476b,True,0.19567012786865226,2.2351741790771484,7b511fe9beffc79ac21bc94eda50c3940e48065345389f32909271eb73a1476b
control,r2,coin-heaven,153036,50,50,1.0,0,121,0,0.2720355987548828,0.39315223693847656,53c1a229bb0fbe441dfb4940b3c2e7521c1816b283aae36e95839449d86a3c5d,True,0.1862049102783203,0.7979869842529297,53c1a229bb0fbe441dfb4940b3c2e7521c1816b283aae36e95839449d86a3c5d
control,r2,coin-heaven,153037,50,50,1.0,0,119,0,0.2583742141723633,0.8540153503417969,483557e615e7915bb2dd0f30686c6f109e21e46b5c464931c8840d0caee5e3bb,True,0.2417087554931639,0.8618831634521484,483557e615e7915bb2dd0f30686c6f109e21e46b5c464931c8840d0caee5e3bb
control,r2,coin-heaven,153038,50,50,1.0,0,112,0,0.22580623626708946,0.3349781036376953,2040c0ff6fc9c9fa58de2956dbdd41a8a7dabbb799bcead5db7bf97fb6fcb407,True,0.34803152084350564,3.2949447631835938,2040c0ff6fc9c9fa58de2956dbdd41a8a7dabbb799bcead5db7bf97fb6fcb407
control,r2,coin-heaven,153039,50,50,1.0,0,128,0,0.2475976943969726,0.46896934509277344,e9b3e99fe4fdbf5aa0017170cede539ccec592778c05690e346238068d2f826c,True,0.41726827621459944,1.310110092163086,e9b3e99fe4fdbf5aa0017170cede539ccec592778c05690e346238068d2f826c
control,r2,coin-heaven,153040,50,50,1.0,0,121,0,0.49424171447753906,0.7250308990478516,4aec9ea637326955b0f4f7d8260c5dfed39834287df979ee07fe103359582fb3,True,0.20194053649902344,0.34618377685546875,4aec9ea637326955b0f4f7d8260c5dfed39834287df979ee07fe103359582fb3
control,r2,loot-crate,154001,1,50,0.02,0,400,0,0.15310049057006833,0.6659030914306641,3684e30458e4bf2417063b4daeeb734a12e1af993bf1920ffc2ed381988b202d,True,0.13375282287597656,0.2760887145996094,3684e30458e4bf2417063b4daeeb734a12e1af993bf1920ffc2ed381988b202d
control,r2,loot-crate,154002,0,50,0.0,0,400,0,0.12791156768798817,0.39505958557128906,8c16d443e63c07bb7b87e1c4bda2245d58a3e06fdce8e0e7e1f6926fe4792ceb,True,0.11029243469238269,0.49114227294921875,8c16d443e63c07bb7b87e1c4bda2245d58a3e06fdce8e0e7e1f6926fe4792ceb
control,r2,loot-crate,154003,6,50,0.12,0,400,0,0.28924942016601557,3.4492015838623047,84a1500532cc6e33eb900f75e6435861385be8de175e51e1cff4bd949f27390f,True,0.16001462936401364,0.3399848937988281,84a1500532cc6e33eb900f75e6435861385be8de175e51e1cff4bd949f27390f
control,r2,loot-crate,154004,3,50,0.06,0,400,0,0.33403635025024414,1.6281604766845703,566c96085df355b1102daa2db2d5303f6fd435309143302a53fa0bcf49315167,True,0.14282464981079102,0.347137451171875,566c96085df355b1102daa2db2d5303f6fd435309143302a53fa0bcf49315167
control,r2,loot-crate,154005,17,50,0.34,1,191,0,0.26595592498779297,1.039743423461914,7e08aacd24802238ced0fb584d9298db12f0cc0e90eb7ee85aed8657b6d5bd12,True,0.19550323486328125,0.2696514129638672,7e08aacd24802238ced0fb584d9298db12f0cc0e90eb7ee85aed8657b6d5bd12
control,r2,loot-crate,154006,4,50,0.08,0,400,0,0.17836093902587888,0.39196014404296875,28dbc06246015eb2a955da92249736e40cff8a428f822be28b0c901e3aecd1ff,True,0.1308917999267578,0.2899169921875,28dbc06246015eb2a955da92249736e40cff8a428f822be28b0c901e3aecd1ff
control,r2,loot-crate,154007,9,50,0.18,1,117,0,0.16727447509765622,0.3578662872314453,6f09df8a78d9262388c333e5ad0f8f8b455e21a84e2d41733277365deb2dd932,True,0.19807815551757812,0.6201267242431641,6f09df8a78d9262388c333e5ad0f8f8b455e21a84e2d41733277365deb2dd932
control,r2,loot-crate,154008,3,50,0.06,0,400,0,0.7573366165161121,3.4749507904052734,5ee6bf135217dc209d4393e338d2e7db53f58a29201af310a90ed5401728986d,True,0.17760992050170835,0.5407333374023438,5ee6bf135217dc209d4393e338d2e7db53f58a29201af310a90ed5401728986d
control,r2,loot-crate,154009,2,50,0.04,0,400,0,0.6563067436218258,3.2851696014404297,c580789c108633e55cb560155f72bf759952f94971e31db689c139fa0cbdafee,True,0.13116598129272458,0.30422210693359375,c580789c108633e55cb560155f72bf759952f94971e31db689c139fa0cbdafee
control,r2,loot-crate,154010,11,50,0.22,0,400,0,1.0259151458740234,4.103899002075195,b46927ca6b58a68b0ff4d629e2b9205653c8275008b2369255e480495739eaf2,True,0.19737482070922832,0.5230903625488281,b46927ca6b58a68b0ff4d629e2b9205653c8275008b2369255e480495739eaf2
control,r2,loot-crate,154011,4,50,0.08,0,400,0,0.13592243194580075,0.3237724304199219,7c1b2ef918a7ccbc0c0ea4958dd53f86cbf7c310316974942a2ea1073e9e8249,True,0.1149654388427734,0.247955322265625,7c1b2ef918a7ccbc0c0ea4958dd53f86cbf7c310316974942a2ea1073e9e8249
control,r2,loot-crate,154012,5,50,0.1,0,400,0,0.12615919113159177,0.3070831298828125,16ea794c5647e358726c999721ae9a317085c2cd3ab85b514b89a4de91950dc4,True,0.1700878143310546,0.5292892456054688,16ea794c5647e358726c999721ae9a317085c2cd3ab85b514b89a4de91950dc4
control,r2,loot-crate,154013,14,50,0.28,0,400,0,0.26297569274902344,0.7319450378417969,404a9ad1e70bdbeb2906aa9deaa6588db38f507797b894abca52c2c5ed6904a0,True,0.22698640823364258,0.26607513427734375,404a9ad1e70bdbeb2906aa9deaa6588db38f507797b894abca52c2c5ed6904a0
control,r2,loot-crate,154014,9,50,0.18,0,400,0,0.17216205596923803,1.589059829711914,16e94fa963c0de23eba6228f72f99f531eb8220f9eff7c88da0c65920da9d1d8,True,0.14387369155883778,0.31304359436035156,16e94fa963c0de23eba6228f72f99f531eb8220f9eff7c88da0c65920da9d1d8
control,r2,loot-crate,154015,1,50,0.02,0,400,0,0.11494159698486325,0.6630420684814453,8c16d443e63c07bb7b87e1c4bda2245d58a3e06fdce8e0e7e1f6926fe4792ceb,True,0.10373592376708982,0.4279613494873047,8c16d443e63c07bb7b87e1c4bda2245d58a3e06fdce8e0e7e1f6926fe4792ceb
control,r2,loot-crate,154016,8,50,0.16,0,400,0,0.19426345825195296,0.5099773406982422,07cadb95ebf03cd66c1c093a49f57b4e918db03965ad929a09a4f92245fa5f9d,True,0.1960396766662597,0.42891502380371094,07cadb95ebf03cd66c1c093a49f57b4e918db03965ad929a09a4f92245fa5f9d
control,r2,loot-crate,154017,2,50,0.04,0,400,0,0.15028715133666984,0.49185752868652344,fd4fe13c5d084c3b889391334a97598ae05a09f005acca6d592c31eebbe4a5ee,True,0.15929937362670896,0.614166259765625,fd4fe13c5d084c3b889391334a97598ae05a09f005acca6d592c31eebbe4a5ee
control,r2,loot-crate,154018,11,50,0.22,1,145,0,0.3863334655761713,1.0318756103515625,dba701b5164a0d0b225fd7b6d5598957ce63a9d761858ffa26437bce6eac5749,True,0.5095481872558587,1.8570423126220703,dba701b5164a0d0b225fd7b6d5598957ce63a9d761858ffa26437bce6eac5749
control,r2,loot-crate,154019,6,50,0.12,0,400,0,0.20433664321899392,0.9500980377197266,2bf179305fc9ad484dab3ad2d15f6446f3b51c8b0eeeb865408807789822f1fd,True,0.19831657409667952,0.8077621459960938,2bf179305fc9ad484dab3ad2d15f6446f3b51c8b0eeeb865408807789822f1fd
control,r2,loot-crate,154020,6,50,0.12,0,400,0,0.3127098083496086,0.9012222290039062,590d983384686100af5417d9aa07f045e98cc30ecb6d3f81663ed9e58bca127c,True,0.178241729736328,0.3757476806640625,590d983384686100af5417d9aa07f045e98cc30ecb6d3f81663ed9e58bca127c
control,r2,loot-crate,154021,0,50,0.0,0,400,0,0.15445947647094707,0.48995018005371094,546b770e4a6280963f551d9d06db65688761f55c0c37ff0c3e567c33ff8d06c6,True,0.12435913085937488,0.34308433532714844,546b770e4a6280963f551d9d06db65688761f55c0c37ff0c3e567c33ff8d06c6
control,r2,loot-crate,154022,1,50,0.02,0,400,0,0.21913051605224584,1.4140605926513672,618adfbfd4a4deb2dc3db1d3d6187f2fc842590a99850e2d3822d49a65432e84,True,0.16052722930908153,1.3890266418457031,618adfbfd4a4deb2dc3db1d3d6187f2fc842590a99850e2d3822d49a65432e84
control,r2,loot-crate,154023,8,50,0.16,1,148,0,0.6855010986328128,2.7959346771240234,a931bc9fea0200a295ac171dd3cade67ede4856a07399fd1fcbf065d5c07719d,True,0.19084215164184573,1.9021034240722656,a931bc9fea0200a295ac171dd3cade67ede4856a07399fd1fcbf065d5c07719d
control,r2,loot-crate,154024,1,50,0.02,0,400,0,0.2019882202148437,0.9541511535644531,4c5f22c5afb9ec7b8336f1886a29729d0708d46937b0553bfe00f74cb28b13dc,True,0.1547932624816894,0.2980232238769531,4c5f22c5afb9ec7b8336f1886a29729d0708d46937b0553bfe00f74cb28b13dc
control,r2,loot-crate,154025,11,50,0.22,0,400,0,0.25825500488281244,0.6160736083984375,d563c3f976872ac466e96e5f62d6e4c097a569420eb0958e6e594a4ca4aa6032,True,0.23039579391479484,0.6000995635986328,d563c3f976872ac466e96e5f62d6e4c097a569420eb0958e6e594a4ca4aa6032
control,r2,loot-crate,154026,3,50,0.06,0,400,0,0.2494454383850095,0.84686279296875,31dfa3fbbc95fb798824db1c55475074db57c3fb207dcb1787410b42239c2f29,True,0.17920732498168931,0.6921291351318359,31dfa3fbbc95fb798824db1c55475074db57c3fb207dcb1787410b42239c2f29
control,r2,loot-crate,154027,0,50,0.0,0,400,0,0.19640922546386702,0.8389949798583984,e5afc17d2a1bb8534b68b61f433b074c34204533a36f3787578a377267eb09f4,True,0.1378178596496582,0.3669261932373047,e5afc17d2a1bb8534b68b61f433b074c34204533a36f3787578a377267eb09f4
control,r2,loot-crate,154028,5,50,0.1,0,400,0,0.32489299774169905,1.5869140625,86ddf57dfbd64282ecb25e4e200da7b6dd2a2465ac45e2000aee1a26a3048bc5,True,0.20723342895507807,0.5860328674316406,86ddf57dfbd64282ecb25e4e200da7b6dd2a2465ac45e2000aee1a26a3048bc5
control,r2,loot-crate,154029,13,50,0.26,1,235,0,0.30159950256347634,0.6058216094970703,1db41034243c769fcec3c39c2c1696cb20a4cda284ac6abca1440664357dec31,True,0.3510236740112302,2.115011215209961,1db41034243c769fcec3c39c2c1696cb20a4cda284ac6abca1440664357dec31
control,r2,loot-crate,154030,11,50,0.22,0,400,0,0.23326873779296867,0.7169246673583984,7cdaa1a69589eaa6ed638bced99937c063d32ee5dcdc35fa8564d17f60a62e6c,True,0.1883029937744139,0.8988380432128906,7cdaa1a69589eaa6ed638bced99937c063d32ee5dcdc35fa8564d17f60a62e6c
control,r2,loot-crate,154031,6,50,0.12,0,400,0,0.16913414001464835,0.5650520324707031,0c65d49c8207abce1693def3f7af30962c5f0f25fa3c005a01cd6ea47df3896d,True,0.20127296447753792,0.5137920379638672,0c65d49c8207abce1693def3f7af30962c5f0f25fa3c005a01cd6ea47df3896d
control,r2,loot-crate,154032,13,50,0.26,1,119,0,0.17125606536865232,0.2720355987548828,ec463455b73b933cac19d090ff789d9d25fb0d946c99088d51f0b78d599980f2,True,0.5565166473388672,2.0570755004882812,ec463455b73b933cac19d090ff789d9d25fb0d946c99088d51f0b78d599980f2
control,r2,loot-crate,154033,6,50,0.12,0,400,0,0.2219676971435547,0.6339550018310547,5d41d360d8cd8d81da29ddf06d8c02a5684145385b7d66243e35c8495465b956,True,0.7580399513244628,3.350973129272461,5d41d360d8cd8d81da29ddf06d8c02a5684145385b7d66243e35c8495465b956
control,r2,loot-crate,154034,2,50,0.04,0,400,0,0.32793283462524403,1.1219978332519531,d1d8b827f1ebb5da70f6337958e66175130cc7ef92655cd56f9bb093ddbad0b4,True,0.35326480865478477,1.0459423065185547,d1d8b827f1ebb5da70f6337958e66175130cc7ef92655cd56f9bb093ddbad0b4
control,r2,loot-crate,154035,10,50,0.2,1,165,0,0.2887725830078125,0.7798671722412109,3777101f038c435efc9211348b695b8f0e500dcf6e2e5af1fef93da0935abe03,True,0.2950668334960935,0.9789466857910156,3777101f038c435efc9211348b695b8f0e500dcf6e2e5af1fef93da0935abe03
control,r2,loot-crate,154036,2,50,0.04,0,400,0,0.24439096450805642,1.9698143005371094,e6ec88998c60f70460be1a80d381634600ba1421ec524428042b7862a2148e9c,True,0.14905929565429682,0.29015541076660156,e6ec88998c60f70460be1a80d381634600ba1421ec524428042b7862a2148e9c
control,r2,loot-crate,154037,2,50,0.04,0,400,0,0.6005525588989253,2.6519298553466797,bd7f080b29b4314805b1fb373bc34c0b418a443fce467b66465cd46b23de2102,True,0.20791292190551758,0.6232261657714844,bd7f080b29b4314805b1fb373bc34c0b418a443fce467b66465cd46b23de2102
control,r2,loot-crate,154038,15,50,0.3,0,400,0,0.4813671112060536,0.8821487426757812,0d493064db2227035e3c780cd390688eae6e87bf3e29cb918e2abc17e69dc781,True,0.22879838943481431,0.5869865417480469,0d493064db2227035e3c780cd390688eae6e87bf3e29cb918e2abc17e69dc781
control,r2,loot-crate,154039,14,50,0.28,0,400,0,0.25392770767211914,0.8590221405029297,29a3f38dc7c2929c6af1f7aaefc7be66cc52907fe5bc3e0f46d6ad854b9f183d,True,0.46259164810180614,1.13677978515625,29a3f38dc7c2929c6af1f7aaefc7be66cc52907fe5bc3e0f46d6ad854b9f183d
control,r2,loot-crate,154040,11,50,0.22,1,102,1,0.16262531280517567,0.3380775451660156,09644ee574e1cd9db2637e7c07717a33a548004aa04c1e0fc13255baf320c70a,True,0.4671216011047361,1.4369487762451172,09644ee574e1cd9db2637e7c07717a33a548004aa04c1e0fc13255baf320c70a
control,r3,classic,152001,1,9,0.1111111111111111,0,400,0,0.2909302711486816,1.280069351196289,8036500cc903358a12a6b9ab0f7e1e55207fbc32c34402b20aaa6a58e1376c50,True,0.1459598541259765,0.44417381286621094,8036500cc903358a12a6b9ab0f7e1e55207fbc32c34402b20aaa6a58e1376c50
control,r3,classic,152002,0,9,0.0,0,400,0,0.21377801895141543,1.5180110931396484,3a667193facfe82b53da8a1576837142ea2efe47d01f3aa754dfd905fbac0383,True,0.14122724533081046,0.3597736358642578,3a667193facfe82b53da8a1576837142ea2efe47d01f3aa754dfd905fbac0383
control,r3,classic,152003,7,9,0.7777777777777778,0,400,0,0.8170127868652325,2.9518604278564453,9291c04a44c7f1d93127782c48accc2d20facc1f4c5d0141c27c5e6e4f3002a4,True,0.22044181823730455,0.4837512969970703,9291c04a44c7f1d93127782c48accc2d20facc1f4c5d0141c27c5e6e4f3002a4
control,r3,classic,152004,3,9,0.3333333333333333,0,400,0,0.9292602539062499,4.509925842285156,6d17323aa86a2020552cf474f471ce8c0d10e6527e1ce4a9f8587b1de8618e8b,True,0.22870302200317333,0.6589889526367188,6d17323aa86a2020552cf474f471ce8c0d10e6527e1ce4a9f8587b1de8618e8b
control,r3,classic,152005,1,9,0.1111111111111111,0,400,0,0.19527673721313454,2.3021697998046875,580160c2ac917afd03778c78a1f4f6fdc76a90ea9085c0d64ad1f9e2e54a2e98,True,0.4302501678466796,0.9748935699462891,580160c2ac917afd03778c78a1f4f6fdc76a90ea9085c0d64ad1f9e2e54a2e98
control,r3,classic,152006,3,9,0.3333333333333333,0,400,0,0.21938085556030226,1.850128173828125,6d788f7eda428441631cbb6baca093a628541bdd30cc772574a5a4e3a65d26fa,True,0.4731178283691405,1.0120868682861328,6d788f7eda428441631cbb6baca093a628541bdd30cc772574a5a4e3a65d26fa
control,r3,classic,152007,1,9,0.1111111111111111,1,59,0,0.2969264984130859,0.5550384521484375,f5103fcd1e177e6c0dca2f496edce8d7b43b1983c793705d462ec9731de1f065,True,0.2246618270874021,0.45800209045410156,f5103fcd1e177e6c0dca2f496edce8d7b43b1983c793705d462ec9731de1f065
control,r3,classic,152008,0,9,0.0,0,400,0,0.18715858459472656,0.5168914794921875,65d530efe34d8d8bc1f3c0de3b5e6d229ccf539443a175d7843894e78b0c6aad,True,0.14123916625976554,0.3829002380371094,65d530efe34d8d8bc1f3c0de3b5e6d229ccf539443a175d7843894e78b0c6aad
control,r3,classic,152009,0,9,0.0,0,400,0,0.1660466194152831,0.7321834564208984,caa0b37960d4db0de174947836cd649cb676a45c62e318824ed0956af5df050c,True,0.14282464981079102,0.4627704620361328,caa0b37960d4db0de174947836cd649cb676a45c62e318824ed0956af5df050c
control,r3,classic,152010,0,9,0.0,0,400,0,0.14387369155883778,0.7920265197753906,caa0b37960d4db0de174947836cd649cb676a45c62e318824ed0956af5df050c,True,0.14483928680419866,0.6079673767089844,caa0b37960d4db0de174947836cd649cb676a45c62e318824ed0956af5df050c
control,r3,classic,152011,0,9,0.0,0,400,0,0.1239776611328125,0.28896331787109375,caa0b37960d4db0de174947836cd649cb676a45c62e318824ed0956af5df050c,True,0.19197463989257807,1.1410713195800781,caa0b37960d4db0de174947836cd649cb676a45c62e318824ed0956af5df050c
control,r3,classic,152012,2,9,0.2222222222222222,0,400,0,0.5814194679260251,1.4140605926513672,6010519611066f8620d915a2d3bbfe3ad8c8bbe19272fb8ca4b9f09055a4d178,True,0.22522211074829088,0.7417201995849609,6010519611066f8620d915a2d3bbfe3ad8c8bbe19272fb8ca4b9f09055a4d178
control,r3,classic,152013,2,9,0.2222222222222222,0,400,0,0.42384862899780107,0.8687973022460938,ce810267d29e8b91aa4969fde445554d6b85d577c2c56001e89f76bcc792c615,True,0.18597841262817383,0.4971027374267578,ce810267d29e8b91aa4969fde445554d6b85d577c2c56001e89f76bcc792c615
control,r3,classic,152014,2,9,0.2222222222222222,0,400,0,0.16400814056396465,0.7159709930419922,0323c17aa50fac9da143e5e93dbe6b4dad98aec3f187c7e68042f3ada07c18f3,True,0.17488002777099598,0.3528594970703125,0323c17aa50fac9da143e5e93dbe6b4dad98aec3f187c7e68042f3ada07c18f3
control,r3,classic,152015,0,9,0.0,0,400,0,0.13499259948730463,0.7107257843017578,caa0b37960d4db0de174947836cd649cb676a45c62e318824ed0956af5df050c,True,0.14592409133911133,0.2932548522949219,caa0b37960d4db0de174947836cd649cb676a45c62e318824ed0956af5df050c
control,r3,classic,152016,1,9,0.1111111111111111,0,400,0,0.16617774963378906,0.5030632019042969,270940294d04de49e32e6423fb87dfe0395f348dea506d2908155c22b88f6999,True,0.18762350082397397,0.47206878662109375,270940294d04de49e32e6423fb87dfe0395f348dea506d2908155c22b88f6999
control,r3,classic,152017,6,9,0.6666666666666666,0,400,0,0.15102624893188465,0.4730224609375,9b3fa4fe48d4c79186356203b981d215ea76265470bf8f93cd01c25b80865dee,True,0.17882585525512695,0.6368160247802734,9b3fa4fe48d4c79186356203b981d215ea76265470bf8f93cd01c25b80865dee
control,r3,classic,152018,2,9,0.2222222222222222,0,400,0,0.13027191162109367,0.4248619079589844,b16a2be887be7665bfff4d1ef96ca0484c9ea39cbcf67044fa5966d1849a2afc,True,0.17488002777099598,0.7500648498535156,b16a2be887be7665bfff4d1ef96ca0484c9ea39cbcf67044fa5966d1849a2afc
control,r3,classic,152019,1,9,0.1111111111111111,0,400,0,0.20896196365356434,1.0449886322021484,5657bac734f307354ab7043142f42ab0d34a80041ffcc76bd29b4153e54817ec,True,0.2368092536926269,0.659942626953125,5657bac734f307354ab7043142f42ab0d34a80041ffcc76bd29b4153e54817ec
control,r3,classic,152020,1,9,0.1111111111111111,0,400,0,0.42935609817504866,1.1899471282958984,ff65a9f2f52a7f7a9839709a32eea0b5cd11637d6d035cb3498886acc3d0dcef,True,0.5356073379516596,2.1889209747314453,ff65a9f2f52a7f7a9839709a32eea0b5cd11637d6d035cb3498886acc3d0dcef
control,r3,classic,152021,0,9,0.0,0,400,0,0.5360126495361328,1.1699199676513672,3a667193facfe82b53da8a1576837142ea2efe47d01f3aa754dfd905fbac0383,True,0.4913806915283201,1.7528533935546875,3a667193facfe82b53da8a1576837142ea2efe47d01f3aa754dfd905fbac0383
control,r3,classic,152022,5,9,0.5555555555555556,0,400,0,0.22484064102172852,0.43082237243652344,67e02b43441106446663b391d47fd6509edf22588b47d62ec73b59d6c93cace9,True,0.22983551025390625,0.6201267242431641,67e02b43441106446663b391d47fd6509edf22588b47d62ec73b59d6c93cace9
control,r3,classic,152023,0,9,0.0,0,400,0,0.1621246337890625,0.4291534423828125,41f7ff8f53baec19aae6fd6df6279b07809c1d13b6cc693cb1c5a89e10e0402c,True,0.14022588729858396,0.2980232238769531,41f7ff8f53baec19aae6fd6df6279b07809c1d13b6cc693cb1c5a89e10e0402c
control,r3,classic,152024,1,9,0.1111111111111111,0,400,0,0.12689828872680659,0.9899139404296875,df6bc67742b2c9e3b95468b9a575a0b49398b70571993839bd243025d0f253f6,True,0.15784502029418945,0.34809112548828125,df6bc67742b2c9e3b95468b9a575a0b49398b70571993839bd243025d0f253f6
control,r3,classic,152025,2,9,0.2222222222222222,0,400,0,0.14591217041015625,0.36406517028808594,e2dd6271bac9b4c1e4b5296d6c6780e690569fb678caacdbbe24ad968094999c,True,0.16690492630004883,0.49614906311035156,e2dd6271bac9b4c1e4b5296d6c6780e690569fb678caacdbbe24ad968094999c
control,r3,classic,152026,1,9,0.1111111111111111,1,56,0,0.2117156982421875,0.3037452697753906,9c69822f6696569f25a83dcb5561cdec2252d6122073f8592829108bb04b6c9d,True,0.3135204315185547,0.4279613494873047,9c69822f6696569f25a83dcb5561cdec2252d6122073f8592829108bb04b6c9d
control,r3,classic,152027,0,9,0.0,0,400,0,0.18402338027954082,0.5888938903808594,8504960061ec818acca6b1c5b95c3a076106f6e12d662a4db4f124bb82bf5ccb,True,0.2781391143798827,1.2080669403076172,8504960061ec818acca6b1c5b95c3a076106f6e12d662a4db4f124bb82bf5ccb
control,r3,classic,152028,0,9,0.0,0,400,0,0.15120506286621088,0.49304962158203125,67ebd86e15d03c29e7af6de9425492a4b1e68d79e66474cdf375ce99a9587bf9,True,0.18510818481445304,0.5481243133544922,67ebd86e15d03c29e7af6de9425492a4b1e68d79e66474cdf375ce99a9587bf9
control,r3,classic,152029,0,9,0.0,0,400,0,0.35250186920165877,0.9627342224121094,b818eee3140f7052473a87b5fccf691213b0f75609d8da73cfe7adb0286189f5,True,0.18993616104125963,1.0380744934082031,b818eee3140f7052473a87b5fccf691213b0f75609d8da73cfe7adb0286189f5
control,r3,classic,152030,1,9,0.1111111111111111,0,400,0,0.1625657081604,0.5888938903808594,3cd10db8bcb2354e992bb1723868e4a51ba89330565f53c3d4da81bb95831867,True,0.1748204231262202,0.7419586181640625,3cd10db8bcb2354e992bb1723868e4a51ba89330565f53c3d4da81bb95831867
control,r3,classic,152031,0,9,0.0,0,400,0,0.14523267745971677,0.3960132598876953,3a667193facfe82b53da8a1576837142ea2efe47d01f3aa754dfd905fbac0383,True,0.15439987182617174,0.6589889526367188,3a667193facfe82b53da8a1576837142ea2efe47d01f3aa754dfd905fbac0383
control,r3,classic,152032,0,9,0.0,0,400,0,0.13066530227661133,0.2639293670654297,394903861f5a132e8dfe2aa327649b42cdf8e8d6e92d332261bb2c21a69454d7,True,0.1338124275207519,0.30684471130371094,394903861f5a132e8dfe2aa327649b42cdf8e8d6e92d332261bb2c21a69454d7
control,r3,classic,152033,0,9,0.0,0,400,0,0.17609596252441392,0.4019737243652344,5ca730c828771c1c43043c018e377af9c72b51ee3ffaf3982ab864ec359e30c5,True,0.16595125198364258,0.5872249603271484,5ca730c828771c1c43043c018e377af9c72b51ee3ffaf3982ab864ec359e30c5
control,r3,classic,152034,0,9,0.0,0,400,0,0.19412040710449213,0.6499290466308594,e1d954bc56699db06ab5150f79d044cd0958a96aa385a890d79c9ba705f490d9,True,0.689089298248291,3.1270980834960938,e1d954bc56699db06ab5150f79d044cd0958a96aa385a890d79c9ba705f490d9
control,r3,classic,152035,5,9,0.5555555555555556,0,400,0,0.2321362495422362,0.5171298980712891,85ecda84344f0660fe83c17d6929b6bdbd54701fba03f5e93cc0eb5a3499c87b,True,0.4673242568969722,2.5849342346191406,85ecda84344f0660fe83c17d6929b6bdbd54701fba03f5e93cc0eb5a3499c87b
control,r3,classic,152036,0,9,0.0,0,400,0,0.19800662994384755,0.45108795166015625,05faeb968f746eb90e949481731dcee38a35a29499f1a5bd3deaa38c7527882e,True,0.20009279251098627,0.5178451538085938,05faeb968f746eb90e949481731dcee38a35a29499f1a5bd3deaa38c7527882e
control,r3,classic,152037,0,9,0.0,0,400,0,0.42108297348022455,1.2760162353515625,063e3db24e161367da4981fc995ac10da5193fe6c8044ca739a5f74dbff907da,True,0.13633966445922832,0.6148815155029297,063e3db24e161367da4981fc995ac10da5193fe6c8044ca739a5f74dbff907da
control,r3,classic,152038,0,9,0.0,0,400,0,0.3669500350952142,1.1072158813476562,caa0b37960d4db0de174947836cd649cb676a45c62e318824ed0956af5df050c,True,0.14281272888183594,0.3170967102050781,caa0b37960d4db0de174947836cd649cb676a45c62e318824ed0956af5df050c
control,r3,classic,152039,1,9,0.1111111111111111,0,400,0,0.31824111938476546,0.8380413055419922,9d46140fc18e987001bf99b9971f7fba1d289b45750ee7060e3feaf9425dd669,True,0.18287897109985352,0.3669261932373047,9d46140fc18e987001bf99b9971f7fba1d289b45750ee7060e3feaf9425dd669
control,r3,classic,152040,4,9,0.4444444444444444,0,400,0,0.18968582153320235,0.6470680236816406,7fee8c02114b16c5db9277b1d2190419d06ea00814785f8af11e96979d76e7c5,True,0.1769661903381347,0.7748603820800781,7fee8c02114b16c5db9277b1d2190419d06ea00814785f8af11e96979d76e7c5
control,r3,coin-heaven,153001,50,50,1.0,0,135,0,0.31485557556152344,0.3390312194824219,8aa810716351ba0d922f1c76bc947adf3cf37f12c227061c83640a12c11d20e4,True,0.42283535003662104,1.2819766998291016,8aa810716351ba0d922f1c76bc947adf3cf37f12c227061c83640a12c11d20e4
control,r3,coin-heaven,153002,50,50,1.0,0,123,0,0.3429889678955078,0.8893013000488281,be7113133231c6560c37b1580d8b10f50c4c0ce0a9b5e00aa1835ba9b48efb66,True,0.18064975738525388,0.3948211669921875,be7113133231c6560c37b1580d8b10f50c4c0ce0a9b5e00aa1835ba9b48efb66
control,r3,coin-heaven,153003,50,50,1.0,0,134,0,0.30535459518432617,0.5028247833251953,40ad04d6007c0653db2a6fdbf886c8ee62a030cfb043d53e3c63f8e33768e57a,True,0.18182992935180656,0.30517578125,40ad04d6007c0653db2a6fdbf886c8ee62a030cfb043d53e3c63f8e33768e57a
control,r3,coin-heaven,153004,50,50,1.0,0,121,0,0.35309791564941406,0.80108642578125,dfbd350d502432b62a4b724eb82f8ac637074cac15f2f06a00b063cd53b18bc2,True,0.22101402282714844,0.3120899200439453,dfbd350d502432b62a4b724eb82f8ac637074cac15f2f06a00b063cd53b18bc2
control,r3,coin-heaven,153005,50,50,1.0,0,130,0,0.26776790618896484,0.5917549133300781,89e94552d14420c339f10b7d65081130c29402ad4bafbebc6e78a63a0106eb76,True,0.2428174018859863,0.4718303680419922,89e94552d14420c339f10b7d65081130c29402ad4bafbebc6e78a63a0106eb76
control,r3,coin-heaven,153006,50,50,1.0,0,121,0,0.11205673217773438,0.21076202392578125,63843846a1c8fe769f05dbef1f1d682f18fcb93ef10392f1da0224dbe7524bd7,True,0.2460479736328125,0.4889965057373047,63843846a1c8fe769f05dbef1f1d682f18fcb93ef10392f1da0224dbe7524bd7
control,r3,coin-heaven,153007,50,50,1.0,0,121,0,0.3788471221923828,0.7021427154541016,6101122c300131771c0f217c40a41bc0b5bf0b5d22c48cd6c61aaf153099ddc8,True,0.2760887145996094,1.1868476867675781,6101122c300131771c0f217c40a41bc0b5bf0b5d22c48cd6c61aaf153099ddc8
control,r3,coin-heaven,153008,50,50,1.0,0,135,0,0.3367900848388672,0.9529590606689453,d10a97756858564f931275ade27a438140fcbd8af70b125c25d7f2a2a64735a1,True,0.2776145935058594,0.31185150146484375,d10a97756858564f931275ade27a438140fcbd8af70b125c25d7f2a2a64735a1
control,r3,coin-heaven,153009,50,50,1.0,0,114,0,0.1363039016723632,0.26917457580566406,58fe8f688249f6db49e2e1890eb32b937da5e6d1b39a4a874f5e92b379d00ebd,True,0.24673938751220673,0.5259513854980469,58fe8f688249f6db49e2e1890eb32b937da5e6d1b39a4a874f5e92b379d00ebd
control,r3,coin-heaven,153010,50,50,1.0,0,119,0,0.23651123046874997,0.3380775451660156,4413235a3f7c9fb2d8df22dea8dfdaf3d911e853c095b07e01e966f39a1cc5e8,True,0.2903699874877929,1.5339851379394531,4413235a3f7c9fb2d8df22dea8dfdaf3d911e853c095b07e01e966f39a1cc5e8
control,r3,coin-heaven,153011,50,50,1.0,0,123,0,0.8938789367675779,1.4929771423339844,620050718b433bd1e6082dcadecb482207c504f35b2335a59275cfddb53244cb,True,0.23374557495117185,0.2880096435546875,620050718b433bd1e6082dcadecb482207c504f35b2335a59275cfddb53244cb
control,r3,coin-heaven,153012,50,50,1.0,0,134,0,0.494694709777832,1.0478496551513672,bcbd023ff8f415b1656635f3fad68d664eb129bd93d39dd3ce68d0896370d447,True,0.27282238006591786,0.6279945373535156,bcbd023ff8f415b1656635f3fad68d664eb129bd93d39dd3ce68d0896370d447
control,r3,coin-heaven,153013,50,50,1.0,0,131,0,1.1099576950073242,5.201816558837891,d6106b7e7cc45e17ccf06f2c89999f5d0621b46c7e35783258345da7eda1ba46,True,0.28443336486816406,1.2691020965576172,d6106b7e7cc45e17ccf06f2c89999f5d0621b46c7e35783258345da7eda1ba46
control,r3,coin-heaven,153014,50,50,1.0,0,121,0,0.19097328186035156,0.4220008850097656,c0bc21ac5b9f4bd368be120a00678494c9f615311cf81c99163fed39d8541852,True,0.1881122589111328,0.3020763397216797,c0bc21ac5b9f4bd368be120a00678494c9f615311cf81c99163fed39d8541852
control,r3,coin-heaven,153015,50,50,1.0,0,142,0,0.29213428497314436,0.5850791931152344,0cfa5f2250df685bb933b309e32d7ec1dfa00f5166e75ad55400dc75522a4b81,True,0.27902126312255837,0.45800209045410156,0cfa5f2250df685bb933b309e32d7ec1dfa00f5166e75ad55400dc75522a4b81
control,r3,coin-heaven,153016,50,50,1.0,0,125,0,0.17724037170410153,0.2841949462890625,dc660f3c586311dc6cd4b8623b712a377fd53daf9f5fb988affb86029fc8533a,True,0.19249916076660153,0.28204917907714844,dc660f3c586311dc6cd4b8623b712a377fd53daf9f5fb988affb86029fc8533a
control,r3,coin-heaven,153017,50,50,1.0,0,124,0,0.1379251480102539,0.39196014404296875,f5e84cfa4deae7aaf5266b43d0be1120202e7ab892efc6773af9daf31d9e22aa,True,0.21568536758422852,2.6140213012695312,f5e84cfa4deae7aaf5266b43d0be1120202e7ab892efc6773af9daf31d9e22aa
control,r3,coin-heaven,153018,50,50,1.0,0,123,0,0.16851425170898435,0.4260540008544922,b6cffae3ab5e6298cb51ab7b564dd13920abdd96d8d3edfd611d52d00fbb395c,True,0.18568038940429685,0.4730224609375,b6cffae3ab5e6298cb51ab7b564dd13920abdd96d8d3edfd611d52d00fbb395c
control,r3,coin-heaven,153019,50,50,1.0,0,130,0,0.14814138412475586,0.2582073211669922,091ab783f3c31400dab10e7cb85054f4aa2a29c7badda9cf79e308c933cd0237,True,0.15325546264648438,0.41484832763671875,091ab783f3c31400dab10e7cb85054f4aa2a29c7badda9cf79e308c933cd0237
control,r3,coin-heaven,153020,50,50,1.0,0,128,0,0.15463829040527344,0.22673606872558594,0ba8692c1465b000f072b56d174fe04893c89b15c75fb8ed83a5c63851ed6daf,True,0.21365880966186512,0.3230571746826172,0ba8692c1465b000f072b56d174fe04893c89b15c75fb8ed83a5c63851ed6daf
control,r3,coin-heaven,153021,50,50,1.0,0,129,0,0.15029907226562497,0.38504600524902344,28b8913d59f53f13c1c7ddababf92763f3a0574a76cef3e4d1630b22879fd88f,True,0.22382736206054685,0.7469654083251953,28b8913d59f53f13c1c7ddababf92763f3a0574a76cef3e4d1630b22879fd88f
control,r3,coin-heaven,153022,50,50,1.0,0,117,0,0.14739036560058583,0.3428459167480469,37d6cce83b067d684d6fc79393b145a0566598ab74ff91d5ed4b8d703b109ff4,True,0.22096633911132785,2.524137496948242,37d6cce83b067d684d6fc79393b145a0566598ab74ff91d5ed4b8d703b109ff4
control,r3,coin-heaven,153023,50,50,1.0,0,123,0,0.21688938140869132,0.5950927734375,6a68f9f04a5eda4c78296bde15fe3a223860cc15fefa76d3412fb65c8fcea3fa,True,0.3829717636108398,0.9398460388183594,6a68f9f04a5eda4c78296bde15fe3a223860cc15fefa76d3412fb65c8fcea3fa
control,r3,coin-heaven,153024,50,50,1.0,0,116,0,0.1418590545654297,0.23818016052246094,ef4d61c6b6f841ab38f12b51eefca3e7afdf374e7529dec530f309889a008617,True,0.19413232803344727,0.4432201385498047,ef4d61c6b6f841ab38f12b51eefca3e7afdf374e7529dec530f309889a008617
control,r3,coin-heaven,153025,50,50,1.0,0,134,0,0.19682645797729487,0.30493736267089844,8860a33c9075dfa66143ff079a356f292ddd487ca38d1c18bc4156a3518b0fe5,True,0.23016929626464835,0.30684471130371094,8860a33c9075dfa66143ff079a356f292ddd487ca38d1c18bc4156a3518b0fe5
control,r3,coin-heaven,153026,50,50,1.0,0,127,0,0.13248920440673823,0.2772808074951172,39c302dc5ec8684c6fd90db54018544741c04a65e832ac7ca7af150b3edd967c,True,0.14011859893798828,0.2970695495605469,39c302dc5ec8684c6fd90db54018544741c04a65e832ac7ca7af150b3edd967c
control,r3,coin-heaven,153027,50,50,1.0,0,105,0,0.14090538024902344,0.2739429473876953,f6ffa197fdaed8c9a47a40405631c73ecea6b84cfc41470a4a0cecd5bd499693,True,0.1867294311523437,0.30493736267089844,f6ffa197fdaed8c9a47a40405631c73ecea6b84cfc41470a4a0cecd5bd499693
control,r3,coin-heaven,153028,50,50,1.0,0,126,0,0.13399124145507812,0.26988983154296875,0f341c2060deb2207fa921ee2a18e6cd594eb82e0248433ebc292dd5f1ab5980,True,0.13703107833862305,0.2219676971435547,0f341c2060deb2207fa921ee2a18e6cd594eb82e0248433ebc292dd5f1ab5980
control,r3,coin-heaven,153029,50,50,1.0,0,136,0,0.18167495727539062,0.3771781921386719,5981dabddafbf0aae81b82c23a6e8ac27d60b7b3a5ab51d814b09c26162dff0e,True,0.2630949020385742,0.4830360412597656,5981dabddafbf0aae81b82c23a6e8ac27d60b7b3a5ab51d814b09c26162dff0e
control,r3,coin-heaven,153030,50,50,1.0,0,131,0,0.24390220642089844,0.36907196044921875,d8e47fc5915f0867113b49bc6127603f6735f861b8b2acec5f4e804ba3f29b03,True,0.2541542053222656,0.2727508544921875,d8e47fc5915f0867113b49bc6127603f6735f861b8b2acec5f4e804ba3f29b03
control,r3,coin-heaven,153031,50,50,1.0,0,111,0,0.1119375228881836,0.25391578674316406,c6c6a23ada9df90f3c9f1e39e4764312bf5a4d5037a417cb9be95b6bd701774d,True,0.10943412780761719,0.2620220184326172,c6c6a23ada9df90f3c9f1e39e4764312bf5a4d5037a417cb9be95b6bd701774d
control,r3,coin-heaven,153032,50,50,1.0,0,129,0,0.24776458740234372,0.5559921264648438,61921ba2f276f07617344fe1077a9c0950efe3eed643c85af407444cd8355f8f,True,0.24814605712890625,0.32901763916015625,61921ba2f276f07617344fe1077a9c0950efe3eed643c85af407444cd8355f8f
control,r3,coin-heaven,153033,50,50,1.0,0,131,0,0.29397010803222656,0.34308433532714844,a1a8e9604098ec5948d2d09172d7064dd7ecafa6425ed139b1385c0185174ea6,True,0.278472900390625,0.30994415283203125,a1a8e9604098ec5948d2d09172d7064dd7ecafa6425ed139b1385c0185174ea6
control,r3,coin-heaven,153034,50,50,1.0,0,121,0,0.15091896057128906,0.3647804260253906,0adfe0807f61e3e0def9b82014d2097e55143300b7fee21bd2f7b08634badc3d,True,0.1327991485595703,0.20003318786621094,0adfe0807f61e3e0def9b82014d2097e55143300b7fee21bd2f7b08634badc3d
control,r3,coin-heaven,153035,50,50,1.0,0,139,0,0.19254684448242185,0.2608299255371094,ef117b9c3535ad8c19f2e77ad130d796acf4052adf728d85b46c05ecebf45d76,True,0.17311573028564448,0.6089210510253906,ef117b9c3535ad8c19f2e77ad130d796acf4052adf728d85b46c05ecebf45d76
control,r3,coin-heaven,153036,50,50,1.0,0,120,0,0.14345645904541013,0.2460479736328125,dc64971b14bc3eebae0286de3ce40d676b12a4d1ad4610617b8589502e4c7c8c,True,0.1701951026916504,0.7121562957763672,dc64971b14bc3eebae0286de3ce40d676b12a4d1ad4610617b8589502e4c7c8c
control,r3,coin-heaven,153037,50,50,1.0,0,119,0,0.13360977172851557,0.2300739288330078,483557e615e7915bb2dd0f30686c6f109e21e46b5c464931c8840d0caee5e3bb,True,0.14824867248535156,0.1938343048095703,483557e615e7915bb2dd0f30686c6f109e21e46b5c464931c8840d0caee5e3bb
control,r3,coin-heaven,153038,50,50,1.0,0,112,0,0.18825531005859356,0.2930164337158203,2040c0ff6fc9c9fa58de2956dbdd41a8a7dabbb799bcead5db7bf97fb6fcb407,True,0.16899108886718728,0.2796649932861328,2040c0ff6fc9c9fa58de2956dbdd41a8a7dabbb799bcead5db7bf97fb6fcb407
control,r3,coin-heaven,153039,50,50,1.0,0,128,0,0.1998543739318847,0.2377033233642578,e9b3e99fe4fdbf5aa0017170cede539ccec592778c05690e346238068d2f826c,True,0.22364854812622062,0.3390312194824219,e9b3e99fe4fdbf5aa0017170cede539ccec592778c05690e346238068d2f826c
control,r3,coin-heaven,153040,50,50,1.0,0,121,0,0.27179718017578125,0.6139278411865234,4aec9ea637326955b0f4f7d8260c5dfed39834287df979ee07fe103359582fb3,True,0.18835067749023438,0.31113624572753906,4aec9ea637326955b0f4f7d8260c5dfed39834287df979ee07fe103359582fb3
control,r3,loot-crate,154001,17,50,0.34,0,400,0,0.18624067306518552,0.3612041473388672,923c5e808752c521a166d943e17ded92ce2479b018014900d754c1dbe17d5684,True,0.2062559127807617,0.9248256683349609,923c5e808752c521a166d943e17ded92ce2479b018014900d754c1dbe17d5684
control,r3,loot-crate,154002,9,50,0.18,0,400,0,0.15625953674316398,0.5030632019042969,f12046880be03cb947d84dfd52376b6d4b0a6ec6329bb905748a34216a213431,True,0.16499757766723633,0.6089210510253906,f12046880be03cb947d84dfd52376b6d4b0a6ec6329bb905748a34216a213431
control,r3,loot-crate,154003,13,50,0.26,0,400,0,0.21648406982421853,1.2028217315673828,bed6321f8605061e25cb732ee5e26bc08c3ebe992cc53a897cee5a49e8ed616d,True,0.20533800125122043,1.132965087890625,bed6321f8605061e25cb732ee5e26bc08c3ebe992cc53a897cee5a49e8ed616d
control,r3,loot-crate,154004,5,50,0.1,0,400,0,0.1738667488098144,0.5340576171875,79436ce73499e6d2fea063ce34fd89af106e50b79b4c3ba66e4114f45467e1bb,True,0.6520390510559072,2.1758079528808594,79436ce73499e6d2fea063ce34fd89af106e50b79b4c3ba66e4114f45467e1bb
control,r3,loot-crate,154005,2,50,0.04,0,400,0,0.15640258789062478,0.4448890686035156,c0da52061de2f48bf563c6a7310d1205f791dbd7cb01e7d7a105af971534b983,True,0.5710482597351065,2.2001266479492188,c0da52061de2f48bf563c6a7310d1205f791dbd7cb01e7d7a105af971534b983
control,r3,loot-crate,154006,3,50,0.06,0,400,0,0.15214681625366208,0.29206275939941406,743b9cd4a5b38dc6f2106b940de8002ef595632e588aa30e94547682bb02d6fd,True,0.14688968658447263,0.514984130859375,743b9cd4a5b38dc6f2106b940de8002ef595632e588aa30e94547682bb02d6fd
control,r3,loot-crate,154007,10,50,0.2,0,400,0,0.1380443572998047,0.3173351287841797,33537df28e4729966072603da65cd70f2e79861bf921f4c24b81f81e55fcb3dc,True,0.15406608581542963,0.5002021789550781,33537df28e4729966072603da65cd70f2e79861bf921f4c24b81f81e55fcb3dc
control,r3,loot-crate,154008,32,50,0.64,0,400,0,0.2031803131103515,0.33593177795410156,9acc342a80bbd2009535b94a789a7defdfb3d29222c8f916f05d11335e089b3f,True,0.2162814140319824,0.6160736083984375,9acc342a80bbd2009535b94a789a7defdfb3d29222c8f916f05d11335e089b3f
control,r3,loot-crate,154009,10,50,0.2,0,400,0,0.19483566284179682,0.41103363037109375,1414293a931d18c323df58ddbe08053179c1051c1feeddee7f7ef5e7215c54bd,True,0.18229484558105455,0.4100799560546875,1414293a931d18c323df58ddbe08053179c1051c1feeddee7f7ef5e7215c54bd
control,r3,loot-crate,154010,20,50,0.4,0,400,0,0.2480626106262206,1.6758441925048828,a6e3b7f1e02753148b5255f0fa6a031ae45a6bf8521e522bdc330446d37c5da0,True,0.2219676971435547,0.8840560913085938,a6e3b7f1e02753148b5255f0fa6a031ae45a6bf8521e522bdc330446d37c5da0
control,r3,loot-crate,154011,7,50,0.14,0,400,0,0.19502639770507812,0.9472370147705078,cc58ca25ade6995ca3494529b1774b031241753d5f70281093fb6fb44bb39202,True,0.14021396636962888,0.2498626708984375,cc58ca25ade6995ca3494529b1774b031241753d5f70281093fb6fb44bb39202
control,r3,loot-crate,154012,2,50,0.04,0,400,0,0.16623735427856418,0.5919933319091797,697c4e64d4f403e2d3f503d3a605bd6cf603aad8c2395055bf502ed0f6502bcf,True,0.1468658447265625,0.39768218994140625,697c4e64d4f403e2d3f503d3a605bd6cf603aad8c2395055bf502ed0f6502bcf
control,r3,loot-crate,154013,7,50,0.14,1,133,0,0.2439022064208982,0.48804283142089844,bd86f40cfc9e6a9c9063a08098abcad77dfb9ba42154932cb122d69a65c1afa4,True,0.2694129943847656,3.225088119506836,bd86f40cfc9e6a9c9063a08098abcad77dfb9ba42154932cb122d69a65c1afa4
control,r3,loot-crate,154014,13,50,0.26,1,210,0,0.24048089981079102,0.6000995635986328,c0015ec7b45ba7714cf1a3f99989a922d1c7f3daed569dd00a64f061e68998e3,True,0.21268129348754863,0.4718303680419922,c0015ec7b45ba7714cf1a3f99989a922d1c7f3daed569dd00a64f061e68998e3
control,r3,loot-crate,154015,13,50,0.26,1,181,1,0.2110004425048828,0.6520748138427734,54854407a51b8aa6c652589aae66641a5866ddf7fce5ce56edac2d1616f2b282,True,0.17118453979492188,0.3027915954589844,54854407a51b8aa6c652589aae66641a5866ddf7fce5ce56edac2d1616f2b282
control,r3,loot-crate,154016,3,50,0.06,0,400,0,0.21296739578247065,0.9207725524902344,9a51b2e365c4fea39adfe5ae130875cd6f278921a642358d0f6f70395082a8e9,True,0.16808509826660156,0.31304359436035156,9a51b2e365c4fea39adfe5ae130875cd6f278921a642358d0f6f70395082a8e9
control,r3,loot-crate,154017,0,50,0.0,0,400,0,0.12497901916503902,0.4830360412597656,3a667193facfe82b53da8a1576837142ea2efe47d01f3aa754dfd905fbac0383,True,0.1333594322204589,0.3311634063720703,3a667193facfe82b53da8a1576837142ea2efe47d01f3aa754dfd905fbac0383
control,r3,loot-crate,154018,0,50,0.0,0,400,0,0.145316123962402,0.5731582641601562,3a667193facfe82b53da8a1576837142ea2efe47d01f3aa754dfd905fbac0383,True,0.141143798828125,0.3108978271484375,3a667193facfe82b53da8a1576837142ea2efe47d01f3aa754dfd905fbac0383
control,r3,loot-crate,154019,0,50,0.0,0,400,0,0.17257928848266563,0.8890628814697266,caa0b37960d4db0de174947836cd649cb676a45c62e318824ed0956af5df050c,True,0.1352667808532714,0.3478527069091797,caa0b37960d4db0de174947836cd649cb676a45c62e318824ed0956af5df050c
control,r3,loot-crate,154020,15,50,0.3,0,400,0,0.3103733062744139,6.058931350708008,242f378da32468475eebc411fc835c2cbf7580a5531c7deafc94fdbf7161e44f,True,0.338912010192871,1.1868476867675781,242f378da32468475eebc411fc835c2cbf7580a5531c7deafc94fdbf7161e44f
control,r3,loot-crate,154021,7,50,0.14,1,120,1,0.3316521644592285,0.5562305450439453,7597430bcd2537d8995bd434782828757012a4cd507981dd7d8bf536ae91b90b,True,0.20035505294799805,0.34809112548828125,7597430bcd2537d8995bd434782828757012a4cd507981dd7d8bf536ae91b90b
control,r3,loot-crate,154022,2,50,0.04,0,400,0,0.22212266921997056,0.8130073547363281,d7b8f4bf9aaea50b8fec667e17028c84a5256298e5576db5c5664b14d34b525f,True,0.49577951431274403,1.4448165893554688,d7b8f4bf9aaea50b8fec667e17028c84a5256298e5576db5c5664b14d34b525f
control,r3,loot-crate,154023,22,50,0.44,0,400,0,0.2711772918701171,1.7919540405273438,95322a2c42763733fe59a3eec35951e4c298058fbc99716e6f04d5fb439d2cc6,True,0.5945086479187006,1.3377666473388672,95322a2c42763733fe59a3eec35951e4c298058fbc99716e6f04d5fb439d2cc6
control,r3,loot-crate,154024,6,50,0.12,0,400,0,0.14710426330566406,0.28204917907714844,66e24122287931ebe0b61f079aa4d85a4f6e20f95ec24ee8f1a2c9bd1d8f89e4,True,0.15907287597656244,0.2720355987548828,66e24122287931ebe0b61f079aa4d85a4f6e20f95ec24ee8f1a2c9bd1d8f89e4
control,r3,loot-crate,154025,1,50,0.02,0,400,0,0.1822471618652343,0.4951953887939453,ddd9d680327aa2fbcc1baa17ae84e1ffb8fb16270f16ba79b51fa0d360272dc9,True,0.13313293457031242,0.49114227294921875,ddd9d680327aa2fbcc1baa17ae84e1ffb8fb16270f16ba79b51fa0d360272dc9
control,r3,loot-crate,154026,10,50,0.2,0,400,0,0.8799910545349112,7.613897323608398,85661831685f34dbff3cd016a6c78fcc924a0713e8d710323724c745fb336dc5,True,0.20848512649536102,0.47397613525390625,85661831685f34dbff3cd016a6c78fcc924a0713e8d710323724c745fb336dc5
control,r3,loot-crate,154027,0,50,0.0,0,400,0,0.7211446762084953,2.2430419921875,3904425dbcef552dc91bce359729d883501fac9623ce07c757575de1c79c46de,True,0.16285181045532227,0.3368854522705078,3904425dbcef552dc91bce359729d883501fac9623ce07c757575de1c79c46de
control,r3,loot-crate,154028,3,50,0.06,0,400,0,0.1718759536743162,0.4496574401855469,17c91c51c36eba3798143d79186a0498242ebe1f8998d97f3beda657d3cbc41c,True,0.1763343811035155,0.4131793975830078,17c91c51c36eba3798143d79186a0498242ebe1f8998d97f3beda657d3cbc41c
control,r3,loot-crate,154029,8,50,0.16,0,400,0,0.1650333404541015,0.4439353942871094,138001c2041a9941b31e3a307a3c0b7b9ad23ad76ceb973927dbc8ea03aea49e,True,0.1520156860351561,0.3337860107421875,138001c2041a9941b31e3a307a3c0b7b9ad23ad76ceb973927dbc8ea03aea49e
control,r3,loot-crate,154030,30,50,0.6,0,400,0,0.3021597862243652,0.5240440368652344,85588b283fb0832f16e81302082e53cef5562aed968b4de41d07c26d7a2df523,True,0.2944827079772945,0.5221366882324219,85588b283fb0832f16e81302082e53cef5562aed968b4de41d07c26d7a2df523
control,r3,loot-crate,154031,0,50,0.0,1,55,0,0.20937919616699188,0.6589889526367188,a7956b2bd2a89d773e5dda5be277e3b35fd6cce4b8acc899628793f8ef9da6b9,True,1.0320901870727521,4.144906997680664,a7956b2bd2a89d773e5dda5be277e3b35fd6cce4b8acc899628793f8ef9da6b9
control,r3,loot-crate,154032,2,50,0.04,1,36,0,0.32466650009155273,0.3552436828613281,2ca2b4aef9df083217085e5cc66470902c1267f6cc47aba9ed97a489c78c582d,True,0.4850029945373535,0.5359649658203125,2ca2b4aef9df083217085e5cc66470902c1267f6cc47aba9ed97a489c78c582d
control,r3,loot-crate,154033,4,50,0.08,0,400,0,0.2010107040405271,0.5393028259277344,3d747d638a4dd3a2f330fe87adad37f3d5334d16377bd4e506bdc1866430e219,True,0.6300449371337881,3.803253173828125,3d747d638a4dd3a2f330fe87adad37f3d5334d16377bd4e506bdc1866430e219
control,r3,loot-crate,154034,27,50,0.54,0,400,0,0.2752542495727536,0.9708404541015625,a1aed977aa291f4e6f04a4312faffb5aef58972588933c101b906e45e688394d,True,0.22522211074829088,0.3299713134765625,a1aed977aa291f4e6f04a4312faffb5aef58972588933c101b906e45e688394d
control,r3,loot-crate,154035,21,50,0.42,0,400,0,0.2770900726318359,0.6930828094482422,ce8a22b56e4705f1f851efbdfca31d0bd81f0dfe109c43a71440352dba56b8cd,True,0.2741575241088865,1.1031627655029297,ce8a22b56e4705f1f851efbdfca31d0bd81f0dfe109c43a71440352dba56b8cd
control,r3,loot-crate,154036,7,50,0.14,0,400,0,0.44735670089721674,1.8601417541503906,b68f7a92e5ce0fb035017853cb6421f69aff98f0bb97bb76ccd46c374a38daf9,True,0.15907287597656244,0.40793418884277344,b68f7a92e5ce0fb035017853cb6421f69aff98f0bb97bb76ccd46c374a38daf9
control,r3,loot-crate,154037,29,50,0.58,0,400,1,0.37097930908203125,0.9920597076416016,b383fdbd976d5170438ad59939d677dc8ae00c25931f74bf1cf159e062c2da91,True,0.3942012786865233,1.3267993927001953,b383fdbd976d5170438ad59939d677dc8ae00c25931f74bf1cf159e062c2da91
control,r3,loot-crate,154038,6,50,0.12,0,400,0,0.1971721649169922,1.1067390441894531,8186b688f978339c602b2bb7a0d1525d669da1eee805f94f5f6bdfc6d9ab1d62,True,0.224161148071289,0.7679462432861328,8186b688f978339c602b2bb7a0d1525d669da1eee805f94f5f6bdfc6d9ab1d62
control,r3,loot-crate,154039,24,50,0.48,0,400,0,0.21960735321044877,0.8370876312255859,d3da6dcf4cae54ff409fa89bee2e22664277940f4de33b38ade57cac72143dbb,True,0.30540227890014604,1.7900466918945312,d3da6dcf4cae54ff409fa89bee2e22664277940f4de33b38ade57cac72143dbb
control,r3,loot-crate,154040,25,50,0.5,0,400,0,0.17627477645874015,0.9860992431640625,7cace43b2db9bb1ae0197b3d15348982c9ccb3ce9e20503dd1f732c361d344b0,True,0.2303361892700195,0.5409717559814453,7cace43b2db9bb1ae0197b3d15348982c9ccb3ce9e20503dd1f732c361d344b0
control,r4,classic,152001,1,9,0.1111111111111111,0,400,0,0.21715164184570296,0.6279945373535156,940f03a2ab65157df5364e7d61ad5d322c5353f6b1add9f0296047bde50069fe,True,0.18529891967773432,0.34689903259277344,940f03a2ab65157df5364e7d61ad5d322c5353f6b1add9f0296047bde50069fe
control,r4,classic,152002,0,9,0.0,0,400,0,0.15283823013305664,0.47707557678222656,1b34a8b6aa5e6204eb3f1968c03a30a33f669c38cf2b9bf704cf41a2c3dea1f9,True,0.15310049057006833,0.9729862213134766,1b34a8b6aa5e6204eb3f1968c03a30a33f669c38cf2b9bf704cf41a2c3dea1f9
control,r4,classic,152003,4,9,0.4444444444444444,0,400,0,0.20124912261962866,0.41604042053222656,421fdba04510c5f9d9c32fc68c0c5e15da85af692b5803150cea68ddb7b72e20,True,0.1900196075439453,0.308990478515625,421fdba04510c5f9d9c32fc68c0c5e15da85af692b5803150cea68ddb7b72e20
control,r4,classic,152004,5,9,0.5555555555555556,0,400,0,0.17925500869750957,0.5497932434082031,2c5465e41a807291ca8759a0d03ce5256d1884a6f3a59a169c21e483d4c88583,True,0.16479492187499994,0.4470348358154297,2c5465e41a807291ca8759a0d03ce5256d1884a6f3a59a169c21e483d4c88583
control,r4,classic,152005,2,9,0.2222222222222222,1,176,0,0.43517351150512695,1.7940998077392578,fb319318240297eea509f98cda6c6550b33920cc683cfdb23ad8c1ea27863fd1,True,0.16415119171142578,4.106998443603516,fb319318240297eea509f98cda6c6550b33920cc683cfdb23ad8c1ea27863fd1
control,r4,classic,152006,1,9,0.1111111111111111,1,98,0,0.39578676223754833,1.0120868682861328,e88f4323ee4f07eab4d6699276aa47073e7cb77c95ac8c103e6c40a1b7b0874c,True,0.2574801445007319,0.7810592651367188,e88f4323ee4f07eab4d6699276aa47073e7cb77c95ac8c103e6c40a1b7b0874c
control,r4,classic,152007,3,9,0.3333333333333333,0,400,0,0.16932487487792944,0.3600120544433594,f4ccb7db7b974fb0cbf9801ba85d1c4af65119a964d4cc6b2d314ea7ac7ab52a,True,0.15619993209838864,0.35691261291503906,f4ccb7db7b974fb0cbf9801ba85d1c4af65119a964d4cc6b2d314ea7ac7ab52a
control,r4,classic,152008,4,9,0.4444444444444444,0,400,0,0.16785860061645508,0.41294097900390625,2304505ee4fb9e62eef37e685548b7e6b332b1b8a8c58b24b54dddb2416aa116,True,0.144052505493164,0.28395652770996094,2304505ee4fb9e62eef37e685548b7e6b332b1b8a8c58b24b54dddb2416aa116
control,r4,classic,152009,4,9,0.4444444444444444,0,400,0,0.21705627441406242,0.8759498596191406,bfaf19171e7af1d2de278e619eaff07a0df9b61f75910b5aa6d47be7ab9126a8,True,0.19580125808715815,0.514984130859375,bfaf19171e7af1d2de278e619eaff07a0df9b61f75910b5aa6d47be7ab9126a8
control,r4,classic,152010,1,9,0.1111111111111111,0,400,0,0.2893805503845213,1.1363029479980469,dfe8ef64e4214f0ac40cf4eb2d8ca107fb8e49d7d753f2a2293e9c650c7156d4,True,0.14911890029907215,0.4119873046875,dfe8ef64e4214f0ac40cf4eb2d8ca107fb8e49d7d753f2a2293e9c650c7156d4
control,r4,classic,152011,0,9,0.0,0,400,0,0.19346475601196259,0.5128383636474609,90133f7044027cfe01685c979073196b949feeb789ebf0b5b56698cb3d21d35c,True,0.12880563735961909,0.3161430358886719,90133f7044027cfe01685c979073196b949feeb789ebf0b5b56698cb3d21d35c
control,r4,classic,152012,2,9,0.2222222222222222,0,400,0,0.19929409027099482,0.39887428283691406,57e9ea2acd928425669c23cdf21fc25f567e65d8cbaaaad10f384f922959f71c,True,0.15133619308471663,0.5280971527099609,57e9ea2acd928425669c23cdf21fc25f567e65d8cbaaaad10f384f922959f71c
control,r4,classic,152013,3,9,0.3333333333333333,0,400,0,0.14706850051879863,0.45013427734375,b34911b437236480154e629975b003089150e58765ec8e02a2c05899bf3335d8,True,0.22643804550170882,0.7109642028808594,b34911b437236480154e629975b003089150e58765ec8e02a2c05899bf3335d8
control,r4,classic,152014,4,9,0.4444444444444444,0,400,0,0.14597177505493159,0.3590583801269531,66f282c3e2adbb9dd9c08d464cbf3ad56467eb0fe510d8db29a0896be4c01416,True,0.14837980270385734,0.3597736358642578,66f282c3e2adbb9dd9c08d464cbf3ad56467eb0fe510d8db29a0896be4c01416
control,r4,classic,152015,3,9,0.3333333333333333,0,400,0,0.1530766487121582,0.2830028533935547,459413c196cf55c0cde902c2db569895341d8c4eb4bda7c158361e3d14ff06c5,True,0.1442432403564453,0.25200843811035156,459413c196cf55c0cde902c2db569895341d8c4eb4bda7c158361e3d14ff06c5
control,r4,classic,152016,0,9,0.0,0,400,0,0.2130627632141112,0.9350776672363281,83b057645d3b87676dcf48d42a2243d7dbbf67053d618fdabbd2db5f352b54b6,True,0.15214681625366208,0.38886070251464844,83b057645d3b87676dcf48d42a2243d7dbbf67053d618fdabbd2db5f352b54b6
control,r4,classic,152017,0,9,0.0,0,400,0,0.14201402664184556,0.6608963012695312,3f40cf6373632689324ed6e7212bc46f15e8c08f4670105b34b0e34af2689642,True,0.13208389282226562,0.28014183044433594,3f40cf6373632689324ed6e7212bc46f15e8c08f4670105b34b0e34af2689642
control,r4,classic,152018,0,9,0.0,0,400,0,0.16433000564575168,0.7328987121582031,23c5d1d9aae7d1fb1892c6bbd7a3bbfebb74de18c2c6a7551a9abed07b37f865,True,0.13116598129272458,0.7970333099365234,23c5d1d9aae7d1fb1892c6bbd7a3bbfebb74de18c2c6a7551a9abed07b37f865
control,r4,classic,152019,1,9,0.1111111111111111,0,400,0,0.4582405090332029,2.315044403076172,1189066b5e4159454070f4b7ff81695490b2980889b6578714b1c35ec21de65e,True,0.13999938964843744,0.48804283142089844,1189066b5e4159454070f4b7ff81695490b2980889b6578714b1c35ec21de65e
control,r4,classic,152020,1,9,0.1111111111111111,0,400,0,0.44525861740112205,1.2097358703613281,70901c3d62587f484e53e8d88bac61fed04cf037154245f18b4ba53034191631,True,0.1622676849365233,0.2770423889160156,70901c3d62587f484e53e8d88bac61fed04cf037154245f18b4ba53034191631
control,r4,classic,152021,2,9,0.2222222222222222,0,400,0,0.1584887504577635,0.4291534423828125,a2e31659706a4ec9f2ff4b8d122d75abea6b26e32e4923e759dd70845a9e4112,True,0.14209747314453125,0.32901763916015625,a2e31659706a4ec9f2ff4b8d122d75abea6b26e32e4923e759dd70845a9e4112
control,r4,classic,152022,3,9,0.3333333333333333,0,400,0,0.2459168434143061,1.3499259948730469,313e48f38de3f8164b3e85475ca17b56beb0384daf778df31169369c7c81b579,True,0.20195245742797852,0.3190040588378906,313e48f38de3f8164b3e85475ca17b56beb0384daf778df31169369c7c81b579
control,r4,classic,152023,0,9,0.0,0,400,0,0.15720129013061515,0.4527568817138672,45a96962728e2f3ad6829973b1ee32f0a8ad7f4a634d7b5533b2e5a5b472aa87,True,0.16603469848632804,0.3731250762939453,45a96962728e2f3ad6829973b1ee32f0a8ad7f4a634d7b5533b2e5a5b472aa87
control,r4,classic,152024,3,9,0.3333333333333333,0,400,0,0.1993298530578611,0.9839534759521484,0eadf25bb3752d91a753bd17c247b2deff79478129db6b0a6e4f222d5df37781,True,0.14783143997192383,0.2727508544921875,0eadf25bb3752d91a753bd17c247b2deff79478129db6b0a6e4f222d5df37781
control,r4,classic,152025,0,9,0.0,0,400,0,0.250482559204101,1.280069351196289,3f40cf6373632689324ed6e7212bc46f15e8c08f4670105b34b0e34af2689642,True,0.13594627380371088,0.30684471130371094,3f40cf6373632689324ed6e7212bc46f15e8c08f4670105b34b0e34af2689642
control,r4,classic,152026,1,9,0.1111111111111111,1,87,0,0.2336978912353516,0.3590583801269531,20ac3dffc8a6907f05a26208b16c85624932d1491ffa874130e48e0b3b888b6e,True,0.17967224121093753,0.3237724304199219,20ac3dffc8a6907f05a26208b16c85624932d1491ffa874130e48e0b3b888b6e
control,r4,classic,152027,2,9,0.2222222222222222,0,400,0,0.35099983215332026,1.0437965393066406,1aa18dc1c338b2b5d6e536132af326cbd8b82ae9d09feb9e8cd286c2e3dbb93e,True,0.1390457153320312,0.37980079650878906,1aa18dc1c338b2b5d6e536132af326cbd8b82ae9d09feb9e8cd286c2e3dbb93e
control,r4,classic,152028,3,9,0.3333333333333333,0,400,0,0.26842355728149375,0.9081363677978516,a1de8ee4203fd1afc917183f15ac95278abb9acb95e0709e3f30d8ed49310d95,True,0.1499652862548828,0.29277801513671875,a1de8ee4203fd1afc917183f15ac95278abb9acb95e0709e3f30d8ed49310d95
control,r4,classic,152029,0,9,0.0,0,400,2,0.2849698066711425,1.7199516296386719,8978d0a8c4045cd53fafe1517bde7ec8c38fdfc953dbc711ee98aa87f75fd6c3,True,0.15385150909423823,0.38814544677734375,8978d0a8c4045cd53fafe1517bde7ec8c38fdfc953dbc711ee98aa87f75fd6c3
control,r4,classic,152030,1,9,0.1111111111111111,1,103,0,0.24559497833251942,0.5130767822265625,eee24a2f61c59d069da43ea35cc15b7781fd7f5123f09a1cc74cf168414355dc,True,0.20296573638916007,0.7658004760742188,eee24a2f61c59d069da43ea35cc15b7781fd7f5123f09a1cc74cf168414355dc
control,r4,classic,152031,1,9,0.1111111111111111,0,400,0,0.2815365791320797,0.7171630859375,7003568f445941dd1c41b3c971e3265a5ba4cfe9e36bb337ebf0d93fcc23a937,True,0.15403032302856445,0.2887248992919922,7003568f445941dd1c41b3c971e3265a5ba4cfe9e36bb337ebf0d93fcc23a937
control,r4,classic,152032,6,9,0.6666666666666666,0,400,0,0.239431858062743,1.363992691040039,0e0a52e361a278a4fe3f7edb7c8b410a7779b84f945489d9ca64544a0ca4101e,True,0.1960396766662597,0.4200935363769531,0e0a52e361a278a4fe3f7edb7c8b410a7779b84f945489d9ca64544a0ca4101e
control,r4,classic,152033,0,9,0.0,0,400,0,0.18116235733032207,1.795053482055664,d28a133d4b70405d791a169564fb005c549fe3a1b3c877f2a1b239c66093068e,True,0.12922286987304688,0.4677772521972656,d28a133d4b70405d791a169564fb005c549fe3a1b3c877f2a1b239c66093068e
control,r4,classic,152034,4,9,0.4444444444444444,0,400,0,0.5108833312988273,1.245737075805664,b6469bcfd9d7f644fc95f56b0517b4e38ac0de751f9e86752ece8c21d50d1458,True,0.18815994262695307,0.3352165222167969,b6469bcfd9d7f644fc95f56b0517b4e38ac0de751f9e86752ece8c21d50d1458
control,r4,classic,152035,0,9,0.0,0,400,0,0.2172350883483882,1.2469291687011719,1375704861dc9f49c9929e74b62265bdc1cbf4571af0e48585f9cdd51a15615f,True,0.1512408256530761,0.3108978271484375,1375704861dc9f49c9929e74b62265bdc1cbf4571af0e48585f9cdd51a15615f
control,r4,classic,152036,2,9,0.2222222222222222,0,400,0,0.2123832702636717,0.6990432739257812,082f9595b915bc79ca83c0fd93280ffbbd6d18fc32646817f54562140691bd9e,True,0.18817186355590815,0.27370452880859375,082f9595b915bc79ca83c0fd93280ffbbd6d18fc32646817f54562140691bd9e
control,r4,classic,152037,4,9,0.4444444444444444,0,400,0,0.1380443572998047,0.408172607421875,705a1b317428d99da1335bf9cf045ea75a81d3a8f1db94f4aabd7dad74037286,True,0.14003515243530265,0.36597251892089844,705a1b317428d99da1335bf9cf045ea75a81d3a8f1db94f4aabd7dad74037286
control,r4,classic,152038,0,9,0.0,0,400,0,0.24811029434204088,0.6461143493652344,f066f6b606db5603715e334f73447f9f53a163dc65b73a823ea3ae591309ba72,True,0.15912055969238273,1.2149810791015625,f066f6b606db5603715e334f73447f9f53a163dc65b73a823ea3ae591309ba72
control,r4,classic,152039,2,9,0.2222222222222222,0,400,0,0.18906593322753906,0.3058910369873047,436a81994e1e9adcf47a586a14b3570f02f8a0e66d8bebc02ac509ccacba222d,True,0.20413398742675776,0.5409717559814453,436a81994e1e9adcf47a586a14b3570f02f8a0e66d8bebc02ac509ccacba222d
control,r4,classic,152040,2,9,0.2222222222222222,1,75,0,0.17583370208740232,0.31304359436035156,d1f3814b86659feb55c393dbca3e941814da62cfe949b650c3cced505b7901be,True,0.21643638610839822,0.5848407745361328,d1f3814b86659feb55c393dbca3e941814da62cfe949b650c3cced505b7901be
control,r4,coin-heaven,153001,50,50,1.0,0,135,0,0.3045320510864258,0.3561973571777344,8aa810716351ba0d922f1c76bc947adf3cf37f12c227061c83640a12c11d20e4,True,0.308990478515625,0.392913818359375,8aa810716351ba0d922f1c76bc947adf3cf37f12c227061c83640a12c11d20e4
control,r4,coin-heaven,153002,50,50,1.0,0,123,0,0.14667510986328122,0.22029876708984375,be7113133231c6560c37b1580d8b10f50c4c0ce0a9b5e00aa1835ba9b48efb66,True,0.1558065414428711,0.3647804260253906,be7113133231c6560c37b1580d8b10f50c4c0ce0a9b5e00aa1835ba9b48efb66
control,r4,coin-heaven,153003,50,50,1.0,0,134,0,0.18469095230102528,0.30803680419921875,40ad04d6007c0653db2a6fdbf886c8ee62a030cfb043d53e3c63f8e33768e57a,True,0.174868106842041,0.30612945556640625,40ad04d6007c0653db2a6fdbf886c8ee62a030cfb043d53e3c63f8e33768e57a
control,r4,coin-heaven,153004,50,50,1.0,0,121,0,0.2110004425048828,0.7481575012207031,21f11f32fb09bbc95bf1fb2ed557f80793a3fc664ef90ed27686d682e94fb46e,True,0.19693374633789062,0.2808570861816406,21f11f32fb09bbc95bf1fb2ed557f80793a3fc664ef90ed27686d682e94fb46e
control,r4,coin-heaven,153005,50,50,1.0,0,130,0,0.15355348587036127,0.35190582275390625,89e94552d14420c339f10b7d65081130c29402ad4bafbebc6e78a63a0106eb76,True,0.20766258239746094,0.3421306610107422,89e94552d14420c339f10b7d65081130c29402ad4bafbebc6e78a63a0106eb76
control,r4,coin-heaven,153006,50,50,1.0,0,121,0,0.12683868408203125,0.469207763671875,63843846a1c8fe769f05dbef1f1d682f18fcb93ef10392f1da0224dbe7524bd7,True,0.13518333435058594,0.48828125,63843846a1c8fe769f05dbef1f1d682f18fcb93ef10392f1da0224dbe7524bd7
control,r4,coin-heaven,153007,50,50,1.0,0,121,0,0.1342296600341797,0.21076202392578125,6101122c300131771c0f217c40a41bc0b5bf0b5d22c48cd6c61aaf153099ddc8,True,0.13828277587890625,0.2989768981933594,6101122c300131771c0f217c40a41bc0b5bf0b5d22c48cd6c61aaf153099ddc8
control,r4,coin-heaven,153008,50,50,1.0,0,135,0,0.27260780334472656,0.29397010803222656,d10a97756858564f931275ade27a438140fcbd8af70b125c25d7f2a2a64735a1,True,0.2878189086914062,0.6537437438964844,d10a97756858564f931275ade27a438140fcbd8af70b125c25d7f2a2a64735a1
control,r4,coin-heaven,153009,50,50,1.0,0,114,0,0.18136501312255854,1.2798309326171875,58fe8f688249f6db49e2e1890eb32b937da5e6d1b39a4a874f5e92b379d00ebd,True,0.12276172637939449,0.29206275939941406,58fe8f688249f6db49e2e1890eb32b937da5e6d1b39a4a874f5e92b379d00ebd
control,r4,coin-heaven,153010,50,50,1.0,0,119,0,0.23174285888671872,0.2689361572265625,4413235a3f7c9fb2d8df22dea8dfdaf3d911e853c095b07e01e966f39a1cc5e8,True,0.3597497940063476,0.49376487731933594,4413235a3f7c9fb2d8df22dea8dfdaf3d911e853c095b07e01e966f39a1cc5e8
control,r4,coin-heaven,153011,50,50,1.0,0,123,0,0.24852752685546856,0.28896331787109375,ffa9eab4e62ee57370c4c7f4605fab4d57598e92223a26145f867fdaf6739361,True,0.28724670410156233,0.45800209045410156,ffa9eab4e62ee57370c4c7f4605fab4d57598e92223a26145f867fdaf6739361
control,r4,coin-heaven,153012,50,50,1.0,0,134,0,0.1651644706726074,0.2560615539550781,bcbd023ff8f415b1656635f3fad68d664eb129bd93d39dd3ce68d0896370d447,True,0.1761555671691894,0.2510547637939453,bcbd023ff8f415b1656635f3fad68d664eb129bd93d39dd3ce68d0896370d447
control,r4,coin-heaven,153013,50,50,1.0,0,131,0,0.24807453155517578,0.30493736267089844,d6106b7e7cc45e17ccf06f2c89999f5d0621b46c7e35783258345da7eda1ba46,True,0.23353099822998047,0.30112266540527344,d6106b7e7cc45e17ccf06f2c89999f5d0621b46c7e35783258345da7eda1ba46
control,r4,coin-heaven,153014,50,50,1.0,0,121,0,0.15616416931152344,0.27108192443847656,c0bc21ac5b9f4bd368be120a00678494c9f615311cf81c99163fed39d8541852,True,0.1819133758544922,0.4286766052246094,c0bc21ac5b9f4bd368be120a00678494c9f615311cf81c99163fed39d8541852
control,r4,coin-heaven,153015,50,50,1.0,0,142,0,0.24385452270507812,0.3199577331542969,0cfa5f2250df685bb933b309e32d7ec1dfa00f5166e75ad55400dc75522a4b81,True,0.263381004333496,0.3371238708496094,0cfa5f2250df685bb933b309e32d7ec1dfa00f5166e75ad55400dc75522a4b81
control,r4,coin-heaven,153016,50,50,1.0,0,125,0,0.19993782043457028,0.4322528839111328,dc660f3c586311dc6cd4b8623b712a377fd53daf9f5fb988affb86029fc8533a,True,0.17576217651367188,0.3209114074707031,dc660f3c586311dc6cd4b8623b712a377fd53daf9f5fb988affb86029fc8533a
control,r4,coin-heaven,153017,50,50,1.0,0,128,0,0.22926330566406228,0.4801750183105469,3bdc6b0c7be4f99188bca978637490af4d643beab640426d458c6e1c8e3c4898,True,0.18547773361206046,0.2677440643310547,3bdc6b0c7be4f99188bca978637490af4d643beab640426d458c6e1c8e3c4898
control,r4,coin-heaven,153018,50,50,1.0,0,123,0,0.14173984527587882,0.3101825714111328,b6cffae3ab5e6298cb51ab7b564dd13920abdd96d8d3edfd611d52d00fbb395c,True,0.14581680297851562,0.21409988403320312,b6cffae3ab5e6298cb51ab7b564dd13920abdd96d8d3edfd611d52d00fbb395c
control,r4,coin-heaven,153019,50,50,1.0,0,130,0,0.16273260116577146,0.4360675811767578,091ab783f3c31400dab10e7cb85054f4aa2a29c7badda9cf79e308c933cd0237,True,0.1354694366455078,0.31113624572753906,091ab783f3c31400dab10e7cb85054f4aa2a29c7badda9cf79e308c933cd0237
control,r4,coin-heaven,153020,50,50,1.0,0,128,0,0.13957023620605466,0.21314620971679688,0ba8692c1465b000f072b56d174fe04893c89b15c75fb8ed83a5c63851ed6daf,True,0.15794038772583005,0.21409988403320312,0ba8692c1465b000f072b56d174fe04893c89b15c75fb8ed83a5c63851ed6daf
control,r4,coin-heaven,153021,50,50,1.0,0,129,0,0.1479625701904297,0.3352165222167969,28b8913d59f53f13c1c7ddababf92763f3a0574a76cef3e4d1630b22879fd88f,True,0.14553070068359375,0.24080276489257812,28b8913d59f53f13c1c7ddababf92763f3a0574a76cef3e4d1630b22879fd88f
control,r4,coin-heaven,153022,50,50,1.0,0,117,0,0.17638206481933594,0.2880096435546875,37d6cce83b067d684d6fc79393b145a0566598ab74ff91d5ed4b8d703b109ff4,True,0.16179084777832015,0.21886825561523438,37d6cce83b067d684d6fc79393b145a0566598ab74ff91d5ed4b8d703b109ff4
control,r4,coin-heaven,153023,50,50,1.0,0,123,0,0.17063617706298825,0.23293495178222656,6a68f9f04a5eda4c78296bde15fe3a223860cc15fefa76d3412fb65c8fcea3fa,True,0.2174377441406248,5.107879638671875,6a68f9f04a5eda4c78296bde15fe3a223860cc15fefa76d3412fb65c8fcea3fa
control,r4,coin-heaven,153024,50,50,1.0,0,116,0,0.13977289199829102,0.2129077911376953,ef4d61c6b6f841ab38f12b51eefca3e7afdf374e7529dec530f309889a008617,True,0.14162063598632812,0.4978179931640625,ef4d61c6b6f841ab38f12b51eefca3e7afdf374e7529dec530f309889a008617
control,r4,coin-heaven,153025,50,50,1.0,0,134,0,0.3053188323974608,1.9121170043945312,8860a33c9075dfa66143ff079a356f292ddd487ca38d1c18bc4156a3518b0fe5,True,0.18559694290161124,0.29397010803222656,8860a33c9075dfa66143ff079a356f292ddd487ca38d1c18bc4156a3518b0fe5
control,r4,coin-heaven,153026,50,50,1.0,0,127,0,0.14572143554687494,0.32901763916015625,39c302dc5ec8684c6fd90db54018544741c04a65e832ac7ca7af150b3edd967c,True,0.1201629638671875,0.29015541076660156,39c302dc5ec8684c6fd90db54018544741c04a65e832ac7ca7af150b3edd967c
control,r4,coin-heaven,153027,50,50,1.0,0,105,0,0.13146400451660156,0.2028942108154297,f6ffa197fdaed8c9a47a40405631c73ecea6b84cfc41470a4a0cecd5bd499693,True,0.2239704132080077,0.4401206970214844,f6ffa197fdaed8c9a47a40405631c73ecea6b84cfc41470a4a0cecd5bd499693
control,r4,coin-heaven,153028,50,50,1.0,0,126,0,0.20384788513183594,1.0807514190673828,d5e90585a5deba8ec8dd9575ac55271ed5d1073764107dba3f1de3a3f2a9312a,True,0.16582012176513672,0.22983551025390625,d5e90585a5deba8ec8dd9575ac55271ed5d1073764107dba3f1de3a3f2a9312a
control,r4,coin-heaven,153029,50,50,1.0,0,136,0,0.24187564849853516,0.885009765625,5981dabddafbf0aae81b82c23a6e8ac27d60b7b3a5ab51d814b09c26162dff0e,True,0.23502111434936523,0.7002353668212891,5981dabddafbf0aae81b82c23a6e8ac27d60b7b3a5ab51d814b09c26162dff0e
control,r4,coin-heaven,153030,50,50,1.0,0,131,0,0.24783611297607422,0.30493736267089844,d8e47fc5915f0867113b49bc6127603f6735f861b8b2acec5f4e804ba3f29b03,True,0.25153160095214844,0.2970695495605469,d8e47fc5915f0867113b49bc6127603f6735f861b8b2acec5f4e804ba3f29b03
control,r4,coin-heaven,153031,50,50,1.0,0,111,0,0.14388561248779297,0.2608299255371094,c6c6a23ada9df90f3c9f1e39e4764312bf5a4d5037a417cb9be95b6bd701774d,True,0.18274784088134766,0.2968311309814453,c6c6a23ada9df90f3c9f1e39e4764312bf5a4d5037a417cb9be95b6bd701774d
control,r4,coin-heaven,153032,50,50,1.0,0,129,0,0.2458095550537109,0.29730796813964844,61921ba2f276f07617344fe1077a9c0950efe3eed643c85af407444cd8355f8f,True,0.2501487731933594,0.41413307189941406,61921ba2f276f07617344fe1077a9c0950efe3eed643c85af407444cd8355f8f
control,r4,coin-heaven,153033,50,50,1.0,0,131,0,0.29468536376953125,0.3628730773925781,a1a8e9604098ec5948d2d09172d7064dd7ecafa6425ed139b1385c0185174ea6,True,0.3314018249511719,1.2810230255126953,a1a8e9604098ec5948d2d09172d7064dd7ecafa6425ed139b1385c0185174ea6
control,r4,coin-heaven,153034,50,50,1.0,0,121,0,0.12421607971191406,0.23698806762695312,0adfe0807f61e3e0def9b82014d2097e55143300b7fee21bd2f7b08634badc3d,True,0.18215179443359375,0.5469322204589844,0adfe0807f61e3e0def9b82014d2097e55143300b7fee21bd2f7b08634badc3d
control,r4,coin-heaven,153035,50,50,1.0,0,139,0,0.1657485961914062,0.23126602172851562,ef117b9c3535ad8c19f2e77ad130d796acf4052adf728d85b46c05ecebf45d76,True,0.18086433410644523,0.4353523254394531,ef117b9c3535ad8c19f2e77ad130d796acf4052adf728d85b46c05ecebf45d76
control,r4,coin-heaven,153036,50,50,1.0,0,120,0,0.1402497291564941,0.19884109497070312,ce863453d7b917f88cc7459d371d8f5fd9766223ae31d94ba57fe5957777bd40,True,0.21543502807617185,0.44417381286621094,ce863453d7b917f88cc7459d371d8f5fd9766223ae31d94ba57fe5957777bd40
control,r4,coin-heaven,153037,50,50,1.0,0,119,0,0.1426219940185546,0.2639293670654297,483557e615e7915bb2dd0f30686c6f109e21e46b5c464931c8840d0caee5e3bb,True,0.3069639205932616,0.7512569427490234,483557e615e7915bb2dd0f30686c6f109e21e46b5c464931c8840d0caee5e3bb
control,r4,coin-heaven,153038,50,50,1.0,0,112,0,0.14730691909790036,0.24771690368652344,2040c0ff6fc9c9fa58de2956dbdd41a8a7dabbb799bcead5db7bf97fb6fcb407,True,0.1369237899780272,0.39005279541015625,2040c0ff6fc9c9fa58de2956dbdd41a8a7dabbb799bcead5db7bf97fb6fcb407
control,r4,coin-heaven,153039,50,50,1.0,0,128,0,0.19351243972778312,0.28204917907714844,e9b3e99fe4fdbf5aa0017170cede539ccec592778c05690e346238068d2f826c,True,0.1837491989135742,0.2319812774658203,e9b3e99fe4fdbf5aa0017170cede539ccec592778c05690e346238068d2f826c
control,r4,coin-heaven,153040,50,50,1.0,0,121,0,0.21696090698242188,0.3216266632080078,4aec9ea637326955b0f4f7d8260c5dfed39834287df979ee07fe103359582fb3,True,0.247955322265625,0.7519721984863281,4aec9ea637326955b0f4f7d8260c5dfed39834287df979ee07fe103359582fb3
control,r4,loot-crate,154001,10,50,0.2,0,400,0,0.5683898925781248,1.5230178833007812,65e466470f1e7f17fcd6ab5e4f4310a13da803f339074d82591efda2558ed72a,True,0.23612976074218742,0.7359981536865234,65e466470f1e7f17fcd6ab5e4f4310a13da803f339074d82591efda2558ed72a
control,r4,loot-crate,154002,13,50,0.26,1,152,0,0.16999244689941395,0.5002021789550781,edd30f50d7fb3cbba038171af4776722e202486d6d165cdfa4eee61995e73cd1,True,0.31987428665161094,0.43892860412597656,edd30f50d7fb3cbba038171af4776722e202486d6d165cdfa4eee61995e73cd1
control,r4,loot-crate,154003,18,50,0.36,0,400,0,0.20778179168701116,0.701904296875,ff9a2e93d46b2fc6c5ce2808d5722e894182f77d13f9746d2ddb57801fff50c9,True,0.20896196365356434,2.300262451171875,ff9a2e93d46b2fc6c5ce2808d5722e894182f77d13f9746d2ddb57801fff50c9
control,r4,loot-crate,154004,10,50,0.2,0,400,0,0.1700520515441894,0.6480216979980469,5b58fc0ed75ba0d9438eaff36eb46a1e9aa414b8607a8b83435b62751874ad78,True,0.23542642593383759,0.5431175231933594,5b58fc0ed75ba0d9438eaff36eb46a1e9aa414b8607a8b83435b62751874ad78
control,r4,loot-crate,154005,8,50,0.16,1,149,0,0.21519660949707028,0.5507469177246094,a73c3dfa3fe9a542a7c886168d0571b7327200df54ca066a873c3880831a1ee0,True,0.21748542785644528,0.431060791015625,a73c3dfa3fe9a542a7c886168d0571b7327200df54ca066a873c3880831a1ee0
control,r4,loot-crate,154006,2,50,0.04,0,400,0,0.17690658569335938,0.5340576171875,7d9bb7e15c405a2bd17fc1e431d23bf19e114d1979e2388135e2133dce19a7c6,True,0.7136225700378402,1.5339851379394531,7d9bb7e15c405a2bd17fc1e431d23bf19e114d1979e2388135e2133dce19a7c6
control,r4,loot-crate,154007,2,50,0.04,0,400,0,0.1572608947753905,0.30612945556640625,7d9bd6c031af248ac72d6d2612824dad4b486da88f46b73bf583a1a864a71f78,True,0.6381034851074218,1.3849735260009766,7d9bd6c031af248ac72d6d2612824dad4b486da88f46b73bf583a1a864a71f78
control,r4,loot-crate,154008,14,50,0.28,1,188,0,0.20395517349243167,0.3769397735595703,fcc55c6b8f18b72b5548d6883273efeaca8bfc54909fbb1516966d76a3e8a5f2,True,0.21539926528930672,0.5970001220703125,fcc55c6b8f18b72b5548d6883273efeaca8bfc54909fbb1516966d76a3e8a5f2
control,r4,loot-crate,154009,6,50,0.12,0,400,0,0.15826225280761702,0.5910396575927734,7f7263f33329cf9621d90f78ed89aa560496af1bebc7bcd64ca1d5b3fd798a2a,True,0.16733407974243145,0.42319297790527344,7f7263f33329cf9621d90f78ed89aa560496af1bebc7bcd64ca1d5b3fd798a2a
control,r4,loot-crate,154010,6,50,0.12,1,63,0,0.5847930908203124,1.0290145874023438,9961a1fe7c4fd15168a106047e3636bc3004bc806feaa07c93d0eb1107f6e72b,True,0.1980781555175781,0.3387928009033203,9961a1fe7c4fd15168a106047e3636bc3004bc806feaa07c93d0eb1107f6e72b
control,r4,loot-crate,154011,11,50,0.22,0,400,0,0.5960106849670408,1.4181137084960938,6eae40f36509c6e41622eda8989b52ef67fa1f91f0a1bfebf249cd2fba9bca60,True,0.21505355834960938,0.5168914794921875,6eae40f36509c6e41622eda8989b52ef67fa1f91f0a1bfebf249cd2fba9bca60
control,r4,loot-crate,154012,8,50,0.16,0,400,0,0.20773410797119135,0.7510185241699219,04216bc59e291ae3acacb6be9034ced8b031f70f1605249185823e68172143ee,True,0.25893449783325195,0.8292198181152344,04216bc59e291ae3acacb6be9034ced8b031f70f1605249185823e68172143ee
control,r4,loot-crate,154013,27,50,0.54,0,400,0,0.26702880859375,0.6761550903320312,1a092be1512340916b5bd42dc84eedf153afaf5b615fc4c496e9fa7229132488,True,0.3018498420715332,0.8490085601806641,1a092be1512340916b5bd42dc84eedf153afaf5b615fc4c496e9fa7229132488
control,r4,loot-crate,154014,18,50,0.36,1,231,0,0.2740621566772461,0.6430149078369141,68338c789f5a2e65144976d34675436d1036ee07f22b5c3fd45120348eca5c19,True,0.22745132446289062,0.7061958312988281,68338c789f5a2e65144976d34675436d1036ee07f22b5c3fd45120348eca5c19
control,r4,loot-crate,154015,18,50,0.36,0,400,0,0.20420551300048795,0.5559921264648438,84488572e700f149f61908f086a4a5ce272860bc1f9fff582b79f2552755cb76,True,0.23517608642578117,0.5741119384765625,84488572e700f149f61908f086a4a5ce272860bc1f9fff582b79f2552755cb76
control,r4,loot-crate,154016,26,50,0.52,0,400,0,0.22430419921874983,0.6508827209472656,d04f7d9264eb26716eb6b262aa936b0376370ccca5ebca75dca6f627e58f148e,True,0.28340816497802696,0.7848739624023438,d04f7d9264eb26716eb6b262aa936b0376370ccca5ebca75dca6f627e58f148e
control,r4,loot-crate,154017,11,50,0.22,0,400,1,0.24590492248535148,0.6120204925537109,c944e5c65febff66d1eaa7fe6be309dde90738d9a4ef47679b160a6bfbcac907,True,0.26106834411621094,0.5137920379638672,c944e5c65febff66d1eaa7fe6be309dde90738d9a4ef47679b160a6bfbcac907
control,r4,loot-crate,154018,12,50,0.24,0,400,0,0.22425651550292955,0.6780624389648438,d2430f1badf29998dd64bb6dd02f861c44f7a26ad63fd049ff682c7c6b6f0448,True,0.2517819404602051,0.7801055908203125,d2430f1badf29998dd64bb6dd02f861c44f7a26ad63fd049ff682c7c6b6f0448
control,r4,loot-crate,154019,8,50,0.16,0,400,0,0.5913019180297852,1.245260238647461,6f3539c4496b7b88d8df9fc074696043a83fe37af4db66a0c20f2d99ad8e845a,True,0.23517608642578117,0.9028911590576172,6f3539c4496b7b88d8df9fc074696043a83fe37af4db66a0c20f2d99ad8e845a
control,r4,loot-crate,154020,5,50,0.1,0,400,0,0.18597841262817383,0.49996376037597656,d30ad9acee7d5e28a0166b08d1182317707bf6e3f797d262441b2cac07aad4d3,True,0.9995698928833002,7.798910140991211,d30ad9acee7d5e28a0166b08d1182317707bf6e3f797d262441b2cac07aad4d3
control,r4,loot-crate,154021,26,50,0.52,1,300,0,0.18702745437622073,0.8869171142578125,a38338a3eed8919bef855e98e035493c71b252b397474a2d6c07b7e37a6db3cc,True,0.22106170654296875,0.3771781921386719,a38338a3eed8919bef855e98e035493c71b252b397474a2d6c07b7e37a6db3cc
control,r4,loot-crate,154022,9,50,0.18,0,400,1,0.18405914306640625,0.3399848937988281,035d3d5cfbd8139726f8c82c03b8021eea7fe866434a44de053d555909ffd42e,True,0.18712282180786113,0.6692409515380859,035d3d5cfbd8139726f8c82c03b8021eea7fe866434a44de053d555909ffd42e
control,r4,loot-crate,154023,3,50,0.06,0,400,0,0.15405416488647458,0.5571842193603516,29cdd4e478281e64f46a2f81711a1ce5b55ca1e586a0f5e0de17ba44a5711cab,True,0.19220113754272458,0.6797313690185547,29cdd4e478281e64f46a2f81711a1ce5b55ca1e586a0f5e0de17ba44a5711cab
control,r4,loot-crate,154024,9,50,0.18,0,400,0,0.16908645629882807,0.6840229034423828,d8eaf87320086e0c67e901d403091ef64afa647165e04aa5e160252d14d2e618,True,0.20910501480102517,3.1578540802001953,d8eaf87320086e0c67e901d403091ef64afa647165e04aa5e160252d14d2e618
control,r4,loot-crate,154025,19,50,0.38,0,400,1,0.21841526031494096,0.36978721618652344,8c71a765e3931d8814b244071136f8c7e5ba893e581bf9de60834147915b020f,True,0.2758622169494629,0.492095947265625,8c71a765e3931d8814b244071136f8c7e5ba893e581bf9de60834147915b020f
control,r4,loot-crate,154026,6,50,0.12,0,400,0,0.1841425895690917,0.8890628814697266,0533b246499aa29d9b470d1f495cfa431ca342f83731d169391282f0e82d3e20,True,0.1969456672668457,0.61798095703125,0533b246499aa29d9b470d1f495cfa431ca342f83731d169391282f0e82d3e20
control,r4,loot-crate,154027,21,50,0.42,0,400,0,0.7561802864074706,2.8710365295410156,5c13460a5ba0466a9a57c9ec1918655828ce5a1f3be672a38792c3aea8588a3a,True,0.32726526260375943,0.6132125854492188,5c13460a5ba0466a9a57c9ec1918655828ce5a1f3be672a38792c3aea8588a3a
control,r4,loot-crate,154028,30,50,0.6,0,400,0,0.668525695800781,4.1828155517578125,6332a4c4a574346c6c33cfe4b3b88ae438b672479555db7a1fd7ba959381c8ed,True,0.17415285110473622,0.7739067077636719,6332a4c4a574346c6c33cfe4b3b88ae438b672479555db7a1fd7ba959381c8ed
control,r4,loot-crate,154029,5,50,0.1,0,400,0,0.17881393432617188,1.8270015716552734,cac07b3dddc40e9f2e266174937e04e8b4bc95b01de2c0300625f84ac184bcdf,True,0.2223610877990719,0.8759498596191406,cac07b3dddc40e9f2e266174937e04e8b4bc95b01de2c0300625f84ac184bcdf
control,r4,loot-crate,154030,20,50,0.4,0,400,0,0.1821279525756834,0.4239082336425781,21c5526a7e2d6fb8becb617e6cf7d4c407b34ddcacbc92105720af2dfa4187eb,True,0.1630902290344236,0.5362033843994141,21c5526a7e2d6fb8becb617e6cf7d4c407b34ddcacbc92105720af2dfa4187eb
control,r4,loot-crate,154031,7,50,0.14,0,400,0,0.17478466033935544,0.3237724304199219,817614da1bd3a1deb73ad74d2400a9bbaa83566d1d4bd3d3fa11402ad5790da4,True,0.1747608184814453,0.6070137023925781,817614da1bd3a1deb73ad74d2400a9bbaa83566d1d4bd3d3fa11402ad5790da4
control,r4,loot-crate,154032,7,50,0.14,1,76,1,0.16576051712036133,0.3440380096435547,198d70e6f729e8899893bd14d9b9da63ab499b2cc830342923e0e71b6fb426c6,True,0.1582503318786621,0.34308433532714844,198d70e6f729e8899893bd14d9b9da63ab499b2cc830342923e0e71b6fb426c6
control,r4,loot-crate,154033,7,50,0.14,0,400,0,0.22622346878051738,0.5602836608886719,c8376f5d882864b5ca1aefee611139b50e1e15269d672a6a1257686d5f1cb247,False,0.3210544586181642,1240.2138710021973,7aaef8f6529e5b7db49c5f03e6a6740abf64092a0a36273155fc522a223b0205
control,r4,loot-crate,154034,16,50,0.32,0,400,0,0.28252601623535134,0.7550716400146484,083951dbc9187ec5acaeeb6b641d829c274f7dc4028c4bbabf597be742697169,True,0.26023387908935514,1.1529922485351562,083951dbc9187ec5acaeeb6b641d829c274f7dc4028c4bbabf597be742697169
control,r4,loot-crate,154035,6,50,0.12,1,85,0,0.3483772277832031,0.5047321319580078,8facf9379a2bc00e047e79200cdf89bc1e8b6ba1dcbe1391957d922db8103942,True,0.21190643310546864,0.3540515899658203,8facf9379a2bc00e047e79200cdf89bc1e8b6ba1dcbe1391957d922db8103942
control,r4,loot-crate,154036,5,50,0.1,0,400,0,0.5910873413085938,2.317667007446289,7c946f7e82acb91b56fc2e5e012e8a2db1770d151a8e3fad10bc80ec32f16a3f,True,0.17201900482177723,0.5238056182861328,7c946f7e82acb91b56fc2e5e012e8a2db1770d151a8e3fad10bc80ec32f16a3f
control,r4,loot-crate,154037,13,50,0.26,1,163,0,0.5397319793701173,1.0311603546142578,99be41a5505d187fd1c857c1416af678275742f51e8e94316cfad6512b43ea38,True,0.45583248138427773,2.222776412963867,99be41a5505d187fd1c857c1416af678275742f51e8e94316cfad6512b43ea38
control,r4,loot-crate,154038,10,50,0.2,0,400,0,0.20040273666381825,0.4100799560546875,fcb2a534d8ec3b12d9b7b5d5bcb3318f36498c6b21104676d797147efefb26d3,True,0.22414922714233396,1.0051727294921875,fcb2a534d8ec3b12d9b7b5d5bcb3318f36498c6b21104676d797147efefb26d3
control,r4,loot-crate,154039,34,50,0.68,0,400,0,0.23536682128906225,0.6079673767089844,a0d1a141882705123d6d114cc86c27fb02e3c600774db48bd86b57acb628b1af,True,0.32635927200317344,0.7719993591308594,a0d1a141882705123d6d114cc86c27fb02e3c600774db48bd86b57acb628b1af
control,r4,loot-crate,154040,12,50,0.24,1,174,0,0.19992589950561518,0.47516822814941406,2f4c139c3464c8f59489a1b017ba772206aef979eb15431a3497689acb38df5e,True,0.3235101699829101,0.6501674652099609,2f4c139c3464c8f59489a1b017ba772206aef979eb15431a3497689acb38df5e
control,r5,classic,152001,4,9,0.4444444444444444,0,400,0,0.30421018600463823,0.7908344268798828,68b6a84a3f75b12daa1a3df9a8cc564dd8947151dbea946866ce532103f0f74b,True,0.22798776626586909,2.254962921142578,68b6a84a3f75b12daa1a3df9a8cc564dd8947151dbea946866ce532103f0f74b
control,r5,classic,152002,0,9,0.0,1,73,0,0.3217697143554685,1.2669563293457031,6a014df423c3e9f26c7da5b0e9b62c065acaa122948746f192fa006aa43fcab9,True,0.6418704986572257,3.0982494354248047,6a014df423c3e9f26c7da5b0e9b62c065acaa122948746f192fa006aa43fcab9
control,r5,classic,152003,8,9,0.8888888888888888,0,400,0,0.2946734428405755,0.8041858673095703,1c9e06dd776cfb39b7020e4e9702a82d4f5837a9012987ccf0fc64a63eb11217,True,0.21929740905761702,0.36406517028808594,1c9e06dd776cfb39b7020e4e9702a82d4f5837a9012987ccf0fc64a63eb11217
control,r5,classic,152004,1,9,0.1111111111111111,0,400,0,0.15006065368652335,0.41413307189941406,3d915104befd3fd5acba798649fd2f7f941725c7ee84e5a18a8485225c6ff578,True,0.10396242141723631,0.30684471130371094,3d915104befd3fd5acba798649fd2f7f941725c7ee84e5a18a8485225c6ff578
control,r5,classic,152005,1,9,0.1111111111111111,0,400,0,0.1704931259155269,0.8969306945800781,da0fc8d7a114e0fc5e66ae104dc71a231ecac622c6b2c71bb86550db5871b746,True,0.11110305786132812,0.3628730773925781,da0fc8d7a114e0fc5e66ae104dc71a231ecac622c6b2c71bb86550db5871b746
control,r5,classic,152006,1,9,0.1111111111111111,0,400,0,0.19633769989013639,0.8077621459960938,3a195d4586f31b96a4e07e42b4eefa39001a160c1ceaadc9290985c59b0a0d7f,True,0.14001131057739252,0.35190582275390625,3a195d4586f31b96a4e07e42b4eefa39001a160c1ceaadc9290985c59b0a0d7f
control,r5,classic,152007,2,9,0.2222222222222222,1,81,0,0.2532005310058594,0.4169940948486328,ab17396ce57290f3281dca2e361923d095530230fa32c4bd1dcc8cd675a9e223,True,0.2589225769042969,0.4138946533203125,ab17396ce57290f3281dca2e361923d095530230fa32c4bd1dcc8cd675a9e223
control,r5,classic,152008,5,9,0.5555555555555556,0,400,0,0.3190279006958001,3.3249855041503906,4ac8fb9d48fd46d5aa2e779df96d9eb2f57a20895ffc68a6906f50b2f15d8ca1,True,0.186920166015625,0.4241466522216797,4ac8fb9d48fd46d5aa2e779df96d9eb2f57a20895ffc68a6906f50b2f15d8ca1
control,r5,classic,152009,4,9,0.4444444444444444,0,400,0,0.48089027404785156,1.8701553344726562,cfd0280bbce259d85c4e491764f5c461d9818d435556a99b6aaf00194cbc6a47,True,0.16119480133056638,0.3352165222167969,cfd0280bbce259d85c4e491764f5c461d9818d435556a99b6aaf00194cbc6a47
control,r5,classic,152010,3,9,0.3333333333333333,0,400,0,0.1850128173828125,0.47898292541503906,f8de5339d9e80850bb4b2902d7b1bfd8235bc9d87c4e1832bd23a1b304f3c05b,True,0.17309188842773438,0.29778480529785156,f8de5339d9e80850bb4b2902d7b1bfd8235bc9d87c4e1832bd23a1b304f3c05b
control,r5,classic,152011,4,9,0.4444444444444444,0,400,0,0.20862817764282182,0.7531642913818359,f8397db3eb162806359ec1152f03871c16fdba15cb1f5e153cc1bf60a564f46c,True,0.18734931945800765,0.6170272827148438,f8397db3eb162806359ec1152f03871c16fdba15cb1f5e153cc1bf60a564f46c
control,r5,classic,152012,4,9,0.4444444444444444,0,400,0,0.13527870178222648,0.38504600524902344,f4f4f1323285e2de208609075aaf19452bd4f6e2041c2530cf5c3a1959c82359,True,0.1399517059326172,0.32210350036621094,f4f4f1323285e2de208609075aaf19452bd4f6e2041c2530cf5c3a1959c82359
control,r5,classic,152013,1,9,0.1111111111111111,0,400,0,0.16622543334960932,0.5328655242919922,032b73703f1cf97530d2ce0d248ae2f3e388062799adc402956598f8eb0d49c5,True,0.14618635177612302,0.2701282501220703,032b73703f1cf97530d2ce0d248ae2f3e388062799adc402956598f8eb0d49c5
control,r5,classic,152014,1,9,0.1111111111111111,1,29,0,0.4815578460693359,0.8661746978759766,1ba62ba8bfbc13ff96e3516e3c3fbed25cd4dae2ed37fd772cfea5c1ac2e4b63,True,0.14219284057617185,0.308990478515625,1ba62ba8bfbc13ff96e3516e3c3fbed25cd4dae2ed37fd772cfea5c1ac2e4b63
control,r5,classic,152015,1,9,0.1111111111111111,0,400,0,0.17623901367187494,0.9000301361083984,eda4adef21417d4a1b99501cd02af07e68d55f9990ef5f66e63e955e6e7aa18c,True,0.14792680740356434,0.47516822814941406,eda4adef21417d4a1b99501cd02af07e68d55f9990ef5f66e63e955e6e7aa18c
control,r5,classic,152016,0,9,0.0,0,400,0,0.1537799835205078,0.4401206970214844,ec80ae855477f1d6f8b63564788518d5857c2ff1d88fb957cfbc175bd82b2e65,True,0.14332532882690427,0.32806396484375,ec80ae855477f1d6f8b63564788518d5857c2ff1d88fb957cfbc175bd82b2e65
control,r5,classic,152017,0,9,0.0,0,400,0,0.1309037208557129,0.3609657287597656,78c7b1eca177b3f825dd88fb6338d07206f3913cc09685f501de993f55c1b11a,True,0.11779069900512694,0.2970695495605469,78c7b1eca177b3f825dd88fb6338d07206f3913cc09685f501de993f55c1b11a
control,r5,classic,152018,3,9,0.3333333333333333,0,400,0,0.18696784973144526,0.3688335418701172,c3b025c0f527827260b3ea59722a1c6cb15437dfff8ef1b756f0779c527eb2ad,True,0.19793510437011713,0.8330345153808594,c3b025c0f527827260b3ea59722a1c6cb15437dfff8ef1b756f0779c527eb2ad
control,r5,classic,152019,1,9,0.1111111111111111,1,76,0,0.18602609634399414,0.3750324249267578,f03479338c9da94e9a3096f355e1dfc8f80585b7584c2009d1006ce3d34b3c56,True,0.4201531410217285,0.78582763671875,f03479338c9da94e9a3096f355e1dfc8f80585b7584c2009d1006ce3d34b3c56
control,r5,classic,152020,7,9,0.7777777777777778,0,400,0,0.24505853652954082,0.4220008850097656,497272edc96c0a9c7859c9a3daa4738b733bcc0498e28b12e0512141258110c3,True,0.2382636070251464,0.45990943908691406,497272edc96c0a9c7859c9a3daa4738b733bcc0498e28b12e0512141258110c3
control,r5,classic,152021,2,9,0.2222222222222222,0,400,0,0.1333594322204589,0.3719329833984375,b57f3f166a4360c6ce9a08dc5e4fee09a1952e7b31bf2ac9c20ef76d8a64444e,True,0.13208389282226562,0.446319580078125,b57f3f166a4360c6ce9a08dc5e4fee09a1952e7b31bf2ac9c20ef76d8a64444e
control,r5,classic,152022,4,9,0.4444444444444444,0,400,0,0.16479492187499994,0.2810955047607422,e6c7329dd41d516e87c6803741f47a7c6f907d4b48996477d8a39914b65aab44,True,0.16880035400390625,0.6084442138671875,e6c7329dd41d516e87c6803741f47a7c6f907d4b48996477d8a39914b65aab44
control,r5,classic,152023,3,9,0.3333333333333333,1,159,0,0.27916431427001953,0.4782676696777344,1a2464c9bbc25bb3fa19e67758163d384812481fff6ee1b15e599709873e3d32,True,0.2453088760375975,1.1501312255859375,1a2464c9bbc25bb3fa19e67758163d384812481fff6ee1b15e599709873e3d32
control,r5,classic,152024,1,9,0.1111111111111111,1,48,0,0.2676010131835936,0.4100799560546875,a8cdbd55003367c902127f2ce9cf5130f609c058cfcc36b470bf1313712caff7,True,0.47311782836914057,0.5147457122802734,a8cdbd55003367c902127f2ce9cf5130f609c058cfcc36b470bf1313712caff7
control,r5,classic,152025,1,9,0.1111111111111111,0,400,0,0.14833211898803708,0.31113624572753906,d901afe8ca6ef5630c96eaf25c7f7f65863c0163c65c334735e12d1f5540f44b,True,0.5248188972473145,1.5518665313720703,d901afe8ca6ef5630c96eaf25c7f7f65863c0163c65c334735e12d1f5540f44b
control,r5,classic,152026,2,9,0.2222222222222222,1,79,0,0.4021644592285155,0.6318092346191406,d21dd8be9b18c5cbd8b4f311719dc9cc012be1fc1ff06e2101eaac98df3c17a5,True,0.35257339477539057,0.4901885986328125,d21dd8be9b18c5cbd8b4f311719dc9cc012be1fc1ff06e2101eaac98df3c17a5
control,r5,classic,152027,3,9,0.3333333333333333,0,400,0,0.19289255142211914,0.3647804260253906,d17d09abc22c24401438b29af9ef9b793b5437169742e04355fba73ad811c7c7,True,0.2823472023010251,1.9567012786865234,d17d09abc22c24401438b29af9ef9b793b5437169742e04355fba73ad811c7c7
control,r5,classic,152028,1,9,0.1111111111111111,1,29,0,0.25596618652343733,0.3509521484375,ada0e23de15e4c055ac2d99fd83072d2081ebf128faf08fc3a17ff6453da7140,True,0.17766952514648432,0.32329559326171875,ada0e23de15e4c055ac2d99fd83072d2081ebf128faf08fc3a17ff6453da7140
control,r5,classic,152029,0,9,0.0,1,28,0,0.16535520553588864,0.39196014404296875,a9e4180e0813a8ff9d5c776657951958425db8bf3e3eb3fda20d17aaaabcad61,True,0.2578258514404295,0.347137451171875,a9e4180e0813a8ff9d5c776657951958425db8bf3e3eb3fda20d17aaaabcad61
control,r5,classic,152030,8,9,0.8888888888888888,0,400,0,0.3641128540039062,0.6940364837646484,5d5d1dcd7757f59b7cc01499b0132c22b18391688f199d4334e6bd4241e45b72,True,0.3229260444641112,0.8420944213867188,5d5d1dcd7757f59b7cc01499b0132c22b18391688f199d4334e6bd4241e45b72
control,r5,classic,152031,1,9,0.1111111111111111,0,400,0,0.13928413391113256,0.5588531494140625,4540a51917ce1ceaf2926e270cec54a2538e0c8f89f50747c0251c678bdb1476,True,0.12317895889282213,0.33211708068847656,4540a51917ce1ceaf2926e270cec54a2538e0c8f89f50747c0251c678bdb1476
control,r5,classic,152032,2,9,0.2222222222222222,0,400,0,0.3090858459472655,0.5860328674316406,7a297724060ebb610c544dc6587c98e74afcf37d7677a114ea682636158fa477,True,0.395405292510986,1.9512176513671875,7a297724060ebb610c544dc6587c98e74afcf37d7677a114ea682636158fa477
control,r5,classic,152033,2,9,0.2222222222222222,1,56,0,0.20307302474975586,0.4439353942871094,a7ed45d21e592880031a866705fb1dce27275423b1317954dcb125e439ca7896,True,0.21201372146606445,0.47588348388671875,a7ed45d21e592880031a866705fb1dce27275423b1317954dcb125e439ca7896
control,r5,classic,152034,9,9,1.0,0,400,0,0.1793265342712402,0.32401084899902344,d7ec4203aca0a7309374f3738ac04869cb02415231776ea87e27f76afa8873d6,True,0.5658030509948724,1.325845718383789,d7ec4203aca0a7309374f3738ac04869cb02415231776ea87e27f76afa8873d6
control,r5,classic,152035,1,9,0.1111111111111111,0,400,0,0.12280941009521482,0.3871917724609375,a3ad5da29cc15fc559d0ab7ee3f6a9fc2efd6820b2532222f7b61b2786ac9250,True,0.513327121734618,2.5169849395751953,a3ad5da29cc15fc559d0ab7ee3f6a9fc2efd6820b2532222f7b61b2786ac9250
control,r5,classic,152036,7,9,0.7777777777777778,0,400,0,0.19508600234985346,0.7760524749755859,d8c0c2cfaf31c538a417fbc4d255896cbfc69752200c187d8e0a5a406bd322e9,True,0.22107362747192377,0.5121231079101562,d8c0c2cfaf31c538a417fbc4d255896cbfc69752200c187d8e0a5a406bd322e9
control,r5,classic,152037,0,9,0.0,0,400,0,0.14653205871581998,0.3108978271484375,c5a447f6110ef0baced961b074ef3831ad7e2b1b9eb44912d53ec0b2ac9a1adf,True,0.16790628433227534,0.3840923309326172,c5a447f6110ef0baced961b074ef3831ad7e2b1b9eb44912d53ec0b2ac9a1adf
control,r5,classic,152038,4,9,0.4444444444444444,0,400,0,0.182199478149414,0.37026405334472656,7bc40a40de0c42406412fc10ec40cb158bf0a2bd04585b0b0fdf2056950da6de,True,0.16112327575683577,0.2751350402832031,7bc40a40de0c42406412fc10ec40cb158bf0a2bd04585b0b0fdf2056950da6de
control,r5,classic,152039,2,9,0.2222222222222222,0,400,1,0.22912025451660156,1.9252300262451172,84234898f80098e82addc33874e766ce6defc741122fd2e67efc493ecd0620c7,True,0.21610260009765617,0.5559921264648438,84234898f80098e82addc33874e766ce6defc741122fd2e67efc493ecd0620c7
control,r5,classic,152040,4,9,0.4444444444444444,0,400,0,0.16217231750488276,0.5562305450439453,fc2f1d741794c4de769a6fe61038d7b2ce70891a3601c00c9e29452987259ef6,True,0.14973878860473633,0.8130073547363281,fc2f1d741794c4de769a6fe61038d7b2ce70891a3601c00c9e29452987259ef6
control,r5,coin-heaven,153001,50,50,1.0,0,136,0,0.30732154846191406,0.3230571746826172,e343edd7315b2855e8c334b13c6e730af7e7a56456258b72b391a75fe9ccc75a,True,0.43123960494995117,3.312826156616211,e343edd7315b2855e8c334b13c6e730af7e7a56456258b72b391a75fe9ccc75a
control,r5,coin-heaven,153002,50,50,1.0,0,123,0,0.16880035400390614,0.35500526428222656,be7113133231c6560c37b1580d8b10f50c4c0ce0a9b5e00aa1835ba9b48efb66,True,0.9010076522827144,1.3620853424072266,be7113133231c6560c37b1580d8b10f50c4c0ce0a9b5e00aa1835ba9b48efb66
control,r5,coin-heaven,153003,50,50,1.0,0,134,0,0.21164417266845698,0.6260871887207031,40ad04d6007c0653db2a6fdbf886c8ee62a030cfb043d53e3c63f8e33768e57a,True,0.8137702941894528,1.4750957489013672,40ad04d6007c0653db2a6fdbf886c8ee62a030cfb043d53e3c63f8e33768e57a
control,r5,coin-heaven,153004,50,50,1.0,0,121,0,0.49614906311035156,0.9710788726806641,e3ab199727d68b3ef4164629eaa8ba5013e3badeb139ab2946f7d1730d948189,True,0.5843639373779297,1.5861988067626953,e3ab199727d68b3ef4164629eaa8ba5013e3badeb139ab2946f7d1730d948189
control,r5,coin-heaven,153005,50,50,1.0,0,137,0,0.8296966552734367,3.938913345336914,7e8b4dfafb7aa4ac492ef9b87aee9e7b530c4bb404023fd70178aee57f89316f,True,0.6420612335205076,2.2737979888916016,7e8b4dfafb7aa4ac492ef9b87aee9e7b530c4bb404023fd70178aee57f89316f
control,r5,coin-heaven,153006,50,50,1.0,0,121,0,0.6411075592041016,1.2359619140625,63843846a1c8fe769f05dbef1f1d682f18fcb93ef10392f1da0224dbe7524bd7,True,0.17905235290527344,0.7178783416748047,63843846a1c8fe769f05dbef1f1d682f18fcb93ef10392f1da0224dbe7524bd7
control,r5,coin-heaven,153007,50,50,1.0,0,121,0,0.16999244689941406,0.6279945373535156,6101122c300131771c0f217c40a41bc0b5bf0b5d22c48cd6c61aaf153099ddc8,True,0.11491775512695312,0.2448558807373047,6101122c300131771c0f217c40a41bc0b5bf0b5d22c48cd6c61aaf153099ddc8
control,r5,coin-heaven,153008,50,50,1.0,0,140,0,0.2634882926940909,0.3681182861328125,e0a23ec11c61f02a05bd842224fac964fa271c029d797ead27a2bfef9cea7259,True,0.2711892127990722,0.3859996795654297,e0a23ec11c61f02a05bd842224fac964fa271c029d797ead27a2bfef9cea7259
control,r5,coin-heaven,153009,50,50,1.0,0,114,0,0.11876821517944335,0.24390220642089844,58fe8f688249f6db49e2e1890eb32b937da5e6d1b39a4a874f5e92b379d00ebd,True,0.22164583206176747,0.38504600524902344,58fe8f688249f6db49e2e1890eb32b937da5e6d1b39a4a874f5e92b379d00ebd
control,r5,coin-heaven,153010,50,50,1.0,0,119,0,0.2065658569335936,0.26798248291015625,4413235a3f7c9fb2d8df22dea8dfdaf3d911e853c095b07e01e966f39a1cc5e8,True,0.22933483123779297,0.2930164337158203,4413235a3f7c9fb2d8df22dea8dfdaf3d911e853c095b07e01e966f39a1cc5e8
control,r5,coin-heaven,153011,50,50,1.0,0,123,0,0.25196075439453114,0.37288665771484375,446835029d953afb738af17a1ab245d684e54357127883ecf874594dbb41e4ad,True,0.22523403167724604,0.2911090850830078,446835029d953afb738af17a1ab245d684e54357127883ecf874594dbb41e4ad
control,r5,coin-heaven,153012,50,50,1.0,0,129,0,0.1281261444091797,0.21505355834960938,902be2bce1ea6705d94ae8af976426a4e2240b40f48e3597d4f9185966badf4d,True,0.21643638610839838,0.4432201385498047,902be2bce1ea6705d94ae8af976426a4e2240b40f48e3597d4f9185966badf4d
control,r5,coin-heaven,153013,50,50,1.0,0,131,0,0.3101825714111328,0.3509521484375,d6106b7e7cc45e17ccf06f2c89999f5d0621b46c7e35783258345da7eda1ba46,True,0.30159950256347656,0.8308887481689453,d6106b7e7cc45e17ccf06f2c89999f5d0621b46c7e35783258345da7eda1ba46
control,r5,coin-heaven,153014,50,50,1.0,0,121,0,0.2989768981933594,0.4200935363769531,c0bc21ac5b9f4bd368be120a00678494c9f615311cf81c99163fed39d8541852,True,0.1819133758544922,0.4107952117919922,c0bc21ac5b9f4bd368be120a00678494c9f615311cf81c99163fed39d8541852
control,r5,coin-heaven,153015,50,50,1.0,0,142,0,0.2597570419311523,0.5278587341308594,0cfa5f2250df685bb933b309e32d7ec1dfa00f5166e75ad55400dc75522a4b81,True,0.25910139083862305,0.30303001403808594,0cfa5f2250df685bb933b309e32d7ec1dfa00f5166e75ad55400dc75522a4b81
control,r5,coin-heaven,153016,50,50,1.0,0,125,0,0.36387443542480463,0.5877017974853516,dc660f3c586311dc6cd4b8623b712a377fd53daf9f5fb988affb86029fc8533a,True,0.21376609802246088,0.2989768981933594,dc660f3c586311dc6cd4b8623b712a377fd53daf9f5fb988affb86029fc8533a
control,r5,coin-heaven,153017,50,50,1.0,0,124,0,0.5003213882446287,1.0919570922851562,2bf418271a42e201d0202a54d7c5aa26f1fd9e0719ba79546a426e6b88d84098,True,0.27977228164672835,0.4410743713378906,2bf418271a42e201d0202a54d7c5aa26f1fd9e0719ba79546a426e6b88d84098
control,r5,coin-heaven,153018,50,50,1.0,0,123,0,0.2657651901245117,1.1861324310302734,b6cffae3ab5e6298cb51ab7b564dd13920abdd96d8d3edfd611d52d00fbb395c,True,0.15878677368164051,0.25200843811035156,b6cffae3ab5e6298cb51ab7b564dd13920abdd96d8d3edfd611d52d00fbb395c
control,r5,coin-heaven,153019,50,50,1.0,0,130,0,0.1520991325378418,0.3170967102050781,091ab783f3c31400dab10e7cb85054f4aa2a29c7badda9cf79e308c933cd0237,True,0.2862095832824706,0.8630752563476562,091ab783f3c31400dab10e7cb85054f4aa2a29c7badda9cf79e308c933cd0237
control,r5,coin-heaven,153020,50,50,1.0,0,129,0,0.144052505493164,0.3139972686767578,ca644cd7a5b003dc89050a3e95fa3ec57f1757d388452a0953eb2d1c6f392730,True,0.20785331726074213,0.43892860412597656,ca644cd7a5b003dc89050a3e95fa3ec57f1757d388452a0953eb2d1c6f392730
control,r5,coin-heaven,153021,50,50,1.0,0,129,0,0.12059211730957031,0.3077983856201172,28b8913d59f53f13c1c7ddababf92763f3a0574a76cef3e4d1630b22879fd88f,True,0.12164115905761717,0.2551078796386719,28b8913d59f53f13c1c7ddababf92763f3a0574a76cef3e4d1630b22879fd88f
control,r5,coin-heaven,153022,50,50,1.0,0,117,0,0.16012191772460918,0.4620552062988281,37d6cce83b067d684d6fc79393b145a0566598ab74ff91d5ed4b8d703b109ff4,True,0.15463829040527333,0.20122528076171875,37d6cce83b067d684d6fc79393b145a0566598ab74ff91d5ed4b8d703b109ff4
control,r5,coin-heaven,153023,50,50,1.0,0,123,0,0.21378993988037107,0.308990478515625,6a68f9f04a5eda4c78296bde15fe3a223860cc15fefa76d3412fb65c8fcea3fa,True,0.8407592773437493,4.455804824829102,6a68f9f04a5eda4c78296bde15fe3a223860cc15fefa76d3412fb65c8fcea3fa
control,r5,coin-heaven,153024,50,50,1.0,0,116,0,0.27447938919067383,0.6477832794189453,ef4d61c6b6f841ab38f12b51eefca3e7afdf374e7529dec530f309889a008617,True,0.3070831298828125,0.4830360412597656,ef4d61c6b6f841ab38f12b51eefca3e7afdf374e7529dec530f309889a008617
control,r5,coin-heaven,153025,50,50,1.0,0,134,0,0.26116371154785145,0.4990100860595703,8860a33c9075dfa66143ff079a356f292ddd487ca38d1c18bc4156a3518b0fe5,True,0.44404268264770486,3.103017807006836,8860a33c9075dfa66143ff079a356f292ddd487ca38d1c18bc4156a3518b0fe5
control,r5,coin-heaven,153026,50,50,1.0,0,127,0,0.1680135726928709,2.3889541625976562,39c302dc5ec8684c6fd90db54018544741c04a65e832ac7ca7af150b3edd967c,True,0.1462459564208984,0.4868507385253906,39c302dc5ec8684c6fd90db54018544741c04a65e832ac7ca7af150b3edd967c
control,r5,coin-heaven,153027,50,50,1.0,0,106,0,0.14132261276245117,0.5223751068115234,b1b17fc71c32465d57ab4e7bb09e3ca56ccd833719c505d12dc19be84d9e8abf,True,0.13321638107299805,0.23293495178222656,b1b17fc71c32465d57ab4e7bb09e3ca56ccd833719c505d12dc19be84d9e8abf
control,r5,coin-heaven,153028,50,50,1.0,0,124,0,0.21655559539794916,0.9589195251464844,beaa1cde7462bd1e970620b94143a63164f3cd4058e64e9dd52a2c7325abf518,True,0.14269351959228516,0.2980232238769531,beaa1cde7462bd1e970620b94143a63164f3cd4058e64e9dd52a2c7325abf518
control,r5,coin-heaven,153029,50,50,1.0,0,136,0,0.3520846366882324,0.6210803985595703,5981dabddafbf0aae81b82c23a6e8ac27d60b7b3a5ab51d814b09c26162dff0e,True,0.18459558486938477,0.35881996154785156,5981dabddafbf0aae81b82c23a6e8ac27d60b7b3a5ab51d814b09c26162dff0e
control,r5,coin-heaven,153030,50,50,1.0,0,131,0,0.2595186233520508,0.6930828094482422,d8e47fc5915f0867113b49bc6127603f6735f861b8b2acec5f4e804ba3f29b03,True,0.25713443756103516,0.3871917724609375,d8e47fc5915f0867113b49bc6127603f6735f861b8b2acec5f4e804ba3f29b03
control,r5,coin-heaven,153031,50,50,1.0,0,111,0,0.5971193313598633,1.878976821899414,c6c6a23ada9df90f3c9f1e39e4764312bf5a4d5037a417cb9be95b6bd701774d,True,0.1443624496459961,0.24318695068359375,c6c6a23ada9df90f3c9f1e39e4764312bf5a4d5037a417cb9be95b6bd701774d
control,r5,coin-heaven,153032,50,50,1.0,0,129,0,0.21576881408691395,0.2570152282714844,61921ba2f276f07617344fe1077a9c0950efe3eed643c85af407444cd8355f8f,True,0.291013717651367,0.4131793975830078,61921ba2f276f07617344fe1077a9c0950efe3eed643c85af407444cd8355f8f
control,r5,coin-heaven,153033,50,50,1.0,0,131,0,0.28002262115478516,0.3581047058105469,a1a8e9604098ec5948d2d09172d7064dd7ecafa6425ed139b1385c0185174ea6,True,0.6405115127563477,1.2311935424804688,a1a8e9604098ec5948d2d09172d7064dd7ecafa6425ed139b1385c0185174ea6
control,r5,coin-heaven,153034,50,50,1.0,0,121,0,0.1437664031982422,0.8358955383300781,0adfe0807f61e3e0def9b82014d2097e55143300b7fee21bd2f7b08634badc3d,True,0.2467632293701172,0.3819465637207031,0adfe0807f61e3e0def9b82014d2097e55143300b7fee21bd2f7b08634badc3d
control,r5,coin-heaven,153035,50,50,1.0,0,140,0,0.2108216285705566,1.0199546813964844,aab73025d92f5084809af333a0cc0d82923c190f047eb182e171ea5ef9b7dc16,True,0.22053718566894523,0.3829002380371094,aab73025d92f5084809af333a0cc0d82923c190f047eb182e171ea5ef9b7dc16
control,r5,coin-heaven,153036,50,50,1.0,0,120,0,0.1306414604187011,0.38504600524902344,2d7a228cf21768b5df43c375c7ab54ba2a47165bfc9aacfbc335f31a1a32db52,True,0.21148920059204093,0.5550384521484375,2d7a228cf21768b5df43c375c7ab54ba2a47165bfc9aacfbc335f31a1a32db52
control,r5,coin-heaven,153037,50,50,1.0,0,119,0,0.17497539520263672,0.1990795135498047,483557e615e7915bb2dd0f30686c6f109e21e46b5c464931c8840d0caee5e3bb,True,0.16307830810546875,0.2868175506591797,483557e615e7915bb2dd0f30686c6f109e21e46b5c464931c8840d0caee5e3bb
control,r5,coin-heaven,153038,50,50,1.0,0,112,0,0.1433730125427246,0.2429485321044922,2040c0ff6fc9c9fa58de2956dbdd41a8a7dabbb799bcead5db7bf97fb6fcb407,True,0.16099214553832997,0.2319812774658203,2040c0ff6fc9c9fa58de2956dbdd41a8a7dabbb799bcead5db7bf97fb6fcb407
control,r5,coin-heaven,153039,50,50,1.0,0,128,0,0.249636173248291,0.35309791564941406,e9b3e99fe4fdbf5aa0017170cede539ccec592778c05690e346238068d2f826c,True,0.411713123321533,0.9648799896240234,e9b3e99fe4fdbf5aa0017170cede539ccec592778c05690e346238068d2f826c
control,r5,coin-heaven,153040,50,50,1.0,0,121,0,0.2410411834716797,0.3452301025390625,4aec9ea637326955b0f4f7d8260c5dfed39834287df979ee07fe103359582fb3,True,0.19502639770507812,0.22912025451660156,4aec9ea637326955b0f4f7d8260c5dfed39834287df979ee07fe103359582fb3
control,r5,loot-crate,154001,14,50,0.28,0,400,1,0.24700164794921875,0.4858970642089844,0106e952f12833c4c01cf3c36586e4daae6b7bbcda282869bf598c9318f1b032,True,0.2299308776855468,0.3561973571777344,0106e952f12833c4c01cf3c36586e4daae6b7bbcda282869bf598c9318f1b032
control,r5,loot-crate,154002,3,50,0.06,0,400,0,0.4850506782531737,1.0230541229248047,72abd85195c6452f7c5647126b7a7fb7039e8d11844e5f02a43cfca4dbcad7e8,True,0.15220642089843742,0.3509521484375,72abd85195c6452f7c5647126b7a7fb7039e8d11844e5f02a43cfca4dbcad7e8
control,r5,loot-crate,154003,27,50,0.54,0,400,0,0.4843831062316891,2.213001251220703,039abc56938e4b4c01a165a90872b2d104b873693d2cee68f6efcc9e30f829eb,True,0.23045539855956976,0.47707557678222656,039abc56938e4b4c01a165a90872b2d104b873693d2cee68f6efcc9e30f829eb
control,r5,loot-crate,154004,33,50,0.66,0,400,1,0.2130508422851561,0.5292892456054688,c933e9538f7e6e53e4752353c89d49027de0e9fac625ed891319173c7406eed2,True,0.21711587905883775,0.5109310150146484,c933e9538f7e6e53e4752353c89d49027de0e9fac625ed891319173c7406eed2
control,r5,loot-crate,154005,3,50,0.06,1,51,0,0.20194053649902344,0.3108978271484375,6ecd03bf21de7a6d289b2d44c94d6309bf34625276cc852042462d9293a125b8,True,0.18644332885742188,0.3299713134765625,6ecd03bf21de7a6d289b2d44c94d6309bf34625276cc852042462d9293a125b8
control,r5,loot-crate,154006,29,50,0.58,0,400,0,0.27099847793579085,1.3561248779296875,974cf95f8c660926369f273d07875994e0a65ecb729fce2dbb58cc98780ae9d2,True,0.21120309829711895,1.9440650939941406,974cf95f8c660926369f273d07875994e0a65ecb729fce2dbb58cc98780ae9d2
control,r5,loot-crate,154007,4,50,0.08,0,400,0,0.26106834411621094,1.0941028594970703,389c7d2cb11de369e43ad29682222765214c985f638ee196dd3b769d74c89a13,True,0.16103982925415028,0.4649162292480469,389c7d2cb11de369e43ad29682222765214c985f638ee196dd3b769d74c89a13
control,r5,loot-crate,154008,3,50,0.06,0,400,0,0.37822723388671864,0.8950233459472656,41a1e9e306910d724e81b0ecf4c85fbfda2f47936d0df5973b7e86c38b94947b,True,0.26433467864990196,0.762939453125,41a1e9e306910d724e81b0ecf4c85fbfda2f47936d0df5973b7e86c38b94947b
control,r5,loot-crate,154009,0,50,0.0,0,400,0,0.2922058105468749,0.8499622344970703,28879beb97d95abacf255d6010b3d3d45d6e161b6ad7051c24d0b648efb0331b,True,0.24315118789672832,0.5247592926025391,28879beb97d95abacf255d6010b3d3d45d6e161b6ad7051c24d0b648efb0331b
control,r5,loot-crate,154010,36,50,0.72,0,400,1,0.31660795211791926,0.782012939453125,7a4a77209a30de51b9fc31a86a74bb94b5bb05c0ac8fb5d03519f68b14b3cfee,True,0.3890633583068846,1.104116439819336,7a4a77209a30de51b9fc31a86a74bb94b5bb05c0ac8fb5d03519f68b14b3cfee
control,r5,loot-crate,154011,10,50,0.2,0,400,0,0.2489566802978515,0.6148815155029297,f5d41926bbfce52050caf734f83abe4efdba694e736dd2a709379053f850ca60,True,0.23202896118164057,0.40602684020996094,f5d41926bbfce52050caf734f83abe4efdba694e736dd2a709379053f850ca60
control,r5,loot-crate,154012,4,50,0.08,0,400,0,0.13813972473144523,0.37670135498046875,a76440827cf36718114cf70dc795671e9f829e19fe7128c533637bd9ddf73c7c,True,0.1378178596496582,0.28705596923828125,a76440827cf36718114cf70dc795671e9f829e19fe7128c533637bd9ddf73c7c
control,r5,loot-crate,154013,11,50,0.22,0,400,0,0.2580165863037109,0.4730224609375,b06a8b92b56251bee669e7be93a3e7cfa6b7fab952045410c9e86bf12f13c2fe,True,0.26707649230957026,0.7171630859375,b06a8b92b56251bee669e7be93a3e7cfa6b7fab952045410c9e86bf12f13c2fe
control,r5,loot-crate,154014,14,50,0.28,0,400,0,0.18696784973144526,0.2970695495605469,36ccd2636eda7d070a04b5313a4ebf548d4d552a26edcad34b93fb2df3c5ffa9,True,0.17691850662231445,0.30612945556640625,36ccd2636eda7d070a04b5313a4ebf548d4d552a26edcad34b93fb2df3c5ffa9
control,r5,loot-crate,154015,4,50,0.08,1,43,0,0.1489400863647461,0.2841949462890625,4ce0d971eca109cef419139c2f1a9494eb771a0f9ca18ce25989c45ac2064836,True,0.8065700531005858,0.9620189666748047,4ce0d971eca109cef419139c2f1a9494eb771a0f9ca18ce25989c45ac2064836
control,r5,loot-crate,154016,25,50,0.5,0,400,0,0.6199479103088379,1.3899803161621094,74e077dd89ebabc47da6ffe51025bd8a52f39edc59e6c931736c50a5640e1337,True,0.4443287849426266,1.1031627655029297,74e077dd89ebabc47da6ffe51025bd8a52f39edc59e6c931736c50a5640e1337
control,r5,loot-crate,154017,6,50,0.12,0,400,0,0.5489230155944816,9.041070938110352,b2e49c517cb2c92a5029c7b8515b49847cde8f495e52fc366b94b0db022370e9,True,0.16198158264160148,0.8051395416259766,b2e49c517cb2c92a5029c7b8515b49847cde8f495e52fc366b94b0db022370e9
control,r5,loot-crate,154018,2,50,0.04,1,29,0,0.25095939636230447,0.5340576171875,1ba62ba8bfbc13ff96e3516e3c3fbed25cd4dae2ed37fd772cfea5c1ac2e4b63,True,0.13675689697265625,0.2961158752441406,1ba62ba8bfbc13ff96e3516e3c3fbed25cd4dae2ed37fd772cfea5c1ac2e4b63
control,r5,loot-crate,154019,12,50,0.24,1,173,0,0.22158622741699222,0.3502368927001953,f3cb6bf2e09a939801837fd673917f6f54fc788322334930b8d4f9bd5fe32618,True,0.2018451690673828,0.4818439483642578,f3cb6bf2e09a939801837fd673917f6f54fc788322334930b8d4f9bd5fe32618
control,r5,loot-crate,154020,9,50,0.18,1,135,0,0.1560688018798828,0.27179718017578125,1d4b1d394bd2daf41dd22e7843082dc548523484ea8066682d5032568a347170,True,0.1551389694213867,0.804901123046875,1d4b1d394bd2daf41dd22e7843082dc548523484ea8066682d5032568a347170
control,r5,loot-crate,154021,3,50,0.06,0,400,0,0.17501115798950195,0.4131793975830078,d29a18924ffd21da10ac68deace04f298863643c362772c4abaf3660635fff9e,True,0.2422690391540527,3.8666725158691406,d29a18924ffd21da10ac68deace04f298863643c362772c4abaf3660635fff9e
control,r5,loot-crate,154022,8,50,0.16,1,165,1,0.1749515533447265,0.36716461181640625,0658b9e7a8c55aa8d660b9e9bad53dcbdae4d957a43fd7a5a1b4037688114900,True,0.1880645751953125,0.576019287109375,0658b9e7a8c55aa8d660b9e9bad53dcbdae4d957a43fd7a5a1b4037688114900
control,r5,loot-crate,154023,33,50,0.66,0,400,1,0.34950971603393405,0.9081363677978516,7267856a83ccc9274906055e526dce198f4a27a74f136c1f39c771e027a04418,True,0.404572486877441,1.3213157653808594,7267856a83ccc9274906055e526dce198f4a27a74f136c1f39c771e027a04418
control,r5,loot-crate,154024,12,50,0.24,1,190,0,0.4414319992065425,1.127004623413086,f7fbc13d75273e73ac52e8b02575b0a8526fdf537bea259889dd706e0007d87f,True,0.28841495513916005,0.7011890411376953,f7fbc13d75273e73ac52e8b02575b0a8526fdf537bea259889dd706e0007d87f
control,r5,loot-crate,154025,2,50,0.04,1,70,0,0.851392745971679,3.926992416381836,c6600f3fc3c00bbdc5e2cfd774583a518c5d6d49e7590c77e94ebbca383bfe45,True,0.380110740661621,0.9601116180419922,c6600f3fc3c00bbdc5e2cfd774583a518c5d6d49e7590c77e94ebbca383bfe45
control,r5,loot-crate,154026,8,50,0.16,0,400,1,0.19698143005371088,0.47707557678222656,aed3a2115ed3a08099be0d77531a92208c479afa090cc3a8c0f7a391b5f02e69,True,0.7471680641174314,2.7899742126464844,aed3a2115ed3a08099be0d77531a92208c479afa090cc3a8c0f7a391b5f02e69
control,r5,loot-crate,154027,9,50,0.18,0,400,0,0.2110004425048828,0.39005279541015625,b63e638cfb0cba69387813a22ebea6cf5537eba9d2b6f2c54d11cfa7a3886ac7,True,0.7500410079956052,2.2847652435302734,b63e638cfb0cba69387813a22ebea6cf5537eba9d2b6f2c54d11cfa7a3886ac7
control,r5,loot-crate,154028,10,50,0.2,0,400,0,0.1801490783691405,0.3273487091064453,5a61304482f587156f6182623f25d915846aa57b0bdfaceb2b46d98ed23bea4a,True,0.17429590225219704,1.708984375,5a61304482f587156f6182623f25d915846aa57b0bdfaceb2b46d98ed23bea4a
control,r5,loot-crate,154029,1,50,0.02,1,28,0,0.14431476593017578,0.5040168762207031,a34c3f8c37ade113304f834f21b733a8b3b7088063ad1b1c802be8ffe7c9b52b,True,0.18478631973266593,0.2949237823486328,a34c3f8c37ade113304f834f21b733a8b3b7088063ad1b1c802be8ffe7c9b52b
control,r5,loot-crate,154030,25,50,0.5,0,400,1,0.21988153457641596,0.9050369262695312,c4ab8a1508294790768325a2519e1d784a1b08fd3e3b80281bda87c9254a1624,True,0.23417472839355463,0.4181861877441406,c4ab8a1508294790768325a2519e1d784a1b08fd3e3b80281bda87c9254a1624
control,r5,loot-crate,154031,16,50,0.32,0,400,0,0.2067804336547851,0.6589889526367188,fc291d06653a9533aabd347b2dd2a4bd7c08362af8ced50adbe361a54884e0cb,True,0.21800994873046867,0.9338855743408203,fc291d06653a9533aabd347b2dd2a4bd7c08362af8ced50adbe361a54884e0cb
control,r5,loot-crate,154032,12,50,0.24,0,400,0,0.18005371093749994,0.6840229034423828,1c10f4c06993239b96ce70fec23dcf7f96300f34c937fc91702ee3aef9e9db7d,True,0.1879215240478515,0.820159912109375,1c10f4c06993239b96ce70fec23dcf7f96300f34c937fc91702ee3aef9e9db7d
control,r5,loot-crate,154033,0,50,0.0,0,400,0,0.13195276260375965,0.42176246643066406,32051592f5e6052853394798b20a9d1d2782c875c32e8b1ac9f8d5bf346bab2c,True,0.12117624282836909,0.5290508270263672,32051592f5e6052853394798b20a9d1d2782c875c32e8b1ac9f8d5bf346bab2c
control,r5,loot-crate,154034,3,50,0.06,1,55,0,0.3661632537841795,0.5519390106201172,b81c5034b6728307983c6e04b4f70674cfcb5b528f7878420d36d3fb4412ad76,True,0.15876293182373044,0.7441043853759766,b81c5034b6728307983c6e04b4f70674cfcb5b528f7878420d36d3fb4412ad76
control,r5,loot-crate,154035,6,50,0.12,1,95,0,0.18794536590576166,0.3688335418701172,c04aa9b6db4771ff9886230350da6132d30e93df25051a922cafd3cf0bbcd378,True,0.2110004425048827,0.41794776916503906,c04aa9b6db4771ff9886230350da6132d30e93df25051a922cafd3cf0bbcd378
control,r5,loot-crate,154036,6,50,0.12,1,58,0,0.20765066146850575,0.3948211669921875,f0850f27d5466922cd79de366a6587b13d961144e24f9d2921cc0453294d2582,True,0.5409836769104003,1.0297298431396484,f0850f27d5466922cd79de366a6587b13d961144e24f9d2921cc0453294d2582
control,r5,loot-crate,154037,10,50,0.2,0,400,1,0.21015405654907215,0.5259513854980469,e92a37850a46de6b3de6ca84b908d17fe55232b1bac4664c174cf7ece424c329,True,0.5914330482482907,2.174854278564453,e92a37850a46de6b3de6ca84b908d17fe55232b1bac4664c174cf7ece424c329
control,r5,loot-crate,154038,3,50,0.06,1,41,0,0.21982192993164062,0.3631114959716797,93998dccdd78ee66d6e8e4e283c56b3f6b96f250b8e3663e08dec5882b4f67a8,True,0.17309188842773438,0.293731689453125,93998dccdd78ee66d6e8e4e283c56b3f6b96f250b8e3663e08dec5882b4f67a8
control,r5,loot-crate,154039,3,50,0.06,0,400,0,0.22103786468505834,0.37384033203125,63322476cae982e9397cfeccf2bd70372514a351aa1dab69d4b5171fa1417d0a,True,0.27017593383789057,1.6057491302490234,63322476cae982e9397cfeccf2bd70372514a351aa1dab69d4b5171fa1417d0a
control,r5,loot-crate,154040,4,50,0.08,0,400,0,0.16704797744750963,0.6918907165527344,e0c8bdf1e5b7a2fac5f413fe25f5dd21ffdb8c78a67c44f05be9f9d610c7032c,True,0.17004013061523432,0.6797313690185547,e0c8bdf1e5b7a2fac5f413fe25f5dd21ffdb8c78a67c44f05be9f9d610c7032c
candidate,r1,classic,152001,1,9,0.1111111111111111,0,400,0,0.78054666519165,2.0089149475097656,67d292a9bbfb9af1ae94e3f7cfae287badab8c2ede24e191f7d7516969f25fa5,True,0.3125429153442379,1.0690689086914062,67d292a9bbfb9af1ae94e3f7cfae287badab8c2ede24e191f7d7516969f25fa5
candidate,r1,classic,152002,1,9,0.1111111111111111,0,400,0,0.6116151809692378,3.8406848907470703,6d572bb18271b6f9e7ab45f172de6892df6dba55a64870cddb4525b5e150f5da,True,0.3193020820617673,0.9999275207519531,6d572bb18271b6f9e7ab45f172de6892df6dba55a64870cddb4525b5e150f5da
candidate,r1,classic,152003,4,9,0.4444444444444444,0,400,0,0.2733111381530761,0.5140304565429688,3cef44781560dc7934e0186110a379d67a5969deac2337d9a33cccc975efcfc2,True,0.18095970153808594,0.7860660552978516,3cef44781560dc7934e0186110a379d67a5969deac2337d9a33cccc975efcfc2
candidate,r1,classic,152004,3,9,0.3333333333333333,0,400,0,0.2390146255493163,1.535177230834961,29602a99e423fc84c4e0ce232ce3e49be6a4a398b92c4db11fd82ca102c19791,True,0.2041101455688474,0.40340423583984375,29602a99e423fc84c4e0ce232ce3e49be6a4a398b92c4db11fd82ca102c19791
candidate,r1,classic,152005,1,9,0.1111111111111111,0,400,0,0.3138780593872069,2.5620460510253906,1a11aae514b598aef5aae9141cb86fdff847052908a8d446aee7861b8fcf7857,True,0.1769661903381347,0.6861686706542969,1a11aae514b598aef5aae9141cb86fdff847052908a8d446aee7861b8fcf7857
candidate,r1,classic,152006,1,9,0.1111111111111111,0,400,0,0.22375583648681585,1.291036605834961,d1d61721b2cc9002276335123463190a9ee11ef7320a6c915d99d7976de44a32,True,0.19726753234863273,0.6971359252929688,d1d61721b2cc9002276335123463190a9ee11ef7320a6c915d99d7976de44a32
candidate,r1,classic,152007,0,9,0.0,0,400,0,0.13905763626098627,0.4458427429199219,203a2de7765d6990e21156ae5070784b886fed3f3c14ffefca3b5fcedf387843,True,0.1753211021423339,0.5249977111816406,203a2de7765d6990e21156ae5070784b886fed3f3c14ffefca3b5fcedf387843
candidate,r1,classic,152008,3,9,0.3333333333333333,0,400,0,0.2937436103820792,1.0180473327636719,66158e8a25a375ab0ef314378b267bea59b6a93bda8de6c15e158a477aa954c8,True,0.18095970153808594,0.6198883056640625,66158e8a25a375ab0ef314378b267bea59b6a93bda8de6c15e158a477aa954c8
candidate,r1,classic,152009,1,9,0.1111111111111111,0,400,0,0.27027130126953114,0.6489753723144531,59ac16ea9c15a840a79d0210ce219128f6e43e55296f649cdb8c9f09eca19a7a,True,0.18405914306640625,1.444101333618164,59ac16ea9c15a840a79d0210ce219128f6e43e55296f649cdb8c9f09eca19a7a
candidate,r1,classic,152010,0,9,0.0,0,400,0,0.22825002670288078,1.0218620300292969,409af3ec0c7fc8a6894b17e2014b62d3903358ebd35820d5b9760cecc20af236,True,0.31757354736328,2.062082290649414,409af3ec0c7fc8a6894b17e2014b62d3903358ebd35820d5b9760cecc20af236
candidate,r1,classic,152011,1,9,0.1111111111111111,0,400,0,0.48792362213134755,2.811908721923828,bfc10208ab067367b2c9186f1cca473ce9007a50e2831bc2264dc3e2bc8f6290,True,0.21317005157470678,1.590728759765625,bfc10208ab067367b2c9186f1cca473ce9007a50e2831bc2264dc3e2bc8f6290
candidate,r1,classic,152012,1,9,0.1111111111111111,0,400,0,0.5881786346435536,1.177072525024414,1b6ad74c585fb5fd0198c059248ac9b05ca037b9ff2c57ce1bf7e8971ec2be8e,True,0.45912265777587813,1.5919208526611328,1b6ad74c585fb5fd0198c059248ac9b05ca037b9ff2c57ce1bf7e8971ec2be8e
candidate,r1,classic,152013,3,9,0.3333333333333333,0,400,0,0.19006729125976557,0.6787776947021484,dfe0cf02f8c8e78acdbb2f501cf0f020eb4cb96e6d98f09f7e38db48b3f57656,True,0.5913019180297847,1.2521743774414062,dfe0cf02f8c8e78acdbb2f501cf0f020eb4cb96e6d98f09f7e38db48b3f57656
candidate,r1,classic,152014,2,9,0.2222222222222222,0,400,0,0.13126134872436512,0.45680999755859375,27dab95cc7cf6a1feb35f4c3c1af5419ce4581e6fd48d4df5c7b18e0259c3a70,True,0.4430174827575683,2.4759769439697266,27dab95cc7cf6a1feb35f4c3c1af5419ce4581e6fd48d4df5c7b18e0259c3a70
candidate,r1,classic,152015,2,9,0.2222222222222222,0,400,0,0.21778345108032174,1.1570453643798828,9abb802d60558039c1e891df3ff0c00a5ecb4e5a7000b95ecd77e04ede3007ac,True,0.18526315689086892,0.8392333984375,9abb802d60558039c1e891df3ff0c00a5ecb4e5a7000b95ecd77e04ede3007ac
candidate,r1,classic,152016,0,9,0.0,0,400,0,0.17482042312622065,0.43010711669921875,b58b759823549844113aad99d6ef0f54defd2ca21dcc816bd3e28a12265d8f28,True,0.17821788787841764,0.9047985076904297,b58b759823549844113aad99d6ef0f54defd2ca21dcc816bd3e28a12265d8f28
candidate,r1,classic,152017,0,9,0.0,0,400,0,0.14611482620239238,0.5519390106201172,adae58e01be2d72740aa1efec220be4a9dbbd4775f0f4202b7d13b7937b325b8,True,0.1920342445373534,1.6219615936279297,adae58e01be2d72740aa1efec220be4a9dbbd4775f0f4202b7d13b7937b325b8
candidate,r1,classic,152018,0,9,0.0,0,400,0,0.17127990722656242,2.337932586669922,0a28d14571c4d43b793e6f90e208b8dc5b6d0be3b60e362eb8378fb21d061b8d,True,0.13408660888671867,0.4241466522216797,0a28d14571c4d43b793e6f90e208b8dc5b6d0be3b60e362eb8378fb21d061b8d
candidate,r1,classic,152019,1,9,0.1111111111111111,0,400,0,0.775361061096191,1.8012523651123047,ff6dcaf0ff7f17930b3b827b8f82d1fd21c57f33767e5acfc0053c9c235a3ae9,True,0.30416250228881797,1.2159347534179688,ff6dcaf0ff7f17930b3b827b8f82d1fd21c57f33767e5acfc0053c9c235a3ae9
candidate,r1,classic,152020,1,9,0.1111111111111111,0,400,0,0.3386259078979487,1.6410350799560547,7b2899a7ad418c36422c0c2e199a507f1f74adb60dd1e286f95528236c0e9250,True,0.17515420913696275,1.007080078125,7b2899a7ad418c36422c0c2e199a507f1f74adb60dd1e286f95528236c0e9250
candidate,r1,classic,152021,4,9,0.4444444444444444,0,400,0,0.16517639160156233,0.33593177795410156,d389c06963afe404bd067a2a8146c36463b5d9e28bf0c6d36b615213c63cdd11,True,0.20707845687866133,1.1401176452636719,d389c06963afe404bd067a2a8146c36463b5d9e28bf0c6d36b615213c63cdd11
candidate,r1,classic,152022,3,9,0.3333333333333333,0,400,0,0.42761564254760687,3.030061721801758,5becfcaf9d2e40a9773f07a65fb2d7a6489e6d5d0d1189b27ab73952840e4fa4,True,0.2519845962524412,0.8978843688964844,5becfcaf9d2e40a9773f07a65fb2d7a6489e6d5d0d1189b27ab73952840e4fa4
candidate,r1,classic,152023,0,9,0.0,0,400,0,0.18197298049926752,1.1827945709228516,cfcedc5ef276dd75db9e2ced47808265f66e244dc5738a6e4fe0c4edf8dd43f1,True,0.1841068267822265,0.47469139099121094,cfcedc5ef276dd75db9e2ced47808265f66e244dc5738a6e4fe0c4edf8dd43f1
candidate,r1,classic,152024,1,9,0.1111111111111111,0,400,0,0.20813941955566406,0.6711483001708984,8187d58b5d0b5d4e6a31e0659b1d68ef325607fdd1827af286d7f0d6938402e4,True,0.32650232315063443,1.0480880737304688,8187d58b5d0b5d4e6a31e0659b1d68ef325607fdd1827af286d7f0d6938402e4
candidate,r1,classic,152025,3,9,0.3333333333333333,0,400,0,0.19026994705200173,0.48065185546875,fa83251c6737aa03179e2b3b6d0de1a80b1fbd6ad866b4e819aecb3fd9e66384,True,0.23702383041381833,1.0020732879638672,fa83251c6737aa03179e2b3b6d0de1a80b1fbd6ad866b4e819aecb3fd9e66384
candidate,r1,classic,152026,1,9,0.1111111111111111,0,400,0,0.19804239273071275,2.213001251220703,946a256477b0ef1eabbda62c9768a24b9eb268f8d38a9ec398bb895e7ef46737,True,0.1671314239501953,0.5621910095214844,946a256477b0ef1eabbda62c9768a24b9eb268f8d38a9ec398bb895e7ef46737
candidate,r1,classic,152027,2,9,0.2222222222222222,0,400,0,0.36622285842895486,1.4019012451171875,450a67f1acc0f426b0fa349b0bcb868a4f567e323325778ae04464b067c16501,True,1.0486960411071744,5.202770233154297,450a67f1acc0f426b0fa349b0bcb868a4f567e323325778ae04464b067c16501
candidate,r1,classic,152028,2,9,0.2222222222222222,0,400,0,0.4571557044982909,4.527807235717773,8afd5ddbabc923b24b0e5005f7a3e8894b154913af75d3808c77a4f30251c841,True,0.3588676452636718,0.9529590606689453,8afd5ddbabc923b24b0e5005f7a3e8894b154913af75d3808c77a4f30251c841
candidate,r1,classic,152029,0,9,0.0,0,400,0,0.6124377250671381,3.341197967529297,c6ea3781d1200474ce9af7db3f5f119297e6a829b9a41b7401293b201ab3eca3,True,0.1371383666992187,0.5490779876708984,c6ea3781d1200474ce9af7db3f5f119297e6a829b9a41b7401293b201ab3eca3
candidate,r1,classic,152030,0,9,0.0,0,400,0,0.5703926086425776,2.7379989624023438,a46620fe3c3370c3c2fe5a4a7b4eb292f69974b0f0031ca940509e5de320934f,True,0.18529891967773432,0.5388259887695312,a46620fe3c3370c3c2fe5a4a7b4eb292f69974b0f0031ca940509e5de320934f
candidate,r1,classic,152031,1,9,0.1111111111111111,0,400,0,0.15813112258911127,0.44608116149902344,4ba7c34128a17e610e314edab1be656d1620532eac328c50ec120f05e5111f0b,True,0.15794038772582997,0.3261566162109375,4ba7c34128a17e610e314edab1be656d1620532eac328c50ec120f05e5111f0b
candidate,r1,classic,152032,0,9,0.0,0,400,0,0.38414001464843744,0.9541511535644531,d5e800ac2b55fcdde4c0b0d34f52f3f2ea990e80621365f1b21c28563ab9c82d,True,0.17881393432617188,0.8840560913085938,d5e800ac2b55fcdde4c0b0d34f52f3f2ea990e80621365f1b21c28563ab9c82d
candidate,r1,classic,152033,2,9,0.2222222222222222,0,400,0,0.29006004333495994,0.8611679077148438,b5fb8b8c9b23bf7ec0127f36030eb26146a846e69f0982fd85e1203c3a0525fa,True,0.26944875717162975,1.4972686767578125,b5fb8b8c9b23bf7ec0127f36030eb26146a846e69f0982fd85e1203c3a0525fa
candidate,r1,classic,152034,2,9,0.2222222222222222,0,400,0,0.2984642982482889,1.4636516571044922,2808fb5bc70fa7154d75a1d3e7da47ba5322fd28ea271e60ea6144f658f1951d,True,0.15629529953002919,0.4100799560546875,2808fb5bc70fa7154d75a1d3e7da47ba5322fd28ea271e60ea6144f658f1951d
candidate,r1,classic,152035,1,9,0.1111111111111111,0,400,0,0.3163814544677732,2.0520687103271484,bd0d1c754a4584c7cdf3b94f18c33aeef21145821aaaa689c8286348d4197905,True,0.16690492630004883,0.8208751678466797,bd0d1c754a4584c7cdf3b94f18c33aeef21145821aaaa689c8286348d4197905
candidate,r1,classic,152036,2,9,0.2222222222222222,0,400,0,0.1900196075439453,0.6330013275146484,b255f1395d9be0a4315c0fe564e03c038668d4b9028dc7bb648e6f219593931b,True,0.18405914306640625,1.1830329895019531,b255f1395d9be0a4315c0fe564e03c038668d4b9028dc7bb648e6f219593931b
candidate,r1,classic,152037,1,9,0.1111111111111111,0,400,0,0.288105010986328,6.228923797607422,2550c4defe10a3cd6daac6c2f3fd2113afb239fa102d52531507c6ce3661780a,True,0.19346475601196259,0.6740093231201172,2550c4defe10a3cd6daac6c2f3fd2113afb239fa102d52531507c6ce3661780a
candidate,r1,classic,152038,0,9,0.0,0,400,0,0.5411982536315914,2.9799938201904297,ed9c23e2eaedcb8ca9414d50c6d5d5f4d38b9581cca1d20de715fea3dcefefe0,True,0.13999938964843744,0.28204917907714844,ed9c23e2eaedcb8ca9414d50c6d5d5f4d38b9581cca1d20de715fea3dcefefe0
candidate,r1,classic,152039,0,9,0.0,0,400,0,0.4308104515075677,1.7850399017333984,1550a5e6c125d92a79085d40f35a5eed34ed01971fc94293e7e42555f5670bb5,True,0.16518831253051738,0.8580684661865234,1550a5e6c125d92a79085d40f35a5eed34ed01971fc94293e7e42555f5670bb5
candidate,r1,classic,152040,0,9,0.0,0,400,0,0.14119148254394526,0.5829334259033203,546b770e4a6280963f551d9d06db65688761f55c0c37ff0c3e567c33ff8d06c6,True,0.13494491577148438,0.7421970367431641,546b770e4a6280963f551d9d06db65688761f55c0c37ff0c3e567c33ff8d06c6
candidate,r1,coin-heaven,153001,50,50,1.0,0,135,0,0.7568359375,2.6149749755859375,1865bc04168532487eab8aede3e015c780e6b646dc18f79291a9fe044c2a20bb,True,0.3037691116333007,0.34117698669433594,1865bc04168532487eab8aede3e015c780e6b646dc18f79291a9fe044c2a20bb
candidate,r1,coin-heaven,153002,50,50,1.0,0,123,0,0.41100978851318354,0.9560585021972656,be7113133231c6560c37b1580d8b10f50c4c0ce0a9b5e00aa1835ba9b48efb66,True,0.16362667083740232,0.49495697021484375,be7113133231c6560c37b1580d8b10f50c4c0ce0a9b5e00aa1835ba9b48efb66
candidate,r1,coin-heaven,153003,50,50,1.0,0,134,0,0.22461414337158186,0.4382133483886719,40ad04d6007c0653db2a6fdbf886c8ee62a030cfb043d53e3c63f8e33768e57a,True,0.20327568054199208,0.3139972686767578,40ad04d6007c0653db2a6fdbf886c8ee62a030cfb043d53e3c63f8e33768e57a
candidate,r1,coin-heaven,153004,50,50,1.0,0,118,0,0.28259754180908186,0.5681514739990234,efc21188457790826695deb8d251c024d221924450b02e81aa572d7c614c9dbd,True,0.20236968994140622,0.3788471221923828,efc21188457790826695deb8d251c024d221924450b02e81aa572d7c614c9dbd
candidate,r1,coin-heaven,153005,50,50,1.0,0,130,0,0.1856684684753417,0.5099773406982422,89e94552d14420c339f10b7d65081130c29402ad4bafbebc6e78a63a0106eb76,True,0.16837120056152344,0.6251335144042969,89e94552d14420c339f10b7d65081130c29402ad4bafbebc6e78a63a0106eb76
candidate,r1,coin-heaven,153006,50,50,1.0,0,121,0,0.15974044799804688,0.293731689453125,63843846a1c8fe769f05dbef1f1d682f18fcb93ef10392f1da0224dbe7524bd7,True,0.21791458129882812,0.4200935363769531,63843846a1c8fe769f05dbef1f1d682f18fcb93ef10392f1da0224dbe7524bd7
candidate,r1,coin-heaven,153007,50,50,1.0,0,121,0,0.1437664031982422,0.46706199645996094,6101122c300131771c0f217c40a41bc0b5bf0b5d22c48cd6c61aaf153099ddc8,True,0.1590251922607422,0.3249645233154297,6101122c300131771c0f217c40a41bc0b5bf0b5d22c48cd6c61aaf153099ddc8
candidate,r1,coin-heaven,153008,50,50,1.0,0,135,0,0.2824544906616211,0.33783912658691406,d10a97756858564f931275ade27a438140fcbd8af70b125c25d7f2a2a64735a1,True,0.2822399139404297,0.3249645233154297,d10a97756858564f931275ade27a438140fcbd8af70b125c25d7f2a2a64735a1
candidate,r1,coin-heaven,153009,50,50,1.0,0,114,0,0.1808762550354003,0.3247261047363281,58fe8f688249f6db49e2e1890eb32b937da5e6d1b39a4a874f5e92b379d00ebd,True,0.12834072113037107,0.18596649169921875,58fe8f688249f6db49e2e1890eb32b937da5e6d1b39a4a874f5e92b379d00ebd
candidate,r1,coin-heaven,153010,50,50,1.0,0,119,0,0.27322769165039057,1.2660026550292969,4413235a3f7c9fb2d8df22dea8dfdaf3d911e853c095b07e01e966f39a1cc5e8,True,0.2682924270629883,0.7989406585693359,4413235a3f7c9fb2d8df22dea8dfdaf3d911e853c095b07e01e966f39a1cc5e8
candidate,r1,coin-heaven,153011,50,50,1.0,0,124,0,0.27256011962890625,0.33783912658691406,0555ee2e15f49db16ed5cc3ebb827ebed5a124eaf26b7340d11a23612301b4c1,True,0.9347915649414062,1.7731189727783203,0555ee2e15f49db16ed5cc3ebb827ebed5a124eaf26b7340d11a23612301b4c1
candidate,r1,coin-heaven,153012,50,50,1.0,0,134,0,0.1654982566833496,0.27298927307128906,bcbd023ff8f415b1656635f3fad68d664eb129bd93d39dd3ce68d0896370d447,True,0.41939020156860324,1.3928413391113281,bcbd023ff8f415b1656635f3fad68d664eb129bd93d39dd3ce68d0896370d447
candidate,r1,coin-heaven,153013,50,50,1.0,0,131,0,0.3000497817993164,0.6220340728759766,d6106b7e7cc45e17ccf06f2c89999f5d0621b46c7e35783258345da7eda1ba46,True,0.6275177001953125,1.2409687042236328,d6106b7e7cc45e17ccf06f2c89999f5d0621b46c7e35783258345da7eda1ba46
candidate,r1,coin-heaven,153014,50,50,1.0,0,121,0,0.1888275146484375,0.37288665771484375,c0bc21ac5b9f4bd368be120a00678494c9f615311cf81c99163fed39d8541852,True,0.15091896057128906,0.23031234741210938,c0bc21ac5b9f4bd368be120a00678494c9f615311cf81c99163fed39d8541852
candidate,r1,coin-heaven,153015,50,50,1.0,0,142,0,0.33056735992431635,0.9980201721191406,0cfa5f2250df685bb933b309e32d7ec1dfa00f5166e75ad55400dc75522a4b81,True,0.25887489318847656,0.3190040588378906,0cfa5f2250df685bb933b309e32d7ec1dfa00f5166e75ad55400dc75522a4b81
candidate,r1,coin-heaven,153016,50,50,1.0,0,125,0,0.2680301666259765,0.8037090301513672,dc660f3c586311dc6cd4b8623b712a377fd53daf9f5fb988affb86029fc8533a,True,0.16531944274902344,0.22792816162109375,dc660f3c586311dc6cd4b8623b712a377fd53daf9f5fb988affb86029fc8533a
candidate,r1,coin-heaven,153017,50,50,1.0,0,123,0,0.4529476165771481,1.2769699096679688,3d475a54de8a1789d32e91237d6723274c39efe434aff7c07c1b728222c8414f,True,0.1318693161010742,0.286102294921875,3d475a54de8a1789d32e91237d6723274c39efe434aff7c07c1b728222c8414f
candidate,r1,coin-heaven,153018,50,50,1.0,0,123,0,0.2946138381958007,0.5791187286376953,b6cffae3ab5e6298cb51ab7b564dd13920abdd96d8d3edfd611d52d00fbb395c,True,0.2548933029174802,0.6389617919921875,b6cffae3ab5e6298cb51ab7b564dd13920abdd96d8d3edfd611d52d00fbb395c
candidate,r1,coin-heaven,153019,50,50,1.0,0,130,0,0.19735097885131833,0.5688667297363281,091ab783f3c31400dab10e7cb85054f4aa2a29c7badda9cf79e308c933cd0237,True,0.21233558654785142,0.4639625549316406,091ab783f3c31400dab10e7cb85054f4aa2a29c7badda9cf79e308c933cd0237
candidate,r1,coin-heaven,153020,50,50,1.0,0,128,0,0.32097101211547846,0.8261203765869141,db724d1332ddc5668d4a27e49a55a121eff3a2a9646977a2fa995aa41b4f4720,True,0.295627117156982,0.9191036224365234,db724d1332ddc5668d4a27e49a55a121eff3a2a9646977a2fa995aa41b4f4720
candidate,r1,coin-heaven,153021,50,50,1.0,0,129,0,0.469207763671875,1.772165298461914,28b8913d59f53f13c1c7ddababf92763f3a0574a76cef3e4d1630b22879fd88f,True,0.12803077697753903,0.21409988403320312,28b8913d59f53f13c1c7ddababf92763f3a0574a76cef3e4d1630b22879fd88f
candidate,r1,coin-heaven,153022,50,50,1.0,0,117,0,0.35858154296874956,2.8688907623291016,37d6cce83b067d684d6fc79393b145a0566598ab74ff91d5ed4b8d703b109ff4,True,0.1984596252441406,0.3521442413330078,37d6cce83b067d684d6fc79393b145a0566598ab74ff91d5ed4b8d703b109ff4
candidate,r1,coin-heaven,153023,50,50,1.0,0,123,0,0.3166913986206054,1.331329345703125,6a68f9f04a5eda4c78296bde15fe3a223860cc15fefa76d3412fb65c8fcea3fa,True,0.284433364868164,1.1398792266845703,6a68f9f04a5eda4c78296bde15fe3a223860cc15fefa76d3412fb65c8fcea3fa
candidate,r1,coin-heaven,153024,50,50,1.0,0,116,0,0.16134977340698242,0.4229545593261719,ef4d61c6b6f841ab38f12b51eefca3e7afdf374e7529dec530f309889a008617,True,0.3318190574645996,0.6089210510253906,ef4d61c6b6f841ab38f12b51eefca3e7afdf374e7529dec530f309889a008617
candidate,r1,coin-heaven,153025,50,50,1.0,0,134,0,0.32581090927124023,1.3451576232910156,8860a33c9075dfa66143ff079a356f292ddd487ca38d1c18bc4156a3518b0fe5,True,0.2846240997314453,0.8380413055419922,8860a33c9075dfa66143ff079a356f292ddd487ca38d1c18bc4156a3518b0fe5
candidate,r1,coin-heaven,153026,50,50,1.0,0,127,0,0.9457588195800781,1.687765121459961,39c302dc5ec8684c6fd90db54018544741c04a65e832ac7ca7af150b3edd967c,True,0.12917518615722653,0.2200603485107422,39c302dc5ec8684c6fd90db54018544741c04a65e832ac7ca7af150b3edd967c
candidate,r1,coin-heaven,153027,50,50,1.0,0,105,0,0.1397609710693359,0.36215782165527344,c181a7275463daaf3b2cdf4765c882a2cca4eb841bccb0ddb0c1fb507bbddebc,True,0.11911392211914061,0.19884109497070312,c181a7275463daaf3b2cdf4765c882a2cca4eb841bccb0ddb0c1fb507bbddebc
candidate,r1,coin-heaven,153028,50,50,1.0,0,126,0,0.3852248191833496,0.8220672607421875,0f341c2060deb2207fa921ee2a18e6cd594eb82e0248433ebc292dd5f1ab5980,True,0.1366138458251953,0.3509521484375,0f341c2060deb2207fa921ee2a18e6cd594eb82e0248433ebc292dd5f1ab5980
candidate,r1,coin-heaven,153029,50,50,1.0,0,136,0,0.24211406707763672,0.41604042053222656,5981dabddafbf0aae81b82c23a6e8ac27d60b7b3a5ab51d814b09c26162dff0e,True,0.1717209815979004,0.2410411834716797,5981dabddafbf0aae81b82c23a6e8ac27d60b7b3a5ab51d814b09c26162dff0e
candidate,r1,coin-heaven,153030,50,50,1.0,0,131,0,0.23686885833740234,0.2689361572265625,d8e47fc5915f0867113b49bc6127603f6735f861b8b2acec5f4e804ba3f29b03,True,0.25594234466552734,0.5719661712646484,d8e47fc5915f0867113b49bc6127603f6735f861b8b2acec5f4e804ba3f29b03
candidate,r1,coin-heaven,153031,50,50,1.0,0,111,0,0.11909008026123047,0.25081634521484375,c6c6a23ada9df90f3c9f1e39e4764312bf5a4d5037a417cb9be95b6bd701774d,True,0.1245737075805664,0.23603439331054688,c6c6a23ada9df90f3c9f1e39e4764312bf5a4d5037a417cb9be95b6bd701774d
candidate,r1,coin-heaven,153032,50,50,1.0,0,129,0,0.25420188903808594,0.8070468902587891,61921ba2f276f07617344fe1077a9c0950efe3eed643c85af407444cd8355f8f,True,0.23307800292968742,0.2532005310058594,61921ba2f276f07617344fe1077a9c0950efe3eed643c85af407444cd8355f8f
candidate,r1,coin-heaven,153033,50,50,1.0,0,131,0,0.30243396759033203,0.43511390686035156,a1a8e9604098ec5948d2d09172d7064dd7ecafa6425ed139b1385c0185174ea6,True,0.29850006103515625,0.3807544708251953,a1a8e9604098ec5948d2d09172d7064dd7ecafa6425ed139b1385c0185174ea6
candidate,r1,coin-heaven,153034,50,50,1.0,0,121,0,0.14901161193847656,0.2849102020263672,0adfe0807f61e3e0def9b82014d2097e55143300b7fee21bd2f7b08634badc3d,True,0.21505355834960938,0.2779960632324219,0adfe0807f61e3e0def9b82014d2097e55143300b7fee21bd2f7b08634badc3d
candidate,r1,coin-heaven,153035,50,50,1.0,0,139,0,0.20623207092285148,0.4069805145263672,ef117b9c3535ad8c19f2e77ad130d796acf4052adf728d85b46c05ecebf45d76,True,0.21035671234130832,1.0352134704589844,ef117b9c3535ad8c19f2e77ad130d796acf4052adf728d85b46c05ecebf45d76
candidate,r1,coin-heaven,153036,50,50,1.0,0,121,0,0.1780986785888672,0.30994415283203125,53c1a229bb0fbe441dfb4940b3c2e7521c1816b283aae36e95839449d86a3c5d,True,0.6651878356933594,3.0317306518554688,53c1a229bb0fbe441dfb4940b3c2e7521c1816b283aae36e95839449d86a3c5d
candidate,r1,coin-heaven,153037,50,50,1.0,0,119,0,0.18508434295654297,0.34880638122558594,483557e615e7915bb2dd0f30686c6f109e21e46b5c464931c8840d0caee5e3bb,True,0.3636598587036132,1.470804214477539,483557e615e7915bb2dd0f30686c6f109e21e46b5c464931c8840d0caee5e3bb
candidate,r1,coin-heaven,153038,50,50,1.0,0,112,0,0.22608041763305609,0.38504600524902344,2040c0ff6fc9c9fa58de2956dbdd41a8a7dabbb799bcead5db7bf97fb6fcb407,True,0.15255212783813468,0.2532005310058594,2040c0ff6fc9c9fa58de2956dbdd41a8a7dabbb799bcead5db7bf97fb6fcb407
candidate,r1,coin-heaven,153039,50,50,1.0,0,128,0,0.3674864768981932,1.6570091247558594,e9b3e99fe4fdbf5aa0017170cede539ccec592778c05690e346238068d2f826c,True,0.22121667861938452,0.3609657287597656,e9b3e99fe4fdbf5aa0017170cede539ccec592778c05690e346238068d2f826c
candidate,r1,coin-heaven,153040,50,50,1.0,0,121,0,0.7121562957763672,10.437250137329102,4aec9ea637326955b0f4f7d8260c5dfed39834287df979ee07fe103359582fb3,True,0.19025802612304688,0.23818016052246094,4aec9ea637326955b0f4f7d8260c5dfed39834287df979ee07fe103359582fb3
candidate,r1,loot-crate,154001,1,50,0.02,0,400,0,0.1728653907775879,0.6580352783203125,7345c0b8c685ea968f9ae893ccf7d8fe185c67b588b1ad7cb2e6a3b9f426ea7c,True,0.16546249389648415,0.38886070251464844,7345c0b8c685ea968f9ae893ccf7d8fe185c67b588b1ad7cb2e6a3b9f426ea7c
candidate,r1,loot-crate,154002,7,50,0.14,0,400,0,0.2222180366516111,0.6270408630371094,a1d2d50014307566c725d832ada1fe532e64503f13fc653c43ca769cee789068,True,0.24614334106445304,1.8219947814941406,a1d2d50014307566c725d832ada1fe532e64503f13fc653c43ca769cee789068
candidate,r1,loot-crate,154003,8,50,0.16,0,400,1,0.24542808532714813,0.6432533264160156,0f66f25754f9fe427dcbf682f23f9eea84a152bc119bcac4f6ba98c6f2de543b,True,0.2320885658264159,2.2041797637939453,0f66f25754f9fe427dcbf682f23f9eea84a152bc119bcac4f6ba98c6f2de543b
candidate,r1,loot-crate,154004,2,50,0.04,0,400,0,0.17718076705932614,0.4470348358154297,408a970aedeefbb3ed61b84981392bce6ca6b2efc479b252a88450b37bee8663,True,0.20200014114379877,0.7088184356689453,408a970aedeefbb3ed61b84981392bce6ca6b2efc479b252a88450b37bee8663
candidate,r1,loot-crate,154005,3,50,0.06,0,400,0,0.29934644699096646,0.8618831634521484,fdd8802c74d095b45bd3e5f10c36fe7563bf6281566e4f3c47d5597ea670e9a2,True,0.307655334472656,0.7140636444091797,fdd8802c74d095b45bd3e5f10c36fe7563bf6281566e4f3c47d5597ea670e9a2
candidate,r1,loot-crate,154006,11,50,0.22,0,400,0,0.35024881362915017,0.8990764617919922,e1471fcab68ebf45f30f6804efdac688596c32de963fb042d62def68154891dd,True,0.32556056976318304,0.9932518005371094,e1471fcab68ebf45f30f6804efdac688596c32de963fb042d62def68154891dd
candidate,r1,loot-crate,154007,0,50,0.0,0,400,0,0.24501085281372056,0.6821155548095703,863b3b555371b13ccb6fb304a0da21b4c10f3eeaa9809714cd667718a751fac0,True,0.3048896789550766,0.7469654083251953,863b3b555371b13ccb6fb304a0da21b4c10f3eeaa9809714cd667718a751fac0
candidate,r1,loot-crate,154008,1,50,0.02,1,26,0,0.35184621810913086,0.5230903625488281,daf48ab30ca29ce8b2351b593f7d2bfad25cddf4b1ac28b1d707283b8f42ea30,True,0.8870959281921387,1.2159347534179688,daf48ab30ca29ce8b2351b593f7d2bfad25cddf4b1ac28b1d707283b8f42ea30
candidate,r1,loot-crate,154009,7,50,0.14,0,400,0,0.6536841392517084,1.5840530395507812,7bb9fc2de79dde4d98ad9eac6b9fdc447eb8101aef1772d19833aaa154d4b445,True,0.34798383712768477,1.7750263214111328,7bb9fc2de79dde4d98ad9eac6b9fdc447eb8101aef1772d19833aaa154d4b445
candidate,r1,loot-crate,154010,17,50,0.34,0,400,0,0.2823710441589355,4.318952560424805,1406d15e440c6ac0b2ba29cda02f0f17a1df6c05194346650d6ce1f5e664d8a9,True,0.2860188484191893,2.0761489868164062,1406d15e440c6ac0b2ba29cda02f0f17a1df6c05194346650d6ce1f5e664d8a9
candidate,r1,loot-crate,154011,8,50,0.16,0,400,0,0.39502382278442366,1.096963882446289,66432aab404f7771b714ec34bf509200192238d8bd412ea5adb829e1116a0514,True,0.9246230125427239,3.465890884399414,66432aab404f7771b714ec34bf509200192238d8bd412ea5adb829e1116a0514
candidate,r1,loot-crate,154012,7,50,0.14,0,400,0,0.279104709625244,2.4678707122802734,50065b18839b164c512d5a937496afa11207a9b2e0e8a50f9fec579ca81e8585,True,0.6822943687438964,2.733945846557617,50065b18839b164c512d5a937496afa11207a9b2e0e8a50f9fec579ca81e8585
candidate,r1,loot-crate,154013,13,50,0.26,0,400,0,0.2535104751586909,2.3260116577148438,76dea9e6798dc783e9a8522181dc9d617d4003f461d294deae5b8bfaadbc9b8f,True,0.5854010581970209,1.962900161743164,76dea9e6798dc783e9a8522181dc9d617d4003f461d294deae5b8bfaadbc9b8f
candidate,r1,loot-crate,154014,13,50,0.26,0,400,1,0.38818120956420893,2.602100372314453,3aa675b5ca55aa6b89442b576b01b05e7608f1936c82e1df3f0bfafcbb9c5451,True,0.3652811050415037,1.2826919555664062,3aa675b5ca55aa6b89442b576b01b05e7608f1936c82e1df3f0bfafcbb9c5451
candidate,r1,loot-crate,154015,20,50,0.4,0,400,0,0.247049331665039,1.5909671783447266,66bfe527d35eeb7ed5062e0c2ba3609a79af01c717e1effb05e745612a486cb0,True,0.3741741180419921,2.6717185974121094,66bfe527d35eeb7ed5062e0c2ba3609a79af01c717e1effb05e745612a486cb0
candidate,r1,loot-crate,154016,0,50,0.0,0,400,0,0.25608539581298717,0.9510517120361328,58af0a8c22bb5cb4f9503812a3cf4dfe9cb0ce0f9efb67359a5117530fa62f2a,True,0.357615947723388,1.499176025390625,58af0a8c22bb5cb4f9503812a3cf4dfe9cb0ce0f9efb67359a5117530fa62f2a
candidate,r1,loot-crate,154017,3,50,0.06,0,400,0,0.19598007202148438,0.4329681396484375,cb39f5f029221c7d1991c3de50020d2651df95df6ef5f827999b30cefa735f29,True,0.1501202583312987,0.43511390686035156,cb39f5f029221c7d1991c3de50020d2651df95df6ef5f827999b30cefa735f29
candidate,r1,loot-crate,154018,5,50,0.1,1,67,0,0.34103393554687494,0.39386749267578125,26d333c8b7f7cf37799ab0c64abe2e87010ead6604827764f05b9b6f5b3ef961,True,0.18494129180908198,0.3190040588378906,26d333c8b7f7cf37799ab0c64abe2e87010ead6604827764f05b9b6f5b3ef961
candidate,r1,loot-crate,154019,0,50,0.0,0,400,0,0.2333641052246092,1.2066364288330078,485786418b2e0ce75be17eebd617b77d58e3055b433251fca36b5bf3bbbf1595,True,0.14703273773193345,0.4258155822753906,485786418b2e0ce75be17eebd617b77d58e3055b433251fca36b5bf3bbbf1595
candidate,r1,loot-crate,154020,0,50,0.0,1,42,0,0.5224347114562987,0.8459091186523438,e54c2965672261b863c910c8b2dbe2571db8230e177713d1d46f91275e44e24d,True,0.2574801445007323,0.3781318664550781,e54c2965672261b863c910c8b2dbe2571db8230e177713d1d46f91275e44e24d
candidate,r1,loot-crate,154021,3,50,0.06,0,400,0,0.4098773002624477,1.1110305786132812,89186aba960cfab5263bf4940a40899efad9f6eaf14a08e3121184ebcdd50e08,True,0.1851558685302733,0.9698867797851562,89186aba960cfab5263bf4940a40899efad9f6eaf14a08e3121184ebcdd50e08
candidate,r1,loot-crate,154022,4,50,0.08,0,400,0,0.23422241210937492,2.3109912872314453,7dc53101d5c01d2366755dbbb3439765db382a55b8aa111a53164cd8da27ff3a,True,0.17309188842773438,0.5550384521484375,7dc53101d5c01d2366755dbbb3439765db382a55b8aa111a53164cd8da27ff3a
candidate,r1,loot-crate,154023,3,50,0.06,0,400,0,0.6540656089782697,1.1289119720458984,04490c69afe73bdb4678764d04095e777a3c3688b54d355c6048d5d4e6b45ed4,True,0.22746324539184504,1.032114028930664,04490c69afe73bdb4678764d04095e777a3c3688b54d355c6048d5d4e6b45ed4
candidate,r1,loot-crate,154024,5,50,0.1,0,400,0,0.6527185440063462,1.3048648834228516,4a58bdc1610856a7cc3c8f02f3eecb75cd56a52cb2d644e4e77f4b2cd55d4f4e,True,0.20700693130493159,0.6797313690185547,4a58bdc1610856a7cc3c8f02f3eecb75cd56a52cb2d644e4e77f4b2cd55d4f4e
candidate,r1,loot-crate,154025,3,50,0.06,0,400,0,0.19420385360717762,0.49114227294921875,66b317bd0388a9972da420f1c651d68625c658ea8630de35776df0b877a1359f,True,0.2870798110961912,1.3251304626464844,66b317bd0388a9972da420f1c651d68625c658ea8630de35776df0b877a1359f
candidate,r1,loot-crate,154026,1,50,0.02,0,400,0,0.19789934158325195,1.0709762573242188,2ec3f92be3a4e9ee64817667ca1ee1e7fcea89991b1bebe417645f44bc83c5a7,True,0.22821426391601557,1.3413429260253906,2ec3f92be3a4e9ee64817667ca1ee1e7fcea89991b1bebe417645f44bc83c5a7
candidate,r1,loot-crate,154027,0,50,0.0,0,400,0,0.14220476150512684,0.6978511810302734,b5f801174fcc29ef0f90341d3df2ce48e0fc80884b739c76bda82151c6b5da60,True,0.14377832412719727,0.38504600524902344,b5f801174fcc29ef0f90341d3df2ce48e0fc80884b739c76bda82151c6b5da60
candidate,r1,loot-crate,154028,1,50,0.02,0,400,0,0.21295547485351557,0.3719329833984375,8494308b6c53dedd1b788d1f8f1faa7a7c7ae63e606cbfd54a235cb63b1e5138,True,0.2915501594543453,1.7242431640625,8494308b6c53dedd1b788d1f8f1faa7a7c7ae63e606cbfd54a235cb63b1e5138
candidate,r1,loot-crate,154029,5,50,0.1,0,400,0,0.18979310989379883,0.5788803100585938,bc63df11165966e9e183f41440ce941fe22230625fde75228db8a4c355c6dd32,True,0.43092966079711903,0.8337497711181641,bc63df11165966e9e183f41440ce941fe22230625fde75228db8a4c355c6dd32
candidate,r1,loot-crate,154030,4,50,0.08,0,400,0,0.21029710769653298,0.4858970642089844,89779c9a31c64f6c39bbf26627ea8953eca639733d787615f328b3f76ab57332,True,0.23230314254760734,0.5891323089599609,89779c9a31c64f6c39bbf26627ea8953eca639733d787615f328b3f76ab57332
candidate,r1,loot-crate,154031,16,50,0.32,0,400,0,0.155353546142578,0.40984153747558594,ab75bbc6574ef0d076b6f4dcdd779317856e38176d89dcf239152c76c03e3879,True,0.19004344940185522,0.8182525634765625,ab75bbc6574ef0d076b6f4dcdd779317856e38176d89dcf239152c76c03e3879
candidate,r1,loot-crate,154032,7,50,0.14,0,400,0,0.29278993606567383,0.6859302520751953,5cf1d30bb3eb088f145fe690b6263bd6fdc1700760a711cb451d13d1713b1c04,True,0.2562642097473143,1.3780593872070312,5cf1d30bb3eb088f145fe690b6263bd6fdc1700760a711cb451d13d1713b1c04
candidate,r1,loot-crate,154033,4,50,0.08,1,63,0,0.360870361328125,1.786947250366211,043b649ac90e29223e2d149351df6b669c093cf12096cd38f2c7c1d59825b0c2,True,0.4961967468261717,1.2421607971191406,043b649ac90e29223e2d149351df6b669c093cf12096cd38f2c7c1d59825b0c2
candidate,r1,loot-crate,154034,6,50,0.12,0,400,0,0.31428337097167963,1.0030269622802734,ea090d966ecc8dbb62d5f2f445c166d66123d5d57be1bcf14af5dd632fe3869c,True,0.26723146438598616,0.7309913635253906,ea090d966ecc8dbb62d5f2f445c166d66123d5d57be1bcf14af5dd632fe3869c
candidate,r1,loot-crate,154035,2,50,0.04,0,400,0,0.1691460609436034,0.6091594696044922,c276dcbf185f66a0747cac8db9bba3484511cc9e8c0ebd40a05e30d9efccd8a6,True,0.16380548477172852,0.4870891571044922,c276dcbf185f66a0747cac8db9bba3484511cc9e8c0ebd40a05e30d9efccd8a6
candidate,r1,loot-crate,154036,10,50,0.2,0,400,0,0.22307634353637681,0.7340908050537109,bd0021e4880357b73281b4eac6b1a2df15905bbe0c6b982c8726613e9ebdec79,True,0.24337768554687483,0.9677410125732422,bd0021e4880357b73281b4eac6b1a2df15905bbe0c6b982c8726613e9ebdec79
candidate,r1,loot-crate,154037,14,50,0.28,0,400,1,0.5162596702575682,2.3767948150634766,8abfb77be35696cd11508441c55378a9aa29b6583516f4dbe7fd6d1f2cf1799d,True,0.6886243820190425,1.6672611236572266,8abfb77be35696cd11508441c55378a9aa29b6583516f4dbe7fd6d1f2cf1799d
candidate,r1,loot-crate,154038,3,50,0.06,1,41,0,0.15783309936523438,0.2989768981933594,aa18c682403aa56d9ab0792e6c7496832993e4106f9aa71f8c3e7de40fdf5132,True,0.37097930908203125,0.5450248718261719,aa18c682403aa56d9ab0792e6c7496832993e4106f9aa71f8c3e7de40fdf5132
candidate,r1,loot-crate,154039,10,50,0.2,0,400,0,0.21195411682128906,0.6821155548095703,083abb2e0447ce4043489920eee6f699168e3bb4fb21b407d1cab18856e48504,True,0.2514123916625971,1.1229515075683594,083abb2e0447ce4043489920eee6f699168e3bb4fb21b407d1cab18856e48504
candidate,r1,loot-crate,154040,6,50,0.12,0,400,0,0.17404556274414062,0.5729198455810547,e5f07f6a3e264ffa33ffa278159415028966a790a183be0e2929e1e27dbf1a62,True,0.17162561416625938,0.6232261657714844,e5f07f6a3e264ffa33ffa278159415028966a790a183be0e2929e1e27dbf1a62
candidate,r2,classic,152001,5,9,0.5555555555555556,0,400,0,0.19816160202026364,0.7278919219970703,f5e9ef58abc6ea6d268d4fe26d3b4c9c9107047252d67629d2774d11bdb1da24,True,0.20433664321899392,1.7042160034179688,f5e9ef58abc6ea6d268d4fe26d3b4c9c9107047252d67629d2774d11bdb1da24
candidate,r2,classic,152002,0,9,0.0,0,400,0,0.1802563667297361,0.9379386901855469,f621e8bff58c78f45813bcf523dcf8d224fb93b820ad3be2e5cbd2f6eb30d95e,True,0.3107428550720199,3.6988258361816406,f621e8bff58c78f45813bcf523dcf8d224fb93b820ad3be2e5cbd2f6eb30d95e
candidate,r2,classic,152003,2,9,0.2222222222222222,0,400,0,0.18838644027709958,1.8029212951660156,3dc12c183b6591718deef9f7adddd7a406ce0cc8bd2e7ff977e6461280131636,True,0.1411795616149902,0.39505958557128906,3dc12c183b6591718deef9f7adddd7a406ce0cc8bd2e7ff977e6461280131636
candidate,r2,classic,152004,0,9,0.0,0,400,0,0.14201402664184556,0.37479400634765625,3a667193facfe82b53da8a1576837142ea2efe47d01f3aa754dfd905fbac0383,True,0.18628835678100578,0.6530284881591797,3a667193facfe82b53da8a1576837142ea2efe47d01f3aa754dfd905fbac0383
candidate,r2,classic,152005,1,9,0.1111111111111111,0,400,0,0.13915300369262681,0.4856586456298828,c5a8b03f658d219742b5499ee71910696fcc465b0c908ed331eb9a2986e4816a,True,0.14691352844238276,1.0030269622802734,c5a8b03f658d219742b5499ee71910696fcc465b0c908ed331eb9a2986e4816a
candidate,r2,classic,152006,0,9,0.0,0,400,0,0.16418695449829065,0.9319782257080078,c2fbdce38f07dcd16a5d79457ebc2cde3fc542711d59564a1a470df49c1f4453,True,0.29116868972778204,0.7879734039306641,c2fbdce38f07dcd16a5d79457ebc2cde3fc542711d59564a1a470df49c1f4453
candidate,r2,classic,152007,0,9,0.0,0,400,0,0.35803318023681624,1.4660358428955078,8989ee7a2cc31b30360963f09fc8c0bcd239ddb077309154dc45d98b60f3a8c2,True,0.40526390075683577,3.849029541015625,8989ee7a2cc31b30360963f09fc8c0bcd239ddb077309154dc45d98b60f3a8c2
candidate,r2,classic,152008,2,9,0.2222222222222222,0,400,0,0.1332044601440426,0.3981590270996094,2a490d86ef8b48e24bc8e9120a8f6417614451847f43510cc742213b5cb5b5ce,True,0.1499652862548828,0.9143352508544922,2a490d86ef8b48e24bc8e9120a8f6417614451847f43510cc742213b5cb5b5ce
candidate,r2,classic,152009,1,9,0.1111111111111111,0,400,0,0.1691937446594237,0.5309581756591797,9f75c4cf720d7adc4cdf54a96729f5721c6ea04fc82102f325d6608d5b42dd69,True,0.14201402664184556,0.9589195251464844,9f75c4cf720d7adc4cdf54a96729f5721c6ea04fc82102f325d6608d5b42dd69
candidate,r2,classic,152010,0,9,0.0,0,400,0,0.1409530639648437,0.6420612335205078,53d09695e06760dddc7d5930e23279330e28ac928830779bdd83f733a85d76e5,True,0.15017986297607402,0.6432533264160156,53d09695e06760dddc7d5930e23279330e28ac928830779bdd83f733a85d76e5
candidate,r2,classic,152011,0,9,0.0,0,400,0,0.14724731445312486,2.0859241485595703,60b6675c59c1f07a1cbb3ded8d4e6c5ffa7d2ff86b3137a4a2197cebebd6f55f,True,0.1523613929748533,0.5321502685546875,60b6675c59c1f07a1cbb3ded8d4e6c5ffa7d2ff86b3137a4a2197cebebd6f55f
candidate,r2,classic,152012,1,9,0.1111111111111111,0,400,0,0.18433332443237258,1.1818408966064453,300706f8fc130b7d89cdd6b7bb84cb236a6db3636b357c5e6d6c0826a66c9c4c,True,0.13618469238281244,0.45490264892578125,300706f8fc130b7d89cdd6b7bb84cb236a6db3636b357c5e6d6c0826a66c9c4c
candidate,r2,classic,152013,1,9,0.1111111111111111,0,400,0,0.23075342178344688,0.9241104125976562,6a764e981e88951860349351439e5244e7e1f4c903a87a0798eb5d7cf3ba3804,True,0.24628639221191384,0.8072853088378906,6a764e981e88951860349351439e5244e7e1f4c903a87a0798eb5d7cf3ba3804
candidate,r2,classic,152014,3,9,0.3333333333333333,0,400,0,0.19437074661254855,0.8518695831298828,e96e5c875f4c8997a308a6578467b5417dfee2028efa3b16107b95e5e94f3a69,True,0.2111434936523436,0.7169246673583984,e96e5c875f4c8997a308a6578467b5417dfee2028efa3b16107b95e5e94f3a69
candidate,r2,classic,152015,0,9,0.0,0,400,0,0.5852818489074705,2.502918243408203,cba25aa803a61a1406fd61af709d1f989ea49d18ef5128a2175809158eb97357,True,0.19102096557617182,0.47707557678222656,cba25aa803a61a1406fd61af709d1f989ea49d18ef5128a2175809158eb97357
candidate,r2,classic,152016,0,9,0.0,0,400,0,0.46942234039306513,6.264209747314453,1d98fadc89b2f2c458b1f1a28f5a0c911d6040ff4d15d2899c644b55c66f5cca,True,0.16103982925415028,0.8208751678466797,1d98fadc89b2f2c458b1f1a28f5a0c911d6040ff4d15d2899c644b55c66f5cca
candidate,r2,classic,152017,0,9,0.0,0,400,0,0.20295381546020502,2.868175506591797,ab06078f03cf4af4ed3b72b0369e3aa5d93249c3e08d7527bdf926d8c3b12fb8,True,0.18814802169799802,0.5781650543212891,ab06078f03cf4af4ed3b72b0369e3aa5d93249c3e08d7527bdf926d8c3b12fb8
candidate,r2,classic,152018,2,9,0.2222222222222222,0,400,0,0.22706985473632718,0.8831024169921875,4134aa0a91bacec6b57006c4ae28435688ea8dd3ef5ca8b3956c6d45cd8f2f51,True,0.2922058105468749,1.316070556640625,4134aa0a91bacec6b57006c4ae28435688ea8dd3ef5ca8b3956c6d45cd8f2f51
candidate,r2,classic,152019,1,9,0.1111111111111111,0,400,0,0.22212266921997056,0.7100105285644531,2e4a615be508ce2649af1064c72f46fb6daba9cc378732b12e6527783cfc7a12,True,0.4221796989440914,1.4719963073730469,2e4a615be508ce2649af1064c72f46fb6daba9cc378732b12e6527783cfc7a12
candidate,r2,classic,152020,1,9,0.1111111111111111,0,400,0,0.436270236968994,1.909017562866211,91a789b30c19aa7231073637580325d06eb455b6feceb68c1eaf07f911cda301,True,0.48590898513793945,2.1021366119384766,91a789b30c19aa7231073637580325d06eb455b6feceb68c1eaf07f911cda301
candidate,r2,classic,152021,2,9,0.2222222222222222,0,400,0,0.2275586128234858,0.8878707885742188,b30d9e798f700fdef65050178da2e1a7b7571e90d5e97eb341cfcee198f67e4f,True,0.4580974578857421,1.094818115234375,b30d9e798f700fdef65050178da2e1a7b7571e90d5e97eb341cfcee198f67e4f
candidate,r2,classic,152022,3,9,0.3333333333333333,0,400,0,0.21076202392578125,1.0249614715576172,bbf1daf6bb8981bedba8986f34612988d4feaf3cf45723744412f8f87c26e662,True,0.16527175903320307,0.45800209045410156,bbf1daf6bb8981bedba8986f34612988d4feaf3cf45723744412f8f87c26e662
candidate,r2,classic,152023,1,9,0.1111111111111111,0,400,0,0.2514123916625973,0.7719993591308594,0c10bd16c85fe9365ee2353bb61a303713316b1fd1a99a9c7afb0f6e2f2fbee4,True,0.18888711929321284,0.5178451538085938,0c10bd16c85fe9365ee2353bb61a303713316b1fd1a99a9c7afb0f6e2f2fbee4
candidate,r2,classic,152024,1,9,0.1111111111111111,0,400,0,0.3574371337890614,3.0400753021240234,c1c8a29dffb973157df33e60c334e4cf03da84436599e7850f5d9699e24d07b5,True,0.123751163482666,0.41604042053222656,c1c8a29dffb973157df33e60c334e4cf03da84436599e7850f5d9699e24d07b5
candidate,r2,classic,152025,0,9,0.0,0,400,0,0.16311407089233396,1.7170906066894531,ad3ec9995d1516880707df22b1e787e1b15027344c6aba0fc3e2d27d3c3e6fb8,True,0.13899803161621094,0.28586387634277344,ad3ec9995d1516880707df22b1e787e1b15027344c6aba0fc3e2d27d3c3e6fb8
candidate,r2,classic,152026,4,9,0.4444444444444444,0,400,0,0.16745328903198234,0.5109310150146484,0fddb44e56d2ca6ddde4cdd04b187399d48a0fcb59bf0ddcae72bc9064ea630a,True,0.1480698585510254,0.4258155822753906,0fddb44e56d2ca6ddde4cdd04b187399d48a0fcb59bf0ddcae72bc9064ea630a
candidate,r2,classic,152027,0,9,0.0,0,400,0,0.13589859008789062,0.5741119384765625,42fdcd4269ecbb48d122ce984b5105215df30ccafacc3058ef4c43296e615efc,True,0.1342654228210449,0.49376487731933594,42fdcd4269ecbb48d122ce984b5105215df30ccafacc3058ef4c43296e615efc
candidate,r2,classic,152028,4,9,0.4444444444444444,0,400,0,0.5825638771057121,5.974054336547852,39a0b7805536ed509ea8e8a321543fa878cbf06e34950b586f692706bb38b6c0,True,0.2529740333557129,0.9877681732177734,39a0b7805536ed509ea8e8a321543fa878cbf06e34950b586f692706bb38b6c0
candidate,r2,classic,152029,0,9,0.0,0,400,0,0.29329061508178667,1.8422603607177734,ad25a2bb63618b1fdee5e0cc357474dcc5636608245b7259ffc754d068375c83,True,0.1650333404541015,0.6687641143798828,ad25a2bb63618b1fdee5e0cc357474dcc5636608245b7259ffc754d068375c83
candidate,r2,classic,152030,0,9,0.0,0,400,0,0.20482540130615168,0.8177757263183594,4107dd7608b5a93cff106e55b1eb076cf956523f80a48014b01d391ddb6666ea,True,0.1399517059326172,0.30422210693359375,4107dd7608b5a93cff106e55b1eb076cf956523f80a48014b01d391ddb6666ea
candidate,r2,classic,152031,1,9,0.1111111111111111,0,400,0,0.1239776611328125,0.3650188446044922,c46189371645c9a962d1b43688c743ba592c8960841812255830051fe9761623,True,0.14728307723999007,0.2789497375488281,c46189371645c9a962d1b43688c743ba592c8960841812255830051fe9761623
candidate,r2,classic,152032,3,9,0.3333333333333333,0,400,0,0.4698514938354486,1.3530254364013672,c3b5f1966b9744907410e77f940519cd0905bc7cc9fa6efcbadc17b13fbd248f,True,0.24199485778808594,0.7739067077636719,c3b5f1966b9744907410e77f940519cd0905bc7cc9fa6efcbadc17b13fbd248f
candidate,r2,classic,152033,2,9,0.2222222222222222,0,400,0,0.6002902984619138,1.870870590209961,7c11da4cf0aa5ee254bf2a76329f9eb69362e4471af1ec4cf258c19738d7af06,True,0.136280059814453,0.7421970367431641,7c11da4cf0aa5ee254bf2a76329f9eb69362e4471af1ec4cf258c19738d7af06
candidate,r2,classic,152034,4,9,0.4444444444444444,0,400,0,0.5912184715270968,6.867885589599609,5b5a25cfa98999ba065ed3f67afc2a26afd6a82a91c73f399c514d1a6ec74083,True,0.2954125404357908,0.7929801940917969,5b5a25cfa98999ba065ed3f67afc2a26afd6a82a91c73f399c514d1a6ec74083
candidate,r2,classic,152035,0,9,0.0,0,400,0,0.12418031692504865,0.28896331787109375,ddbcd62848457add92ef47654215602cbadd4ede9bb6e09d0f8b22be528d85ff,True,0.11901855468749996,0.31304359436035156,ddbcd62848457add92ef47654215602cbadd4ede9bb6e09d0f8b22be528d85ff
candidate,r2,classic,152036,2,9,0.2222222222222222,0,400,0,0.14905929565429682,0.34499168395996094,c0f2b4bd9429558d74c0082f4887ecb2c8ffeffcaa8e7002289a5bb5b25aa53c,True,0.13521909713745114,0.3528594970703125,c0f2b4bd9429558d74c0082f4887ecb2c8ffeffcaa8e7002289a5bb5b25aa53c
candidate,r2,classic,152037,0,9,0.0,0,400,0,0.1380443572998047,0.40912628173828125,9068fbf643caa36600497c8b5bfcea4afbdcba13884da4db2d96ccd39cfb08a3,True,0.12803077697753906,0.48995018005371094,9068fbf643caa36600497c8b5bfcea4afbdcba13884da4db2d96ccd39cfb08a3
candidate,r2,classic,152038,1,9,0.1111111111111111,0,400,0,0.1879692077636718,0.6191730499267578,b89fcacb3b836f582a44e6436506ab3e3d4522feaa4163a2a97697a358133d1f,True,0.15006065368652335,0.5779266357421875,b89fcacb3b836f582a44e6436506ab3e3d4522feaa4163a2a97697a358133d1f
candidate,r2,classic,152039,0,9,0.0,0,400,0,0.1902341842651363,2.3241043090820312,11a56d9cdbad3e093b2cafb24b5240862b35c5ec4fd4f3f5d3855e6227f3227d,True,0.1438379287719726,0.6561279296875,11a56d9cdbad3e093b2cafb24b5240862b35c5ec4fd4f3f5d3855e6227f3227d
candidate,r2,classic,152040,3,9,0.3333333333333333,0,400,0,0.18712282180786113,1.6520023345947266,6810288b5280d9e90f577f55da797b455ea2b29541f7a93caa3b6f2fcd7b1ac5,True,0.24299621582031244,2.3097991943359375,6810288b5280d9e90f577f55da797b455ea2b29541f7a93caa3b6f2fcd7b1ac5
candidate,r2,coin-heaven,153001,50,50,1.0,0,136,0,0.3064870834350586,1.322031021118164,22e6b3c3ccebcae24fe4f72fff3d7139b35ccdac2d8257b10878c85e6027dc16,True,0.3178119659423828,0.5810260772705078,22e6b3c3ccebcae24fe4f72fff3d7139b35ccdac2d8257b10878c85e6027dc16
candidate,r2,coin-heaven,153002,50,50,1.0,0,123,0,0.1753568649291992,0.3330707550048828,be7113133231c6560c37b1580d8b10f50c4c0ce0a9b5e00aa1835ba9b48efb66,True,0.23062229156494138,1.5680789947509766,be7113133231c6560c37b1580d8b10f50c4c0ce0a9b5e00aa1835ba9b48efb66
candidate,r2,coin-heaven,153003,50,50,1.0,0,134,0,0.2034544944763183,0.39887428283691406,40ad04d6007c0653db2a6fdbf886c8ee62a030cfb043d53e3c63f8e33768e57a,True,0.18492937088012687,0.3037452697753906,40ad04d6007c0653db2a6fdbf886c8ee62a030cfb043d53e3c63f8e33768e57a
candidate,r2,coin-heaven,153004,50,50,1.0,0,118,0,0.23342370986938474,0.29206275939941406,efc21188457790826695deb8d251c024d221924450b02e81aa572d7c614c9dbd,True,0.27290582656860346,0.5362033843994141,efc21188457790826695deb8d251c024d221924450b02e81aa572d7c614c9dbd
candidate,r2,coin-heaven,153005,50,50,1.0,0,130,0,0.15847682952880857,0.263214111328125,fc438540a32c6e1ddca03c9d477871e60bcf246c57aad92259430d58a71cabc9,True,0.1801013946533203,0.2772808074951172,fc438540a32c6e1ddca03c9d477871e60bcf246c57aad92259430d58a71cabc9
candidate,r2,coin-heaven,153006,50,50,1.0,0,121,0,0.2276897430419922,0.4558563232421875,63843846a1c8fe769f05dbef1f1d682f18fcb93ef10392f1da0224dbe7524bd7,True,0.4029273986816406,0.7150173187255859,63843846a1c8fe769f05dbef1f1d682f18fcb93ef10392f1da0224dbe7524bd7
candidate,r2,coin-heaven,153007,50,50,1.0,0,121,0,0.13780593872070312,0.31304359436035156,6101122c300131771c0f217c40a41bc0b5bf0b5d22c48cd6c61aaf153099ddc8,True,0.42176246643066406,1.0058879852294922,6101122c300131771c0f217c40a41bc0b5bf0b5d22c48cd6c61aaf153099ddc8
candidate,r2,coin-heaven,153008,50,50,1.0,0,135,0,0.27213096618652344,0.2930164337158203,e7b6c5580a29e347e2e84a71d36baf14a31cf59a49a941b2e18a41483c8511c5,True,0.2682447433471679,0.293731689453125,e7b6c5580a29e347e2e84a71d36baf14a31cf59a49a941b2e18a41483c8511c5
candidate,r2,coin-heaven,153009,50,50,1.0,0,114,0,0.1644372940063476,0.2880096435546875,58fe8f688249f6db49e2e1890eb32b937da5e6d1b39a4a874f5e92b379d00ebd,True,0.11819601058959958,0.3178119659423828,58fe8f688249f6db49e2e1890eb32b937da5e6d1b39a4a874f5e92b379d00ebd
candidate,r2,coin-heaven,153010,50,50,1.0,0,119,0,0.24454593658447257,1.2867450714111328,4413235a3f7c9fb2d8df22dea8dfdaf3d911e853c095b07e01e966f39a1cc5e8,True,0.2219676971435547,0.3418922424316406,4413235a3f7c9fb2d8df22dea8dfdaf3d911e853c095b07e01e966f39a1cc5e8
candidate,r2,coin-heaven,153011,50,50,1.0,0,124,0,0.29374361038208,0.9548664093017578,0555ee2e15f49db16ed5cc3ebb827ebed5a124eaf26b7340d11a23612301b4c1,True,0.2575993537902831,0.29587745666503906,0555ee2e15f49db16ed5cc3ebb827ebed5a124eaf26b7340d11a23612301b4c1
candidate,r2,coin-heaven,153012,50,50,1.0,0,134,0,0.2099037170410156,0.74005126953125,193b871033f79e500ad67fb65d436c2162d25ef167129a1f0714e35d224acac6,True,0.16828775405883784,0.43964385986328125,193b871033f79e500ad67fb65d436c2162d25ef167129a1f0714e35d224acac6
candidate,r2,coin-heaven,153013,50,50,1.0,0,131,0,0.25594234466552734,0.3418922424316406,d6106b7e7cc45e17ccf06f2c89999f5d0621b46c7e35783258345da7eda1ba46,True,0.23996829986572266,0.6270408630371094,d6106b7e7cc45e17ccf06f2c89999f5d0621b46c7e35783258345da7eda1ba46
candidate,r2,coin-heaven,153014,50,50,1.0,0,121,0,0.19407272338867188,0.3848075866699219,c0bc21ac5b9f4bd368be120a00678494c9f615311cf81c99163fed39d8541852,True,0.1857280731201172,0.3650188446044922,c0bc21ac5b9f4bd368be120a00678494c9f615311cf81c99163fed39d8541852
candidate,r2,coin-heaven,153015,50,50,1.0,0,142,0,0.2807736396789551,0.47326087951660156,0cfa5f2250df685bb933b309e32d7ec1dfa00f5166e75ad55400dc75522a4b81,True,0.2589941024780273,0.5931854248046875,0cfa5f2250df685bb933b309e32d7ec1dfa00f5166e75ad55400dc75522a4b81
candidate,r2,coin-heaven,153016,50,50,1.0,0,125,0,0.2017498016357422,0.33164024353027344,dc660f3c586311dc6cd4b8623b712a377fd53daf9f5fb988affb86029fc8533a,True,0.2009868621826172,0.4169940948486328,dc660f3c586311dc6cd4b8623b712a377fd53daf9f5fb988affb86029fc8533a
candidate,r2,coin-heaven,153017,50,50,1.0,0,123,0,0.25618076324462874,0.4172325134277344,3d475a54de8a1789d32e91237d6723274c39efe434aff7c07c1b728222c8414f,True,0.2143621444702148,1.4929771423339844,3d475a54de8a1789d32e91237d6723274c39efe434aff7c07c1b728222c8414f
candidate,r2,coin-heaven,153018,50,50,1.0,0,123,0,0.3913640975952148,2.187967300415039,b6cffae3ab5e6298cb51ab7b564dd13920abdd96d8d3edfd611d52d00fbb395c,True,0.28147697448730463,0.47397613525390625,b6cffae3ab5e6298cb51ab7b564dd13920abdd96d8d3edfd611d52d00fbb395c
candidate,r2,coin-heaven,153019,50,50,1.0,0,130,0,0.40116310119628895,1.1489391326904297,091ab783f3c31400dab10e7cb85054f4aa2a29c7badda9cf79e308c933cd0237,True,0.49974918365478505,1.4069080352783203,091ab783f3c31400dab10e7cb85054f4aa2a29c7badda9cf79e308c933cd0237
candidate,r2,coin-heaven,153020,50,50,1.0,0,133,0,0.25453567504882807,0.46515464782714844,22187f41b36a0aeb9608bd133a79299c9347ac779f99410b77f24a30af8b62bd,True,0.18024444580078125,0.4200935363769531,22187f41b36a0aeb9608bd133a79299c9347ac779f99410b77f24a30af8b62bd
candidate,r2,coin-heaven,153021,50,50,1.0,0,129,0,0.1863956451416015,0.49304962158203125,28b8913d59f53f13c1c7ddababf92763f3a0574a76cef3e4d1630b22879fd88f,True,0.12340545654296872,0.3199577331542969,28b8913d59f53f13c1c7ddababf92763f3a0574a76cef3e4d1630b22879fd88f
candidate,r2,coin-heaven,153022,50,50,1.0,0,117,0,0.23145675659179651,0.4260540008544922,37d6cce83b067d684d6fc79393b145a0566598ab74ff91d5ed4b8d703b109ff4,True,0.15702247619628887,0.9090900421142578,37d6cce83b067d684d6fc79393b145a0566598ab74ff91d5ed4b8d703b109ff4
candidate,r2,coin-heaven,153023,50,50,1.0,0,123,0,0.19211769104003898,0.29015541076660156,6a68f9f04a5eda4c78296bde15fe3a223860cc15fefa76d3412fb65c8fcea3fa,True,0.21600723266601562,0.3731250762939453,6a68f9f04a5eda4c78296bde15fe3a223860cc15fefa76d3412fb65c8fcea3fa
candidate,r2,coin-heaven,153024,50,50,1.0,0,116,0,0.14334917068481445,0.38886070251464844,ef4d61c6b6f841ab38f12b51eefca3e7afdf374e7529dec530f309889a008617,True,0.1774430274963379,0.5490779876708984,ef4d61c6b6f841ab38f12b51eefca3e7afdf374e7529dec530f309889a008617
candidate,r2,coin-heaven,153025,50,50,1.0,0,134,0,0.2751469612121581,0.4782676696777344,8860a33c9075dfa66143ff079a356f292ddd487ca38d1c18bc4156a3518b0fe5,True,0.19625425338745106,0.3018379211425781,8860a33c9075dfa66143ff079a356f292ddd487ca38d1c18bc4156a3518b0fe5
candidate,r2,coin-heaven,153026,50,50,1.0,0,127,0,0.19683837890624983,0.5359649658203125,39c302dc5ec8684c6fd90db54018544741c04a65e832ac7ca7af150b3edd967c,True,0.17843246459960932,0.39386749267578125,39c302dc5ec8684c6fd90db54018544741c04a65e832ac7ca7af150b3edd967c
candidate,r2,coin-heaven,153027,50,50,1.0,0,111,0,0.4761219024658203,1.192331314086914,dc8d02da0c002881795877687b4ee6db9cc328d43bb5f44aee2cf0e3c1c8b1af,True,0.2689361572265625,0.965118408203125,dc8d02da0c002881795877687b4ee6db9cc328d43bb5f44aee2cf0e3c1c8b1af
candidate,r2,coin-heaven,153028,50,50,1.0,0,126,0,0.34105777740478516,0.92315673828125,0f341c2060deb2207fa921ee2a18e6cd594eb82e0248433ebc292dd5f1ab5980,True,0.27811527252197266,2.399921417236328,0f341c2060deb2207fa921ee2a18e6cd594eb82e0248433ebc292dd5f1ab5980
candidate,r2,coin-heaven,153029,50,50,1.0,0,136,0,0.2925395965576172,1.4598369598388672,5981dabddafbf0aae81b82c23a6e8ac27d60b7b3a5ab51d814b09c26162dff0e,True,0.1773238182067871,0.22292137145996094,5981dabddafbf0aae81b82c23a6e8ac27d60b7b3a5ab51d814b09c26162dff0e
candidate,r2,coin-heaven,153030,50,50,1.0,0,131,0,0.3038644790649414,1.0828971862792969,d8e47fc5915f0867113b49bc6127603f6735f861b8b2acec5f4e804ba3f29b03,True,0.3745555877685547,1.8832683563232422,d8e47fc5915f0867113b49bc6127603f6735f861b8b2acec5f4e804ba3f29b03
candidate,r2,coin-heaven,153031,50,50,1.0,0,111,0,0.2315044403076172,0.49686431884765625,c6c6a23ada9df90f3c9f1e39e4764312bf5a4d5037a417cb9be95b6bd701774d,True,0.5844831466674805,2.3462772369384766,c6c6a23ada9df90f3c9f1e39e4764312bf5a4d5037a417cb9be95b6bd701774d
candidate,r2,coin-heaven,153032,50,50,1.0,0,129,0,0.2341747283935547,0.7128715515136719,61921ba2f276f07617344fe1077a9c0950efe3eed643c85af407444cd8355f8f,True,0.2353191375732421,0.29087066650390625,61921ba2f276f07617344fe1077a9c0950efe3eed643c85af407444cd8355f8f
candidate,r2,coin-heaven,153033,50,50,1.0,0,131,0,0.64849853515625,1.3349056243896484,a1a8e9604098ec5948d2d09172d7064dd7ecafa6425ed139b1385c0185174ea6,True,0.29861927032470703,0.4649162292480469,a1a8e9604098ec5948d2d09172d7064dd7ecafa6425ed139b1385c0185174ea6
candidate,r2,coin-heaven,153034,50,50,1.0,0,121,0,0.5388259887695312,1.8320083618164062,0adfe0807f61e3e0def9b82014d2097e55143300b7fee21bd2f7b08634badc3d,True,0.1747608184814453,0.31113624572753906,0adfe0807f61e3e0def9b82014d2097e55143300b7fee21bd2f7b08634badc3d
candidate,r2,coin-heaven,153035,50,50,1.0,0,139,0,0.5752086639404296,1.9218921661376953,7b511fe9beffc79ac21bc94eda50c3940e48065345389f32909271eb73a1476b,True,0.17774105072021482,0.3612041473388672,7b511fe9beffc79ac21bc94eda50c3940e48065345389f32909271eb73a1476b
candidate,r2,coin-heaven,153036,50,50,1.0,0,121,0,0.19621849060058594,0.8187294006347656,53c1a229bb0fbe441dfb4940b3c2e7521c1816b283aae36e95839449d86a3c5d,True,0.12803077697753906,0.308990478515625,53c1a229bb0fbe441dfb4940b3c2e7521c1816b283aae36e95839449d86a3c5d
candidate,r2,coin-heaven,153037,50,50,1.0,0,119,0,0.17235279083251945,0.26106834411621094,483557e615e7915bb2dd0f30686c6f109e21e46b5c464931c8840d0caee5e3bb,True,0.17635822296142578,0.22292137145996094,483557e615e7915bb2dd0f30686c6f109e21e46b5c464931c8840d0caee5e3bb
candidate,r2,coin-heaven,153038,50,50,1.0,0,112,0,0.39880275726318354,0.7560253143310547,2040c0ff6fc9c9fa58de2956dbdd41a8a7dabbb799bcead5db7bf97fb6fcb407,True,0.16050338745117163,0.28014183044433594,2040c0ff6fc9c9fa58de2956dbdd41a8a7dabbb799bcead5db7bf97fb6fcb407
candidate,r2,coin-heaven,153039,50,50,1.0,0,128,0,0.3755211830139156,1.962900161743164,e9b3e99fe4fdbf5aa0017170cede539ccec592778c05690e346238068d2f826c,True,0.19681453704833973,0.247955322265625,e9b3e99fe4fdbf5aa0017170cede539ccec592778c05690e346238068d2f826c
candidate,r2,coin-heaven,153040,50,50,1.0,0,121,0,0.2949237823486328,0.7998943328857422,4aec9ea637326955b0f4f7d8260c5dfed39834287df979ee07fe103359582fb3,True,0.21910667419433594,0.4019737243652344,4aec9ea637326955b0f4f7d8260c5dfed39834287df979ee07fe103359582fb3
candidate,r2,loot-crate,154001,7,50,0.14,0,400,0,0.7551550865173337,4.122018814086914,1552e4ad685063dcbd24dbd33ca8baaf16dc7346017d5137faff75ea00c5a8b8,True,0.2300739288330078,0.44274330139160156,1552e4ad685063dcbd24dbd33ca8baaf16dc7346017d5137faff75ea00c5a8b8
candidate,r2,loot-crate,154002,6,50,0.12,0,400,0,0.5631089210510252,1.3859272003173828,06c85de1200507cfb23fff52792e17e26fec2e560421ec0ffcddb32281893595,True,0.18533468246459953,0.3707408905029297,06c85de1200507cfb23fff52792e17e26fec2e560421ec0ffcddb32281893595
candidate,r2,loot-crate,154003,14,50,0.28,0,400,0,0.6814122200012205,1.8317699432373047,e968cec94bcd60201bffea1abe17222293f76bd33725427da4b5699b29d98069,True,0.1631617546081542,0.3561973571777344,e968cec94bcd60201bffea1abe17222293f76bd33725427da4b5699b29d98069
candidate,r2,loot-crate,154004,9,50,0.18,0,400,0,0.3304362297058103,3.9069652557373047,a4a5d27d461e082343ca9fbce4ccbd7c803ea9eb8fb63e0248178945e156e52d,True,0.16094446182250977,0.37932395935058594,a4a5d27d461e082343ca9fbce4ccbd7c803ea9eb8fb63e0248178945e156e52d
candidate,r2,loot-crate,154005,4,50,0.08,0,400,0,0.260031223297119,2.5358200073242188,d532c0ce2ef3a38842694ecd7bcc845e1c7a9208bdf29b9fa1860f368b74c5b7,True,0.19645690917968728,0.5788803100585938,d532c0ce2ef3a38842694ecd7bcc845e1c7a9208bdf29b9fa1860f368b74c5b7
candidate,r2,loot-crate,154006,6,50,0.12,0,400,0,0.2633571624755858,0.7379055023193359,07aa88dff83613bcc5b2ed7d45a409788a0780171bdf13c79a703397179ebef9,True,0.2501130104064939,0.946044921875,07aa88dff83613bcc5b2ed7d45a409788a0780171bdf13c79a703397179ebef9
candidate,r2,loot-crate,154007,1,50,0.02,1,20,0,0.3597855567932132,0.8311271667480469,bda400e90079b0d94781e7957bfbc6c6bbbccb212cb2460903bc01a4a946c4ec,True,0.4486680030822755,0.5929470062255859,bda400e90079b0d94781e7957bfbc6c6bbbccb212cb2460903bc01a4a946c4ec
candidate,r2,loot-crate,154008,3,50,0.06,0,400,0,0.16322135925292955,0.377655029296875,f493efac68d1615c2dcdcf8d8112c00568c6287196e0930b55ddfcda8a918863,True,0.2801895141601562,1.477956771850586,f493efac68d1615c2dcdcf8d8112c00568c6287196e0930b55ddfcda8a918863
candidate,r2,loot-crate,154009,15,50,0.3,0,400,1,0.20341873168945288,0.6499290466308594,f97e24f9a95e16940181a389f6a62ca0616c608d336e2f98c1dd14b1abd7069b,True,0.3368973731994629,1.466989517211914,f97e24f9a95e16940181a389f6a62ca0616c608d336e2f98c1dd14b1abd7069b
candidate,r2,loot-crate,154010,16,50,0.32,0,400,0,0.6733059883117674,1.3742446899414062,06f13bf6c41572ec7acbd566ee260d85868c6508d5730d57240d3a89d899d29a,True,0.17309188842773438,0.39005279541015625,06f13bf6c41572ec7acbd566ee260d85868c6508d5730d57240d3a89d899d29a
candidate,r2,loot-crate,154011,13,50,0.26,0,400,0,0.6951332092285146,2.1550655364990234,601c7db1320d4265a6b827d8b2606021be4f290c59de67cd5d4db5a2d4b04de6,True,0.4394650459289548,1.814126968383789,601c7db1320d4265a6b827d8b2606021be4f290c59de67cd5d4db5a2d4b04de6
candidate,r2,loot-crate,154012,14,50,0.28,0,400,0,0.25424957275390614,0.6551742553710938,e8a027c71fdcb0e1de2caf1a537cf7f010c150c81b25c165348d2b27320d318f,True,0.25721788406372054,0.6120204925537109,e8a027c71fdcb0e1de2caf1a537cf7f010c150c81b25c165348d2b27320d318f
candidate,r2,loot-crate,154013,14,50,0.28,0,400,0,0.1748681068420409,0.5741119384765625,43e477a5225fd7280c8aaa04dc207977444b7cf93becbdde89d149499903ba48,True,0.17538070678710924,0.4439353942871094,43e477a5225fd7280c8aaa04dc207977444b7cf93becbdde89d149499903ba48
candidate,r2,loot-crate,154014,5,50,0.1,0,400,0,0.27195215225219627,0.7219314575195312,62034dcf11916305dea6be23adb8b39fbbfc76ef80f0b754dde487e6b5f884a2,True,0.546813011169433,2.456188201904297,62034dcf11916305dea6be23adb8b39fbbfc76ef80f0b754dde487e6b5f884a2
candidate,r2,loot-crate,154015,3,50,0.06,1,49,0,0.33683776855468717,0.5071163177490234,7dd5fca5cacc9748f9dc8f8963e69e1a5ef0a509f618605c23fa75b320f9fe2f,True,0.4573345184326172,0.9129047393798828,7dd5fca5cacc9748f9dc8f8963e69e1a5ef0a509f618605c23fa75b320f9fe2f
candidate,r2,loot-crate,154016,8,50,0.16,0,400,0,0.21820068359374994,0.3628730773925781,7db607a307f3aecaafcb77ac8e9b3a97412f48889648db45ec5030012c30e1a2,True,0.22602081298828125,0.5309581756591797,7db607a307f3aecaafcb77ac8e9b3a97412f48889648db45ec5030012c30e1a2
candidate,r2,loot-crate,154017,6,50,0.12,0,400,0,0.2730369567871093,0.762939453125,7af201ab7234eaca21367f925521c5d578aafd95ab66d4711715e671643e4701,True,0.20695924758911133,0.5738735198974609,7af201ab7234eaca21367f925521c5d578aafd95ab66d4711715e671643e4701
candidate,r2,loot-crate,154018,4,50,0.08,0,400,0,0.19599199295043945,0.8997917175292969,fbbe429b271c759ad7b74d3a6cff5cbb5711eba190ec62385e8a6af463b4439a,True,0.14901161193847656,0.6778240203857422,fbbe429b271c759ad7b74d3a6cff5cbb5711eba190ec62385e8a6af463b4439a
candidate,r2,loot-crate,154019,0,50,0.0,0,400,0,0.15592575073242188,0.4360675811767578,b8aa60dc18f5dbd82ac4edd88e574df12f28347c3f21e849372e9abb054db540,True,0.17536878585815419,0.5092620849609375,b8aa60dc18f5dbd82ac4edd88e574df12f28347c3f21e849372e9abb054db540
candidate,r2,loot-crate,154020,0,50,0.0,1,42,0,0.1899123191833496,0.2791881561279297,f791402490137cebe6f2d2f57421a9c5586dcfcb7b1a97f0d0b3dc1a47a24c83,True,0.2078890800476073,0.3082752227783203,f791402490137cebe6f2d2f57421a9c5586dcfcb7b1a97f0d0b3dc1a47a24c83
candidate,r2,loot-crate,154021,0,50,0.0,0,400,0,0.13351440429687478,1.2547969818115234,3a667193facfe82b53da8a1576837142ea2efe47d01f3aa754dfd905fbac0383,True,0.12803077697753906,0.5869865417480469,3a667193facfe82b53da8a1576837142ea2efe47d01f3aa754dfd905fbac0383
candidate,r2,loot-crate,154022,12,50,0.24,0,400,0,0.14501810073852534,0.2727508544921875,f4392f8a7ec1739d9621f4f6e72fcbee8b090f587f72a5fe31a3124e5cdda894,True,0.1851201057434081,0.5099773406982422,f4392f8a7ec1739d9621f4f6e72fcbee8b090f587f72a5fe31a3124e5cdda894
candidate,r2,loot-crate,154023,16,50,0.32,0,400,0,0.18287897109985352,0.4150867462158203,4ae90d50ca726aa046b92e80a2ab0fe499efbc9bbd197039e16fb95c067b32f5,True,0.2473473548889157,0.5331039428710938,4ae90d50ca726aa046b92e80a2ab0fe499efbc9bbd197039e16fb95c067b32f5
candidate,r2,loot-crate,154024,8,50,0.16,0,400,0,0.2060294151306152,0.7350444793701172,a6d1a6ba0f5204239d61c01e519df096cd7ce12403930903ce503245bca82688,True,0.1771092414855955,0.3528594970703125,a6d1a6ba0f5204239d61c01e519df096cd7ce12403930903ce503245bca82688
candidate,r2,loot-crate,154025,2,50,0.04,0,400,0,0.4327893257141113,2.1071434020996094,c35a70917f5ad4324b8d1fde3ed81a4f1b2e3bada3fa61bffe8eb2fa2060e0c8,True,0.15283823013305664,0.43392181396484375,c35a70917f5ad4324b8d1fde3ed81a4f1b2e3bada3fa61bffe8eb2fa2060e0c8
candidate,r2,loot-crate,154026,5,50,0.1,0,400,0,0.4523396492004392,1.0080337524414062,f2865c472fb22e71f78776ac4a982dcb86f2e50e47e6c01f5b16f8fb1e92c864,True,0.1711010932922362,0.5648136138916016,f2865c472fb22e71f78776ac4a982dcb86f2e50e47e6c01f5b16f8fb1e92c864
candidate,r2,loot-crate,154027,10,50,0.2,0,400,0,0.1953005790710449,0.5080699920654297,969ae8c0f7c7d46dd21c0ee37853ed93d43eda95355351a73294172bd2383e9b,True,0.2162814140319824,0.6108283996582031,969ae8c0f7c7d46dd21c0ee37853ed93d43eda95355351a73294172bd2383e9b
candidate,r2,loot-crate,154028,9,50,0.18,0,400,0,0.18817186355590815,0.3180503845214844,6f057998a18342eeb7c1c841f898fdbf01bf17f9ab462ca83f4d8b6cd3fd33d7,True,0.20577907562255857,0.370025634765625,6f057998a18342eeb7c1c841f898fdbf01bf17f9ab462ca83f4d8b6cd3fd33d7
candidate,r2,loot-crate,154029,8,50,0.16,1,170,0,0.2293348312377925,0.40912628173828125,ef7c798f89123174dbd7bca6c9d289f7991867192ef521f7dc35cfc859618710,True,0.27183294296264643,0.5481243133544922,ef7c798f89123174dbd7bca6c9d289f7991867192ef521f7dc35cfc859618710
candidate,r2,loot-crate,154030,0,50,0.0,0,400,0,0.23485422134399414,2.346038818359375,946bbf2963d8fb2cd24fe40fc9551e27b1db94b7b32858a7234979998739a340,True,0.12907981872558585,0.3361701965332031,946bbf2963d8fb2cd24fe40fc9551e27b1db94b7b32858a7234979998739a340
candidate,r2,loot-crate,154031,6,50,0.12,0,400,0,0.42711496353149403,3.0269622802734375,3b4897103877b5bfb169007ddeacc2ad069452bb6960ea12d32b18aea8de897f,True,0.13695955276489247,0.2989768981933594,3b4897103877b5bfb169007ddeacc2ad069452bb6960ea12d32b18aea8de897f
candidate,r2,loot-crate,154032,0,50,0.0,0,400,0,0.20028352737426736,1.0149478912353516,2eedfb54d7c62d502177ec030c9433c156221a7c32f18b6246da1198eff37039,True,0.19298791885375965,0.7801055908203125,2eedfb54d7c62d502177ec030c9433c156221a7c32f18b6246da1198eff37039
candidate,r2,loot-crate,154033,3,50,0.06,0,400,0,0.25970935821533153,0.9000301361083984,77be3327ea948815f6a647da29b86da7e9cf5fe74dc65bbf317971991405c7c0,True,0.17168521881103513,0.47779083251953125,77be3327ea948815f6a647da29b86da7e9cf5fe74dc65bbf317971991405c7c0
candidate,r2,loot-crate,154034,3,50,0.06,0,400,0,0.16102790832519523,0.8120536804199219,04325bbd430e1fdeb71925e297800ec543e7ef2bb4e85b785bcbfa7c9d1d8d7d,True,0.1540780067443847,0.3211498260498047,04325bbd430e1fdeb71925e297800ec543e7ef2bb4e85b785bcbfa7c9d1d8d7d
candidate,r2,loot-crate,154035,6,50,0.12,1,68,0,0.2871990203857421,1.1789798736572266,8119a81165322bfaa516c08f17a93af8b23d12d2cbee0b47c004b6b3d5fb3147,True,0.2940535545349121,0.6041526794433594,8119a81165322bfaa516c08f17a93af8b23d12d2cbee0b47c004b6b3d5fb3147
candidate,r2,loot-crate,154036,19,50,0.38,0,400,1,0.20204782485961903,0.6480216979980469,59b72bd4c48d726f5b198ff25b85867fb04636be79db70374c4b6d20dfe109c8,True,0.2882122993469221,1.0519027709960938,59b72bd4c48d726f5b198ff25b85867fb04636be79db70374c4b6d20dfe109c8
candidate,r2,loot-crate,154037,8,50,0.16,0,400,0,0.17919540405273424,0.6117820739746094,542ad43574d5c95b9f6c964208c128814ab6a8161f7de34a42246fd3faa589fc,True,0.18409490585327146,0.9779930114746094,542ad43574d5c95b9f6c964208c128814ab6a8161f7de34a42246fd3faa589fc
candidate,r2,loot-crate,154038,4,50,0.08,0,400,0,0.2606153488159175,0.8511543273925781,6e69d85ddbf631c0aa22062b41b6c6d729418d09d0c2a8820fe4d4a48ba1464b,True,0.1998186111450195,0.6768703460693359,6e69d85ddbf631c0aa22062b41b6c6d729418d09d0c2a8820fe4d4a48ba1464b
candidate,r2,loot-crate,154039,21,50,0.42,0,400,0,0.6729722023010244,5.279064178466797,0e20ab80365e6da747c2107c7a0f453dec94efda09c0eb0f91347a48059dbf7c,True,0.31224489212036116,0.9820461273193359,0e20ab80365e6da747c2107c7a0f453dec94efda09c0eb0f91347a48059dbf7c
candidate,r2,loot-crate,154040,3,50,0.06,1,42,0,0.21548271179199213,0.32210350036621094,616ca13d7dc4e64e777f1e3cf1ebd7285680929d93eed4f9438843874d9a6726,True,0.39317607879638594,0.4868507385253906,616ca13d7dc4e64e777f1e3cf1ebd7285680929d93eed4f9438843874d9a6726
candidate,r3,classic,152001,1,9,0.1111111111111111,0,400,0,0.16999244689941406,0.7090568542480469,fbac9067f19a0127acc4603f5d7f1fc54394bac7d24c85de68347a355c1b4b61,True,0.17129182815551727,0.4990100860595703,fbac9067f19a0127acc4603f5d7f1fc54394bac7d24c85de68347a355c1b4b61
candidate,r3,classic,152002,0,9,0.0,0,400,0,0.18409490585327146,1.3439655303955078,fbe748f14c045fd0d5295ebaf743e139a2c0d87c072d0f7c77a970c853117369,True,0.1672744750976561,0.7617473602294922,fbe748f14c045fd0d5295ebaf743e139a2c0d87c072d0f7c77a970c853117369
candidate,r3,classic,152003,2,9,0.2222222222222222,0,400,0,0.20604133605957026,0.9002685546875,e963236e59b762b69d328fff94f834f98f0818dc3b33930efe76a090a51017c3,True,0.3575921058654781,1.8749237060546875,e963236e59b762b69d328fff94f834f98f0818dc3b33930efe76a090a51017c3
candidate,r3,classic,152004,4,9,0.4444444444444444,0,400,0,0.24610757827758784,0.6198883056640625,3650ae02f21fa0fba37702d0647917a5de2126380d3f0064c2dfa093955a6e23,True,0.23314952850341777,0.7779598236083984,3650ae02f21fa0fba37702d0647917a5de2126380d3f0064c2dfa093955a6e23
candidate,r3,classic,152005,1,9,0.1111111111111111,0,400,0,0.24305582046508778,1.9600391387939453,873211a48467c80a2b576d2932b12410dc6f066b3fc4588c2aa15cf8f447f5f7,True,0.1771569252014158,0.45013427734375,873211a48467c80a2b576d2932b12410dc6f066b3fc4588c2aa15cf8f447f5f7
candidate,r3,classic,152006,0,9,0.0,0,400,0,0.1830339431762694,1.355886459350586,d1481b8fe2fa27e8e77bfc47f12368442b3527147ff1af079adcb5cfe6a617f5,True,0.1191139221191405,0.4982948303222656,d1481b8fe2fa27e8e77bfc47f12368442b3527147ff1af079adcb5cfe6a617f5
candidate,r3,classic,152007,1,9,0.1111111111111111,0,400,0,0.26762485504150335,1.0161399841308594,20d5c4d21ab012e0342cd74d2bdd0e912c0fd8475885dd3f9c0be6f38321697c,True,0.21398067474365223,0.476837158203125,20d5c4d21ab012e0342cd74d2bdd0e912c0fd8475885dd3f9c0be6f38321697c
candidate,r3,classic,152008,0,9,0.0,0,400,0,0.14815330505371085,1.2400150299072266,ed616dfeef2615225a2e3095965c7be8cbb00e0918647d40b7ed93eb1f2b8a5f,True,0.1240849494934081,0.35309791564941406,ed616dfeef2615225a2e3095965c7be8cbb00e0918647d40b7ed93eb1f2b8a5f
candidate,r3,classic,152009,2,9,0.2222222222222222,0,400,0,0.16530752182006828,0.6477832794189453,5f93de8405cc5f1b50ce341f7b5aa2a575dc9ec1df97bd2698e124bac7109844,True,0.6791591644287099,9.382009506225586,5f93de8405cc5f1b50ce341f7b5aa2a575dc9ec1df97bd2698e124bac7109844
candidate,r3,classic,152010,0,9,0.0,0,400,0,0.16598701477050776,0.3960132598876953,5701f28d0bb57926c549a8aa5ada542a1b172bd0c0fe9d73709da7de6c010eaa,True,0.7122635841369626,2.557039260864258,5701f28d0bb57926c549a8aa5ada542a1b172bd0c0fe9d73709da7de6c010eaa
candidate,r3,classic,152011,0,9,0.0,0,400,0,0.2530574798583983,1.981973648071289,4b6a47c086fa543847f7d468ff0a39f012f07277fc9d6b60218e20d84b74f52d,True,0.13846158981323226,1.1310577392578125,4b6a47c086fa543847f7d468ff0a39f012f07277fc9d6b60218e20d84b74f52d
candidate,r3,classic,152012,4,9,0.4444444444444444,0,400,0,0.2167344093322754,0.7658004760742188,74a55e914231a1b5024168a2ab81aff511154ac1ba085f4c0eacf0da37151f37,True,0.15093088150024414,0.48089027404785156,74a55e914231a1b5024168a2ab81aff511154ac1ba085f4c0eacf0da37151f37
candidate,r3,classic,152013,1,9,0.1111111111111111,0,400,0,0.14611482620239238,0.43320655822753906,a37767df81f79ca9bb53a9e39001edbb52186a15b873af07d1af75a6b6ced35e,True,0.16220808029174796,0.6167888641357422,a37767df81f79ca9bb53a9e39001edbb52186a15b873af07d1af75a6b6ced35e
candidate,r3,classic,152014,3,9,0.3333333333333333,0,400,0,0.26516914367675776,0.9181499481201172,fe532e789efc8d7d2ee70b214205c98f2af33b09c32d73f6b5634b85b52eb13e,True,0.21768808364868164,0.6721019744873047,fe532e789efc8d7d2ee70b214205c98f2af33b09c32d73f6b5634b85b52eb13e
candidate,r3,classic,152015,0,9,0.0,0,400,0,0.15316009521484367,0.43010711669921875,4f81a8a8ffc4ce71fc9df1143ef86f3e84b641c6a8171b60c5bb303b8c867fcd,True,0.226545333862304,0.8218288421630859,4f81a8a8ffc4ce71fc9df1143ef86f3e84b641c6a8171b60c5bb303b8c867fcd
candidate,r3,classic,152016,0,9,0.0,0,400,0,0.15311241149902338,0.308990478515625,8a5c9e25096a72605daaa6b7e566001070d28378d6cd29390b61bcca54d5a4d9,True,0.18318891525268546,1.3451576232910156,8a5c9e25096a72605daaa6b7e566001070d28378d6cd29390b61bcca54d5a4d9
candidate,r3,classic,152017,1,9,0.1111111111111111,0,400,0,0.1574516296386718,0.3619194030761719,e150a391d44d82f8ad870243dbe4449607b3bd8acf5a08a209763c37d0648203,True,0.1899480819702147,0.5719661712646484,e150a391d44d82f8ad870243dbe4449607b3bd8acf5a08a209763c37d0648203
candidate,r3,classic,152018,0,9,0.0,0,400,0,0.14495849609375,0.45371055603027344,ad4fc011539a04d3e9e6d55d428543b133722099b71788f7ef90f7dbe2d9e391,True,0.4659771919250487,2.3369789123535156,ad4fc011539a04d3e9e6d55d428543b133722099b71788f7ef90f7dbe2d9e391
candidate,r3,classic,152019,0,9,0.0,0,400,0,0.16709566116332988,0.43702125549316406,5594b2da80fe8363d07c61ae6128c15422ae92010f6476f7b23fe37f96a02396,True,0.4449963569641112,1.9898414611816406,5594b2da80fe8363d07c61ae6128c15422ae92010f6476f7b23fe37f96a02396
candidate,r3,classic,152020,1,9,0.1111111111111111,0,400,0,0.15192031860351557,0.42819976806640625,54386dccc76fff6ac283976b0bb5585739647ae83fd0f8868bde417d8ff1a2e1,True,0.20824670791625946,0.6730556488037109,54386dccc76fff6ac283976b0bb5585739647ae83fd0f8868bde417d8ff1a2e1
candidate,r3,classic,152021,0,9,0.0,0,400,0,0.11202096939086896,0.2789497375488281,6a8d96dce90868baeee3bbe11c90692022f2fa983cea33c0cb952a6431672938,True,0.11310577392578117,0.26702880859375,6a8d96dce90868baeee3bbe11c90692022f2fa983cea33c0cb952a6431672938
candidate,r3,classic,152022,1,9,0.1111111111111111,0,400,0,0.19508600234985346,0.3876686096191406,f68d51c931f6d15798043de93cf93dafde8265390198db63b25f997c22b24857,True,0.15816688537597648,0.3218650817871094,f68d51c931f6d15798043de93cf93dafde8265390198db63b25f997c22b24857
candidate,r3,classic,152023,1,9,0.1111111111111111,0,400,0,0.16546249389648415,0.6811618804931641,60a03a12cd58493ce70c58f9fc841efdbc3bbe540675ec7b31716a7882ed7bec,True,0.16599893569946284,0.36787986755371094,60a03a12cd58493ce70c58f9fc841efdbc3bbe540675ec7b31716a7882ed7bec
candidate,r3,classic,152024,2,9,0.2222222222222222,1,69,0,0.1563549041748047,0.33593177795410156,c0ea225e2dc2eb5e186e7739d421a660332e978bcac7178e74a0f59f201a5d22,True,0.1367092132568359,0.27179718017578125,c0ea225e2dc2eb5e186e7739d421a660332e978bcac7178e74a0f59f201a5d22
candidate,r3,classic,152025,0,9,0.0,0,400,0,0.15316009521484367,0.3209114074707031,a04e9b424b9715990b99129c0e54c3e16a0bb78a50c60f4f8d3903fb438a1a76,True,0.1411795616149902,0.34618377685546875,a04e9b424b9715990b99129c0e54c3e16a0bb78a50c60f4f8d3903fb438a1a76
candidate,r3,classic,152026,5,9,0.5555555555555556,0,400,0,0.18607378005981434,0.720977783203125,4de3de72b8d33412d0c4525ae66fa33874bafbd46eec7f8108adaf867d24fbc1,True,0.23202896118164057,1.5399456024169922,4de3de72b8d33412d0c4525ae66fa33874bafbd46eec7f8108adaf867d24fbc1
candidate,r3,classic,152027,3,9,0.3333333333333333,0,400,0,0.15215873718261713,0.5419254302978516,021f099e0d7f52a1b3bd63b172802d95cc170da5e7d4e43ca72acb944cc135ca,True,0.45425891876220675,3.759145736694336,021f099e0d7f52a1b3bd63b172802d95cc170da5e7d4e43ca72acb944cc135ca
candidate,r3,classic,152028,1,9,0.1111111111111111,0,400,0,0.16008615493774403,0.7262229919433594,6b6d5a7df7d005438a1b681bc6ef70bc20fbe17bb502cac18a8b0f111c6c291b,True,0.5710601806640625,2.315044403076172,6b6d5a7df7d005438a1b681bc6ef70bc20fbe17bb502cac18a8b0f111c6c291b
candidate,r3,classic,152029,0,9,0.0,0,400,0,0.11491775512695312,0.5090236663818359,6a8d96dce90868baeee3bbe11c90692022f2fa983cea33c0cb952a6431672938,True,0.11817216873168931,0.3800392150878906,6a8d96dce90868baeee3bbe11c90692022f2fa983cea33c0cb952a6431672938
candidate,r3,classic,152030,1,9,0.1111111111111111,0,400,0,0.18320083618164054,0.28395652770996094,c04d92c4e912e7187be978ff20120be9ac293c48e23057ff80157d8f6b75589d,True,0.186014175415039,0.6167888641357422,c04d92c4e912e7187be978ff20120be9ac293c48e23057ff80157d8f6b75589d
candidate,r3,classic,152031,1,9,0.1111111111111111,0,400,0,0.1262187957763671,0.31280517578125,2126a5c8036de1ada3fbc9068a85cfd42b1bfec0ae6f5060930cba3b2788631a,True,0.14781951904296875,0.43892860412597656,2126a5c8036de1ada3fbc9068a85cfd42b1bfec0ae6f5060930cba3b2788631a
candidate,r3,classic,152032,0,9,0.0,0,400,0,0.15283823013305664,0.3960132598876953,43cd019d66f5c1c466777a6ca49328134fb82b5af482c3ef606f76668fa0ea97,True,0.12885332107543934,0.3330707550048828,43cd019d66f5c1c466777a6ca49328134fb82b5af482c3ef606f76668fa0ea97
candidate,r3,classic,152033,2,9,0.2222222222222222,0,400,1,0.15282630920410156,0.2899169921875,42b4d65ce741bc58db68968b541f17a6580ad6827d66c5398697dc64e00db3ee,True,0.1711010932922362,0.5848407745361328,42b4d65ce741bc58db68968b541f17a6580ad6827d66c5398697dc64e00db3ee
candidate,r3,classic,152034,0,9,0.0,0,400,0,0.20700693130493159,0.9160041809082031,07a556ea21a5af746f530a909394199a85cf705a4ee112721f611a62f263a571,True,0.19038915634155262,0.637054443359375,07a556ea21a5af746f530a909394199a85cf705a4ee112721f611a62f263a571
candidate,r3,classic,152035,0,9,0.0,0,400,0,0.16400814056396465,0.36215782165527344,98d894b7e60f434e499b003d6d2ac83b34e4987b13c83e8640662e5d8790cc1a,True,0.1510143280029296,0.843048095703125,98d894b7e60f434e499b003d6d2ac83b34e4987b13c83e8640662e5d8790cc1a
candidate,r3,classic,152036,0,9,0.0,0,400,0,0.16785860061645508,0.6821155548095703,b874668556a378ebf5ac4ac4b2d7ef36a61ee017de223bbdb0137aeeac5d0f21,True,0.3125190734863275,1.127004623413086,b874668556a378ebf5ac4ac4b2d7ef36a61ee017de223bbdb0137aeeac5d0f21
candidate,r3,classic,152037,0,9,0.0,0,400,0,0.2084136009216304,0.9899139404296875,a04e9b424b9715990b99129c0e54c3e16a0bb78a50c60f4f8d3903fb438a1a76,True,0.14905929565429682,0.46896934509277344,a04e9b424b9715990b99129c0e54c3e16a0bb78a50c60f4f8d3903fb438a1a76
candidate,r3,classic,152038,0,9,0.0,0,400,0,0.15283823013305664,0.4780292510986328,1dd24bdea4049c0f8263071013c3656b456249818f57723921beeb9af1297d9a,True,0.13313293457031242,0.2880096435546875,1dd24bdea4049c0f8263071013c3656b456249818f57723921beeb9af1297d9a
candidate,r3,classic,152039,5,9,0.5555555555555556,0,400,0,0.21592378616332994,0.5311965942382812,1397c0d2c62d5d3e1324334dfcdf42260c29eb88ecab3d988721ed2cf2a1bf44,True,0.17848014831542935,0.4458427429199219,1397c0d2c62d5d3e1324334dfcdf42260c29eb88ecab3d988721ed2cf2a1bf44
candidate,r3,classic,152040,4,9,0.4444444444444444,0,400,0,0.14311075210571284,0.3490447998046875,ba78fe12cda401f6eb0b5af4bebf35537fc33953c063b6dd4ce0ebd727242d30,True,0.17189979553222656,0.7841587066650391,ba78fe12cda401f6eb0b5af4bebf35537fc33953c063b6dd4ce0ebd727242d30
candidate,r3,coin-heaven,153001,50,50,1.0,0,135,0,0.3096342086791992,0.4107952117919922,8aa810716351ba0d922f1c76bc947adf3cf37f12c227061c83640a12c11d20e4,True,0.31049251556396484,0.3838539123535156,8aa810716351ba0d922f1c76bc947adf3cf37f12c227061c83640a12c11d20e4
candidate,r3,coin-heaven,153002,50,50,1.0,0,123,0,0.13520717620849604,0.46706199645996094,be7113133231c6560c37b1580d8b10f50c4c0ce0a9b5e00aa1835ba9b48efb66,True,0.14603137969970703,0.21719932556152344,be7113133231c6560c37b1580d8b10f50c4c0ce0a9b5e00aa1835ba9b48efb66
candidate,r3,coin-heaven,153003,50,50,1.0,0,134,0,0.22823810577392573,0.5459785461425781,40ad04d6007c0653db2a6fdbf886c8ee62a030cfb043d53e3c63f8e33768e57a,True,0.20085573196411133,0.3619194030761719,40ad04d6007c0653db2a6fdbf886c8ee62a030cfb043d53e3c63f8e33768e57a
candidate,r3,coin-heaven,153004,50,50,1.0,0,121,0,0.247955322265625,0.3230571746826172,dfbd350d502432b62a4b724eb82f8ac637074cac15f2f06a00b063cd53b18bc2,True,0.19407272338867188,0.2911090850830078,dfbd350d502432b62a4b724eb82f8ac637074cac15f2f06a00b063cd53b18bc2
candidate,r3,coin-heaven,153005,50,50,1.0,0,130,0,0.14936923980712885,0.23818016052246094,89e94552d14420c339f10b7d65081130c29402ad4bafbebc6e78a63a0106eb76,True,0.2331376075744629,0.396728515625,89e94552d14420c339f10b7d65081130c29402ad4bafbebc6e78a63a0106eb76
candidate,r3,coin-heaven,153006,50,50,1.0,0,121,0,0.3650188446044922,1.2750625610351562,63843846a1c8fe769f05dbef1f1d682f18fcb93ef10392f1da0224dbe7524bd7,True,0.27298927307128906,0.6039142608642578,63843846a1c8fe769f05dbef1f1d682f18fcb93ef10392f1da0224dbe7524bd7
candidate,r3,coin-heaven,153007,50,50,1.0,0,121,0,0.4520416259765625,0.7109642028808594,6101122c300131771c0f217c40a41bc0b5bf0b5d22c48cd6c61aaf153099ddc8,True,0.24819374084472656,0.9179115295410156,6101122c300131771c0f217c40a41bc0b5bf0b5d22c48cd6c61aaf153099ddc8
candidate,r3,coin-heaven,153008,50,50,1.0,0,135,0,0.28836727142333984,0.5590915679931641,d10a97756858564f931275ade27a438140fcbd8af70b125c25d7f2a2a64735a1,True,0.32334327697753906,0.49591064453125,d10a97756858564f931275ade27a438140fcbd8af70b125c25d7f2a2a64735a1
candidate,r3,coin-heaven,153009,50,50,1.0,0,114,0,0.18632411956787104,0.335693359375,58fe8f688249f6db49e2e1890eb32b937da5e6d1b39a4a874f5e92b379d00ebd,True,0.20443201065063465,0.40912628173828125,58fe8f688249f6db49e2e1890eb32b937da5e6d1b39a4a874f5e92b379d00ebd
candidate,r3,coin-heaven,153010,50,50,1.0,0,119,0,0.21822452545166013,0.2849102020263672,4413235a3f7c9fb2d8df22dea8dfdaf3d911e853c095b07e01e966f39a1cc5e8,True,0.23050308227539062,0.2739429473876953,4413235a3f7c9fb2d8df22dea8dfdaf3d911e853c095b07e01e966f39a1cc5e8
candidate,r3,coin-heaven,153011,50,50,1.0,0,123,0,0.2571105957031247,0.8509159088134766,620050718b433bd1e6082dcadecb482207c504f35b2335a59275cfddb53244cb,True,0.23858547210693348,0.28395652770996094,620050718b433bd1e6082dcadecb482207c504f35b2335a59275cfddb53244cb
candidate,r3,coin-heaven,153012,50,50,1.0,0,134,0,0.34625530242919916,0.9517669677734375,bcbd023ff8f415b1656635f3fad68d664eb129bd93d39dd3ce68d0896370d447,True,0.1701712608337402,0.2751350402832031,bcbd023ff8f415b1656635f3fad68d664eb129bd93d39dd3ce68d0896370d447
candidate,r3,coin-heaven,153013,50,50,1.0,0,131,0,0.25093555450439453,0.324249267578125,d6106b7e7cc45e17ccf06f2c89999f5d0621b46c7e35783258345da7eda1ba46,True,0.23734569549560547,0.2961158752441406,d6106b7e7cc45e17ccf06f2c89999f5d0621b46c7e35783258345da7eda1ba46
candidate,r3,coin-heaven,153014,50,50,1.0,0,121,0,0.3237724304199219,0.3898143768310547,c0bc21ac5b9f4bd368be120a00678494c9f615311cf81c99163fed39d8541852,True,0.164031982421875,1.5048980712890625,c0bc21ac5b9f4bd368be120a00678494c9f615311cf81c99163fed39d8541852
candidate,r3,coin-heaven,153015,50,50,1.0,0,142,0,0.25414228439331055,0.2982616424560547,0cfa5f2250df685bb933b309e32d7ec1dfa00f5166e75ad55400dc75522a4b81,True,0.2823948860168456,0.5950927734375,0cfa5f2250df685bb933b309e32d7ec1dfa00f5166e75ad55400dc75522a4b81
candidate,r3,coin-heaven,153016,50,50,1.0,0,125,0,0.17266273498535156,0.3409385681152344,dc660f3c586311dc6cd4b8623b712a377fd53daf9f5fb988affb86029fc8533a,True,0.18057823181152344,0.2579689025878906,dc660f3c586311dc6cd4b8623b712a377fd53daf9f5fb988affb86029fc8533a
candidate,r3,coin-heaven,153017,50,50,1.0,0,124,0,0.23617744445800778,0.5040168762207031,f5e84cfa4deae7aaf5266b43d0be1120202e7ab892efc6773af9daf31d9e22aa,True,0.14061927795410156,0.2541542053222656,f5e84cfa4deae7aaf5266b43d0be1120202e7ab892efc6773af9daf31d9e22aa
candidate,r3,coin-heaven,153018,50,50,1.0,0,123,0,0.13592243194580075,0.22602081298828125,b6cffae3ab5e6298cb51ab7b564dd13920abdd96d8d3edfd611d52d00fbb395c,True,0.49552917480468744,0.7541179656982422,b6cffae3ab5e6298cb51ab7b564dd13920abdd96d8d3edfd611d52d00fbb395c
candidate,r3,coin-heaven,153019,50,50,1.0,0,130,0,0.36380290985107416,0.8289813995361328,091ab783f3c31400dab10e7cb85054f4aa2a29c7badda9cf79e308c933cd0237,True,0.3365516662597656,0.6089210510253906,091ab783f3c31400dab10e7cb85054f4aa2a29c7badda9cf79e308c933cd0237
candidate,r3,coin-heaven,153020,50,50,1.0,0,128,0,0.5893349647521957,0.9150505065917969,0ba8692c1465b000f072b56d174fe04893c89b15c75fb8ed83a5c63851ed6daf,True,0.14561414718627927,0.2391338348388672,0ba8692c1465b000f072b56d174fe04893c89b15c75fb8ed83a5c63851ed6daf
candidate,r3,coin-heaven,153021,50,50,1.0,0,129,0,0.152587890625,0.25582313537597656,28b8913d59f53f13c1c7ddababf92763f3a0574a76cef3e4d1630b22879fd88f,True,0.12416839599609374,0.20194053649902344,28b8913d59f53f13c1c7ddababf92763f3a0574a76cef3e4d1630b22879fd88f
candidate,r3,coin-heaven,153022,50,50,1.0,0,117,0,0.16303062438964827,0.2830028533935547,37d6cce83b067d684d6fc79393b145a0566598ab74ff91d5ed4b8d703b109ff4,True,0.1701831817626953,0.2200603485107422,37d6cce83b067d684d6fc79393b145a0566598ab74ff91d5ed4b8d703b109ff4
candidate,r3,coin-heaven,153023,50,50,1.0,0,123,0,0.21941661834716794,0.3001689910888672,6a68f9f04a5eda4c78296bde15fe3a223860cc15fefa76d3412fb65c8fcea3fa,True,0.21462440490722653,0.4508495330810547,6a68f9f04a5eda4c78296bde15fe3a223860cc15fefa76d3412fb65c8fcea3fa
candidate,r3,coin-heaven,153024,50,50,1.0,0,116,0,0.17791986465454102,0.28204917907714844,ef4d61c6b6f841ab38f12b51eefca3e7afdf374e7529dec530f309889a008617,True,0.13148784637451172,0.2319812774658203,ef4d61c6b6f841ab38f12b51eefca3e7afdf374e7529dec530f309889a008617
candidate,r3,coin-heaven,153025,50,50,1.0,0,134,0,0.19925832748413083,0.36597251892089844,8860a33c9075dfa66143ff079a356f292ddd487ca38d1c18bc4156a3518b0fe5,True,0.27685165405273426,0.3330707550048828,8860a33c9075dfa66143ff079a356f292ddd487ca38d1c18bc4156a3518b0fe5
candidate,r3,coin-heaven,153026,50,50,1.0,0,127,0,0.2924919128417969,0.4448890686035156,39c302dc5ec8684c6fd90db54018544741c04a65e832ac7ca7af150b3edd967c,True,0.20539760589599595,0.44226646423339844,39c302dc5ec8684c6fd90db54018544741c04a65e832ac7ca7af150b3edd967c
candidate,r3,coin-heaven,153027,50,50,1.0,0,105,0,0.13103485107421872,0.28014183044433594,f6ffa197fdaed8c9a47a40405631c73ecea6b84cfc41470a4a0cecd5bd499693,True,0.18768310546874992,0.36215782165527344,f6ffa197fdaed8c9a47a40405631c73ecea6b84cfc41470a4a0cecd5bd499693
candidate,r3,coin-heaven,153028,50,50,1.0,0,126,0,0.1410841941833496,0.24175643920898438,0f341c2060deb2207fa921ee2a18e6cd594eb82e0248433ebc292dd5f1ab5980,True,0.25713443756103516,0.492095947265625,0f341c2060deb2207fa921ee2a18e6cd594eb82e0248433ebc292dd5f1ab5980
candidate,r3,coin-heaven,153029,50,50,1.0,0,136,0,0.20700693130493164,0.7910728454589844,5981dabddafbf0aae81b82c23a6e8ac27d60b7b3a5ab51d814b09c26162dff0e,True,0.23752450942993164,0.3688335418701172,5981dabddafbf0aae81b82c23a6e8ac27d60b7b3a5ab51d814b09c26162dff0e
candidate,r3,coin-heaven,153030,50,50,1.0,0,131,0,0.26297569274902344,0.8337497711181641,d8e47fc5915f0867113b49bc6127603f6735f861b8b2acec5f4e804ba3f29b03,True,0.25260448455810547,0.3058910369873047,d8e47fc5915f0867113b49bc6127603f6735f861b8b2acec5f4e804ba3f29b03
candidate,r3,coin-heaven,153031,50,50,1.0,0,111,0,0.2410411834716797,0.6000995635986328,c6c6a23ada9df90f3c9f1e39e4764312bf5a4d5037a417cb9be95b6bd701774d,True,0.24449825286865234,0.7441043853759766,c6c6a23ada9df90f3c9f1e39e4764312bf5a4d5037a417cb9be95b6bd701774d
candidate,r3,coin-heaven,153032,50,50,1.0,0,129,0,0.264596939086914,0.45108795166015625,61921ba2f276f07617344fe1077a9c0950efe3eed643c85af407444cd8355f8f,True,0.38919448852539035,0.8859634399414062,61921ba2f276f07617344fe1077a9c0950efe3eed643c85af407444cd8355f8f
candidate,r3,coin-heaven,153033,50,50,1.0,0,131,0,0.3159046173095703,1.2030601501464844,a1a8e9604098ec5948d2d09172d7064dd7ecafa6425ed139b1385c0185174ea6,True,0.36406517028808594,0.885009765625,a1a8e9604098ec5948d2d09172d7064dd7ecafa6425ed139b1385c0185174ea6
candidate,r3,coin-heaven,153034,50,50,1.0,0,121,0,0.15115737915039062,0.23126602172851562,0adfe0807f61e3e0def9b82014d2097e55143300b7fee21bd2f7b08634badc3d,True,0.17499923706054688,0.5099773406982422,0adfe0807f61e3e0def9b82014d2097e55143300b7fee21bd2f7b08634badc3d
candidate,r3,coin-heaven,153035,50,50,1.0,0,139,0,0.19075870513916007,0.2448558807373047,ef117b9c3535ad8c19f2e77ad130d796acf4052adf728d85b46c05ecebf45d76,True,0.2032279968261718,0.3781318664550781,ef117b9c3535ad8c19f2e77ad130d796acf4052adf728d85b46c05ecebf45d76
candidate,r3,coin-heaven,153036,50,50,1.0,0,120,0,0.211644172668457,0.5359649658203125,dc64971b14bc3eebae0286de3ce40d676b12a4d1ad4610617b8589502e4c7c8c,True,0.30528306961059554,0.9980201721191406,dc64971b14bc3eebae0286de3ce40d676b12a4d1ad4610617b8589502e4c7c8c
candidate,r3,coin-heaven,153037,50,50,1.0,0,119,0,0.17712116241455078,0.30612945556640625,483557e615e7915bb2dd0f30686c6f109e21e46b5c464931c8840d0caee5e3bb,True,0.147867202758789,0.5888938903808594,483557e615e7915bb2dd0f30686c6f109e21e46b5c464931c8840d0caee5e3bb
candidate,r3,coin-heaven,153038,50,50,1.0,0,112,0,0.5953669548034665,1.0590553283691406,2040c0ff6fc9c9fa58de2956dbdd41a8a7dabbb799bcead5db7bf97fb6fcb407,True,0.2738356590270995,0.9021759033203125,2040c0ff6fc9c9fa58de2956dbdd41a8a7dabbb799bcead5db7bf97fb6fcb407
candidate,r3,coin-heaven,153039,50,50,1.0,0,128,0,0.4879832267761229,1.1479854583740234,e9b3e99fe4fdbf5aa0017170cede539ccec592778c05690e346238068d2f826c,True,0.2865076065063474,0.4467964172363281,e9b3e99fe4fdbf5aa0017170cede539ccec592778c05690e346238068d2f826c
candidate,r3,coin-heaven,153040,50,50,1.0,0,121,0,0.23102760314941406,0.347137451171875,4aec9ea637326955b0f4f7d8260c5dfed39834287df979ee07fe103359582fb3,True,0.5130767822265625,0.8988380432128906,4aec9ea637326955b0f4f7d8260c5dfed39834287df979ee07fe103359582fb3
candidate,r3,loot-crate,154001,11,50,0.22,0,400,0,0.15754699707031233,0.5431175231933594,6e1f919d59a75317888ac9be5788c5433cc9a34543e33820662fd14db2823d5f,True,0.14688968658447263,0.3173351287841797,6e1f919d59a75317888ac9be5788c5433cc9a34543e33820662fd14db2823d5f
candidate,r3,loot-crate,154002,34,50,0.68,0,400,0,0.20029544830322263,1.425027847290039,dfc154afb5f35673b171c65460d4e385828af4c87128f6dc9d4537cbb0b250f5,True,0.18010139465332023,0.39505958557128906,dfc154afb5f35673b171c65460d4e385828af4c87128f6dc9d4537cbb0b250f5
candidate,r3,loot-crate,154003,10,50,0.2,0,400,0,0.24614334106445304,0.5960464477539062,4017d6505c1c8d35d9a776c1465653333aed41c1509ff2cb11cf60ebb234f32c,True,0.205087661743164,0.4711151123046875,4017d6505c1c8d35d9a776c1465653333aed41c1509ff2cb11cf60ebb234f32c
candidate,r3,loot-crate,154004,10,50,0.2,0,400,0,0.2883791923522939,0.8249282836914062,e5c3fdb00269e0061d1c8f462f2330a892d3e55d2cca6d0177af8dc7584ce294,True,0.2111077308654784,0.6730556488037109,e5c3fdb00269e0061d1c8f462f2330a892d3e55d2cca6d0177af8dc7584ce294
candidate,r3,loot-crate,154005,5,50,0.1,0,400,0,0.21028518676757812,0.4878044128417969,1fa5cb7370eb758a9407be1b4290c63a888031f59558a72f7a30c02ab703f505,True,0.2181887626647949,0.5559921264648438,1fa5cb7370eb758a9407be1b4290c63a888031f59558a72f7a30c02ab703f505
candidate,r3,loot-crate,154006,8,50,0.16,0,400,0,0.18128156661987296,0.408172607421875,195050947b0df7501a61917e2155c65a6d90896d694266bfa9e46bfbf005b720,True,0.17503499984741208,0.5130767822265625,195050947b0df7501a61917e2155c65a6d90896d694266bfa9e46bfbf005b720
candidate,r3,loot-crate,154007,21,50,0.42,0,400,0,0.2189397811889648,1.2421607971191406,95913eef1c8c2191a6858f9d319be0e6ed64bb20e080c8eec34b664d3a740adc,True,0.22916793823242182,0.41222572326660156,95913eef1c8c2191a6858f9d319be0e6ed64bb20e080c8eec34b664d3a740adc
candidate,r3,loot-crate,154008,1,50,0.02,0,400,0,0.1581192016601562,0.5941390991210938,ceda83f013874b9e615155096f312e581b1a26028192b4b22327b85c0fab1f7a,True,0.14090538024902344,0.41413307189941406,ceda83f013874b9e615155096f312e581b1a26028192b4b22327b85c0fab1f7a
candidate,r3,loot-crate,154009,13,50,0.26,0,400,0,0.21220445632934548,0.5280971527099609,f6c993a5a01e3d0f7624e5e9531d384b5053ace730c22e1658ed19edd231708a,True,0.17133951187133775,0.42700767517089844,f6c993a5a01e3d0f7624e5e9531d384b5053ace730c22e1658ed19edd231708a
candidate,r3,loot-crate,154010,13,50,0.26,0,400,0,0.17317533493041984,0.5309581756591797,b7ba95c65d95a40571acdad1863fdb5c3ff604e11b65ff59088c5f577adc91e1,True,0.16285181045532227,0.2932548522949219,b7ba95c65d95a40571acdad1863fdb5c3ff604e11b65ff59088c5f577adc91e1
candidate,r3,loot-crate,154011,8,50,0.16,0,400,0,0.1499652862548828,0.3712177276611328,a2d328c7302b9de6f1cf2bd4c3db59c0b674d43457fba29be27439b994857b7f,True,0.14519691467285156,0.32806396484375,a2d328c7302b9de6f1cf2bd4c3db59c0b674d43457fba29be27439b994857b7f
candidate,r3,loot-crate,154012,12,50,0.24,0,400,0,0.18911361694335932,0.3190040588378906,0bca698d744d307073250a046081524a481c4cfc2fd85f3edc503ef01e224980,True,0.208520889282226,0.6780624389648438,0bca698d744d307073250a046081524a481c4cfc2fd85f3edc503ef01e224980
candidate,r3,loot-crate,154013,9,50,0.18,0,400,0,0.17720460891723627,0.28395652770996094,838b0931a7b1bc9c02d953714a8cb9a69d9d5c524c7e3d02a858f1c97f3d1d4e,True,0.1709580421447754,0.28705596923828125,838b0931a7b1bc9c02d953714a8cb9a69d9d5c524c7e3d02a858f1c97f3d1d4e
candidate,r3,loot-crate,154014,2,50,0.04,1,43,0,0.17876625061035153,0.3027915954589844,2ca628bae1e04171ba50d9847920ef61b73b2ae0464eae26449440ec7d5e1546,True,0.14889240264892578,0.29087066650390625,2ca628bae1e04171ba50d9847920ef61b73b2ae0464eae26449440ec7d5e1546
candidate,r3,loot-crate,154015,10,50,0.2,1,123,0,0.23212432861328094,0.3941059112548828,e56794654b5e221d556dc9d95b3a3d044dbaa237df5a0af2eb90a08f36e22228,True,0.20017623901367182,0.4718303680419922,e56794654b5e221d556dc9d95b3a3d044dbaa237df5a0af2eb90a08f36e22228
candidate,r3,loot-crate,154016,8,50,0.16,0,400,0,0.1957535743713379,0.3337860107421875,dd0a105aaac314db667b6e9c0e39a712b30f5a4b573000b18b40867fe6401f48,True,0.20194053649902344,0.5340576171875,dd0a105aaac314db667b6e9c0e39a712b30f5a4b573000b18b40867fe6401f48
candidate,r3,loot-crate,154017,5,50,0.1,1,91,0,0.23794174194335938,0.3781318664550781,041845f2b307aa2e88bf3adf4e524bff5249fb47d3856dac00cc8a2c135d661a,True,0.26047229766845703,0.44918060302734375,041845f2b307aa2e88bf3adf4e524bff5249fb47d3856dac00cc8a2c135d661a
candidate,r3,loot-crate,154018,15,50,0.3,0,400,0,0.1888275146484375,0.4620552062988281,221c088d896b36c067484a6a43e0ff4168ec52d89d04ba5c0b2cbf2945d556cc,True,0.19904375076293926,0.4019737243652344,221c088d896b36c067484a6a43e0ff4168ec52d89d04ba5c0b2cbf2945d556cc
candidate,r3,loot-crate,154019,6,50,0.12,0,400,0,0.16311407089233396,0.2789497375488281,94891658f70ad7f3c4ccba3402a8212affb7ca970032c6b18166d6f87398151b,True,0.19451379776000938,0.41484832763671875,94891658f70ad7f3c4ccba3402a8212affb7ca970032c6b18166d6f87398151b
candidate,r3,loot-crate,154020,4,50,0.08,1,77,0,0.13208389282226562,0.26488304138183594,59914c6b53348ab713c95820f90d373e514db3e9e969e8b9d2cfe82d894438cc,True,0.19984245300292974,0.3247261047363281,59914c6b53348ab713c95820f90d373e514db3e9e969e8b9d2cfe82d894438cc
candidate,r3,loot-crate,154021,20,50,0.4,0,400,0,0.15997886657714844,0.2720355987548828,d129d0a8298033f10ef999ec5b59f8fa8ff947d73769041370e8080b442734d4,True,0.16430616378784177,0.33283233642578125,d129d0a8298033f10ef999ec5b59f8fa8ff947d73769041370e8080b442734d4
candidate,r3,loot-crate,154022,4,50,0.08,0,400,0,0.16696453094482416,0.4379749298095703,5f5c95068268836805934255257ad6f149d048724b25bdaac40ae85991f5d1c6,True,0.15282630920410156,0.308990478515625,5f5c95068268836805934255257ad6f149d048724b25bdaac40ae85991f5d1c6
candidate,r3,loot-crate,154023,7,50,0.14,0,400,0,0.14426708221435544,0.46515464782714844,4fcabf86e0056e82e2e576f14d705ff3e1106fed032be8e4ddaf31baffec5921,True,0.14500617980957026,0.32210350036621094,4fcabf86e0056e82e2e576f14d705ff3e1106fed032be8e4ddaf31baffec5921
candidate,r3,loot-crate,154024,15,50,0.3,0,400,0,0.16999244689941406,0.4138946533203125,58a60d1f5f3b0d7becbc89bea80f0f6d2eb9cf16db5b1026d9ca8e26c3728863,True,0.17414093017578117,0.3070831298828125,58a60d1f5f3b0d7becbc89bea80f0f6d2eb9cf16db5b1026d9ca8e26c3728863
candidate,r3,loot-crate,154025,2,50,0.04,1,30,0,0.329458713531494,0.5667209625244141,2ca30ef125b30785c56acffb8be98fbb0705d56377e1773981ee1d929d77ab51,True,0.49821138381957997,0.6868839263916016,2ca30ef125b30785c56acffb8be98fbb0705d56377e1773981ee1d929d77ab51
candidate,r3,loot-crate,154026,5,50,0.1,0,400,0,0.17621517181396482,0.3311634063720703,e31ed2d94f163c719f99ac5793d874ff78e8b8a64cc5f7638561c78e28363bc8,True,0.20599365234375,0.553131103515625,e31ed2d94f163c719f99ac5793d874ff78e8b8a64cc5f7638561c78e28363bc8
candidate,r3,loot-crate,154027,0,50,0.0,0,400,0,0.1272201538085936,0.31495094299316406,d090ee9635d2226c244eac378d5a5b727a3f8f443ad41d2ef272fd9909ca48f8,True,0.17912387847900363,0.5099773406982422,d090ee9635d2226c244eac378d5a5b727a3f8f443ad41d2ef272fd9909ca48f8
candidate,r3,loot-crate,154028,11,50,0.22,0,400,0,0.23926496505737294,0.2999305725097656,dba55a375bb81a96bf4057b0b474a7c35829e50bdaa429d062ac6ca90de813ad,True,0.32688379287719727,1.9016265869140625,dba55a375bb81a96bf4057b0b474a7c35829e50bdaa429d062ac6ca90de813ad
candidate,r3,loot-crate,154029,1,50,0.02,0,400,0,0.11706352233886719,0.38695335388183594,58e505efb2b49afc35d20a71034f4e51bba58baa307d40987c7e8c6bf0b0beb7,True,0.13313293457031242,0.3829002380371094,58e505efb2b49afc35d20a71034f4e51bba58baa307d40987c7e8c6bf0b0beb7
candidate,r3,loot-crate,154030,10,50,0.2,0,400,0,0.1881122589111328,0.8738040924072266,fabeb26d5b022d661aae1c7f00ed507d709ac181618b3878017917e81f45ad46,True,0.17480850219726557,0.31685829162597656,fabeb26d5b022d661aae1c7f00ed507d709ac181618b3878017917e81f45ad46
candidate,r3,loot-crate,154031,30,50,0.6,0,400,0,0.16913414001464835,0.2999305725097656,73de1f496b38550d91a82e8f56703d74afa576bc629940cb2c8ea9cacd9fe630,True,0.164031982421875,0.3399848937988281,73de1f496b38550d91a82e8f56703d74afa576bc629940cb2c8ea9cacd9fe630
candidate,r3,loot-crate,154032,7,50,0.14,0,400,0,0.15079975128173817,0.6101131439208984,cb333d7d6dc1efa75960f0d5dd4856f72b3f585ef074aeccf450dfd25d05561b,True,0.13899803161621094,0.3941059112548828,cb333d7d6dc1efa75960f0d5dd4856f72b3f585ef074aeccf450dfd25d05561b
candidate,r3,loot-crate,154033,13,50,0.26,0,400,0,0.16691684722900388,0.3180503845214844,64b8fac0c9b8efe9f3ac0111848edcce196ab51fbcce41e93af6b17816023347,True,0.19804239273071275,0.9028911590576172,64b8fac0c9b8efe9f3ac0111848edcce196ab51fbcce41e93af6b17816023347
candidate,r3,loot-crate,154034,0,50,0.0,0,400,0,0.12189149856567377,0.3390312194824219,51674290de6bccc029ac320123f55ab01084e1ccd62c0065e5c74db4e67a6503,True,0.1437664031982422,0.3509521484375,51674290de6bccc029ac320123f55ab01084e1ccd62c0065e5c74db4e67a6503
candidate,r3,loot-crate,154035,14,50,0.28,0,400,0,0.1957535743713379,0.5197525024414062,e26abf3dd864abf36a4a60d30ff3f77435dab4a0c2ff0106677c56c0196285f8,True,0.23293495178222656,0.5447864532470703,e26abf3dd864abf36a4a60d30ff3f77435dab4a0c2ff0106677c56c0196285f8
candidate,r3,loot-crate,154036,12,50,0.24,1,138,0,0.18278360366821295,1.0418891906738281,49354982bc11c2c6d6f1ea314fa670e56f76c2a1a1e4e7b18f60a9c0f9a38508,True,0.2773523330688478,1.2352466583251953,49354982bc11c2c6d6f1ea314fa670e56f76c2a1a1e4e7b18f60a9c0f9a38508
candidate,r3,loot-crate,154037,5,50,0.1,0,400,0,0.1480579376220703,0.33092498779296875,7daf170bf3bcd7d483fd4c7f4434ecc32aa5536d71a493475f03ba37c9b187d7,True,0.16326904296874983,0.7538795471191406,7daf170bf3bcd7d483fd4c7f4434ecc32aa5536d71a493475f03ba37c9b187d7
candidate,r3,loot-crate,154038,5,50,0.1,0,400,0,0.1587986946105957,0.3597736358642578,980dce08e92985122a69e5ea0c514708297a23a8d6fce020b1577f78f886e06a,True,0.17223358154296867,0.4279613494873047,980dce08e92985122a69e5ea0c514708297a23a8d6fce020b1577f78f886e06a
candidate,r3,loot-crate,154039,16,50,0.32,0,400,0,0.16931295394897458,0.2930164337158203,b8cf61df87becefb0e9883b67906b4d8563f7f71c1dbfc51c3d8afa91a0c8e3b,True,0.1927137374877929,0.6420612335205078,b8cf61df87becefb0e9883b67906b4d8563f7f71c1dbfc51c3d8afa91a0c8e3b
candidate,r3,loot-crate,154040,5,50,0.1,0,400,0,0.1361370086669922,0.2830028533935547,9a723b5662519f454e18d77dc77d9c25bbd0d5f011f632c58eb8d08ed37aee13,True,0.18478631973266602,0.6461143493652344,9a723b5662519f454e18d77dc77d9c25bbd0d5f011f632c58eb8d08ed37aee13
candidate,r4,classic,152001,0,9,0.0,1,49,0,0.19283294677734372,0.29468536376953125,2d78bbb576aa58c3ba093358f4ff1c93a051653eb003cda68c1867b88ae36374,True,0.17514228820800776,0.28395652770996094,2d78bbb576aa58c3ba093358f4ff1c93a051653eb003cda68c1867b88ae36374
candidate,r4,classic,152002,0,9,0.0,0,400,0,0.11184215545654294,0.29587745666503906,544fbb0a267e6d67e296b7f88e6695103e66d93bd2c4d03c9de96d68ef3f0d0c,True,0.14096498489379877,0.46181678771972656,544fbb0a267e6d67e296b7f88e6695103e66d93bd2c4d03c9de96d68ef3f0d0c
candidate,r4,classic,152003,0,9,0.0,0,400,0,0.25840997695922724,0.9667873382568359,61269a370a4be827cff42c76362bd4934836cb148a8076e0fba2be6274e8c679,True,0.30300617218017556,1.7549991607666016,61269a370a4be827cff42c76362bd4934836cb148a8076e0fba2be6274e8c679
candidate,r4,classic,152004,3,9,0.3333333333333333,1,91,0,0.25451183319091797,0.3571510314941406,c4128fd718ed9549664c05e9e8a81e73c833b58d5348a0931b9cb4a057c801ce,True,0.4742145538330078,0.9350776672363281,c4128fd718ed9549664c05e9e8a81e73c833b58d5348a0931b9cb4a057c801ce
candidate,r4,classic,152005,2,9,0.2222222222222222,1,173,0,0.26788711547851574,0.5407333374023438,071bb9b2a5e6a67c34aa39a45bbe8de472e537e4e21a74705548b09a3a24085d,True,0.8098602294921876,1.2230873107910156,071bb9b2a5e6a67c34aa39a45bbe8de472e537e4e21a74705548b09a3a24085d
candidate,r4,classic,152006,2,9,0.2222222222222222,0,400,0,0.20577907562255857,0.3371238708496094,3ac83f7390948ff4a9c0ec70058d3f4f9e701412cee7b7bd3cd414da382b9550,True,0.19598007202148438,0.43082237243652344,3ac83f7390948ff4a9c0ec70058d3f4f9e701412cee7b7bd3cd414da382b9550
candidate,r4,classic,152007,0,9,0.0,0,400,0,0.14401674270629883,0.41294097900390625,61269a370a4be827cff42c76362bd4934836cb148a8076e0fba2be6274e8c679,True,0.11969804763793944,0.33926963806152344,61269a370a4be827cff42c76362bd4934836cb148a8076e0fba2be6274e8c679
candidate,r4,classic,152008,0,9,0.0,0,400,0,0.17499923706054688,0.32830238342285156,50de77925cb38439f3243de638f59ce25c73c6280f0070a14e57cdcb61b1d6b3,True,0.15908479690551752,0.5121231079101562,50de77925cb38439f3243de638f59ce25c73c6280f0070a14e57cdcb61b1d6b3
candidate,r4,classic,152009,2,9,0.2222222222222222,0,400,0,0.14500617980957026,0.4878044128417969,adf032fa26c067d969f71e5fe0967ac8a0ba45ce97daa4edd75ded43996702fc,True,0.14781951904296875,0.7359981536865234,adf032fa26c067d969f71e5fe0967ac8a0ba45ce97daa4edd75ded43996702fc
candidate,r4,classic,152010,0,9,0.0,0,400,0,0.14915466308593736,0.5011558532714844,215648dca61eee3319a9f80e8f354959965d826045d39d7837e1f17646fb7008,True,0.11087656021118163,0.25081634521484375,215648dca61eee3319a9f80e8f354959965d826045d39d7837e1f17646fb7008
candidate,r4,classic,152011,0,9,0.0,0,400,0,0.12613534927368164,0.2837181091308594,b07a20541b07779f2acbe482de7543dd5fcd1004a1f5582ce02affc5bf718ee3,True,0.12907981872558585,0.492095947265625,b07a20541b07779f2acbe482de7543dd5fcd1004a1f5582ce02affc5bf718ee3
candidate,r4,classic,152012,0,9,0.0,0,400,0,0.1511216163635252,0.3650188446044922,25137ced47b6c40c2871a8a3db68f4e66d2b458c48d38440d4228028b9a45936,True,0.1319408416748046,0.4742145538330078,25137ced47b6c40c2871a8a3db68f4e66d2b458c48d38440d4228028b9a45936
candidate,r4,classic,152013,1,9,0.1111111111111111,1,86,0,0.20247697830200195,0.3368854522705078,5ac0a88b85a2a03ab86ad8919eef7ced2ace80794dc0126de65f3428581c1601,True,0.5617737770080566,1.1239051818847656,5ac0a88b85a2a03ab86ad8919eef7ced2ace80794dc0126de65f3428581c1601
candidate,r4,classic,152014,3,9,0.3333333333333333,1,108,0,0.14891624450683588,0.3180503845214844,d66aa69dce7c82964b815d3d334dc158f3f2b4684b6520aa8bd998102509a083,True,0.631642341613769,3.086090087890625,d66aa69dce7c82964b815d3d334dc158f3f2b4684b6520aa8bd998102509a083
candidate,r4,classic,152015,0,9,0.0,0,400,0,0.13123750686645497,0.31304359436035156,fec5758c2f0222167f05ca17228c40bc15591a33613d40b0aa4d7ada7d036d64,True,0.12029409408569323,0.3330707550048828,fec5758c2f0222167f05ca17228c40bc15591a33613d40b0aa4d7ada7d036d64
candidate,r4,classic,152016,1,9,0.1111111111111111,0,400,0,0.1772284507751464,0.29206275939941406,9b78d25a03f42a61d19902d27c2c1f95c3137f6567248c4d45d0c955dd67e8db,True,0.17882585525512695,0.5078315734863281,9b78d25a03f42a61d19902d27c2c1f95c3137f6567248c4d45d0c955dd67e8db
candidate,r4,classic,152017,1,9,0.1111111111111111,0,400,0,0.23827552795410148,0.9629726409912109,c35676024ce3fa5980d44f31ff7b82be924b8b4e61ae4ccafc04fd40aa8d2e1c,True,0.14215707778930659,0.3211498260498047,c35676024ce3fa5980d44f31ff7b82be924b8b4e61ae4ccafc04fd40aa8d2e1c
candidate,r4,classic,152018,0,9,0.0,0,400,0,0.13813972473144523,0.4398822784423828,61269a370a4be827cff42c76362bd4934836cb148a8076e0fba2be6274e8c679,True,0.11725425720214827,0.7920265197753906,61269a370a4be827cff42c76362bd4934836cb148a8076e0fba2be6274e8c679
candidate,r4,classic,152019,1,9,0.1111111111111111,0,400,0,0.16880035400390625,0.5650520324707031,834c1b3ac2fd5d83e8705f4f1edafbb3d2d9c1935cd86f360ee8a646f7398e27,True,0.21834373474121077,2.003908157348633,834c1b3ac2fd5d83e8705f4f1edafbb3d2d9c1935cd86f360ee8a646f7398e27
candidate,r4,classic,152020,1,9,0.1111111111111111,0,400,0,0.2152562141418455,2.244234085083008,227f6535f7bdea5d444fdd209bf673a96ccdf8cf4ea92ffdaff2a4f40cb0c7e2,True,0.14196634292602528,0.6580352783203125,227f6535f7bdea5d444fdd209bf673a96ccdf8cf4ea92ffdaff2a4f40cb0c7e2
candidate,r4,classic,152021,0,9,0.0,1,55,0,0.3224134445190427,0.6232261657714844,19dee25c11848158b9a5f28bcec3ddb3b61c725afbba0b3924745421e2928da6,True,0.24888515472412093,0.3781318664550781,19dee25c11848158b9a5f28bcec3ddb3b61c725afbba0b3924745421e2928da6
candidate,r4,classic,152022,3,9,0.3333333333333333,0,400,0,0.27590990066528315,1.007080078125,46faaf2589c4b7efd0653d37aaa2fa44754606b1503dece255fed208ad74d11f,True,0.1955509185791013,0.8409023284912109,46faaf2589c4b7efd0653d37aaa2fa44754606b1503dece255fed208ad74d11f
candidate,r4,classic,152023,0,9,0.0,0,400,0,0.1512408256530761,0.8070468902587891,61269a370a4be827cff42c76362bd4934836cb148a8076e0fba2be6274e8c679,True,0.3321647644042968,0.6160736083984375,61269a370a4be827cff42c76362bd4934836cb148a8076e0fba2be6274e8c679
candidate,r4,classic,152024,1,9,0.1111111111111111,0,400,0,0.15889406204223622,1.0941028594970703,2ddfe50d6315c2e8163427aaecdbf1dd41b7e91c27989c0dea0cf3028348bb1d,True,0.44629573822021446,1.466989517211914,2ddfe50d6315c2e8163427aaecdbf1dd41b7e91c27989c0dea0cf3028348bb1d
candidate,r4,classic,152025,0,9,0.0,0,400,0,0.7842302322387684,2.6998519897460938,ec7c224d145953fbd3173a65e8ddf228807de092c4c18ecf1936438d1e19694f,True,0.20227432250976554,0.9143352508544922,ec7c224d145953fbd3173a65e8ddf228807de092c4c18ecf1936438d1e19694f
candidate,r4,classic,152026,0,9,0.0,0,400,0,0.37800073623657215,1.8146038055419922,25137ced47b6c40c2871a8a3db68f4e66d2b458c48d38440d4228028b9a45936,True,0.13504028320312492,0.2918243408203125,25137ced47b6c40c2871a8a3db68f4e66d2b458c48d38440d4228028b9a45936
candidate,r4,classic,152027,0,9,0.0,0,400,0,0.13899803161621094,0.7889270782470703,61269a370a4be827cff42c76362bd4934836cb148a8076e0fba2be6274e8c679,True,0.14652013778686512,0.39696693420410156,61269a370a4be827cff42c76362bd4934836cb148a8076e0fba2be6274e8c679
candidate,r4,classic,152028,3,9,0.3333333333333333,0,400,0,0.13403892517089838,0.29397010803222656,1c1bbab716163d64fc209bdb27c2f6d48e2028dbb4ec5f71c480e66c78cffc1b,True,0.2319931983947754,1.9481182098388672,1c1bbab716163d64fc209bdb27c2f6d48e2028dbb4ec5f71c480e66c78cffc1b
candidate,r4,classic,152029,0,9,0.0,0,400,0,0.11597871780395498,0.2880096435546875,34a9057650ccc761cccfa606e68d1615cb13c839ae16d9b11cf6dfe3fdf18593,True,0.16599893569946284,0.6501674652099609,34a9057650ccc761cccfa606e68d1615cb13c839ae16d9b11cf6dfe3fdf18593
candidate,r4,classic,152030,0,9,0.0,0,400,0,0.1201987266540527,0.5042552947998047,61269a370a4be827cff42c76362bd4934836cb148a8076e0fba2be6274e8c679,True,0.1817941665649413,0.5261898040771484,61269a370a4be827cff42c76362bd4934836cb148a8076e0fba2be6274e8c679
candidate,r4,classic,152031,1,9,0.1111111111111111,0,400,0,0.1499772071838379,0.286102294921875,78d50bb807bdb27f5d229f81adaa777b028c52e1c7bca40e3439071d131367a5,True,0.14908313751220675,0.4131793975830078,78d50bb807bdb27f5d229f81adaa777b028c52e1c7bca40e3439071d131367a5
candidate,r4,classic,152032,0,9,0.0,0,400,0,0.15311241149902338,0.44918060302734375,9f9ceef08bc6f41f484701cb84f8452f85344cc52bbe552138e3d0c38ae7682b,True,0.5140185356140128,1.4777183532714844,9f9ceef08bc6f41f484701cb84f8452f85344cc52bbe552138e3d0c38ae7682b
candidate,r4,classic,152033,0,9,0.0,0,400,0,0.15895366668701158,0.7767677307128906,637b095c39cf6a41c05deffe529591cec3c416aec4cfe117f0e3520d8e066ac7,True,0.41296482086181574,9.382963180541992,637b095c39cf6a41c05deffe529591cec3c416aec4cfe117f0e3520d8e066ac7
candidate,r4,classic,152034,0,9,0.0,0,400,0,0.44140815734863165,2.2881031036376953,61269a370a4be827cff42c76362bd4934836cb148a8076e0fba2be6274e8c679,True,0.13022422790527338,0.41103363037109375,61269a370a4be827cff42c76362bd4934836cb148a8076e0fba2be6274e8c679
candidate,r4,classic,152035,0,9,0.0,0,400,0,0.31074285507202076,0.5841255187988281,2c2c0646da2551091cf678f4879acfd0e16bacc2552f303458928001b0394966,True,0.13009309768676744,0.3521442413330078,2c2c0646da2551091cf678f4879acfd0e16bacc2552f303458928001b0394966
candidate,r4,classic,152036,0,9,0.0,0,400,0,0.1290917396545409,0.3228187561035156,61269a370a4be827cff42c76362bd4934836cb148a8076e0fba2be6274e8c679,True,0.1416325569152832,0.5571842193603516,61269a370a4be827cff42c76362bd4934836cb148a8076e0fba2be6274e8c679
candidate,r4,classic,152037,0,9,0.0,0,400,0,0.12598037719726554,0.37932395935058594,4148ad3c110be837f6aee8dbe22978ed111e38ad496eb24b1dbbacb31034cec9,True,0.13499259948730463,0.7340908050537109,4148ad3c110be837f6aee8dbe22978ed111e38ad496eb24b1dbbacb31034cec9
candidate,r4,classic,152038,0,9,0.0,0,400,0,0.16715526580810522,0.5578994750976562,1cd88d8d7e5a26c8dad7e3f2d0327080df9bf48be14236a94da0eccb2a4d8915,True,0.13695955276489247,0.3941059112548828,1cd88d8d7e5a26c8dad7e3f2d0327080df9bf48be14236a94da0eccb2a4d8915
candidate,r4,classic,152039,0,9,0.0,0,400,0,0.12904405593872065,0.29277801513671875,61269a370a4be827cff42c76362bd4934836cb148a8076e0fba2be6274e8c679,True,0.13396739959716777,0.5700588226318359,61269a370a4be827cff42c76362bd4934836cb148a8076e0fba2be6274e8c679
candidate,r4,classic,152040,0,9,0.0,1,28,0,0.1476764678955078,0.2570152282714844,bc327e6182d03751188c23ad3d38158002e3abf3c3a6f18b4e87f37098baf4d8,True,0.27861595153808594,0.2970695495605469,bc327e6182d03751188c23ad3d38158002e3abf3c3a6f18b4e87f37098baf4d8
candidate,r4,coin-heaven,153001,50,50,1.0,0,135,0,0.3123760223388672,0.45013427734375,8aa810716351ba0d922f1c76bc947adf3cf37f12c227061c83640a12c11d20e4,True,0.3463029861450195,0.8990764617919922,8aa810716351ba0d922f1c76bc947adf3cf37f12c227061c83640a12c11d20e4
candidate,r4,coin-heaven,153002,50,50,1.0,0,123,0,0.1655340194702147,0.2129077911376953,be7113133231c6560c37b1580d8b10f50c4c0ce0a9b5e00aa1835ba9b48efb66,True,0.2630472183227538,0.9429454803466797,be7113133231c6560c37b1580d8b10f50c4c0ce0a9b5e00aa1835ba9b48efb66
candidate,r4,coin-heaven,153003,50,50,1.0,0,134,0,0.19657611846923828,0.3001689910888672,40ad04d6007c0653db2a6fdbf886c8ee62a030cfb043d53e3c63f8e33768e57a,True,0.2895951271057128,0.45108795166015625,40ad04d6007c0653db2a6fdbf886c8ee62a030cfb043d53e3c63f8e33768e57a
candidate,r4,coin-heaven,153004,50,50,1.0,0,123,0,0.22583007812499997,0.4630088806152344,bf3fd6dc428be9d33d033392b5299aec30ea735a4f1613238f90d90bd46e6cc2,True,0.2484083175659179,0.3840923309326172,bf3fd6dc428be9d33d033392b5299aec30ea735a4f1613238f90d90bd46e6cc2
candidate,r4,coin-heaven,153005,50,50,1.0,0,130,0,0.16988515853881833,0.2961158752441406,89e94552d14420c339f10b7d65081130c29402ad4bafbebc6e78a63a0106eb76,True,0.19083023071289057,0.3879070281982422,89e94552d14420c339f10b7d65081130c29402ad4bafbebc6e78a63a0106eb76
candidate,r4,coin-heaven,153006,50,50,1.0,0,121,0,0.2009868621826172,0.29206275939941406,63843846a1c8fe769f05dbef1f1d682f18fcb93ef10392f1da0224dbe7524bd7,True,0.12683868408203125,0.22602081298828125,63843846a1c8fe769f05dbef1f1d682f18fcb93ef10392f1da0224dbe7524bd7
candidate,r4,coin-heaven,153007,50,50,1.0,0,121,0,0.31304359436035156,0.8409023284912109,6101122c300131771c0f217c40a41bc0b5bf0b5d22c48cd6c61aaf153099ddc8,True,0.2048015594482422,0.36406517028808594,6101122c300131771c0f217c40a41bc0b5bf0b5d22c48cd6c61aaf153099ddc8
candidate,r4,coin-heaven,153008,50,50,1.0,0,135,0,0.5800962448120117,0.8778572082519531,d10a97756858564f931275ade27a438140fcbd8af70b125c25d7f2a2a64735a1,True,0.3237724304199218,0.9100437164306641,d10a97756858564f931275ade27a438140fcbd8af70b125c25d7f2a2a64735a1
candidate,r4,coin-heaven,153009,50,50,1.0,0,114,0,0.4121065139770506,0.9961128234863281,58fe8f688249f6db49e2e1890eb32b937da5e6d1b39a4a874f5e92b379d00ebd,True,0.6095170974731443,1.2748241424560547,58fe8f688249f6db49e2e1890eb32b937da5e6d1b39a4a874f5e92b379d00ebd
candidate,r4,coin-heaven,153010,50,50,1.0,0,119,0,0.23088455200195307,0.3910064697265625,4413235a3f7c9fb2d8df22dea8dfdaf3d911e853c095b07e01e966f39a1cc5e8,True,0.34985542297363276,0.6971359252929688,4413235a3f7c9fb2d8df22dea8dfdaf3d911e853c095b07e01e966f39a1cc5e8
candidate,r4,coin-heaven,153011,50,50,1.0,0,125,0,0.25925636291503906,0.4432201385498047,b82a32b276f3dfb881c5e168c056157950ae1db0b1b5b7d7021db0c1245fb4a3,True,0.2754688262939453,0.6248950958251953,b82a32b276f3dfb881c5e168c056157950ae1db0b1b5b7d7021db0c1245fb4a3
candidate,r4,coin-heaven,153012,50,50,1.0,0,134,0,0.1962065696716308,0.7519721984863281,bcbd023ff8f415b1656635f3fad68d664eb129bd93d39dd3ce68d0896370d447,True,0.1636385917663574,0.2741813659667969,bcbd023ff8f415b1656635f3fad68d664eb129bd93d39dd3ce68d0896370d447
candidate,r4,coin-heaven,153013,50,50,1.0,0,131,0,0.2574920654296875,0.4181861877441406,d6106b7e7cc45e17ccf06f2c89999f5d0621b46c7e35783258345da7eda1ba46,True,0.24318695068359375,0.2989768981933594,d6106b7e7cc45e17ccf06f2c89999f5d0621b46c7e35783258345da7eda1ba46
candidate,r4,coin-heaven,153014,50,50,1.0,0,121,0,0.24509429931640625,0.4978179931640625,c0bc21ac5b9f4bd368be120a00678494c9f615311cf81c99163fed39d8541852,True,0.17690658569335938,0.39196014404296875,c0bc21ac5b9f4bd368be120a00678494c9f615311cf81c99163fed39d8541852
candidate,r4,coin-heaven,153015,50,50,1.0,0,142,0,0.2579689025878906,0.3390312194824219,0cfa5f2250df685bb933b309e32d7ec1dfa00f5166e75ad55400dc75522a4b81,True,0.25482177734375,0.3209114074707031,0cfa5f2250df685bb933b309e32d7ec1dfa00f5166e75ad55400dc75522a4b81
candidate,r4,coin-heaven,153016,50,50,1.0,0,125,0,0.34060478210449213,1.0340213775634766,dc660f3c586311dc6cd4b8623b712a377fd53daf9f5fb988affb86029fc8533a,True,0.16784667968749997,0.2238750457763672,dc660f3c586311dc6cd4b8623b712a377fd53daf9f5fb988affb86029fc8533a
candidate,r4,coin-heaven,153017,50,50,1.0,0,130,0,0.31361579895019526,0.6730556488037109,4255bfb7a1ab6f7c3fbc33783828ee20a5e8faa0b1121d12b9e24c44694afbc7,True,0.3036141395568847,0.7748603820800781,4255bfb7a1ab6f7c3fbc33783828ee20a5e8faa0b1121d12b9e24c44694afbc7
candidate,r4,coin-heaven,153018,50,50,1.0,0,123,0,0.17969608306884763,0.47206878662109375,b6cffae3ab5e6298cb51ab7b564dd13920abdd96d8d3edfd611d52d00fbb395c,True,0.1627683639526367,0.39505958557128906,b6cffae3ab5e6298cb51ab7b564dd13920abdd96d8d3edfd611d52d00fbb395c
candidate,r4,coin-heaven,153019,50,50,1.0,0,130,0,0.1337885856628418,0.30517578125,091ab783f3c31400dab10e7cb85054f4aa2a29c7badda9cf79e308c933cd0237,True,0.308537483215332,0.8389949798583984,091ab783f3c31400dab10e7cb85054f4aa2a29c7badda9cf79e308c933cd0237
candidate,r4,coin-heaven,153020,50,50,1.0,0,128,0,0.32666921615600575,0.47397613525390625,0ba8692c1465b000f072b56d174fe04893c89b15c75fb8ed83a5c63851ed6daf,True,0.1595735549926757,0.2779960632324219,0ba8692c1465b000f072b56d174fe04893c89b15c75fb8ed83a5c63851ed6daf
candidate,r4,coin-heaven,153021,50,50,1.0,0,129,0,0.19555091857910153,0.4119873046875,28b8913d59f53f13c1c7ddababf92763f3a0574a76cef3e4d1630b22879fd88f,True,0.12807846069335938,0.225067138671875,28b8913d59f53f13c1c7ddababf92763f3a0574a76cef3e4d1630b22879fd88f
candidate,r4,coin-heaven,153022,50,50,1.0,0,117,0,0.2853870391845703,0.4658699035644531,37d6cce83b067d684d6fc79393b145a0566598ab74ff91d5ed4b8d703b109ff4,True,0.19421577453613262,0.3249645233154297,37d6cce83b067d684d6fc79393b145a0566598ab74ff91d5ed4b8d703b109ff4
candidate,r4,coin-heaven,153023,50,50,1.0,0,123,0,0.28033256530761697,0.6380081176757812,6a68f9f04a5eda4c78296bde15fe3a223860cc15fefa76d3412fb65c8fcea3fa,True,0.17886161804199216,0.2880096435546875,6a68f9f04a5eda4c78296bde15fe3a223860cc15fefa76d3412fb65c8fcea3fa
candidate,r4,coin-heaven,153024,50,50,1.0,0,116,0,0.15687942504882812,0.2770423889160156,ef4d61c6b6f841ab38f12b51eefca3e7afdf374e7529dec530f309889a008617,True,0.13005733489990234,0.21910667419433594,ef4d61c6b6f841ab38f12b51eefca3e7afdf374e7529dec530f309889a008617
candidate,r4,coin-heaven,153025,50,50,1.0,0,134,0,0.1831769943237304,0.3790855407714844,8860a33c9075dfa66143ff079a356f292ddd487ca38d1c18bc4156a3518b0fe5,True,0.1832485198974609,0.3058910369873047,8860a33c9075dfa66143ff079a356f292ddd487ca38d1c18bc4156a3518b0fe5
candidate,r4,coin-heaven,153026,50,50,1.0,0,127,0,0.1411676406860351,0.3566741943359375,39c302dc5ec8684c6fd90db54018544741c04a65e832ac7ca7af150b3edd967c,True,0.1980781555175781,0.3409385681152344,39c302dc5ec8684c6fd90db54018544741c04a65e832ac7ca7af150b3edd967c
candidate,r4,coin-heaven,153027,50,50,1.0,0,105,0,0.12841224670410156,0.28896331787109375,f6ffa197fdaed8c9a47a40405631c73ecea6b84cfc41470a4a0cecd5bd499693,True,0.13723373413085938,0.4429817199707031,f6ffa197fdaed8c9a47a40405631c73ecea6b84cfc41470a4a0cecd5bd499693
candidate,r4,coin-heaven,153028,50,50,1.0,0,126,0,0.3414154052734375,0.6189346313476562,87d6194661a59afc8d0333fe9fcec4e65296148d82626e0f9349becce42f1090,True,0.1373291015625,0.1957416534423828,87d6194661a59afc8d0333fe9fcec4e65296148d82626e0f9349becce42f1090
candidate,r4,coin-heaven,153029,50,50,1.0,0,136,0,0.23281574249267578,0.80108642578125,5981dabddafbf0aae81b82c23a6e8ac27d60b7b3a5ab51d814b09c26162dff0e,True,0.21076202392578125,0.3769397735595703,5981dabddafbf0aae81b82c23a6e8ac27d60b7b3a5ab51d814b09c26162dff0e
candidate,r4,coin-heaven,153030,50,50,1.0,0,131,0,0.27549266815185547,0.5009174346923828,d8e47fc5915f0867113b49bc6127603f6735f861b8b2acec5f4e804ba3f29b03,True,0.29146671295166016,0.43392181396484375,d8e47fc5915f0867113b49bc6127603f6735f861b8b2acec5f4e804ba3f29b03
candidate,r4,coin-heaven,153031,50,50,1.0,0,111,0,0.14698505401611328,0.4401206970214844,c6c6a23ada9df90f3c9f1e39e4764312bf5a4d5037a417cb9be95b6bd701774d,True,0.19800662994384766,0.2338886260986328,c6c6a23ada9df90f3c9f1e39e4764312bf5a4d5037a417cb9be95b6bd701774d
candidate,r4,coin-heaven,153032,50,50,1.0,0,129,0,0.26192665100097656,0.3070831298828125,61921ba2f276f07617344fe1077a9c0950efe3eed643c85af407444cd8355f8f,True,0.23832321166992174,0.335693359375,61921ba2f276f07617344fe1077a9c0950efe3eed643c85af407444cd8355f8f
candidate,r4,coin-heaven,153033,50,50,1.0,0,131,0,0.3179311752319336,1.7647743225097656,a1a8e9604098ec5948d2d09172d7064dd7ecafa6425ed139b1385c0185174ea6,True,0.2969503402709961,0.3209114074707031,a1a8e9604098ec5948d2d09172d7064dd7ecafa6425ed139b1385c0185174ea6
candidate,r4,coin-heaven,153034,50,50,1.0,0,121,0,0.28586387634277344,2.1240711212158203,0adfe0807f61e3e0def9b82014d2097e55143300b7fee21bd2f7b08634badc3d,True,0.18978118896484375,0.3199577331542969,0adfe0807f61e3e0def9b82014d2097e55143300b7fee21bd2f7b08634badc3d
candidate,r4,coin-heaven,153035,50,50,1.0,0,139,0,0.3281593322753906,1.2378692626953125,ef117b9c3535ad8c19f2e77ad130d796acf4052adf728d85b46c05ecebf45d76,True,0.16138553619384757,0.22912025451660156,ef117b9c3535ad8c19f2e77ad130d796acf4052adf728d85b46c05ecebf45d76
candidate,r4,coin-heaven,153036,50,50,1.0,0,122,0,0.37283897399902344,0.6608963012695312,7bc2a534121b6f9eb6de9048b322f529b26699bb9eb095edbe24aebeceeeb73e,True,0.2840161323547361,0.8881092071533203,7bc2a534121b6f9eb6de9048b322f529b26699bb9eb095edbe24aebeceeeb73e
candidate,r4,coin-heaven,153037,50,50,1.0,0,119,0,0.1928329467773437,0.3979206085205078,483557e615e7915bb2dd0f30686c6f109e21e46b5c464931c8840d0caee5e3bb,True,0.19733905792236325,0.43892860412597656,483557e615e7915bb2dd0f30686c6f109e21e46b5c464931c8840d0caee5e3bb
candidate,r4,coin-heaven,153038,50,50,1.0,0,112,0,0.23537874221801758,0.6079673767089844,2040c0ff6fc9c9fa58de2956dbdd41a8a7dabbb799bcead5db7bf97fb6fcb407,True,0.18401145935058572,0.8442401885986328,2040c0ff6fc9c9fa58de2956dbdd41a8a7dabbb799bcead5db7bf97fb6fcb407
candidate,r4,coin-heaven,153039,50,50,1.0,0,128,0,0.3620982170104977,0.5831718444824219,e9b3e99fe4fdbf5aa0017170cede539ccec592778c05690e346238068d2f826c,True,0.24660825729370098,0.5500316619873047,e9b3e99fe4fdbf5aa0017170cede539ccec592778c05690e346238068d2f826c
candidate,r4,coin-heaven,153040,50,50,1.0,0,121,0,0.18405914306640625,0.24437904357910156,4aec9ea637326955b0f4f7d8260c5dfed39834287df979ee07fe103359582fb3,True,0.27108192443847656,0.6468296051025391,4aec9ea637326955b0f4f7d8260c5dfed39834287df979ee07fe103359582fb3
candidate,r4,loot-crate,154001,0,50,0.0,0,400,0,0.13718605041503898,0.2970695495605469,61269a370a4be827cff42c76362bd4934836cb148a8076e0fba2be6274e8c679,True,0.1742005348205565,0.5159378051757812,61269a370a4be827cff42c76362bd4934836cb148a8076e0fba2be6274e8c679
candidate,r4,loot-crate,154002,25,50,0.5,0,400,0,0.20714998245239238,0.4017353057861328,f782ccd5965699bd2cd2d723084d91ad64cb60b4eab83ae2bdb66d44c51ac94e,True,0.704407691955565,7.472991943359375,f782ccd5965699bd2cd2d723084d91ad64cb60b4eab83ae2bdb66d44c51ac94e
candidate,r4,loot-crate,154003,0,50,0.0,0,400,0,0.1340031623840332,0.308990478515625,61269a370a4be827cff42c76362bd4934836cb148a8076e0fba2be6274e8c679,True,0.18397569656372056,1.0840892791748047,61269a370a4be827cff42c76362bd4934836cb148a8076e0fba2be6274e8c679
candidate,r4,loot-crate,154004,0,50,0.0,0,400,0,0.13211965560913083,0.36597251892089844,61269a370a4be827cff42c76362bd4934836cb148a8076e0fba2be6274e8c679,True,0.16908645629882807,0.4439353942871094,61269a370a4be827cff42c76362bd4934836cb148a8076e0fba2be6274e8c679
candidate,r4,loot-crate,154005,0,50,0.0,0,400,0,0.11806488037109371,0.29397010803222656,61269a370a4be827cff42c76362bd4934836cb148a8076e0fba2be6274e8c679,True,0.15429258346557614,1.8589496612548828,61269a370a4be827cff42c76362bd4934836cb148a8076e0fba2be6274e8c679
candidate,r4,loot-crate,154006,2,50,0.04,0,400,0,0.14029741287231415,0.514984130859375,5b340c6ed6cf09f4430bb2865f4a2cb8f50b009b44f3c30db0115eb72fbbf3bd,True,0.14001131057739252,0.3020763397216797,5b340c6ed6cf09f4430bb2865f4a2cb8f50b009b44f3c30db0115eb72fbbf3bd
candidate,r4,loot-crate,154007,2,50,0.04,0,400,0,0.14781951904296875,0.5888938903808594,19b868df906a7a30c2a3231c6cf6ff1e45ecd2f1730796765692a3b3b02d5d9c,True,0.2975702285766595,0.8609294891357422,19b868df906a7a30c2a3231c6cf6ff1e45ecd2f1730796765692a3b3b02d5d9c
candidate,r4,loot-crate,154008,31,50,0.62,0,400,0,0.19483566284179682,0.5741119384765625,ade37018a4b1ed2d1598e938a29838af9c20df631953ba1387523f2e0f24b97e,True,0.7319331169128409,2.7289390563964844,ade37018a4b1ed2d1598e938a29838af9c20df631953ba1387523f2e0f24b97e
candidate,r4,loot-crate,154009,16,50,0.32,0,400,0,0.17223358154296867,0.2949237823486328,34de54f377089787657790a7d874b4e461365ec9c7a44baeb415853ea54579cf,True,0.8232712745666493,2.838134765625,34de54f377089787657790a7d874b4e461365ec9c7a44baeb415853ea54579cf
candidate,r4,loot-crate,154010,4,50,0.08,1,58,0,0.5465030670166015,0.7059574127197266,43bcf7200300a533600f0c1d2841334bf621f00a3aed3d1b5d11c19f1adde933,True,0.3050446510314941,0.5481243133544922,43bcf7200300a533600f0c1d2841334bf621f00a3aed3d1b5d11c19f1adde933
candidate,r4,loot-crate,154011,11,50,0.22,1,120,0,0.1820206642150879,0.3960132598876953,7b556eca11e015eb3992d04afc7ef1d4f1de963bbff66124862a610f384cb3fe,True,0.29922723770141596,0.48422813415527344,7b556eca11e015eb3992d04afc7ef1d4f1de963bbff66124862a610f384cb3fe
candidate,r4,loot-crate,154012,25,50,0.5,0,400,0,0.17312765121459958,0.8099079132080078,ad9421fb01f4a4627e7a0c95be28abf2aec7fece6c20e42c6b51a4939784c884,True,0.18720626831054682,0.2777576446533203,ad9421fb01f4a4627e7a0c95be28abf2aec7fece6c20e42c6b51a4939784c884
candidate,r4,loot-crate,154013,0,50,0.0,0,400,0,0.13184547424316406,0.2579689025878906,61269a370a4be827cff42c76362bd4934836cb148a8076e0fba2be6274e8c679,True,0.15550851821899386,0.6210803985595703,61269a370a4be827cff42c76362bd4934836cb148a8076e0fba2be6274e8c679
candidate,r4,loot-crate,154014,0,50,0.0,0,400,0,0.12494325637817381,0.8251667022705078,25137ced47b6c40c2871a8a3db68f4e66d2b458c48d38440d4228028b9a45936,True,0.1459598541259765,0.49495697021484375,25137ced47b6c40c2871a8a3db68f4e66d2b458c48d38440d4228028b9a45936
candidate,r4,loot-crate,154015,3,50,0.06,0,400,0,0.16716718673706052,0.7219314575195312,577b80eec91a6456f700cba1beff02b7ecedce12003f520f568191c8e2bad2c9,True,0.21107196807861323,1.3890266418457031,577b80eec91a6456f700cba1beff02b7ecedce12003f520f568191c8e2bad2c9
candidate,r4,loot-crate,154016,0,50,0.0,0,400,0,0.15816688537597648,0.2949237823486328,61269a370a4be827cff42c76362bd4934836cb148a8076e0fba2be6274e8c679,True,0.13521909713745114,0.3666877746582031,61269a370a4be827cff42c76362bd4934836cb148a8076e0fba2be6274e8c679
candidate,r4,loot-crate,154017,8,50,0.16,0,400,0,0.1698613166809081,0.3719329833984375,7a4eebab0290dffb54ad436624b1a82f006279ff049f472e96e9706d796b0266,True,0.38144588470458946,1.3201236724853516,7a4eebab0290dffb54ad436624b1a82f006279ff049f472e96e9706d796b0266
candidate,r4,loot-crate,154018,30,50,0.6,0,400,0,0.2000808715820312,0.4241466522216797,58e179aaef01c1a2c1112515d6862458a2f32ac0469b0c58488b3d0c2d0a3e74,True,0.5190491676330566,0.9441375732421875,58e179aaef01c1a2c1112515d6862458a2f32ac0469b0c58488b3d0c2d0a3e74
candidate,r4,loot-crate,154019,28,50,0.56,0,400,0,0.21030902862548825,0.8358955383300781,cf3dcebe6ef9eb20db7b1df79b167437ea141df9d65ea0e25fe2d49ad4b8dcf3,True,0.22736787796020494,0.5691051483154297,cf3dcebe6ef9eb20db7b1df79b167437ea141df9d65ea0e25fe2d49ad4b8dcf3
candidate,r4,loot-crate,154020,0,50,0.0,0,400,0,0.13161897659301758,0.6067752838134766,61269a370a4be827cff42c76362bd4934836cb148a8076e0fba2be6274e8c679,True,0.15102624893188465,0.5071163177490234,61269a370a4be827cff42c76362bd4934836cb148a8076e0fba2be6274e8c679
candidate,r4,loot-crate,154021,0,50,0.0,1,43,0,0.15439987182617188,0.36215782165527344,de07784063ee2c78b7ca278c6b6f8b11baa55cd13ec4d56af81075de59ecffeb,True,0.14331340789794922,0.2779960632324219,de07784063ee2c78b7ca278c6b6f8b11baa55cd13ec4d56af81075de59ecffeb
candidate,r4,loot-crate,154022,27,50,0.54,0,400,0,0.20509958267211909,0.48422813415527344,2367cfbb96ddecdbc3db57581c0f8cce1e1195b1d8ba12d78708cb3e49f0a128,True,0.226330757141113,4.875898361206055,2367cfbb96ddecdbc3db57581c0f8cce1e1195b1d8ba12d78708cb3e49f0a128
candidate,r4,loot-crate,154023,0,50,0.0,0,400,0,0.14787912368774409,0.3631114959716797,61269a370a4be827cff42c76362bd4934836cb148a8076e0fba2be6274e8c679,True,0.27275085449218706,2.3927688598632812,61269a370a4be827cff42c76362bd4934836cb148a8076e0fba2be6274e8c679
candidate,r4,loot-crate,154024,3,50,0.06,1,41,0,0.3018379211425781,0.4820823669433594,8a10d7f5678a0993e044e4848e7359860ce982c05591b7974372e63f3c4122b3,True,0.3910064697265625,0.6198883056640625,8a10d7f5678a0993e044e4848e7359860ce982c05591b7974372e63f3c4122b3
candidate,r4,loot-crate,154025,36,50,0.72,0,400,0,0.1873612403869625,0.6029605865478516,cde7b0c680afdab3c095096e74bfb2faa5a7112f79133f9e52dad7de37a64941,True,0.19816160202026364,0.5388259887695312,cde7b0c680afdab3c095096e74bfb2faa5a7112f79133f9e52dad7de37a64941
candidate,r4,loot-crate,154026,0,50,0.0,0,400,0,0.17582178115844715,0.6577968597412109,61269a370a4be827cff42c76362bd4934836cb148a8076e0fba2be6274e8c679,True,0.25721788406372054,0.8330345153808594,61269a370a4be827cff42c76362bd4934836cb148a8076e0fba2be6274e8c679
candidate,r4,loot-crate,154027,2,50,0.04,0,400,0,0.1901268959045409,0.7023811340332031,333f1c4c2d5b3352bf26929b7362168b2daa5fd00acbec2767c06187c863a234,True,0.45205354690551736,2.0241737365722656,333f1c4c2d5b3352bf26929b7362168b2daa5fd00acbec2767c06187c863a234
candidate,r4,loot-crate,154028,1,50,0.02,1,49,0,0.1740455627441405,0.2880096435546875,1774b15683c106094fad4a4e2817a631cacd23831a380335484a14dc570fcdaa,True,0.2610683441162105,0.4298686981201172,1774b15683c106094fad4a4e2817a631cacd23831a380335484a14dc570fcdaa
candidate,r4,loot-crate,154029,13,50,0.26,0,400,0,0.17218589782714838,0.32782554626464844,29388c85c81d3e65a8ec3a1a2a39d6d8fd8119800191340635b15e52783972cd,True,0.1766800880432129,0.4858970642089844,29388c85c81d3e65a8ec3a1a2a39d6d8fd8119800191340635b15e52783972cd
candidate,r4,loot-crate,154030,1,50,0.02,0,400,0,0.12626647949218736,0.4971027374267578,41cbca4ccfba310586817f8734e6cd98f9693b4cbfbd872882ca9038eb5f76e4,True,0.14090538024902344,0.5857944488525391,41cbca4ccfba310586817f8734e6cd98f9693b4cbfbd872882ca9038eb5f76e4
candidate,r4,loot-crate,154031,5,50,0.1,0,400,0,0.7314920425415035,2.6397705078125,9b873b69e22656a1101ed7a5c66a9db94d4f0f3eca49d8776c8fd5bb6cf72074,True,0.21604299545288083,0.5490779876708984,9b873b69e22656a1101ed7a5c66a9db94d4f0f3eca49d8776c8fd5bb6cf72074
candidate,r4,loot-crate,154032,3,50,0.06,1,69,0,0.1771450042724609,0.3230571746826172,590ff60adf1accfdf84a05b4bee80d6df19894b7c8849d8b39b6d516b374fa53,True,0.19254684448242176,0.492095947265625,590ff60adf1accfdf84a05b4bee80d6df19894b7c8849d8b39b6d516b374fa53
candidate,r4,loot-crate,154033,6,50,0.12,0,400,0,0.692331790924071,2.0258426666259766,2fb6b475f7058476ef341009955d72fe611d22a8e04912db215ffeb46177fc5c,True,0.20413398742675776,0.4069805145263672,2fb6b475f7058476ef341009955d72fe611d22a8e04912db215ffeb46177fc5c
candidate,r4,loot-crate,154034,5,50,0.1,1,103,0,0.25820732116699213,0.42700767517089844,19f00be78e41b047b99efbbdbbcc643866bf264a87cf3c48921d21988807c8b5,True,0.222635269165039,0.47087669372558594,19f00be78e41b047b99efbbdbbcc643866bf264a87cf3c48921d21988807c8b5
candidate,r4,loot-crate,154035,34,50,0.68,0,400,1,0.23034811019897458,0.4851818084716797,54be1b66a859e4eca318893d4ca6a14bcc0f84e190b27d8787d405bd3bc65c68,True,0.3545045852661129,1.1718273162841797,54be1b66a859e4eca318893d4ca6a14bcc0f84e190b27d8787d405bd3bc65c68
candidate,r4,loot-crate,154036,4,50,0.08,1,41,0,0.2579689025878906,0.3299713134765625,8a10d7f5678a0993e044e4848e7359860ce982c05591b7974372e63f3c4122b3,True,0.4699230194091797,0.7066726684570312,8a10d7f5678a0993e044e4848e7359860ce982c05591b7974372e63f3c4122b3
candidate,r4,loot-crate,154037,0,50,0.0,0,400,0,0.15113353729248027,1.9769668579101562,61269a370a4be827cff42c76362bd4934836cb148a8076e0fba2be6274e8c679,True,0.8178353309631339,4.383087158203125,61269a370a4be827cff42c76362bd4934836cb148a8076e0fba2be6274e8c679
candidate,r4,loot-crate,154038,21,50,0.42,1,214,0,0.2784013748168944,2.8400421142578125,b0935c503bf2a72112ee51de7888912e382b97af384c2f452f1f670c151bc8f1,True,0.8082389831542968,2.3648738861083984,b0935c503bf2a72112ee51de7888912e382b97af384c2f452f1f670c151bc8f1
candidate,r4,loot-crate,154039,5,50,0.1,0,400,0,0.213348865509033,0.4508495330810547,8481e85a05f7086335069e96f043264f7dec12232f5416fb01d2e272d550eda1,True,0.5963683128356928,1.8839836120605469,8481e85a05f7086335069e96f043264f7dec12232f5416fb01d2e272d550eda1
candidate,r4,loot-crate,154040,9,50,0.18,1,139,0,0.2102375030517578,0.41103363037109375,d84d0a38db1e190a200d44975a5ab85997336434a00b51b0b580b15588ee68c0,True,0.2271175384521483,0.40078163146972656,d84d0a38db1e190a200d44975a5ab85997336434a00b51b0b580b15588ee68c0
candidate,r5,classic,152001,5,9,0.5555555555555556,0,400,0,0.209391117095947,0.5099773406982422,1811e40b7493e28ca5333fb74fe1c5f64065645e7e053f6db5b5e9b282db6061,True,0.409257411956787,1.7771720886230469,1811e40b7493e28ca5333fb74fe1c5f64065645e7e053f6db5b5e9b282db6061
candidate,r5,classic,152002,0,9,0.0,0,400,0,0.12935400009155262,0.3879070281982422,471ac9b22b4190524b7f1a63dcf3f0a7bc115f0a19466a72d74261597cebe962,True,0.12494325637817381,0.27298927307128906,471ac9b22b4190524b7f1a63dcf3f0a7bc115f0a19466a72d74261597cebe962
candidate,r5,classic,152003,1,9,0.1111111111111111,0,400,0,0.15211105346679688,0.5519390106201172,cd44246f2c89059f1f9aecf690ad248b364a185723043aa1be4ab0034ff8c664,True,0.20887851715087888,0.5459785461425781,cd44246f2c89059f1f9aecf690ad248b364a185723043aa1be4ab0034ff8c664
candidate,r5,classic,152004,0,9,0.0,0,400,0,0.18280744552612224,1.8820762634277344,01ea405af7fbe89bba8d96b8f4f5225af8d94c8d5a91400af95a54374def1819,True,0.11494159698486325,0.6000995635986328,01ea405af7fbe89bba8d96b8f4f5225af8d94c8d5a91400af95a54374def1819
candidate,r5,classic,152005,1,9,0.1111111111111111,0,400,0,0.15215873718261713,0.55694580078125,2097642e4493bd15093e2824c206b8b4a4033e745a875252927f80d615a18ac8,True,0.1433134078979492,0.36025047302246094,2097642e4493bd15093e2824c206b8b4a4033e745a875252927f80d615a18ac8
candidate,r5,classic,152006,3,9,0.3333333333333333,0,400,0,0.23255348205566376,1.2369155883789062,bc3ca7de17ccb95c8238e3125c1a1a4da849fa3c2050998c5a71e4cf033b9c9a,True,0.2260684967041015,0.5099773406982422,bc3ca7de17ccb95c8238e3125c1a1a4da849fa3c2050998c5a71e4cf033b9c9a
candidate,r5,classic,152007,1,9,0.1111111111111111,0,400,0,0.15839338302612296,0.35190582275390625,566db6648f1d36599baa13584e92c24858c8a288b59c64c7f545d8dde951e9b0,True,0.1711010932922362,0.3581047058105469,566db6648f1d36599baa13584e92c24858c8a288b59c64c7f545d8dde951e9b0
candidate,r5,classic,152008,0,9,0.0,0,400,0,0.18625259399414015,0.9770393371582031,39a7d9dc0dd6ac2572a2aaa6ab9f0bb39337bb883135b3632662fa90dcde0293,True,0.15698671340942372,0.40221214294433594,39a7d9dc0dd6ac2572a2aaa6ab9f0bb39337bb883135b3632662fa90dcde0293
candidate,r5,classic,152009,0,9,0.0,0,400,0,0.1641392707824706,0.4851818084716797,caa0b37960d4db0de174947836cd649cb676a45c62e318824ed0956af5df050c,True,0.15115737915039062,0.3809928894042969,caa0b37960d4db0de174947836cd649cb676a45c62e318824ed0956af5df050c
candidate,r5,classic,152010,0,9,0.0,0,400,0,0.14313459396362296,0.7038116455078125,caa0b37960d4db0de174947836cd649cb676a45c62e318824ed0956af5df050c,True,0.1289844512939453,0.39505958557128906,caa0b37960d4db0de174947836cd649cb676a45c62e318824ed0956af5df050c
candidate,r5,classic,152011,0,9,0.0,0,400,0,0.16689300537109375,0.7920265197753906,caa0b37960d4db0de174947836cd649cb676a45c62e318824ed0956af5df050c,True,0.13494491577148438,0.2880096435546875,caa0b37960d4db0de174947836cd649cb676a45c62e318824ed0956af5df050c
candidate,r5,classic,152012,2,9,0.2222222222222222,0,400,0,0.4359960556030272,1.4221668243408203,a033414b1779e4f020e06833b58e266e2421568ef3ecc4af39d9e00bed8d39c7,True,0.12497901916503902,0.3600120544433594,a033414b1779e4f020e06833b58e266e2421568ef3ecc4af39d9e00bed8d39c7
candidate,r5,classic,152013,1,9,0.1111111111111111,0,400,0,0.514984130859375,2.9201507568359375,3d47f24a7d6de6a28d48c99a01bd656ea5d976605821f59f265cf6eac72b01fc,True,0.21390914916992182,0.5917549133300781,3d47f24a7d6de6a28d48c99a01bd656ea5d976605821f59f265cf6eac72b01fc
candidate,r5,classic,152014,2,9,0.2222222222222222,0,400,0,0.15602111816406242,0.33593177795410156,7f536511c5315777d3e1bc21b5d162263d3dc1a8b39226fada8b0273c1187f26,True,0.16139745712280254,0.4050731658935547,7f536511c5315777d3e1bc21b5d162263d3dc1a8b39226fada8b0273c1187f26
candidate,r5,classic,152015,0,9,0.0,0,400,0,0.13618469238281244,0.3190040588378906,caa0b37960d4db0de174947836cd649cb676a45c62e318824ed0956af5df050c,True,0.14810562133789057,0.3867149353027344,caa0b37960d4db0de174947836cd649cb676a45c62e318824ed0956af5df050c
candidate,r5,classic,152016,0,9,0.0,0,400,0,0.15698671340942372,0.49996376037597656,63fac52396a6e33a702c83a475370cfe46e7e61367e4b8911b0699542432834c,True,0.19412040710449213,1.0449886322021484,63fac52396a6e33a702c83a475370cfe46e7e61367e4b8911b0699542432834c
candidate,r5,classic,152017,1,9,0.1111111111111111,0,400,0,0.24923086166381828,0.5347728729248047,fade9d5f3dc6816b4252e890d7c5c5ddf66b3db554ad1e7874c7d089b401689a,True,0.2548813819885254,0.5650520324707031,fade9d5f3dc6816b4252e890d7c5c5ddf66b3db554ad1e7874c7d089b401689a
candidate,r5,classic,152018,0,9,0.0,0,400,0,0.16822814941406236,0.38313865661621094,c0d59d5245063a5d1003d8c75e14557b4d2473c6244a86f68199469b1a4c9df6,True,0.1562118530273437,0.31685829162597656,c0d59d5245063a5d1003d8c75e14557b4d2473c6244a86f68199469b1a4c9df6
candidate,r5,classic,152019,1,9,0.1111111111111111,0,400,0,0.17062425613403284,0.40602684020996094,36f903d4ff61ad87383dbd3ae018f716875b37bd8a02f3b44f6463274e02d477,True,0.1491069793701171,0.3509521484375,36f903d4ff61ad87383dbd3ae018f716875b37bd8a02f3b44f6463274e02d477
candidate,r5,classic,152020,1,9,0.1111111111111111,0,400,0,0.1609325408935547,0.5121231079101562,75d47bc0de01dff9273f3b466df8d4b6979df02579d440bb84fd22e5d61ed260,True,0.13208389282226562,0.28705596923828125,75d47bc0de01dff9273f3b466df8d4b6979df02579d440bb84fd22e5d61ed260
candidate,r5,classic,152021,1,9,0.1111111111111111,0,400,0,0.13854503631591752,0.47588348388671875,42bd8df192b419ddca031cdd2109af0080953c0ad82fcf145e202f1d05eeb3fb,True,0.1300334930419921,0.6592273712158203,42bd8df192b419ddca031cdd2109af0080953c0ad82fcf145e202f1d05eeb3fb
candidate,r5,classic,152022,1,9,0.1111111111111111,0,400,0,0.15102624893188465,0.3237724304199219,ccdf732ba85cd8c1ebdcff00758efc9a471cb0e255d7ce8b639eda1924db0449,True,0.14715194702148432,0.29206275939941406,ccdf732ba85cd8c1ebdcff00758efc9a471cb0e255d7ce8b639eda1924db0449
candidate,r5,classic,152023,0,9,0.0,0,400,0,0.13903379440307614,0.3368854522705078,926aa58f15da04a7bb9ce6c81c69f235c2f7f6de21402ea61c46ccb923aababa,True,0.14591217041015625,0.7719993591308594,926aa58f15da04a7bb9ce6c81c69f235c2f7f6de21402ea61c46ccb923aababa
candidate,r5,classic,152024,2,9,0.2222222222222222,1,35,0,0.46520233154296875,0.5729198455810547,b5dc13e9eeb1688e9b0b24cb8be9c2ce7de1a31e7d81be5998c34ae436c13065,True,0.16157627105712874,0.3437995910644531,b5dc13e9eeb1688e9b0b24cb8be9c2ce7de1a31e7d81be5998c34ae436c13065
candidate,r5,classic,152025,1,9,0.1111111111111111,0,400,0,0.16931295394897458,0.5004405975341797,3e88dfab0a077e229da6c350bfb19aac983998c0cbaba7138540742d39a6964e,True,0.1784205436706542,0.8268356323242188,3e88dfab0a077e229da6c350bfb19aac983998c0cbaba7138540742d39a6964e
candidate,r5,classic,152026,1,9,0.1111111111111111,0,400,0,0.45664310455322216,1.6739368438720703,e095ef5c85bf2521cd20dce89af91c203115c734914f7e3d9bb0b26d120dc750,True,0.12806653976440427,0.2760887145996094,e095ef5c85bf2521cd20dce89af91c203115c734914f7e3d9bb0b26d120dc750
candidate,r5,classic,152027,1,9,0.1111111111111111,0,400,0,0.13791322708129872,0.3800392150878906,e899eeab5072fa141612e872860116a152cf71fed24a70cac8464a83fd9d72e2,True,0.12216567993164054,0.26607513427734375,e899eeab5072fa141612e872860116a152cf71fed24a70cac8464a83fd9d72e2
candidate,r5,classic,152028,0,9,0.0,0,400,0,0.12421607971191406,0.31876564025878906,050ae3e21fbafe9e71a98f79aca433d2c9d145576be14a0718939d6876d7faf5,True,0.11374950408935544,0.24890899658203125,050ae3e21fbafe9e71a98f79aca433d2c9d145576be14a0718939d6876d7faf5
candidate,r5,classic,152029,0,9,0.0,0,400,0,0.11116266250610346,0.2970695495605469,157c583b5907ec9bff85f4956c3b42e3ab92923f78d255502650096ea9ab53e4,True,0.1742362976074217,0.5729198455810547,157c583b5907ec9bff85f4956c3b42e3ab92923f78d255502650096ea9ab53e4
candidate,r5,classic,152030,1,9,0.1111111111111111,0,400,0,0.15115737915039062,0.7238388061523438,e9da157d3bd486bd769f1f4588dafda1020af70087ab09198d767b692cbef10d,True,0.24087429046630787,0.8409023284912109,e9da157d3bd486bd769f1f4588dafda1020af70087ab09198d767b692cbef10d
candidate,r5,classic,152031,0,9,0.0,0,400,0,0.36113262176513505,0.9319782257080078,e898f7942887bb5e9d3241449ae291f775c9774b1e5b541e04c54c96e0b75f48,True,0.1552462577819824,0.7960796356201172,e898f7942887bb5e9d3241449ae291f775c9774b1e5b541e04c54c96e0b75f48
candidate,r5,classic,152032,0,9,0.0,0,400,0,0.1709461212158203,0.5280971527099609,5853f4c537a968f5403edda197d90b6bd9cd2688b489b566457a143a4a0c35e1,True,0.2423048019409177,0.6461143493652344,5853f4c537a968f5403edda197d90b6bd9cd2688b489b566457a143a4a0c35e1
candidate,r5,classic,152033,0,9,0.0,0,400,0,0.15416145324707017,0.37384033203125,d44b4a6ed6819ace5509ad7e93479b8e6223aac3f294f589c41f3bab9de9d23b,True,0.14005899429321278,0.431060791015625,d44b4a6ed6819ace5509ad7e93479b8e6223aac3f294f589c41f3bab9de9d23b
candidate,r5,classic,152034,1,9,0.1111111111111111,0,400,0,0.15616416931152344,0.5488395690917969,61225dc99d0c0c9b42891d59e29c3647c8b8a513083e22be7f6bf2ab88b70966,True,0.13999938964843744,0.5381107330322266,61225dc99d0c0c9b42891d59e29c3647c8b8a513083e22be7f6bf2ab88b70966
candidate,r5,classic,152035,0,9,0.0,0,400,0,0.1944661140441891,0.4761219024658203,6faa30931288eaa1cbed4adf77e75c8daec3e99cd556fa135710f3b249a87256,True,0.15226602554321275,0.3609657287597656,6faa30931288eaa1cbed4adf77e75c8daec3e99cd556fa135710f3b249a87256
candidate,r5,classic,152036,0,9,0.0,0,400,0,0.14905929565429682,0.3943443298339844,15cda6d3f757f3807db3562865dfb98c4af4834a5aa380cdc5a9cb6bf5611495,True,0.7431864738464327,1.6088485717773438,15cda6d3f757f3807db3562865dfb98c4af4834a5aa380cdc5a9cb6bf5611495
candidate,r5,classic,152037,0,9,0.0,0,400,0,0.14715194702148432,0.41604042053222656,a9594d6b32db5423d941dfd7463ed3cd985d2eb97cc5d625377f4510a7ecd1e0,True,0.5881190299987783,2.1359920501708984,a9594d6b32db5423d941dfd7463ed3cd985d2eb97cc5d625377f4510a7ecd1e0
candidate,r5,classic,152038,0,9,0.0,0,400,0,0.13136863708496072,0.4990100860595703,caa0b37960d4db0de174947836cd649cb676a45c62e318824ed0956af5df050c,True,0.14033317565917955,0.5178451538085938,caa0b37960d4db0de174947836cd649cb676a45c62e318824ed0956af5df050c
candidate,r5,classic,152039,1,9,0.1111111111111111,0,400,0,0.13117790222167963,0.31113624572753906,82914bd1f219b62c82a784197307a9c5cabe54de0eb4d1d4cc274c9270347f85,True,0.1380801200866699,0.41174888610839844,82914bd1f219b62c82a784197307a9c5cabe54de0eb4d1d4cc274c9270347f85
candidate,r5,classic,152040,1,9,0.1111111111111111,0,400,0,0.4480361938476562,1.0421276092529297,5139dcacc389d548d7f53a5b3696d13c1906254aac9726cc8fad5057d7a528d0,True,0.1578927040100097,0.5707740783691406,5139dcacc389d548d7f53a5b3696d13c1906254aac9726cc8fad5057d7a528d0
candidate,r5,coin-heaven,153001,50,50,1.0,0,135,0,0.3123760223388672,0.537872314453125,1865bc04168532487eab8aede3e015c780e6b646dc18f79291a9fe044c2a20bb,True,0.29404163360595703,0.31495094299316406,1865bc04168532487eab8aede3e015c780e6b646dc18f79291a9fe044c2a20bb
candidate,r5,coin-heaven,153002,50,50,1.0,0,123,0,0.3089427947998046,0.5490779876708984,be7113133231c6560c37b1580d8b10f50c4c0ce0a9b5e00aa1835ba9b48efb66,True,0.13570785522460935,0.2548694610595703,be7113133231c6560c37b1580d8b10f50c4c0ce0a9b5e00aa1835ba9b48efb66
candidate,r5,coin-heaven,153003,50,50,1.0,0,134,0,0.22200345993041978,0.44989585876464844,40ad04d6007c0653db2a6fdbf886c8ee62a030cfb043d53e3c63f8e33768e57a,True,0.47087669372558566,2.3310184478759766,40ad04d6007c0653db2a6fdbf886c8ee62a030cfb043d53e3c63f8e33768e57a
candidate,r5,coin-heaven,153004,50,50,1.0,0,121,0,0.22792816162109375,0.44417381286621094,40cda073b2f3426cd419a93b0cc522955bb576657f5438c87ec7de56158e6775,True,0.2620220184326172,1.5156269073486328,40cda073b2f3426cd419a93b0cc522955bb576657f5438c87ec7de56158e6775
candidate,r5,coin-heaven,153005,50,50,1.0,0,131,0,0.2206563949584961,0.38504600524902344,9d33615c9059ea37e6b2a96cc4db85d3be8c242d1baef97b21eccbba7514ad47,True,0.3590583801269531,0.6501674652099609,9d33615c9059ea37e6b2a96cc4db85d3be8c242d1baef97b21eccbba7514ad47
candidate,r5,coin-heaven,153006,50,50,1.0,0,121,0,0.15282630920410156,0.3581047058105469,63843846a1c8fe769f05dbef1f1d682f18fcb93ef10392f1da0224dbe7524bd7,True,0.2789497375488281,0.5197525024414062,63843846a1c8fe769f05dbef1f1d682f18fcb93ef10392f1da0224dbe7524bd7
candidate,r5,coin-heaven,153007,50,50,1.0,0,121,0,0.84686279296875,1.9419193267822266,6101122c300131771c0f217c40a41bc0b5bf0b5d22c48cd6c61aaf153099ddc8,True,0.10991096496582031,0.3039836883544922,6101122c300131771c0f217c40a41bc0b5bf0b5d22c48cd6c61aaf153099ddc8
candidate,r5,coin-heaven,153008,50,50,1.0,0,136,0,0.3008246421813965,0.4951953887939453,01f89551bb020530696620d3907a4cdf2e038155ab11496bed0d9f99e4d95926,True,0.3178715705871582,1.332998275756836,01f89551bb020530696620d3907a4cdf2e038155ab11496bed0d9f99e4d95926
candidate,r5,coin-heaven,153009,50,50,1.0,0,114,0,0.38640499114990223,0.9226799011230469,58fe8f688249f6db49e2e1890eb32b937da5e6d1b39a4a874f5e92b379d00ebd,True,0.1206159591674804,0.2009868621826172,58fe8f688249f6db49e2e1890eb32b937da5e6d1b39a4a874f5e92b379d00ebd
candidate,r5,coin-heaven,153010,50,50,1.0,0,119,0,0.22101402282714844,1.0979175567626953,4413235a3f7c9fb2d8df22dea8dfdaf3d911e853c095b07e01e966f39a1cc5e8,True,0.24983882904052732,0.6577968597412109,4413235a3f7c9fb2d8df22dea8dfdaf3d911e853c095b07e01e966f39a1cc5e8
candidate,r5,coin-heaven,153011,50,50,1.0,0,123,0,0.2819538116455078,0.3247261047363281,8137f70cd1076b7ff22619a97247712a12fff7eb04237b5a93a084045b552c1b,True,0.2212762832641601,0.28967857360839844,8137f70cd1076b7ff22619a97247712a12fff7eb04237b5a93a084045b552c1b
candidate,r5,coin-heaven,153012,50,50,1.0,0,135,0,0.21245479583740223,0.41604042053222656,e1a66ceb4890a8897dd0618a20b423bf88822d4ab900c7800de1fa330a669eb5,True,0.16343593597412107,0.1919269561767578,e1a66ceb4890a8897dd0618a20b423bf88822d4ab900c7800de1fa330a669eb5
candidate,r5,coin-heaven,153013,50,50,1.0,0,131,0,0.2664327621459961,0.4329681396484375,d6106b7e7cc45e17ccf06f2c89999f5d0621b46c7e35783258345da7eda1ba46,True,0.2391338348388672,0.2949237823486328,d6106b7e7cc45e17ccf06f2c89999f5d0621b46c7e35783258345da7eda1ba46
candidate,r5,coin-heaven,153014,50,50,1.0,0,121,0,0.16498565673828125,0.20194053649902344,c0bc21ac5b9f4bd368be120a00678494c9f615311cf81c99163fed39d8541852,True,0.12636184692382812,0.20933151245117188,c0bc21ac5b9f4bd368be120a00678494c9f615311cf81c99163fed39d8541852
candidate,r5,coin-heaven,153015,50,50,1.0,0,142,0,0.266730785369873,0.3120899200439453,0cfa5f2250df685bb933b309e32d7ec1dfa00f5166e75ad55400dc75522a4b81,True,0.2568602561950683,0.30493736267089844,0cfa5f2250df685bb933b309e32d7ec1dfa00f5166e75ad55400dc75522a4b81
candidate,r5,coin-heaven,153016,50,50,1.0,0,125,0,0.1811504364013672,0.5917549133300781,dc660f3c586311dc6cd4b8623b712a377fd53daf9f5fb988affb86029fc8533a,True,0.16918182373046875,1.1191368103027344,dc660f3c586311dc6cd4b8623b712a377fd53daf9f5fb988affb86029fc8533a
candidate,r5,coin-heaven,153017,50,50,1.0,0,124,0,0.11755228042602538,0.2040863037109375,1ddf9c1e51afe895ba6d10cf1b02efebe99ca6e9f6c67085011ff12d7a7a1d91,True,0.13370513916015625,0.46825408935546875,1ddf9c1e51afe895ba6d10cf1b02efebe99ca6e9f6c67085011ff12d7a7a1d91
candidate,r5,coin-heaven,153018,50,50,1.0,0,123,0,0.23033618927001948,1.3659000396728516,b6cffae3ab5e6298cb51ab7b564dd13920abdd96d8d3edfd611d52d00fbb395c,True,0.13678073883056638,0.2849102020263672,b6cffae3ab5e6298cb51ab7b564dd13920abdd96d8d3edfd611d52d00fbb395c
candidate,r5,coin-heaven,153019,50,50,1.0,0,130,0,0.15335083007812497,0.5042552947998047,091ab783f3c31400dab10e7cb85054f4aa2a29c7badda9cf79e308c933cd0237,True,0.25154352188110346,0.4730224609375,091ab783f3c31400dab10e7cb85054f4aa2a29c7badda9cf79e308c933cd0237
candidate,r5,coin-heaven,153020,50,50,1.0,0,128,0,0.31782388687133767,0.6000995635986328,db724d1332ddc5668d4a27e49a55a121eff3a2a9646977a2fa995aa41b4f4720,True,0.1297354698181152,0.23889541625976562,db724d1332ddc5668d4a27e49a55a121eff3a2a9646977a2fa995aa41b4f4720
candidate,r5,coin-heaven,153021,50,50,1.0,0,129,0,0.5281448364257812,0.7848739624023438,28b8913d59f53f13c1c7ddababf92763f3a0574a76cef3e4d1630b22879fd88f,True,0.11706352233886719,0.23794174194335938,28b8913d59f53f13c1c7ddababf92763f3a0574a76cef3e4d1630b22879fd88f
candidate,r5,coin-heaven,153022,50,50,1.0,0,117,0,0.2206325531005859,0.3609657287597656,37d6cce83b067d684d6fc79393b145a0566598ab74ff91d5ed4b8d703b109ff4,True,0.17371177673339833,0.2589225769042969,37d6cce83b067d684d6fc79393b145a0566598ab74ff91d5ed4b8d703b109ff4
candidate,r5,coin-heaven,153023,50,50,1.0,0,123,0,0.20356178283691403,1.058816909790039,6a68f9f04a5eda4c78296bde15fe3a223860cc15fefa76d3412fb65c8fcea3fa,True,0.18103122711181632,0.3368854522705078,6a68f9f04a5eda4c78296bde15fe3a223860cc15fefa76d3412fb65c8fcea3fa
candidate,r5,coin-heaven,153024,50,50,1.0,0,116,0,0.14722347259521484,0.20599365234375,ef4d61c6b6f841ab38f12b51eefca3e7afdf374e7529dec530f309889a008617,True,0.16707181930541992,0.3273487091064453,ef4d61c6b6f841ab38f12b51eefca3e7afdf374e7529dec530f309889a008617
candidate,r5,coin-heaven,153025,50,50,1.0,0,134,0,0.1986622810363769,0.30112266540527344,8860a33c9075dfa66143ff079a356f292ddd487ca38d1c18bc4156a3518b0fe5,True,0.18410682678222653,0.2999305725097656,8860a33c9075dfa66143ff079a356f292ddd487ca38d1c18bc4156a3518b0fe5
candidate,r5,coin-heaven,153026,50,50,1.0,0,127,0,0.20601749420165993,0.5278587341308594,39c302dc5ec8684c6fd90db54018544741c04a65e832ac7ca7af150b3edd967c,True,0.10027885437011716,0.20885467529296875,39c302dc5ec8684c6fd90db54018544741c04a65e832ac7ca7af150b3edd967c
candidate,r5,coin-heaven,153027,50,50,1.0,0,105,0,0.12211799621582027,0.7479190826416016,c181a7275463daaf3b2cdf4765c882a2cca4eb841bccb0ddb0c1fb507bbddebc,True,0.3729820251464843,3.4868717193603516,c181a7275463daaf3b2cdf4765c882a2cca4eb841bccb0ddb0c1fb507bbddebc
candidate,r5,coin-heaven,153028,50,50,1.0,0,124,0,0.1407623291015625,0.3349781036376953,beaa1cde7462bd1e970620b94143a63164f3cd4058e64e9dd52a2c7325abf518,True,0.18796920776367188,0.5581378936767578,beaa1cde7462bd1e970620b94143a63164f3cd4058e64e9dd52a2c7325abf518
candidate,r5,coin-heaven,153029,50,50,1.0,0,136,0,0.16045570373535156,0.21028518676757812,5981dabddafbf0aae81b82c23a6e8ac27d60b7b3a5ab51d814b09c26162dff0e,True,0.16671419143676758,0.26416778564453125,5981dabddafbf0aae81b82c23a6e8ac27d60b7b3a5ab51d814b09c26162dff0e
candidate,r5,coin-heaven,153030,50,50,1.0,0,131,0,0.2448558807373047,0.31113624572753906,d8e47fc5915f0867113b49bc6127603f6735f861b8b2acec5f4e804ba3f29b03,True,0.2315044403076172,0.27871131896972656,d8e47fc5915f0867113b49bc6127603f6735f861b8b2acec5f4e804ba3f29b03
candidate,r5,coin-heaven,153031,50,50,1.0,0,111,0,0.16057491302490234,0.2739429473876953,c6c6a23ada9df90f3c9f1e39e4764312bf5a4d5037a417cb9be95b6bd701774d,True,0.12290477752685547,0.22077560424804688,c6c6a23ada9df90f3c9f1e39e4764312bf5a4d5037a417cb9be95b6bd701774d
candidate,r5,coin-heaven,153032,50,50,1.0,0,129,0,0.2182006835937499,0.26416778564453125,61921ba2f276f07617344fe1077a9c0950efe3eed643c85af407444cd8355f8f,True,0.20885467529296875,0.2601146697998047,61921ba2f276f07617344fe1077a9c0950efe3eed643c85af407444cd8355f8f
candidate,r5,coin-heaven,153033,50,50,1.0,0,131,0,0.32579898834228516,0.7181167602539062,a1a8e9604098ec5948d2d09172d7064dd7ecafa6425ed139b1385c0185174ea6,True,0.28204917907714844,0.3032684326171875,a1a8e9604098ec5948d2d09172d7064dd7ecafa6425ed139b1385c0185174ea6
candidate,r5,coin-heaven,153034,50,50,1.0,0,121,0,0.12803077697753906,0.21004676818847656,0adfe0807f61e3e0def9b82014d2097e55143300b7fee21bd2f7b08634badc3d,True,0.1327991485595703,0.5431175231933594,0adfe0807f61e3e0def9b82014d2097e55143300b7fee21bd2f7b08634badc3d
candidate,r5,coin-heaven,153035,50,50,1.0,0,140,0,0.1789808273315429,0.3409385681152344,978b6bf866c355113b178c4a3954aaa7874518a06425d3204facb6315ce1626a,True,0.1731276512145996,0.21791458129882812,978b6bf866c355113b178c4a3954aaa7874518a06425d3204facb6315ce1626a
candidate,r5,coin-heaven,153036,50,50,1.0,0,120,0,0.1425981521606445,0.23508071899414062,e7d7b74c6dd3fbff145c7cda820dd058996fad66472a059db139b660a84ec34c,True,0.2054572105407714,0.4200935363769531,e7d7b74c6dd3fbff145c7cda820dd058996fad66472a059db139b660a84ec34c
candidate,r5,coin-heaven,153037,50,50,1.0,0,119,0,0.13737678527832028,0.23102760314941406,483557e615e7915bb2dd0f30686c6f109e21e46b5c464931c8840d0caee5e3bb,True,0.1683712005615234,0.35572052001953125,483557e615e7915bb2dd0f30686c6f109e21e46b5c464931c8840d0caee5e3bb
candidate,r5,coin-heaven,153038,50,50,1.0,0,112,0,0.2580881118774411,0.43272972106933594,2040c0ff6fc9c9fa58de2956dbdd41a8a7dabbb799bcead5db7bf97fb6fcb407,True,0.16405582427978505,0.35881996154785156,2040c0ff6fc9c9fa58de2956dbdd41a8a7dabbb799bcead5db7bf97fb6fcb407
candidate,r5,coin-heaven,153039,50,50,1.0,0,128,0,0.1865863800048828,0.2391338348388672,e9b3e99fe4fdbf5aa0017170cede539ccec592778c05690e346238068d2f826c,True,0.19768476486206044,0.2696514129638672,e9b3e99fe4fdbf5aa0017170cede539ccec592778c05690e346238068d2f826c
candidate,r5,coin-heaven,153040,50,50,1.0,0,121,0,0.20194053649902344,0.23102760314941406,4aec9ea637326955b0f4f7d8260c5dfed39834287df979ee07fe103359582fb3,True,0.18787384033203125,0.2529621124267578,4aec9ea637326955b0f4f7d8260c5dfed39834287df979ee07fe103359582fb3
candidate,r5,loot-crate,154001,10,50,0.2,0,400,0,0.1333236694335937,0.3800392150878906,64463c9474640228904763907c67851fc8d5b16396372f88824259dcfd0eab59,True,0.13017654418945312,0.31304359436035156,64463c9474640228904763907c67851fc8d5b16396372f88824259dcfd0eab59
candidate,r5,loot-crate,154002,5,50,0.1,0,400,0,0.13999938964843744,0.2720355987548828,d6379ba6b3161920fab10c7db3112f7d2c8ccd711c529823c73124325f6ab6d7,True,0.13093948364257807,0.3151893615722656,d6379ba6b3161920fab10c7db3112f7d2c8ccd711c529823c73124325f6ab6d7
candidate,r5,loot-crate,154003,11,50,0.22,0,400,0,0.15912055969238273,0.2689361572265625,802afb7867d563d18aa1cb73b911ed5d99ff90fcf9ac302ef24a07b04890e91c,True,0.1641392707824706,0.7250308990478516,802afb7867d563d18aa1cb73b911ed5d99ff90fcf9ac302ef24a07b04890e91c
candidate,r5,loot-crate,154004,18,50,0.36,1,178,0,0.16707181930541992,0.4119873046875,eae09ce6fef8f79ed768df5f6e39aa2d9deeb5f624c2444305467ca642450110,True,0.4401683807373048,1.4922618865966797,eae09ce6fef8f79ed768df5f6e39aa2d9deeb5f624c2444305467ca642450110
candidate,r5,loot-crate,154005,12,50,0.24,0,400,0,0.7421374320983875,2.5959014892578125,fa372c908ead0e1b93a460e1a42dd37ce2ac9fce06e19d3da96f1f82a382978f,True,0.26178359985351474,1.0900497436523438,fa372c908ead0e1b93a460e1a42dd37ce2ac9fce06e19d3da96f1f82a382978f
candidate,r5,loot-crate,154006,16,50,0.32,0,400,0,0.42837858200073226,1.6970634460449219,b12c9f368aa48a77e1c475a9d37cf35f64470fa2dec37513ec500c5c87e79509,True,0.17642974853515603,0.43010711669921875,b12c9f368aa48a77e1c475a9d37cf35f64470fa2dec37513ec500c5c87e79509
candidate,r5,loot-crate,154007,3,50,0.06,0,400,0,0.27937889099121077,0.7259845733642578,1df0446a1fe96d7900e74c45776f7c588a43c20c3176defbfaf02b620c9c5606,True,0.13819932937622056,0.42438507080078125,1df0446a1fe96d7900e74c45776f7c588a43c20c3176defbfaf02b620c9c5606
candidate,r5,loot-crate,154008,2,50,0.04,0,400,0,0.18364191055297802,1.744985580444336,7ee047db4a911a1a684c315193e134bce7004a0b24e4fec8e3c8e3cdf82559e6,True,0.20133256912231415,1.0371208190917969,7ee047db4a911a1a684c315193e134bce7004a0b24e4fec8e3c8e3cdf82559e6
candidate,r5,loot-crate,154009,14,50,0.28,0,400,0,0.22320747375488276,0.6270408630371094,6f60f917a09e78b7f88bd8c5869cd8d4ddfaedcd417c438bf9a8d945acdf1112,True,0.2490043640136718,2.070903778076172,6f60f917a09e78b7f88bd8c5869cd8d4ddfaedcd417c438bf9a8d945acdf1112
candidate,r5,loot-crate,154010,8,50,0.16,0,400,0,0.18719434738159177,0.3921985626220703,15ac93c725106b793470a02d2ac47c76667fe0971d6b3364db53263527fbc87f,True,0.2061367034912108,1.416921615600586,15ac93c725106b793470a02d2ac47c76667fe0971d6b3364db53263527fbc87f
candidate,r5,loot-crate,154011,5,50,0.1,1,65,2,0.25825500488281233,0.3600120544433594,60833d16a15a8c794088ba64c047b35ee53f5a1316e22680c157dae4fb78b077,True,0.15268325805664062,0.26988983154296875,60833d16a15a8c794088ba64c047b35ee53f5a1316e22680c157dae4fb78b077
candidate,r5,loot-crate,154012,13,50,0.26,0,400,0,0.24918317794799802,0.4820823669433594,7ba58062494b3381dc23db3aad33d594eaccd02f44b4574a03285df9487efccc,True,0.25204420089721674,0.7550716400146484,7ba58062494b3381dc23db3aad33d594eaccd02f44b4574a03285df9487efccc
candidate,r5,loot-crate,154013,7,50,0.14,1,79,0,0.1569032669067382,0.28586387634277344,22d9a99368c4359229ab019e7014d55f611db098baf18a90b6f1c690713f3ce9,True,0.17981529235839816,0.5331039428710938,22d9a99368c4359229ab019e7014d55f611db098baf18a90b6f1c690713f3ce9
candidate,r5,loot-crate,154014,2,50,0.04,0,400,0,0.13386011123657215,0.28228759765625,599454510f9e673b3b28e7ceeeb0378250bf543ffb9028ba290a37a8affa117c,True,0.1528859138488769,1.3859272003173828,599454510f9e673b3b28e7ceeeb0378250bf543ffb9028ba290a37a8affa117c
candidate,r5,loot-crate,154015,4,50,0.08,0,400,0,0.1371383666992187,0.3218650817871094,a73766d45bba21c830a2098021bb97f3cf4630c70162951c89595120952ca164,True,0.1860618591308593,0.6589889526367188,a73766d45bba21c830a2098021bb97f3cf4630c70162951c89595120952ca164
candidate,r5,loot-crate,154016,1,50,0.02,0,400,0,0.1745223999023431,0.9980201721191406,43d33700e623847a7cff58d67c8141dcd80ac87691b98ea7dfe308df8657e8ca,True,0.18116235733032207,1.0633468627929688,43d33700e623847a7cff58d67c8141dcd80ac87691b98ea7dfe308df8657e8ca
candidate,r5,loot-crate,154017,11,50,0.22,0,400,0,0.16809701919555664,0.5071163177490234,f62e3511034932418a86cff3defe31039e372d8f7192e5509afc648d1ce5d6d9,True,0.16509294509887684,0.4048347473144531,f62e3511034932418a86cff3defe31039e372d8f7192e5509afc648d1ce5d6d9
candidate,r5,loot-crate,154018,2,50,0.04,1,49,0,0.13914108276367188,0.33926963806152344,7ddb318b6f4660293a8ff65c44ef4bd878fdc8d42dd37c3c325fb5c965b3b245,True,0.1677513122558591,0.26702880859375,7ddb318b6f4660293a8ff65c44ef4bd878fdc8d42dd37c3c325fb5c965b3b245
candidate,r5,loot-crate,154019,0,50,0.0,0,400,0,0.12627840042114244,0.2951622009277344,caa0b37960d4db0de174947836cd649cb676a45c62e318824ed0956af5df050c,True,0.11897087097167969,0.2810955047607422,caa0b37960d4db0de174947836cd649cb676a45c62e318824ed0956af5df050c
candidate,r5,loot-crate,154020,13,50,0.26,1,187,0,0.19862651824951164,0.3693103790283203,ba6ed2e8fa28409051058edccbb3f69d1fb025ad7803cffb29a3504b57a17fe6,True,0.908255577087401,5.715131759643555,ba6ed2e8fa28409051058edccbb3f69d1fb025ad7803cffb29a3504b57a17fe6
candidate,r5,loot-crate,154021,0,50,0.0,0,400,0,0.10900497436523433,0.4363059997558594,b6181f0639110360ef1c066c078b2f30d82e6737c33f9f1f4587e67fcceee6e4,True,0.3552198410034176,1.0328292846679688,b6181f0639110360ef1c066c078b2f30d82e6737c33f9f1f4587e67fcceee6e4
candidate,r5,loot-crate,154022,1,50,0.02,0,400,0,0.42487382888793945,1.1379718780517578,0df82a01d939a47168acd2011728c78143b303cc2df00b5d599b1047ea4129bf,True,0.39632320404052707,0.6792545318603516,0df82a01d939a47168acd2011728c78143b303cc2df00b5d599b1047ea4129bf
candidate,r5,loot-crate,154023,8,50,0.16,0,400,0,0.5395174026489253,1.1658668518066406,2a2af352fd3fe0e0569482fe2f9e8b8f877a57d4dc49454b83baa3fadb39bb8e,True,0.2739429473876953,0.7491111755371094,2a2af352fd3fe0e0569482fe2f9e8b8f877a57d4dc49454b83baa3fadb39bb8e
candidate,r5,loot-crate,154024,5,50,0.1,0,400,0,0.13208389282226562,0.30803680419921875,3ec33ac7caa1be0c2bff925588f06ae87854e9ece736447797869a94420eca1e,True,0.1430511474609375,0.3342628479003906,3ec33ac7caa1be0c2bff925588f06ae87854e9ece736447797869a94420eca1e
candidate,r5,loot-crate,154025,4,50,0.08,0,400,0,0.10806322097778315,0.2739429473876953,91def1a48d85c18f78cdf2ef864e14f3e9ada1119994716798896ce7f741d7a1,True,0.10806322097778315,0.33402442932128906,91def1a48d85c18f78cdf2ef864e14f3e9ada1119994716798896ce7f741d7a1
candidate,r5,loot-crate,154026,5,50,0.1,0,400,0,0.16514062881469713,0.3058910369873047,0595cb35b920bac52ee45fe83c53869c87deb17a8c3a3c9d39fe66160f32adec,True,0.20885467529296875,0.8728504180908203,0595cb35b920bac52ee45fe83c53869c87deb17a8c3a3c9d39fe66160f32adec
candidate,r5,loot-crate,154027,0,50,0.0,0,400,0,0.11192560195922842,0.3337860107421875,39a7d9dc0dd6ac2572a2aaa6ab9f0bb39337bb883135b3632662fa90dcde0293,True,0.19609928131103482,0.7889270782470703,39a7d9dc0dd6ac2572a2aaa6ab9f0bb39337bb883135b3632662fa90dcde0293
candidate,r5,loot-crate,154028,6,50,0.12,1,114,2,0.15180110931396482,0.2760887145996094,8502cdf12c0f937a7cacdc9cf6723f279c393e1f050248bea0be031ca7afb7e2,True,0.26993751525878895,0.5290508270263672,8502cdf12c0f937a7cacdc9cf6723f279c393e1f050248bea0be031ca7afb7e2
candidate,r5,loot-crate,154029,0,50,0.0,0,400,0,0.09703636169433594,0.3628730773925781,cdba55cf9eb75ebf240451d7179cd86be995b452b7d82320d0985b2e4e7ef2bf,True,0.0989556312561035,0.4298686981201172,cdba55cf9eb75ebf240451d7179cd86be995b452b7d82320d0985b2e4e7ef2bf
candidate,r5,loot-crate,154030,4,50,0.08,0,400,0,0.14187097549438477,0.32901763916015625,bf759c58d3f6cd8c686395d73edae07e48b9ee492e5203869528ce90788c3086,True,0.4470229148864738,1.3442039489746094,bf759c58d3f6cd8c686395d73edae07e48b9ee492e5203869528ce90788c3086
candidate,r5,loot-crate,154031,0,50,0.0,0,400,0,0.10803937911987302,0.31113624572753906,cdba55cf9eb75ebf240451d7179cd86be995b452b7d82320d0985b2e4e7ef2bf,True,0.21454095840454063,1.6281604766845703,cdba55cf9eb75ebf240451d7179cd86be995b452b7d82320d0985b2e4e7ef2bf
candidate,r5,loot-crate,154032,10,50,0.2,0,400,0,0.17820596694946278,0.4730224609375,a958a8f343d0ee4b411c1dc150503f2ad0a556759c652a68322ca9e47847aa5b,True,0.1492142677307127,0.3199577331542969,a958a8f343d0ee4b411c1dc150503f2ad0a556759c652a68322ca9e47847aa5b
candidate,r5,loot-crate,154033,5,50,0.1,0,400,0,0.2556443214416501,0.6699562072753906,9624ab984c9211aa9515514488707b953c0360c80c1398df57e9d8e492e4ffc2,True,0.23818016052246094,0.3991127014160156,9624ab984c9211aa9515514488707b953c0360c80c1398df57e9d8e492e4ffc2
candidate,r5,loot-crate,154034,0,50,0.0,0,400,0,0.12710094451904272,0.30684471130371094,c23151ce4c25bb5a3b596b26ebc7a3f6aac2ef1532a8ab173a0b638985aa91a5,True,0.12617111206054682,0.3762245178222656,c23151ce4c25bb5a3b596b26ebc7a3f6aac2ef1532a8ab173a0b638985aa91a5
candidate,r5,loot-crate,154035,3,50,0.06,0,400,0,0.13117790222167963,0.6442070007324219,17578218f405e128500728079e58e03e4052a218c4afa0f88640e12ecc2a36f6,True,0.11806488037109371,0.3039836883544922,17578218f405e128500728079e58e03e4052a218c4afa0f88640e12ecc2a36f6
candidate,r5,loot-crate,154036,4,50,0.08,0,400,0,0.36770105361938427,0.6933212280273438,0505a778964776d46a9c33a5ab52fd5c8b752dd3dd2ba2813200042ef8d4d3e6,True,0.12004375457763661,0.3528594970703125,0505a778964776d46a9c33a5ab52fd5c8b752dd3dd2ba2813200042ef8d4d3e6
candidate,r5,loot-crate,154037,2,50,0.04,0,400,0,0.14511346817016588,0.4127025604248047,5428b54ce1899eeb4d1a74b22755abd0476f1fcac0e8996b4511dadf20b881e3,True,0.12216567993164054,0.36787986755371094,5428b54ce1899eeb4d1a74b22755abd0476f1fcac0e8996b4511dadf20b881e3
candidate,r5,loot-crate,154038,4,50,0.08,0,400,0,0.16690492630004883,0.9617805480957031,e2db7bcffc3b20e34f3c1f5eb237547cf2ac15d23cda44aa89ddeaa9a8af9471,True,0.11215209960937492,0.2911090850830078,e2db7bcffc3b20e34f3c1f5eb237547cf2ac15d23cda44aa89ddeaa9a8af9471
candidate,r5,loot-crate,154039,5,50,0.1,1,106,1,0.19878149032592773,0.49877166748046875,dca9622441ef2764ced8e521221576572faad1e84555f1c92817a9401a07a2b0,True,0.34058094024658203,0.5741119384765625,dca9622441ef2764ced8e521221576572faad1e84555f1c92817a9401a07a2b0
candidate,r5,loot-crate,154040,5,50,0.1,0,400,0,0.1369118690490722,0.29206275939941406,0a7460cdd052c5a03a2c5e880a1d4f363466265349385d7547fb83552cf4ae85,True,0.1416325569152832,0.2830028533935547,0a7460cdd052c5a03a2c5e880a1d4f363466265349385d7547fb83552cf4ae85
