run,step,x,y,next_x,next_y,board_coins_sha256,hazards,events,opponent_distance,attack,safe_attack,available_safe_attack,crate_count,bomb_q_gap,wasteful_penalty
r1-1501101,1,15,1,14,1,ba0d3229fa8d0c3f154b984c6e098c42088c23f9c750e4ad28c013c1f9da22bb,False,"[""MOVED_LEFT""]",14,0,0,False,3,,0
r1-1501101,2,14,1,14,1,ba0d3229fa8d0c3f154b984c6e098c42088c23f9c750e4ad28c013c1f9da22bb,False,"[""BOMB_DROPPED""]",12,0,0,False,3,,0
r1-1501101,3,14,1,14,1,ba0d3229fa8d0c3f154b984c6e098c42088c23f9c750e4ad28c013c1f9da22bb,True,"[""WAITED""]",12,0,0,False,3,,0
r1-1501101,4,14,1,14,1,ba0d3229fa8d0c3f154b984c6e098c42088c23f9c750e4ad28c013c1f9da22bb,True,"[""WAITED""]",12,0,0,False,3,,0
r1-1501101,5,14,1,15,1,ba0d3229fa8d0c3f154b984c6e098c42088c23f9c750e4ad28c013c1f9da22bb,True,"[""MOVED_RIGHT""]",12,0,0,False,3,,0
r1-1501101,6,15,1,15,2,ba0d3229fa8d0c3f154b984c6e098c42088c23f9c750e4ad28c013c1f9da22bb,True,"[""MOVED_DOWN"",""BOMB_EXPLODED"",""CRATE_DESTROYED"",""CRATE_DESTROYED"",""CRATE_DESTROYED""]",13,0,0,False,3,,0
r1-1501101,7,15,2,15,2,f19edb06f0a26cfeae7d5cfcb96dafb252e3b075fab4386f909d4e79ab8ba27e,True,"[""WAITED""]",14,0,0,False,3,,0
r1-1501101,8,15,2,15,2,f19edb06f0a26cfeae7d5cfcb96dafb252e3b075fab4386f909d4e79ab8ba27e,False,"[""WAITED""]",15,0,0,False,3,,0
r1-1501101,9,15,2,15,2,f19edb06f0a26cfeae7d5cfcb96dafb252e3b075fab4386f909d4e79ab8ba27e,False,"[""BOMB_DROPPED""]",14,0,0,False,3,,0
r1-1501101,10,15,2,15,2,f19edb06f0a26cfeae7d5cfcb96dafb252e3b075fab4386f909d4e79ab8ba27e,True,"[""WAITED""]",14,0,0,False,3,,0
r1-1501101,11,15,2,15,2,f19edb06f0a26cfeae7d5cfcb96dafb252e3b075fab4386f909d4e79ab8ba27e,True,"[""WAITED""]",14,0,0,False,3,,0
r1-1501101,12,15,2,15,1,f19edb06f0a26cfeae7d5cfcb96dafb252e3b075fab4386f909d4e79ab8ba27e,True,"[""MOVED_UP""]",14,0,0,False,3,,0
r1-1501101,13,15,1,14,1,f19edb06f0a26cfeae7d5cfcb96dafb252e3b075fab4386f909d4e79ab8ba27e,True,"[""MOVED_LEFT"",""BOMB_EXPLODED"",""CRATE_DESTROYED"",""CRATE_DESTROYED"",""CRATE_DESTROYED""]",14,0,0,False,2,,0
r1-1501101,14,14,1,13,1,43c9afeedd2770a450a97fe227432cbb837429015b9244e4f38052d58dcc9b48,True,"[""MOVED_LEFT""]",13,0,0,False,0,,0
r1-1501101,15,13,1,13,1,43c9afeedd2770a450a97fe227432cbb837429015b9244e4f38052d58dcc9b48,False,"[""WAITED""]",12,0,0,False,3,,0
r1-1501101,16,13,1,13,1,43c9afeedd2770a450a97fe227432cbb837429015b9244e4f38052d58dcc9b48,False,"[""BOMB_DROPPED""]",13,0,0,False,3,,0
r1-1501101,17,13,1,14,1,43c9afeedd2770a450a97fe227432cbb837429015b9244e4f38052d58dcc9b48,True,"[""MOVED_RIGHT""]",13,0,0,False,3,,0
r1-1501101,18,14,1,14,1,43c9afeedd2770a450a97fe227432cbb837429015b9244e4f38052d58dcc9b48,True,"[""WAITED""]",14,0,0,False,0,,0
r1-1501101,19,14,1,15,1,43c9afeedd2770a450a97fe227432cbb837429015b9244e4f38052d58dcc9b48,True,"[""MOVED_RIGHT""]",13,0,0,False,0,,0
r1-1501101,20,15,1,15,2,43c9afeedd2770a450a97fe227432cbb837429015b9244e4f38052d58dcc9b48,True,"[""MOVED_DOWN"",""BOMB_EXPLODED"",""CRATE_DESTROYED"",""CRATE_DESTROYED"",""CRATE_DESTROYED"",""CRATE_DESTROYED""]",15,0,0,False,0,,0
r1-1501101,21,15,2,15,3,295813511568e5885fa77deae0ec59f6413ff8650c3fbc02a014ab0018cb5461,True,"[""MOVED_DOWN""]",14,0,0,False,0,,0
r1-1501101,22,15,3,15,4,295813511568e5885fa77deae0ec59f6413ff8650c3fbc02a014ab0018cb5461,False,"[""MOVED_DOWN""]",16,0,0,False,2,,0
r1-1501101,23,15,4,15,4,295813511568e5885fa77deae0ec59f6413ff8650c3fbc02a014ab0018cb5461,False,"[""BOMB_DROPPED""]",17,0,0,False,2,,0
r1-1501101,24,15,4,15,3,295813511568e5885fa77deae0ec59f6413ff8650c3fbc02a014ab0018cb5461,True,"[""MOVED_UP""]",16,0,0,False,2,,0
r1-1501101,25,15,3,15,2,295813511568e5885fa77deae0ec59f6413ff8650c3fbc02a014ab0018cb5461,True,"[""MOVED_UP""]",16,0,0,False,2,,0
r1-1501101,26,15,2,15,1,295813511568e5885fa77deae0ec59f6413ff8650c3fbc02a014ab0018cb5461,True,"[""MOVED_UP""]",15,0,0,False,0,,0
r1-1501101,27,15,1,14,1,295813511568e5885fa77deae0ec59f6413ff8650c3fbc02a014ab0018cb5461,True,"[""MOVED_LEFT"",""BOMB_EXPLODED"",""CRATE_DESTROYED"",""CRATE_DESTROYED""]",14,0,0,False,0,,0
r1-1501101,28,14,1,13,1,3578668164aadaa665de186353837715175ce2e836feedceac1e05ec5e52666c,True,"[""MOVED_LEFT""]",13,0,0,False,0,,0
r1-1501101,29,13,1,14,1,3578668164aadaa665de186353837715175ce2e836feedceac1e05ec5e52666c,False,"[""MOVED_RIGHT""]",11,0,0,False,0,,0
r1-1501101,30,14,1,13,1,3578668164aadaa665de186353837715175ce2e836feedceac1e05ec5e52666c,False,"[""MOVED_LEFT""]",12,0,0,False,0,,0
r1-1501101,31,13,1,13,1,3578668164aadaa665de186353837715175ce2e836feedceac1e05ec5e52666c,False,"[""BOMB_DROPPED""]",11,0,0,False,0,,-0.5
r1-1501101,32,13,1,13,1,3578668164aadaa665de186353837715175ce2e836feedceac1e05ec5e52666c,True,"[""WAITED""]",11,0,0,False,0,,0
r1-1501101,33,13,1,14,1,3578668164aadaa665de186353837715175ce2e836feedceac1e05ec5e52666c,True,"[""MOVED_RIGHT""]",11,0,0,False,0,,0
r1-1501101,34,14,1,15,1,3578668164aadaa665de186353837715175ce2e836feedceac1e05ec5e52666c,True,"[""MOVED_RIGHT""]",12,0,0,False,0,,0
r1-1501101,35,15,1,15,2,3578668164aadaa665de186353837715175ce2e836feedceac1e05ec5e52666c,True,"[""MOVED_DOWN"",""BOMB_EXPLODED""]",13,0,0,False,0,,0
r1-1501101,36,15,2,15,3,3578668164aadaa665de186353837715175ce2e836feedceac1e05ec5e52666c,True,"[""MOVED_DOWN""]",15,0,0,False,0,,0
r1-1501101,37,15,3,15,2,3578668164aadaa665de186353837715175ce2e836feedceac1e05ec5e52666c,False,"[""MOVED_UP""]",16,0,0,False,1,,0
r1-1501101,38,15,2,15,3,3578668164aadaa665de186353837715175ce2e836feedceac1e05ec5e52666c,False,"[""MOVED_DOWN""]",14,0,0,False,0,,0
r1-1501101,39,15,3,15,3,3578668164aadaa665de186353837715175ce2e836feedceac1e05ec5e52666c,False,"[""BOMB_DROPPED""]",15,0,0,False,1,,0
r1-1501101,40,15,3,15,3,3578668164aadaa665de186353837715175ce2e836feedceac1e05ec5e52666c,True,"[""WAITED""]",15,0,0,False,1,,0
r1-1501101,41,15,3,15,2,3578668164aadaa665de186353837715175ce2e836feedceac1e05ec5e52666c,True,"[""MOVED_UP""]",16,0,0,False,1,,0
r1-1501101,42,15,2,15,1,3578668164aadaa665de186353837715175ce2e836feedceac1e05ec5e52666c,True,"[""MOVED_UP""]",14,0,0,False,0,,0
r1-1501101,43,15,1,14,1,3578668164aadaa665de186353837715175ce2e836feedceac1e05ec5e52666c,True,"[""MOVED_LEFT"",""BOMB_EXPLODED"",""CRATE_DESTROYED"",""COIN_FOUND""]",15,0,0,False,0,,0
r1-1501101,44,14,1,14,1,cc98d3e67ad297ec1d65041897a3832e8806d91aa7ac92d38cd07667f4e1f03e,True,"[""WAITED""]",13,0,0,False,0,,0
r1-1501101,45,14,1,15,1,cc98d3e67ad297ec1d65041897a3832e8806d91aa7ac92d38cd07667f4e1f03e,False,"[""MOVED_RIGHT""]",12,0,0,False,0,,0
r1-1501101,46,15,1,15,2,cc98d3e67ad297ec1d65041897a3832e8806d91aa7ac92d38cd07667f4e1f03e,False,"[""MOVED_DOWN""]",13,0,0,False,0,,0
r1-1501101,47,15,2,15,3,cc98d3e67ad297ec1d65041897a3832e8806d91aa7ac92d38cd07667f4e1f03e,False,"[""MOVED_DOWN""]",14,0,0,False,0,,0
r1-1501101,48,15,3,14,3,cc98d3e67ad297ec1d65041897a3832e8806d91aa7ac92d38cd07667f4e1f03e,False,"[""MOVED_LEFT"",""COIN_COLLECTED""]",15,0,0,False,0,,0
r1-1501101,49,14,3,14,3,81358fb53e5e4dd45918f3abbb75ff314402f3b85549444b65128570f578110f,False,"[""BOMB_DROPPED""]",14,0,0,False,1,,0
r1-1501101,50,14,3,14,3,81358fb53e5e4dd45918f3abbb75ff314402f3b85549444b65128570f578110f,True,"[""WAITED""]",14,0,0,False,1,,0
r1-1501101,51,14,3,14,3,81358fb53e5e4dd45918f3abbb75ff314402f3b85549444b65128570f578110f,True,"[""WAITED""]",14,0,0,False,1,,0
r1-1501101,52,14,3,13,3,81358fb53e5e4dd45918f3abbb75ff314402f3b85549444b65128570f578110f,True,"[""MOVED_LEFT""]",14,0,0,False,1,,0
r1-1501101,53,13,3,13,4,81358fb53e5e4dd45918f3abbb75ff314402f3b85549444b65128570f578110f,True,"[""MOVED_DOWN"",""BOMB_EXPLODED"",""CRATE_DESTROYED""]",13,0,0,False,3,,0
r1-1501101,54,13,4,13,4,12f8ca03ffbedbdef9cb56d017a6740c404fc9c299d3dc32a3d5b0263511f811,True,"[""WAITED""]",15,0,0,False,2,,0
r1-1501101,55,13,4,13,3,12f8ca03ffbedbdef9cb56d017a6740c404fc9c299d3dc32a3d5b0263511f811,False,"[""MOVED_UP""]",14,0,0,False,2,,0
r1-1501101,56,13,3,13,3,12f8ca03ffbedbdef9cb56d017a6740c404fc9c299d3dc32a3d5b0263511f811,False,"[""BOMB_DROPPED""]",13,0,0,False,3,,0
r1-1501101,57,13,3,13,3,12f8ca03ffbedbdef9cb56d017a6740c404fc9c299d3dc32a3d5b0263511f811,True,"[""WAITED""]",13,0,0,False,3,,0
r1-1501101,58,13,3,14,3,12f8ca03ffbedbdef9cb56d017a6740c404fc9c299d3dc32a3d5b0263511f811,True,"[""MOVED_RIGHT""]",13,0,0,False,3,,0
r1-1501101,59,14,3,15,3,12f8ca03ffbedbdef9cb56d017a6740c404fc9c299d3dc32a3d5b0263511f811,True,"[""MOVED_RIGHT""]",14,0,0,False,0,,0
r1-1501101,60,15,3,15,4,12f8ca03ffbedbdef9cb56d017a6740c404fc9c299d3dc32a3d5b0263511f811,True,"[""MOVED_DOWN"",""BOMB_EXPLODED"",""CRATE_DESTROYED"",""CRATE_DESTROYED"",""CRATE_DESTROYED""]",15,0,0,False,0,,0
r1-1501101,61,15,4,15,5,d9fd96839d41e5dfc844d54f7f260638c0028c08e2c7bdb490f6a0cc61c866fa,True,"[""MOVED_DOWN""]",17,0,0,False,0,,0
r1-1501101,62,15,5,15,6,d9fd96839d41e5dfc844d54f7f260638c0028c08e2c7bdb490f6a0cc61c866fa,False,"[""MOVED_DOWN""]",18,0,0,False,3,,0
r1-1501101,63,15,6,15,6,d9fd96839d41e5dfc844d54f7f260638c0028c08e2c7bdb490f6a0cc61c866fa,False,"[""BOMB_DROPPED""]",18,0,0,False,2,,0
r1-1501101,64,15,6,15,5,d9fd96839d41e5dfc844d54f7f260638c0028c08e2c7bdb490f6a0cc61c866fa,True,"[""MOVED_UP""]",19,0,0,False,2,,0
r1-1501101,65,15,5,15,4,d9fd96839d41e5dfc844d54f7f260638c0028c08e2c7bdb490f6a0cc61c866fa,True,"[""MOVED_UP""]",17,0,0,False,3,,0
r1-1501101,66,15,4,15,3,d9fd96839d41e5dfc844d54f7f260638c0028c08e2c7bdb490f6a0cc61c866fa,True,"[""MOVED_UP""]",17,0,0,False,0,,0
r1-1501101,67,15,3,15,2,d9fd96839d41e5dfc844d54f7f260638c0028c08e2c7bdb490f6a0cc61c866fa,True,"[""MOVED_UP"",""BOMB_EXPLODED"",""CRATE_DESTROYED"",""CRATE_DESTROYED""]",15,0,0,False,0,,0
r1-1501101,68,15,2,15,1,07d9a9095ead32eea5f3bb29e1b0135df48efe7397bc289c7b09f175112af9e3,True,"[""MOVED_UP""]",15,0,0,False,0,,0
r1-1501101,69,15,1,14,1,07d9a9095ead32eea5f3bb29e1b0135df48efe7397bc289c7b09f175112af9e3,False,"[""MOVED_LEFT""]",15,0,0,False,0,,0
r1-1501101,70,14,1,13,1,07d9a9095ead32eea5f3bb29e1b0135df48efe7397bc289c7b09f175112af9e3,False,"[""MOVED_LEFT""]",13,0,0,False,0,,0
r1-1501101,71,13,1,14,1,07d9a9095ead32eea5f3bb29e1b0135df48efe7397bc289c7b09f175112af9e3,False,"[""MOVED_RIGHT""]",11,0,0,False,0,,0
r1-1501101,72,14,1,13,1,07d9a9095ead32eea5f3bb29e1b0135df48efe7397bc289c7b09f175112af9e3,False,"[""MOVED_LEFT""]",12,0,0,False,0,,0
r1-1501101,73,13,1,14,1,07d9a9095ead32eea5f3bb29e1b0135df48efe7397bc289c7b09f175112af9e3,False,"[""MOVED_RIGHT""]",11,0,0,False,0,,0
r1-1501101,74,14,1,13,1,07d9a9095ead32eea5f3bb29e1b0135df48efe7397bc289c7b09f175112af9e3,False,"[""MOVED_LEFT""]",12,0,0,False,0,,0
r1-1501101,75,13,1,14,1,07d9a9095ead32eea5f3bb29e1b0135df48efe7397bc289c7b09f175112af9e3,False,"[""MOVED_RIGHT""]",11,0,0,False,0,,0
r1-1501101,76,14,1,13,1,07d9a9095ead32eea5f3bb29e1b0135df48efe7397bc289c7b09f175112af9e3,False,"[""MOVED_LEFT""]",12,0,0,False,0,,0
r1-1501101,77,13,1,14,1,07d9a9095ead32eea5f3bb29e1b0135df48efe7397bc289c7b09f175112af9e3,False,"[""MOVED_RIGHT""]",11,0,0,False,0,,0
r1-1501101,78,14,1,13,1,07d9a9095ead32eea5f3bb29e1b0135df48efe7397bc289c7b09f175112af9e3,False,"[""MOVED_LEFT""]",13,0,0,False,0,,0
r1-1501101,79,13,1,14,1,07d9a9095ead32eea5f3bb29e1b0135df48efe7397bc289c7b09f175112af9e3,False,"[""MOVED_RIGHT""]",12,0,0,False,0,,0
r1-1501101,80,14,1,13,1,07d9a9095ead32eea5f3bb29e1b0135df48efe7397bc289c7b09f175112af9e3,False,"[""MOVED_LEFT""]",12,0,0,False,0,,0
r1-1501101,81,13,1,14,1,07d9a9095ead32eea5f3bb29e1b0135df48efe7397bc289c7b09f175112af9e3,False,"[""MOVED_RIGHT""]",12,0,0,False,0,,0
r1-1501101,82,14,1,13,1,07d9a9095ead32eea5f3bb29e1b0135df48efe7397bc289c7b09f175112af9e3,False,"[""MOVED_LEFT""]",13,0,0,False,0,,0
r1-1501101,83,13,1,14,1,07d9a9095ead32eea5f3bb29e1b0135df48efe7397bc289c7b09f175112af9e3,False,"[""MOVED_RIGHT""]",12,0,0,False,0,,0
r1-1501101,84,14,1,13,1,07d9a9095ead32eea5f3bb29e1b0135df48efe7397bc289c7b09f175112af9e3,False,"[""MOVED_LEFT""]",14,0,0,False,0,,0
r1-1501101,85,13,1,14,1,07d9a9095ead32eea5f3bb29e1b0135df48efe7397bc289c7b09f175112af9e3,False,"[""MOVED_RIGHT""]",13,0,0,False,0,,0
r1-1501101,86,14,1,13,1,07d9a9095ead32eea5f3bb29e1b0135df48efe7397bc289c7b09f175112af9e3,False,"[""MOVED_LEFT""]",13,0,0,False,0,,0
r1-1501101,87,13,1,14,1,07d9a9095ead32eea5f3bb29e1b0135df48efe7397bc289c7b09f175112af9e3,False,"[""MOVED_RIGHT""]",12,0,0,False,0,,0
r1-1501101,88,14,1,13,1,07d9a9095ead32eea5f3bb29e1b0135df48efe7397bc289c7b09f175112af9e3,False,"[""MOVED_LEFT""]",13,0,0,False,0,,0
r1-1501101,89,13,1,14,1,07d9a9095ead32eea5f3bb29e1b0135df48efe7397bc289c7b09f175112af9e3,False,"[""MOVED_RIGHT""]",13,0,0,False,0,,0
r1-1501101,90,14,1,13,1,07d9a9095ead32eea5f3bb29e1b0135df48efe7397bc289c7b09f175112af9e3,False,"[""MOVED_LEFT""]",13,0,0,False,0,,0
r1-1501101,91,13,1,14,1,07d9a9095ead32eea5f3bb29e1b0135df48efe7397bc289c7b09f175112af9e3,False,"[""MOVED_RIGHT""]",11,0,0,False,0,,0
r1-1501101,92,14,1,13,1,07d9a9095ead32eea5f3bb29e1b0135df48efe7397bc289c7b09f175112af9e3,False,"[""MOVED_LEFT""]",13,0,0,False,0,,0
r1-1501101,93,13,1,14,1,07d9a9095ead32eea5f3bb29e1b0135df48efe7397bc289c7b09f175112af9e3,False,"[""MOVED_RIGHT""]",13,0,0,False,0,,0
r1-1501101,94,14,1,13,1,07d9a9095ead32eea5f3bb29e1b0135df48efe7397bc289c7b09f175112af9e3,False,"[""MOVED_LEFT""]",14,0,0,False,0,,0
r1-1501101,95,13,1,14,1,07d9a9095ead32eea5f3bb29e1b0135df48efe7397bc289c7b09f175112af9e3,False,"[""MOVED_RIGHT""]",13,0,0,False,0,,0
r1-1501101,96,14,1,13,1,07d9a9095ead32eea5f3bb29e1b0135df48efe7397bc289c7b09f175112af9e3,False,"[""MOVED_LEFT""]",14,0,0,False,0,,0
r1-1501101,97,13,1,14,1,07d9a9095ead32eea5f3bb29e1b0135df48efe7397bc289c7b09f175112af9e3,False,"[""MOVED_RIGHT""]",12,0,0,False,0,,0
r1-1501101,98,14,1,13,1,07d9a9095ead32eea5f3bb29e1b0135df48efe7397bc289c7b09f175112af9e3,False,"[""MOVED_LEFT""]",13,0,0,False,0,,0
r1-1501101,99,13,1,14,1,07d9a9095ead32eea5f3bb29e1b0135df48efe7397bc289c7b09f175112af9e3,False,"[""MOVED_RIGHT""]",11,0,0,False,0,,0
r1-1501101,100,14,1,13,1,07d9a9095ead32eea5f3bb29e1b0135df48efe7397bc289c7b09f175112af9e3,False,"[""MOVED_LEFT""]",12,0,0,False,0,,0
r1-1501101,101,13,1,14,1,07d9a9095ead32eea5f3bb29e1b0135df48efe7397bc289c7b09f175112af9e3,False,"[""MOVED_RIGHT""]",11,0,0,False,0,,0
r1-1501101,102,14,1,13,1,07d9a9095ead32eea5f3bb29e1b0135df48efe7397bc289c7b09f175112af9e3,False,"[""MOVED_LEFT""]",12,0,0,False,0,,0
r1-1501101,103,13,1,14,1,07d9a9095ead32eea5f3bb29e1b0135df48efe7397bc289c7b09f175112af9e3,False,"[""MOVED_RIGHT""]",11,0,0,False,0,,0
r1-1501101,104,14,1,13,1,07d9a9095ead32eea5f3bb29e1b0135df48efe7397bc289c7b09f175112af9e3,False,"[""MOVED_LEFT""]",12,0,0,False,0,,0
r1-1501101,105,13,1,14,1,07d9a9095ead32eea5f3bb29e1b0135df48efe7397bc289c7b09f175112af9e3,False,"[""MOVED_RIGHT""]",11,0,0,False,0,,0
r1-1501101,106,14,1,13,1,07d9a9095ead32eea5f3bb29e1b0135df48efe7397bc289c7b09f175112af9e3,False,"[""MOVED_LEFT""]",13,0,0,False,0,,0
r1-1501101,107,13,1,14,1,07d9a9095ead32eea5f3bb29e1b0135df48efe7397bc289c7b09f175112af9e3,False,"[""MOVED_RIGHT""]",13,0,0,False,0,,0
r1-1501101,108,14,1,13,1,07d9a9095ead32eea5f3bb29e1b0135df48efe7397bc289c7b09f175112af9e3,False,"[""MOVED_LEFT""]",13,0,0,False,0,,0
r1-1501101,109,13,1,14,1,07d9a9095ead32eea5f3bb29e1b0135df48efe7397bc289c7b09f175112af9e3,False,"[""MOVED_RIGHT""]",12,0,0,False,0,,0
r1-1501101,110,14,1,13,1,07d9a9095ead32eea5f3bb29e1b0135df48efe7397bc289c7b09f175112af9e3,False,"[""MOVED_LEFT""]",13,0,0,False,0,,0
r1-1501101,111,13,1,14,1,07d9a9095ead32eea5f3bb29e1b0135df48efe7397bc289c7b09f175112af9e3,False,"[""MOVED_RIGHT""]",12,0,0,False,0,,0
r1-1501101,112,14,1,13,1,07d9a9095ead32eea5f3bb29e1b0135df48efe7397bc289c7b09f175112af9e3,False,"[""MOVED_LEFT""]",14,0,0,False,0,,0
r1-1501101,113,13,1,14,1,07d9a9095ead32eea5f3bb29e1b0135df48efe7397bc289c7b09f175112af9e3,False,"[""MOVED_RIGHT""]",13,0,0,False,0,,0
r1-1501101,114,14,1,13,1,07d9a9095ead32eea5f3bb29e1b0135df48efe7397bc289c7b09f175112af9e3,False,"[""MOVED_LEFT""]",14,0,0,False,0,,0
r1-1501101,115,13,1,14,1,07d9a9095ead32eea5f3bb29e1b0135df48efe7397bc289c7b09f175112af9e3,False,"[""MOVED_RIGHT""]",12,0,0,False,0,,0
r1-1501101,116,14,1,13,1,07d9a9095ead32eea5f3bb29e1b0135df48efe7397bc289c7b09f175112af9e3,False,"[""MOVED_LEFT""]",14,0,0,False,0,,0
r1-1501101,117,13,1,14,1,07d9a9095ead32eea5f3bb29e1b0135df48efe7397bc289c7b09f175112af9e3,False,"[""MOVED_RIGHT""]",12,0,0,False,0,,0
r1-1501101,118,14,1,13,1,07d9a9095ead32eea5f3bb29e1b0135df48efe7397bc289c7b09f175112af9e3,False,"[""MOVED_LEFT""]",12,0,0,False,0,,0
r1-1501101,119,13,1,14,1,07d9a9095ead32eea5f3bb29e1b0135df48efe7397bc289c7b09f175112af9e3,False,"[""MOVED_RIGHT""]",11,0,0,False,0,,0
r1-1501101,120,14,1,13,1,07d9a9095ead32eea5f3bb29e1b0135df48efe7397bc289c7b09f175112af9e3,False,"[""MOVED_LEFT""]",12,0,0,False,0,,0
r1-1501101,121,13,1,14,1,07d9a9095ead32eea5f3bb29e1b0135df48efe7397bc289c7b09f175112af9e3,False,"[""MOVED_RIGHT""]",12,0,0,False,0,,0
r1-1501101,122,14,1,13,1,07d9a9095ead32eea5f3bb29e1b0135df48efe7397bc289c7b09f175112af9e3,False,"[""MOVED_LEFT""]",14,0,0,False,0,,0
r1-1501101,123,13,1,14,1,07d9a9095ead32eea5f3bb29e1b0135df48efe7397bc289c7b09f175112af9e3,False,"[""MOVED_RIGHT""]",13,0,0,False,0,,0
r1-1501101,124,14,1,13,1,07d9a9095ead32eea5f3bb29e1b0135df48efe7397bc289c7b09f175112af9e3,False,"[""MOVED_LEFT""]",13,0,0,False,0,,0
r1-1501101,125,13,1,14,1,07d9a9095ead32eea5f3bb29e1b0135df48efe7397bc289c7b09f175112af9e3,False,"[""MOVED_RIGHT""]",13,0,0,False,0,,0
r1-1501101,126,14,1,13,1,07d9a9095ead32eea5f3bb29e1b0135df48efe7397bc289c7b09f175112af9e3,False,"[""MOVED_LEFT""]",14,0,0,False,0,,0
r1-1501101,127,13,1,14,1,07d9a9095ead32eea5f3bb29e1b0135df48efe7397bc289c7b09f175112af9e3,False,"[""MOVED_RIGHT""]",13,0,0,False,0,,0
r1-1501101,128,14,1,13,1,07d9a9095ead32eea5f3bb29e1b0135df48efe7397bc289c7b09f175112af9e3,False,"[""MOVED_LEFT""]",14,0,0,False,0,,0
r1-1501101,129,13,1,14,1,07d9a9095ead32eea5f3bb29e1b0135df48efe7397bc289c7b09f175112af9e3,False,"[""MOVED_RIGHT""]",13,0,0,False,0,,0
r1-1501101,130,14,1,13,1,07d9a9095ead32eea5f3bb29e1b0135df48efe7397bc289c7b09f175112af9e3,False,"[""MOVED_LEFT""]",13,0,0,False,0,,0
r1-1501101,131,13,1,14,1,07d9a9095ead32eea5f3bb29e1b0135df48efe7397bc289c7b09f175112af9e3,False,"[""MOVED_RIGHT""]",12,0,0,False,0,,0
r1-1501101,132,14,1,13,1,07d9a9095ead32eea5f3bb29e1b0135df48efe7397bc289c7b09f175112af9e3,False,"[""MOVED_LEFT""]",14,0,0,False,0,,0
r1-1501101,133,13,1,14,1,07d9a9095ead32eea5f3bb29e1b0135df48efe7397bc289c7b09f175112af9e3,False,"[""MOVED_RIGHT""]",13,0,0,False,0,,0
r1-1501101,134,14,1,13,1,07d9a9095ead32eea5f3bb29e1b0135df48efe7397bc289c7b09f175112af9e3,False,"[""MOVED_LEFT""]",13,0,0,False,0,,0
r1-1501101,135,13,1,14,1,07d9a9095ead32eea5f3bb29e1b0135df48efe7397bc289c7b09f175112af9e3,False,"[""MOVED_RIGHT""]",12,0,0,False,0,,0
r1-1501101,136,14,1,13,1,07d9a9095ead32eea5f3bb29e1b0135df48efe7397bc289c7b09f175112af9e3,False,"[""MOVED_LEFT""]",13,0,0,False,0,,0
r1-1501101,137,13,1,14,1,07d9a9095ead32eea5f3bb29e1b0135df48efe7397bc289c7b09f175112af9e3,False,"[""MOVED_RIGHT""]",13,0,0,False,0,,0
r1-1501101,138,14,1,13,1,07d9a9095ead32eea5f3bb29e1b0135df48efe7397bc289c7b09f175112af9e3,False,"[""MOVED_LEFT""]",14,0,0,False,0,,0
r1-1501101,139,13,1,14,1,07d9a9095ead32eea5f3bb29e1b0135df48efe7397bc289c7b09f175112af9e3,False,"[""MOVED_RIGHT""]",13,0,0,False,0,,0
r1-1501101,140,14,1,13,1,07d9a9095ead32eea5f3bb29e1b0135df48efe7397bc289c7b09f175112af9e3,False,"[""MOVED_LEFT""]",14,0,0,False,0,,0
r1-1501101,141,13,1,14,1,07d9a9095ead32eea5f3bb29e1b0135df48efe7397bc289c7b09f175112af9e3,False,"[""MOVED_RIGHT""]",12,0,0,False,0,,0
r1-1501101,142,14,1,13,1,07d9a9095ead32eea5f3bb29e1b0135df48efe7397bc289c7b09f175112af9e3,False,"[""MOVED_LEFT""]",13,0,0,False,0,,0
r1-1501101,143,13,1,14,1,07d9a9095ead32eea5f3bb29e1b0135df48efe7397bc289c7b09f175112af9e3,False,"[""MOVED_RIGHT""]",11,0,0,False,0,,0
r1-1501101,144,14,1,13,1,07d9a9095ead32eea5f3bb29e1b0135df48efe7397bc289c7b09f175112af9e3,False,"[""MOVED_LEFT""]",13,0,0,False,0,,0
r1-1501101,145,13,1,14,1,07d9a9095ead32eea5f3bb29e1b0135df48efe7397bc289c7b09f175112af9e3,False,"[""MOVED_RIGHT""]",12,0,0,False,0,,0
r1-1501101,146,14,1,13,1,07d9a9095ead32eea5f3bb29e1b0135df48efe7397bc289c7b09f175112af9e3,False,"[""MOVED_LEFT""]",13,0,0,False,0,,0
r1-1501101,147,13,1,14,1,07d9a9095ead32eea5f3bb29e1b0135df48efe7397bc289c7b09f175112af9e3,False,"[""MOVED_RIGHT""]",11,0,0,False,0,,0
r1-1501101,148,14,1,13,1,07d9a9095ead32eea5f3bb29e1b0135df48efe7397bc289c7b09f175112af9e3,False,"[""MOVED_LEFT""]",12,0,0,False,0,,0
r1-1501101,149,13,1,14,1,07d9a9095ead32eea5f3bb29e1b0135df48efe7397bc289c7b09f175112af9e3,False,"[""MOVED_RIGHT""]",11,0,0,False,0,,0
r1-1501101,150,14,1,13,1,07d9a9095ead32eea5f3bb29e1b0135df48efe7397bc289c7b09f175112af9e3,False,"[""MOVED_LEFT""]",12,0,0,False,0,,0
r1-1501101,151,13,1,14,1,07d9a9095ead32eea5f3bb29e1b0135df48efe7397bc289c7b09f175112af9e3,False,"[""MOVED_RIGHT""]",12,0,0,False,0,,0
r1-1501101,152,14,1,13,1,07d9a9095ead32eea5f3bb29e1b0135df48efe7397bc289c7b09f175112af9e3,False,"[""MOVED_LEFT""]",12,0,0,False,0,,0
r1-1501101,153,13,1,14,1,07d9a9095ead32eea5f3bb29e1b0135df48efe7397bc289c7b09f175112af9e3,False,"[""MOVED_RIGHT""]",11,0,0,False,0,,0
r1-1501101,154,14,1,13,1,07d9a9095ead32eea5f3bb29e1b0135df48efe7397bc289c7b09f175112af9e3,False,"[""MOVED_LEFT""]",12,0,0,False,0,,0
r1-1501101,155,13,1,14,1,07d9a9095ead32eea5f3bb29e1b0135df48efe7397bc289c7b09f175112af9e3,False,"[""MOVED_RIGHT""]",11,0,0,False,0,,0
r1-1501101,156,14,1,13,1,07d9a9095ead32eea5f3bb29e1b0135df48efe7397bc289c7b09f175112af9e3,False,"[""MOVED_LEFT""]",12,0,0,False,0,,0
r1-1501101,157,13,1,14,1,07d9a9095ead32eea5f3bb29e1b0135df48efe7397bc289c7b09f175112af9e3,False,"[""MOVED_RIGHT""]",12,0,0,False,0,,0
r1-1501101,158,14,1,13,1,07d9a9095ead32eea5f3bb29e1b0135df48efe7397bc289c7b09f175112af9e3,False,"[""MOVED_LEFT""]",13,0,0,False,0,,0
r1-1501101,159,13,1,14,1,07d9a9095ead32eea5f3bb29e1b0135df48efe7397bc289c7b09f175112af9e3,False,"[""MOVED_RIGHT""]",13,0,0,False,0,,0
r1-1501101,160,14,1,13,1,07d9a9095ead32eea5f3bb29e1b0135df48efe7397bc289c7b09f175112af9e3,False,"[""MOVED_LEFT""]",14,0,0,False,0,,0
r1-1501101,161,13,1,14,1,07d9a9095ead32eea5f3bb29e1b0135df48efe7397bc289c7b09f175112af9e3,False,"[""MOVED_RIGHT""]",13,0,0,False,0,,0
r1-1501101,162,14,1,13,1,07d9a9095ead32eea5f3bb29e1b0135df48efe7397bc289c7b09f175112af9e3,False,"[""MOVED_LEFT""]",14,0,0,False,0,,0
r1-1501101,163,13,1,14,1,07d9a9095ead32eea5f3bb29e1b0135df48efe7397bc289c7b09f175112af9e3,False,"[""MOVED_RIGHT""]",13,0,0,False,0,,0
r1-1501101,164,14,1,13,1,07d9a9095ead32eea5f3bb29e1b0135df48efe7397bc289c7b09f175112af9e3,False,"[""MOVED_LEFT""]",13,0,0,False,0,,0
r1-1501101,165,13,1,14,1,07d9a9095ead32eea5f3bb29e1b0135df48efe7397bc289c7b09f175112af9e3,False,"[""MOVED_RIGHT""]",11,0,0,False,0,,0
r1-1501101,166,14,1,13,1,07d9a9095ead32eea5f3bb29e1b0135df48efe7397bc289c7b09f175112af9e3,False,"[""MOVED_LEFT""]",12,0,0,False,0,,0
r1-1501101,167,13,1,14,1,07d9a9095ead32eea5f3bb29e1b0135df48efe7397bc289c7b09f175112af9e3,False,"[""MOVED_RIGHT""]",11,0,0,False,0,,0
r1-1501101,168,14,1,13,1,07d9a9095ead32eea5f3bb29e1b0135df48efe7397bc289c7b09f175112af9e3,False,"[""MOVED_LEFT""]",12,0,0,False,0,,0
r1-1501101,169,13,1,14,1,07d9a9095ead32eea5f3bb29e1b0135df48efe7397bc289c7b09f175112af9e3,False,"[""MOVED_RIGHT""]",12,0,0,False,0,,0
r1-1501101,170,14,1,13,1,07d9a9095ead32eea5f3bb29e1b0135df48efe7397bc289c7b09f175112af9e3,False,"[""MOVED_LEFT""]",13,0,0,False,0,,0
r1-1501101,171,13,1,14,1,07d9a9095ead32eea5f3bb29e1b0135df48efe7397bc289c7b09f175112af9e3,False,"[""MOVED_RIGHT""]",12,0,0,False,0,,0
r1-1501101,172,14,1,13,1,07d9a9095ead32eea5f3bb29e1b0135df48efe7397bc289c7b09f175112af9e3,False,"[""MOVED_LEFT""]",12,0,0,False,0,,0
r1-1501101,173,13,1,14,1,07d9a9095ead32eea5f3bb29e1b0135df48efe7397bc289c7b09f175112af9e3,False,"[""MOVED_RIGHT""]",11,0,0,False,0,,0
r1-1501101,174,14,1,13,1,07d9a9095ead32eea5f3bb29e1b0135df48efe7397bc289c7b09f175112af9e3,False,"[""MOVED_LEFT""]",12,0,0,False,0,,0
r1-1501101,175,13,1,14,1,07d9a9095ead32eea5f3bb29e1b0135df48efe7397bc289c7b09f175112af9e3,False,"[""MOVED_RIGHT""]",11,0,0,False,0,,0
r1-1501101,176,14,1,13,1,07d9a9095ead32eea5f3bb29e1b0135df48efe7397bc289c7b09f175112af9e3,False,"[""MOVED_LEFT""]",12,0,0,False,0,,0
r1-1501101,177,13,1,14,1,07d9a9095ead32eea5f3bb29e1b0135df48efe7397bc289c7b09f175112af9e3,False,"[""MOVED_RIGHT""]",11,0,0,False,0,,0
r1-1501101,178,14,1,13,1,07d9a9095ead32eea5f3bb29e1b0135df48efe7397bc289c7b09f175112af9e3,False,"[""MOVED_LEFT""]",12,0,0,False,0,,0
r1-1501101,179,13,1,14,1,07d9a9095ead32eea5f3bb29e1b0135df48efe7397bc289c7b09f175112af9e3,False,"[""MOVED_RIGHT""]",11,0,0,False,0,,0
r1-1501101,180,14,1,13,1,07d9a9095ead32eea5f3bb29e1b0135df48efe7397bc289c7b09f175112af9e3,False,"[""MOVED_LEFT""]",12,0,0,False,0,,0
r1-1501101,181,13,1,14,1,07d9a9095ead32eea5f3bb29e1b0135df48efe7397bc289c7b09f175112af9e3,False,"[""MOVED_RIGHT""]",11,0,0,False,0,,0
r1-1501101,182,14,1,13,1,07d9a9095ead32eea5f3bb29e1b0135df48efe7397bc289c7b09f175112af9e3,False,"[""MOVED_LEFT""]",12,0,0,False,0,,0
r1-1501101,183,13,1,14,1,07d9a9095ead32eea5f3bb29e1b0135df48efe7397bc289c7b09f175112af9e3,False,"[""MOVED_RIGHT""]",11,0,0,False,0,,0
r1-1501101,184,14,1,13,1,07d9a9095ead32eea5f3bb29e1b0135df48efe7397bc289c7b09f175112af9e3,False,"[""MOVED_LEFT""]",12,0,0,False,0,,0
r1-1501101,185,13,1,14,1,07d9a9095ead32eea5f3bb29e1b0135df48efe7397bc289c7b09f175112af9e3,False,"[""MOVED_RIGHT""]",11,0,0,False,0,,0
r1-1501101,186,14,1,13,1,07d9a9095ead32eea5f3bb29e1b0135df48efe7397bc289c7b09f175112af9e3,False,"[""MOVED_LEFT""]",13,0,0,False,0,,0
r1-1501101,187,13,1,14,1,07d9a9095ead32eea5f3bb29e1b0135df48efe7397bc289c7b09f175112af9e3,False,"[""MOVED_RIGHT""]",12,0,0,False,0,,0
r1-1501101,188,14,1,13,1,07d9a9095ead32eea5f3bb29e1b0135df48efe7397bc289c7b09f175112af9e3,False,"[""MOVED_LEFT""]",13,0,0,False,0,,0
r1-1501101,189,13,1,14,1,07d9a9095ead32eea5f3bb29e1b0135df48efe7397bc289c7b09f175112af9e3,False,"[""MOVED_RIGHT""]",12,0,0,False,0,,0
r1-1501101,190,14,1,13,1,07d9a9095ead32eea5f3bb29e1b0135df48efe7397bc289c7b09f175112af9e3,False,"[""MOVED_LEFT""]",14,0,0,False,0,,0
r1-1501101,191,13,1,14,1,07d9a9095ead32eea5f3bb29e1b0135df48efe7397bc289c7b09f175112af9e3,False,"[""MOVED_RIGHT""]",13,0,0,False,0,,0
r1-1501101,192,14,1,13,1,07d9a9095ead32eea5f3bb29e1b0135df48efe7397bc289c7b09f175112af9e3,False,"[""MOVED_LEFT""]",13,0,0,False,0,,0
r1-1501101,193,13,1,14,1,07d9a9095ead32eea5f3bb29e1b0135df48efe7397bc289c7b09f175112af9e3,False,"[""MOVED_RIGHT""]",13,0,0,False,0,,0
r1-1501101,194,14,1,13,1,07d9a9095ead32eea5f3bb29e1b0135df48efe7397bc289c7b09f175112af9e3,False,"[""MOVED_LEFT""]",14,0,0,False,0,,0
r1-1501101,195,13,1,14,1,07d9a9095ead32eea5f3bb29e1b0135df48efe7397bc289c7b09f175112af9e3,False,"[""MOVED_RIGHT""]",12,0,0,False,0,,0
r1-1501101,196,14,1,13,1,07d9a9095ead32eea5f3bb29e1b0135df48efe7397bc289c7b09f175112af9e3,False,"[""MOVED_LEFT""]",14,0,0,False,0,,0
r1-1501101,197,13,1,14,1,07d9a9095ead32eea5f3bb29e1b0135df48efe7397bc289c7b09f175112af9e3,False,"[""MOVED_RIGHT""]",12,0,0,False,0,,0
r1-1501101,198,14,1,13,1,07d9a9095ead32eea5f3bb29e1b0135df48efe7397bc289c7b09f175112af9e3,False,"[""MOVED_LEFT""]",12,0,0,False,0,,0
r1-1501101,199,13,1,14,1,07d9a9095ead32eea5f3bb29e1b0135df48efe7397bc289c7b09f175112af9e3,False,"[""MOVED_RIGHT""]",11,0,0,False,0,,0
r1-1501101,200,14,1,13,1,07d9a9095ead32eea5f3bb29e1b0135df48efe7397bc289c7b09f175112af9e3,False,"[""MOVED_LEFT""]",12,0,0,False,0,,0
r1-1501101,201,13,1,14,1,07d9a9095ead32eea5f3bb29e1b0135df48efe7397bc289c7b09f175112af9e3,False,"[""MOVED_RIGHT""]",11,0,0,False,0,,0
r1-1501101,202,14,1,13,1,07d9a9095ead32eea5f3bb29e1b0135df48efe7397bc289c7b09f175112af9e3,False,"[""MOVED_LEFT""]",12,0,0,False,0,,0
r1-1501101,203,13,1,14,1,07d9a9095ead32eea5f3bb29e1b0135df48efe7397bc289c7b09f175112af9e3,False,"[""MOVED_RIGHT""]",11,0,0,False,0,,0
r1-1501101,204,14,1,13,1,07d9a9095ead32eea5f3bb29e1b0135df48efe7397bc289c7b09f175112af9e3,False,"[""MOVED_LEFT""]",12,0,0,False,0,,0
r1-1501101,205,13,1,14,1,07d9a9095ead32eea5f3bb29e1b0135df48efe7397bc289c7b09f175112af9e3,False,"[""MOVED_RIGHT""]",11,0,0,False,0,,0
r1-1501101,206,14,1,13,1,07d9a9095ead32eea5f3bb29e1b0135df48efe7397bc289c7b09f175112af9e3,False,"[""MOVED_LEFT""]",12,0,0,False,0,,0
r1-1501101,207,13,1,14,1,07d9a9095ead32eea5f3bb29e1b0135df48efe7397bc289c7b09f175112af9e3,False,"[""MOVED_RIGHT""]",11,0,0,False,0,,0
r1-1501101,208,14,1,13,1,07d9a9095ead32eea5f3bb29e1b0135df48efe7397bc289c7b09f175112af9e3,False,"[""MOVED_LEFT""]",13,0,0,False,0,,0
r1-1501101,209,13,1,14,1,07d9a9095ead32eea5f3bb29e1b0135df48efe7397bc289c7b09f175112af9e3,False,"[""MOVED_RIGHT""]",13,0,0,False,0,,0
r1-1501101,210,14,1,13,1,07d9a9095ead32eea5f3bb29e1b0135df48efe7397bc289c7b09f175112af9e3,False,"[""MOVED_LEFT""]",14,0,0,False,0,,0
r1-1501101,211,13,1,14,1,07d9a9095ead32eea5f3bb29e1b0135df48efe7397bc289c7b09f175112af9e3,False,"[""MOVED_RIGHT""]",12,0,0,False,0,,0
r1-1501101,212,14,1,13,1,07d9a9095ead32eea5f3bb29e1b0135df48efe7397bc289c7b09f175112af9e3,False,"[""MOVED_LEFT""]",14,0,0,False,0,,0
r1-1501101,213,13,1,14,1,07d9a9095ead32eea5f3bb29e1b0135df48efe7397bc289c7b09f175112af9e3,False,"[""MOVED_RIGHT""]",13,0,0,False,0,,0
r1-1501101,214,14,1,13,1,07d9a9095ead32eea5f3bb29e1b0135df48efe7397bc289c7b09f175112af9e3,False,"[""MOVED_LEFT""]",13,0,0,False,0,,0
r1-1501101,215,13,1,14,1,07d9a9095ead32eea5f3bb29e1b0135df48efe7397bc289c7b09f175112af9e3,False,"[""MOVED_RIGHT""]",11,0,0,False,0,,0
r1-1501101,216,14,1,13,1,07d9a9095ead32eea5f3bb29e1b0135df48efe7397bc289c7b09f175112af9e3,False,"[""MOVED_LEFT""]",12,0,0,False,0,,0
r1-1501101,217,13,1,14,1,07d9a9095ead32eea5f3bb29e1b0135df48efe7397bc289c7b09f175112af9e3,False,"[""MOVED_RIGHT""]",11,0,0,False,0,,0
r1-1501101,218,14,1,13,1,07d9a9095ead32eea5f3bb29e1b0135df48efe7397bc289c7b09f175112af9e3,False,"[""MOVED_LEFT""]",13,0,0,False,0,,0
r1-1501101,219,13,1,14,1,07d9a9095ead32eea5f3bb29e1b0135df48efe7397bc289c7b09f175112af9e3,False,"[""MOVED_RIGHT""]",12,0,0,False,0,,0
r1-1501101,220,14,1,13,1,07d9a9095ead32eea5f3bb29e1b0135df48efe7397bc289c7b09f175112af9e3,False,"[""MOVED_LEFT""]",12,0,0,False,0,,0
r1-1501101,221,13,1,14,1,07d9a9095ead32eea5f3bb29e1b0135df48efe7397bc289c7b09f175112af9e3,False,"[""MOVED_RIGHT""]",11,0,0,False,0,,0
r1-1501101,222,14,1,13,1,07d9a9095ead32eea5f3bb29e1b0135df48efe7397bc289c7b09f175112af9e3,False,"[""MOVED_LEFT""]",12,0,0,False,0,,0
r1-1501101,223,13,1,14,1,07d9a9095ead32eea5f3bb29e1b0135df48efe7397bc289c7b09f175112af9e3,False,"[""MOVED_RIGHT""]",11,0,0,False,0,,0
r1-1501101,224,14,1,13,1,07d9a9095ead32eea5f3bb29e1b0135df48efe7397bc289c7b09f175112af9e3,False,"[""MOVED_LEFT""]",12,0,0,False,0,,0
r1-1501101,225,13,1,14,1,07d9a9095ead32eea5f3bb29e1b0135df48efe7397bc289c7b09f175112af9e3,False,"[""MOVED_RIGHT""]",11,0,0,False,0,,0
r1-1501101,226,14,1,13,1,07d9a9095ead32eea5f3bb29e1b0135df48efe7397bc289c7b09f175112af9e3,False,"[""MOVED_LEFT""]",12,0,0,False,0,,0
r1-1501101,227,13,1,14,1,07d9a9095ead32eea5f3bb29e1b0135df48efe7397bc289c7b09f175112af9e3,False,"[""MOVED_RIGHT""]",11,0,0,False,0,,0
r1-1501101,228,14,1,13,1,07d9a9095ead32eea5f3bb29e1b0135df48efe7397bc289c7b09f175112af9e3,False,"[""MOVED_LEFT""]",13,0,0,False,0,,0
r1-1501101,229,13,1,14,1,07d9a9095ead32eea5f3bb29e1b0135df48efe7397bc289c7b09f175112af9e3,False,"[""MOVED_RIGHT""]",11,0,0,False,0,,0
r1-1501101,230,14,1,13,1,07d9a9095ead32eea5f3bb29e1b0135df48efe7397bc289c7b09f175112af9e3,False,"[""MOVED_LEFT""]",12,0,0,False,0,,0
r1-1501101,231,13,1,14,1,07d9a9095ead32eea5f3bb29e1b0135df48efe7397bc289c7b09f175112af9e3,False,"[""MOVED_RIGHT""]",12,0,0,False,0,,0
r1-1501101,232,14,1,13,1,07d9a9095ead32eea5f3bb29e1b0135df48efe7397bc289c7b09f175112af9e3,False,"[""MOVED_LEFT""]",12,0,0,False,0,,0
r1-1501101,233,13,1,14,1,07d9a9095ead32eea5f3bb29e1b0135df48efe7397bc289c7b09f175112af9e3,False,"[""MOVED_RIGHT""]",11,0,0,False,0,,0
r1-1501101,234,14,1,13,1,07d9a9095ead32eea5f3bb29e1b0135df48efe7397bc289c7b09f175112af9e3,False,"[""MOVED_LEFT""]",13,0,0,False,0,,0
r1-1501101,235,13,1,14,1,07d9a9095ead32eea5f3bb29e1b0135df48efe7397bc289c7b09f175112af9e3,False,"[""MOVED_RIGHT""]",13,0,0,False,0,,0
r1-1501101,236,14,1,13,1,07d9a9095ead32eea5f3bb29e1b0135df48efe7397bc289c7b09f175112af9e3,False,"[""MOVED_LEFT""]",14,0,0,False,0,,0
r1-1501101,237,13,1,14,1,07d9a9095ead32eea5f3bb29e1b0135df48efe7397bc289c7b09f175112af9e3,False,"[""MOVED_RIGHT""]",12,0,0,False,0,,0
r1-1501101,238,14,1,13,1,07d9a9095ead32eea5f3bb29e1b0135df48efe7397bc289c7b09f175112af9e3,False,"[""MOVED_LEFT""]",14,0,0,False,0,,0
r1-1501101,239,13,1,14,1,07d9a9095ead32eea5f3bb29e1b0135df48efe7397bc289c7b09f175112af9e3,False,"[""MOVED_RIGHT""]",13,0,0,False,0,,0
r1-1501101,240,14,1,13,1,07d9a9095ead32eea5f3bb29e1b0135df48efe7397bc289c7b09f175112af9e3,False,"[""MOVED_LEFT""]",14,0,0,False,0,,0
r1-1501101,241,13,1,14,1,07d9a9095ead32eea5f3bb29e1b0135df48efe7397bc289c7b09f175112af9e3,False,"[""MOVED_RIGHT""]",13,0,0,False,0,,0
r1-1501101,242,14,1,13,1,07d9a9095ead32eea5f3bb29e1b0135df48efe7397bc289c7b09f175112af9e3,False,"[""MOVED_LEFT""]",14,0,0,False,0,,0
r1-1501101,243,13,1,14,1,07d9a9095ead32eea5f3bb29e1b0135df48efe7397bc289c7b09f175112af9e3,False,"[""MOVED_RIGHT""]",13,0,0,False,0,,0
r1-1501101,244,14,1,13,1,07d9a9095ead32eea5f3bb29e1b0135df48efe7397bc289c7b09f175112af9e3,False,"[""MOVED_LEFT""]",14,0,0,False,0,,0
r1-1501101,245,13,1,14,1,07d9a9095ead32eea5f3bb29e1b0135df48efe7397bc289c7b09f175112af9e3,False,"[""MOVED_RIGHT""]",13,0,0,False,0,,0
r1-1501101,246,14,1,13,1,07d9a9095ead32eea5f3bb29e1b0135df48efe7397bc289c7b09f175112af9e3,False,"[""MOVED_LEFT""]",13,0,0,False,0,,0
r1-1501101,247,13,1,14,1,07d9a9095ead32eea5f3bb29e1b0135df48efe7397bc289c7b09f175112af9e3,False,"[""MOVED_RIGHT""]",13,0,0,False,0,,0
r1-1501101,248,14,1,13,1,07d9a9095ead32eea5f3bb29e1b0135df48efe7397bc289c7b09f175112af9e3,False,"[""MOVED_LEFT""]",14,0,0,False,0,,0
r1-1501101,249,13,1,14,1,07d9a9095ead32eea5f3bb29e1b0135df48efe7397bc289c7b09f175112af9e3,False,"[""MOVED_RIGHT""]",12,0,0,False,0,,0
r1-1501101,250,14,1,13,1,07d9a9095ead32eea5f3bb29e1b0135df48efe7397bc289c7b09f175112af9e3,False,"[""MOVED_LEFT""]",12,0,0,False,0,,0
r1-1501101,251,13,1,14,1,07d9a9095ead32eea5f3bb29e1b0135df48efe7397bc289c7b09f175112af9e3,False,"[""MOVED_RIGHT""]",11,0,0,False,0,,0
r1-1501101,252,14,1,13,1,07d9a9095ead32eea5f3bb29e1b0135df48efe7397bc289c7b09f175112af9e3,False,"[""MOVED_LEFT""]",12,0,0,False,0,,0
r1-1501101,253,13,1,14,1,07d9a9095ead32eea5f3bb29e1b0135df48efe7397bc289c7b09f175112af9e3,False,"[""MOVED_RIGHT""]",11,0,0,False,0,,0
r1-1501101,254,14,1,13,1,07d9a9095ead32eea5f3bb29e1b0135df48efe7397bc289c7b09f175112af9e3,False,"[""MOVED_LEFT""]",12,0,0,False,0,,0
r1-1501101,255,13,1,14,1,07d9a9095ead32eea5f3bb29e1b0135df48efe7397bc289c7b09f175112af9e3,False,"[""MOVED_RIGHT""]",11,0,0,False,0,,0
r1-1501101,256,14,1,13,1,07d9a9095ead32eea5f3bb29e1b0135df48efe7397bc289c7b09f175112af9e3,False,"[""MOVED_LEFT""]",12,0,0,False,0,,0
r1-1501101,257,13,1,14,1,07d9a9095ead32eea5f3bb29e1b0135df48efe7397bc289c7b09f175112af9e3,False,"[""MOVED_RIGHT""]",12,0,0,False,0,,0
r1-1501101,258,14,1,13,1,07d9a9095ead32eea5f3bb29e1b0135df48efe7397bc289c7b09f175112af9e3,False,"[""MOVED_LEFT""]",14,0,0,False,0,,0
r1-1501101,259,13,1,14,1,07d9a9095ead32eea5f3bb29e1b0135df48efe7397bc289c7b09f175112af9e3,False,"[""MOVED_RIGHT""]",13,0,0,False,0,,0
r1-1501101,260,14,1,13,1,07d9a9095ead32eea5f3bb29e1b0135df48efe7397bc289c7b09f175112af9e3,False,"[""MOVED_LEFT""]",14,0,0,False,0,,0
r1-1501101,261,13,1,14,1,07d9a9095ead32eea5f3bb29e1b0135df48efe7397bc289c7b09f175112af9e3,False,"[""MOVED_RIGHT""]",13,0,0,False,0,,0
r1-1501101,262,14,1,13,1,07d9a9095ead32eea5f3bb29e1b0135df48efe7397bc289c7b09f175112af9e3,False,"[""MOVED_LEFT""]",14,0,0,False,0,,0
r1-1501101,263,13,1,14,1,07d9a9095ead32eea5f3bb29e1b0135df48efe7397bc289c7b09f175112af9e3,False,"[""MOVED_RIGHT""]",12,0,0,False,0,,0
r1-1501101,264,14,1,13,1,07d9a9095ead32eea5f3bb29e1b0135df48efe7397bc289c7b09f175112af9e3,False,"[""MOVED_LEFT""]",12,0,0,False,0,,0
r1-1501101,265,13,1,14,1,07d9a9095ead32eea5f3bb29e1b0135df48efe7397bc289c7b09f175112af9e3,False,"[""MOVED_RIGHT""]",11,0,0,False,0,,0
r1-1501101,266,14,1,13,1,07d9a9095ead32eea5f3bb29e1b0135df48efe7397bc289c7b09f175112af9e3,False,"[""MOVED_LEFT""]",12,0,0,False,0,,0
r1-1501101,267,13,1,14,1,07d9a9095ead32eea5f3bb29e1b0135df48efe7397bc289c7b09f175112af9e3,False,"[""MOVED_RIGHT""]",12,0,0,False,0,,0
r1-1501101,268,14,1,13,1,07d9a9095ead32eea5f3bb29e1b0135df48efe7397bc289c7b09f175112af9e3,False,"[""MOVED_LEFT""]",12,0,0,False,0,,0
r1-1501101,269,13,1,14,1,07d9a9095ead32eea5f3bb29e1b0135df48efe7397bc289c7b09f175112af9e3,False,"[""MOVED_RIGHT""]",12,0,0,False,0,,0
r1-1501101,270,14,1,13,1,07d9a9095ead32eea5f3bb29e1b0135df48efe7397bc289c7b09f175112af9e3,False,"[""MOVED_LEFT""]",13,0,0,False,0,,0
r1-1501101,271,13,1,14,1,07d9a9095ead32eea5f3bb29e1b0135df48efe7397bc289c7b09f175112af9e3,False,"[""MOVED_RIGHT""]",11,0,0,False,0,,0
r1-1501101,272,14,1,13,1,07d9a9095ead32eea5f3bb29e1b0135df48efe7397bc289c7b09f175112af9e3,False,"[""MOVED_LEFT""]",12,0,0,False,0,,0
r1-1501101,273,13,1,14,1,07d9a9095ead32eea5f3bb29e1b0135df48efe7397bc289c7b09f175112af9e3,False,"[""MOVED_RIGHT""]",11,0,0,False,0,,0
r1-1501101,274,14,1,13,1,07d9a9095ead32eea5f3bb29e1b0135df48efe7397bc289c7b09f175112af9e3,False,"[""MOVED_LEFT""]",13,0,0,False,0,,0
r1-1501101,275,13,1,14,1,07d9a9095ead32eea5f3bb29e1b0135df48efe7397bc289c7b09f175112af9e3,False,"[""MOVED_RIGHT""]",12,0,0,False,0,,0
r1-1501101,276,14,1,13,1,07d9a9095ead32eea5f3bb29e1b0135df48efe7397bc289c7b09f175112af9e3,False,"[""MOVED_LEFT""]",13,0,0,False,0,,0
r1-1501101,277,13,1,14,1,07d9a9095ead32eea5f3bb29e1b0135df48efe7397bc289c7b09f175112af9e3,False,"[""MOVED_RIGHT""]",12,0,0,False,0,,0
r1-1501101,278,14,1,13,1,07d9a9095ead32eea5f3bb29e1b0135df48efe7397bc289c7b09f175112af9e3,False,"[""MOVED_LEFT""]",13,0,0,False,0,,0
r1-1501101,279,13,1,14,1,07d9a9095ead32eea5f3bb29e1b0135df48efe7397bc289c7b09f175112af9e3,False,"[""MOVED_RIGHT""]",11,0,0,False,0,,0
r1-1501101,280,14,1,13,1,07d9a9095ead32eea5f3bb29e1b0135df48efe7397bc289c7b09f175112af9e3,False,"[""MOVED_LEFT""]",12,0,0,False,0,,0
r1-1501101,281,13,1,14,1,07d9a9095ead32eea5f3bb29e1b0135df48efe7397bc289c7b09f175112af9e3,False,"[""MOVED_RIGHT""]",11,0,0,False,0,,0
r1-1501101,282,14,1,13,1,07d9a9095ead32eea5f3bb29e1b0135df48efe7397bc289c7b09f175112af9e3,False,"[""MOVED_LEFT""]",12,0,0,False,0,,0
r1-1501101,283,13,1,14,1,07d9a9095ead32eea5f3bb29e1b0135df48efe7397bc289c7b09f175112af9e3,False,"[""MOVED_RIGHT""]",12,0,0,False,0,,0
r1-1501101,284,14,1,13,1,07d9a9095ead32eea5f3bb29e1b0135df48efe7397bc289c7b09f175112af9e3,False,"[""MOVED_LEFT""]",13,0,0,False,0,,0
r1-1501101,285,13,1,14,1,07d9a9095ead32eea5f3bb29e1b0135df48efe7397bc289c7b09f175112af9e3,False,"[""MOVED_RIGHT""]",12,0,0,False,0,,0
r1-1501101,286,14,1,13,1,07d9a9095ead32eea5f3bb29e1b0135df48efe7397bc289c7b09f175112af9e3,False,"[""MOVED_LEFT""]",14,0,0,False,0,,0
r1-1501101,287,13,1,14,1,07d9a9095ead32eea5f3bb29e1b0135df48efe7397bc289c7b09f175112af9e3,False,"[""MOVED_RIGHT""]",12,0,0,False,0,,0
r1-1501101,288,14,1,13,1,07d9a9095ead32eea5f3bb29e1b0135df48efe7397bc289c7b09f175112af9e3,False,"[""MOVED_LEFT""]",14,0,0,False,0,,0
r1-1501101,289,13,1,14,1,07d9a9095ead32eea5f3bb29e1b0135df48efe7397bc289c7b09f175112af9e3,False,"[""MOVED_RIGHT""]",13,0,0,False,0,,0
r1-1501101,290,14,1,13,1,07d9a9095ead32eea5f3bb29e1b0135df48efe7397bc289c7b09f175112af9e3,False,"[""MOVED_LEFT""]",14,0,0,False,0,,0
r1-1501101,291,13,1,14,1,07d9a9095ead32eea5f3bb29e1b0135df48efe7397bc289c7b09f175112af9e3,False,"[""MOVED_RIGHT""]",12,0,0,False,0,,0
r1-1501101,292,14,1,13,1,07d9a9095ead32eea5f3bb29e1b0135df48efe7397bc289c7b09f175112af9e3,False,"[""MOVED_LEFT""]",12,0,0,False,0,,0
r1-1501101,293,13,1,14,1,07d9a9095ead32eea5f3bb29e1b0135df48efe7397bc289c7b09f175112af9e3,False,"[""MOVED_RIGHT""]",11,0,0,False,0,,0
r1-1501101,294,14,1,13,1,07d9a9095ead32eea5f3bb29e1b0135df48efe7397bc289c7b09f175112af9e3,False,"[""MOVED_LEFT""]",12,0,0,False,0,,0
r1-1501101,295,13,1,14,1,07d9a9095ead32eea5f3bb29e1b0135df48efe7397bc289c7b09f175112af9e3,False,"[""MOVED_RIGHT""]",12,0,0,False,0,,0
r1-1501101,296,14,1,13,1,07d9a9095ead32eea5f3bb29e1b0135df48efe7397bc289c7b09f175112af9e3,False,"[""MOVED_LEFT""]",13,0,0,False,0,,0
r1-1501101,297,13,1,14,1,07d9a9095ead32eea5f3bb29e1b0135df48efe7397bc289c7b09f175112af9e3,False,"[""MOVED_RIGHT""]",12,0,0,False,0,,0
r1-1501101,298,14,1,13,1,07d9a9095ead32eea5f3bb29e1b0135df48efe7397bc289c7b09f175112af9e3,False,"[""MOVED_LEFT""]",14,0,0,False,0,,0
r1-1501101,299,13,1,14,1,07d9a9095ead32eea5f3bb29e1b0135df48efe7397bc289c7b09f175112af9e3,False,"[""MOVED_RIGHT""]",13,0,0,False,0,,0
r1-1501101,300,14,1,13,1,07d9a9095ead32eea5f3bb29e1b0135df48efe7397bc289c7b09f175112af9e3,False,"[""MOVED_LEFT""]",14,0,0,False,0,,0
r1-1501101,301,13,1,14,1,07d9a9095ead32eea5f3bb29e1b0135df48efe7397bc289c7b09f175112af9e3,False,"[""MOVED_RIGHT""]",13,0,0,False,0,,0
r1-1501101,302,14,1,13,1,07d9a9095ead32eea5f3bb29e1b0135df48efe7397bc289c7b09f175112af9e3,False,"[""MOVED_LEFT""]",13,0,0,False,0,,0
r1-1501101,303,13,1,14,1,07d9a9095ead32eea5f3bb29e1b0135df48efe7397bc289c7b09f175112af9e3,False,"[""MOVED_RIGHT""]",12,0,0,False,0,,0
r1-1501101,304,14,1,13,1,07d9a9095ead32eea5f3bb29e1b0135df48efe7397bc289c7b09f175112af9e3,False,"[""MOVED_LEFT""]",13,0,0,False,0,,0
r1-1501101,305,13,1,14,1,07d9a9095ead32eea5f3bb29e1b0135df48efe7397bc289c7b09f175112af9e3,False,"[""MOVED_RIGHT""]",13,0,0,False,0,,0
r1-1501101,306,14,1,13,1,07d9a9095ead32eea5f3bb29e1b0135df48efe7397bc289c7b09f175112af9e3,False,"[""MOVED_LEFT""]",14,0,0,False,0,,0
r1-1501101,307,13,1,14,1,07d9a9095ead32eea5f3bb29e1b0135df48efe7397bc289c7b09f175112af9e3,False,"[""MOVED_RIGHT""]",12,0,0,False,0,,0
r1-1501101,308,14,1,13,1,07d9a9095ead32eea5f3bb29e1b0135df48efe7397bc289c7b09f175112af9e3,False,"[""MOVED_LEFT""]",13,0,0,False,0,,0
r1-1501101,309,13,1,14,1,07d9a9095ead32eea5f3bb29e1b0135df48efe7397bc289c7b09f175112af9e3,False,"[""MOVED_RIGHT""]",12,0,0,False,0,,0
r1-1501101,310,14,1,13,1,07d9a9095ead32eea5f3bb29e1b0135df48efe7397bc289c7b09f175112af9e3,False,"[""MOVED_LEFT""]",13,0,0,False,0,,0
r1-1501101,311,13,1,14,1,07d9a9095ead32eea5f3bb29e1b0135df48efe7397bc289c7b09f175112af9e3,False,"[""MOVED_RIGHT""]",13,0,0,False,0,,0
r1-1501101,312,14,1,13,1,07d9a9095ead32eea5f3bb29e1b0135df48efe7397bc289c7b09f175112af9e3,False,"[""MOVED_LEFT""]",14,0,0,False,0,,0
r1-1501101,313,13,1,14,1,07d9a9095ead32eea5f3bb29e1b0135df48efe7397bc289c7b09f175112af9e3,False,"[""MOVED_RIGHT""]",13,0,0,False,0,,0
r1-1501101,314,14,1,13,1,07d9a9095ead32eea5f3bb29e1b0135df48efe7397bc289c7b09f175112af9e3,False,"[""MOVED_LEFT""]",14,0,0,False,0,,0
r1-1501101,315,13,1,14,1,07d9a9095ead32eea5f3bb29e1b0135df48efe7397bc289c7b09f175112af9e3,False,"[""MOVED_RIGHT""]",13,0,0,False,0,,0
r1-1501101,316,14,1,13,1,07d9a9095ead32eea5f3bb29e1b0135df48efe7397bc289c7b09f175112af9e3,False,"[""MOVED_LEFT""]",14,0,0,False,0,,0
r1-1501101,317,13,1,14,1,07d9a9095ead32eea5f3bb29e1b0135df48efe7397bc289c7b09f175112af9e3,False,"[""MOVED_RIGHT""]",13,0,0,False,0,,0
r1-1501101,318,14,1,13,1,07d9a9095ead32eea5f3bb29e1b0135df48efe7397bc289c7b09f175112af9e3,False,"[""MOVED_LEFT""]",14,0,0,False,0,,0
r1-1501101,319,13,1,14,1,07d9a9095ead32eea5f3bb29e1b0135df48efe7397bc289c7b09f175112af9e3,False,"[""MOVED_RIGHT""]",13,0,0,False,0,,0
r1-1501101,320,14,1,13,1,07d9a9095ead32eea5f3bb29e1b0135df48efe7397bc289c7b09f175112af9e3,False,"[""MOVED_LEFT""]",14,0,0,False,0,,0
r1-1501101,321,13,1,14,1,07d9a9095ead32eea5f3bb29e1b0135df48efe7397bc289c7b09f175112af9e3,False,"[""MOVED_RIGHT""]",13,0,0,False,0,,0
r1-1501101,322,14,1,13,1,07d9a9095ead32eea5f3bb29e1b0135df48efe7397bc289c7b09f175112af9e3,False,"[""MOVED_LEFT""]",14,0,0,False,0,,0
r1-1501101,323,13,1,14,1,07d9a9095ead32eea5f3bb29e1b0135df48efe7397bc289c7b09f175112af9e3,False,"[""MOVED_RIGHT""]",12,0,0,False,0,,0
r1-1501101,324,14,1,13,1,07d9a9095ead32eea5f3bb29e1b0135df48efe7397bc289c7b09f175112af9e3,False,"[""MOVED_LEFT""]",13,0,0,False,0,,0
r1-1501101,325,13,1,14,1,07d9a9095ead32eea5f3bb29e1b0135df48efe7397bc289c7b09f175112af9e3,False,"[""MOVED_RIGHT""]",12,0,0,False,0,,0
r1-1501101,326,14,1,13,1,07d9a9095ead32eea5f3bb29e1b0135df48efe7397bc289c7b09f175112af9e3,False,"[""MOVED_LEFT""]",13,0,0,False,0,,0
r1-1501101,327,13,1,14,1,07d9a9095ead32eea5f3bb29e1b0135df48efe7397bc289c7b09f175112af9e3,False,"[""MOVED_RIGHT""]",13,0,0,False,0,,0
r1-1501101,328,14,1,13,1,07d9a9095ead32eea5f3bb29e1b0135df48efe7397bc289c7b09f175112af9e3,False,"[""MOVED_LEFT""]",14,0,0,False,0,,0
r1-1501101,329,13,1,14,1,07d9a9095ead32eea5f3bb29e1b0135df48efe7397bc289c7b09f175112af9e3,False,"[""MOVED_RIGHT""]",12,0,0,False,0,,0
r1-1501101,330,14,1,13,1,07d9a9095ead32eea5f3bb29e1b0135df48efe7397bc289c7b09f175112af9e3,False,"[""MOVED_LEFT""]",13,0,0,False,0,,0
r1-1501101,331,13,1,14,1,07d9a9095ead32eea5f3bb29e1b0135df48efe7397bc289c7b09f175112af9e3,False,"[""MOVED_RIGHT""]",12,0,0,False,0,,0
r1-1501101,332,14,1,13,1,07d9a9095ead32eea5f3bb29e1b0135df48efe7397bc289c7b09f175112af9e3,False,"[""MOVED_LEFT""]",13,0,0,False,0,,0
r1-1501101,333,13,1,14,1,07d9a9095ead32eea5f3bb29e1b0135df48efe7397bc289c7b09f175112af9e3,False,"[""MOVED_RIGHT""]",13,0,0,False,0,,0
r1-1501101,334,14,1,13,1,07d9a9095ead32eea5f3bb29e1b0135df48efe7397bc289c7b09f175112af9e3,False,"[""MOVED_LEFT""]",14,0,0,False,0,,0
r1-1501101,335,13,1,14,1,07d9a9095ead32eea5f3bb29e1b0135df48efe7397bc289c7b09f175112af9e3,False,"[""MOVED_RIGHT""]",13,0,0,False,0,,0
r1-1501101,336,14,1,13,1,07d9a9095ead32eea5f3bb29e1b0135df48efe7397bc289c7b09f175112af9e3,False,"[""MOVED_LEFT""]",14,0,0,False,0,,0
r1-1501101,337,13,1,14,1,07d9a9095ead32eea5f3bb29e1b0135df48efe7397bc289c7b09f175112af9e3,False,"[""MOVED_RIGHT""]",13,0,0,False,0,,0
r1-1501101,338,14,1,13,1,07d9a9095ead32eea5f3bb29e1b0135df48efe7397bc289c7b09f175112af9e3,False,"[""MOVED_LEFT""]",13,0,0,False,0,,0
r1-1501101,339,13,1,14,1,07d9a9095ead32eea5f3bb29e1b0135df48efe7397bc289c7b09f175112af9e3,False,"[""MOVED_RIGHT""]",13,0,0,False,0,,0
r1-1501101,340,14,1,13,1,07d9a9095ead32eea5f3bb29e1b0135df48efe7397bc289c7b09f175112af9e3,False,"[""MOVED_LEFT""]",13,0,0,False,0,,0
r1-1501101,341,13,1,14,1,07d9a9095ead32eea5f3bb29e1b0135df48efe7397bc289c7b09f175112af9e3,False,"[""MOVED_RIGHT""]",13,0,0,False,0,,0
r1-1501101,342,14,1,13,1,07d9a9095ead32eea5f3bb29e1b0135df48efe7397bc289c7b09f175112af9e3,False,"[""MOVED_LEFT""]",14,0,0,False,0,,0
r1-1501101,343,13,1,14,1,07d9a9095ead32eea5f3bb29e1b0135df48efe7397bc289c7b09f175112af9e3,False,"[""MOVED_RIGHT""]",13,0,0,False,0,,0
r1-1501101,344,14,1,13,1,07d9a9095ead32eea5f3bb29e1b0135df48efe7397bc289c7b09f175112af9e3,False,"[""MOVED_LEFT""]",14,0,0,False,0,,0
r1-1501101,345,13,1,14,1,07d9a9095ead32eea5f3bb29e1b0135df48efe7397bc289c7b09f175112af9e3,False,"[""MOVED_RIGHT""]",13,0,0,False,0,,0
r1-1501101,346,14,1,13,1,07d9a9095ead32eea5f3bb29e1b0135df48efe7397bc289c7b09f175112af9e3,False,"[""MOVED_LEFT""]",14,0,0,False,0,,0
r1-1501101,347,13,1,14,1,07d9a9095ead32eea5f3bb29e1b0135df48efe7397bc289c7b09f175112af9e3,False,"[""MOVED_RIGHT""]",12,0,0,False,0,,0
r1-1501101,348,14,1,13,1,07d9a9095ead32eea5f3bb29e1b0135df48efe7397bc289c7b09f175112af9e3,False,"[""MOVED_LEFT""]",13,0,0,False,0,,0
r1-1501101,349,13,1,14,1,07d9a9095ead32eea5f3bb29e1b0135df48efe7397bc289c7b09f175112af9e3,False,"[""MOVED_RIGHT""]",12,0,0,False,0,,0
r1-1501101,350,14,1,13,1,07d9a9095ead32eea5f3bb29e1b0135df48efe7397bc289c7b09f175112af9e3,False,"[""MOVED_LEFT""]",12,0,0,False,0,,0
r1-1501101,351,13,1,14,1,07d9a9095ead32eea5f3bb29e1b0135df48efe7397bc289c7b09f175112af9e3,False,"[""MOVED_RIGHT""]",11,0,0,False,0,,0
r1-1501101,352,14,1,13,1,07d9a9095ead32eea5f3bb29e1b0135df48efe7397bc289c7b09f175112af9e3,False,"[""MOVED_LEFT""]",12,0,0,False,0,,0
r1-1501101,353,13,1,14,1,07d9a9095ead32eea5f3bb29e1b0135df48efe7397bc289c7b09f175112af9e3,False,"[""MOVED_RIGHT""]",11,0,0,False,0,,0
r1-1501101,354,14,1,13,1,07d9a9095ead32eea5f3bb29e1b0135df48efe7397bc289c7b09f175112af9e3,False,"[""MOVED_LEFT""]",12,0,0,False,0,,0
r1-1501101,355,13,1,14,1,07d9a9095ead32eea5f3bb29e1b0135df48efe7397bc289c7b09f175112af9e3,False,"[""MOVED_RIGHT""]",11,0,0,False,0,,0
r1-1501101,356,14,1,13,1,07d9a9095ead32eea5f3bb29e1b0135df48efe7397bc289c7b09f175112af9e3,False,"[""MOVED_LEFT""]",13,0,0,False,0,,0
r1-1501101,357,13,1,14,1,07d9a9095ead32eea5f3bb29e1b0135df48efe7397bc289c7b09f175112af9e3,False,"[""MOVED_RIGHT""]",12,0,0,False,0,,0
r1-1501101,358,14,1,13,1,07d9a9095ead32eea5f3bb29e1b0135df48efe7397bc289c7b09f175112af9e3,False,"[""MOVED_LEFT""]",14,0,0,False,0,,0
r1-1501101,359,13,1,14,1,07d9a9095ead32eea5f3bb29e1b0135df48efe7397bc289c7b09f175112af9e3,False,"[""MOVED_RIGHT""]",13,0,0,False,0,,0
r1-1501101,360,14,1,13,1,07d9a9095ead32eea5f3bb29e1b0135df48efe7397bc289c7b09f175112af9e3,False,"[""MOVED_LEFT""]",14,0,0,False,0,,0
r1-1501101,361,13,1,14,1,07d9a9095ead32eea5f3bb29e1b0135df48efe7397bc289c7b09f175112af9e3,False,"[""MOVED_RIGHT""]",13,0,0,False,0,,0
r1-1501101,362,14,1,13,1,07d9a9095ead32eea5f3bb29e1b0135df48efe7397bc289c7b09f175112af9e3,False,"[""MOVED_LEFT""]",14,0,0,False,0,,0
r1-1501101,363,13,1,14,1,07d9a9095ead32eea5f3bb29e1b0135df48efe7397bc289c7b09f175112af9e3,False,"[""MOVED_RIGHT""]",12,0,0,False,0,,0
r1-1501101,364,14,1,13,1,07d9a9095ead32eea5f3bb29e1b0135df48efe7397bc289c7b09f175112af9e3,False,"[""MOVED_LEFT""]",14,0,0,False,0,,0
r1-1501101,365,13,1,14,1,07d9a9095ead32eea5f3bb29e1b0135df48efe7397bc289c7b09f175112af9e3,False,"[""MOVED_RIGHT""]",12,0,0,False,0,,0
r1-1501101,366,14,1,13,1,07d9a9095ead32eea5f3bb29e1b0135df48efe7397bc289c7b09f175112af9e3,False,"[""MOVED_LEFT""]",12,0,0,False,0,,0
r1-1501101,367,13,1,14,1,07d9a9095ead32eea5f3bb29e1b0135df48efe7397bc289c7b09f175112af9e3,False,"[""MOVED_RIGHT""]",11,0,0,False,0,,0
r1-1501101,368,14,1,13,1,07d9a9095ead32eea5f3bb29e1b0135df48efe7397bc289c7b09f175112af9e3,False,"[""MOVED_LEFT""]",12,0,0,False,0,,0
r1-1501101,369,13,1,14,1,07d9a9095ead32eea5f3bb29e1b0135df48efe7397bc289c7b09f175112af9e3,False,"[""MOVED_RIGHT""]",11,0,0,False,0,,0
r1-1501101,370,14,1,13,1,07d9a9095ead32eea5f3bb29e1b0135df48efe7397bc289c7b09f175112af9e3,False,"[""MOVED_LEFT""]",12,0,0,False,0,,0
r1-1501101,371,13,1,14,1,07d9a9095ead32eea5f3bb29e1b0135df48efe7397bc289c7b09f175112af9e3,False,"[""MOVED_RIGHT""]",12,0,0,False,0,,0
r1-1501101,372,14,1,13,1,07d9a9095ead32eea5f3bb29e1b0135df48efe7397bc289c7b09f175112af9e3,False,"[""MOVED_LEFT""]",13,0,0,False,0,,0
r1-1501101,373,13,1,14,1,07d9a9095ead32eea5f3bb29e1b0135df48efe7397bc289c7b09f175112af9e3,False,"[""MOVED_RIGHT""]",12,0,0,False,0,,0
r1-1501101,374,14,1,13,1,07d9a9095ead32eea5f3bb29e1b0135df48efe7397bc289c7b09f175112af9e3,False,"[""MOVED_LEFT""]",13,0,0,False,0,,0
r1-1501101,375,13,1,14,1,07d9a9095ead32eea5f3bb29e1b0135df48efe7397bc289c7b09f175112af9e3,False,"[""MOVED_RIGHT""]",13,0,0,False,0,,0
r1-1501101,376,14,1,13,1,07d9a9095ead32eea5f3bb29e1b0135df48efe7397bc289c7b09f175112af9e3,False,"[""MOVED_LEFT""]",14,0,0,False,0,,0
r1-1501101,377,13,1,14,1,07d9a9095ead32eea5f3bb29e1b0135df48efe7397bc289c7b09f175112af9e3,False,"[""MOVED_RIGHT""]",13,0,0,False,0,,0
r1-1501101,378,14,1,13,1,07d9a9095ead32eea5f3bb29e1b0135df48efe7397bc289c7b09f175112af9e3,False,"[""MOVED_LEFT""]",14,0,0,False,0,,0
r1-1501101,379,13,1,14,1,07d9a9095ead32eea5f3bb29e1b0135df48efe7397bc289c7b09f175112af9e3,False,"[""MOVED_RIGHT""]",12,0,0,False,0,,0
r1-1501101,380,14,1,13,1,07d9a9095ead32eea5f3bb29e1b0135df48efe7397bc289c7b09f175112af9e3,False,"[""MOVED_LEFT""]",13,0,0,False,0,,0
r1-1501101,381,13,1,14,1,07d9a9095ead32eea5f3bb29e1b0135df48efe7397bc289c7b09f175112af9e3,False,"[""MOVED_RIGHT""]",12,0,0,False,0,,0
r1-1501101,382,14,1,13,1,07d9a9095ead32eea5f3bb29e1b0135df48efe7397bc289c7b09f175112af9e3,False,"[""MOVED_LEFT""]",13,0,0,False,0,,0
r1-1501101,383,13,1,14,1,07d9a9095ead32eea5f3bb29e1b0135df48efe7397bc289c7b09f175112af9e3,False,"[""MOVED_RIGHT""]",11,0,0,False,0,,0
r1-1501101,384,14,1,13,1,07d9a9095ead32eea5f3bb29e1b0135df48efe7397bc289c7b09f175112af9e3,False,"[""MOVED_LEFT""]",12,0,0,False,0,,0
r1-1501101,385,13,1,14,1,07d9a9095ead32eea5f3bb29e1b0135df48efe7397bc289c7b09f175112af9e3,False,"[""MOVED_RIGHT""]",11,0,0,False,0,,0
r1-1501101,386,14,1,13,1,07d9a9095ead32eea5f3bb29e1b0135df48efe7397bc289c7b09f175112af9e3,False,"[""MOVED_LEFT""]",12,0,0,False,0,,0
r1-1501101,387,13,1,14,1,07d9a9095ead32eea5f3bb29e1b0135df48efe7397bc289c7b09f175112af9e3,False,"[""MOVED_RIGHT""]",11,0,0,False,0,,0
r1-1501101,388,14,1,13,1,07d9a9095ead32eea5f3bb29e1b0135df48efe7397bc289c7b09f175112af9e3,False,"[""MOVED_LEFT""]",12,0,0,False,0,,0
r1-1501101,389,13,1,14,1,07d9a9095ead32eea5f3bb29e1b0135df48efe7397bc289c7b09f175112af9e3,False,"[""MOVED_RIGHT""]",11,0,0,False,0,,0
r1-1501101,390,14,1,13,1,07d9a9095ead32eea5f3bb29e1b0135df48efe7397bc289c7b09f175112af9e3,False,"[""MOVED_LEFT""]",12,0,0,False,0,,0
r1-1501101,391,13,1,14,1,07d9a9095ead32eea5f3bb29e1b0135df48efe7397bc289c7b09f175112af9e3,False,"[""MOVED_RIGHT""]",11,0,0,False,0,,0
r1-1501101,392,14,1,13,1,07d9a9095ead32eea5f3bb29e1b0135df48efe7397bc289c7b09f175112af9e3,False,"[""MOVED_LEFT""]",12,0,0,False,0,,0
r1-1501101,393,13,1,14,1,07d9a9095ead32eea5f3bb29e1b0135df48efe7397bc289c7b09f175112af9e3,False,"[""MOVED_RIGHT""]",12,0,0,False,0,,0
r1-1501101,394,14,1,13,1,07d9a9095ead32eea5f3bb29e1b0135df48efe7397bc289c7b09f175112af9e3,False,"[""MOVED_LEFT""]",12,0,0,False,0,,0
r1-1501101,395,13,1,14,1,07d9a9095ead32eea5f3bb29e1b0135df48efe7397bc289c7b09f175112af9e3,False,"[""MOVED_RIGHT""]",11,0,0,False,0,,0
r1-1501101,396,14,1,13,1,07d9a9095ead32eea5f3bb29e1b0135df48efe7397bc289c7b09f175112af9e3,False,"[""MOVED_LEFT""]",13,0,0,False,0,,0
r1-1501101,397,13,1,14,1,07d9a9095ead32eea5f3bb29e1b0135df48efe7397bc289c7b09f175112af9e3,False,"[""MOVED_RIGHT""]",12,0,0,False,0,,0
r1-1501101,398,14,1,13,1,07d9a9095ead32eea5f3bb29e1b0135df48efe7397bc289c7b09f175112af9e3,False,"[""MOVED_LEFT""]",12,0,0,False,0,,0
r1-1501101,399,13,1,14,1,07d9a9095ead32eea5f3bb29e1b0135df48efe7397bc289c7b09f175112af9e3,False,"[""MOVED_RIGHT""]",11,0,0,False,0,,0
r1-1501101,400,14,1,13,1,07d9a9095ead32eea5f3bb29e1b0135df48efe7397bc289c7b09f175112af9e3,False,"[""MOVED_LEFT"",""SURVIVED_ROUND""]",12,0,0,False,0,,0
r1-1501102,1,1,15,2,15,2a8904e5f8a59f0efb7b7084a4be3889e49eb0bab33c993eaaf4c408ccc81296,False,"[""MOVED_RIGHT""]",28,0,0,False,2,,0
r1-1501102,2,2,15,2,15,2a8904e5f8a59f0efb7b7084a4be3889e49eb0bab33c993eaaf4c408ccc81296,False,"[""BOMB_DROPPED""]",27,0,0,False,2,,0
r1-1501102,3,2,15,2,15,2a8904e5f8a59f0efb7b7084a4be3889e49eb0bab33c993eaaf4c408ccc81296,True,"[""WAITED""]",26,0,0,False,2,,0
r1-1501102,4,2,15,2,15,2a8904e5f8a59f0efb7b7084a4be3889e49eb0bab33c993eaaf4c408ccc81296,True,"[""WAITED""]",26,0,0,False,2,,0
r1-1501102,5,2,15,1,15,2a8904e5f8a59f0efb7b7084a4be3889e49eb0bab33c993eaaf4c408ccc81296,True,"[""MOVED_LEFT""]",27,0,0,False,2,,0
r1-1501102,6,1,15,1,14,2a8904e5f8a59f0efb7b7084a4be3889e49eb0bab33c993eaaf4c408ccc81296,True,"[""MOVED_UP"",""BOMB_EXPLODED"",""CRATE_DESTROYED"",""CRATE_DESTROYED""]",27,0,0,False,2,,0
r1-1501102,7,1,14,1,13,ec30e048577abcd7be948ffa889fc9184b6ce78e881ddfc63aa7e07679aa3029,True,"[""MOVED_UP""]",26,0,0,False,2,,0
r1-1501102,8,1,13,1,14,ec30e048577abcd7be948ffa889fc9184b6ce78e881ddfc63aa7e07679aa3029,False,"[""MOVED_DOWN""]",26,0,0,False,3,,0
r1-1501102,9,1,14,1,14,ec30e048577abcd7be948ffa889fc9184b6ce78e881ddfc63aa7e07679aa3029,False,"[""BOMB_DROPPED""]",27,0,0,False,2,,0
r1-1501102,10,1,14,1,14,ec30e048577abcd7be948ffa889fc9184b6ce78e881ddfc63aa7e07679aa3029,True,"[""WAITED""]",27,0,0,False,2,,0
r1-1501102,11,1,14,1,14,ec30e048577abcd7be948ffa889fc9184b6ce78e881ddfc63aa7e07679aa3029,True,"[""WAITED""]",26,0,0,False,2,,0
r1-1501102,12,1,14,1,15,ec30e048577abcd7be948ffa889fc9184b6ce78e881ddfc63aa7e07679aa3029,True,"[""MOVED_DOWN""]",27,0,0,False,2,,0
r1-1501102,13,1,15,2,15,ec30e048577abcd7be948ffa889fc9184b6ce78e881ddfc63aa7e07679aa3029,True,"[""MOVED_RIGHT"",""BOMB_EXPLODED"",""CRATE_DESTROYED"",""CRATE_DESTROYED""]",27,0,0,False,1,,0
r1-1501102,14,2,15,3,15,d49478411f1f9682081a3b042ed196ac9e71ffe5d76d26b59a719da313b52d3e,True,"[""MOVED_RIGHT""]",26,0,0,False,0,,0
r1-1501102,15,3,15,3,15,d49478411f1f9682081a3b042ed196ac9e71ffe5d76d26b59a719da313b52d3e,False,"[""WAITED""]",25,0,0,False,3,,0
r1-1501102,16,3,15,3,15,d49478411f1f9682081a3b042ed196ac9e71ffe5d76d26b59a719da313b52d3e,False,"[""BOMB_DROPPED""]",26,0,0,False,3,,0
r1-1501102,17,3,15,3,15,d49478411f1f9682081a3b042ed196ac9e71ffe5d76d26b59a719da313b52d3e,True,"[""WAITED""]",25,0,0,False,3,,0
r1-1501102,18,3,15,2,15,d49478411f1f9682081a3b042ed196ac9e71ffe5d76d26b59a719da313b52d3e,True,"[""MOVED_LEFT""]",25,0,0,False,3,,0
r1-1501102,19,2,15,1,15,d49478411f1f9682081a3b042ed196ac9e71ffe5d76d26b59a719da313b52d3e,True,"[""MOVED_LEFT""]",26,0,0,False,0,,0
r1-1501102,20,1,15,1,14,d49478411f1f9682081a3b042ed196ac9e71ffe5d76d26b59a719da313b52d3e,True,"[""MOVED_UP"",""BOMB_EXPLODED"",""CRATE_DESTROYED"",""CRATE_DESTROYED"",""CRATE_DESTROYED"",""CRATE_DESTROYED""]",28,0,0,False,0,,0
r1-1501102,21,1,14,1,13,7d0519df9f588d5459ce2582411c4a3db65fc8ffd840ca3afc8a9c19cafe4e34,True,"[""MOVED_UP""]",27,0,0,False,0,,0
r1-1501102,22,1,13,1,14,7d0519df9f588d5459ce2582411c4a3db65fc8ffd840ca3afc8a9c19cafe4e34,False,"[""MOVED_DOWN""]",26,0,0,False,3,,0
r1-1501102,23,1,14,1,13,7d0519df9f588d5459ce2582411c4a3db65fc8ffd840ca3afc8a9c19cafe4e34,False,"[""MOVED_UP""]",26,0,0,False,0,,0
r1-1501102,24,1,13,1,13,7d0519df9f588d5459ce2582411c4a3db65fc8ffd840ca3afc8a9c19cafe4e34,False,"[""BOMB_DROPPED""]",25,0,0,False,3,,0
r1-1501102,25,1,13,1,13,7d0519df9f588d5459ce2582411c4a3db65fc8ffd840ca3afc8a9c19cafe4e34,True,"[""WAITED""]",25,0,0,False,3,,0
r1-1501102,26,1,13,1,14,7d0519df9f588d5459ce2582411c4a3db65fc8ffd840ca3afc8a9c19cafe4e34,True,"[""MOVED_DOWN""]",25,0,0,False,3,,0
r1-1501102,27,1,14,1,15,7d0519df9f588d5459ce2582411c4a3db65fc8ffd840ca3afc8a9c19cafe4e34,True,"[""MOVED_DOWN""]",27,0,0,False,0,,0
r1-1501102,28,1,15,2,15,7d0519df9f588d5459ce2582411c4a3db65fc8ffd840ca3afc8a9c19cafe4e34,True,"[""MOVED_RIGHT"",""BOMB_EXPLODED"",""CRATE_DESTROYED"",""CRATE_DESTROYED"",""CRATE_DESTROYED""]",28,0,0,False,0,,0
r1-1501102,29,2,15,3,15,8fdf4801fad1bbccf15f6967157f9b39cba89b8987904772e890517c5f084d56,True,"[""MOVED_RIGHT""]",26,0,0,False,0,,0
r1-1501102,30,3,15,3,15,8fdf4801fad1bbccf15f6967157f9b39cba89b8987904772e890517c5f084d56,False,"[""WAITED""]",25,0,0,False,0,,0
r1-1501102,31,3,15,3,15,8fdf4801fad1bbccf15f6967157f9b39cba89b8987904772e890517c5f084d56,False,"[""BOMB_DROPPED""]",26,0,0,False,0,,-0.5
r1-1501102,32,3,15,2,15,8fdf4801fad1bbccf15f6967157f9b39cba89b8987904772e890517c5f084d56,True,"[""MOVED_LEFT""]",25,0,0,False,0,,0
r1-1501102,33,2,15,2,15,8fdf4801fad1bbccf15f6967157f9b39cba89b8987904772e890517c5f084d56,True,"[""WAITED""]",26,0,0,False,0,,0
r1-1501102,34,2,15,1,15,8fdf4801fad1bbccf15f6967157f9b39cba89b8987904772e890517c5f084d56,True,"[""MOVED_LEFT""]",26,0,0,False,0,,0
r1-1501102,35,1,15,1,14,8fdf4801fad1bbccf15f6967157f9b39cba89b8987904772e890517c5f084d56,True,"[""MOVED_UP"",""BOMB_EXPLODED""]",27,0,0,False,0,,0
r1-1501102,36,1,14,1,13,8fdf4801fad1bbccf15f6967157f9b39cba89b8987904772e890517c5f084d56,True,"[""MOVED_UP""]",26,0,0,False,0,,0
r1-1501102,37,1,13,1,12,8fdf4801fad1bbccf15f6967157f9b39cba89b8987904772e890517c5f084d56,False,"[""MOVED_UP""]",25,0,0,False,0,,0
r1-1501102,38,1,12,1,12,8fdf4801fad1bbccf15f6967157f9b39cba89b8987904772e890517c5f084d56,False,"[""BOMB_DROPPED""]",24,0,0,False,1,,0
r1-1501102,39,1,12,1,12,8fdf4801fad1bbccf15f6967157f9b39cba89b8987904772e890517c5f084d56,True,"[""WAITED""]",24,0,0,False,1,,0
r1-1501102,40,1,12,1,12,8fdf4801fad1bbccf15f6967157f9b39cba89b8987904772e890517c5f084d56,True,"[""WAITED""]",24,0,0,False,1,,0
r1-1501102,41,1,12,1,13,8fdf4801fad1bbccf15f6967157f9b39cba89b8987904772e890517c5f084d56,True,"[""MOVED_DOWN""]",24,0,0,False,1,,0
r1-1501102,42,1,13,2,13,8fdf4801fad1bbccf15f6967157f9b39cba89b8987904772e890517c5f084d56,True,"[""MOVED_RIGHT"",""BOMB_EXPLODED"",""CRATE_DESTROYED""]",26,0,0,False,0,,0
r1-1501102,43,2,13,2,13,0bed7ddb2296a343c14967cebc205fd50e1981fd036e2180b370fd77782403f7,True,"[""WAITED""]",24,0,0,False,1,,0
r1-1501102,44,2,13,3,13,0bed7ddb2296a343c14967cebc205fd50e1981fd036e2180b370fd77782403f7,False,"[""MOVED_RIGHT""]",24,0,0,False,1,,0
r1-1501102,45,3,13,3,13,0bed7ddb2296a343c14967cebc205fd50e1981fd036e2180b370fd77782403f7,False,"[""BOMB_DROPPED""]",23,0,0,False,3,,0
r1-1501102,46,3,13,3,14,0bed7ddb2296a343c14967cebc205fd50e1981fd036e2180b370fd77782403f7,True,"[""MOVED_DOWN""]",23,0,0,False,3,,0
r1-1501102,47,3,14,3,14,0bed7ddb2296a343c14967cebc205fd50e1981fd036e2180b370fd77782403f7,True,"[""WAITED""]",24,0,0,False,1,,0
r1-1501102,48,3,14,3,15,0bed7ddb2296a343c14967cebc205fd50e1981fd036e2180b370fd77782403f7,True,"[""MOVED_DOWN""]",24,0,0,False,1,,0
r1-1501102,49,3,15,2,15,0bed7ddb2296a343c14967cebc205fd50e1981fd036e2180b370fd77782403f7,True,"[""MOVED_LEFT"",""BOMB_EXPLODED"",""CRATE_DESTROYED"",""CRATE_DESTROYED"",""COIN_FOUND"",""CRATE_DESTROYED"",""CRATE_DESTROYED""]",25,0,0,False,0,,0
r1-1501102,50,2,15,2,15,24b3475997d5d9e68a96f0d3c2ede2631685e705855919e79b540f86dd03a890,True,"[""WAITED""]",26,0,0,False,0,,0
r1-1501102,51,2,15,3,15,24b3475997d5d9e68a96f0d3c2ede2631685e705855919e79b540f86dd03a890,False,"[""MOVED_RIGHT""]",26,0,0,False,0,,0
r1-1501102,52,3,15,4,15,24b3475997d5d9e68a96f0d3c2ede2631685e705855919e79b540f86dd03a890,False,"[""MOVED_RIGHT""]",25,0,0,False,0,,0
r1-1501102,53,4,15,5,15,24b3475997d5d9e68a96f0d3c2ede2631685e705855919e79b540f86dd03a890,False,"[""MOVED_RIGHT""]",25,0,0,False,1,,0
r1-1501102,54,5,15,6,15,24b3475997d5d9e68a96f0d3c2ede2631685e705855919e79b540f86dd03a890,False,"[""MOVED_RIGHT""]",23,0,0,False,3,,0
r1-1501102,55,6,15,6,15,24b3475997d5d9e68a96f0d3c2ede2631685e705855919e79b540f86dd03a890,False,"[""BOMB_DROPPED""]",22,0,0,False,3,,0
r1-1501102,56,6,15,5,15,24b3475997d5d9e68a96f0d3c2ede2631685e705855919e79b540f86dd03a890,True,"[""MOVED_LEFT""]",23,0,0,False,3,,0
r1-1501102,57,5,15,4,15,24b3475997d5d9e68a96f0d3c2ede2631685e705855919e79b540f86dd03a890,True,"[""MOVED_LEFT""]",24,0,0,False,3,,0
r1-1501102,58,4,15,3,15,24b3475997d5d9e68a96f0d3c2ede2631685e705855919e79b540f86dd03a890,True,"[""MOVED_LEFT""]",24,0,0,False,1,,0
r1-1501102,59,3,15,3,14,24b3475997d5d9e68a96f0d3c2ede2631685e705855919e79b540f86dd03a890,True,"[""MOVED_UP"",""BOMB_EXPLODED"",""CRATE_DESTROYED"",""CRATE_DESTROYED"",""CRATE_DESTROYED""]",26,0,0,False,0,,0
r1-1501102,60,3,14,3,13,e9773c35f4f64eeb9893ddfaed3461e947de0226f33056835cc72ef89dd7186a,True,"[""MOVED_UP""]",24,0,0,False,0,,0
r1-1501102,61,3,13,4,13,e9773c35f4f64eeb9893ddfaed3461e947de0226f33056835cc72ef89dd7186a,False,"[""MOVED_RIGHT""]",24,0,0,False,0,,0
r1-1501102,62,4,13,5,13,e9773c35f4f64eeb9893ddfaed3461e947de0226f33056835cc72ef89dd7186a,False,"[""MOVED_RIGHT""]",23,0,0,False,1,,0
r1-1501102,63,5,13,6,13,e9773c35f4f64eeb9893ddfaed3461e947de0226f33056835cc72ef89dd7186a,False,"[""MOVED_RIGHT"",""COIN_COLLECTED""]",21,0,0,False,3,,0
r1-1501102,64,6,13,6,13,f4ce5d59de1757bee3be04c8844bffa5ffdd99d927219d502e84bc4245263cca,False,"[""BOMB_DROPPED""]",21,0,0,False,3,,0
r1-1501102,65,6,13,5,13,f4ce5d59de1757bee3be04c8844bffa5ffdd99d927219d502e84bc4245263cca,True,"[""MOVED_LEFT""]",20,0,0,False,3,,0
r1-1501102,66,5,13,4,13,f4ce5d59de1757bee3be04c8844bffa5ffdd99d927219d502e84bc4245263cca,True,"[""MOVED_LEFT""]",21,0,0,False,3,,0
r1-1501102,67,4,13,3,13,f4ce5d59de1757bee3be04c8844bffa5ffdd99d927219d502e84bc4245263cca,True,"[""MOVED_LEFT""]",22,0,0,False,1,,0
r1-1501102,68,3,13,3,12,f4ce5d59de1757bee3be04c8844bffa5ffdd99d927219d502e84bc4245263cca,True,"[""MOVED_UP"",""BOMB_EXPLODED"",""CRATE_DESTROYED"",""CRATE_DESTROYED"",""CRATE_DESTROYED""]",24,0,0,False,0,,0
r1-1501102,69,3,12,3,11,142f4f3ea29a5105c7dcd8a3da437651a30fcf372046f32b3061c8979c246988,True,"[""MOVED_UP""]",22,0,0,False,0,,0
r1-1501102,70,3,11,3,12,142f4f3ea29a5105c7dcd8a3da437651a30fcf372046f32b3061c8979c246988,False,"[""MOVED_DOWN""]",21,0,0,False,3,,0
r1-1501102,71,3,12,3,11,142f4f3ea29a5105c7dcd8a3da437651a30fcf372046f32b3061c8979c246988,False,"[""MOVED_UP""]",22,0,0,False,0,,0
r1-1501102,72,3,11,3,11,142f4f3ea29a5105c7dcd8a3da437651a30fcf372046f32b3061c8979c246988,False,"[""BOMB_DROPPED""]",21,0,0,False,3,,0
r1-1501102,73,3,11,3,11,142f4f3ea29a5105c7dcd8a3da437651a30fcf372046f32b3061c8979c246988,True,"[""WAITED""]",21,0,0,False,3,,0
r1-1501102,74,3,11,3,12,142f4f3ea29a5105c7dcd8a3da437651a30fcf372046f32b3061c8979c246988,True,"[""MOVED_DOWN""]",22,0,0,False,3,,0
r1-1501102,75,3,12,3,13,142f4f3ea29a5105c7dcd8a3da437651a30fcf372046f32b3061c8979c246988,True,"[""MOVED_DOWN""]",22,0,0,False,0,,0
r1-1501102,76,3,13,2,13,142f4f3ea29a5105c7dcd8a3da437651a30fcf372046f32b3061c8979c246988,True,"[""MOVED_LEFT"",""BOMB_EXPLODED"",""CRATE_DESTROYED"",""CRATE_DESTROYED"",""COIN_FOUND"",""CRATE_DESTROYED"",""CRATE_DESTROYED"",""COIN_FOUND""]",23,0,0,False,0,,0
r1-1501102,77,2,13,1,13,e1eb25d7926bec444ba5f49caef838b6b038a0dd4307a8a636d79cc90af7db6a,True,"[""MOVED_LEFT""]",24,0,0,False,0,,0
r1-1501102,78,1,13,1,14,e1eb25d7926bec444ba5f49caef838b6b038a0dd4307a8a636d79cc90af7db6a,False,"[""MOVED_DOWN""]",26,0,0,False,0,,0
r1-1501102,79,1,14,1,14,e1eb25d7926bec444ba5f49caef838b6b038a0dd4307a8a636d79cc90af7db6a,False,"[""BOMB_DROPPED""]",27,0,0,False,0,,-0.5
r1-1501102,80,1,14,1,14,e1eb25d7926bec444ba5f49caef838b6b038a0dd4307a8a636d79cc90af7db6a,True,"[""WAITED""]",27,0,0,False,0,,0
r1-1501102,81,1,14,1,14,e1eb25d7926bec444ba5f49caef838b6b038a0dd4307a8a636d79cc90af7db6a,True,"[""WAITED""]",27,0,0,False,0,,0
r1-1501102,82,1,14,1,15,e1eb25d7926bec444ba5f49caef838b6b038a0dd4307a8a636d79cc90af7db6a,True,"[""MOVED_DOWN""]",26,0,0,False,0,,0
r1-1501102,83,1,15,2,15,e1eb25d7926bec444ba5f49caef838b6b038a0dd4307a8a636d79cc90af7db6a,True,"[""MOVED_RIGHT"",""BOMB_EXPLODED""]",27,0,0,False,0,,0
r1-1501102,84,2,15,3,15,e1eb25d7926bec444ba5f49caef838b6b038a0dd4307a8a636d79cc90af7db6a,True,"[""MOVED_RIGHT""]",26,0,0,False,0,,0
r1-1501102,85,3,15,3,15,e1eb25d7926bec444ba5f49caef838b6b038a0dd4307a8a636d79cc90af7db6a,False,"[""WAITED""]",25,0,0,False,0,,0
r1-1501102,86,3,15,3,15,e1eb25d7926bec444ba5f49caef838b6b038a0dd4307a8a636d79cc90af7db6a,False,"[""BOMB_DROPPED""]",26,0,0,False,0,,-0.5
r1-1501102,87,3,15,3,15,e1eb25d7926bec444ba5f49caef838b6b038a0dd4307a8a636d79cc90af7db6a,True,"[""WAITED""]",25,0,0,False,0,,0
r1-1501102,88,3,15,3,14,e1eb25d7926bec444ba5f49caef838b6b038a0dd4307a8a636d79cc90af7db6a,True,"[""MOVED_UP""]",25,0,0,False,0,,0
r1-1501102,89,3,14,3,13,e1eb25d7926bec444ba5f49caef838b6b038a0dd4307a8a636d79cc90af7db6a,True,"[""MOVED_UP""]",24,0,0,False,0,,0
r1-1501102,90,3,13,2,13,e1eb25d7926bec444ba5f49caef838b6b038a0dd4307a8a636d79cc90af7db6a,True,"[""MOVED_LEFT"",""BOMB_EXPLODED""]",23,0,0,False,0,,0
r1-1501102,91,2,13,1,13,e1eb25d7926bec444ba5f49caef838b6b038a0dd4307a8a636d79cc90af7db6a,True,"[""MOVED_LEFT""]",24,0,0,False,0,,0
r1-1501102,92,1,13,1,14,e1eb25d7926bec444ba5f49caef838b6b038a0dd4307a8a636d79cc90af7db6a,False,"[""MOVED_DOWN""]",26,0,0,False,0,,0
r1-1501102,93,1,14,1,14,e1eb25d7926bec444ba5f49caef838b6b038a0dd4307a8a636d79cc90af7db6a,False,"[""BOMB_DROPPED""]",27,0,0,False,0,,-0.5
r1-1501102,94,1,14,1,14,e1eb25d7926bec444ba5f49caef838b6b038a0dd4307a8a636d79cc90af7db6a,True,"[""WAITED""]",26,0,0,False,0,,0
r1-1501102,95,1,14,1,14,e1eb25d7926bec444ba5f49caef838b6b038a0dd4307a8a636d79cc90af7db6a,True,"[""WAITED""]",26,0,0,False,0,,0
r1-1501102,96,1,14,1,15,e1eb25d7926bec444ba5f49caef838b6b038a0dd4307a8a636d79cc90af7db6a,True,"[""MOVED_DOWN""]",26,0,0,False,0,,0
r1-1501102,97,1,15,2,15,e1eb25d7926bec444ba5f49caef838b6b038a0dd4307a8a636d79cc90af7db6a,True,"[""MOVED_RIGHT"",""BOMB_EXPLODED""]",27,0,0,False,0,,0
r1-1501102,98,2,15,3,15,e1eb25d7926bec444ba5f49caef838b6b038a0dd4307a8a636d79cc90af7db6a,True,"[""MOVED_RIGHT""]",27,0,0,False,0,,0
r1-1501102,99,3,15,3,15,e1eb25d7926bec444ba5f49caef838b6b038a0dd4307a8a636d79cc90af7db6a,False,"[""WAITED""]",25,0,0,False,0,,0
r1-1501102,100,3,15,3,15,e1eb25d7926bec444ba5f49caef838b6b038a0dd4307a8a636d79cc90af7db6a,False,"[""BOMB_DROPPED""]",25,0,0,False,0,,-0.5
r1-1501102,101,3,15,3,15,e1eb25d7926bec444ba5f49caef838b6b038a0dd4307a8a636d79cc90af7db6a,True,"[""WAITED""]",26,0,0,False,0,,0
r1-1501102,102,3,15,3,14,e1eb25d7926bec444ba5f49caef838b6b038a0dd4307a8a636d79cc90af7db6a,True,"[""MOVED_UP""]",25,0,0,False,0,,0
r1-1501102,103,3,14,3,13,e1eb25d7926bec444ba5f49caef838b6b038a0dd4307a8a636d79cc90af7db6a,True,"[""MOVED_UP""]",25,0,0,False,0,,0
r1-1501102,104,3,13,2,13,e1eb25d7926bec444ba5f49caef838b6b038a0dd4307a8a636d79cc90af7db6a,True,"[""MOVED_LEFT"",""BOMB_EXPLODED""]",24,0,0,False,0,,0
r1-1501102,105,2,13,1,13,e1eb25d7926bec444ba5f49caef838b6b038a0dd4307a8a636d79cc90af7db6a,True,"[""MOVED_LEFT""]",25,0,0,False,0,,0
r1-1501102,106,1,13,1,14,e1eb25d7926bec444ba5f49caef838b6b038a0dd4307a8a636d79cc90af7db6a,False,"[""MOVED_DOWN""]",26,0,0,False,0,,0
r1-1501102,107,1,14,1,14,e1eb25d7926bec444ba5f49caef838b6b038a0dd4307a8a636d79cc90af7db6a,False,"[""BOMB_DROPPED""]",26,0,0,False,0,,-0.5
r1-1501102,108,1,14,1,14,e1eb25d7926bec444ba5f49caef838b6b038a0dd4307a8a636d79cc90af7db6a,True,"[""WAITED""]",26,0,0,False,0,,0
r1-1501102,109,1,14,1,14,e1eb25d7926bec444ba5f49caef838b6b038a0dd4307a8a636d79cc90af7db6a,True,"[""WAITED""]",26,0,0,False,0,,0
r1-1501102,110,1,14,1,15,e1eb25d7926bec444ba5f49caef838b6b038a0dd4307a8a636d79cc90af7db6a,True,"[""MOVED_DOWN""]",26,0,0,False,0,,0
r1-1501102,111,1,15,2,15,e1eb25d7926bec444ba5f49caef838b6b038a0dd4307a8a636d79cc90af7db6a,True,"[""MOVED_RIGHT"",""BOMB_EXPLODED""]",27,0,0,False,0,,0
r1-1501102,112,2,15,3,15,e1eb25d7926bec444ba5f49caef838b6b038a0dd4307a8a636d79cc90af7db6a,True,"[""MOVED_RIGHT""]",26,0,0,False,0,,0
r1-1501102,113,3,15,3,15,e1eb25d7926bec444ba5f49caef838b6b038a0dd4307a8a636d79cc90af7db6a,False,"[""WAITED""]",25,0,0,False,0,,0
r1-1501102,114,3,15,3,15,e1eb25d7926bec444ba5f49caef838b6b038a0dd4307a8a636d79cc90af7db6a,False,"[""BOMB_DROPPED""]",25,0,0,False,0,,-0.5
r1-1501102,115,3,15,3,15,e1eb25d7926bec444ba5f49caef838b6b038a0dd4307a8a636d79cc90af7db6a,True,"[""WAITED""]",26,0,0,False,0,,0
r1-1501102,116,3,15,3,14,e1eb25d7926bec444ba5f49caef838b6b038a0dd4307a8a636d79cc90af7db6a,True,"[""MOVED_UP""]",25,0,0,False,0,,0
r1-1501102,117,3,14,3,13,e1eb25d7926bec444ba5f49caef838b6b038a0dd4307a8a636d79cc90af7db6a,True,"[""MOVED_UP""]",24,0,0,False,0,,0
r1-1501102,118,3,13,2,13,e1eb25d7926bec444ba5f49caef838b6b038a0dd4307a8a636d79cc90af7db6a,True,"[""MOVED_LEFT"",""BOMB_EXPLODED""]",23,0,0,False,0,,0
r1-1501102,119,2,13,1,13,e1eb25d7926bec444ba5f49caef838b6b038a0dd4307a8a636d79cc90af7db6a,True,"[""MOVED_LEFT""]",24,0,0,False,0,,0
r1-1501102,120,1,13,1,14,e1eb25d7926bec444ba5f49caef838b6b038a0dd4307a8a636d79cc90af7db6a,False,"[""MOVED_DOWN""]",25,0,0,False,0,,0
r1-1501102,121,1,14,1,14,e1eb25d7926bec444ba5f49caef838b6b038a0dd4307a8a636d79cc90af7db6a,False,"[""BOMB_DROPPED""]",26,0,0,False,0,,-0.5
r1-1501102,122,1,14,1,14,e1eb25d7926bec444ba5f49caef838b6b038a0dd4307a8a636d79cc90af7db6a,True,"[""WAITED""]",26,0,0,False,0,,0
r1-1501102,123,1,14,1,14,e1eb25d7926bec444ba5f49caef838b6b038a0dd4307a8a636d79cc90af7db6a,True,"[""WAITED""]",26,0,0,False,0,,0
r1-1501102,124,1,14,1,15,e1eb25d7926bec444ba5f49caef838b6b038a0dd4307a8a636d79cc90af7db6a,True,"[""MOVED_DOWN""]",26,0,0,False,0,,0
r1-1501102,125,1,15,2,15,e1eb25d7926bec444ba5f49caef838b6b038a0dd4307a8a636d79cc90af7db6a,True,"[""MOVED_RIGHT"",""BOMB_EXPLODED""]",28,0,0,False,0,,0
r1-1501102,126,2,15,3,15,e1eb25d7926bec444ba5f49caef838b6b038a0dd4307a8a636d79cc90af7db6a,True,"[""MOVED_RIGHT""]",26,0,0,False,0,,0
r1-1501102,127,3,15,3,15,e1eb25d7926bec444ba5f49caef838b6b038a0dd4307a8a636d79cc90af7db6a,False,"[""WAITED""]",25,0,0,False,0,,0
r1-1501102,128,3,15,3,15,e1eb25d7926bec444ba5f49caef838b6b038a0dd4307a8a636d79cc90af7db6a,False,"[""BOMB_DROPPED""]",25,0,0,False,0,,-0.5
r1-1501102,129,3,15,3,15,e1eb25d7926bec444ba5f49caef838b6b038a0dd4307a8a636d79cc90af7db6a,True,"[""WAITED""]",26,0,0,False,0,,0
r1-1501102,130,3,15,3,14,e1eb25d7926bec444ba5f49caef838b6b038a0dd4307a8a636d79cc90af7db6a,True,"[""MOVED_UP""]",25,0,0,False,0,,0
r1-1501102,131,3,14,3,13,e1eb25d7926bec444ba5f49caef838b6b038a0dd4307a8a636d79cc90af7db6a,True,"[""MOVED_UP""]",25,0,0,False,0,,0
r1-1501102,132,3,13,2,13,e1eb25d7926bec444ba5f49caef838b6b038a0dd4307a8a636d79cc90af7db6a,True,"[""MOVED_LEFT"",""BOMB_EXPLODED""]",24,0,0,False,0,,0
r1-1501102,133,2,13,1,13,e1eb25d7926bec444ba5f49caef838b6b038a0dd4307a8a636d79cc90af7db6a,True,"[""MOVED_LEFT""]",25,0,0,False,0,,0
r1-1501102,134,1,13,1,14,e1eb25d7926bec444ba5f49caef838b6b038a0dd4307a8a636d79cc90af7db6a,False,"[""MOVED_DOWN""]",25,0,0,False,0,,0
r1-1501102,135,1,14,1,14,e1eb25d7926bec444ba5f49caef838b6b038a0dd4307a8a636d79cc90af7db6a,False,"[""BOMB_DROPPED""]",27,0,0,False,0,,-0.5
r1-1501102,136,1,14,1,14,e1eb25d7926bec444ba5f49caef838b6b038a0dd4307a8a636d79cc90af7db6a,True,"[""WAITED""]",26,0,0,False,0,,0
r1-1501102,137,1,14,1,14,e1eb25d7926bec444ba5f49caef838b6b038a0dd4307a8a636d79cc90af7db6a,True,"[""WAITED""]",26,0,0,False,0,,0
r1-1501102,138,1,14,1,15,e1eb25d7926bec444ba5f49caef838b6b038a0dd4307a8a636d79cc90af7db6a,True,"[""MOVED_DOWN""]",26,0,0,False,0,,0
r1-1501102,139,1,15,2,15,e1eb25d7926bec444ba5f49caef838b6b038a0dd4307a8a636d79cc90af7db6a,True,"[""MOVED_RIGHT"",""BOMB_EXPLODED""]",27,0,0,False,0,,0
r1-1501102,140,2,15,3,15,e1eb25d7926bec444ba5f49caef838b6b038a0dd4307a8a636d79cc90af7db6a,True,"[""MOVED_RIGHT""]",26,0,0,False,0,,0
r1-1501102,141,3,15,3,15,e1eb25d7926bec444ba5f49caef838b6b038a0dd4307a8a636d79cc90af7db6a,False,"[""WAITED""]",25,0,0,False,0,,0
r1-1501102,142,3,15,3,15,e1eb25d7926bec444ba5f49caef838b6b038a0dd4307a8a636d79cc90af7db6a,False,"[""BOMB_DROPPED""]",25,0,0,False,0,,-0.5
r1-1501102,143,3,15,3,15,e1eb25d7926bec444ba5f49caef838b6b038a0dd4307a8a636d79cc90af7db6a,True,"[""WAITED""]",25,0,0,False,0,,0
r1-1501102,144,3,15,3,14,e1eb25d7926bec444ba5f49caef838b6b038a0dd4307a8a636d79cc90af7db6a,True,"[""MOVED_UP""]",26,0,0,False,0,,0
r1-1501102,145,3,14,3,13,e1eb25d7926bec444ba5f49caef838b6b038a0dd4307a8a636d79cc90af7db6a,True,"[""MOVED_UP""]",24,0,0,False,0,,0
r1-1501102,146,3,13,2,13,e1eb25d7926bec444ba5f49caef838b6b038a0dd4307a8a636d79cc90af7db6a,True,"[""MOVED_LEFT"",""BOMB_EXPLODED""]",23,0,0,False,0,,0
r1-1501102,147,2,13,1,13,e1eb25d7926bec444ba5f49caef838b6b038a0dd4307a8a636d79cc90af7db6a,True,"[""MOVED_LEFT""]",24,0,0,False,0,,0
r1-1501102,148,1,13,1,14,e1eb25d7926bec444ba5f49caef838b6b038a0dd4307a8a636d79cc90af7db6a,False,"[""MOVED_DOWN""]",25,0,0,False,0,,0
r1-1501102,149,1,14,1,14,e1eb25d7926bec444ba5f49caef838b6b038a0dd4307a8a636d79cc90af7db6a,False,"[""BOMB_DROPPED""]",26,0,0,False,0,,-0.5
r1-1501102,150,1,14,1,14,e1eb25d7926bec444ba5f49caef838b6b038a0dd4307a8a636d79cc90af7db6a,True,"[""WAITED""]",27,0,0,False,0,,0
r1-1501102,151,1,14,1,14,e1eb25d7926bec444ba5f49caef838b6b038a0dd4307a8a636d79cc90af7db6a,True,"[""WAITED""]",26,0,0,False,0,,0
r1-1501102,152,1,14,1,15,e1eb25d7926bec444ba5f49caef838b6b038a0dd4307a8a636d79cc90af7db6a,True,"[""MOVED_DOWN""]",26,0,0,False,0,,0
r1-1501102,153,1,15,2,15,e1eb25d7926bec444ba5f49caef838b6b038a0dd4307a8a636d79cc90af7db6a,True,"[""MOVED_RIGHT"",""BOMB_EXPLODED""]",27,0,0,False,0,,0
r1-1501102,154,2,15,3,15,e1eb25d7926bec444ba5f49caef838b6b038a0dd4307a8a636d79cc90af7db6a,True,"[""MOVED_RIGHT""]",26,0,0,False,0,,0
r1-1501102,155,3,15,3,15,e1eb25d7926bec444ba5f49caef838b6b038a0dd4307a8a636d79cc90af7db6a,False,"[""WAITED""]",25,0,0,False,0,,0
r1-1501102,156,3,15,3,15,e1eb25d7926bec444ba5f49caef838b6b038a0dd4307a8a636d79cc90af7db6a,False,"[""BOMB_DROPPED""]",25,0,0,False,0,,-0.5
r1-1501102,157,3,15,3,15,e1eb25d7926bec444ba5f49caef838b6b038a0dd4307a8a636d79cc90af7db6a,True,"[""WAITED""]",25,0,0,False,0,,0
r1-1501102,158,3,15,3,14,e1eb25d7926bec444ba5f49caef838b6b038a0dd4307a8a636d79cc90af7db6a,True,"[""MOVED_UP""]",25,0,0,False,0,,0
r1-1501102,159,3,14,3,13,e1eb25d7926bec444ba5f49caef838b6b038a0dd4307a8a636d79cc90af7db6a,True,"[""MOVED_UP""]",25,0,0,False,0,,0
r1-1501102,160,3,13,2,13,e1eb25d7926bec444ba5f49caef838b6b038a0dd4307a8a636d79cc90af7db6a,True,"[""MOVED_LEFT"",""BOMB_EXPLODED""]",23,0,0,False,0,,0
r1-1501102,161,2,13,1,13,e1eb25d7926bec444ba5f49caef838b6b038a0dd4307a8a636d79cc90af7db6a,True,"[""MOVED_LEFT""]",25,0,0,False,0,,0
r1-1501102,162,1,13,1,14,e1eb25d7926bec444ba5f49caef838b6b038a0dd4307a8a636d79cc90af7db6a,False,"[""MOVED_DOWN""]",26,0,0,False,0,,0
r1-1501102,163,1,14,1,14,e1eb25d7926bec444ba5f49caef838b6b038a0dd4307a8a636d79cc90af7db6a,False,"[""BOMB_DROPPED""]",26,0,0,False,0,,-0.5
r1-1501102,164,1,14,1,14,e1eb25d7926bec444ba5f49caef838b6b038a0dd4307a8a636d79cc90af7db6a,True,"[""WAITED""]",27,0,0,False,0,,0
r1-1501102,165,1,14,1,14,e1eb25d7926bec444ba5f49caef838b6b038a0dd4307a8a636d79cc90af7db6a,True,"[""WAITED""]",26,0,0,False,0,,0
r1-1501102,166,1,14,1,15,e1eb25d7926bec444ba5f49caef838b6b038a0dd4307a8a636d79cc90af7db6a,True,"[""MOVED_DOWN""]",26,0,0,False,0,,0
r1-1501102,167,1,15,2,15,e1eb25d7926bec444ba5f49caef838b6b038a0dd4307a8a636d79cc90af7db6a,True,"[""MOVED_RIGHT"",""BOMB_EXPLODED""]",27,0,0,False,0,,0
r1-1501102,168,2,15,3,15,e1eb25d7926bec444ba5f49caef838b6b038a0dd4307a8a636d79cc90af7db6a,True,"[""MOVED_RIGHT""]",26,0,0,False,0,,0
r1-1501102,169,3,15,3,15,e1eb25d7926bec444ba5f49caef838b6b038a0dd4307a8a636d79cc90af7db6a,False,"[""WAITED""]",26,0,0,False,0,,0
r1-1501102,170,3,15,3,15,e1eb25d7926bec444ba5f49caef838b6b038a0dd4307a8a636d79cc90af7db6a,False,"[""BOMB_DROPPED""]",26,0,0,False,0,,-0.5
r1-1501102,171,3,15,3,15,e1eb25d7926bec444ba5f49caef838b6b038a0dd4307a8a636d79cc90af7db6a,True,"[""WAITED""]",26,0,0,False,0,,0
r1-1501102,172,3,15,3,14,e1eb25d7926bec444ba5f49caef838b6b038a0dd4307a8a636d79cc90af7db6a,True,"[""MOVED_UP""]",25,0,0,False,0,,0
r1-1501102,173,3,14,3,13,e1eb25d7926bec444ba5f49caef838b6b038a0dd4307a8a636d79cc90af7db6a,True,"[""MOVED_UP""]",24,0,0,False,0,,0
r1-1501102,174,3,13,2,13,e1eb25d7926bec444ba5f49caef838b6b038a0dd4307a8a636d79cc90af7db6a,True,"[""MOVED_LEFT"",""BOMB_EXPLODED""]",23,0,0,False,0,,0
r1-1501102,175,2,13,1,13,e1eb25d7926bec444ba5f49caef838b6b038a0dd4307a8a636d79cc90af7db6a,True,"[""MOVED_LEFT""]",24,0,0,False,0,,0
r1-1501102,176,1,13,1,14,e1eb25d7926bec444ba5f49caef838b6b038a0dd4307a8a636d79cc90af7db6a,False,"[""MOVED_DOWN""]",25,0,0,False,0,,0
r1-1501102,177,1,14,1,14,e1eb25d7926bec444ba5f49caef838b6b038a0dd4307a8a636d79cc90af7db6a,False,"[""BOMB_DROPPED""]",26,0,0,False,0,,-0.5
r1-1501102,178,1,14,1,14,e1eb25d7926bec444ba5f49caef838b6b038a0dd4307a8a636d79cc90af7db6a,True,"[""WAITED""]",26,0,0,False,0,,0
r1-1501102,179,1,14,1,14,e1eb25d7926bec444ba5f49caef838b6b038a0dd4307a8a636d79cc90af7db6a,True,"[""WAITED""]",27,0,0,False,0,,0
r1-1501102,180,1,14,1,15,e1eb25d7926bec444ba5f49caef838b6b038a0dd4307a8a636d79cc90af7db6a,True,"[""MOVED_DOWN""]",27,0,0,False,0,,0
r1-1501102,181,1,15,2,15,e1eb25d7926bec444ba5f49caef838b6b038a0dd4307a8a636d79cc90af7db6a,True,"[""MOVED_RIGHT"",""BOMB_EXPLODED""]",27,0,0,False,0,,0
r1-1501102,182,2,15,3,15,e1eb25d7926bec444ba5f49caef838b6b038a0dd4307a8a636d79cc90af7db6a,True,"[""MOVED_RIGHT""]",26,0,0,False,0,,0
r1-1501102,183,3,15,3,15,e1eb25d7926bec444ba5f49caef838b6b038a0dd4307a8a636d79cc90af7db6a,False,"[""WAITED""]",25,0,0,False,0,,0
r1-1501102,184,3,15,3,15,e1eb25d7926bec444ba5f49caef838b6b038a0dd4307a8a636d79cc90af7db6a,False,"[""BOMB_DROPPED""]",26,0,0,False,0,,-0.5
r1-1501102,185,3,15,3,15,e1eb25d7926bec444ba5f49caef838b6b038a0dd4307a8a636d79cc90af7db6a,True,"[""WAITED""]",25,0,0,False,0,,0
r1-1501102,186,3,15,3,14,e1eb25d7926bec444ba5f49caef838b6b038a0dd4307a8a636d79cc90af7db6a,True,"[""MOVED_UP""]",25,0,0,False,0,,0
r1-1501102,187,3,14,3,13,e1eb25d7926bec444ba5f49caef838b6b038a0dd4307a8a636d79cc90af7db6a,True,"[""MOVED_UP""]",24,0,0,False,0,,0
r1-1501102,188,3,13,2,13,e1eb25d7926bec444ba5f49caef838b6b038a0dd4307a8a636d79cc90af7db6a,True,"[""MOVED_LEFT"",""BOMB_EXPLODED""]",23,0,0,False,0,,0
r1-1501102,189,2,13,1,13,e1eb25d7926bec444ba5f49caef838b6b038a0dd4307a8a636d79cc90af7db6a,True,"[""MOVED_LEFT""]",24,0,0,False,0,,0
r1-1501102,190,1,13,1,14,e1eb25d7926bec444ba5f49caef838b6b038a0dd4307a8a636d79cc90af7db6a,False,"[""MOVED_DOWN""]",26,0,0,False,0,,0
r1-1501102,191,1,14,1,14,e1eb25d7926bec444ba5f49caef838b6b038a0dd4307a8a636d79cc90af7db6a,False,"[""BOMB_DROPPED""]",27,0,0,False,0,,-0.5
r1-1501102,192,1,14,1,14,e1eb25d7926bec444ba5f49caef838b6b038a0dd4307a8a636d79cc90af7db6a,True,"[""WAITED""]",26,0,0,False,0,,0
r1-1501102,193,1,14,1,14,e1eb25d7926bec444ba5f49caef838b6b038a0dd4307a8a636d79cc90af7db6a,True,"[""WAITED""]",27,0,0,False,0,,0
r1-1501102,194,1,14,1,15,e1eb25d7926bec444ba5f49caef838b6b038a0dd4307a8a636d79cc90af7db6a,True,"[""MOVED_DOWN""]",26,0,0,False,0,,0
r1-1501102,195,1,15,2,15,e1eb25d7926bec444ba5f49caef838b6b038a0dd4307a8a636d79cc90af7db6a,True,"[""MOVED_RIGHT"",""BOMB_EXPLODED""]",27,0,0,False,0,,0
r1-1501102,196,2,15,3,15,e1eb25d7926bec444ba5f49caef838b6b038a0dd4307a8a636d79cc90af7db6a,True,"[""MOVED_RIGHT""]",26,0,0,False,0,,0
r1-1501102,197,3,15,3,15,e1eb25d7926bec444ba5f49caef838b6b038a0dd4307a8a636d79cc90af7db6a,False,"[""WAITED""]",25,0,0,False,0,,0
r1-1501102,198,3,15,3,15,e1eb25d7926bec444ba5f49caef838b6b038a0dd4307a8a636d79cc90af7db6a,False,"[""BOMB_DROPPED""]",25,0,0,False,0,,-0.5
r1-1501102,199,3,15,3,15,e1eb25d7926bec444ba5f49caef838b6b038a0dd4307a8a636d79cc90af7db6a,True,"[""WAITED""]",26,0,0,False,0,,0
r1-1501102,200,3,15,3,14,e1eb25d7926bec444ba5f49caef838b6b038a0dd4307a8a636d79cc90af7db6a,True,"[""MOVED_UP""]",26,0,0,False,0,,0
r1-1501102,201,3,14,3,13,e1eb25d7926bec444ba5f49caef838b6b038a0dd4307a8a636d79cc90af7db6a,True,"[""MOVED_UP""]",24,0,0,False,0,,0
r1-1501102,202,3,13,2,13,e1eb25d7926bec444ba5f49caef838b6b038a0dd4307a8a636d79cc90af7db6a,True,"[""MOVED_LEFT"",""BOMB_EXPLODED""]",24,0,0,False,0,,0
r1-1501102,203,2,13,1,13,e1eb25d7926bec444ba5f49caef838b6b038a0dd4307a8a636d79cc90af7db6a,True,"[""MOVED_LEFT""]",24,0,0,False,0,,0
r1-1501102,204,1,13,1,14,e1eb25d7926bec444ba5f49caef838b6b038a0dd4307a8a636d79cc90af7db6a,False,"[""MOVED_DOWN""]",25,0,0,False,0,,0
r1-1501102,205,1,14,1,14,e1eb25d7926bec444ba5f49caef838b6b038a0dd4307a8a636d79cc90af7db6a,False,"[""BOMB_DROPPED""]",26,0,0,False,0,,-0.5
r1-1501102,206,1,14,1,14,e1eb25d7926bec444ba5f49caef838b6b038a0dd4307a8a636d79cc90af7db6a,True,"[""WAITED""]",26,0,0,False,0,,0
r1-1501102,207,1,14,1,14,e1eb25d7926bec444ba5f49caef838b6b038a0dd4307a8a636d79cc90af7db6a,True,"[""WAITED""]",26,0,0,False,0,,0
r1-1501102,208,1,14,1,15,e1eb25d7926bec444ba5f49caef838b6b038a0dd4307a8a636d79cc90af7db6a,True,"[""MOVED_DOWN""]",26,0,0,False,0,,0
r1-1501102,209,1,15,2,15,e1eb25d7926bec444ba5f49caef838b6b038a0dd4307a8a636d79cc90af7db6a,True,"[""MOVED_RIGHT"",""BOMB_EXPLODED""]",27,0,0,False,0,,0
r1-1501102,210,2,15,3,15,e1eb25d7926bec444ba5f49caef838b6b038a0dd4307a8a636d79cc90af7db6a,True,"[""MOVED_RIGHT""]",27,0,0,False,0,,0
r1-1501102,211,3,15,3,15,e1eb25d7926bec444ba5f49caef838b6b038a0dd4307a8a636d79cc90af7db6a,False,"[""WAITED""]",26,0,0,False,0,,0
r1-1501102,212,3,15,3,15,e1eb25d7926bec444ba5f49caef838b6b038a0dd4307a8a636d79cc90af7db6a,False,"[""BOMB_DROPPED""]",26,0,0,False,0,,-0.5
r1-1501102,213,3,15,3,15,e1eb25d7926bec444ba5f49caef838b6b038a0dd4307a8a636d79cc90af7db6a,True,"[""WAITED""]",25,0,0,False,0,,0
r1-1501102,214,3,15,3,14,e1eb25d7926bec444ba5f49caef838b6b038a0dd4307a8a636d79cc90af7db6a,True,"[""MOVED_UP""]",26,0,0,False,0,,0
r1-1501102,215,3,14,3,13,e1eb25d7926bec444ba5f49caef838b6b038a0dd4307a8a636d79cc90af7db6a,True,"[""MOVED_UP""]",25,0,0,False,0,,0
r1-1501102,216,3,13,2,13,e1eb25d7926bec444ba5f49caef838b6b038a0dd4307a8a636d79cc90af7db6a,True,"[""MOVED_LEFT"",""BOMB_EXPLODED""]",24,0,0,False,0,,0
r1-1501102,217,2,13,1,13,e1eb25d7926bec444ba5f49caef838b6b038a0dd4307a8a636d79cc90af7db6a,True,"[""MOVED_LEFT""]",24,0,0,False,0,,0
r1-1501102,218,1,13,1,14,e1eb25d7926bec444ba5f49caef838b6b038a0dd4307a8a636d79cc90af7db6a,False,"[""MOVED_DOWN""]",25,0,0,False,0,,0
r1-1501102,219,1,14,1,14,e1eb25d7926bec444ba5f49caef838b6b038a0dd4307a8a636d79cc90af7db6a,False,"[""BOMB_DROPPED""]",26,0,0,False,0,,-0.5
r1-1501102,220,1,14,1,14,e1eb25d7926bec444ba5f49caef838b6b038a0dd4307a8a636d79cc90af7db6a,True,"[""WAITED""]",26,0,0,False,0,,0
r1-1501102,221,1,14,1,14,e1eb25d7926bec444ba5f49caef838b6b038a0dd4307a8a636d79cc90af7db6a,True,"[""WAITED""]",26,0,0,False,0,,0
r1-1501102,222,1,14,1,15,e1eb25d7926bec444ba5f49caef838b6b038a0dd4307a8a636d79cc90af7db6a,True,"[""MOVED_DOWN""]",27,0,0,False,0,,0
r1-1501102,223,1,15,2,15,e1eb25d7926bec444ba5f49caef838b6b038a0dd4307a8a636d79cc90af7db6a,True,"[""MOVED_RIGHT"",""BOMB_EXPLODED""]",28,0,0,False,0,,0
r1-1501102,224,2,15,3,15,e1eb25d7926bec444ba5f49caef838b6b038a0dd4307a8a636d79cc90af7db6a,True,"[""MOVED_RIGHT""]",27,0,0,False,0,,0
r1-1501102,225,3,15,3,15,e1eb25d7926bec444ba5f49caef838b6b038a0dd4307a8a636d79cc90af7db6a,False,"[""WAITED""]",26,0,0,False,0,,0
r1-1501102,226,3,15,3,15,e1eb25d7926bec444ba5f49caef838b6b038a0dd4307a8a636d79cc90af7db6a,False,"[""BOMB_DROPPED""]",26,0,0,False,0,,-0.5
r1-1501102,227,3,15,3,15,e1eb25d7926bec444ba5f49caef838b6b038a0dd4307a8a636d79cc90af7db6a,True,"[""WAITED""]",26,0,0,False,0,,0
r1-1501102,228,3,15,3,14,e1eb25d7926bec444ba5f49caef838b6b038a0dd4307a8a636d79cc90af7db6a,True,"[""MOVED_UP""]",25,0,0,False,0,,0
r1-1501102,229,3,14,3,13,e1eb25d7926bec444ba5f49caef838b6b038a0dd4307a8a636d79cc90af7db6a,True,"[""MOVED_UP""]",25,0,0,False,0,,0
r1-1501102,230,3,13,2,13,e1eb25d7926bec444ba5f49caef838b6b038a0dd4307a8a636d79cc90af7db6a,True,"[""MOVED_LEFT"",""BOMB_EXPLODED""]",23,0,0,False,0,,0
r1-1501102,231,2,13,1,13,e1eb25d7926bec444ba5f49caef838b6b038a0dd4307a8a636d79cc90af7db6a,True,"[""MOVED_LEFT""]",24,0,0,False,0,,0
r1-1501102,232,1,13,1,14,e1eb25d7926bec444ba5f49caef838b6b038a0dd4307a8a636d79cc90af7db6a,False,"[""MOVED_DOWN""]",25,0,0,False,0,,0
r1-1501102,233,1,14,1,14,e1eb25d7926bec444ba5f49caef838b6b038a0dd4307a8a636d79cc90af7db6a,False,"[""BOMB_DROPPED""]",26,0,0,False,0,,-0.5
r1-1501102,234,1,14,1,14,e1eb25d7926bec444ba5f49caef838b6b038a0dd4307a8a636d79cc90af7db6a,True,"[""WAITED""]",27,0,0,False,0,,0
r1-1501102,235,1,14,1,14,e1eb25d7926bec444ba5f49caef838b6b038a0dd4307a8a636d79cc90af7db6a,True,"[""WAITED""]",27,0,0,False,0,,0
r1-1501102,236,1,14,1,15,e1eb25d7926bec444ba5f49caef838b6b038a0dd4307a8a636d79cc90af7db6a,True,"[""MOVED_DOWN""]",26,0,0,False,0,,0
r1-1501102,237,1,15,2,15,e1eb25d7926bec444ba5f49caef838b6b038a0dd4307a8a636d79cc90af7db6a,True,"[""MOVED_RIGHT"",""BOMB_EXPLODED""]",28,0,0,False,0,,0
r1-1501102,238,2,15,3,15,e1eb25d7926bec444ba5f49caef838b6b038a0dd4307a8a636d79cc90af7db6a,True,"[""MOVED_RIGHT""]",26,0,0,False,0,,0
r1-1501102,239,3,15,3,15,e1eb25d7926bec444ba5f49caef838b6b038a0dd4307a8a636d79cc90af7db6a,False,"[""WAITED""]",25,0,0,False,0,,0
r1-1501102,240,3,15,3,15,e1eb25d7926bec444ba5f49caef838b6b038a0dd4307a8a636d79cc90af7db6a,False,"[""BOMB_DROPPED""]",25,0,0,False,0,,-0.5
r1-1501102,241,3,15,3,15,e1eb25d7926bec444ba5f49caef838b6b038a0dd4307a8a636d79cc90af7db6a,True,"[""WAITED""]",25,0,0,False,0,,0
r1-1501102,242,3,15,3,14,e1eb25d7926bec444ba5f49caef838b6b038a0dd4307a8a636d79cc90af7db6a,True,"[""MOVED_UP""]",25,0,0,False,0,,0
r1-1501102,243,3,14,3,13,e1eb25d7926bec444ba5f49caef838b6b038a0dd4307a8a636d79cc90af7db6a,True,"[""MOVED_UP""]",24,0,0,False,0,,0
r1-1501102,244,3,13,2,13,e1eb25d7926bec444ba5f49caef838b6b038a0dd4307a8a636d79cc90af7db6a,True,"[""MOVED_LEFT"",""BOMB_EXPLODED""]",23,0,0,False,0,,0
r1-1501102,245,2,13,1,13,e1eb25d7926bec444ba5f49caef838b6b038a0dd4307a8a636d79cc90af7db6a,True,"[""MOVED_LEFT""]",25,0,0,False,0,,0
r1-1501102,246,1,13,1,14,e1eb25d7926bec444ba5f49caef838b6b038a0dd4307a8a636d79cc90af7db6a,False,"[""MOVED_DOWN""]",26,0,0,False,0,,0
r1-1501102,247,1,14,1,14,e1eb25d7926bec444ba5f49caef838b6b038a0dd4307a8a636d79cc90af7db6a,False,"[""BOMB_DROPPED""]",27,0,0,False,0,,-0.5
r1-1501102,248,1,14,1,14,e1eb25d7926bec444ba5f49caef838b6b038a0dd4307a8a636d79cc90af7db6a,True,"[""WAITED""]",26,0,0,False,0,,0
r1-1501102,249,1,14,1,14,e1eb25d7926bec444ba5f49caef838b6b038a0dd4307a8a636d79cc90af7db6a,True,"[""WAITED""]",26,0,0,False,0,,0
r1-1501102,250,1,14,1,15,e1eb25d7926bec444ba5f49caef838b6b038a0dd4307a8a636d79cc90af7db6a,True,"[""MOVED_DOWN""]",26,0,0,False,0,,0
r1-1501102,251,1,15,2,15,e1eb25d7926bec444ba5f49caef838b6b038a0dd4307a8a636d79cc90af7db6a,True,"[""MOVED_RIGHT"",""BOMB_EXPLODED""]",27,0,0,False,0,,0
r1-1501102,252,2,15,3,15,e1eb25d7926bec444ba5f49caef838b6b038a0dd4307a8a636d79cc90af7db6a,True,"[""MOVED_RIGHT""]",27,0,0,False,0,,0
r1-1501102,253,3,15,3,15,e1eb25d7926bec444ba5f49caef838b6b038a0dd4307a8a636d79cc90af7db6a,False,"[""WAITED""]",26,0,0,False,0,,0
r1-1501102,254,3,15,3,15,e1eb25d7926bec444ba5f49caef838b6b038a0dd4307a8a636d79cc90af7db6a,False,"[""BOMB_DROPPED""]",25,0,0,False,0,,-0.5
r1-1501102,255,3,15,3,15,e1eb25d7926bec444ba5f49caef838b6b038a0dd4307a8a636d79cc90af7db6a,True,"[""WAITED""]",26,0,0,False,0,,0
r1-1501102,256,3,15,3,14,e1eb25d7926bec444ba5f49caef838b6b038a0dd4307a8a636d79cc90af7db6a,True,"[""MOVED_UP""]",25,0,0,False,0,,0
r1-1501102,257,3,14,3,13,e1eb25d7926bec444ba5f49caef838b6b038a0dd4307a8a636d79cc90af7db6a,True,"[""MOVED_UP""]",25,0,0,False,0,,0
r1-1501102,258,3,13,2,13,e1eb25d7926bec444ba5f49caef838b6b038a0dd4307a8a636d79cc90af7db6a,True,"[""MOVED_LEFT"",""BOMB_EXPLODED""]",23,0,0,False,0,,0
r1-1501102,259,2,13,1,13,e1eb25d7926bec444ba5f49caef838b6b038a0dd4307a8a636d79cc90af7db6a,True,"[""MOVED_LEFT""]",24,0,0,False,0,,0
r1-1501102,260,1,13,1,14,e1eb25d7926bec444ba5f49caef838b6b038a0dd4307a8a636d79cc90af7db6a,False,"[""MOVED_DOWN""]",25,0,0,False,0,,0
r1-1501102,261,1,14,1,14,e1eb25d7926bec444ba5f49caef838b6b038a0dd4307a8a636d79cc90af7db6a,False,"[""BOMB_DROPPED""]",26,0,0,False,0,,-0.5
r1-1501102,262,1,14,1,14,e1eb25d7926bec444ba5f49caef838b6b038a0dd4307a8a636d79cc90af7db6a,True,"[""WAITED""]",26,0,0,False,0,,0
r1-1501102,263,1,14,1,14,e1eb25d7926bec444ba5f49caef838b6b038a0dd4307a8a636d79cc90af7db6a,True,"[""WAITED""]",26,0,0,False,0,,0
r1-1501102,264,1,14,1,15,e1eb25d7926bec444ba5f49caef838b6b038a0dd4307a8a636d79cc90af7db6a,True,"[""MOVED_DOWN""]",26,0,0,False,0,,0
r1-1501102,265,1,15,2,15,e1eb25d7926bec444ba5f49caef838b6b038a0dd4307a8a636d79cc90af7db6a,True,"[""MOVED_RIGHT"",""BOMB_EXPLODED""]",28,0,0,False,0,,0
r1-1501102,266,2,15,3,15,e1eb25d7926bec444ba5f49caef838b6b038a0dd4307a8a636d79cc90af7db6a,True,"[""MOVED_RIGHT""]",27,0,0,False,0,,0
r1-1501102,267,3,15,3,15,e1eb25d7926bec444ba5f49caef838b6b038a0dd4307a8a636d79cc90af7db6a,False,"[""WAITED""]",26,0,0,False,0,,0
r1-1501102,268,3,15,3,15,e1eb25d7926bec444ba5f49caef838b6b038a0dd4307a8a636d79cc90af7db6a,False,"[""BOMB_DROPPED""]",25,0,0,False,0,,-0.5
r1-1501102,269,3,15,3,15,e1eb25d7926bec444ba5f49caef838b6b038a0dd4307a8a636d79cc90af7db6a,True,"[""WAITED""]",25,0,0,False,0,,0
r1-1501102,270,3,15,3,14,e1eb25d7926bec444ba5f49caef838b6b038a0dd4307a8a636d79cc90af7db6a,True,"[""MOVED_UP""]",25,0,0,False,0,,0
r1-1501102,271,3,14,3,13,e1eb25d7926bec444ba5f49caef838b6b038a0dd4307a8a636d79cc90af7db6a,True,"[""MOVED_UP""]",25,0,0,False,0,,0
r1-1501102,272,3,13,2,13,e1eb25d7926bec444ba5f49caef838b6b038a0dd4307a8a636d79cc90af7db6a,True,"[""MOVED_LEFT"",""BOMB_EXPLODED""]",23,0,0,False,0,,0
r1-1501102,273,2,13,1,13,e1eb25d7926bec444ba5f49caef838b6b038a0dd4307a8a636d79cc90af7db6a,True,"[""MOVED_LEFT""]",24,0,0,False,0,,0
r1-1501102,274,1,13,1,14,e1eb25d7926bec444ba5f49caef838b6b038a0dd4307a8a636d79cc90af7db6a,False,"[""MOVED_DOWN""]",25,0,0,False,0,,0
r1-1501102,275,1,14,1,14,e1eb25d7926bec444ba5f49caef838b6b038a0dd4307a8a636d79cc90af7db6a,False,"[""BOMB_DROPPED""]",26,0,0,False,0,,-0.5
r1-1501102,276,1,14,1,14,e1eb25d7926bec444ba5f49caef838b6b038a0dd4307a8a636d79cc90af7db6a,True,"[""WAITED""]",26,0,0,False,0,,0
r1-1501102,277,1,14,1,14,e1eb25d7926bec444ba5f49caef838b6b038a0dd4307a8a636d79cc90af7db6a,True,"[""WAITED""]",26,0,0,False,0,,0
r1-1501102,278,1,14,1,15,e1eb25d7926bec444ba5f49caef838b6b038a0dd4307a8a636d79cc90af7db6a,True,"[""MOVED_DOWN""]",26,0,0,False,0,,0
r1-1501102,279,1,15,2,15,e1eb25d7926bec444ba5f49caef838b6b038a0dd4307a8a636d79cc90af7db6a,True,"[""MOVED_RIGHT"",""BOMB_EXPLODED""]",27,0,0,False,0,,0
r1-1501102,280,2,15,3,15,e1eb25d7926bec444ba5f49caef838b6b038a0dd4307a8a636d79cc90af7db6a,True,"[""MOVED_RIGHT""]",26,0,0,False,0,,0
r1-1501102,281,3,15,3,15,e1eb25d7926bec444ba5f49caef838b6b038a0dd4307a8a636d79cc90af7db6a,False,"[""WAITED""]",25,0,0,False,0,,0
r1-1501102,282,3,15,3,15,e1eb25d7926bec444ba5f49caef838b6b038a0dd4307a8a636d79cc90af7db6a,False,"[""BOMB_DROPPED""]",25,0,0,False,0,,-0.5
r1-1501102,283,3,15,3,15,e1eb25d7926bec444ba5f49caef838b6b038a0dd4307a8a636d79cc90af7db6a,True,"[""WAITED""]",25,0,0,False,0,,0
r1-1501102,284,3,15,3,14,e1eb25d7926bec444ba5f49caef838b6b038a0dd4307a8a636d79cc90af7db6a,True,"[""MOVED_UP""]",25,0,0,False,0,,0
r1-1501102,285,3,14,3,13,e1eb25d7926bec444ba5f49caef838b6b038a0dd4307a8a636d79cc90af7db6a,True,"[""MOVED_UP""]",25,0,0,False,0,,0
r1-1501102,286,3,13,2,13,e1eb25d7926bec444ba5f49caef838b6b038a0dd4307a8a636d79cc90af7db6a,True,"[""MOVED_LEFT"",""BOMB_EXPLODED""]",23,0,0,False,0,,0
r1-1501102,287,2,13,1,13,e1eb25d7926bec444ba5f49caef838b6b038a0dd4307a8a636d79cc90af7db6a,True,"[""MOVED_LEFT""]",25,0,0,False,0,,0
r1-1501102,288,1,13,1,14,e1eb25d7926bec444ba5f49caef838b6b038a0dd4307a8a636d79cc90af7db6a,False,"[""MOVED_DOWN""]",26,0,0,False,0,,0
r1-1501102,289,1,14,1,14,e1eb25d7926bec444ba5f49caef838b6b038a0dd4307a8a636d79cc90af7db6a,False,"[""BOMB_DROPPED""]",26,0,0,False,0,,-0.5
r1-1501102,290,1,14,1,14,e1eb25d7926bec444ba5f49caef838b6b038a0dd4307a8a636d79cc90af7db6a,True,"[""WAITED""]",26,0,0,False,0,,0
r1-1501102,291,1,14,1,14,e1eb25d7926bec444ba5f49caef838b6b038a0dd4307a8a636d79cc90af7db6a,True,"[""WAITED""]",27,0,0,False,0,,0
r1-1501102,292,1,14,1,15,e1eb25d7926bec444ba5f49caef838b6b038a0dd4307a8a636d79cc90af7db6a,True,"[""MOVED_DOWN""]",27,0,0,False,0,,0
r1-1501102,293,1,15,2,15,e1eb25d7926bec444ba5f49caef838b6b038a0dd4307a8a636d79cc90af7db6a,True,"[""MOVED_RIGHT"",""BOMB_EXPLODED""]",27,0,0,False,0,,0
r1-1501102,294,2,15,3,15,e1eb25d7926bec444ba5f49caef838b6b038a0dd4307a8a636d79cc90af7db6a,True,"[""MOVED_RIGHT""]",27,0,0,False,0,,0
r1-1501102,295,3,15,3,15,e1eb25d7926bec444ba5f49caef838b6b038a0dd4307a8a636d79cc90af7db6a,False,"[""WAITED""]",26,0,0,False,0,,0
r1-1501102,296,3,15,3,15,e1eb25d7926bec444ba5f49caef838b6b038a0dd4307a8a636d79cc90af7db6a,False,"[""BOMB_DROPPED""]",26,0,0,False,0,,-0.5
r1-1501102,297,3,15,3,15,e1eb25d7926bec444ba5f49caef838b6b038a0dd4307a8a636d79cc90af7db6a,True,"[""WAITED""]",26,0,0,False,0,,0
r1-1501102,298,3,15,3,14,e1eb25d7926bec444ba5f49caef838b6b038a0dd4307a8a636d79cc90af7db6a,True,"[""MOVED_UP""]",26,0,0,False,0,,0
r1-1501102,299,3,14,3,13,e1eb25d7926bec444ba5f49caef838b6b038a0dd4307a8a636d79cc90af7db6a,True,"[""MOVED_UP""]",25,0,0,False,0,,0
r1-1501102,300,3,13,2,13,e1eb25d7926bec444ba5f49caef838b6b038a0dd4307a8a636d79cc90af7db6a,True,"[""MOVED_LEFT"",""BOMB_EXPLODED""]",24,0,0,False,0,,0
r1-1501102,301,2,13,1,13,e1eb25d7926bec444ba5f49caef838b6b038a0dd4307a8a636d79cc90af7db6a,True,"[""MOVED_LEFT""]",24,0,0,False,0,,0
r1-1501102,302,1,13,1,14,e1eb25d7926bec444ba5f49caef838b6b038a0dd4307a8a636d79cc90af7db6a,False,"[""MOVED_DOWN""]",25,0,0,False,0,,0
r1-1501102,303,1,14,1,14,e1eb25d7926bec444ba5f49caef838b6b038a0dd4307a8a636d79cc90af7db6a,False,"[""BOMB_DROPPED""]",26,0,0,False,0,,-0.5
r1-1501102,304,1,14,1,14,e1eb25d7926bec444ba5f49caef838b6b038a0dd4307a8a636d79cc90af7db6a,True,"[""WAITED""]",26,0,0,False,0,,0
r1-1501102,305,1,14,1,14,e1eb25d7926bec444ba5f49caef838b6b038a0dd4307a8a636d79cc90af7db6a,True,"[""WAITED""]",27,0,0,False,0,,0
r1-1501102,306,1,14,1,15,e1eb25d7926bec444ba5f49caef838b6b038a0dd4307a8a636d79cc90af7db6a,True,"[""MOVED_DOWN""]",27,0,0,False,0,,0
r1-1501102,307,1,15,2,15,e1eb25d7926bec444ba5f49caef838b6b038a0dd4307a8a636d79cc90af7db6a,True,"[""MOVED_RIGHT"",""BOMB_EXPLODED""]",28,0,0,False,0,,0
r1-1501102,308,2,15,3,15,e1eb25d7926bec444ba5f49caef838b6b038a0dd4307a8a636d79cc90af7db6a,True,"[""MOVED_RIGHT""]",26,0,0,False,0,,0
r1-1501102,309,3,15,3,15,e1eb25d7926bec444ba5f49caef838b6b038a0dd4307a8a636d79cc90af7db6a,False,"[""WAITED""]",25,0,0,False,0,,0
r1-1501102,310,3,15,3,15,e1eb25d7926bec444ba5f49caef838b6b038a0dd4307a8a636d79cc90af7db6a,False,"[""BOMB_DROPPED""]",25,0,0,False,0,,-0.5
r1-1501102,311,3,15,3,15,e1eb25d7926bec444ba5f49caef838b6b038a0dd4307a8a636d79cc90af7db6a,True,"[""WAITED""]",25,0,0,False,0,,0
r1-1501102,312,3,15,3,14,e1eb25d7926bec444ba5f49caef838b6b038a0dd4307a8a636d79cc90af7db6a,True,"[""MOVED_UP""]",25,0,0,False,0,,0
r1-1501102,313,3,14,3,13,e1eb25d7926bec444ba5f49caef838b6b038a0dd4307a8a636d79cc90af7db6a,True,"[""MOVED_UP""]",24,0,0,False,0,,0
r1-1501102,314,3,13,2,13,e1eb25d7926bec444ba5f49caef838b6b038a0dd4307a8a636d79cc90af7db6a,True,"[""MOVED_LEFT"",""BOMB_EXPLODED""]",24,0,0,False,0,,0
r1-1501102,315,2,13,1,13,e1eb25d7926bec444ba5f49caef838b6b038a0dd4307a8a636d79cc90af7db6a,True,"[""MOVED_LEFT""]",24,0,0,False,0,,0
r1-1501102,316,1,13,1,14,e1eb25d7926bec444ba5f49caef838b6b038a0dd4307a8a636d79cc90af7db6a,False,"[""MOVED_DOWN""]",25,0,0,False,0,,0
r1-1501102,317,1,14,1,14,e1eb25d7926bec444ba5f49caef838b6b038a0dd4307a8a636d79cc90af7db6a,False,"[""BOMB_DROPPED""]",26,0,0,False,0,,-0.5
r1-1501102,318,1,14,1,14,e1eb25d7926bec444ba5f49caef838b6b038a0dd4307a8a636d79cc90af7db6a,True,"[""WAITED""]",27,0,0,False,0,,0
r1-1501102,319,1,14,1,14,e1eb25d7926bec444ba5f49caef838b6b038a0dd4307a8a636d79cc90af7db6a,True,"[""WAITED""]",27,0,0,False,0,,0
r1-1501102,320,1,14,1,15,e1eb25d7926bec444ba5f49caef838b6b038a0dd4307a8a636d79cc90af7db6a,True,"[""MOVED_DOWN""]",26,0,0,False,0,,0
r1-1501102,321,1,15,2,15,e1eb25d7926bec444ba5f49caef838b6b038a0dd4307a8a636d79cc90af7db6a,True,"[""MOVED_RIGHT"",""BOMB_EXPLODED""]",27,0,0,False,0,,0
r1-1501102,322,2,15,3,15,e1eb25d7926bec444ba5f49caef838b6b038a0dd4307a8a636d79cc90af7db6a,True,"[""MOVED_RIGHT""]",26,0,0,False,0,,0
r1-1501102,323,3,15,3,15,e1eb25d7926bec444ba5f49caef838b6b038a0dd4307a8a636d79cc90af7db6a,False,"[""WAITED""]",25,0,0,False,0,,0
r1-1501102,324,3,15,3,15,e1eb25d7926bec444ba5f49caef838b6b038a0dd4307a8a636d79cc90af7db6a,False,"[""BOMB_DROPPED""]",25,0,0,False,0,,-0.5
r1-1501102,325,3,15,3,15,e1eb25d7926bec444ba5f49caef838b6b038a0dd4307a8a636d79cc90af7db6a,True,"[""WAITED""]",25,0,0,False,0,,0
r1-1501102,326,3,15,3,14,e1eb25d7926bec444ba5f49caef838b6b038a0dd4307a8a636d79cc90af7db6a,True,"[""MOVED_UP""]",25,0,0,False,0,,0
r1-1501102,327,3,14,3,13,e1eb25d7926bec444ba5f49caef838b6b038a0dd4307a8a636d79cc90af7db6a,True,"[""MOVED_UP""]",25,0,0,False,0,,0
r1-1501102,328,3,13,2,13,e1eb25d7926bec444ba5f49caef838b6b038a0dd4307a8a636d79cc90af7db6a,True,"[""MOVED_LEFT"",""BOMB_EXPLODED""]",23,0,0,False,0,,0
r1-1501102,329,2,13,1,13,e1eb25d7926bec444ba5f49caef838b6b038a0dd4307a8a636d79cc90af7db6a,True,"[""MOVED_LEFT""]",24,0,0,False,0,,0
r1-1501102,330,1,13,1,14,e1eb25d7926bec444ba5f49caef838b6b038a0dd4307a8a636d79cc90af7db6a,False,"[""MOVED_DOWN""]",25,0,0,False,0,,0
r1-1501102,331,1,14,1,14,e1eb25d7926bec444ba5f49caef838b6b038a0dd4307a8a636d79cc90af7db6a,False,"[""BOMB_DROPPED""]",26,0,0,False,0,,-0.5
r1-1501102,332,1,14,1,14,e1eb25d7926bec444ba5f49caef838b6b038a0dd4307a8a636d79cc90af7db6a,True,"[""WAITED""]",26,0,0,False,0,,0
r1-1501102,333,1,14,1,14,e1eb25d7926bec444ba5f49caef838b6b038a0dd4307a8a636d79cc90af7db6a,True,"[""WAITED""]",26,0,0,False,0,,0
r1-1501102,334,1,14,1,15,e1eb25d7926bec444ba5f49caef838b6b038a0dd4307a8a636d79cc90af7db6a,True,"[""MOVED_DOWN""]",26,0,0,False,0,,0
r1-1501102,335,1,15,2,15,e1eb25d7926bec444ba5f49caef838b6b038a0dd4307a8a636d79cc90af7db6a,True,"[""MOVED_RIGHT"",""BOMB_EXPLODED""]",27,0,0,False,0,,0
r1-1501102,336,2,15,3,15,e1eb25d7926bec444ba5f49caef838b6b038a0dd4307a8a636d79cc90af7db6a,True,"[""MOVED_RIGHT""]",26,0,0,False,0,,0
r1-1501102,337,3,15,3,15,e1eb25d7926bec444ba5f49caef838b6b038a0dd4307a8a636d79cc90af7db6a,False,"[""WAITED""]",25,0,0,False,0,,0
r1-1501102,338,3,15,3,15,e1eb25d7926bec444ba5f49caef838b6b038a0dd4307a8a636d79cc90af7db6a,False,"[""BOMB_DROPPED""]",25,0,0,False,0,,-0.5
r1-1501102,339,3,15,3,15,e1eb25d7926bec444ba5f49caef838b6b038a0dd4307a8a636d79cc90af7db6a,True,"[""WAITED""]",26,0,0,False,0,,0
r1-1501102,340,3,15,3,14,e1eb25d7926bec444ba5f49caef838b6b038a0dd4307a8a636d79cc90af7db6a,True,"[""MOVED_UP""]",25,0,0,False,0,,0
r1-1501102,341,3,14,3,13,e1eb25d7926bec444ba5f49caef838b6b038a0dd4307a8a636d79cc90af7db6a,True,"[""MOVED_UP""]",24,0,0,False,0,,0
r1-1501102,342,3,13,2,13,e1eb25d7926bec444ba5f49caef838b6b038a0dd4307a8a636d79cc90af7db6a,True,"[""MOVED_LEFT"",""BOMB_EXPLODED""]",23,0,0,False,0,,0
r1-1501102,343,2,13,1,13,e1eb25d7926bec444ba5f49caef838b6b038a0dd4307a8a636d79cc90af7db6a,True,"[""MOVED_LEFT""]",24,0,0,False,0,,0
r1-1501102,344,1,13,1,14,e1eb25d7926bec444ba5f49caef838b6b038a0dd4307a8a636d79cc90af7db6a,False,"[""MOVED_DOWN""]",26,0,0,False,0,,0
r1-1501102,345,1,14,1,14,e1eb25d7926bec444ba5f49caef838b6b038a0dd4307a8a636d79cc90af7db6a,False,"[""BOMB_DROPPED""]",26,0,0,False,0,,-0.5
r1-1501102,346,1,14,1,14,e1eb25d7926bec444ba5f49caef838b6b038a0dd4307a8a636d79cc90af7db6a,True,"[""WAITED""]",26,0,0,False,0,,0
r1-1501102,347,1,14,1,14,e1eb25d7926bec444ba5f49caef838b6b038a0dd4307a8a636d79cc90af7db6a,True,"[""WAITED""]",26,0,0,False,0,,0
r1-1501102,348,1,14,1,15,e1eb25d7926bec444ba5f49caef838b6b038a0dd4307a8a636d79cc90af7db6a,True,"[""MOVED_DOWN""]",26,0,0,False,0,,0
r1-1501102,349,1,15,2,15,e1eb25d7926bec444ba5f49caef838b6b038a0dd4307a8a636d79cc90af7db6a,True,"[""MOVED_RIGHT"",""BOMB_EXPLODED""]",27,0,0,False,0,,0
r1-1501102,350,2,15,3,15,e1eb25d7926bec444ba5f49caef838b6b038a0dd4307a8a636d79cc90af7db6a,True,"[""MOVED_RIGHT""]",27,0,0,False,0,,0
r1-1501102,351,3,15,3,15,e1eb25d7926bec444ba5f49caef838b6b038a0dd4307a8a636d79cc90af7db6a,False,"[""WAITED""]",26,0,0,False,0,,0
r1-1501102,352,3,15,3,15,e1eb25d7926bec444ba5f49caef838b6b038a0dd4307a8a636d79cc90af7db6a,False,"[""BOMB_DROPPED""]",26,0,0,False,0,,-0.5
r1-1501102,353,3,15,3,15,e1eb25d7926bec444ba5f49caef838b6b038a0dd4307a8a636d79cc90af7db6a,True,"[""WAITED""]",25,0,0,False,0,,0
r1-1501102,354,3,15,3,14,e1eb25d7926bec444ba5f49caef838b6b038a0dd4307a8a636d79cc90af7db6a,True,"[""MOVED_UP""]",26,0,0,False,0,,0
r1-1501102,355,3,14,3,13,e1eb25d7926bec444ba5f49caef838b6b038a0dd4307a8a636d79cc90af7db6a,True,"[""MOVED_UP""]",24,0,0,False,0,,0
r1-1501102,356,3,13,2,13,e1eb25d7926bec444ba5f49caef838b6b038a0dd4307a8a636d79cc90af7db6a,True,"[""MOVED_LEFT"",""BOMB_EXPLODED""]",23,0,0,False,0,,0
r1-1501102,357,2,13,1,13,e1eb25d7926bec444ba5f49caef838b6b038a0dd4307a8a636d79cc90af7db6a,True,"[""MOVED_LEFT""]",24,0,0,False,0,,0
r1-1501102,358,1,13,1,14,e1eb25d7926bec444ba5f49caef838b6b038a0dd4307a8a636d79cc90af7db6a,False,"[""MOVED_DOWN""]",26,0,0,False,0,,0
r1-1501102,359,1,14,1,14,e1eb25d7926bec444ba5f49caef838b6b038a0dd4307a8a636d79cc90af7db6a,False,"[""BOMB_DROPPED""]",26,0,0,False,0,,-0.5
r1-1501102,360,1,14,1,14,e1eb25d7926bec444ba5f49caef838b6b038a0dd4307a8a636d79cc90af7db6a,True,"[""WAITED""]",27,0,0,False,0,,0
r1-1501102,361,1,14,1,14,e1eb25d7926bec444ba5f49caef838b6b038a0dd4307a8a636d79cc90af7db6a,True,"[""WAITED""]",26,0,0,False,0,,0
r1-1501102,362,1,14,1,15,e1eb25d7926bec444ba5f49caef838b6b038a0dd4307a8a636d79cc90af7db6a,True,"[""MOVED_DOWN""]",26,0,0,False,0,,0
r1-1501102,363,1,15,2,15,e1eb25d7926bec444ba5f49caef838b6b038a0dd4307a8a636d79cc90af7db6a,True,"[""MOVED_RIGHT"",""BOMB_EXPLODED""]",27,0,0,False,0,,0
r1-1501102,364,2,15,3,15,e1eb25d7926bec444ba5f49caef838b6b038a0dd4307a8a636d79cc90af7db6a,True,"[""MOVED_RIGHT""]",26,0,0,False,0,,0
r1-1501102,365,3,15,3,15,e1eb25d7926bec444ba5f49caef838b6b038a0dd4307a8a636d79cc90af7db6a,False,"[""WAITED""]",25,0,0,False,0,,0
r1-1501102,366,3,15,3,15,e1eb25d7926bec444ba5f49caef838b6b038a0dd4307a8a636d79cc90af7db6a,False,"[""BOMB_DROPPED""]",25,0,0,False,0,,-0.5
r1-1501102,367,3,15,3,15,e1eb25d7926bec444ba5f49caef838b6b038a0dd4307a8a636d79cc90af7db6a,True,"[""WAITED""]",25,0,0,False,0,,0
r1-1501102,368,3,15,3,14,e1eb25d7926bec444ba5f49caef838b6b038a0dd4307a8a636d79cc90af7db6a,True,"[""MOVED_UP""]",25,0,0,False,0,,0
r1-1501102,369,3,14,3,13,e1eb25d7926bec444ba5f49caef838b6b038a0dd4307a8a636d79cc90af7db6a,True,"[""MOVED_UP""]",25,0,0,False,0,,0
r1-1501102,370,3,13,2,13,e1eb25d7926bec444ba5f49caef838b6b038a0dd4307a8a636d79cc90af7db6a,True,"[""MOVED_LEFT"",""BOMB_EXPLODED""]",23,0,0,False,0,,0
r1-1501102,371,2,13,1,13,e1eb25d7926bec444ba5f49caef838b6b038a0dd4307a8a636d79cc90af7db6a,True,"[""MOVED_LEFT""]",24,0,0,False,0,,0
r1-1501102,372,1,13,1,14,e1eb25d7926bec444ba5f49caef838b6b038a0dd4307a8a636d79cc90af7db6a,False,"[""MOVED_DOWN""]",25,0,0,False,0,,0
r1-1501102,373,1,14,1,14,e1eb25d7926bec444ba5f49caef838b6b038a0dd4307a8a636d79cc90af7db6a,False,"[""BOMB_DROPPED""]",26,0,0,False,0,,-0.5
r1-1501102,374,1,14,1,14,e1eb25d7926bec444ba5f49caef838b6b038a0dd4307a8a636d79cc90af7db6a,True,"[""WAITED""]",27,0,0,False,0,,0
r1-1501102,375,1,14,1,14,e1eb25d7926bec444ba5f49caef838b6b038a0dd4307a8a636d79cc90af7db6a,True,"[""WAITED""]",27,0,0,False,0,,0
r1-1501102,376,1,14,1,15,e1eb25d7926bec444ba5f49caef838b6b038a0dd4307a8a636d79cc90af7db6a,True,"[""MOVED_DOWN""]",27,0,0,False,0,,0
r1-1501102,377,1,15,2,15,e1eb25d7926bec444ba5f49caef838b6b038a0dd4307a8a636d79cc90af7db6a,True,"[""MOVED_RIGHT"",""BOMB_EXPLODED""]",27,0,0,False,0,,0
r1-1501102,378,2,15,3,15,e1eb25d7926bec444ba5f49caef838b6b038a0dd4307a8a636d79cc90af7db6a,True,"[""MOVED_RIGHT""]",27,0,0,False,0,,0
r1-1501102,379,3,15,3,15,e1eb25d7926bec444ba5f49caef838b6b038a0dd4307a8a636d79cc90af7db6a,False,"[""WAITED""]",25,0,0,False,0,,0
r1-1501102,380,3,15,3,15,e1eb25d7926bec444ba5f49caef838b6b038a0dd4307a8a636d79cc90af7db6a,False,"[""BOMB_DROPPED""]",26,0,0,False,0,,-0.5
r1-1501102,381,3,15,3,15,e1eb25d7926bec444ba5f49caef838b6b038a0dd4307a8a636d79cc90af7db6a,True,"[""WAITED""]",26,0,0,False,0,,0
r1-1501102,382,3,15,3,14,e1eb25d7926bec444ba5f49caef838b6b038a0dd4307a8a636d79cc90af7db6a,True,"[""MOVED_UP""]",25,0,0,False,0,,0
r1-1501102,383,3,14,3,13,e1eb25d7926bec444ba5f49caef838b6b038a0dd4307a8a636d79cc90af7db6a,True,"[""MOVED_UP""]",24,0,0,False,0,,0
r1-1501102,384,3,13,2,13,e1eb25d7926bec444ba5f49caef838b6b038a0dd4307a8a636d79cc90af7db6a,True,"[""MOVED_LEFT"",""BOMB_EXPLODED""]",23,0,0,False,0,,0
r1-1501102,385,2,13,1,13,e1eb25d7926bec444ba5f49caef838b6b038a0dd4307a8a636d79cc90af7db6a,True,"[""MOVED_LEFT""]",25,0,0,False,0,,0
r1-1501102,386,1,13,1,14,e1eb25d7926bec444ba5f49caef838b6b038a0dd4307a8a636d79cc90af7db6a,False,"[""MOVED_DOWN""]",26,0,0,False,0,,0
r1-1501102,387,1,14,1,14,e1eb25d7926bec444ba5f49caef838b6b038a0dd4307a8a636d79cc90af7db6a,False,"[""BOMB_DROPPED""]",26,0,0,False,0,,-0.5
r1-1501102,388,1,14,1,14,e1eb25d7926bec444ba5f49caef838b6b038a0dd4307a8a636d79cc90af7db6a,True,"[""WAITED""]",26,0,0,False,0,,0
r1-1501102,389,1,14,1,14,e1eb25d7926bec444ba5f49caef838b6b038a0dd4307a8a636d79cc90af7db6a,True,"[""WAITED""]",27,0,0,False,0,,0
r1-1501102,390,1,14,1,15,e1eb25d7926bec444ba5f49caef838b6b038a0dd4307a8a636d79cc90af7db6a,True,"[""MOVED_DOWN""]",26,0,0,False,0,,0
r1-1501102,391,1,15,2,15,e1eb25d7926bec444ba5f49caef838b6b038a0dd4307a8a636d79cc90af7db6a,True,"[""MOVED_RIGHT"",""BOMB_EXPLODED""]",27,0,0,False,0,,0
r1-1501102,392,2,15,3,15,e1eb25d7926bec444ba5f49caef838b6b038a0dd4307a8a636d79cc90af7db6a,True,"[""MOVED_RIGHT""]",26,0,0,False,0,,0
r1-1501102,393,3,15,3,15,e1eb25d7926bec444ba5f49caef838b6b038a0dd4307a8a636d79cc90af7db6a,False,"[""WAITED""]",25,0,0,False,0,,0
r1-1501102,394,3,15,3,15,e1eb25d7926bec444ba5f49caef838b6b038a0dd4307a8a636d79cc90af7db6a,False,"[""BOMB_DROPPED""]",25,0,0,False,0,,-0.5
r1-1501102,395,3,15,3,15,e1eb25d7926bec444ba5f49caef838b6b038a0dd4307a8a636d79cc90af7db6a,True,"[""WAITED""]",25,0,0,False,0,,0
r1-1501102,396,3,15,3,14,e1eb25d7926bec444ba5f49caef838b6b038a0dd4307a8a636d79cc90af7db6a,True,"[""MOVED_UP""]",25,0,0,False,0,,0
r1-1501102,397,3,14,3,13,e1eb25d7926bec444ba5f49caef838b6b038a0dd4307a8a636d79cc90af7db6a,True,"[""MOVED_UP""]",24,0,0,False,0,,0
r1-1501102,398,3,13,2,13,e1eb25d7926bec444ba5f49caef838b6b038a0dd4307a8a636d79cc90af7db6a,True,"[""MOVED_LEFT"",""BOMB_EXPLODED""]",24,0,0,False,0,,0
r1-1501102,399,2,13,1,13,e1eb25d7926bec444ba5f49caef838b6b038a0dd4307a8a636d79cc90af7db6a,True,"[""MOVED_LEFT""]",24,0,0,False,0,,0
r1-1501102,400,1,13,1,14,e1eb25d7926bec444ba5f49caef838b6b038a0dd4307a8a636d79cc90af7db6a,False,"[""MOVED_DOWN"",""SURVIVED_ROUND""]",25,0,0,False,0,,0
r1-1501201,1,15,1,14,1,f16d577a06449246a7bdbb810137957e15deb681956ab02bffc517ac79944fed,False,"[""MOVED_LEFT""]",,0,0,False,3,,0
r1-1501201,2,14,1,14,1,f16d577a06449246a7bdbb810137957e15deb681956ab02bffc517ac79944fed,False,"[""BOMB_DROPPED""]",,0,0,False,2,,0
r1-1501201,3,14,1,14,1,f16d577a06449246a7bdbb810137957e15deb681956ab02bffc517ac79944fed,True,"[""WAITED""]",,0,0,False,2,,0
r1-1501201,4,14,1,14,1,f16d577a06449246a7bdbb810137957e15deb681956ab02bffc517ac79944fed,True,"[""WAITED""]",,0,0,False,2,,0
r1-1501201,5,14,1,15,1,f16d577a06449246a7bdbb810137957e15deb681956ab02bffc517ac79944fed,True,"[""MOVED_RIGHT""]",,0,0,False,2,,0
r1-1501201,6,15,1,15,2,f16d577a06449246a7bdbb810137957e15deb681956ab02bffc517ac79944fed,True,"[""MOVED_DOWN"",""BOMB_EXPLODED"",""CRATE_DESTROYED"",""CRATE_DESTROYED""]",,0,0,False,3,,0
r1-1501201,7,15,2,15,2,b99547992dd129a899d79f4047827dd92b272bf5f24859bc8a16fb1ed7d023d7,True,"[""WAITED""]",,0,0,False,2,,0
r1-1501201,8,15,2,15,1,b99547992dd129a899d79f4047827dd92b272bf5f24859bc8a16fb1ed7d023d7,False,"[""MOVED_UP""]",,0,0,False,2,,0
r1-1501201,9,15,1,15,1,b99547992dd129a899d79f4047827dd92b272bf5f24859bc8a16fb1ed7d023d7,False,"[""BOMB_DROPPED""]",,0,0,False,2,,0
r1-1501201,10,15,1,14,1,b99547992dd129a899d79f4047827dd92b272bf5f24859bc8a16fb1ed7d023d7,True,"[""MOVED_LEFT""]",,0,0,False,2,,0
r1-1501201,11,14,1,13,1,b99547992dd129a899d79f4047827dd92b272bf5f24859bc8a16fb1ed7d023d7,True,"[""MOVED_LEFT""]",,0,0,False,0,,0
r1-1501201,12,13,1,12,1,b99547992dd129a899d79f4047827dd92b272bf5f24859bc8a16fb1ed7d023d7,True,"[""MOVED_LEFT""]",,0,0,False,3,,0
r1-1501201,13,12,1,11,1,b99547992dd129a899d79f4047827dd92b272bf5f24859bc8a16fb1ed7d023d7,True,"[""MOVED_LEFT"",""BOMB_EXPLODED"",""CRATE_DESTROYED"",""CRATE_DESTROYED""]",,0,0,False,2,,0
r1-1501201,14,11,1,11,2,60f4ec2106f0faf236eb198cada408f5badb5e9f21ef9481d85618c1620163b0,True,"[""MOVED_DOWN""]",,0,0,False,3,,0
r1-1501201,15,11,2,11,1,60f4ec2106f0faf236eb198cada408f5badb5e9f21ef9481d85618c1620163b0,False,"[""MOVED_UP""]",,0,0,False,2,,0
r1-1501201,16,11,1,11,1,60f4ec2106f0faf236eb198cada408f5badb5e9f21ef9481d85618c1620163b0,False,"[""BOMB_DROPPED""]",,0,0,False,3,,0
r1-1501201,17,11,1,12,1,60f4ec2106f0faf236eb198cada408f5badb5e9f21ef9481d85618c1620163b0,True,"[""MOVED_RIGHT""]",,0,0,False,3,,0
r1-1501201,18,12,1,13,1,60f4ec2106f0faf236eb198cada408f5badb5e9f21ef9481d85618c1620163b0,True,"[""MOVED_RIGHT""]",,0,0,False,2,,0
r1-1501201,19,13,1,14,1,60f4ec2106f0faf236eb198cada408f5badb5e9f21ef9481d85618c1620163b0,True,"[""MOVED_RIGHT""]",,0,0,False,3,,0
r1-1501201,20,14,1,15,1,60f4ec2106f0faf236eb198cada408f5badb5e9f21ef9481d85618c1620163b0,True,"[""MOVED_RIGHT"",""BOMB_EXPLODED"",""CRATE_DESTROYED"",""CRATE_DESTROYED"",""CRATE_DESTROYED"",""CRATE_DESTROYED""]",,0,0,False,0,,0
r1-1501201,21,15,1,15,2,72ba6c858e6dcaa1aed8a827b64984645bd4bfbb74783f5b73856ec28b5b0940,True,"[""MOVED_DOWN""]",,0,0,False,0,,0
r1-1501201,22,15,2,15,1,72ba6c858e6dcaa1aed8a827b64984645bd4bfbb74783f5b73856ec28b5b0940,False,"[""MOVED_UP""]",,0,0,False,0,,0
r1-1501201,23,15,1,15,1,72ba6c858e6dcaa1aed8a827b64984645bd4bfbb74783f5b73856ec28b5b0940,False,"[""BOMB_DROPPED""]",,0,0,False,0,,-0.5
r1-1501201,24,15,1,14,1,72ba6c858e6dcaa1aed8a827b64984645bd4bfbb74783f5b73856ec28b5b0940,True,"[""MOVED_LEFT""]",,0,0,False,0,,0
r1-1501201,25,14,1,13,1,72ba6c858e6dcaa1aed8a827b64984645bd4bfbb74783f5b73856ec28b5b0940,True,"[""MOVED_LEFT""]",,0,0,False,0,,0
r1-1501201,26,13,1,12,1,72ba6c858e6dcaa1aed8a827b64984645bd4bfbb74783f5b73856ec28b5b0940,True,"[""MOVED_LEFT""]",,0,0,False,3,,0
r1-1501201,27,12,1,11,1,72ba6c858e6dcaa1aed8a827b64984645bd4bfbb74783f5b73856ec28b5b0940,True,"[""MOVED_LEFT"",""BOMB_EXPLODED""]",,0,0,False,0,,0
r1-1501201,28,11,1,11,2,72ba6c858e6dcaa1aed8a827b64984645bd4bfbb74783f5b73856ec28b5b0940,True,"[""MOVED_DOWN""]",,0,0,False,0,,0
r1-1501201,29,11,2,11,1,72ba6c858e6dcaa1aed8a827b64984645bd4bfbb74783f5b73856ec28b5b0940,False,"[""MOVED_UP""]",,0,0,False,1,,0
r1-1501201,30,11,1,11,1,72ba6c858e6dcaa1aed8a827b64984645bd4bfbb74783f5b73856ec28b5b0940,False,"[""BOMB_DROPPED""]",,0,0,False,0,,-0.5
r1-1501201,31,11,1,11,1,72ba6c858e6dcaa1aed8a827b64984645bd4bfbb74783f5b73856ec28b5b0940,True,"[""WAITED""]",,0,0,False,0,,0
r1-1501201,32,11,1,10,1,72ba6c858e6dcaa1aed8a827b64984645bd4bfbb74783f5b73856ec28b5b0940,True,"[""MOVED_LEFT""]",,0,0,False,0,,0
r1-1501201,33,10,1,9,1,72ba6c858e6dcaa1aed8a827b64984645bd4bfbb74783f5b73856ec28b5b0940,True,"[""MOVED_LEFT""]",,0,0,False,1,,0
r1-1501201,34,9,1,9,2,72ba6c858e6dcaa1aed8a827b64984645bd4bfbb74783f5b73856ec28b5b0940,True,"[""MOVED_DOWN"",""BOMB_EXPLODED""]",,0,0,False,3,,0
r1-1501201,35,9,2,9,2,72ba6c858e6dcaa1aed8a827b64984645bd4bfbb74783f5b73856ec28b5b0940,True,"[""WAITED""]",,0,0,False,3,,0
r1-1501201,36,9,2,9,1,72ba6c858e6dcaa1aed8a827b64984645bd4bfbb74783f5b73856ec28b5b0940,False,"[""MOVED_UP""]",,0,0,False,3,,0
r1-1501201,37,9,1,9,1,72ba6c858e6dcaa1aed8a827b64984645bd4bfbb74783f5b73856ec28b5b0940,False,"[""BOMB_DROPPED""]",,0,0,False,3,,0
r1-1501201,38,9,1,9,1,72ba6c858e6dcaa1aed8a827b64984645bd4bfbb74783f5b73856ec28b5b0940,True,"[""WAITED""]",,0,0,False,3,,0
r1-1501201,39,9,1,10,1,72ba6c858e6dcaa1aed8a827b64984645bd4bfbb74783f5b73856ec28b5b0940,True,"[""MOVED_RIGHT""]",,0,0,False,3,,0
r1-1501201,40,10,1,11,1,72ba6c858e6dcaa1aed8a827b64984645bd4bfbb74783f5b73856ec28b5b0940,True,"[""MOVED_RIGHT""]",,0,0,False,1,,0
r1-1501201,41,11,1,11,2,72ba6c858e6dcaa1aed8a827b64984645bd4bfbb74783f5b73856ec28b5b0940,True,"[""MOVED_DOWN"",""BOMB_EXPLODED"",""CRATE_DESTROYED"",""CRATE_DESTROYED"",""CRATE_DESTROYED"",""CRATE_DESTROYED""]",,0,0,False,0,,0
r1-1501201,42,11,2,11,3,124406bf22e7a635b129ed5a49356eb56d03a385d0df4256b54ade8a92d73b18,True,"[""MOVED_DOWN""]",,0,0,False,1,,0
r1-1501201,43,11,3,11,2,124406bf22e7a635b129ed5a49356eb56d03a385d0df4256b54ade8a92d73b18,False,"[""MOVED_UP""]",,0,0,False,3,,0
r1-1501201,44,11,2,11,2,124406bf22e7a635b129ed5a49356eb56d03a385d0df4256b54ade8a92d73b18,False,"[""BOMB_DROPPED""]",,0,0,False,1,,0
r1-1501201,45,11,2,11,1,124406bf22e7a635b129ed5a49356eb56d03a385d0df4256b54ade8a92d73b18,True,"[""MOVED_UP""]",,0,0,False,1,,0
r1-1501201,46,11,1,11,1,124406bf22e7a635b129ed5a49356eb56d03a385d0df4256b54ade8a92d73b18,True,"[""WAITED""]",,0,0,False,0,,0
r1-1501201,47,11,1,11,1,124406bf22e7a635b129ed5a49356eb56d03a385d0df4256b54ade8a92d73b18,True,"[""WAITED""]",,0,0,False,0,,0
r1-1501201,48,11,1,12,1,124406bf22e7a635b129ed5a49356eb56d03a385d0df4256b54ade8a92d73b18,True,"[""MOVED_RIGHT"",""BOMB_EXPLODED"",""CRATE_DESTROYED""]",,0,0,False,0,,0
r1-1501201,49,12,1,13,1,17e9ad1d4efd67648aaa23ec640a8be698dd3d6ea7de9c00841a1a186e95c204,True,"[""MOVED_RIGHT""]",,0,0,False,0,,0
r1-1501201,50,13,1,13,1,17e9ad1d4efd67648aaa23ec640a8be698dd3d6ea7de9c00841a1a186e95c204,False,"[""WAITED""]",,0,0,False,3,,0
r1-1501201,51,13,1,13,1,17e9ad1d4efd67648aaa23ec640a8be698dd3d6ea7de9c00841a1a186e95c204,False,"[""BOMB_DROPPED""]",,0,0,False,3,,0
r1-1501201,52,13,1,13,1,17e9ad1d4efd67648aaa23ec640a8be698dd3d6ea7de9c00841a1a186e95c204,True,"[""WAITED""]",,0,0,False,3,,0
r1-1501201,53,13,1,14,1,17e9ad1d4efd67648aaa23ec640a8be698dd3d6ea7de9c00841a1a186e95c204,True,"[""MOVED_RIGHT""]",,0,0,False,3,,0
r1-1501201,54,14,1,15,1,17e9ad1d4efd67648aaa23ec640a8be698dd3d6ea7de9c00841a1a186e95c204,True,"[""MOVED_RIGHT""]",,0,0,False,0,,0
r1-1501201,55,15,1,15,2,17e9ad1d4efd67648aaa23ec640a8be698dd3d6ea7de9c00841a1a186e95c204,True,"[""MOVED_DOWN"",""BOMB_EXPLODED"",""CRATE_DESTROYED"",""CRATE_DESTROYED"",""CRATE_DESTROYED""]",,0,0,False,0,,0
r1-1501201,56,15,2,15,3,6b14b3d7e11862ef505f2e7d79d84fad239071b7eb306548212924feac3d2891,True,"[""MOVED_DOWN""]",,0,0,False,0,,0
r1-1501201,57,15,3,15,2,6b14b3d7e11862ef505f2e7d79d84fad239071b7eb306548212924feac3d2891,False,"[""MOVED_UP""]",,0,0,False,2,,0
r1-1501201,58,15,2,15,1,6b14b3d7e11862ef505f2e7d79d84fad239071b7eb306548212924feac3d2891,False,"[""MOVED_UP""]",,0,0,False,0,,0
r1-1501201,59,15,1,15,1,6b14b3d7e11862ef505f2e7d79d84fad239071b7eb306548212924feac3d2891,False,"[""BOMB_DROPPED""]",,0,0,False,0,,-0.5
r1-1501201,60,15,1,15,1,6b14b3d7e11862ef505f2e7d79d84fad239071b7eb306548212924feac3d2891,True,"[""WAITED""]",,0,0,False,0,,0
r1-1501201,61,15,1,14,1,6b14b3d7e11862ef505f2e7d79d84fad239071b7eb306548212924feac3d2891,True,"[""MOVED_LEFT""]",,0,0,False,0,,0
r1-1501201,62,14,1,13,1,6b14b3d7e11862ef505f2e7d79d84fad239071b7eb306548212924feac3d2891,True,"[""MOVED_LEFT""]",,0,0,False,0,,0
r1-1501201,63,13,1,13,2,6b14b3d7e11862ef505f2e7d79d84fad239071b7eb306548212924feac3d2891,True,"[""MOVED_DOWN"",""BOMB_EXPLODED""]",,0,0,False,0,,0
r1-1501201,64,13,2,13,3,6b14b3d7e11862ef505f2e7d79d84fad239071b7eb306548212924feac3d2891,True,"[""MOVED_DOWN""]",,0,0,False,1,,0
r1-1501201,65,13,3,13,2,6b14b3d7e11862ef505f2e7d79d84fad239071b7eb306548212924feac3d2891,False,"[""MOVED_UP""]",,0,0,False,3,,0
r1-1501201,66,13,2,13,2,6b14b3d7e11862ef505f2e7d79d84fad239071b7eb306548212924feac3d2891,False,"[""BOMB_DROPPED""]",,0,0,False,1,,0
r1-1501201,67,13,2,13,1,6b14b3d7e11862ef505f2e7d79d84fad239071b7eb306548212924feac3d2891,True,"[""MOVED_UP""]",,0,0,False,1,,0
r1-1501201,68,13,1,13,1,6b14b3d7e11862ef505f2e7d79d84fad239071b7eb306548212924feac3d2891,True,"[""WAITED""]",,0,0,False,0,,0
r1-1501201,69,13,1,13,1,6b14b3d7e11862ef505f2e7d79d84fad239071b7eb306548212924feac3d2891,True,"[""WAITED""]",,0,0,False,0,,0
r1-1501201,70,13,1,14,1,6b14b3d7e11862ef505f2e7d79d84fad239071b7eb306548212924feac3d2891,True,"[""MOVED_RIGHT"",""BOMB_EXPLODED"",""CRATE_DESTROYED""]",,0,0,False,0,,0
r1-1501201,71,14,1,15,1,4ec7cad276803cbcbfcbf70ca8ab8cdf4111b5f49ababdd2325cf789e582059a,True,"[""MOVED_RIGHT""]",,0,0,False,0,,0
r1-1501201,72,15,1,15,2,4ec7cad276803cbcbfcbf70ca8ab8cdf4111b5f49ababdd2325cf789e582059a,False,"[""MOVED_DOWN""]",,0,0,False,0,,0
r1-1501201,73,15,2,15,1,4ec7cad276803cbcbfcbf70ca8ab8cdf4111b5f49ababdd2325cf789e582059a,False,"[""MOVED_UP""]",,0,0,False,0,,0
r1-1501201,74,15,1,15,1,4ec7cad276803cbcbfcbf70ca8ab8cdf4111b5f49ababdd2325cf789e582059a,False,"[""BOMB_DROPPED""]",,0,0,False,0,,-0.5
r1-1501201,75,15,1,15,1,4ec7cad276803cbcbfcbf70ca8ab8cdf4111b5f49ababdd2325cf789e582059a,True,"[""WAITED""]",,0,0,False,0,,0
r1-1501201,76,15,1,14,1,4ec7cad276803cbcbfcbf70ca8ab8cdf4111b5f49ababdd2325cf789e582059a,True,"[""MOVED_LEFT""]",,0,0,False,0,,0
r1-1501201,77,14,1,13,1,4ec7cad276803cbcbfcbf70ca8ab8cdf4111b5f49ababdd2325cf789e582059a,True,"[""MOVED_LEFT""]",,0,0,False,0,,0
r1-1501201,78,13,1,13,2,4ec7cad276803cbcbfcbf70ca8ab8cdf4111b5f49ababdd2325cf789e582059a,True,"[""MOVED_DOWN"",""BOMB_EXPLODED""]",,0,0,False,0,,0
r1-1501201,79,13,2,13,3,4ec7cad276803cbcbfcbf70ca8ab8cdf4111b5f49ababdd2325cf789e582059a,True,"[""MOVED_DOWN""]",,0,0,False,0,,0
r1-1501201,80,13,3,13,2,4ec7cad276803cbcbfcbf70ca8ab8cdf4111b5f49ababdd2325cf789e582059a,False,"[""MOVED_UP""]",,0,0,False,3,,0
r1-1501201,81,13,2,13,1,4ec7cad276803cbcbfcbf70ca8ab8cdf4111b5f49ababdd2325cf789e582059a,False,"[""MOVED_UP""]",,0,0,False,0,,0
r1-1501201,82,13,1,13,1,4ec7cad276803cbcbfcbf70ca8ab8cdf4111b5f49ababdd2325cf789e582059a,False,"[""BOMB_DROPPED""]",,0,0,False,0,,-0.5
r1-1501201,83,13,1,13,1,4ec7cad276803cbcbfcbf70ca8ab8cdf4111b5f49ababdd2325cf789e582059a,True,"[""WAITED""]",,0,0,False,0,,0
r1-1501201,84,13,1,12,1,4ec7cad276803cbcbfcbf70ca8ab8cdf4111b5f49ababdd2325cf789e582059a,True,"[""MOVED_LEFT""]",,0,0,False,0,,0
r1-1501201,85,12,1,11,1,4ec7cad276803cbcbfcbf70ca8ab8cdf4111b5f49ababdd2325cf789e582059a,True,"[""MOVED_LEFT""]",,0,0,False,0,,0
r1-1501201,86,11,1,11,2,4ec7cad276803cbcbfcbf70ca8ab8cdf4111b5f49ababdd2325cf789e582059a,True,"[""MOVED_DOWN"",""BOMB_EXPLODED""]",,0,0,False,0,,0
r1-1501201,87,11,2,11,3,4ec7cad276803cbcbfcbf70ca8ab8cdf4111b5f49ababdd2325cf789e582059a,True,"[""MOVED_DOWN""]",,0,0,False,0,,0
r1-1501201,88,11,3,11,2,4ec7cad276803cbcbfcbf70ca8ab8cdf4111b5f49ababdd2325cf789e582059a,False,"[""MOVED_UP""]",,0,0,False,3,,0
r1-1501201,89,11,2,11,1,4ec7cad276803cbcbfcbf70ca8ab8cdf4111b5f49ababdd2325cf789e582059a,False,"[""MOVED_UP""]",,0,0,False,0,,0
r1-1501201,90,11,1,11,1,4ec7cad276803cbcbfcbf70ca8ab8cdf4111b5f49ababdd2325cf789e582059a,False,"[""BOMB_DROPPED""]",,0,0,False,0,,-0.5
r1-1501201,91,11,1,11,1,4ec7cad276803cbcbfcbf70ca8ab8cdf4111b5f49ababdd2325cf789e582059a,True,"[""WAITED""]",,0,0,False,0,,0
r1-1501201,92,11,1,10,1,4ec7cad276803cbcbfcbf70ca8ab8cdf4111b5f49ababdd2325cf789e582059a,True,"[""MOVED_LEFT""]",,0,0,False,0,,0
r1-1501201,93,10,1,9,1,4ec7cad276803cbcbfcbf70ca8ab8cdf4111b5f49ababdd2325cf789e582059a,True,"[""MOVED_LEFT""]",,0,0,False,0,,0
r1-1501201,94,9,1,9,2,4ec7cad276803cbcbfcbf70ca8ab8cdf4111b5f49ababdd2325cf789e582059a,True,"[""MOVED_DOWN"",""BOMB_EXPLODED""]",,0,0,False,0,,0
r1-1501201,95,9,2,9,3,4ec7cad276803cbcbfcbf70ca8ab8cdf4111b5f49ababdd2325cf789e582059a,True,"[""MOVED_DOWN""]",,0,0,False,1,,0
r1-1501201,96,9,3,9,2,4ec7cad276803cbcbfcbf70ca8ab8cdf4111b5f49ababdd2325cf789e582059a,False,"[""MOVED_UP""]",,0,0,False,3,,0
r1-1501201,97,9,2,9,2,4ec7cad276803cbcbfcbf70ca8ab8cdf4111b5f49ababdd2325cf789e582059a,False,"[""BOMB_DROPPED""]",,0,0,False,1,,0
r1-1501201,98,9,2,9,1,4ec7cad276803cbcbfcbf70ca8ab8cdf4111b5f49ababdd2325cf789e582059a,True,"[""MOVED_UP""]",,0,0,False,1,,0
r1-1501201,99,9,1,9,1,4ec7cad276803cbcbfcbf70ca8ab8cdf4111b5f49ababdd2325cf789e582059a,True,"[""WAITED""]",,0,0,False,0,,0
r1-1501201,100,9,1,9,1,4ec7cad276803cbcbfcbf70ca8ab8cdf4111b5f49ababdd2325cf789e582059a,True,"[""WAITED""]",,0,0,False,0,,0
r1-1501201,101,9,1,8,1,4ec7cad276803cbcbfcbf70ca8ab8cdf4111b5f49ababdd2325cf789e582059a,True,"[""MOVED_LEFT"",""BOMB_EXPLODED"",""CRATE_DESTROYED""]",,0,0,False,0,,0
r1-1501201,102,8,1,7,1,8b50d7b56916525f70519deafa3ec072768a631cc646fc1ec3e4e67e0a11bf24,True,"[""MOVED_LEFT""]",,0,0,False,0,,0
r1-1501201,103,7,1,7,1,8b50d7b56916525f70519deafa3ec072768a631cc646fc1ec3e4e67e0a11bf24,False,"[""WAITED""]",,0,0,False,3,,0
r1-1501201,104,7,1,7,1,8b50d7b56916525f70519deafa3ec072768a631cc646fc1ec3e4e67e0a11bf24,False,"[""BOMB_DROPPED""]",,0,0,False,3,,0
r1-1501201,105,7,1,7,1,8b50d7b56916525f70519deafa3ec072768a631cc646fc1ec3e4e67e0a11bf24,True,"[""WAITED""]",,0,0,False,3,,0
r1-1501201,106,7,1,8,1,8b50d7b56916525f70519deafa3ec072768a631cc646fc1ec3e4e67e0a11bf24,True,"[""MOVED_RIGHT""]",,0,0,False,3,,0
r1-1501201,107,8,1,9,1,8b50d7b56916525f70519deafa3ec072768a631cc646fc1ec3e4e67e0a11bf24,True,"[""MOVED_RIGHT""]",,0,0,False,0,,0
r1-1501201,108,9,1,9,2,8b50d7b56916525f70519deafa3ec072768a631cc646fc1ec3e4e67e0a11bf24,True,"[""MOVED_DOWN"",""BOMB_EXPLODED"",""CRATE_DESTROYED"",""CRATE_DESTROYED"",""CRATE_DESTROYED""]",,0,0,False,0,,0
r1-1501201,109,9,2,9,3,9a221516781451cce2bad8993d90b6ad9bfed0e6cdac315b9f6380918a163e26,True,"[""MOVED_DOWN""]",,0,0,False,0,,0
r1-1501201,110,9,3,9,2,9a221516781451cce2bad8993d90b6ad9bfed0e6cdac315b9f6380918a163e26,False,"[""MOVED_UP""]",,0,0,False,3,,0
r1-1501201,111,9,2,9,1,9a221516781451cce2bad8993d90b6ad9bfed0e6cdac315b9f6380918a163e26,False,"[""MOVED_UP""]",,0,0,False,0,,0
r1-1501201,112,9,1,9,1,9a221516781451cce2bad8993d90b6ad9bfed0e6cdac315b9f6380918a163e26,False,"[""BOMB_DROPPED""]",,0,0,False,0,,-0.5
r1-1501201,113,9,1,9,1,9a221516781451cce2bad8993d90b6ad9bfed0e6cdac315b9f6380918a163e26,True,"[""WAITED""]",,0,0,False,0,,0
r1-1501201,114,9,1,8,1,9a221516781451cce2bad8993d90b6ad9bfed0e6cdac315b9f6380918a163e26,True,"[""MOVED_LEFT""]",,0,0,False,0,,0
r1-1501201,115,8,1,7,1,9a221516781451cce2bad8993d90b6ad9bfed0e6cdac315b9f6380918a163e26,True,"[""MOVED_LEFT""]",,0,0,False,0,,0
r1-1501201,116,7,1,7,2,9a221516781451cce2bad8993d90b6ad9bfed0e6cdac315b9f6380918a163e26,True,"[""MOVED_DOWN"",""BOMB_EXPLODED""]",,0,0,False,0,,0
r1-1501201,117,7,2,7,3,9a221516781451cce2bad8993d90b6ad9bfed0e6cdac315b9f6380918a163e26,True,"[""MOVED_DOWN""]",,0,0,False,1,,0
r1-1501201,118,7,3,7,2,9a221516781451cce2bad8993d90b6ad9bfed0e6cdac315b9f6380918a163e26,False,"[""MOVED_UP""]",,0,0,False,3,,0
r1-1501201,119,7,2,7,2,9a221516781451cce2bad8993d90b6ad9bfed0e6cdac315b9f6380918a163e26,False,"[""BOMB_DROPPED""]",,0,0,False,1,,0
r1-1501201,120,7,2,7,1,9a221516781451cce2bad8993d90b6ad9bfed0e6cdac315b9f6380918a163e26,True,"[""MOVED_UP""]",,0,0,False,1,,0
r1-1501201,121,7,1,7,1,9a221516781451cce2bad8993d90b6ad9bfed0e6cdac315b9f6380918a163e26,True,"[""WAITED""]",,0,0,False,0,,0
r1-1501201,122,7,1,7,1,9a221516781451cce2bad8993d90b6ad9bfed0e6cdac315b9f6380918a163e26,True,"[""WAITED""]",,0,0,False,0,,0
r1-1501201,123,7,1,6,1,9a221516781451cce2bad8993d90b6ad9bfed0e6cdac315b9f6380918a163e26,True,"[""MOVED_LEFT"",""BOMB_EXPLODED"",""CRATE_DESTROYED""]",,0,0,False,0,,0
r1-1501201,124,6,1,6,1,1208bfe3a1c928e25e480ac8adc9e8cbc45335526800a5d75e0047c671ac6d86,True,"[""WAITED""]",,0,0,False,1,,0
r1-1501201,125,6,1,7,1,1208bfe3a1c928e25e480ac8adc9e8cbc45335526800a5d75e0047c671ac6d86,False,"[""MOVED_RIGHT""]",,0,0,False,1,,0
r1-1501201,126,7,1,8,1,1208bfe3a1c928e25e480ac8adc9e8cbc45335526800a5d75e0047c671ac6d86,False,"[""MOVED_RIGHT""]",,0,0,False,0,,0
r1-1501201,127,8,1,7,1,1208bfe3a1c928e25e480ac8adc9e8cbc45335526800a5d75e0047c671ac6d86,False,"[""MOVED_LEFT""]",,0,0,False,0,,0
r1-1501201,128,7,1,8,1,1208bfe3a1c928e25e480ac8adc9e8cbc45335526800a5d75e0047c671ac6d86,False,"[""MOVED_RIGHT""]",,0,0,False,0,,0
r1-1501201,129,8,1,7,1,1208bfe3a1c928e25e480ac8adc9e8cbc45335526800a5d75e0047c671ac6d86,False,"[""MOVED_LEFT""]",,0,0,False,0,,0
r1-1501201,130,7,1,8,1,1208bfe3a1c928e25e480ac8adc9e8cbc45335526800a5d75e0047c671ac6d86,False,"[""MOVED_RIGHT""]",,0,0,False,0,,0
r1-1501201,131,8,1,7,1,1208bfe3a1c928e25e480ac8adc9e8cbc45335526800a5d75e0047c671ac6d86,False,"[""MOVED_LEFT""]",,0,0,False,0,,0
r1-1501201,132,7,1,8,1,1208bfe3a1c928e25e480ac8adc9e8cbc45335526800a5d75e0047c671ac6d86,False,"[""MOVED_RIGHT""]",,0,0,False,0,,0
r1-1501201,133,8,1,7,1,1208bfe3a1c928e25e480ac8adc9e8cbc45335526800a5d75e0047c671ac6d86,False,"[""MOVED_LEFT""]",,0,0,False,0,,0
r1-1501201,134,7,1,8,1,1208bfe3a1c928e25e480ac8adc9e8cbc45335526800a5d75e0047c671ac6d86,False,"[""MOVED_RIGHT""]",,0,0,False,0,,0
r1-1501201,135,8,1,7,1,1208bfe3a1c928e25e480ac8adc9e8cbc45335526800a5d75e0047c671ac6d86,False,"[""MOVED_LEFT""]",,0,0,False,0,,0
r1-1501201,136,7,1,8,1,1208bfe3a1c928e25e480ac8adc9e8cbc45335526800a5d75e0047c671ac6d86,False,"[""MOVED_RIGHT""]",,0,0,False,0,,0
r1-1501201,137,8,1,7,1,1208bfe3a1c928e25e480ac8adc9e8cbc45335526800a5d75e0047c671ac6d86,False,"[""MOVED_LEFT""]",,0,0,False,0,,0
r1-1501201,138,7,1,8,1,1208bfe3a1c928e25e480ac8adc9e8cbc45335526800a5d75e0047c671ac6d86,False,"[""MOVED_RIGHT""]",,0,0,False,0,,0
r1-1501201,139,8,1,7,1,1208bfe3a1c928e25e480ac8adc9e8cbc45335526800a5d75e0047c671ac6d86,False,"[""MOVED_LEFT""]",,0,0,False,0,,0
r1-1501201,140,7,1,8,1,1208bfe3a1c928e25e480ac8adc9e8cbc45335526800a5d75e0047c671ac6d86,False,"[""MOVED_RIGHT""]",,0,0,False,0,,0
r1-1501201,141,8,1,7,1,1208bfe3a1c928e25e480ac8adc9e8cbc45335526800a5d75e0047c671ac6d86,False,"[""MOVED_LEFT""]",,0,0,False,0,,0
r1-1501201,142,7,1,8,1,1208bfe3a1c928e25e480ac8adc9e8cbc45335526800a5d75e0047c671ac6d86,False,"[""MOVED_RIGHT""]",,0,0,False,0,,0
r1-1501201,143,8,1,7,1,1208bfe3a1c928e25e480ac8adc9e8cbc45335526800a5d75e0047c671ac6d86,False,"[""MOVED_LEFT""]",,0,0,False,0,,0
r1-1501201,144,7,1,8,1,1208bfe3a1c928e25e480ac8adc9e8cbc45335526800a5d75e0047c671ac6d86,False,"[""MOVED_RIGHT""]",,0,0,False,0,,0
r1-1501201,145,8,1,7,1,1208bfe3a1c928e25e480ac8adc9e8cbc45335526800a5d75e0047c671ac6d86,False,"[""MOVED_LEFT""]",,0,0,False,0,,0
r1-1501201,146,7,1,8,1,1208bfe3a1c928e25e480ac8adc9e8cbc45335526800a5d75e0047c671ac6d86,False,"[""MOVED_RIGHT""]",,0,0,False,0,,0
r1-1501201,147,8,1,7,1,1208bfe3a1c928e25e480ac8adc9e8cbc45335526800a5d75e0047c671ac6d86,False,"[""MOVED_LEFT""]",,0,0,False,0,,0
r1-1501201,148,7,1,8,1,1208bfe3a1c928e25e480ac8adc9e8cbc45335526800a5d75e0047c671ac6d86,False,"[""MOVED_RIGHT""]",,0,0,False,0,,0
r1-1501201,149,8,1,7,1,1208bfe3a1c928e25e480ac8adc9e8cbc45335526800a5d75e0047c671ac6d86,False,"[""MOVED_LEFT""]",,0,0,False,0,,0
r1-1501201,150,7,1,8,1,1208bfe3a1c928e25e480ac8adc9e8cbc45335526800a5d75e0047c671ac6d86,False,"[""MOVED_RIGHT""]",,0,0,False,0,,0
r1-1501201,151,8,1,7,1,1208bfe3a1c928e25e480ac8adc9e8cbc45335526800a5d75e0047c671ac6d86,False,"[""MOVED_LEFT""]",,0,0,False,0,,0
r1-1501201,152,7,1,8,1,1208bfe3a1c928e25e480ac8adc9e8cbc45335526800a5d75e0047c671ac6d86,False,"[""MOVED_RIGHT""]",,0,0,False,0,,0
r1-1501201,153,8,1,7,1,1208bfe3a1c928e25e480ac8adc9e8cbc45335526800a5d75e0047c671ac6d86,False,"[""MOVED_LEFT""]",,0,0,False,0,,0
r1-1501201,154,7,1,8,1,1208bfe3a1c928e25e480ac8adc9e8cbc45335526800a5d75e0047c671ac6d86,False,"[""MOVED_RIGHT""]",,0,0,False,0,,0
r1-1501201,155,8,1,7,1,1208bfe3a1c928e25e480ac8adc9e8cbc45335526800a5d75e0047c671ac6d86,False,"[""MOVED_LEFT""]",,0,0,False,0,,0
r1-1501201,156,7,1,8,1,1208bfe3a1c928e25e480ac8adc9e8cbc45335526800a5d75e0047c671ac6d86,False,"[""MOVED_RIGHT""]",,0,0,False,0,,0
r1-1501201,157,8,1,7,1,1208bfe3a1c928e25e480ac8adc9e8cbc45335526800a5d75e0047c671ac6d86,False,"[""MOVED_LEFT""]",,0,0,False,0,,0
r1-1501201,158,7,1,8,1,1208bfe3a1c928e25e480ac8adc9e8cbc45335526800a5d75e0047c671ac6d86,False,"[""MOVED_RIGHT""]",,0,0,False,0,,0
r1-1501201,159,8,1,7,1,1208bfe3a1c928e25e480ac8adc9e8cbc45335526800a5d75e0047c671ac6d86,False,"[""MOVED_LEFT""]",,0,0,False,0,,0
r1-1501201,160,7,1,8,1,1208bfe3a1c928e25e480ac8adc9e8cbc45335526800a5d75e0047c671ac6d86,False,"[""MOVED_RIGHT""]",,0,0,False,0,,0
r1-1501201,161,8,1,7,1,1208bfe3a1c928e25e480ac8adc9e8cbc45335526800a5d75e0047c671ac6d86,False,"[""MOVED_LEFT""]",,0,0,False,0,,0
r1-1501201,162,7,1,8,1,1208bfe3a1c928e25e480ac8adc9e8cbc45335526800a5d75e0047c671ac6d86,False,"[""MOVED_RIGHT""]",,0,0,False,0,,0
r1-1501201,163,8,1,7,1,1208bfe3a1c928e25e480ac8adc9e8cbc45335526800a5d75e0047c671ac6d86,False,"[""MOVED_LEFT""]",,0,0,False,0,,0
r1-1501201,164,7,1,8,1,1208bfe3a1c928e25e480ac8adc9e8cbc45335526800a5d75e0047c671ac6d86,False,"[""MOVED_RIGHT""]",,0,0,False,0,,0
r1-1501201,165,8,1,7,1,1208bfe3a1c928e25e480ac8adc9e8cbc45335526800a5d75e0047c671ac6d86,False,"[""MOVED_LEFT""]",,0,0,False,0,,0
r1-1501201,166,7,1,8,1,1208bfe3a1c928e25e480ac8adc9e8cbc45335526800a5d75e0047c671ac6d86,False,"[""MOVED_RIGHT""]",,0,0,False,0,,0
r1-1501201,167,8,1,7,1,1208bfe3a1c928e25e480ac8adc9e8cbc45335526800a5d75e0047c671ac6d86,False,"[""MOVED_LEFT""]",,0,0,False,0,,0
r1-1501201,168,7,1,8,1,1208bfe3a1c928e25e480ac8adc9e8cbc45335526800a5d75e0047c671ac6d86,False,"[""MOVED_RIGHT""]",,0,0,False,0,,0
r1-1501201,169,8,1,7,1,1208bfe3a1c928e25e480ac8adc9e8cbc45335526800a5d75e0047c671ac6d86,False,"[""MOVED_LEFT""]",,0,0,False,0,,0
r1-1501201,170,7,1,8,1,1208bfe3a1c928e25e480ac8adc9e8cbc45335526800a5d75e0047c671ac6d86,False,"[""MOVED_RIGHT""]",,0,0,False,0,,0
r1-1501201,171,8,1,7,1,1208bfe3a1c928e25e480ac8adc9e8cbc45335526800a5d75e0047c671ac6d86,False,"[""MOVED_LEFT""]",,0,0,False,0,,0
r1-1501201,172,7,1,8,1,1208bfe3a1c928e25e480ac8adc9e8cbc45335526800a5d75e0047c671ac6d86,False,"[""MOVED_RIGHT""]",,0,0,False,0,,0
r1-1501201,173,8,1,7,1,1208bfe3a1c928e25e480ac8adc9e8cbc45335526800a5d75e0047c671ac6d86,False,"[""MOVED_LEFT""]",,0,0,False,0,,0
r1-1501201,174,7,1,8,1,1208bfe3a1c928e25e480ac8adc9e8cbc45335526800a5d75e0047c671ac6d86,False,"[""MOVED_RIGHT""]",,0,0,False,0,,0
r1-1501201,175,8,1,7,1,1208bfe3a1c928e25e480ac8adc9e8cbc45335526800a5d75e0047c671ac6d86,False,"[""MOVED_LEFT""]",,0,0,False,0,,0
r1-1501201,176,7,1,8,1,1208bfe3a1c928e25e480ac8adc9e8cbc45335526800a5d75e0047c671ac6d86,False,"[""MOVED_RIGHT""]",,0,0,False,0,,0
r1-1501201,177,8,1,7,1,1208bfe3a1c928e25e480ac8adc9e8cbc45335526800a5d75e0047c671ac6d86,False,"[""MOVED_LEFT""]",,0,0,False,0,,0
r1-1501201,178,7,1,8,1,1208bfe3a1c928e25e480ac8adc9e8cbc45335526800a5d75e0047c671ac6d86,False,"[""MOVED_RIGHT""]",,0,0,False,0,,0
r1-1501201,179,8,1,7,1,1208bfe3a1c928e25e480ac8adc9e8cbc45335526800a5d75e0047c671ac6d86,False,"[""MOVED_LEFT""]",,0,0,False,0,,0
r1-1501201,180,7,1,8,1,1208bfe3a1c928e25e480ac8adc9e8cbc45335526800a5d75e0047c671ac6d86,False,"[""MOVED_RIGHT""]",,0,0,False,0,,0
r1-1501201,181,8,1,7,1,1208bfe3a1c928e25e480ac8adc9e8cbc45335526800a5d75e0047c671ac6d86,False,"[""MOVED_LEFT""]",,0,0,False,0,,0
r1-1501201,182,7,1,8,1,1208bfe3a1c928e25e480ac8adc9e8cbc45335526800a5d75e0047c671ac6d86,False,"[""MOVED_RIGHT""]",,0,0,False,0,,0
r1-1501201,183,8,1,7,1,1208bfe3a1c928e25e480ac8adc9e8cbc45335526800a5d75e0047c671ac6d86,False,"[""MOVED_LEFT""]",,0,0,False,0,,0
r1-1501201,184,7,1,8,1,1208bfe3a1c928e25e480ac8adc9e8cbc45335526800a5d75e0047c671ac6d86,False,"[""MOVED_RIGHT""]",,0,0,False,0,,0
r1-1501201,185,8,1,7,1,1208bfe3a1c928e25e480ac8adc9e8cbc45335526800a5d75e0047c671ac6d86,False,"[""MOVED_LEFT""]",,0,0,False,0,,0
r1-1501201,186,7,1,8,1,1208bfe3a1c928e25e480ac8adc9e8cbc45335526800a5d75e0047c671ac6d86,False,"[""MOVED_RIGHT""]",,0,0,False,0,,0
r1-1501201,187,8,1,7,1,1208bfe3a1c928e25e480ac8adc9e8cbc45335526800a5d75e0047c671ac6d86,False,"[""MOVED_LEFT""]",,0,0,False,0,,0
r1-1501201,188,7,1,8,1,1208bfe3a1c928e25e480ac8adc9e8cbc45335526800a5d75e0047c671ac6d86,False,"[""MOVED_RIGHT""]",,0,0,False,0,,0
r1-1501201,189,8,1,7,1,1208bfe3a1c928e25e480ac8adc9e8cbc45335526800a5d75e0047c671ac6d86,False,"[""MOVED_LEFT""]",,0,0,False,0,,0
r1-1501201,190,7,1,8,1,1208bfe3a1c928e25e480ac8adc9e8cbc45335526800a5d75e0047c671ac6d86,False,"[""MOVED_RIGHT""]",,0,0,False,0,,0
r1-1501201,191,8,1,7,1,1208bfe3a1c928e25e480ac8adc9e8cbc45335526800a5d75e0047c671ac6d86,False,"[""MOVED_LEFT""]",,0,0,False,0,,0
r1-1501201,192,7,1,8,1,1208bfe3a1c928e25e480ac8adc9e8cbc45335526800a5d75e0047c671ac6d86,False,"[""MOVED_RIGHT""]",,0,0,False,0,,0
r1-1501201,193,8,1,7,1,1208bfe3a1c928e25e480ac8adc9e8cbc45335526800a5d75e0047c671ac6d86,False,"[""MOVED_LEFT""]",,0,0,False,0,,0
r1-1501201,194,7,1,8,1,1208bfe3a1c928e25e480ac8adc9e8cbc45335526800a5d75e0047c671ac6d86,False,"[""MOVED_RIGHT""]",,0,0,False,0,,0
r1-1501201,195,8,1,7,1,1208bfe3a1c928e25e480ac8adc9e8cbc45335526800a5d75e0047c671ac6d86,False,"[""MOVED_LEFT""]",,0,0,False,0,,0
r1-1501201,196,7,1,8,1,1208bfe3a1c928e25e480ac8adc9e8cbc45335526800a5d75e0047c671ac6d86,False,"[""MOVED_RIGHT""]",,0,0,False,0,,0
r1-1501201,197,8,1,7,1,1208bfe3a1c928e25e480ac8adc9e8cbc45335526800a5d75e0047c671ac6d86,False,"[""MOVED_LEFT""]",,0,0,False,0,,0
r1-1501201,198,7,1,8,1,1208bfe3a1c928e25e480ac8adc9e8cbc45335526800a5d75e0047c671ac6d86,False,"[""MOVED_RIGHT""]",,0,0,False,0,,0
r1-1501201,199,8,1,7,1,1208bfe3a1c928e25e480ac8adc9e8cbc45335526800a5d75e0047c671ac6d86,False,"[""MOVED_LEFT""]",,0,0,False,0,,0
r1-1501201,200,7,1,8,1,1208bfe3a1c928e25e480ac8adc9e8cbc45335526800a5d75e0047c671ac6d86,False,"[""MOVED_RIGHT""]",,0,0,False,0,,0
r1-1501201,201,8,1,7,1,1208bfe3a1c928e25e480ac8adc9e8cbc45335526800a5d75e0047c671ac6d86,False,"[""MOVED_LEFT""]",,0,0,False,0,,0
r1-1501201,202,7,1,8,1,1208bfe3a1c928e25e480ac8adc9e8cbc45335526800a5d75e0047c671ac6d86,False,"[""MOVED_RIGHT""]",,0,0,False,0,,0
r1-1501201,203,8,1,7,1,1208bfe3a1c928e25e480ac8adc9e8cbc45335526800a5d75e0047c671ac6d86,False,"[""MOVED_LEFT""]",,0,0,False,0,,0
r1-1501201,204,7,1,8,1,1208bfe3a1c928e25e480ac8adc9e8cbc45335526800a5d75e0047c671ac6d86,False,"[""MOVED_RIGHT""]",,0,0,False,0,,0
r1-1501201,205,8,1,7,1,1208bfe3a1c928e25e480ac8adc9e8cbc45335526800a5d75e0047c671ac6d86,False,"[""MOVED_LEFT""]",,0,0,False,0,,0
r1-1501201,206,7,1,8,1,1208bfe3a1c928e25e480ac8adc9e8cbc45335526800a5d75e0047c671ac6d86,False,"[""MOVED_RIGHT""]",,0,0,False,0,,0
r1-1501201,207,8,1,7,1,1208bfe3a1c928e25e480ac8adc9e8cbc45335526800a5d75e0047c671ac6d86,False,"[""MOVED_LEFT""]",,0,0,False,0,,0
r1-1501201,208,7,1,8,1,1208bfe3a1c928e25e480ac8adc9e8cbc45335526800a5d75e0047c671ac6d86,False,"[""MOVED_RIGHT""]",,0,0,False,0,,0
r1-1501201,209,8,1,7,1,1208bfe3a1c928e25e480ac8adc9e8cbc45335526800a5d75e0047c671ac6d86,False,"[""MOVED_LEFT""]",,0,0,False,0,,0
r1-1501201,210,7,1,8,1,1208bfe3a1c928e25e480ac8adc9e8cbc45335526800a5d75e0047c671ac6d86,False,"[""MOVED_RIGHT""]",,0,0,False,0,,0
r1-1501201,211,8,1,7,1,1208bfe3a1c928e25e480ac8adc9e8cbc45335526800a5d75e0047c671ac6d86,False,"[""MOVED_LEFT""]",,0,0,False,0,,0
r1-1501201,212,7,1,8,1,1208bfe3a1c928e25e480ac8adc9e8cbc45335526800a5d75e0047c671ac6d86,False,"[""MOVED_RIGHT""]",,0,0,False,0,,0
r1-1501201,213,8,1,7,1,1208bfe3a1c928e25e480ac8adc9e8cbc45335526800a5d75e0047c671ac6d86,False,"[""MOVED_LEFT""]",,0,0,False,0,,0
r1-1501201,214,7,1,8,1,1208bfe3a1c928e25e480ac8adc9e8cbc45335526800a5d75e0047c671ac6d86,False,"[""MOVED_RIGHT""]",,0,0,False,0,,0
r1-1501201,215,8,1,7,1,1208bfe3a1c928e25e480ac8adc9e8cbc45335526800a5d75e0047c671ac6d86,False,"[""MOVED_LEFT""]",,0,0,False,0,,0
r1-1501201,216,7,1,8,1,1208bfe3a1c928e25e480ac8adc9e8cbc45335526800a5d75e0047c671ac6d86,False,"[""MOVED_RIGHT""]",,0,0,False,0,,0
r1-1501201,217,8,1,7,1,1208bfe3a1c928e25e480ac8adc9e8cbc45335526800a5d75e0047c671ac6d86,False,"[""MOVED_LEFT""]",,0,0,False,0,,0
r1-1501201,218,7,1,8,1,1208bfe3a1c928e25e480ac8adc9e8cbc45335526800a5d75e0047c671ac6d86,False,"[""MOVED_RIGHT""]",,0,0,False,0,,0
r1-1501201,219,8,1,7,1,1208bfe3a1c928e25e480ac8adc9e8cbc45335526800a5d75e0047c671ac6d86,False,"[""MOVED_LEFT""]",,0,0,False,0,,0
r1-1501201,220,7,1,8,1,1208bfe3a1c928e25e480ac8adc9e8cbc45335526800a5d75e0047c671ac6d86,False,"[""MOVED_RIGHT""]",,0,0,False,0,,0
r1-1501201,221,8,1,7,1,1208bfe3a1c928e25e480ac8adc9e8cbc45335526800a5d75e0047c671ac6d86,False,"[""MOVED_LEFT""]",,0,0,False,0,,0
r1-1501201,222,7,1,8,1,1208bfe3a1c928e25e480ac8adc9e8cbc45335526800a5d75e0047c671ac6d86,False,"[""MOVED_RIGHT""]",,0,0,False,0,,0
r1-1501201,223,8,1,7,1,1208bfe3a1c928e25e480ac8adc9e8cbc45335526800a5d75e0047c671ac6d86,False,"[""MOVED_LEFT""]",,0,0,False,0,,0
r1-1501201,224,7,1,8,1,1208bfe3a1c928e25e480ac8adc9e8cbc45335526800a5d75e0047c671ac6d86,False,"[""MOVED_RIGHT""]",,0,0,False,0,,0
r1-1501201,225,8,1,7,1,1208bfe3a1c928e25e480ac8adc9e8cbc45335526800a5d75e0047c671ac6d86,False,"[""MOVED_LEFT""]",,0,0,False,0,,0
r1-1501201,226,7,1,8,1,1208bfe3a1c928e25e480ac8adc9e8cbc45335526800a5d75e0047c671ac6d86,False,"[""MOVED_RIGHT""]",,0,0,False,0,,0
r1-1501201,227,8,1,7,1,1208bfe3a1c928e25e480ac8adc9e8cbc45335526800a5d75e0047c671ac6d86,False,"[""MOVED_LEFT""]",,0,0,False,0,,0
r1-1501201,228,7,1,8,1,1208bfe3a1c928e25e480ac8adc9e8cbc45335526800a5d75e0047c671ac6d86,False,"[""MOVED_RIGHT""]",,0,0,False,0,,0
r1-1501201,229,8,1,7,1,1208bfe3a1c928e25e480ac8adc9e8cbc45335526800a5d75e0047c671ac6d86,False,"[""MOVED_LEFT""]",,0,0,False,0,,0
r1-1501201,230,7,1,8,1,1208bfe3a1c928e25e480ac8adc9e8cbc45335526800a5d75e0047c671ac6d86,False,"[""MOVED_RIGHT""]",,0,0,False,0,,0
r1-1501201,231,8,1,7,1,1208bfe3a1c928e25e480ac8adc9e8cbc45335526800a5d75e0047c671ac6d86,False,"[""MOVED_LEFT""]",,0,0,False,0,,0
r1-1501201,232,7,1,8,1,1208bfe3a1c928e25e480ac8adc9e8cbc45335526800a5d75e0047c671ac6d86,False,"[""MOVED_RIGHT""]",,0,0,False,0,,0
r1-1501201,233,8,1,7,1,1208bfe3a1c928e25e480ac8adc9e8cbc45335526800a5d75e0047c671ac6d86,False,"[""MOVED_LEFT""]",,0,0,False,0,,0
r1-1501201,234,7,1,8,1,1208bfe3a1c928e25e480ac8adc9e8cbc45335526800a5d75e0047c671ac6d86,False,"[""MOVED_RIGHT""]",,0,0,False,0,,0
r1-1501201,235,8,1,7,1,1208bfe3a1c928e25e480ac8adc9e8cbc45335526800a5d75e0047c671ac6d86,False,"[""MOVED_LEFT""]",,0,0,False,0,,0
r1-1501201,236,7,1,8,1,1208bfe3a1c928e25e480ac8adc9e8cbc45335526800a5d75e0047c671ac6d86,False,"[""MOVED_RIGHT""]",,0,0,False,0,,0
r1-1501201,237,8,1,7,1,1208bfe3a1c928e25e480ac8adc9e8cbc45335526800a5d75e0047c671ac6d86,False,"[""MOVED_LEFT""]",,0,0,False,0,,0
r1-1501201,238,7,1,8,1,1208bfe3a1c928e25e480ac8adc9e8cbc45335526800a5d75e0047c671ac6d86,False,"[""MOVED_RIGHT""]",,0,0,False,0,,0
r1-1501201,239,8,1,7,1,1208bfe3a1c928e25e480ac8adc9e8cbc45335526800a5d75e0047c671ac6d86,False,"[""MOVED_LEFT""]",,0,0,False,0,,0
r1-1501201,240,7,1,8,1,1208bfe3a1c928e25e480ac8adc9e8cbc45335526800a5d75e0047c671ac6d86,False,"[""MOVED_RIGHT""]",,0,0,False,0,,0
r1-1501201,241,8,1,7,1,1208bfe3a1c928e25e480ac8adc9e8cbc45335526800a5d75e0047c671ac6d86,False,"[""MOVED_LEFT""]",,0,0,False,0,,0
r1-1501201,242,7,1,8,1,1208bfe3a1c928e25e480ac8adc9e8cbc45335526800a5d75e0047c671ac6d86,False,"[""MOVED_RIGHT""]",,0,0,False,0,,0
r1-1501201,243,8,1,7,1,1208bfe3a1c928e25e480ac8adc9e8cbc45335526800a5d75e0047c671ac6d86,False,"[""MOVED_LEFT""]",,0,0,False,0,,0
r1-1501201,244,7,1,8,1,1208bfe3a1c928e25e480ac8adc9e8cbc45335526800a5d75e0047c671ac6d86,False,"[""MOVED_RIGHT""]",,0,0,False,0,,0
r1-1501201,245,8,1,7,1,1208bfe3a1c928e25e480ac8adc9e8cbc45335526800a5d75e0047c671ac6d86,False,"[""MOVED_LEFT""]",,0,0,False,0,,0
r1-1501201,246,7,1,8,1,1208bfe3a1c928e25e480ac8adc9e8cbc45335526800a5d75e0047c671ac6d86,False,"[""MOVED_RIGHT""]",,0,0,False,0,,0
r1-1501201,247,8,1,7,1,1208bfe3a1c928e25e480ac8adc9e8cbc45335526800a5d75e0047c671ac6d86,False,"[""MOVED_LEFT""]",,0,0,False,0,,0
r1-1501201,248,7,1,8,1,1208bfe3a1c928e25e480ac8adc9e8cbc45335526800a5d75e0047c671ac6d86,False,"[""MOVED_RIGHT""]",,0,0,False,0,,0
r1-1501201,249,8,1,7,1,1208bfe3a1c928e25e480ac8adc9e8cbc45335526800a5d75e0047c671ac6d86,False,"[""MOVED_LEFT""]",,0,0,False,0,,0
r1-1501201,250,7,1,8,1,1208bfe3a1c928e25e480ac8adc9e8cbc45335526800a5d75e0047c671ac6d86,False,"[""MOVED_RIGHT""]",,0,0,False,0,,0
r1-1501201,251,8,1,7,1,1208bfe3a1c928e25e480ac8adc9e8cbc45335526800a5d75e0047c671ac6d86,False,"[""MOVED_LEFT""]",,0,0,False,0,,0
r1-1501201,252,7,1,8,1,1208bfe3a1c928e25e480ac8adc9e8cbc45335526800a5d75e0047c671ac6d86,False,"[""MOVED_RIGHT""]",,0,0,False,0,,0
r1-1501201,253,8,1,7,1,1208bfe3a1c928e25e480ac8adc9e8cbc45335526800a5d75e0047c671ac6d86,False,"[""MOVED_LEFT""]",,0,0,False,0,,0
r1-1501201,254,7,1,8,1,1208bfe3a1c928e25e480ac8adc9e8cbc45335526800a5d75e0047c671ac6d86,False,"[""MOVED_RIGHT""]",,0,0,False,0,,0
r1-1501201,255,8,1,7,1,1208bfe3a1c928e25e480ac8adc9e8cbc45335526800a5d75e0047c671ac6d86,False,"[""MOVED_LEFT""]",,0,0,False,0,,0
r1-1501201,256,7,1,8,1,1208bfe3a1c928e25e480ac8adc9e8cbc45335526800a5d75e0047c671ac6d86,False,"[""MOVED_RIGHT""]",,0,0,False,0,,0
r1-1501201,257,8,1,7,1,1208bfe3a1c928e25e480ac8adc9e8cbc45335526800a5d75e0047c671ac6d86,False,"[""MOVED_LEFT""]",,0,0,False,0,,0
r1-1501201,258,7,1,8,1,1208bfe3a1c928e25e480ac8adc9e8cbc45335526800a5d75e0047c671ac6d86,False,"[""MOVED_RIGHT""]",,0,0,False,0,,0
r1-1501201,259,8,1,7,1,1208bfe3a1c928e25e480ac8adc9e8cbc45335526800a5d75e0047c671ac6d86,False,"[""MOVED_LEFT""]",,0,0,False,0,,0
r1-1501201,260,7,1,8,1,1208bfe3a1c928e25e480ac8adc9e8cbc45335526800a5d75e0047c671ac6d86,False,"[""MOVED_RIGHT""]",,0,0,False,0,,0
r1-1501201,261,8,1,7,1,1208bfe3a1c928e25e480ac8adc9e8cbc45335526800a5d75e0047c671ac6d86,False,"[""MOVED_LEFT""]",,0,0,False,0,,0
r1-1501201,262,7,1,8,1,1208bfe3a1c928e25e480ac8adc9e8cbc45335526800a5d75e0047c671ac6d86,False,"[""MOVED_RIGHT""]",,0,0,False,0,,0
r1-1501201,263,8,1,7,1,1208bfe3a1c928e25e480ac8adc9e8cbc45335526800a5d75e0047c671ac6d86,False,"[""MOVED_LEFT""]",,0,0,False,0,,0
r1-1501201,264,7,1,8,1,1208bfe3a1c928e25e480ac8adc9e8cbc45335526800a5d75e0047c671ac6d86,False,"[""MOVED_RIGHT""]",,0,0,False,0,,0
r1-1501201,265,8,1,7,1,1208bfe3a1c928e25e480ac8adc9e8cbc45335526800a5d75e0047c671ac6d86,False,"[""MOVED_LEFT""]",,0,0,False,0,,0
r1-1501201,266,7,1,8,1,1208bfe3a1c928e25e480ac8adc9e8cbc45335526800a5d75e0047c671ac6d86,False,"[""MOVED_RIGHT""]",,0,0,False,0,,0
r1-1501201,267,8,1,7,1,1208bfe3a1c928e25e480ac8adc9e8cbc45335526800a5d75e0047c671ac6d86,False,"[""MOVED_LEFT""]",,0,0,False,0,,0
r1-1501201,268,7,1,8,1,1208bfe3a1c928e25e480ac8adc9e8cbc45335526800a5d75e0047c671ac6d86,False,"[""MOVED_RIGHT""]",,0,0,False,0,,0
r1-1501201,269,8,1,7,1,1208bfe3a1c928e25e480ac8adc9e8cbc45335526800a5d75e0047c671ac6d86,False,"[""MOVED_LEFT""]",,0,0,False,0,,0
r1-1501201,270,7,1,8,1,1208bfe3a1c928e25e480ac8adc9e8cbc45335526800a5d75e0047c671ac6d86,False,"[""MOVED_RIGHT""]",,0,0,False,0,,0
r1-1501201,271,8,1,7,1,1208bfe3a1c928e25e480ac8adc9e8cbc45335526800a5d75e0047c671ac6d86,False,"[""MOVED_LEFT""]",,0,0,False,0,,0
r1-1501201,272,7,1,8,1,1208bfe3a1c928e25e480ac8adc9e8cbc45335526800a5d75e0047c671ac6d86,False,"[""MOVED_RIGHT""]",,0,0,False,0,,0
r1-1501201,273,8,1,7,1,1208bfe3a1c928e25e480ac8adc9e8cbc45335526800a5d75e0047c671ac6d86,False,"[""MOVED_LEFT""]",,0,0,False,0,,0
r1-1501201,274,7,1,8,1,1208bfe3a1c928e25e480ac8adc9e8cbc45335526800a5d75e0047c671ac6d86,False,"[""MOVED_RIGHT""]",,0,0,False,0,,0
r1-1501201,275,8,1,7,1,1208bfe3a1c928e25e480ac8adc9e8cbc45335526800a5d75e0047c671ac6d86,False,"[""MOVED_LEFT""]",,0,0,False,0,,0
r1-1501201,276,7,1,8,1,1208bfe3a1c928e25e480ac8adc9e8cbc45335526800a5d75e0047c671ac6d86,False,"[""MOVED_RIGHT""]",,0,0,False,0,,0
r1-1501201,277,8,1,7,1,1208bfe3a1c928e25e480ac8adc9e8cbc45335526800a5d75e0047c671ac6d86,False,"[""MOVED_LEFT""]",,0,0,False,0,,0
r1-1501201,278,7,1,8,1,1208bfe3a1c928e25e480ac8adc9e8cbc45335526800a5d75e0047c671ac6d86,False,"[""MOVED_RIGHT""]",,0,0,False,0,,0
r1-1501201,279,8,1,7,1,1208bfe3a1c928e25e480ac8adc9e8cbc45335526800a5d75e0047c671ac6d86,False,"[""MOVED_LEFT""]",,0,0,False,0,,0
r1-1501201,280,7,1,8,1,1208bfe3a1c928e25e480ac8adc9e8cbc45335526800a5d75e0047c671ac6d86,False,"[""MOVED_RIGHT""]",,0,0,False,0,,0
r1-1501201,281,8,1,7,1,1208bfe3a1c928e25e480ac8adc9e8cbc45335526800a5d75e0047c671ac6d86,False,"[""MOVED_LEFT""]",,0,0,False,0,,0
r1-1501201,282,7,1,8,1,1208bfe3a1c928e25e480ac8adc9e8cbc45335526800a5d75e0047c671ac6d86,False,"[""MOVED_RIGHT""]",,0,0,False,0,,0
r1-1501201,283,8,1,7,1,1208bfe3a1c928e25e480ac8adc9e8cbc45335526800a5d75e0047c671ac6d86,False,"[""MOVED_LEFT""]",,0,0,False,0,,0
r1-1501201,284,7,1,8,1,1208bfe3a1c928e25e480ac8adc9e8cbc45335526800a5d75e0047c671ac6d86,False,"[""MOVED_RIGHT""]",,0,0,False,0,,0
r1-1501201,285,8,1,7,1,1208bfe3a1c928e25e480ac8adc9e8cbc45335526800a5d75e0047c671ac6d86,False,"[""MOVED_LEFT""]",,0,0,False,0,,0
r1-1501201,286,7,1,8,1,1208bfe3a1c928e25e480ac8adc9e8cbc45335526800a5d75e0047c671ac6d86,False,"[""MOVED_RIGHT""]",,0,0,False,0,,0
r1-1501201,287,8,1,7,1,1208bfe3a1c928e25e480ac8adc9e8cbc45335526800a5d75e0047c671ac6d86,False,"[""MOVED_LEFT""]",,0,0,False,0,,0
r1-1501201,288,7,1,8,1,1208bfe3a1c928e25e480ac8adc9e8cbc45335526800a5d75e0047c671ac6d86,False,"[""MOVED_RIGHT""]",,0,0,False,0,,0
r1-1501201,289,8,1,7,1,1208bfe3a1c928e25e480ac8adc9e8cbc45335526800a5d75e0047c671ac6d86,False,"[""MOVED_LEFT""]",,0,0,False,0,,0
r1-1501201,290,7,1,8,1,1208bfe3a1c928e25e480ac8adc9e8cbc45335526800a5d75e0047c671ac6d86,False,"[""MOVED_RIGHT""]",,0,0,False,0,,0
r1-1501201,291,8,1,7,1,1208bfe3a1c928e25e480ac8adc9e8cbc45335526800a5d75e0047c671ac6d86,False,"[""MOVED_LEFT""]",,0,0,False,0,,0
r1-1501201,292,7,1,8,1,1208bfe3a1c928e25e480ac8adc9e8cbc45335526800a5d75e0047c671ac6d86,False,"[""MOVED_RIGHT""]",,0,0,False,0,,0
r1-1501201,293,8,1,7,1,1208bfe3a1c928e25e480ac8adc9e8cbc45335526800a5d75e0047c671ac6d86,False,"[""MOVED_LEFT""]",,0,0,False,0,,0
r1-1501201,294,7,1,8,1,1208bfe3a1c928e25e480ac8adc9e8cbc45335526800a5d75e0047c671ac6d86,False,"[""MOVED_RIGHT""]",,0,0,False,0,,0
r1-1501201,295,8,1,7,1,1208bfe3a1c928e25e480ac8adc9e8cbc45335526800a5d75e0047c671ac6d86,False,"[""MOVED_LEFT""]",,0,0,False,0,,0
r1-1501201,296,7,1,8,1,1208bfe3a1c928e25e480ac8adc9e8cbc45335526800a5d75e0047c671ac6d86,False,"[""MOVED_RIGHT""]",,0,0,False,0,,0
r1-1501201,297,8,1,7,1,1208bfe3a1c928e25e480ac8adc9e8cbc45335526800a5d75e0047c671ac6d86,False,"[""MOVED_LEFT""]",,0,0,False,0,,0
r1-1501201,298,7,1,8,1,1208bfe3a1c928e25e480ac8adc9e8cbc45335526800a5d75e0047c671ac6d86,False,"[""MOVED_RIGHT""]",,0,0,False,0,,0
r1-1501201,299,8,1,7,1,1208bfe3a1c928e25e480ac8adc9e8cbc45335526800a5d75e0047c671ac6d86,False,"[""MOVED_LEFT""]",,0,0,False,0,,0
r1-1501201,300,7,1,8,1,1208bfe3a1c928e25e480ac8adc9e8cbc45335526800a5d75e0047c671ac6d86,False,"[""MOVED_RIGHT""]",,0,0,False,0,,0
r1-1501201,301,8,1,7,1,1208bfe3a1c928e25e480ac8adc9e8cbc45335526800a5d75e0047c671ac6d86,False,"[""MOVED_LEFT""]",,0,0,False,0,,0
r1-1501201,302,7,1,8,1,1208bfe3a1c928e25e480ac8adc9e8cbc45335526800a5d75e0047c671ac6d86,False,"[""MOVED_RIGHT""]",,0,0,False,0,,0
r1-1501201,303,8,1,7,1,1208bfe3a1c928e25e480ac8adc9e8cbc45335526800a5d75e0047c671ac6d86,False,"[""MOVED_LEFT""]",,0,0,False,0,,0
r1-1501201,304,7,1,8,1,1208bfe3a1c928e25e480ac8adc9e8cbc45335526800a5d75e0047c671ac6d86,False,"[""MOVED_RIGHT""]",,0,0,False,0,,0
r1-1501201,305,8,1,7,1,1208bfe3a1c928e25e480ac8adc9e8cbc45335526800a5d75e0047c671ac6d86,False,"[""MOVED_LEFT""]",,0,0,False,0,,0
r1-1501201,306,7,1,8,1,1208bfe3a1c928e25e480ac8adc9e8cbc45335526800a5d75e0047c671ac6d86,False,"[""MOVED_RIGHT""]",,0,0,False,0,,0
r1-1501201,307,8,1,7,1,1208bfe3a1c928e25e480ac8adc9e8cbc45335526800a5d75e0047c671ac6d86,False,"[""MOVED_LEFT""]",,0,0,False,0,,0
r1-1501201,308,7,1,8,1,1208bfe3a1c928e25e480ac8adc9e8cbc45335526800a5d75e0047c671ac6d86,False,"[""MOVED_RIGHT""]",,0,0,False,0,,0
r1-1501201,309,8,1,7,1,1208bfe3a1c928e25e480ac8adc9e8cbc45335526800a5d75e0047c671ac6d86,False,"[""MOVED_LEFT""]",,0,0,False,0,,0
r1-1501201,310,7,1,8,1,1208bfe3a1c928e25e480ac8adc9e8cbc45335526800a5d75e0047c671ac6d86,False,"[""MOVED_RIGHT""]",,0,0,False,0,,0
r1-1501201,311,8,1,7,1,1208bfe3a1c928e25e480ac8adc9e8cbc45335526800a5d75e0047c671ac6d86,False,"[""MOVED_LEFT""]",,0,0,False,0,,0
r1-1501201,312,7,1,8,1,1208bfe3a1c928e25e480ac8adc9e8cbc45335526800a5d75e0047c671ac6d86,False,"[""MOVED_RIGHT""]",,0,0,False,0,,0
r1-1501201,313,8,1,7,1,1208bfe3a1c928e25e480ac8adc9e8cbc45335526800a5d75e0047c671ac6d86,False,"[""MOVED_LEFT""]",,0,0,False,0,,0
r1-1501201,314,7,1,8,1,1208bfe3a1c928e25e480ac8adc9e8cbc45335526800a5d75e0047c671ac6d86,False,"[""MOVED_RIGHT""]",,0,0,False,0,,0
r1-1501201,315,8,1,7,1,1208bfe3a1c928e25e480ac8adc9e8cbc45335526800a5d75e0047c671ac6d86,False,"[""MOVED_LEFT""]",,0,0,False,0,,0
r1-1501201,316,7,1,8,1,1208bfe3a1c928e25e480ac8adc9e8cbc45335526800a5d75e0047c671ac6d86,False,"[""MOVED_RIGHT""]",,0,0,False,0,,0
r1-1501201,317,8,1,7,1,1208bfe3a1c928e25e480ac8adc9e8cbc45335526800a5d75e0047c671ac6d86,False,"[""MOVED_LEFT""]",,0,0,False,0,,0
r1-1501201,318,7,1,8,1,1208bfe3a1c928e25e480ac8adc9e8cbc45335526800a5d75e0047c671ac6d86,False,"[""MOVED_RIGHT""]",,0,0,False,0,,0
r1-1501201,319,8,1,7,1,1208bfe3a1c928e25e480ac8adc9e8cbc45335526800a5d75e0047c671ac6d86,False,"[""MOVED_LEFT""]",,0,0,False,0,,0
r1-1501201,320,7,1,8,1,1208bfe3a1c928e25e480ac8adc9e8cbc45335526800a5d75e0047c671ac6d86,False,"[""MOVED_RIGHT""]",,0,0,False,0,,0
r1-1501201,321,8,1,7,1,1208bfe3a1c928e25e480ac8adc9e8cbc45335526800a5d75e0047c671ac6d86,False,"[""MOVED_LEFT""]",,0,0,False,0,,0
r1-1501201,322,7,1,8,1,1208bfe3a1c928e25e480ac8adc9e8cbc45335526800a5d75e0047c671ac6d86,False,"[""MOVED_RIGHT""]",,0,0,False,0,,0
r1-1501201,323,8,1,7,1,1208bfe3a1c928e25e480ac8adc9e8cbc45335526800a5d75e0047c671ac6d86,False,"[""MOVED_LEFT""]",,0,0,False,0,,0
r1-1501201,324,7,1,8,1,1208bfe3a1c928e25e480ac8adc9e8cbc45335526800a5d75e0047c671ac6d86,False,"[""MOVED_RIGHT""]",,0,0,False,0,,0
r1-1501201,325,8,1,7,1,1208bfe3a1c928e25e480ac8adc9e8cbc45335526800a5d75e0047c671ac6d86,False,"[""MOVED_LEFT""]",,0,0,False,0,,0
r1-1501201,326,7,1,8,1,1208bfe3a1c928e25e480ac8adc9e8cbc45335526800a5d75e0047c671ac6d86,False,"[""MOVED_RIGHT""]",,0,0,False,0,,0
r1-1501201,327,8,1,7,1,1208bfe3a1c928e25e480ac8adc9e8cbc45335526800a5d75e0047c671ac6d86,False,"[""MOVED_LEFT""]",,0,0,False,0,,0
r1-1501201,328,7,1,8,1,1208bfe3a1c928e25e480ac8adc9e8cbc45335526800a5d75e0047c671ac6d86,False,"[""MOVED_RIGHT""]",,0,0,False,0,,0
r1-1501201,329,8,1,7,1,1208bfe3a1c928e25e480ac8adc9e8cbc45335526800a5d75e0047c671ac6d86,False,"[""MOVED_LEFT""]",,0,0,False,0,,0
r1-1501201,330,7,1,8,1,1208bfe3a1c928e25e480ac8adc9e8cbc45335526800a5d75e0047c671ac6d86,False,"[""MOVED_RIGHT""]",,0,0,False,0,,0
r1-1501201,331,8,1,7,1,1208bfe3a1c928e25e480ac8adc9e8cbc45335526800a5d75e0047c671ac6d86,False,"[""MOVED_LEFT""]",,0,0,False,0,,0
r1-1501201,332,7,1,8,1,1208bfe3a1c928e25e480ac8adc9e8cbc45335526800a5d75e0047c671ac6d86,False,"[""MOVED_RIGHT""]",,0,0,False,0,,0
r1-1501201,333,8,1,7,1,1208bfe3a1c928e25e480ac8adc9e8cbc45335526800a5d75e0047c671ac6d86,False,"[""MOVED_LEFT""]",,0,0,False,0,,0
r1-1501201,334,7,1,8,1,1208bfe3a1c928e25e480ac8adc9e8cbc45335526800a5d75e0047c671ac6d86,False,"[""MOVED_RIGHT""]",,0,0,False,0,,0
r1-1501201,335,8,1,7,1,1208bfe3a1c928e25e480ac8adc9e8cbc45335526800a5d75e0047c671ac6d86,False,"[""MOVED_LEFT""]",,0,0,False,0,,0
r1-1501201,336,7,1,8,1,1208bfe3a1c928e25e480ac8adc9e8cbc45335526800a5d75e0047c671ac6d86,False,"[""MOVED_RIGHT""]",,0,0,False,0,,0
r1-1501201,337,8,1,7,1,1208bfe3a1c928e25e480ac8adc9e8cbc45335526800a5d75e0047c671ac6d86,False,"[""MOVED_LEFT""]",,0,0,False,0,,0
r1-1501201,338,7,1,8,1,1208bfe3a1c928e25e480ac8adc9e8cbc45335526800a5d75e0047c671ac6d86,False,"[""MOVED_RIGHT""]",,0,0,False,0,,0
r1-1501201,339,8,1,7,1,1208bfe3a1c928e25e480ac8adc9e8cbc45335526800a5d75e0047c671ac6d86,False,"[""MOVED_LEFT""]",,0,0,False,0,,0
r1-1501201,340,7,1,8,1,1208bfe3a1c928e25e480ac8adc9e8cbc45335526800a5d75e0047c671ac6d86,False,"[""MOVED_RIGHT""]",,0,0,False,0,,0
r1-1501201,341,8,1,7,1,1208bfe3a1c928e25e480ac8adc9e8cbc45335526800a5d75e0047c671ac6d86,False,"[""MOVED_LEFT""]",,0,0,False,0,,0
r1-1501201,342,7,1,8,1,1208bfe3a1c928e25e480ac8adc9e8cbc45335526800a5d75e0047c671ac6d86,False,"[""MOVED_RIGHT""]",,0,0,False,0,,0
r1-1501201,343,8,1,7,1,1208bfe3a1c928e25e480ac8adc9e8cbc45335526800a5d75e0047c671ac6d86,False,"[""MOVED_LEFT""]",,0,0,False,0,,0
r1-1501201,344,7,1,8,1,1208bfe3a1c928e25e480ac8adc9e8cbc45335526800a5d75e0047c671ac6d86,False,"[""MOVED_RIGHT""]",,0,0,False,0,,0
r1-1501201,345,8,1,7,1,1208bfe3a1c928e25e480ac8adc9e8cbc45335526800a5d75e0047c671ac6d86,False,"[""MOVED_LEFT""]",,0,0,False,0,,0
r1-1501201,346,7,1,8,1,1208bfe3a1c928e25e480ac8adc9e8cbc45335526800a5d75e0047c671ac6d86,False,"[""MOVED_RIGHT""]",,0,0,False,0,,0
r1-1501201,347,8,1,7,1,1208bfe3a1c928e25e480ac8adc9e8cbc45335526800a5d75e0047c671ac6d86,False,"[""MOVED_LEFT""]",,0,0,False,0,,0
r1-1501201,348,7,1,8,1,1208bfe3a1c928e25e480ac8adc9e8cbc45335526800a5d75e0047c671ac6d86,False,"[""MOVED_RIGHT""]",,0,0,False,0,,0
r1-1501201,349,8,1,7,1,1208bfe3a1c928e25e480ac8adc9e8cbc45335526800a5d75e0047c671ac6d86,False,"[""MOVED_LEFT""]",,0,0,False,0,,0
r1-1501201,350,7,1,8,1,1208bfe3a1c928e25e480ac8adc9e8cbc45335526800a5d75e0047c671ac6d86,False,"[""MOVED_RIGHT""]",,0,0,False,0,,0
r1-1501201,351,8,1,7,1,1208bfe3a1c928e25e480ac8adc9e8cbc45335526800a5d75e0047c671ac6d86,False,"[""MOVED_LEFT""]",,0,0,False,0,,0
r1-1501201,352,7,1,8,1,1208bfe3a1c928e25e480ac8adc9e8cbc45335526800a5d75e0047c671ac6d86,False,"[""MOVED_RIGHT""]",,0,0,False,0,,0
r1-1501201,353,8,1,7,1,1208bfe3a1c928e25e480ac8adc9e8cbc45335526800a5d75e0047c671ac6d86,False,"[""MOVED_LEFT""]",,0,0,False,0,,0
r1-1501201,354,7,1,8,1,1208bfe3a1c928e25e480ac8adc9e8cbc45335526800a5d75e0047c671ac6d86,False,"[""MOVED_RIGHT""]",,0,0,False,0,,0
r1-1501201,355,8,1,7,1,1208bfe3a1c928e25e480ac8adc9e8cbc45335526800a5d75e0047c671ac6d86,False,"[""MOVED_LEFT""]",,0,0,False,0,,0
r1-1501201,356,7,1,8,1,1208bfe3a1c928e25e480ac8adc9e8cbc45335526800a5d75e0047c671ac6d86,False,"[""MOVED_RIGHT""]",,0,0,False,0,,0
r1-1501201,357,8,1,7,1,1208bfe3a1c928e25e480ac8adc9e8cbc45335526800a5d75e0047c671ac6d86,False,"[""MOVED_LEFT""]",,0,0,False,0,,0
r1-1501201,358,7,1,8,1,1208bfe3a1c928e25e480ac8adc9e8cbc45335526800a5d75e0047c671ac6d86,False,"[""MOVED_RIGHT""]",,0,0,False,0,,0
r1-1501201,359,8,1,7,1,1208bfe3a1c928e25e480ac8adc9e8cbc45335526800a5d75e0047c671ac6d86,False,"[""MOVED_LEFT""]",,0,0,False,0,,0
r1-1501201,360,7,1,8,1,1208bfe3a1c928e25e480ac8adc9e8cbc45335526800a5d75e0047c671ac6d86,False,"[""MOVED_RIGHT""]",,0,0,False,0,,0
r1-1501201,361,8,1,7,1,1208bfe3a1c928e25e480ac8adc9e8cbc45335526800a5d75e0047c671ac6d86,False,"[""MOVED_LEFT""]",,0,0,False,0,,0
r1-1501201,362,7,1,8,1,1208bfe3a1c928e25e480ac8adc9e8cbc45335526800a5d75e0047c671ac6d86,False,"[""MOVED_RIGHT""]",,0,0,False,0,,0
r1-1501201,363,8,1,7,1,1208bfe3a1c928e25e480ac8adc9e8cbc45335526800a5d75e0047c671ac6d86,False,"[""MOVED_LEFT""]",,0,0,False,0,,0
r1-1501201,364,7,1,8,1,1208bfe3a1c928e25e480ac8adc9e8cbc45335526800a5d75e0047c671ac6d86,False,"[""MOVED_RIGHT""]",,0,0,False,0,,0
r1-1501201,365,8,1,7,1,1208bfe3a1c928e25e480ac8adc9e8cbc45335526800a5d75e0047c671ac6d86,False,"[""MOVED_LEFT""]",,0,0,False,0,,0
r1-1501201,366,7,1,8,1,1208bfe3a1c928e25e480ac8adc9e8cbc45335526800a5d75e0047c671ac6d86,False,"[""MOVED_RIGHT""]",,0,0,False,0,,0
r1-1501201,367,8,1,7,1,1208bfe3a1c928e25e480ac8adc9e8cbc45335526800a5d75e0047c671ac6d86,False,"[""MOVED_LEFT""]",,0,0,False,0,,0
r1-1501201,368,7,1,8,1,1208bfe3a1c928e25e480ac8adc9e8cbc45335526800a5d75e0047c671ac6d86,False,"[""MOVED_RIGHT""]",,0,0,False,0,,0
r1-1501201,369,8,1,7,1,1208bfe3a1c928e25e480ac8adc9e8cbc45335526800a5d75e0047c671ac6d86,False,"[""MOVED_LEFT""]",,0,0,False,0,,0
r1-1501201,370,7,1,8,1,1208bfe3a1c928e25e480ac8adc9e8cbc45335526800a5d75e0047c671ac6d86,False,"[""MOVED_RIGHT""]",,0,0,False,0,,0
r1-1501201,371,8,1,7,1,1208bfe3a1c928e25e480ac8adc9e8cbc45335526800a5d75e0047c671ac6d86,False,"[""MOVED_LEFT""]",,0,0,False,0,,0
r1-1501201,372,7,1,8,1,1208bfe3a1c928e25e480ac8adc9e8cbc45335526800a5d75e0047c671ac6d86,False,"[""MOVED_RIGHT""]",,0,0,False,0,,0
r1-1501201,373,8,1,7,1,1208bfe3a1c928e25e480ac8adc9e8cbc45335526800a5d75e0047c671ac6d86,False,"[""MOVED_LEFT""]",,0,0,False,0,,0
r1-1501201,374,7,1,8,1,1208bfe3a1c928e25e480ac8adc9e8cbc45335526800a5d75e0047c671ac6d86,False,"[""MOVED_RIGHT""]",,0,0,False,0,,0
r1-1501201,375,8,1,7,1,1208bfe3a1c928e25e480ac8adc9e8cbc45335526800a5d75e0047c671ac6d86,False,"[""MOVED_LEFT""]",,0,0,False,0,,0
r1-1501201,376,7,1,8,1,1208bfe3a1c928e25e480ac8adc9e8cbc45335526800a5d75e0047c671ac6d86,False,"[""MOVED_RIGHT""]",,0,0,False,0,,0
r1-1501201,377,8,1,7,1,1208bfe3a1c928e25e480ac8adc9e8cbc45335526800a5d75e0047c671ac6d86,False,"[""MOVED_LEFT""]",,0,0,False,0,,0
r1-1501201,378,7,1,8,1,1208bfe3a1c928e25e480ac8adc9e8cbc45335526800a5d75e0047c671ac6d86,False,"[""MOVED_RIGHT""]",,0,0,False,0,,0
r1-1501201,379,8,1,7,1,1208bfe3a1c928e25e480ac8adc9e8cbc45335526800a5d75e0047c671ac6d86,False,"[""MOVED_LEFT""]",,0,0,False,0,,0
r1-1501201,380,7,1,8,1,1208bfe3a1c928e25e480ac8adc9e8cbc45335526800a5d75e0047c671ac6d86,False,"[""MOVED_RIGHT""]",,0,0,False,0,,0
r1-1501201,381,8,1,7,1,1208bfe3a1c928e25e480ac8adc9e8cbc45335526800a5d75e0047c671ac6d86,False,"[""MOVED_LEFT""]",,0,0,False,0,,0
r1-1501201,382,7,1,8,1,1208bfe3a1c928e25e480ac8adc9e8cbc45335526800a5d75e0047c671ac6d86,False,"[""MOVED_RIGHT""]",,0,0,False,0,,0
r1-1501201,383,8,1,7,1,1208bfe3a1c928e25e480ac8adc9e8cbc45335526800a5d75e0047c671ac6d86,False,"[""MOVED_LEFT""]",,0,0,False,0,,0
r1-1501201,384,7,1,8,1,1208bfe3a1c928e25e480ac8adc9e8cbc45335526800a5d75e0047c671ac6d86,False,"[""MOVED_RIGHT""]",,0,0,False,0,,0
r1-1501201,385,8,1,7,1,1208bfe3a1c928e25e480ac8adc9e8cbc45335526800a5d75e0047c671ac6d86,False,"[""MOVED_LEFT""]",,0,0,False,0,,0
r1-1501201,386,7,1,8,1,1208bfe3a1c928e25e480ac8adc9e8cbc45335526800a5d75e0047c671ac6d86,False,"[""MOVED_RIGHT""]",,0,0,False,0,,0
r1-1501201,387,8,1,7,1,1208bfe3a1c928e25e480ac8adc9e8cbc45335526800a5d75e0047c671ac6d86,False,"[""MOVED_LEFT""]",,0,0,False,0,,0
r1-1501201,388,7,1,8,1,1208bfe3a1c928e25e480ac8adc9e8cbc45335526800a5d75e0047c671ac6d86,False,"[""MOVED_RIGHT""]",,0,0,False,0,,0
r1-1501201,389,8,1,7,1,1208bfe3a1c928e25e480ac8adc9e8cbc45335526800a5d75e0047c671ac6d86,False,"[""MOVED_LEFT""]",,0,0,False,0,,0
r1-1501201,390,7,1,8,1,1208bfe3a1c928e25e480ac8adc9e8cbc45335526800a5d75e0047c671ac6d86,False,"[""MOVED_RIGHT""]",,0,0,False,0,,0
r1-1501201,391,8,1,7,1,1208bfe3a1c928e25e480ac8adc9e8cbc45335526800a5d75e0047c671ac6d86,False,"[""MOVED_LEFT""]",,0,0,False,0,,0
r1-1501201,392,7,1,8,1,1208bfe3a1c928e25e480ac8adc9e8cbc45335526800a5d75e0047c671ac6d86,False,"[""MOVED_RIGHT""]",,0,0,False,0,,0
r1-1501201,393,8,1,7,1,1208bfe3a1c928e25e480ac8adc9e8cbc45335526800a5d75e0047c671ac6d86,False,"[""MOVED_LEFT""]",,0,0,False,0,,0
r1-1501201,394,7,1,8,1,1208bfe3a1c928e25e480ac8adc9e8cbc45335526800a5d75e0047c671ac6d86,False,"[""MOVED_RIGHT""]",,0,0,False,0,,0
r1-1501201,395,8,1,7,1,1208bfe3a1c928e25e480ac8adc9e8cbc45335526800a5d75e0047c671ac6d86,False,"[""MOVED_LEFT""]",,0,0,False,0,,0
r1-1501201,396,7,1,8,1,1208bfe3a1c928e25e480ac8adc9e8cbc45335526800a5d75e0047c671ac6d86,False,"[""MOVED_RIGHT""]",,0,0,False,0,,0
r1-1501201,397,8,1,7,1,1208bfe3a1c928e25e480ac8adc9e8cbc45335526800a5d75e0047c671ac6d86,False,"[""MOVED_LEFT""]",,0,0,False,0,,0
r1-1501201,398,7,1,8,1,1208bfe3a1c928e25e480ac8adc9e8cbc45335526800a5d75e0047c671ac6d86,False,"[""MOVED_RIGHT""]",,0,0,False,0,,0
r1-1501201,399,8,1,7,1,1208bfe3a1c928e25e480ac8adc9e8cbc45335526800a5d75e0047c671ac6d86,False,"[""MOVED_LEFT""]",,0,0,False,0,,0
r1-1501201,400,7,1,8,1,1208bfe3a1c928e25e480ac8adc9e8cbc45335526800a5d75e0047c671ac6d86,False,"[""MOVED_RIGHT"",""SURVIVED_ROUND""]",,0,0,False,0,,0
r2-1501101,1,15,1,14,1,ba0d3229fa8d0c3f154b984c6e098c42088c23f9c750e4ad28c013c1f9da22bb,False,"[""MOVED_LEFT""]",14,0,0,False,3,,0
r2-1501101,2,14,1,14,1,ba0d3229fa8d0c3f154b984c6e098c42088c23f9c750e4ad28c013c1f9da22bb,False,"[""BOMB_DROPPED""]",12,0,0,False,3,,0
r2-1501101,3,14,1,14,1,ba0d3229fa8d0c3f154b984c6e098c42088c23f9c750e4ad28c013c1f9da22bb,True,"[""WAITED""]",12,0,0,False,3,,0
r2-1501101,4,14,1,14,1,ba0d3229fa8d0c3f154b984c6e098c42088c23f9c750e4ad28c013c1f9da22bb,True,"[""WAITED""]",12,0,0,False,3,,0
r2-1501101,5,14,1,15,1,ba0d3229fa8d0c3f154b984c6e098c42088c23f9c750e4ad28c013c1f9da22bb,True,"[""MOVED_RIGHT""]",12,0,0,False,3,,0
r2-1501101,6,15,1,15,2,ba0d3229fa8d0c3f154b984c6e098c42088c23f9c750e4ad28c013c1f9da22bb,True,"[""MOVED_DOWN"",""BOMB_EXPLODED"",""CRATE_DESTROYED"",""CRATE_DESTROYED"",""CRATE_DESTROYED""]",13,0,0,False,3,,0
r2-1501101,7,15,2,15,2,f19edb06f0a26cfeae7d5cfcb96dafb252e3b075fab4386f909d4e79ab8ba27e,True,"[""WAITED""]",14,0,0,False,3,,0
r2-1501101,8,15,2,15,1,f19edb06f0a26cfeae7d5cfcb96dafb252e3b075fab4386f909d4e79ab8ba27e,False,"[""MOVED_UP""]",15,0,0,False,3,,0
r2-1501101,9,15,1,15,1,f19edb06f0a26cfeae7d5cfcb96dafb252e3b075fab4386f909d4e79ab8ba27e,False,"[""BOMB_DROPPED""]",15,0,0,False,2,,0
r2-1501101,10,15,1,14,1,f19edb06f0a26cfeae7d5cfcb96dafb252e3b075fab4386f909d4e79ab8ba27e,True,"[""MOVED_LEFT""]",15,0,0,False,2,,0
r2-1501101,11,14,1,13,1,f19edb06f0a26cfeae7d5cfcb96dafb252e3b075fab4386f909d4e79ab8ba27e,True,"[""MOVED_LEFT""]",14,0,0,False,0,,0
r2-1501101,12,13,1,12,1,f19edb06f0a26cfeae7d5cfcb96dafb252e3b075fab4386f909d4e79ab8ba27e,True,"[""MOVED_LEFT""]",13,0,0,False,3,,0
r2-1501101,13,12,1,11,1,f19edb06f0a26cfeae7d5cfcb96dafb252e3b075fab4386f909d4e79ab8ba27e,True,"[""MOVED_LEFT"",""BOMB_EXPLODED"",""CRATE_DESTROYED"",""CRATE_DESTROYED""]",11,0,0,False,2,,0
r2-1501101,14,11,1,11,2,8fb070854beec080f8b2466d1eaabdf3094a234cf1929fcc1d2b0a6cc9565a06,True,"[""MOVED_DOWN""]",10,0,0,False,3,,0
r2-1501101,15,11,2,11,1,8fb070854beec080f8b2466d1eaabdf3094a234cf1929fcc1d2b0a6cc9565a06,False,"[""MOVED_UP""]",11,0,0,False,2,,0
r2-1501101,16,11,1,11,1,8fb070854beec080f8b2466d1eaabdf3094a234cf1929fcc1d2b0a6cc9565a06,False,"[""BOMB_DROPPED""]",11,0,0,False,3,,0
r2-1501101,17,11,1,12,1,8fb070854beec080f8b2466d1eaabdf3094a234cf1929fcc1d2b0a6cc9565a06,True,"[""MOVED_RIGHT""]",11,0,0,False,3,,0
r2-1501101,18,12,1,13,1,8fb070854beec080f8b2466d1eaabdf3094a234cf1929fcc1d2b0a6cc9565a06,True,"[""MOVED_RIGHT""]",12,0,0,False,2,,0
r2-1501101,19,13,1,14,1,8fb070854beec080f8b2466d1eaabdf3094a234cf1929fcc1d2b0a6cc9565a06,True,"[""MOVED_RIGHT""]",12,0,0,False,3,,0
r2-1501101,20,14,1,15,1,8fb070854beec080f8b2466d1eaabdf3094a234cf1929fcc1d2b0a6cc9565a06,True,"[""MOVED_RIGHT"",""BOMB_EXPLODED"",""CRATE_DESTROYED"",""CRATE_DESTROYED"",""CRATE_DESTROYED"",""CRATE_DESTROYED""]",14,0,0,False,0,,0
r2-1501101,21,15,1,15,2,84c11310bdd69bc5a6226764a019240af57b7bdf2cc0fbc484bf8615c70da9ff,True,"[""MOVED_DOWN""]",15,0,0,False,0,,0
r2-1501101,22,15,2,15,1,84c11310bdd69bc5a6226764a019240af57b7bdf2cc0fbc484bf8615c70da9ff,False,"[""MOVED_UP""]",15,0,0,False,1,,0
r2-1501101,23,15,1,15,1,84c11310bdd69bc5a6226764a019240af57b7bdf2cc0fbc484bf8615c70da9ff,False,"[""BOMB_DROPPED""]",14,0,0,False,0,,-0.5
r2-1501101,24,15,1,14,1,84c11310bdd69bc5a6226764a019240af57b7bdf2cc0fbc484bf8615c70da9ff,True,"[""MOVED_LEFT""]",15,0,0,False,0,,0
r2-1501101,25,14,1,13,1,84c11310bdd69bc5a6226764a019240af57b7bdf2cc0fbc484bf8615c70da9ff,True,"[""MOVED_LEFT""]",13,0,0,False,0,,0
r2-1501101,26,13,1,12,1,84c11310bdd69bc5a6226764a019240af57b7bdf2cc0fbc484bf8615c70da9ff,True,"[""MOVED_LEFT""]",12,0,0,False,3,,0
r2-1501101,27,12,1,11,1,84c11310bdd69bc5a6226764a019240af57b7bdf2cc0fbc484bf8615c70da9ff,True,"[""MOVED_LEFT"",""BOMB_EXPLODED""]",11,0,0,False,0,,0
r2-1501101,28,11,1,10,1,84c11310bdd69bc5a6226764a019240af57b7bdf2cc0fbc484bf8615c70da9ff,True,"[""MOVED_LEFT""]",10,0,0,False,0,,0
r2-1501101,29,10,1,11,1,84c11310bdd69bc5a6226764a019240af57b7bdf2cc0fbc484bf8615c70da9ff,False,"[""MOVED_RIGHT""]",8,0,0,False,1,,0
r2-1501101,30,11,1,11,1,84c11310bdd69bc5a6226764a019240af57b7bdf2cc0fbc484bf8615c70da9ff,False,"[""BOMB_DROPPED""]",9,0,0,False,0,,-0.5
r2-1501101,31,11,1,11,2,84c11310bdd69bc5a6226764a019240af57b7bdf2cc0fbc484bf8615c70da9ff,True,"[""MOVED_DOWN""]",9,0,0,False,0,,0
r2-1501101,32,11,2,11,3,84c11310bdd69bc5a6226764a019240af57b7bdf2cc0fbc484bf8615c70da9ff,True,"[""MOVED_DOWN""]",10,0,0,False,1,,0
r2-1501101,33,11,3,11,3,84c11310bdd69bc5a6226764a019240af57b7bdf2cc0fbc484bf8615c70da9ff,True,"[""WAITED""]",11,0,0,False,3,,0
r2-1501101,34,11,3,12,3,84c11310bdd69bc5a6226764a019240af57b7bdf2cc0fbc484bf8615c70da9ff,True,"[""MOVED_RIGHT"",""BOMB_EXPLODED""]",11,0,0,False,3,,0
r2-1501101,35,12,3,12,3,84c11310bdd69bc5a6226764a019240af57b7bdf2cc0fbc484bf8615c70da9ff,True,"[""WAITED""]",12,0,0,False,3,,0
r2-1501101,36,12,3,11,3,84c11310bdd69bc5a6226764a019240af57b7bdf2cc0fbc484bf8615c70da9ff,False,"[""MOVED_LEFT""]",13,0,0,False,3,,0
r2-1501101,37,11,3,11,3,84c11310bdd69bc5a6226764a019240af57b7bdf2cc0fbc484bf8615c70da9ff,False,"[""BOMB_DROPPED""]",12,0,0,False,3,,0
r2-1501101,38,11,3,11,3,84c11310bdd69bc5a6226764a019240af57b7bdf2cc0fbc484bf8615c70da9ff,True,"[""WAITED""]",11,0,0,False,3,,0
r2-1501101,39,11,3,11,2,84c11310bdd69bc5a6226764a019240af57b7bdf2cc0fbc484bf8615c70da9ff,True,"[""MOVED_UP""]",11,0,0,False,3,,0
r2-1501101,40,11,2,11,1,84c11310bdd69bc5a6226764a019240af57b7bdf2cc0fbc484bf8615c70da9ff,True,"[""MOVED_UP""]",10,0,0,False,1,,0
r2-1501101,41,11,1,10,1,84c11310bdd69bc5a6226764a019240af57b7bdf2cc0fbc484bf8615c70da9ff,True,"[""MOVED_LEFT"",""BOMB_EXPLODED"",""CRATE_DESTROYED"",""CRATE_DESTROYED"",""COIN_FOUND"",""CRATE_DESTROYED"",""CRATE_DESTROYED"",""CRATE_DESTROYED""]",10,0,0,False,0,,0
r2-1501101,42,10,1,10,1,db2b9da6a827996868fdfbbb8c5fde35dcc482450f52c33cbf1e86fa03a087e1,True,"[""WAITED""]",10,0,0,False,1,,0
r2-1501101,43,10,1,11,1,db2b9da6a827996868fdfbbb8c5fde35dcc482450f52c33cbf1e86fa03a087e1,False,"[""MOVED_RIGHT""]",10,0,0,False,1,,0
r2-1501101,44,11,1,11,2,db2b9da6a827996868fdfbbb8c5fde35dcc482450f52c33cbf1e86fa03a087e1,False,"[""MOVED_DOWN""]",10,0,0,False,0,,0
r2-1501101,45,11,2,11,3,db2b9da6a827996868fdfbbb8c5fde35dcc482450f52c33cbf1e86fa03a087e1,False,"[""MOVED_DOWN""]",10,0,0,False,0,,0
r2-1501101,46,11,3,12,3,db2b9da6a827996868fdfbbb8c5fde35dcc482450f52c33cbf1e86fa03a087e1,False,"[""MOVED_RIGHT""]",11,0,0,False,0,,0
r2-1501101,47,12,3,13,3,db2b9da6a827996868fdfbbb8c5fde35dcc482450f52c33cbf1e86fa03a087e1,False,"[""MOVED_RIGHT""]",12,0,0,False,0,,0
r2-1501101,48,13,3,14,3,db2b9da6a827996868fdfbbb8c5fde35dcc482450f52c33cbf1e86fa03a087e1,False,"[""MOVED_RIGHT"",""COIN_COLLECTED""]",13,0,0,False,3,,0
r2-1501101,49,14,3,15,3,c32c5793172e95aaf27530a003b8cc42b7e418ab615619fcb6a9dd084acd97ef,False,"[""MOVED_RIGHT""]",14,0,0,False,0,,0
r2-1501101,50,15,3,15,3,c32c5793172e95aaf27530a003b8cc42b7e418ab615619fcb6a9dd084acd97ef,False,"[""BOMB_DROPPED""]",15,0,0,False,2,,0
r2-1501101,51,15,3,15,2,c32c5793172e95aaf27530a003b8cc42b7e418ab615619fcb6a9dd084acd97ef,True,"[""MOVED_UP""]",15,0,0,False,2,,0
r2-1501101,52,15,2,15,2,c32c5793172e95aaf27530a003b8cc42b7e418ab615619fcb6a9dd084acd97ef,True,"[""WAITED""]",14,0,0,False,1,,0
r2-1501101,53,15,2,15,1,c32c5793172e95aaf27530a003b8cc42b7e418ab615619fcb6a9dd084acd97ef,True,"[""MOVED_UP""]",14,0,0,False,1,,0
r2-1501101,54,15,1,14,1,c32c5793172e95aaf27530a003b8cc42b7e418ab615619fcb6a9dd084acd97ef,True,"[""MOVED_LEFT"",""BOMB_EXPLODED"",""CRATE_DESTROYED"",""CRATE_DESTROYED""]",14,0,0,False,0,,0
r2-1501101,55,14,1,13,1,15fd97b14fbf082aea74019051ca2b72434076c038ec10c3e899b8c4c4141705,True,"[""MOVED_LEFT""]",14,0,0,False,0,,0
r2-1501101,56,13,1,14,1,15fd97b14fbf082aea74019051ca2b72434076c038ec10c3e899b8c4c4141705,False,"[""MOVED_RIGHT""]",13,0,0,False,2,,0
r2-1501101,57,14,1,14,1,15fd97b14fbf082aea74019051ca2b72434076c038ec10c3e899b8c4c4141705,False,"[""BOMB_DROPPED""]",14,0,0,False,0,,-0.5
r2-1501101,58,14,1,14,1,15fd97b14fbf082aea74019051ca2b72434076c038ec10c3e899b8c4c4141705,True,"[""WAITED""]",14,0,0,False,0,,0
r2-1501101,59,14,1,14,1,15fd97b14fbf082aea74019051ca2b72434076c038ec10c3e899b8c4c4141705,True,"[""WAITED""]",14,0,0,False,0,,0
r2-1501101,60,14,1,15,1,15fd97b14fbf082aea74019051ca2b72434076c038ec10c3e899b8c4c4141705,True,"[""MOVED_RIGHT""]",14,0,0,False,0,,0
r2-1501101,61,15,1,15,2,15fd97b14fbf082aea74019051ca2b72434076c038ec10c3e899b8c4c4141705,True,"[""MOVED_DOWN"",""BOMB_EXPLODED""]",14,0,0,False,0,,0
r2-1501101,62,15,2,15,3,15fd97b14fbf082aea74019051ca2b72434076c038ec10c3e899b8c4c4141705,True,"[""MOVED_DOWN""]",15,0,0,False,0,,0
r2-1501101,63,15,3,15,4,15fd97b14fbf082aea74019051ca2b72434076c038ec10c3e899b8c4c4141705,False,"[""MOVED_DOWN""]",15,0,0,False,0,,0
r2-1501101,64,15,4,15,4,15fd97b14fbf082aea74019051ca2b72434076c038ec10c3e899b8c4c4141705,False,"[""BOMB_DROPPED""]",17,0,0,False,1,,0
r2-1501101,65,15,4,15,3,15fd97b14fbf082aea74019051ca2b72434076c038ec10c3e899b8c4c4141705,True,"[""MOVED_UP""]",16,0,0,False,1,,0
r2-1501101,66,15,3,14,3,15fd97b14fbf082aea74019051ca2b72434076c038ec10c3e899b8c4c4141705,True,"[""MOVED_LEFT""]",16,0,0,False,0,,0
r2-1501101,67,14,3,13,3,15fd97b14fbf082aea74019051ca2b72434076c038ec10c3e899b8c4c4141705,True,"[""MOVED_LEFT""]",14,0,0,False,0,,0
r2-1501101,68,13,3,14,3,15fd97b14fbf082aea74019051ca2b72434076c038ec10c3e899b8c4c4141705,True,"[""MOVED_RIGHT"",""BOMB_EXPLODED"",""CRATE_DESTROYED""]",14,0,0,False,3,,0
r2-1501101,69,14,3,13,3,64912777ad881d3728d8de17bc53ca56aed23995b936ff312ccec761f1049809,True,"[""MOVED_LEFT""]",14,0,0,False,0,,0
r2-1501101,70,13,3,14,3,64912777ad881d3728d8de17bc53ca56aed23995b936ff312ccec761f1049809,False,"[""MOVED_RIGHT""]",14,0,0,False,3,,0
r2-1501101,71,14,3,13,3,64912777ad881d3728d8de17bc53ca56aed23995b936ff312ccec761f1049809,False,"[""MOVED_LEFT""]",14,0,0,False,0,,0
r2-1501101,72,13,3,13,3,64912777ad881d3728d8de17bc53ca56aed23995b936ff312ccec761f1049809,False,"[""BOMB_DROPPED""]",13,0,0,False,3,,0
r2-1501101,73,13,3,13,3,64912777ad881d3728d8de17bc53ca56aed23995b936ff312ccec761f1049809,True,"[""WAITED""]",13,0,0,False,3,,0
r2-1501101,74,13,3,12,3,64912777ad881d3728d8de17bc53ca56aed23995b936ff312ccec761f1049809,True,"[""MOVED_LEFT""]",13,0,0,False,3,,0
r2-1501101,75,12,3,11,3,64912777ad881d3728d8de17bc53ca56aed23995b936ff312ccec761f1049809,True,"[""MOVED_LEFT""]",12,0,0,False,0,,0
r2-1501101,76,11,3,11,4,64912777ad881d3728d8de17bc53ca56aed23995b936ff312ccec761f1049809,True,"[""MOVED_DOWN"",""BOMB_EXPLODED"",""CRATE_DESTROYED"",""CRATE_DESTROYED"",""CRATE_DESTROYED"",""CRATE_DESTROYED""]",11,0,0,False,0,,0
r2-1501101,77,11,4,11,5,b58470b9f2043c97ee35043459cd9652c759485b8af4a806b599acb0690f40e6,True,"[""MOVED_DOWN""]",12,0,0,False,1,,0
r2-1501101,78,11,5,11,5,b58470b9f2043c97ee35043459cd9652c759485b8af4a806b599acb0690f40e6,False,"[""WAITED""]",14,0,0,False,3,,0
r2-1501101,79,11,5,11,5,b58470b9f2043c97ee35043459cd9652c759485b8af4a806b599acb0690f40e6,False,"[""BOMB_DROPPED""]",14,0,0,False,3,,0
r2-1501101,80,11,5,11,4,b58470b9f2043c97ee35043459cd9652c759485b8af4a806b599acb0690f40e6,True,"[""MOVED_UP""]",13,0,0,False,3,,0
r2-1501101,81,11,4,11,4,b58470b9f2043c97ee35043459cd9652c759485b8af4a806b599acb0690f40e6,True,"[""WAITED""]",13,0,0,False,1,,0
r2-1501101,82,11,4,11,3,b58470b9f2043c97ee35043459cd9652c759485b8af4a806b599acb0690f40e6,True,"[""MOVED_UP""]",13,0,0,False,1,,0
r2-1501101,83,11,3,10,3,b58470b9f2043c97ee35043459cd9652c759485b8af4a806b599acb0690f40e6,True,"[""MOVED_LEFT"",""BOMB_EXPLODED"",""CRATE_DESTROYED"",""CRATE_DESTROYED"",""CRATE_DESTROYED"",""COIN_FOUND"",""CRATE_DESTROYED"",""CRATE_DESTROYED"",""CRATE_DESTROYED""]",12,0,0,False,0,,0
r2-1501101,84,10,3,10,3,20289a248024fb1e230d91a8afccf513988777249645ba76fb5d0568d7fd8415,True,"[""WAITED""]",10,0,0,False,1,,0
r2-1501101,85,10,3,10,3,20289a248024fb1e230d91a8afccf513988777249645ba76fb5d0568d7fd8415,False,"[""WAITED""]",10,0,0,False,1,,0
r2-1501101,86,10,3,10,3,20289a248024fb1e230d91a8afccf513988777249645ba76fb5d0568d7fd8415,False,"[""BOMB_DROPPED""]",11,0,0,False,1,,0
r2-1501101,87,10,3,9,3,20289a248024fb1e230d91a8afccf513988777249645ba76fb5d0568d7fd8415,True,"[""MOVED_LEFT""]",11,0,0,False,1,,0
r2-1501101,88,9,3,8,3,20289a248024fb1e230d91a8afccf513988777249645ba76fb5d0568d7fd8415,True,"[""MOVED_LEFT""]",10,0,0,False,3,,0
r2-1501101,89,8,3,9,3,20289a248024fb1e230d91a8afccf513988777249645ba76fb5d0568d7fd8415,True,"[""MOVED_RIGHT""]",8,0,0,False,2,,0
r2-1501101,90,9,3,9,2,20289a248024fb1e230d91a8afccf513988777249645ba76fb5d0568d7fd8415,True,"[""MOVED_UP"",""BOMB_EXPLODED"",""CRATE_DESTROYED""]",10,0,0,False,3,,0
r2-1501101,91,9,2,9,2,06b9e2ddc6f0c53235f62b59d80f27df899ce7bcb8ed7a65fa3147f5af2a1e78,True,"[""WAITED""]",8,0,0,False,1,,0
r2-1501101,92,9,2,9,3,06b9e2ddc6f0c53235f62b59d80f27df899ce7bcb8ed7a65fa3147f5af2a1e78,False,"[""MOVED_DOWN""]",9,0,0,False,1,,0
r2-1501101,93,9,3,9,3,06b9e2ddc6f0c53235f62b59d80f27df899ce7bcb8ed7a65fa3147f5af2a1e78,False,"[""BOMB_DROPPED""]",9,0,0,False,3,,0
r2-1501101,94,9,3,8,3,06b9e2ddc6f0c53235f62b59d80f27df899ce7bcb8ed7a65fa3147f5af2a1e78,True,"[""MOVED_LEFT""]",9,0,0,False,3,,0
r2-1501101,95,8,3,8,3,06b9e2ddc6f0c53235f62b59d80f27df899ce7bcb8ed7a65fa3147f5af2a1e78,True,"[""WAITED""]",8,0,0,False,1,,0
r2-1501101,96,8,3,7,3,06b9e2ddc6f0c53235f62b59d80f27df899ce7bcb8ed7a65fa3147f5af2a1e78,True,"[""MOVED_LEFT""]",8,0,0,False,1,,0
r2-1501101,97,7,3,7,2,06b9e2ddc6f0c53235f62b59d80f27df899ce7bcb8ed7a65fa3147f5af2a1e78,True,"[""MOVED_UP"",""BOMB_EXPLODED"",""CRATE_DESTROYED"",""CRATE_DESTROYED"",""CRATE_DESTROYED""]",8,0,0,False,3,,0
r2-1501101,98,7,2,7,2,2250439044e7ae55e007be9f85e2829d463b59f3521a6325a029eac7be075c2b,True,"[""WAITED""]",7,0,0,False,3,,0
r2-1501101,99,7,2,7,3,2250439044e7ae55e007be9f85e2829d463b59f3521a6325a029eac7be075c2b,False,"[""MOVED_DOWN""]",6,0,0,False,3,,0
r2-1501101,100,7,3,7,3,2250439044e7ae55e007be9f85e2829d463b59f3521a6325a029eac7be075c2b,False,"[""BOMB_DROPPED""]",7,0,0,False,3,,0
r2-1501101,101,7,3,6,3,2250439044e7ae55e007be9f85e2829d463b59f3521a6325a029eac7be075c2b,True,"[""MOVED_LEFT""]",7,0,0,False,3,,0
r2-1501101,102,6,3,6,3,2250439044e7ae55e007be9f85e2829d463b59f3521a6325a029eac7be075c2b,True,"[""WAITED""]",6,0,0,False,1,,0
r2-1501101,103,6,3,5,3,2250439044e7ae55e007be9f85e2829d463b59f3521a6325a029eac7be075c2b,True,"[""MOVED_LEFT""]",6,0,0,False,1,,0
r2-1501101,104,5,3,5,2,2250439044e7ae55e007be9f85e2829d463b59f3521a6325a029eac7be075c2b,True,"[""MOVED_UP"",""BOMB_EXPLODED"",""CRATE_DESTROYED"",""CRATE_DESTROYED"",""CRATE_DESTROYED"",""CRATE_DESTROYED"",""CRATE_DESTROYED"",""COIN_FOUND""]",5,0,0,False,3,,0
r2-1501101,105,5,2,5,2,dfe8166766c2f31cb784b85551ca12f38bd9793ae0e408ad2e08b02eaefeda2b,True,"[""WAITED""]",4,0,0,False,3,,0
r2-1501101,106,5,2,5,2,dfe8166766c2f31cb784b85551ca12f38bd9793ae0e408ad2e08b02eaefeda2b,False,"[""WAITED""]",5,0,0,False,3,,0
r2-1501101,107,5,2,5,2,dfe8166766c2f31cb784b85551ca12f38bd9793ae0e408ad2e08b02eaefeda2b,False,"[""BOMB_DROPPED""]",4,0,0,False,3,,0
r2-1501101,108,5,2,5,3,dfe8166766c2f31cb784b85551ca12f38bd9793ae0e408ad2e08b02eaefeda2b,True,"[""MOVED_DOWN""]",5,0,0,False,3,,0
r2-1501101,109,5,3,6,3,dfe8166766c2f31cb784b85551ca12f38bd9793ae0e408ad2e08b02eaefeda2b,True,"[""MOVED_RIGHT""]",6,0,0,False,3,,0
r2-1501101,110,6,3,7,3,dfe8166766c2f31cb784b85551ca12f38bd9793ae0e408ad2e08b02eaefeda2b,True,"[""MOVED_RIGHT""]",7,0,0,False,0,,0
r2-1501101,111,7,3,7,2,dfe8166766c2f31cb784b85551ca12f38bd9793ae0e408ad2e08b02eaefeda2b,True,"[""MOVED_UP"",""BOMB_EXPLODED"",""CRATE_DESTROYED"",""CRATE_DESTROYED"",""COIN_FOUND"",""CRATE_DESTROYED""]",8,0,0,False,0,,0
r2-1501101,112,7,2,7,1,b88a3e71206beeca7df1e4685e45e20aef980636796cbcea98383e0e0089c495,True,"[""MOVED_UP"",""COIN_COLLECTED""]",6,0,0,False,0,,0
r2-1501101,113,7,1,7,1,37722a6fc7ffe73b9d05bb496a7c03f3f88663c35f9a53e82ec546a72fe863a5,False,"[""WAITED""]",7,0,0,False,2,,0
r2-1501101,114,7,1,7,1,37722a6fc7ffe73b9d05bb496a7c03f3f88663c35f9a53e82ec546a72fe863a5,False,"[""BOMB_DROPPED""]",7,0,0,False,2,,0
r2-1501101,115,7,1,7,2,37722a6fc7ffe73b9d05bb496a7c03f3f88663c35f9a53e82ec546a72fe863a5,True,"[""MOVED_DOWN""]",6,0,0,False,2,,0
r2-1501101,116,7,2,7,3,37722a6fc7ffe73b9d05bb496a7c03f3f88663c35f9a53e82ec546a72fe863a5,True,"[""MOVED_DOWN""]",6,0,0,False,0,,0
r2-1501101,117,7,3,6,3,37722a6fc7ffe73b9d05bb496a7c03f3f88663c35f9a53e82ec546a72fe863a5,True,"[""MOVED_LEFT""]",8,0,0,False,0,,0
r2-1501101,118,6,3,5,3,37722a6fc7ffe73b9d05bb496a7c03f3f88663c35f9a53e82ec546a72fe863a5,True,"[""MOVED_LEFT"",""BOMB_EXPLODED"",""CRATE_DESTROYED"",""CRATE_DESTROYED""]",6,0,0,False,0,,0
r2-1501101,119,5,3,5,4,fb067fccf43019c34022e3965056a451d80a1b5da9a5567cdb463ab4e88f3443,True,"[""MOVED_DOWN""]",5,0,0,False,2,,0
r2-1501101,120,5,4,5,5,fb067fccf43019c34022e3965056a451d80a1b5da9a5567cdb463ab4e88f3443,False,"[""MOVED_DOWN"",""COIN_COLLECTED""]",6,0,0,False,2,,0
r2-1501101,121,5,5,5,5,e65e0660db1a3628623d3c520757cfc9f37e5bf2d654a63882920e570b032cb2,False,"[""BOMB_DROPPED""]",8,0,0,False,3,,0
r2-1501101,122,5,5,5,5,e65e0660db1a3628623d3c520757cfc9f37e5bf2d654a63882920e570b032cb2,True,"[""WAITED""]",7,0,0,False,3,,0
r2-1501101,123,5,5,5,4,e65e0660db1a3628623d3c520757cfc9f37e5bf2d654a63882920e570b032cb2,True,"[""MOVED_UP""]",7,0,0,False,3,,0
r2-1501101,124,5,4,5,3,e65e0660db1a3628623d3c520757cfc9f37e5bf2d654a63882920e570b032cb2,True,"[""MOVED_UP""]",7,0,0,False,2,,0
r2-1501101,125,5,3,6,3,e65e0660db1a3628623d3c520757cfc9f37e5bf2d654a63882920e570b032cb2,True,"[""MOVED_RIGHT"",""BOMB_EXPLODED"",""CRATE_DESTROYED"",""CRATE_DESTROYED"",""COIN_FOUND"",""CRATE_DESTROYED"",""CRATE_DESTROYED"",""CRATE_DESTROYED"",""CRATE_DESTROYED"",""CRATE_DESTROYED""]",5,0,0,False,2,,0
r2-1501101,126,6,3,6,3,e300db3011dfb6fdabd7d637db6311f2c89d06d8e927b38ff31e5fe54edba20b,True,"[""WAITED""]",6,0,0,False,0,,0
r2-1501101,127,6,3,5,3,e300db3011dfb6fdabd7d637db6311f2c89d06d8e927b38ff31e5fe54edba20b,False,"[""MOVED_LEFT""]",6,0,0,False,0,,0
r2-1501101,128,5,3,4,3,e300db3011dfb6fdabd7d637db6311f2c89d06d8e927b38ff31e5fe54edba20b,False,"[""MOVED_LEFT""]",5,0,0,False,1,,0
r2-1501101,129,4,3,4,3,e300db3011dfb6fdabd7d637db6311f2c89d06d8e927b38ff31e5fe54edba20b,False,"[""BOMB_DROPPED""]",4,0,0,False,2,,0
r2-1501101,130,4,3,3,3,e300db3011dfb6fdabd7d637db6311f2c89d06d8e927b38ff31e5fe54edba20b,True,"[""MOVED_LEFT""]",5,0,0,False,2,,0
r2-1501101,131,3,3,3,4,e300db3011dfb6fdabd7d637db6311f2c89d06d8e927b38ff31e5fe54edba20b,True,"[""MOVED_DOWN""]",4,0,0,False,3,,0
r2-1501101,132,3,4,3,5,e300db3011dfb6fdabd7d637db6311f2c89d06d8e927b38ff31e5fe54edba20b,True,"[""MOVED_DOWN""]",4,0,0,False,3,,0
r2-1501101,133,3,5,4,5,e300db3011dfb6fdabd7d637db6311f2c89d06d8e927b38ff31e5fe54edba20b,True,"[""MOVED_RIGHT"",""COIN_COLLECTED"",""BOMB_EXPLODED"",""CRATE_DESTROYED"",""CRATE_DESTROYED""]",5,0,0,False,3,,0
r2-1501101,134,4,5,5,5,4093ef527a629b0a69ef2402436ca44262780116760e1b635289a09d9b297064,True,"[""MOVED_RIGHT""]",7,0,0,False,1,,0
r2-1501101,135,5,5,6,5,4093ef527a629b0a69ef2402436ca44262780116760e1b635289a09d9b297064,False,"[""MOVED_RIGHT""]",8,0,0,False,0,,0
r2-1501101,136,6,5,7,5,4093ef527a629b0a69ef2402436ca44262780116760e1b635289a09d9b297064,False,"[""MOVED_RIGHT""]",9,0,0,False,0,,0
r2-1501101,137,7,5,8,5,4093ef527a629b0a69ef2402436ca44262780116760e1b635289a09d9b297064,False,"[""MOVED_RIGHT""]",9,0,0,False,0,,0
r2-1501101,138,8,5,9,5,4093ef527a629b0a69ef2402436ca44262780116760e1b635289a09d9b297064,False,"[""MOVED_RIGHT""]",9,0,0,False,0,,0
r2-1501101,139,9,5,10,5,4093ef527a629b0a69ef2402436ca44262780116760e1b635289a09d9b297064,False,"[""MOVED_RIGHT"",""COIN_COLLECTED""]",10,0,0,False,1,,0
r2-1501101,140,10,5,9,5,2d8f1531e2f593afb843a0e461df5d01e76972d5186bdd335f00c49d7c28588c,False,"[""MOVED_LEFT""]",11,0,0,False,0,,0
r2-1501101,141,9,5,9,5,2d8f1531e2f593afb843a0e461df5d01e76972d5186bdd335f00c49d7c28588c,False,"[""BOMB_DROPPED""]",11,0,0,False,1,,0
r2-1501101,142,9,5,9,4,2d8f1531e2f593afb843a0e461df5d01e76972d5186bdd335f00c49d7c28588c,True,"[""MOVED_UP""]",12,0,0,False,1,,0
r2-1501101,143,9,4,9,4,2d8f1531e2f593afb843a0e461df5d01e76972d5186bdd335f00c49d7c28588c,True,"[""WAITED""]",10,0,0,False,0,,0
r2-1501101,144,9,4,9,3,2d8f1531e2f593afb843a0e461df5d01e76972d5186bdd335f00c49d7c28588c,True,"[""MOVED_UP""]",11,0,0,False,0,,0
r2-1501101,145,9,3,8,3,2d8f1531e2f593afb843a0e461df5d01e76972d5186bdd335f00c49d7c28588c,True,"[""MOVED_LEFT"",""BOMB_EXPLODED"",""CRATE_DESTROYED"",""COIN_FOUND""]",10,0,0,False,0,,0
r2-1501101,146,8,3,8,3,14780a68948c892ec8ae19c795c61aafd50d1debf895e7031d0952dce2ebd351,True,"[""WAITED""]",9,0,0,False,0,,0
r2-1501101,147,8,3,9,3,14780a68948c892ec8ae19c795c61aafd50d1debf895e7031d0952dce2ebd351,False,"[""MOVED_RIGHT""]",8,0,0,False,0,,0
r2-1501101,148,9,3,9,4,14780a68948c892ec8ae19c795c61aafd50d1debf895e7031d0952dce2ebd351,False,"[""MOVED_DOWN""]",9,0,0,False,0,,0
r2-1501101,149,9,4,9,5,14780a68948c892ec8ae19c795c61aafd50d1debf895e7031d0952dce2ebd351,False,"[""MOVED_DOWN""]",10,0,0,False,0,,0
r2-1501101,150,9,5,9,6,14780a68948c892ec8ae19c795c61aafd50d1debf895e7031d0952dce2ebd351,False,"[""MOVED_DOWN""]",11,0,0,False,0,,0
r2-1501101,151,9,6,9,7,14780a68948c892ec8ae19c795c61aafd50d1debf895e7031d0952dce2ebd351,False,"[""MOVED_DOWN""]",13,0,0,False,1,,0
r2-1501101,152,9,7,9,8,14780a68948c892ec8ae19c795c61aafd50d1debf895e7031d0952dce2ebd351,False,"[""MOVED_DOWN"",""COIN_COLLECTED""]",13,0,0,False,3,,0
r2-1501101,153,9,8,9,8,38aafa83a6215e36ebf4dfc32f41a31a2db086e47d2e4d4ce03b6871831fbe2f,False,"[""BOMB_DROPPED""]",14,0,0,False,3,,0
r2-1501101,154,9,8,9,7,38aafa83a6215e36ebf4dfc32f41a31a2db086e47d2e4d4ce03b6871831fbe2f,True,"[""MOVED_UP""]",14,0,0,False,3,,0
r2-1501101,155,9,7,9,6,38aafa83a6215e36ebf4dfc32f41a31a2db086e47d2e4d4ce03b6871831fbe2f,True,"[""MOVED_UP""]",13,0,0,False,3,,0
r2-1501101,156,9,6,9,5,38aafa83a6215e36ebf4dfc32f41a31a2db086e47d2e4d4ce03b6871831fbe2f,True,"[""MOVED_UP""]",12,0,0,False,1,,0
r2-1501101,157,9,5,9,4,38aafa83a6215e36ebf4dfc32f41a31a2db086e47d2e4d4ce03b6871831fbe2f,True,"[""MOVED_UP"",""BOMB_EXPLODED"",""CRATE_DESTROYED"",""CRATE_DESTROYED"",""CRATE_DESTROYED""]",12,0,0,False,0,,0
r2-1501101,158,9,4,9,3,8e02df813ae5649c037aa3fb17144acba5db5aa608a9b3c64b22ab5bbc75e801,True,"[""MOVED_UP""]",11,0,0,False,0,,0
r2-1501101,159,9,3,9,4,8e02df813ae5649c037aa3fb17144acba5db5aa608a9b3c64b22ab5bbc75e801,False,"[""MOVED_DOWN""]",9,0,0,False,0,,0
r2-1501101,160,9,4,9,5,8e02df813ae5649c037aa3fb17144acba5db5aa608a9b3c64b22ab5bbc75e801,False,"[""MOVED_DOWN""]",10,0,0,False,0,,0
r2-1501101,161,9,5,9,6,8e02df813ae5649c037aa3fb17144acba5db5aa608a9b3c64b22ab5bbc75e801,False,"[""MOVED_DOWN""]",10,0,0,False,0,,0
r2-1501101,162,9,6,9,7,8e02df813ae5649c037aa3fb17144acba5db5aa608a9b3c64b22ab5bbc75e801,False,"[""MOVED_DOWN""]",11,0,0,False,0,,0
r2-1501101,163,9,7,9,7,8e02df813ae5649c037aa3fb17144acba5db5aa608a9b3c64b22ab5bbc75e801,False,"[""BOMB_DROPPED""]",12,0,0,False,3,,0
r2-1501101,164,9,7,9,6,8e02df813ae5649c037aa3fb17144acba5db5aa608a9b3c64b22ab5bbc75e801,True,"[""MOVED_UP""]",13,0,0,False,3,,0
r2-1501101,165,9,6,9,6,8e02df813ae5649c037aa3fb17144acba5db5aa608a9b3c64b22ab5bbc75e801,True,"[""WAITED""]",12,0,0,False,0,,0
r2-1501101,166,9,6,9,5,8e02df813ae5649c037aa3fb17144acba5db5aa608a9b3c64b22ab5bbc75e801,True,"[""MOVED_UP""]",12,0,0,False,0,,0
r2-1501101,167,9,5,10,5,8e02df813ae5649c037aa3fb17144acba5db5aa608a9b3c64b22ab5bbc75e801,True,"[""MOVED_RIGHT"",""BOMB_EXPLODED"",""CRATE_DESTROYED"",""CRATE_DESTROYED"",""CRATE_DESTROYED"",""CRATE_DESTROYED""]",10,0,0,False,0,,0
r2-1501101,168,10,5,11,5,6cd03759514b96ab6d6519d702a81a89fa0eebee3c8172f89d9f7734bf51fe3d,True,"[""MOVED_RIGHT""]",11,0,0,False,0,,0
r2-1501101,169,11,5,11,6,6cd03759514b96ab6d6519d702a81a89fa0eebee3c8172f89d9f7734bf51fe3d,False,"[""MOVED_DOWN""]",12,0,0,False,0,,0
r2-1501101,170,11,6,11,6,6cd03759514b96ab6d6519d702a81a89fa0eebee3c8172f89d9f7734bf51fe3d,False,"[""BOMB_DROPPED""]",13,0,0,False,1,,0
r2-1501101,171,11,6,11,5,6cd03759514b96ab6d6519d702a81a89fa0eebee3c8172f89d9f7734bf51fe3d,True,"[""MOVED_UP""]",13,0,0,False,1,,0
r2-1501101,172,11,5,11,4,6cd03759514b96ab6d6519d702a81a89fa0eebee3c8172f89d9f7734bf51fe3d,True,"[""MOVED_UP""]",11,0,0,False,0,,0
r2-1501101,173,11,4,11,3,6cd03759514b96ab6d6519d702a81a89fa0eebee3c8172f89d9f7734bf51fe3d,True,"[""MOVED_UP""]",10,0,0,False,0,,0
r2-1501101,174,11,3,11,2,6cd03759514b96ab6d6519d702a81a89fa0eebee3c8172f89d9f7734bf51fe3d,True,"[""MOVED_UP"",""BOMB_EXPLODED"",""CRATE_DESTROYED""]",9,0,0,False,0,,0
r2-1501101,175,11,2,11,1,36de6b666fa9d4438f4e5edd1f6281f3873e7779bdade51f6a4669af6b3599a6,True,"[""MOVED_UP""]",9,0,0,False,0,,0
r2-1501101,176,11,1,12,1,36de6b666fa9d4438f4e5edd1f6281f3873e7779bdade51f6a4669af6b3599a6,False,"[""MOVED_RIGHT""]",11,0,0,False,0,,0
r2-1501101,177,12,1,13,1,36de6b666fa9d4438f4e5edd1f6281f3873e7779bdade51f6a4669af6b3599a6,False,"[""MOVED_RIGHT""]",13,0,0,False,0,,0
r2-1501101,178,13,1,13,1,36de6b666fa9d4438f4e5edd1f6281f3873e7779bdade51f6a4669af6b3599a6,False,"[""BOMB_DROPPED""]",13,0,0,False,0,,-0.5
r2-1501101,179,13,1,13,1,36de6b666fa9d4438f4e5edd1f6281f3873e7779bdade51f6a4669af6b3599a6,True,"[""WAITED""]",13,0,0,False,0,,0
r2-1501101,180,13,1,14,1,36de6b666fa9d4438f4e5edd1f6281f3873e7779bdade51f6a4669af6b3599a6,True,"[""MOVED_RIGHT""]",12,0,0,False,0,,0
r2-1501101,181,14,1,15,1,36de6b666fa9d4438f4e5edd1f6281f3873e7779bdade51f6a4669af6b3599a6,True,"[""MOVED_RIGHT""]",12,0,0,False,0,,0
r2-1501101,182,15,1,15,2,36de6b666fa9d4438f4e5edd1f6281f3873e7779bdade51f6a4669af6b3599a6,True,"[""MOVED_DOWN"",""BOMB_EXPLODED""]",13,0,0,False,0,,0
r2-1501101,183,15,2,15,3,36de6b666fa9d4438f4e5edd1f6281f3873e7779bdade51f6a4669af6b3599a6,True,"[""MOVED_DOWN""]",11,0,0,False,0,,0
r2-1501101,184,15,3,15,4,36de6b666fa9d4438f4e5edd1f6281f3873e7779bdade51f6a4669af6b3599a6,False,"[""MOVED_DOWN""]",9,0,0,False,0,,0
r2-1501101,185,15,4,15,5,36de6b666fa9d4438f4e5edd1f6281f3873e7779bdade51f6a4669af6b3599a6,False,"[""MOVED_DOWN""]",8,0,0,False,0,,0
r2-1501101,186,15,5,15,5,36de6b666fa9d4438f4e5edd1f6281f3873e7779bdade51f6a4669af6b3599a6,False,"[""BOMB_DROPPED""]",8,0,0,False,1,,0
r2-1501101,187,15,5,15,4,36de6b666fa9d4438f4e5edd1f6281f3873e7779bdade51f6a4669af6b3599a6,True,"[""MOVED_UP""]",9,0,0,False,1,,0
r2-1501101,188,15,4,15,4,36de6b666fa9d4438f4e5edd1f6281f3873e7779bdade51f6a4669af6b3599a6,True,"[""WAITED""]",8,0,0,False,0,,0
r2-1501101,189,15,4,15,3,36de6b666fa9d4438f4e5edd1f6281f3873e7779bdade51f6a4669af6b3599a6,True,"[""MOVED_UP""]",9,0,0,False,0,,0
r2-1501101,190,15,3,14,3,36de6b666fa9d4438f4e5edd1f6281f3873e7779bdade51f6a4669af6b3599a6,True,"[""MOVED_LEFT"",""BOMB_EXPLODED"",""CRATE_DESTROYED""]",9,0,0,False,0,,0
r2-1501101,191,14,3,13,3,d0ba329d209c0f20c75954f36ca546bb2705154925e182cdb404dfafba7c9c6f,True,"[""MOVED_LEFT""]",8,0,0,False,0,,0
r2-1501101,192,13,3,13,4,d0ba329d209c0f20c75954f36ca546bb2705154925e182cdb404dfafba7c9c6f,False,"[""MOVED_DOWN""]",6,0,0,False,0,,0
r2-1501101,193,13,4,13,5,d0ba329d209c0f20c75954f36ca546bb2705154925e182cdb404dfafba7c9c6f,False,"[""MOVED_DOWN""]",6,0,0,False,0,,0
r2-1501101,194,13,5,13,5,d0ba329d209c0f20c75954f36ca546bb2705154925e182cdb404dfafba7c9c6f,False,"[""BOMB_DROPPED""]",6,0,0,False,1,,0
r2-1501101,195,13,5,13,5,d0ba329d209c0f20c75954f36ca546bb2705154925e182cdb404dfafba7c9c6f,True,"[""WAITED""]",7,0,0,False,1,,0
r2-1501101,196,13,5,12,5,d0ba329d209c0f20c75954f36ca546bb2705154925e182cdb404dfafba7c9c6f,True,"[""MOVED_LEFT""]",6,0,0,False,1,,0
r2-1501101,197,12,5,11,5,d0ba329d209c0f20c75954f36ca546bb2705154925e182cdb404dfafba7c9c6f,True,"[""MOVED_LEFT""]",6,0,0,False,0,,0
r2-1501101,198,11,5,11,6,d0ba329d209c0f20c75954f36ca546bb2705154925e182cdb404dfafba7c9c6f,True,"[""MOVED_DOWN"",""BOMB_EXPLODED"",""CRATE_DESTROYED""]",5,0,0,False,0,,0
r2-1501101,199,11,6,11,7,3f32867771109160706d3529c3dd4c1402990155b7ecbb0ce0016c1abe2e3377,True,"[""MOVED_DOWN""]",6,0,0,False,0,,0
r2-1501101,200,11,7,11,7,3f32867771109160706d3529c3dd4c1402990155b7ecbb0ce0016c1abe2e3377,False,"[""WAITED""]",6,0,0,False,1,,0
r2-1501101,201,11,7,11,7,3f32867771109160706d3529c3dd4c1402990155b7ecbb0ce0016c1abe2e3377,False,"[""BOMB_DROPPED""]",7,0,0,False,1,,0
r2-1501101,202,11,7,11,6,3f32867771109160706d3529c3dd4c1402990155b7ecbb0ce0016c1abe2e3377,True,"[""MOVED_UP""]",8,0,0,False,1,,0
r2-1501101,203,11,6,11,6,3f32867771109160706d3529c3dd4c1402990155b7ecbb0ce0016c1abe2e3377,True,"[""WAITED""]",6,0,0,False,0,,0
r2-1501101,204,11,6,11,5,3f32867771109160706d3529c3dd4c1402990155b7ecbb0ce0016c1abe2e3377,True,"[""MOVED_UP""]",5,0,0,False,0,,0
r2-1501101,205,11,5,12,5,3f32867771109160706d3529c3dd4c1402990155b7ecbb0ce0016c1abe2e3377,True,"[""MOVED_RIGHT"",""BOMB_EXPLODED"",""CRATE_DESTROYED""]",5,0,0,False,0,,0
r2-1501101,206,12,5,13,5,2be8d1590d894261e4c970e597167ae2b30530abd75204c93b8d0b878af24abf,True,"[""MOVED_RIGHT""]",6,0,0,False,0,,0
r2-1501101,207,13,5,13,6,2be8d1590d894261e4c970e597167ae2b30530abd75204c93b8d0b878af24abf,False,"[""MOVED_DOWN""]",7,0,0,False,0,,0
r2-1501101,208,13,6,13,6,2be8d1590d894261e4c970e597167ae2b30530abd75204c93b8d0b878af24abf,False,"[""BOMB_DROPPED""]",8,0,0,False,1,,0
r2-1501101,209,13,6,13,5,2be8d1590d894261e4c970e597167ae2b30530abd75204c93b8d0b878af24abf,True,"[""MOVED_UP""]",7,0,0,False,1,,0
r2-1501101,210,13,5,13,4,2be8d1590d894261e4c970e597167ae2b30530abd75204c93b8d0b878af24abf,True,"[""MOVED_UP""]",5,0,0,False,0,,0
r2-1501101,211,13,4,13,3,2be8d1590d894261e4c970e597167ae2b30530abd75204c93b8d0b878af24abf,True,"[""MOVED_UP""]",4,0,0,False,0,,0
r2-1501101,212,13,3,14,3,2be8d1590d894261e4c970e597167ae2b30530abd75204c93b8d0b878af24abf,True,"[""MOVED_RIGHT"",""BOMB_EXPLODED"",""CRATE_DESTROYED""]",3,1,1,False,0,,0
r2-1501101,213,14,3,15,3,5e75dc0623979281817d13e499be91f323ac3d3b27b3ac351a79854e9e9ded43,True,"[""MOVED_RIGHT""]",4,0,0,False,0,,0
r2-1501101,214,15,3,15,4,5e75dc0623979281817d13e499be91f323ac3d3b27b3ac351a79854e9e9ded43,False,"[""MOVED_DOWN""]",5,0,0,False,0,,0
r2-1501101,215,15,4,15,5,5e75dc0623979281817d13e499be91f323ac3d3b27b3ac351a79854e9e9ded43,False,"[""MOVED_DOWN""]",5,0,0,False,0,,0
r2-1501101,216,15,5,15,6,5e75dc0623979281817d13e499be91f323ac3d3b27b3ac351a79854e9e9ded43,False,"[""MOVED_DOWN""]",5,0,0,False,0,,0
r2-1501101,217,15,6,15,6,5e75dc0623979281817d13e499be91f323ac3d3b27b3ac351a79854e9e9ded43,False,"[""BOMB_DROPPED""]",5,0,0,False,1,,0
r2-1501101,218,15,6,15,5,5e75dc0623979281817d13e499be91f323ac3d3b27b3ac351a79854e9e9ded43,True,"[""MOVED_UP""]",6,0,0,False,1,,0
r2-1501101,219,15,5,14,5,5e75dc0623979281817d13e499be91f323ac3d3b27b3ac351a79854e9e9ded43,True,"[""MOVED_LEFT""]",5,0,0,False,0,,0
r2-1501101,220,14,5,13,5,5e75dc0623979281817d13e499be91f323ac3d3b27b3ac351a79854e9e9ded43,True,"[""MOVED_LEFT""]",3,0,0,False,0,,0
r2-1501101,221,13,5,13,6,5e75dc0623979281817d13e499be91f323ac3d3b27b3ac351a79854e9e9ded43,True,"[""MOVED_DOWN"",""BOMB_EXPLODED"",""CRATE_DESTROYED""]",3,0,0,False,0,,0
r2-1501101,222,13,6,13,7,740e6cde0f3c4daa02289dd29a1bbba5cc2573eb17c22a46eeb9b8dceddc43f6,True,"[""MOVED_DOWN"",""KILLED_OPPONENT"",""OPPONENT_ELIMINATED""]",4,0,0,False,0,,0
r2-1501101,223,13,7,13,8,740e6cde0f3c4daa02289dd29a1bbba5cc2573eb17c22a46eeb9b8dceddc43f6,False,"[""MOVED_DOWN""]",,0,0,False,0,,0
r2-1501101,224,13,8,13,8,740e6cde0f3c4daa02289dd29a1bbba5cc2573eb17c22a46eeb9b8dceddc43f6,False,"[""BOMB_DROPPED""]",,0,0,False,1,,0
r2-1501101,225,13,8,13,7,740e6cde0f3c4daa02289dd29a1bbba5cc2573eb17c22a46eeb9b8dceddc43f6,True,"[""MOVED_UP""]",,0,0,False,1,,0
r2-1501101,226,13,7,13,6,740e6cde0f3c4daa02289dd29a1bbba5cc2573eb17c22a46eeb9b8dceddc43f6,True,"[""MOVED_UP""]",,0,0,False,0,,0
r2-1501101,227,13,6,13,5,740e6cde0f3c4daa02289dd29a1bbba5cc2573eb17c22a46eeb9b8dceddc43f6,True,"[""MOVED_UP""]",,0,0,False,0,,0
r2-1501101,228,13,5,13,4,740e6cde0f3c4daa02289dd29a1bbba5cc2573eb17c22a46eeb9b8dceddc43f6,True,"[""MOVED_UP"",""BOMB_EXPLODED"",""CRATE_DESTROYED""]",,0,0,False,0,,0
r2-1501101,229,13,4,13,3,aff2efb9d02c77a33a161e0283464e8bd1299625ee5d862517fe2bc944cebefd,True,"[""MOVED_UP""]",,0,0,False,0,,0
r2-1501101,230,13,3,14,3,aff2efb9d02c77a33a161e0283464e8bd1299625ee5d862517fe2bc944cebefd,False,"[""MOVED_RIGHT""]",,0,0,False,0,,0
r2-1501101,231,14,3,15,3,aff2efb9d02c77a33a161e0283464e8bd1299625ee5d862517fe2bc944cebefd,False,"[""MOVED_RIGHT""]",,0,0,False,0,,0
r2-1501101,232,15,3,15,3,aff2efb9d02c77a33a161e0283464e8bd1299625ee5d862517fe2bc944cebefd,False,"[""BOMB_DROPPED""]",,0,0,False,0,,-0.5
r2-1501101,233,15,3,14,3,aff2efb9d02c77a33a161e0283464e8bd1299625ee5d862517fe2bc944cebefd,True,"[""MOVED_LEFT""]",,0,0,False,0,,0
r2-1501101,234,14,3,14,3,aff2efb9d02c77a33a161e0283464e8bd1299625ee5d862517fe2bc944cebefd,True,"[""WAITED""]",,0,0,False,0,,0
r2-1501101,235,14,3,13,3,aff2efb9d02c77a33a161e0283464e8bd1299625ee5d862517fe2bc944cebefd,True,"[""MOVED_LEFT""]",,0,0,False,0,,0
r2-1501101,236,13,3,13,4,aff2efb9d02c77a33a161e0283464e8bd1299625ee5d862517fe2bc944cebefd,True,"[""MOVED_DOWN"",""BOMB_EXPLODED""]",,0,0,False,0,,0
r2-1501101,237,13,4,13,4,aff2efb9d02c77a33a161e0283464e8bd1299625ee5d862517fe2bc944cebefd,True,"[""WAITED""]",,0,0,False,0,,0
r2-1501101,238,13,4,13,4,aff2efb9d02c77a33a161e0283464e8bd1299625ee5d862517fe2bc944cebefd,False,"[""WAITED""]",,0,0,False,0,,0
r2-1501101,239,13,4,13,4,aff2efb9d02c77a33a161e0283464e8bd1299625ee5d862517fe2bc944cebefd,False,"[""BOMB_DROPPED""]",,0,0,False,0,,-0.5
r2-1501101,240,13,4,13,5,aff2efb9d02c77a33a161e0283464e8bd1299625ee5d862517fe2bc944cebefd,True,"[""MOVED_DOWN""]",,0,0,False,0,,0
r2-1501101,241,13,5,13,5,aff2efb9d02c77a33a161e0283464e8bd1299625ee5d862517fe2bc944cebefd,True,"[""WAITED""]",,0,0,False,0,,0
r2-1501101,242,13,5,13,5,aff2efb9d02c77a33a161e0283464e8bd1299625ee5d862517fe2bc944cebefd,True,"[""WAITED""]",,0,0,False,0,,0
r2-1501101,243,13,5,12,5,aff2efb9d02c77a33a161e0283464e8bd1299625ee5d862517fe2bc944cebefd,True,"[""MOVED_LEFT"",""BOMB_EXPLODED""]",,0,0,False,0,,0
r2-1501101,244,12,5,11,5,aff2efb9d02c77a33a161e0283464e8bd1299625ee5d862517fe2bc944cebefd,True,"[""MOVED_LEFT""]",,0,0,False,0,,0
r2-1501101,245,11,5,11,6,aff2efb9d02c77a33a161e0283464e8bd1299625ee5d862517fe2bc944cebefd,False,"[""MOVED_DOWN""]",,0,0,False,0,,0
r2-1501101,246,11,6,11,6,aff2efb9d02c77a33a161e0283464e8bd1299625ee5d862517fe2bc944cebefd,False,"[""BOMB_DROPPED""]",,0,0,False,0,,-0.5
r2-1501101,247,11,6,11,5,aff2efb9d02c77a33a161e0283464e8bd1299625ee5d862517fe2bc944cebefd,True,"[""MOVED_UP""]",,0,0,False,0,,0
r2-1501101,248,11,5,11,4,aff2efb9d02c77a33a161e0283464e8bd1299625ee5d862517fe2bc944cebefd,True,"[""MOVED_UP""]",,0,0,False,0,,0
r2-1501101,249,11,4,11,3,aff2efb9d02c77a33a161e0283464e8bd1299625ee5d862517fe2bc944cebefd,True,"[""MOVED_UP""]",,0,0,False,0,,0
r2-1501101,250,11,3,11,2,aff2efb9d02c77a33a161e0283464e8bd1299625ee5d862517fe2bc944cebefd,True,"[""MOVED_UP"",""BOMB_EXPLODED""]",,0,0,False,0,,0
r2-1501101,251,11,2,11,1,aff2efb9d02c77a33a161e0283464e8bd1299625ee5d862517fe2bc944cebefd,True,"[""MOVED_UP""]",,0,0,False,0,,0
r2-1501101,252,11,1,11,2,aff2efb9d02c77a33a161e0283464e8bd1299625ee5d862517fe2bc944cebefd,False,"[""MOVED_DOWN""]",,0,0,False,0,,0
r2-1501101,253,11,2,11,1,aff2efb9d02c77a33a161e0283464e8bd1299625ee5d862517fe2bc944cebefd,False,"[""MOVED_UP""]",,0,0,False,0,,0
r2-1501101,254,11,1,11,1,aff2efb9d02c77a33a161e0283464e8bd1299625ee5d862517fe2bc944cebefd,False,"[""BOMB_DROPPED""]",,0,0,False,0,,-0.5
r2-1501101,255,11,1,11,1,aff2efb9d02c77a33a161e0283464e8bd1299625ee5d862517fe2bc944cebefd,True,"[""WAITED""]",,0,0,False,0,,0
r2-1501101,256,11,1,12,1,aff2efb9d02c77a33a161e0283464e8bd1299625ee5d862517fe2bc944cebefd,True,"[""MOVED_RIGHT""]",,0,0,False,0,,0
r2-1501101,257,12,1,13,1,aff2efb9d02c77a33a161e0283464e8bd1299625ee5d862517fe2bc944cebefd,True,"[""MOVED_RIGHT""]",,0,0,False,0,,0
r2-1501101,258,13,1,13,2,aff2efb9d02c77a33a161e0283464e8bd1299625ee5d862517fe2bc944cebefd,True,"[""MOVED_DOWN"",""BOMB_EXPLODED""]",,0,0,False,0,,0
r2-1501101,259,13,2,13,2,aff2efb9d02c77a33a161e0283464e8bd1299625ee5d862517fe2bc944cebefd,True,"[""WAITED""]",,0,0,False,0,,0
r2-1501101,260,13,2,13,2,aff2efb9d02c77a33a161e0283464e8bd1299625ee5d862517fe2bc944cebefd,False,"[""WAITED""]",,0,0,False,0,,0
r2-1501101,261,13,2,13,2,aff2efb9d02c77a33a161e0283464e8bd1299625ee5d862517fe2bc944cebefd,False,"[""BOMB_DROPPED""]",,0,0,False,0,,-0.5
r2-1501101,262,13,2,13,3,aff2efb9d02c77a33a161e0283464e8bd1299625ee5d862517fe2bc944cebefd,True,"[""MOVED_DOWN""]",,0,0,False,0,,0
r2-1501101,263,13,3,13,3,aff2efb9d02c77a33a161e0283464e8bd1299625ee5d862517fe2bc944cebefd,True,"[""WAITED""]",,0,0,False,0,,0
r2-1501101,264,13,3,13,3,aff2efb9d02c77a33a161e0283464e8bd1299625ee5d862517fe2bc944cebefd,True,"[""WAITED""]",,0,0,False,0,,0
r2-1501101,265,13,3,12,3,aff2efb9d02c77a33a161e0283464e8bd1299625ee5d862517fe2bc944cebefd,True,"[""MOVED_LEFT"",""BOMB_EXPLODED""]",,0,0,False,0,,0
r2-1501101,266,12,3,11,3,aff2efb9d02c77a33a161e0283464e8bd1299625ee5d862517fe2bc944cebefd,True,"[""MOVED_LEFT""]",,0,0,False,0,,0
r2-1501101,267,11,3,12,3,aff2efb9d02c77a33a161e0283464e8bd1299625ee5d862517fe2bc944cebefd,False,"[""MOVED_RIGHT""]",,0,0,False,0,,0
r2-1501101,268,12,3,12,3,aff2efb9d02c77a33a161e0283464e8bd1299625ee5d862517fe2bc944cebefd,False,"[""BOMB_DROPPED""]",,0,0,False,0,,-0.5
r2-1501101,269,12,3,12,3,aff2efb9d02c77a33a161e0283464e8bd1299625ee5d862517fe2bc944cebefd,True,"[""WAITED""]",,0,0,False,0,,0
r2-1501101,270,12,3,12,3,aff2efb9d02c77a33a161e0283464e8bd1299625ee5d862517fe2bc944cebefd,True,"[""WAITED""]",,0,0,False,0,,0
r2-1501101,271,12,3,11,3,aff2efb9d02c77a33a161e0283464e8bd1299625ee5d862517fe2bc944cebefd,True,"[""MOVED_LEFT""]",,0,0,False,0,,0
r2-1501101,272,11,3,11,4,aff2efb9d02c77a33a161e0283464e8bd1299625ee5d862517fe2bc944cebefd,True,"[""MOVED_DOWN"",""BOMB_EXPLODED""]",,0,0,False,0,,0
r2-1501101,273,11,4,11,4,aff2efb9d02c77a33a161e0283464e8bd1299625ee5d862517fe2bc944cebefd,True,"[""WAITED""]",,0,0,False,0,,0
r2-1501101,274,11,4,11,4,aff2efb9d02c77a33a161e0283464e8bd1299625ee5d862517fe2bc944cebefd,False,"[""WAITED""]",,0,0,False,0,,0
r2-1501101,275,11,4,11,4,aff2efb9d02c77a33a161e0283464e8bd1299625ee5d862517fe2bc944cebefd,False,"[""BOMB_DROPPED""]",,0,0,False,0,,-0.5
r2-1501101,276,11,4,11,5,aff2efb9d02c77a33a161e0283464e8bd1299625ee5d862517fe2bc944cebefd,True,"[""MOVED_DOWN""]",,0,0,False,0,,0
r2-1501101,277,11,5,11,5,aff2efb9d02c77a33a161e0283464e8bd1299625ee5d862517fe2bc944cebefd,True,"[""WAITED""]",,0,0,False,0,,0
r2-1501101,278,11,5,11,5,aff2efb9d02c77a33a161e0283464e8bd1299625ee5d862517fe2bc944cebefd,True,"[""WAITED""]",,0,0,False,0,,0
r2-1501101,279,11,5,10,5,aff2efb9d02c77a33a161e0283464e8bd1299625ee5d862517fe2bc944cebefd,True,"[""MOVED_LEFT"",""BOMB_EXPLODED""]",,0,0,False,0,,0
r2-1501101,280,10,5,10,5,aff2efb9d02c77a33a161e0283464e8bd1299625ee5d862517fe2bc944cebefd,True,"[""WAITED""]",,0,0,False,0,,0
r2-1501101,281,10,5,11,5,aff2efb9d02c77a33a161e0283464e8bd1299625ee5d862517fe2bc944cebefd,False,"[""MOVED_RIGHT""]",,0,0,False,0,,0
r2-1501101,282,11,5,11,5,aff2efb9d02c77a33a161e0283464e8bd1299625ee5d862517fe2bc944cebefd,False,"[""BOMB_DROPPED""]",,0,0,False,0,,-0.5
r2-1501101,283,11,5,11,5,aff2efb9d02c77a33a161e0283464e8bd1299625ee5d862517fe2bc944cebefd,True,"[""WAITED""]",,0,0,False,0,,0
r2-1501101,284,11,5,10,5,aff2efb9d02c77a33a161e0283464e8bd1299625ee5d862517fe2bc944cebefd,True,"[""MOVED_LEFT""]",,0,0,False,0,,0
r2-1501101,285,10,5,9,5,aff2efb9d02c77a33a161e0283464e8bd1299625ee5d862517fe2bc944cebefd,True,"[""MOVED_LEFT""]",,0,0,False,0,,0
r2-1501101,286,9,5,9,4,aff2efb9d02c77a33a161e0283464e8bd1299625ee5d862517fe2bc944cebefd,True,"[""MOVED_UP"",""BOMB_EXPLODED""]",,0,0,False,0,,0
r2-1501101,287,9,4,9,3,aff2efb9d02c77a33a161e0283464e8bd1299625ee5d862517fe2bc944cebefd,True,"[""MOVED_UP""]",,0,0,False,0,,0
r2-1501101,288,9,3,9,2,aff2efb9d02c77a33a161e0283464e8bd1299625ee5d862517fe2bc944cebefd,False,"[""MOVED_UP""]",,0,0,False,0,,0
r2-1501101,289,9,2,9,1,aff2efb9d02c77a33a161e0283464e8bd1299625ee5d862517fe2bc944cebefd,False,"[""MOVED_UP""]",,0,0,False,0,,0
r2-1501101,290,9,1,9,1,aff2efb9d02c77a33a161e0283464e8bd1299625ee5d862517fe2bc944cebefd,False,"[""BOMB_DROPPED""]",,0,0,False,0,,-0.5
r2-1501101,291,9,1,9,1,aff2efb9d02c77a33a161e0283464e8bd1299625ee5d862517fe2bc944cebefd,True,"[""WAITED""]",,0,0,False,0,,0
r2-1501101,292,9,1,10,1,aff2efb9d02c77a33a161e0283464e8bd1299625ee5d862517fe2bc944cebefd,True,"[""MOVED_RIGHT""]",,0,0,False,0,,0
r2-1501101,293,10,1,11,1,aff2efb9d02c77a33a161e0283464e8bd1299625ee5d862517fe2bc944cebefd,True,"[""MOVED_RIGHT""]",,0,0,False,0,,0
r2-1501101,294,11,1,11,2,aff2efb9d02c77a33a161e0283464e8bd1299625ee5d862517fe2bc944cebefd,True,"[""MOVED_DOWN"",""BOMB_EXPLODED""]",,0,0,False,0,,0
r2-1501101,295,11,2,11,2,aff2efb9d02c77a33a161e0283464e8bd1299625ee5d862517fe2bc944cebefd,True,"[""WAITED""]",,0,0,False,0,,0
r2-1501101,296,11,2,11,1,aff2efb9d02c77a33a161e0283464e8bd1299625ee5d862517fe2bc944cebefd,False,"[""MOVED_UP""]",,0,0,False,0,,0
r2-1501101,297,11,1,11,1,aff2efb9d02c77a33a161e0283464e8bd1299625ee5d862517fe2bc944cebefd,False,"[""BOMB_DROPPED""]",,0,0,False,0,,-0.5
r2-1501101,298,11,1,11,1,aff2efb9d02c77a33a161e0283464e8bd1299625ee5d862517fe2bc944cebefd,True,"[""WAITED""]",,0,0,False,0,,0
r2-1501101,299,11,1,12,1,aff2efb9d02c77a33a161e0283464e8bd1299625ee5d862517fe2bc944cebefd,True,"[""MOVED_RIGHT""]",,0,0,False,0,,0
r2-1501101,300,12,1,13,1,aff2efb9d02c77a33a161e0283464e8bd1299625ee5d862517fe2bc944cebefd,True,"[""MOVED_RIGHT""]",,0,0,False,0,,0
r2-1501101,301,13,1,13,2,aff2efb9d02c77a33a161e0283464e8bd1299625ee5d862517fe2bc944cebefd,True,"[""MOVED_DOWN"",""BOMB_EXPLODED""]",,0,0,False,0,,0
r2-1501101,302,13,2,13,2,aff2efb9d02c77a33a161e0283464e8bd1299625ee5d862517fe2bc944cebefd,True,"[""WAITED""]",,0,0,False,0,,0
r2-1501101,303,13,2,13,2,aff2efb9d02c77a33a161e0283464e8bd1299625ee5d862517fe2bc944cebefd,False,"[""WAITED""]",,0,0,False,0,,0
r2-1501101,304,13,2,13,2,aff2efb9d02c77a33a161e0283464e8bd1299625ee5d862517fe2bc944cebefd,False,"[""BOMB_DROPPED""]",,0,0,False,0,,-0.5
r2-1501101,305,13,2,13,3,aff2efb9d02c77a33a161e0283464e8bd1299625ee5d862517fe2bc944cebefd,True,"[""MOVED_DOWN""]",,0,0,False,0,,0
r2-1501101,306,13,3,13,3,aff2efb9d02c77a33a161e0283464e8bd1299625ee5d862517fe2bc944cebefd,True,"[""WAITED""]",,0,0,False,0,,0
r2-1501101,307,13,3,13,3,aff2efb9d02c77a33a161e0283464e8bd1299625ee5d862517fe2bc944cebefd,True,"[""WAITED""]",,0,0,False,0,,0
r2-1501101,308,13,3,12,3,aff2efb9d02c77a33a161e0283464e8bd1299625ee5d862517fe2bc944cebefd,True,"[""MOVED_LEFT"",""BOMB_EXPLODED""]",,0,0,False,0,,0
r2-1501101,309,12,3,11,3,aff2efb9d02c77a33a161e0283464e8bd1299625ee5d862517fe2bc944cebefd,True,"[""MOVED_LEFT""]",,0,0,False,0,,0
r2-1501101,310,11,3,12,3,aff2efb9d02c77a33a161e0283464e8bd1299625ee5d862517fe2bc944cebefd,False,"[""MOVED_RIGHT""]",,0,0,False,0,,0
r2-1501101,311,12,3,12,3,aff2efb9d02c77a33a161e0283464e8bd1299625ee5d862517fe2bc944cebefd,False,"[""BOMB_DROPPED""]",,0,0,False,0,,-0.5
r2-1501101,312,12,3,12,3,aff2efb9d02c77a33a161e0283464e8bd1299625ee5d862517fe2bc944cebefd,True,"[""WAITED""]",,0,0,False,0,,0
r2-1501101,313,12,3,12,3,aff2efb9d02c77a33a161e0283464e8bd1299625ee5d862517fe2bc944cebefd,True,"[""WAITED""]",,0,0,False,0,,0
r2-1501101,314,12,3,11,3,aff2efb9d02c77a33a161e0283464e8bd1299625ee5d862517fe2bc944cebefd,True,"[""MOVED_LEFT""]",,0,0,False,0,,0
r2-1501101,315,11,3,11,4,aff2efb9d02c77a33a161e0283464e8bd1299625ee5d862517fe2bc944cebefd,True,"[""MOVED_DOWN"",""BOMB_EXPLODED""]",,0,0,False,0,,0
r2-1501101,316,11,4,11,4,aff2efb9d02c77a33a161e0283464e8bd1299625ee5d862517fe2bc944cebefd,True,"[""WAITED""]",,0,0,False,0,,0
r2-1501101,317,11,4,11,4,aff2efb9d02c77a33a161e0283464e8bd1299625ee5d862517fe2bc944cebefd,False,"[""WAITED""]",,0,0,False,0,,0
r2-1501101,318,11,4,11,4,aff2efb9d02c77a33a161e0283464e8bd1299625ee5d862517fe2bc944cebefd,False,"[""BOMB_DROPPED""]",,0,0,False,0,,-0.5
r2-1501101,319,11,4,11,5,aff2efb9d02c77a33a161e0283464e8bd1299625ee5d862517fe2bc944cebefd,True,"[""MOVED_DOWN""]",,0,0,False,0,,0
r2-1501101,320,11,5,11,5,aff2efb9d02c77a33a161e0283464e8bd1299625ee5d862517fe2bc944cebefd,True,"[""WAITED""]",,0,0,False,0,,0
r2-1501101,321,11,5,11,5,aff2efb9d02c77a33a161e0283464e8bd1299625ee5d862517fe2bc944cebefd,True,"[""WAITED""]",,0,0,False,0,,0
r2-1501101,322,11,5,10,5,aff2efb9d02c77a33a161e0283464e8bd1299625ee5d862517fe2bc944cebefd,True,"[""MOVED_LEFT"",""BOMB_EXPLODED""]",,0,0,False,0,,0
r2-1501101,323,10,5,10,5,aff2efb9d02c77a33a161e0283464e8bd1299625ee5d862517fe2bc944cebefd,True,"[""WAITED""]",,0,0,False,0,,0
r2-1501101,324,10,5,11,5,aff2efb9d02c77a33a161e0283464e8bd1299625ee5d862517fe2bc944cebefd,False,"[""MOVED_RIGHT""]",,0,0,False,0,,0
r2-1501101,325,11,5,11,5,aff2efb9d02c77a33a161e0283464e8bd1299625ee5d862517fe2bc944cebefd,False,"[""BOMB_DROPPED""]",,0,0,False,0,,-0.5
r2-1501101,326,11,5,11,5,aff2efb9d02c77a33a161e0283464e8bd1299625ee5d862517fe2bc944cebefd,True,"[""WAITED""]",,0,0,False,0,,0
r2-1501101,327,11,5,10,5,aff2efb9d02c77a33a161e0283464e8bd1299625ee5d862517fe2bc944cebefd,True,"[""MOVED_LEFT""]",,0,0,False,0,,0
r2-1501101,328,10,5,9,5,aff2efb9d02c77a33a161e0283464e8bd1299625ee5d862517fe2bc944cebefd,True,"[""MOVED_LEFT""]",,0,0,False,0,,0
r2-1501101,329,9,5,9,4,aff2efb9d02c77a33a161e0283464e8bd1299625ee5d862517fe2bc944cebefd,True,"[""MOVED_UP"",""BOMB_EXPLODED""]",,0,0,False,0,,0
r2-1501101,330,9,4,9,3,aff2efb9d02c77a33a161e0283464e8bd1299625ee5d862517fe2bc944cebefd,True,"[""MOVED_UP""]",,0,0,False,0,,0
r2-1501101,331,9,3,9,2,aff2efb9d02c77a33a161e0283464e8bd1299625ee5d862517fe2bc944cebefd,False,"[""MOVED_UP""]",,0,0,False,0,,0
r2-1501101,332,9,2,9,1,aff2efb9d02c77a33a161e0283464e8bd1299625ee5d862517fe2bc944cebefd,False,"[""MOVED_UP""]",,0,0,False,0,,0
r2-1501101,333,9,1,9,1,aff2efb9d02c77a33a161e0283464e8bd1299625ee5d862517fe2bc944cebefd,False,"[""BOMB_DROPPED""]",,0,0,False,0,,-0.5
r2-1501101,334,9,1,9,1,aff2efb9d02c77a33a161e0283464e8bd1299625ee5d862517fe2bc944cebefd,True,"[""WAITED""]",,0,0,False,0,,0
r2-1501101,335,9,1,10,1,aff2efb9d02c77a33a161e0283464e8bd1299625ee5d862517fe2bc944cebefd,True,"[""MOVED_RIGHT""]",,0,0,False,0,,0
r2-1501101,336,10,1,11,1,aff2efb9d02c77a33a161e0283464e8bd1299625ee5d862517fe2bc944cebefd,True,"[""MOVED_RIGHT""]",,0,0,False,0,,0
r2-1501101,337,11,1,11,2,aff2efb9d02c77a33a161e0283464e8bd1299625ee5d862517fe2bc944cebefd,True,"[""MOVED_DOWN"",""BOMB_EXPLODED""]",,0,0,False,0,,0
r2-1501101,338,11,2,11,2,aff2efb9d02c77a33a161e0283464e8bd1299625ee5d862517fe2bc944cebefd,True,"[""WAITED""]",,0,0,False,0,,0
r2-1501101,339,11,2,11,1,aff2efb9d02c77a33a161e0283464e8bd1299625ee5d862517fe2bc944cebefd,False,"[""MOVED_UP""]",,0,0,False,0,,0
r2-1501101,340,11,1,11,1,aff2efb9d02c77a33a161e0283464e8bd1299625ee5d862517fe2bc944cebefd,False,"[""BOMB_DROPPED""]",,0,0,False,0,,-0.5
r2-1501101,341,11,1,11,1,aff2efb9d02c77a33a161e0283464e8bd1299625ee5d862517fe2bc944cebefd,True,"[""WAITED""]",,0,0,False,0,,0
r2-1501101,342,11,1,12,1,aff2efb9d02c77a33a161e0283464e8bd1299625ee5d862517fe2bc944cebefd,True,"[""MOVED_RIGHT""]",,0,0,False,0,,0
r2-1501101,343,12,1,13,1,aff2efb9d02c77a33a161e0283464e8bd1299625ee5d862517fe2bc944cebefd,True,"[""MOVED_RIGHT""]",,0,0,False,0,,0
r2-1501101,344,13,1,13,2,aff2efb9d02c77a33a161e0283464e8bd1299625ee5d862517fe2bc944cebefd,True,"[""MOVED_DOWN"",""BOMB_EXPLODED""]",,0,0,False,0,,0
r2-1501101,345,13,2,13,2,aff2efb9d02c77a33a161e0283464e8bd1299625ee5d862517fe2bc944cebefd,True,"[""WAITED""]",,0,0,False,0,,0
r2-1501101,346,13,2,13,2,aff2efb9d02c77a33a161e0283464e8bd1299625ee5d862517fe2bc944cebefd,False,"[""WAITED""]",,0,0,False,0,,0
r2-1501101,347,13,2,13,2,aff2efb9d02c77a33a161e0283464e8bd1299625ee5d862517fe2bc944cebefd,False,"[""BOMB_DROPPED""]",,0,0,False,0,,-0.5
r2-1501101,348,13,2,13,3,aff2efb9d02c77a33a161e0283464e8bd1299625ee5d862517fe2bc944cebefd,True,"[""MOVED_DOWN""]",,0,0,False,0,,0
r2-1501101,349,13,3,13,3,aff2efb9d02c77a33a161e0283464e8bd1299625ee5d862517fe2bc944cebefd,True,"[""WAITED""]",,0,0,False,0,,0
r2-1501101,350,13,3,13,3,aff2efb9d02c77a33a161e0283464e8bd1299625ee5d862517fe2bc944cebefd,True,"[""WAITED""]",,0,0,False,0,,0
r2-1501101,351,13,3,12,3,aff2efb9d02c77a33a161e0283464e8bd1299625ee5d862517fe2bc944cebefd,True,"[""MOVED_LEFT"",""BOMB_EXPLODED""]",,0,0,False,0,,0
r2-1501101,352,12,3,11,3,aff2efb9d02c77a33a161e0283464e8bd1299625ee5d862517fe2bc944cebefd,True,"[""MOVED_LEFT""]",,0,0,False,0,,0
r2-1501101,353,11,3,12,3,aff2efb9d02c77a33a161e0283464e8bd1299625ee5d862517fe2bc944cebefd,False,"[""MOVED_RIGHT""]",,0,0,False,0,,0
r2-1501101,354,12,3,12,3,aff2efb9d02c77a33a161e0283464e8bd1299625ee5d862517fe2bc944cebefd,False,"[""BOMB_DROPPED""]",,0,0,False,0,,-0.5
r2-1501101,355,12,3,12,3,aff2efb9d02c77a33a161e0283464e8bd1299625ee5d862517fe2bc944cebefd,True,"[""WAITED""]",,0,0,False,0,,0
r2-1501101,356,12,3,12,3,aff2efb9d02c77a33a161e0283464e8bd1299625ee5d862517fe2bc944cebefd,True,"[""WAITED""]",,0,0,False,0,,0
r2-1501101,357,12,3,11,3,aff2efb9d02c77a33a161e0283464e8bd1299625ee5d862517fe2bc944cebefd,True,"[""MOVED_LEFT""]",,0,0,False,0,,0
r2-1501101,358,11,3,11,4,aff2efb9d02c77a33a161e0283464e8bd1299625ee5d862517fe2bc944cebefd,True,"[""MOVED_DOWN"",""BOMB_EXPLODED""]",,0,0,False,0,,0
r2-1501101,359,11,4,11,4,aff2efb9d02c77a33a161e0283464e8bd1299625ee5d862517fe2bc944cebefd,True,"[""WAITED""]",,0,0,False,0,,0
r2-1501101,360,11,4,11,4,aff2efb9d02c77a33a161e0283464e8bd1299625ee5d862517fe2bc944cebefd,False,"[""WAITED""]",,0,0,False,0,,0
r2-1501101,361,11,4,11,4,aff2efb9d02c77a33a161e0283464e8bd1299625ee5d862517fe2bc944cebefd,False,"[""BOMB_DROPPED""]",,0,0,False,0,,-0.5
r2-1501101,362,11,4,11,5,aff2efb9d02c77a33a161e0283464e8bd1299625ee5d862517fe2bc944cebefd,True,"[""MOVED_DOWN""]",,0,0,False,0,,0
r2-1501101,363,11,5,11,5,aff2efb9d02c77a33a161e0283464e8bd1299625ee5d862517fe2bc944cebefd,True,"[""WAITED""]",,0,0,False,0,,0
r2-1501101,364,11,5,11,5,aff2efb9d02c77a33a161e0283464e8bd1299625ee5d862517fe2bc944cebefd,True,"[""WAITED""]",,0,0,False,0,,0
r2-1501101,365,11,5,10,5,aff2efb9d02c77a33a161e0283464e8bd1299625ee5d862517fe2bc944cebefd,True,"[""MOVED_LEFT"",""BOMB_EXPLODED""]",,0,0,False,0,,0
r2-1501101,366,10,5,10,5,aff2efb9d02c77a33a161e0283464e8bd1299625ee5d862517fe2bc944cebefd,True,"[""WAITED""]",,0,0,False,0,,0
r2-1501101,367,10,5,11,5,aff2efb9d02c77a33a161e0283464e8bd1299625ee5d862517fe2bc944cebefd,False,"[""MOVED_RIGHT""]",,0,0,False,0,,0
r2-1501101,368,11,5,11,5,aff2efb9d02c77a33a161e0283464e8bd1299625ee5d862517fe2bc944cebefd,False,"[""BOMB_DROPPED""]",,0,0,False,0,,-0.5
r2-1501101,369,11,5,11,5,aff2efb9d02c77a33a161e0283464e8bd1299625ee5d862517fe2bc944cebefd,True,"[""WAITED""]",,0,0,False,0,,0
r2-1501101,370,11,5,10,5,aff2efb9d02c77a33a161e0283464e8bd1299625ee5d862517fe2bc944cebefd,True,"[""MOVED_LEFT""]",,0,0,False,0,,0
r2-1501101,371,10,5,9,5,aff2efb9d02c77a33a161e0283464e8bd1299625ee5d862517fe2bc944cebefd,True,"[""MOVED_LEFT""]",,0,0,False,0,,0
r2-1501101,372,9,5,9,4,aff2efb9d02c77a33a161e0283464e8bd1299625ee5d862517fe2bc944cebefd,True,"[""MOVED_UP"",""BOMB_EXPLODED""]",,0,0,False,0,,0
r2-1501101,373,9,4,9,3,aff2efb9d02c77a33a161e0283464e8bd1299625ee5d862517fe2bc944cebefd,True,"[""MOVED_UP""]",,0,0,False,0,,0
r2-1501101,374,9,3,9,2,aff2efb9d02c77a33a161e0283464e8bd1299625ee5d862517fe2bc944cebefd,False,"[""MOVED_UP""]",,0,0,False,0,,0
r2-1501101,375,9,2,9,1,aff2efb9d02c77a33a161e0283464e8bd1299625ee5d862517fe2bc944cebefd,False,"[""MOVED_UP""]",,0,0,False,0,,0
r2-1501101,376,9,1,9,1,aff2efb9d02c77a33a161e0283464e8bd1299625ee5d862517fe2bc944cebefd,False,"[""BOMB_DROPPED""]",,0,0,False,0,,-0.5
r2-1501101,377,9,1,9,1,aff2efb9d02c77a33a161e0283464e8bd1299625ee5d862517fe2bc944cebefd,True,"[""WAITED""]",,0,0,False,0,,0
r2-1501101,378,9,1,10,1,aff2efb9d02c77a33a161e0283464e8bd1299625ee5d862517fe2bc944cebefd,True,"[""MOVED_RIGHT""]",,0,0,False,0,,0
r2-1501101,379,10,1,11,1,aff2efb9d02c77a33a161e0283464e8bd1299625ee5d862517fe2bc944cebefd,True,"[""MOVED_RIGHT""]",,0,0,False,0,,0
r2-1501101,380,11,1,11,2,aff2efb9d02c77a33a161e0283464e8bd1299625ee5d862517fe2bc944cebefd,True,"[""MOVED_DOWN"",""BOMB_EXPLODED""]",,0,0,False,0,,0
r2-1501101,381,11,2,11,2,aff2efb9d02c77a33a161e0283464e8bd1299625ee5d862517fe2bc944cebefd,True,"[""WAITED""]",,0,0,False,0,,0
r2-1501101,382,11,2,11,1,aff2efb9d02c77a33a161e0283464e8bd1299625ee5d862517fe2bc944cebefd,False,"[""MOVED_UP""]",,0,0,False,0,,0
r2-1501101,383,11,1,11,1,aff2efb9d02c77a33a161e0283464e8bd1299625ee5d862517fe2bc944cebefd,False,"[""BOMB_DROPPED""]",,0,0,False,0,,-0.5
r2-1501101,384,11,1,11,1,aff2efb9d02c77a33a161e0283464e8bd1299625ee5d862517fe2bc944cebefd,True,"[""WAITED""]",,0,0,False,0,,0
r2-1501101,385,11,1,12,1,aff2efb9d02c77a33a161e0283464e8bd1299625ee5d862517fe2bc944cebefd,True,"[""MOVED_RIGHT""]",,0,0,False,0,,0
r2-1501101,386,12,1,13,1,aff2efb9d02c77a33a161e0283464e8bd1299625ee5d862517fe2bc944cebefd,True,"[""MOVED_RIGHT""]",,0,0,False,0,,0
r2-1501101,387,13,1,13,2,aff2efb9d02c77a33a161e0283464e8bd1299625ee5d862517fe2bc944cebefd,True,"[""MOVED_DOWN"",""BOMB_EXPLODED""]",,0,0,False,0,,0
r2-1501101,388,13,2,13,2,aff2efb9d02c77a33a161e0283464e8bd1299625ee5d862517fe2bc944cebefd,True,"[""WAITED""]",,0,0,False,0,,0
r2-1501101,389,13,2,13,2,aff2efb9d02c77a33a161e0283464e8bd1299625ee5d862517fe2bc944cebefd,False,"[""WAITED""]",,0,0,False,0,,0
r2-1501101,390,13,2,13,2,aff2efb9d02c77a33a161e0283464e8bd1299625ee5d862517fe2bc944cebefd,False,"[""BOMB_DROPPED""]",,0,0,False,0,,-0.5
r2-1501101,391,13,2,13,3,aff2efb9d02c77a33a161e0283464e8bd1299625ee5d862517fe2bc944cebefd,True,"[""MOVED_DOWN""]",,0,0,False,0,,0
r2-1501101,392,13,3,13,3,aff2efb9d02c77a33a161e0283464e8bd1299625ee5d862517fe2bc944cebefd,True,"[""WAITED""]",,0,0,False,0,,0
r2-1501101,393,13,3,13,3,aff2efb9d02c77a33a161e0283464e8bd1299625ee5d862517fe2bc944cebefd,True,"[""WAITED""]",,0,0,False,0,,0
r2-1501101,394,13,3,12,3,aff2efb9d02c77a33a161e0283464e8bd1299625ee5d862517fe2bc944cebefd,True,"[""MOVED_LEFT"",""BOMB_EXPLODED""]",,0,0,False,0,,0
r2-1501101,395,12,3,11,3,aff2efb9d02c77a33a161e0283464e8bd1299625ee5d862517fe2bc944cebefd,True,"[""MOVED_LEFT""]",,0,0,False,0,,0
r2-1501101,396,11,3,12,3,aff2efb9d02c77a33a161e0283464e8bd1299625ee5d862517fe2bc944cebefd,False,"[""MOVED_RIGHT""]",,0,0,False,0,,0
r2-1501101,397,12,3,12,3,aff2efb9d02c77a33a161e0283464e8bd1299625ee5d862517fe2bc944cebefd,False,"[""BOMB_DROPPED""]",,0,0,False,0,,-0.5
r2-1501101,398,12,3,12,3,aff2efb9d02c77a33a161e0283464e8bd1299625ee5d862517fe2bc944cebefd,True,"[""WAITED""]",,0,0,False,0,,0
r2-1501101,399,12,3,12,3,aff2efb9d02c77a33a161e0283464e8bd1299625ee5d862517fe2bc944cebefd,True,"[""WAITED""]",,0,0,False,0,,0
r2-1501101,400,12,3,11,3,aff2efb9d02c77a33a161e0283464e8bd1299625ee5d862517fe2bc944cebefd,True,"[""MOVED_LEFT"",""SURVIVED_ROUND""]",,0,0,False,0,,0
r2-1501102,1,1,15,2,15,2a8904e5f8a59f0efb7b7084a4be3889e49eb0bab33c993eaaf4c408ccc81296,False,"[""MOVED_RIGHT""]",28,0,0,False,2,,0
r2-1501102,2,2,15,2,15,2a8904e5f8a59f0efb7b7084a4be3889e49eb0bab33c993eaaf4c408ccc81296,False,"[""BOMB_DROPPED""]",27,0,0,False,2,,0
r2-1501102,3,2,15,1,15,2a8904e5f8a59f0efb7b7084a4be3889e49eb0bab33c993eaaf4c408ccc81296,True,"[""MOVED_LEFT""]",26,0,0,False,2,,0
r2-1501102,4,1,15,1,15,2a8904e5f8a59f0efb7b7084a4be3889e49eb0bab33c993eaaf4c408ccc81296,True,"[""WAITED""]",27,0,0,False,2,,0
r2-1501102,5,1,15,1,15,2a8904e5f8a59f0efb7b7084a4be3889e49eb0bab33c993eaaf4c408ccc81296,True,"[""WAITED""]",28,0,0,False,2,,0
r2-1501102,6,1,15,1,14,2a8904e5f8a59f0efb7b7084a4be3889e49eb0bab33c993eaaf4c408ccc81296,True,"[""MOVED_UP"",""BOMB_EXPLODED"",""CRATE_DESTROYED"",""CRATE_DESTROYED""]",27,0,0,False,2,,0
r2-1501102,7,1,14,1,13,ec30e048577abcd7be948ffa889fc9184b6ce78e881ddfc63aa7e07679aa3029,True,"[""MOVED_UP""]",26,0,0,False,2,,0
r2-1501102,8,1,13,1,14,ec30e048577abcd7be948ffa889fc9184b6ce78e881ddfc63aa7e07679aa3029,False,"[""MOVED_DOWN""]",26,0,0,False,3,,0
r2-1501102,9,1,14,1,14,ec30e048577abcd7be948ffa889fc9184b6ce78e881ddfc63aa7e07679aa3029,False,"[""BOMB_DROPPED""]",27,0,0,False,2,,0
r2-1501102,10,1,14,1,14,ec30e048577abcd7be948ffa889fc9184b6ce78e881ddfc63aa7e07679aa3029,True,"[""WAITED""]",27,0,0,False,2,,0
r2-1501102,11,1,14,1,14,ec30e048577abcd7be948ffa889fc9184b6ce78e881ddfc63aa7e07679aa3029,True,"[""WAITED""]",26,0,0,False,2,,0
r2-1501102,12,1,14,1,15,ec30e048577abcd7be948ffa889fc9184b6ce78e881ddfc63aa7e07679aa3029,True,"[""MOVED_DOWN""]",27,0,0,False,2,,0
r2-1501102,13,1,15,2,15,ec30e048577abcd7be948ffa889fc9184b6ce78e881ddfc63aa7e07679aa3029,True,"[""MOVED_RIGHT"",""BOMB_EXPLODED"",""CRATE_DESTROYED"",""CRATE_DESTROYED""]",27,0,0,False,1,,0
r2-1501102,14,2,15,3,15,d49478411f1f9682081a3b042ed196ac9e71ffe5d76d26b59a719da313b52d3e,True,"[""MOVED_RIGHT""]",26,0,0,False,0,,0
r2-1501102,15,3,15,2,15,d49478411f1f9682081a3b042ed196ac9e71ffe5d76d26b59a719da313b52d3e,False,"[""MOVED_LEFT""]",25,0,0,False,3,,0
r2-1501102,16,2,15,3,15,d49478411f1f9682081a3b042ed196ac9e71ffe5d76d26b59a719da313b52d3e,False,"[""MOVED_RIGHT""]",27,0,0,False,0,,0
r2-1501102,17,3,15,3,15,d49478411f1f9682081a3b042ed196ac9e71ffe5d76d26b59a719da313b52d3e,False,"[""BOMB_DROPPED""]",25,0,0,False,3,,0
r2-1501102,18,3,15,2,15,d49478411f1f9682081a3b042ed196ac9e71ffe5d76d26b59a719da313b52d3e,True,"[""MOVED_LEFT""]",25,0,0,False,3,,0
r2-1501102,19,2,15,2,15,d49478411f1f9682081a3b042ed196ac9e71ffe5d76d26b59a719da313b52d3e,True,"[""WAITED""]",26,0,0,False,0,,0
r2-1501102,20,2,15,1,15,d49478411f1f9682081a3b042ed196ac9e71ffe5d76d26b59a719da313b52d3e,True,"[""MOVED_LEFT""]",27,0,0,False,0,,0
r2-1501102,21,1,15,1,14,d49478411f1f9682081a3b042ed196ac9e71ffe5d76d26b59a719da313b52d3e,True,"[""MOVED_UP"",""BOMB_EXPLODED"",""CRATE_DESTROYED"",""CRATE_DESTROYED"",""CRATE_DESTROYED"",""CRATE_DESTROYED""]",28,0,0,False,0,,0
r2-1501102,22,1,14,1,13,7d0519df9f588d5459ce2582411c4a3db65fc8ffd840ca3afc8a9c19cafe4e34,True,"[""MOVED_UP""]",27,0,0,False,0,,0
r2-1501102,23,1,13,1,12,7d0519df9f588d5459ce2582411c4a3db65fc8ffd840ca3afc8a9c19cafe4e34,False,"[""MOVED_UP""]",25,0,0,False,3,,0
r2-1501102,24,1,12,1,12,7d0519df9f588d5459ce2582411c4a3db65fc8ffd840ca3afc8a9c19cafe4e34,False,"[""BOMB_DROPPED""]",24,0,0,False,2,,0
r2-1501102,25,1,12,1,13,7d0519df9f588d5459ce2582411c4a3db65fc8ffd840ca3afc8a9c19cafe4e34,True,"[""MOVED_DOWN""]",24,0,0,False,2,,0
r2-1501102,26,1,13,1,14,7d0519df9f588d5459ce2582411c4a3db65fc8ffd840ca3afc8a9c19cafe4e34,True,"[""MOVED_DOWN""]",25,0,0,False,3,,0
r2-1501102,27,1,14,1,15,7d0519df9f588d5459ce2582411c4a3db65fc8ffd840ca3afc8a9c19cafe4e34,True,"[""MOVED_DOWN""]",27,0,0,False,0,,0
r2-1501102,28,1,15,2,15,7d0519df9f588d5459ce2582411c4a3db65fc8ffd840ca3afc8a9c19cafe4e34,True,"[""MOVED_RIGHT"",""BOMB_EXPLODED"",""CRATE_DESTROYED"",""CRATE_DESTROYED""]",28,0,0,False,0,,0
r2-1501102,29,2,15,3,15,e71949e82a6ae8846d459562789204f0d0de2f52722773a44a4b132925580a77,True,"[""MOVED_RIGHT""]",26,0,0,False,0,,0
r2-1501102,30,3,15,3,14,e71949e82a6ae8846d459562789204f0d0de2f52722773a44a4b132925580a77,False,"[""MOVED_UP""]",25,0,0,False,0,,0
r2-1501102,31,3,14,3,14,e71949e82a6ae8846d459562789204f0d0de2f52722773a44a4b132925580a77,False,"[""BOMB_DROPPED""]",25,0,0,False,1,,0
r2-1501102,32,3,14,3,14,e71949e82a6ae8846d459562789204f0d0de2f52722773a44a4b132925580a77,True,"[""WAITED""]",24,0,0,False,1,,0
r2-1501102,33,3,14,3,14,e71949e82a6ae8846d459562789204f0d0de2f52722773a44a4b132925580a77,True,"[""WAITED""]",24,0,0,False,1,,0
r2-1501102,34,3,14,3,15,e71949e82a6ae8846d459562789204f0d0de2f52722773a44a4b132925580a77,True,"[""MOVED_DOWN""]",24,0,0,False,1,,0
r2-1501102,35,3,15,4,15,e71949e82a6ae8846d459562789204f0d0de2f52722773a44a4b132925580a77,True,"[""MOVED_RIGHT"",""BOMB_EXPLODED"",""CRATE_DESTROYED""]",25,0,0,False,0,,0
r2-1501102,36,4,15,5,15,0e374444a36194a526ab28c76bc838f2cbf5a41c87c0e88907d2f45b5570f387,True,"[""MOVED_RIGHT""]",24,0,0,False,1,,0
r2-1501102,37,5,15,4,15,0e374444a36194a526ab28c76bc838f2cbf5a41c87c0e88907d2f45b5570f387,False,"[""MOVED_LEFT""]",23,0,0,False,3,,0
r2-1501102,38,4,15,4,15,0e374444a36194a526ab28c76bc838f2cbf5a41c87c0e88907d2f45b5570f387,False,"[""BOMB_DROPPED""]",24,0,0,False,1,,0
r2-1501102,39,4,15,3,15,0e374444a36194a526ab28c76bc838f2cbf5a41c87c0e88907d2f45b5570f387,True,"[""MOVED_LEFT""]",24,0,0,False,1,,0
r2-1501102,40,3,15,3,14,0e374444a36194a526ab28c76bc838f2cbf5a41c87c0e88907d2f45b5570f387,True,"[""MOVED_UP""]",25,0,0,False,0,,0
r2-1501102,41,3,14,3,15,0e374444a36194a526ab28c76bc838f2cbf5a41c87c0e88907d2f45b5570f387,True,"[""MOVED_DOWN""]",24,0,0,False,0,,0
r2-1501102,42,3,15,3,14,0e374444a36194a526ab28c76bc838f2cbf5a41c87c0e88907d2f45b5570f387,True,"[""MOVED_UP"",""BOMB_EXPLODED"",""CRATE_DESTROYED""]",26,0,0,False,0,,0
r2-1501102,43,3,14,3,13,1f59100629e70811b93d762e5b08555d44371bcf63e279f2ef3adcb37a579902,True,"[""MOVED_UP""]",24,0,0,False,0,,0
r2-1501102,44,3,13,3,12,1f59100629e70811b93d762e5b08555d44371bcf63e279f2ef3adcb37a579902,False,"[""MOVED_UP""]",23,0,0,False,3,,0
r2-1501102,45,3,12,3,12,1f59100629e70811b93d762e5b08555d44371bcf63e279f2ef3adcb37a579902,False,"[""BOMB_DROPPED""]",22,0,0,False,1,,0
r2-1501102,46,3,12,3,13,1f59100629e70811b93d762e5b08555d44371bcf63e279f2ef3adcb37a579902,True,"[""MOVED_DOWN""]",22,0,0,False,1,,0
r2-1501102,47,3,13,3,14,1f59100629e70811b93d762e5b08555d44371bcf63e279f2ef3adcb37a579902,True,"[""MOVED_DOWN""]",23,0,0,False,3,,0
r2-1501102,48,3,14,3,15,1f59100629e70811b93d762e5b08555d44371bcf63e279f2ef3adcb37a579902,True,"[""MOVED_DOWN""]",24,0,0,False,0,,0
r2-1501102,49,3,15,2,15,1f59100629e70811b93d762e5b08555d44371bcf63e279f2ef3adcb37a579902,True,"[""MOVED_LEFT"",""BOMB_EXPLODED"",""CRATE_DESTROYED""]",25,0,0,False,0,,0
r2-1501102,50,2,15,1,15,839288de07f009d02556624f87945b951cda3eadb014c29e7f32d6f78b37065d,True,"[""MOVED_LEFT""]",26,0,0,False,0,,0
r2-1501102,51,1,15,1,14,839288de07f009d02556624f87945b951cda3eadb014c29e7f32d6f78b37065d,False,"[""MOVED_UP""]",27,0,0,False,0,,0
r2-1501102,52,1,14,1,13,839288de07f009d02556624f87945b951cda3eadb014c29e7f32d6f78b37065d,False,"[""MOVED_UP""]",26,0,0,False,0,,0
r2-1501102,53,1,13,1,13,839288de07f009d02556624f87945b951cda3eadb014c29e7f32d6f78b37065d,False,"[""BOMB_DROPPED""]",26,0,0,False,2,,0
r2-1501102,54,1,13,1,12,839288de07f009d02556624f87945b951cda3eadb014c29e7f32d6f78b37065d,True,"[""MOVED_UP""]",25,0,0,False,2,,0
r2-1501102,55,1,12,1,11,839288de07f009d02556624f87945b951cda3eadb014c29e7f32d6f78b37065d,True,"[""MOVED_UP""]",24,0,0,False,0,,0
r2-1501102,56,1,11,1,10,839288de07f009d02556624f87945b951cda3eadb014c29e7f32d6f78b37065d,True,"[""MOVED_UP""]",24,0,0,False,3,,0
r2-1501102,57,1,10,1,9,839288de07f009d02556624f87945b951cda3eadb014c29e7f32d6f78b37065d,True,"[""MOVED_UP"",""BOMB_EXPLODED"",""CRATE_DESTROYED"",""CRATE_DESTROYED""]",23,0,0,False,2,,0
r2-1501102,58,1,9,1,9,183ef0b2974426daf9c5b9772e9e3c7ef671e07352413b3ba01ca3ad98df070a,True,"[""WAITED""]",21,0,0,False,3,,0
r2-1501102,59,1,9,1,10,183ef0b2974426daf9c5b9772e9e3c7ef671e07352413b3ba01ca3ad98df070a,False,"[""MOVED_DOWN""]",22,0,0,False,3,,0
r2-1501102,60,1,10,1,10,183ef0b2974426daf9c5b9772e9e3c7ef671e07352413b3ba01ca3ad98df070a,False,"[""BOMB_DROPPED""]",22,0,0,False,2,,0
r2-1501102,61,1,10,1,11,183ef0b2974426daf9c5b9772e9e3c7ef671e07352413b3ba01ca3ad98df070a,True,"[""MOVED_DOWN""]",23,0,0,False,2,,0
r2-1501102,62,1,11,1,12,183ef0b2974426daf9c5b9772e9e3c7ef671e07352413b3ba01ca3ad98df070a,True,"[""MOVED_DOWN""]",24,0,0,False,3,,0
r2-1501102,63,1,12,1,13,183ef0b2974426daf9c5b9772e9e3c7ef671e07352413b3ba01ca3ad98df070a,True,"[""MOVED_DOWN""]",24,0,0,False,0,,0
r2-1501102,64,1,13,2,13,183ef0b2974426daf9c5b9772e9e3c7ef671e07352413b3ba01ca3ad98df070a,True,"[""MOVED_RIGHT"",""BOMB_EXPLODED"",""CRATE_DESTROYED"",""CRATE_DESTROYED""]",26,0,0,False,0,,0
r2-1501102,65,2,13,3,13,933bc25b1d4dbe36cebebcaa3be15ba2f3aec881b89a6a05754dc1a84c5603a5,True,"[""MOVED_RIGHT""]",24,0,0,False,1,,0
r2-1501102,66,3,13,3,13,933bc25b1d4dbe36cebebcaa3be15ba2f3aec881b89a6a05754dc1a84c5603a5,False,"[""WAITED""]",23,0,0,False,2,,0
r2-1501102,67,3,13,3,13,933bc25b1d4dbe36cebebcaa3be15ba2f3aec881b89a6a05754dc1a84c5603a5,False,"[""BOMB_DROPPED""]",23,0,0,False,2,,0
r2-1501102,68,3,13,3,13,933bc25b1d4dbe36cebebcaa3be15ba2f3aec881b89a6a05754dc1a84c5603a5,True,"[""WAITED""]",24,0,0,False,2,,0
r2-1501102,69,3,13,3,14,933bc25b1d4dbe36cebebcaa3be15ba2f3aec881b89a6a05754dc1a84c5603a5,True,"[""MOVED_DOWN""]",23,0,0,False,2,,0
r2-1501102,70,3,14,3,15,933bc25b1d4dbe36cebebcaa3be15ba2f3aec881b89a6a05754dc1a84c5603a5,True,"[""MOVED_DOWN""]",24,0,0,False,0,,0
r2-1501102,71,3,15,2,15,933bc25b1d4dbe36cebebcaa3be15ba2f3aec881b89a6a05754dc1a84c5603a5,True,"[""MOVED_LEFT"",""BOMB_EXPLODED"",""CRATE_DESTROYED"",""CRATE_DESTROYED"",""COIN_FOUND""]",25,0,0,False,0,,0
r2-1501102,72,2,15,2,15,952ea00350a5a18094a1e73453f82a8b405f888a7e3399a1aa092e1c46342d86,True,"[""WAITED""]",26,0,0,False,0,,0
r2-1501102,73,2,15,3,15,952ea00350a5a18094a1e73453f82a8b405f888a7e3399a1aa092e1c46342d86,False,"[""MOVED_RIGHT""]",26,0,0,False,0,,0
r2-1501102,74,3,15,3,15,952ea00350a5a18094a1e73453f82a8b405f888a7e3399a1aa092e1c46342d86,False,"[""BOMB_DROPPED""]",26,0,0,False,0,,-0.5
r2-1501102,75,3,15,3,14,952ea00350a5a18094a1e73453f82a8b405f888a7e3399a1aa092e1c46342d86,True,"[""MOVED_UP""]",25,0,0,False,0,,0
r2-1501102,76,3,14,3,14,952ea00350a5a18094a1e73453f82a8b405f888a7e3399a1aa092e1c46342d86,True,"[""WAITED""]",24,0,0,False,0,,0
r2-1501102,77,3,14,3,13,952ea00350a5a18094a1e73453f82a8b405f888a7e3399a1aa092e1c46342d86,True,"[""MOVED_UP""]",24,0,0,False,0,,0
r2-1501102,78,3,13,4,13,952ea00350a5a18094a1e73453f82a8b405f888a7e3399a1aa092e1c46342d86,True,"[""MOVED_RIGHT"",""BOMB_EXPLODED""]",24,0,0,False,0,,0
r2-1501102,79,4,13,5,13,952ea00350a5a18094a1e73453f82a8b405f888a7e3399a1aa092e1c46342d86,True,"[""MOVED_RIGHT""]",23,0,0,False,1,,0
r2-1501102,80,5,13,6,13,952ea00350a5a18094a1e73453f82a8b405f888a7e3399a1aa092e1c46342d86,False,"[""MOVED_RIGHT"",""COIN_COLLECTED""]",22,0,0,False,3,,0
r2-1501102,81,6,13,6,13,2f94c6eb7c2722d0123f291af466bbdc2c2bba2b594e8919d01881b853287401,False,"[""BOMB_DROPPED""]",21,0,0,False,3,,0
r2-1501102,82,6,13,5,13,2f94c6eb7c2722d0123f291af466bbdc2c2bba2b594e8919d01881b853287401,True,"[""MOVED_LEFT""]",20,0,0,False,3,,0
r2-1501102,83,5,13,4,13,2f94c6eb7c2722d0123f291af466bbdc2c2bba2b594e8919d01881b853287401,True,"[""MOVED_LEFT""]",21,0,0,False,3,,0
r2-1501102,84,4,13,3,13,2f94c6eb7c2722d0123f291af466bbdc2c2bba2b594e8919d01881b853287401,True,"[""MOVED_LEFT""]",22,0,0,False,1,,0
r2-1501102,85,3,13,3,12,2f94c6eb7c2722d0123f291af466bbdc2c2bba2b594e8919d01881b853287401,True,"[""MOVED_UP"",""BOMB_EXPLODED"",""CRATE_DESTROYED"",""CRATE_DESTROYED"",""CRATE_DESTROYED""]",23,0,0,False,0,,0
r2-1501102,86,3,12,3,11,dff4aafa38aac9258450900e6b57d6cb1990701d0b8b7ed163ebdd7b206cc9e8,True,"[""MOVED_UP""]",23,0,0,False,0,,0
r2-1501102,87,3,11,3,10,dff4aafa38aac9258450900e6b57d6cb1990701d0b8b7ed163ebdd7b206cc9e8,False,"[""MOVED_UP""]",21,0,0,False,3,,0
r2-1501102,88,3,10,3,10,dff4aafa38aac9258450900e6b57d6cb1990701d0b8b7ed163ebdd7b206cc9e8,False,"[""BOMB_DROPPED""]",20,0,0,False,1,,0
r2-1501102,89,3,10,3,9,dff4aafa38aac9258450900e6b57d6cb1990701d0b8b7ed163ebdd7b206cc9e8,True,"[""MOVED_UP""]",20,0,0,False,1,,0
r2-1501102,90,3,9,3,9,dff4aafa38aac9258450900e6b57d6cb1990701d0b8b7ed163ebdd7b206cc9e8,True,"[""WAITED""]",19,0,0,False,3,,0
r2-1501102,91,3,9,3,9,dff4aafa38aac9258450900e6b57d6cb1990701d0b8b7ed163ebdd7b206cc9e8,True,"[""WAITED""]",19,0,0,False,3,,0
r2-1501102,92,3,9,4,9,dff4aafa38aac9258450900e6b57d6cb1990701d0b8b7ed163ebdd7b206cc9e8,True,"[""MOVED_RIGHT"",""BOMB_EXPLODED"",""CRATE_DESTROYED""]",20,0,0,False,3,,0
r2-1501102,93,4,9,4,9,f85770f9139e9e900e9ed02b6b13afbdd6bd151804d36d2ea2584f0361ac3d6d,True,"[""WAITED""]",19,0,0,False,3,,0
r2-1501102,94,4,9,3,9,f85770f9139e9e900e9ed02b6b13afbdd6bd151804d36d2ea2584f0361ac3d6d,False,"[""MOVED_LEFT""]",18,0,0,False,3,,0
r2-1501102,95,3,9,3,9,f85770f9139e9e900e9ed02b6b13afbdd6bd151804d36d2ea2584f0361ac3d6d,False,"[""BOMB_DROPPED""]",19,0,0,False,2,,0
r2-1501102,96,3,9,3,8,f85770f9139e9e900e9ed02b6b13afbdd6bd151804d36d2ea2584f0361ac3d6d,True,"[""MOVED_UP""]",19,0,0,False,2,,0
r2-1501102,97,3,8,3,7,f85770f9139e9e900e9ed02b6b13afbdd6bd151804d36d2ea2584f0361ac3d6d,True,"[""MOVED_UP""]",18,0,0,False,0,,0
r2-1501102,98,3,7,3,6,f85770f9139e9e900e9ed02b6b13afbdd6bd151804d36d2ea2584f0361ac3d6d,True,"[""MOVED_UP""]",18,0,0,False,3,,0
r2-1501102,99,3,6,3,5,f85770f9139e9e900e9ed02b6b13afbdd6bd151804d36d2ea2584f0361ac3d6d,True,"[""MOVED_UP"",""BOMB_EXPLODED"",""CRATE_DESTROYED"",""CRATE_DESTROYED""]",16,0,0,False,2,,0
r2-1501102,100,3,5,3,5,0ba72f369977197eecd18ae65e66c20ea569ad1f2f01763f6be420303698b6d8,True,"[""WAITED""]",15,0,0,False,3,,0
r2-1501102,101,3,5,2,5,0ba72f369977197eecd18ae65e66c20ea569ad1f2f01763f6be420303698b6d8,False,"[""MOVED_LEFT""]",16,0,0,False,3,,0
r2-1501102,102,2,5,2,5,0ba72f369977197eecd18ae65e66c20ea569ad1f2f01763f6be420303698b6d8,False,"[""BOMB_DROPPED""]",16,0,0,False,1,,0
r2-1501102,103,2,5,2,5,0ba72f369977197eecd18ae65e66c20ea569ad1f2f01763f6be420303698b6d8,True,"[""WAITED""]",17,0,0,False,1,,0
r2-1501102,104,2,5,2,5,0ba72f369977197eecd18ae65e66c20ea569ad1f2f01763f6be420303698b6d8,True,"[""WAITED""]",17,0,0,False,1,,0
r2-1501102,105,2,5,3,5,0ba72f369977197eecd18ae65e66c20ea569ad1f2f01763f6be420303698b6d8,True,"[""MOVED_RIGHT""]",17,0,0,False,1,,0
r2-1501102,106,3,5,3,6,0ba72f369977197eecd18ae65e66c20ea569ad1f2f01763f6be420303698b6d8,True,"[""MOVED_DOWN"",""BOMB_EXPLODED"",""CRATE_DESTROYED""]",16,0,0,False,3,,0
r2-1501102,107,3,6,3,7,c14e8873b27e5369ec46985782be6cf1a08564591715c5a5396fe2701e4b6c38,True,"[""MOVED_DOWN""]",16,0,0,False,2,,0
r2-1501102,108,3,7,3,6,c14e8873b27e5369ec46985782be6cf1a08564591715c5a5396fe2701e4b6c38,False,"[""MOVED_UP""]",17,0,0,False,3,,0
r2-1501102,109,3,6,3,6,c14e8873b27e5369ec46985782be6cf1a08564591715c5a5396fe2701e4b6c38,False,"[""BOMB_DROPPED""]",16,0,0,False,2,,0
r2-1501102,110,3,6,3,5,c14e8873b27e5369ec46985782be6cf1a08564591715c5a5396fe2701e4b6c38,True,"[""MOVED_UP""]",16,0,0,False,2,,0
r2-1501102,111,3,5,3,5,c14e8873b27e5369ec46985782be6cf1a08564591715c5a5396fe2701e4b6c38,True,"[""WAITED""]",15,0,0,False,3,,0
r2-1501102,112,3,5,3,5,c14e8873b27e5369ec46985782be6cf1a08564591715c5a5396fe2701e4b6c38,True,"[""WAITED""]",15,0,0,False,3,,0
r2-1501102,113,3,5,4,5,c14e8873b27e5369ec46985782be6cf1a08564591715c5a5396fe2701e4b6c38,True,"[""MOVED_RIGHT"",""BOMB_EXPLODED"",""CRATE_DESTROYED"",""CRATE_DESTROYED""]",15,0,0,False,3,,0
r2-1501102,114,4,5,5,5,c11b855f892a07abbc75e139adb83ee66f77e5cc81b141c5f9e3e3671d7ca61b,True,"[""MOVED_RIGHT""]",14,0,0,False,2,,0
r2-1501102,115,5,5,4,5,c11b855f892a07abbc75e139adb83ee66f77e5cc81b141c5f9e3e3671d7ca61b,False,"[""MOVED_LEFT""]",14,0,0,False,3,,0
r2-1501102,116,4,5,4,5,c11b855f892a07abbc75e139adb83ee66f77e5cc81b141c5f9e3e3671d7ca61b,False,"[""BOMB_DROPPED""]",14,0,0,False,2,,0
r2-1501102,117,4,5,3,5,c11b855f892a07abbc75e139adb83ee66f77e5cc81b141c5f9e3e3671d7ca61b,True,"[""MOVED_LEFT""]",14,0,0,False,2,,0
r2-1501102,118,3,5,3,4,c11b855f892a07abbc75e139adb83ee66f77e5cc81b141c5f9e3e3671d7ca61b,True,"[""MOVED_UP""]",15,0,0,False,2,,0
r2-1501102,119,3,4,3,4,c11b855f892a07abbc75e139adb83ee66f77e5cc81b141c5f9e3e3671d7ca61b,True,"[""WAITED""]",14,0,0,False,2,,0
r2-1501102,120,3,4,3,3,c11b855f892a07abbc75e139adb83ee66f77e5cc81b141c5f9e3e3671d7ca61b,True,"[""MOVED_UP"",""BOMB_EXPLODED"",""CRATE_DESTROYED"",""CRATE_DESTROYED""]",14,0,0,False,2,,0
r2-1501102,121,3,3,3,4,94966e504f8cbb33e5321b221b0d10cdca367cb25e928ca336fc68ed3a58d671,True,"[""MOVED_DOWN""]",13,0,0,False,3,,0
r2-1501102,122,3,4,3,4,94966e504f8cbb33e5321b221b0d10cdca367cb25e928ca336fc68ed3a58d671,False,"[""WAITED""]",14,0,0,False,2,,0
r2-1501102,123,3,4,3,4,94966e504f8cbb33e5321b221b0d10cdca367cb25e928ca336fc68ed3a58d671,False,"[""BOMB_DROPPED""]",14,0,0,False,2,,0
r2-1501102,124,3,4,3,4,94966e504f8cbb33e5321b221b0d10cdca367cb25e928ca336fc68ed3a58d671,True,"[""WAITED""]",14,0,0,False,2,,0
r2-1501102,125,3,4,3,4,94966e504f8cbb33e5321b221b0d10cdca367cb25e928ca336fc68ed3a58d671,True,"[""WAITED""]",15,0,0,False,2,,0
r2-1501102,126,3,4,3,5,94966e504f8cbb33e5321b221b0d10cdca367cb25e928ca336fc68ed3a58d671,True,"[""MOVED_DOWN""]",14,0,0,False,2,,0
r2-1501102,127,3,5,2,5,94966e504f8cbb33e5321b221b0d10cdca367cb25e928ca336fc68ed3a58d671,True,"[""MOVED_LEFT"",""BOMB_EXPLODED"",""CRATE_DESTROYED"",""CRATE_DESTROYED""]",15,0,0,False,1,,0
r2-1501102,128,2,5,1,5,d134d674abb7b2cee2ade7a71b2073b8f07aa160ccdc043474d12cd6b626b360,True,"[""MOVED_LEFT""]",16,0,0,False,0,,0
r2-1501102,129,1,5,2,5,d134d674abb7b2cee2ade7a71b2073b8f07aa160ccdc043474d12cd6b626b360,False,"[""MOVED_RIGHT""]",18,0,0,False,2,,0
r2-1501102,130,2,5,1,5,d134d674abb7b2cee2ade7a71b2073b8f07aa160ccdc043474d12cd6b626b360,False,"[""MOVED_LEFT""]",16,0,0,False,0,,0
r2-1501102,131,1,5,1,5,d134d674abb7b2cee2ade7a71b2073b8f07aa160ccdc043474d12cd6b626b360,False,"[""BOMB_DROPPED""]",18,0,0,False,2,,0
r2-1501102,132,1,5,1,5,d134d674abb7b2cee2ade7a71b2073b8f07aa160ccdc043474d12cd6b626b360,True,"[""WAITED""]",18,0,0,False,2,,0
r2-1501102,133,1,5,2,5,d134d674abb7b2cee2ade7a71b2073b8f07aa160ccdc043474d12cd6b626b360,True,"[""MOVED_RIGHT""]",18,0,0,False,2,,0
r2-1501102,134,2,5,3,5,d134d674abb7b2cee2ade7a71b2073b8f07aa160ccdc043474d12cd6b626b360,True,"[""MOVED_RIGHT""]",16,0,0,False,0,,0
r2-1501102,135,3,5,3,6,d134d674abb7b2cee2ade7a71b2073b8f07aa160ccdc043474d12cd6b626b360,True,"[""MOVED_DOWN"",""BOMB_EXPLODED"",""CRATE_DESTROYED"",""CRATE_DESTROYED""]",16,0,0,False,0,,0
r2-1501102,136,3,6,3,7,015374bbdbe9deaf615bcf8adfad9a36059dc234bd2b4a601822d0b73f99650b,True,"[""MOVED_DOWN""]",16,0,0,False,0,,0
r2-1501102,137,3,7,3,6,015374bbdbe9deaf615bcf8adfad9a36059dc234bd2b4a601822d0b73f99650b,False,"[""MOVED_UP""]",17,0,0,False,3,,0
r2-1501102,138,3,6,3,7,015374bbdbe9deaf615bcf8adfad9a36059dc234bd2b4a601822d0b73f99650b,False,"[""MOVED_DOWN""]",16,0,0,False,0,,0
r2-1501102,139,3,7,3,7,015374bbdbe9deaf615bcf8adfad9a36059dc234bd2b4a601822d0b73f99650b,False,"[""BOMB_DROPPED""]",17,0,0,False,3,,0
r2-1501102,140,3,7,3,6,015374bbdbe9deaf615bcf8adfad9a36059dc234bd2b4a601822d0b73f99650b,True,"[""MOVED_UP""]",17,0,0,False,3,,0
r2-1501102,141,3,6,3,6,015374bbdbe9deaf615bcf8adfad9a36059dc234bd2b4a601822d0b73f99650b,True,"[""WAITED""]",16,0,0,False,0,,0
r2-1501102,142,3,6,3,5,015374bbdbe9deaf615bcf8adfad9a36059dc234bd2b4a601822d0b73f99650b,True,"[""MOVED_UP""]",16,0,0,False,0,,0
r2-1501102,143,3,5,4,5,015374bbdbe9deaf615bcf8adfad9a36059dc234bd2b4a601822d0b73f99650b,True,"[""MOVED_RIGHT"",""BOMB_EXPLODED"",""CRATE_DESTROYED"",""CRATE_DESTROYED"",""CRATE_DESTROYED"",""COIN_FOUND""]",15,0,0,False,0,,0
r2-1501102,144,4,5,4,5,d70f8a58f51556ec5aace3e4f46f38bc1c207df2d3f0d5d582f5e579139550b8,True,"[""WAITED""]",15,0,0,False,0,,0
r2-1501102,145,4,5,3,5,d70f8a58f51556ec5aace3e4f46f38bc1c207df2d3f0d5d582f5e579139550b8,False,"[""MOVED_LEFT""]",14,0,0,False,0,,0
r2-1501102,146,3,5,2,5,d70f8a58f51556ec5aace3e4f46f38bc1c207df2d3f0d5d582f5e579139550b8,False,"[""MOVED_LEFT""]",15,0,0,False,0,,0
r2-1501102,147,2,5,2,5,d70f8a58f51556ec5aace3e4f46f38bc1c207df2d3f0d5d582f5e579139550b8,False,"[""BOMB_DROPPED""]",16,0,0,False,0,,-0.5
r2-1501102,148,2,5,1,5,d70f8a58f51556ec5aace3e4f46f38bc1c207df2d3f0d5d582f5e579139550b8,True,"[""MOVED_LEFT""]",16,0,0,False,0,,0
r2-1501102,149,1,5,1,6,d70f8a58f51556ec5aace3e4f46f38bc1c207df2d3f0d5d582f5e579139550b8,True,"[""MOVED_DOWN""]",17,0,0,False,0,,0
r2-1501102,150,1,6,1,7,d70f8a58f51556ec5aace3e4f46f38bc1c207df2d3f0d5d582f5e579139550b8,True,"[""MOVED_DOWN""]",19,0,0,False,0,,0
r2-1501102,151,1,7,2,7,d70f8a58f51556ec5aace3e4f46f38bc1c207df2d3f0d5d582f5e579139550b8,True,"[""MOVED_RIGHT"",""COIN_COLLECTED"",""BOMB_EXPLODED""]",19,0,0,False,0,,0
r2-1501102,152,2,7,3,7,37aa57b4afbfd13fa4e87f49ccff22f58acd5bda91bc9afe7f3c07f366aab223,True,"[""MOVED_RIGHT""]",18,0,0,False,0,,0
r2-1501102,153,3,7,3,8,37aa57b4afbfd13fa4e87f49ccff22f58acd5bda91bc9afe7f3c07f366aab223,False,"[""MOVED_DOWN""]",17,0,0,False,0,,0
r2-1501102,154,3,8,3,7,37aa57b4afbfd13fa4e87f49ccff22f58acd5bda91bc9afe7f3c07f366aab223,False,"[""MOVED_UP""]",18,0,0,False,0,,0
r2-1501102,155,3,7,3,8,37aa57b4afbfd13fa4e87f49ccff22f58acd5bda91bc9afe7f3c07f366aab223,False,"[""MOVED_DOWN""]",17,0,0,False,0,,0
r2-1501102,156,3,8,3,7,37aa57b4afbfd13fa4e87f49ccff22f58acd5bda91bc9afe7f3c07f366aab223,False,"[""MOVED_UP""]",18,0,0,False,0,,0
r2-1501102,157,3,7,3,8,37aa57b4afbfd13fa4e87f49ccff22f58acd5bda91bc9afe7f3c07f366aab223,False,"[""MOVED_DOWN""]",17,0,0,False,0,,0
r2-1501102,158,3,8,3,7,37aa57b4afbfd13fa4e87f49ccff22f58acd5bda91bc9afe7f3c07f366aab223,False,"[""MOVED_UP""]",18,0,0,False,0,,0
r2-1501102,159,3,7,3,8,37aa57b4afbfd13fa4e87f49ccff22f58acd5bda91bc9afe7f3c07f366aab223,False,"[""MOVED_DOWN""]",18,0,0,False,0,,0
r2-1501102,160,3,8,3,7,37aa57b4afbfd13fa4e87f49ccff22f58acd5bda91bc9afe7f3c07f366aab223,False,"[""MOVED_UP""]",18,0,0,False,0,,0
r2-1501102,161,3,7,3,8,37aa57b4afbfd13fa4e87f49ccff22f58acd5bda91bc9afe7f3c07f366aab223,False,"[""MOVED_DOWN""]",18,0,0,False,0,,0
r2-1501102,162,3,8,3,7,37aa57b4afbfd13fa4e87f49ccff22f58acd5bda91bc9afe7f3c07f366aab223,False,"[""MOVED_UP""]",19,0,0,False,0,,0
r2-1501102,163,3,7,3,8,37aa57b4afbfd13fa4e87f49ccff22f58acd5bda91bc9afe7f3c07f366aab223,False,"[""MOVED_DOWN""]",17,0,0,False,0,,0
r2-1501102,164,3,8,3,7,37aa57b4afbfd13fa4e87f49ccff22f58acd5bda91bc9afe7f3c07f366aab223,False,"[""MOVED_UP""]",19,0,0,False,0,,0
r2-1501102,165,3,7,3,8,37aa57b4afbfd13fa4e87f49ccff22f58acd5bda91bc9afe7f3c07f366aab223,False,"[""MOVED_DOWN""]",17,0,0,False,0,,0
r2-1501102,166,3,8,3,7,37aa57b4afbfd13fa4e87f49ccff22f58acd5bda91bc9afe7f3c07f366aab223,False,"[""MOVED_UP""]",18,0,0,False,0,,0
r2-1501102,167,3,7,3,8,37aa57b4afbfd13fa4e87f49ccff22f58acd5bda91bc9afe7f3c07f366aab223,False,"[""MOVED_DOWN""]",17,0,0,False,0,,0
r2-1501102,168,3,8,3,7,37aa57b4afbfd13fa4e87f49ccff22f58acd5bda91bc9afe7f3c07f366aab223,False,"[""MOVED_UP""]",18,0,0,False,0,,0
r2-1501102,169,3,7,3,8,37aa57b4afbfd13fa4e87f49ccff22f58acd5bda91bc9afe7f3c07f366aab223,False,"[""MOVED_DOWN""]",18,0,0,False,0,,0
r2-1501102,170,3,8,3,7,37aa57b4afbfd13fa4e87f49ccff22f58acd5bda91bc9afe7f3c07f366aab223,False,"[""MOVED_UP""]",19,0,0,False,0,,0
r2-1501102,171,3,7,3,8,37aa57b4afbfd13fa4e87f49ccff22f58acd5bda91bc9afe7f3c07f366aab223,False,"[""MOVED_DOWN""]",18,0,0,False,0,,0
r2-1501102,172,3,8,3,7,37aa57b4afbfd13fa4e87f49ccff22f58acd5bda91bc9afe7f3c07f366aab223,False,"[""MOVED_UP""]",18,0,0,False,0,,0
r2-1501102,173,3,7,3,8,37aa57b4afbfd13fa4e87f49ccff22f58acd5bda91bc9afe7f3c07f366aab223,False,"[""MOVED_DOWN""]",17,0,0,False,0,,0
r2-1501102,174,3,8,3,7,37aa57b4afbfd13fa4e87f49ccff22f58acd5bda91bc9afe7f3c07f366aab223,False,"[""MOVED_UP""]",18,0,0,False,0,,0
r2-1501102,175,3,7,3,8,37aa57b4afbfd13fa4e87f49ccff22f58acd5bda91bc9afe7f3c07f366aab223,False,"[""MOVED_DOWN""]",17,0,0,False,0,,0
r2-1501102,176,3,8,3,7,37aa57b4afbfd13fa4e87f49ccff22f58acd5bda91bc9afe7f3c07f366aab223,False,"[""MOVED_UP""]",18,0,0,False,0,,0
r2-1501102,177,3,7,3,8,37aa57b4afbfd13fa4e87f49ccff22f58acd5bda91bc9afe7f3c07f366aab223,False,"[""MOVED_DOWN""]",17,0,0,False,0,,0
r2-1501102,178,3,8,3,7,37aa57b4afbfd13fa4e87f49ccff22f58acd5bda91bc9afe7f3c07f366aab223,False,"[""MOVED_UP""]",18,0,0,False,0,,0
r2-1501102,179,3,7,3,8,37aa57b4afbfd13fa4e87f49ccff22f58acd5bda91bc9afe7f3c07f366aab223,False,"[""MOVED_DOWN""]",18,0,0,False,0,,0
r2-1501102,180,3,8,3,7,37aa57b4afbfd13fa4e87f49ccff22f58acd5bda91bc9afe7f3c07f366aab223,False,"[""MOVED_UP""]",19,0,0,False,0,,0
r2-1501102,181,3,7,3,8,37aa57b4afbfd13fa4e87f49ccff22f58acd5bda91bc9afe7f3c07f366aab223,False,"[""MOVED_DOWN""]",17,0,0,False,0,,0
r2-1501102,182,3,8,3,7,37aa57b4afbfd13fa4e87f49ccff22f58acd5bda91bc9afe7f3c07f366aab223,False,"[""MOVED_UP""]",18,0,0,False,0,,0
r2-1501102,183,3,7,3,8,37aa57b4afbfd13fa4e87f49ccff22f58acd5bda91bc9afe7f3c07f366aab223,False,"[""MOVED_DOWN""]",17,0,0,False,0,,0
r2-1501102,184,3,8,3,7,37aa57b4afbfd13fa4e87f49ccff22f58acd5bda91bc9afe7f3c07f366aab223,False,"[""MOVED_UP""]",19,0,0,False,0,,0
r2-1501102,185,3,7,3,8,37aa57b4afbfd13fa4e87f49ccff22f58acd5bda91bc9afe7f3c07f366aab223,False,"[""MOVED_DOWN""]",17,0,0,False,0,,0
r2-1501102,186,3,8,3,7,37aa57b4afbfd13fa4e87f49ccff22f58acd5bda91bc9afe7f3c07f366aab223,False,"[""MOVED_UP""]",18,0,0,False,0,,0
r2-1501102,187,3,7,3,8,37aa57b4afbfd13fa4e87f49ccff22f58acd5bda91bc9afe7f3c07f366aab223,False,"[""MOVED_DOWN""]",17,0,0,False,0,,0
r2-1501102,188,3,8,3,7,37aa57b4afbfd13fa4e87f49ccff22f58acd5bda91bc9afe7f3c07f366aab223,False,"[""MOVED_UP""]",18,0,0,False,0,,0
r2-1501102,189,3,7,3,8,37aa57b4afbfd13fa4e87f49ccff22f58acd5bda91bc9afe7f3c07f366aab223,False,"[""MOVED_DOWN""]",17,0,0,False,0,,0
r2-1501102,190,3,8,3,7,37aa57b4afbfd13fa4e87f49ccff22f58acd5bda91bc9afe7f3c07f366aab223,False,"[""MOVED_UP""]",19,0,0,False,0,,0
r2-1501102,191,3,7,3,8,37aa57b4afbfd13fa4e87f49ccff22f58acd5bda91bc9afe7f3c07f366aab223,False,"[""MOVED_DOWN""]",18,0,0,False,0,,0
r2-1501102,192,3,8,3,7,37aa57b4afbfd13fa4e87f49ccff22f58acd5bda91bc9afe7f3c07f366aab223,False,"[""MOVED_UP""]",18,0,0,False,0,,0
r2-1501102,193,3,7,3,8,37aa57b4afbfd13fa4e87f49ccff22f58acd5bda91bc9afe7f3c07f366aab223,False,"[""MOVED_DOWN""]",18,0,0,False,0,,0
r2-1501102,194,3,8,3,7,37aa57b4afbfd13fa4e87f49ccff22f58acd5bda91bc9afe7f3c07f366aab223,False,"[""MOVED_UP""]",18,0,0,False,0,,0
r2-1501102,195,3,7,3,8,37aa57b4afbfd13fa4e87f49ccff22f58acd5bda91bc9afe7f3c07f366aab223,False,"[""MOVED_DOWN""]",17,0,0,False,0,,0
r2-1501102,196,3,8,3,7,37aa57b4afbfd13fa4e87f49ccff22f58acd5bda91bc9afe7f3c07f366aab223,False,"[""MOVED_UP""]",18,0,0,False,0,,0
r2-1501102,197,3,7,3,8,37aa57b4afbfd13fa4e87f49ccff22f58acd5bda91bc9afe7f3c07f366aab223,False,"[""MOVED_DOWN""]",17,0,0,False,0,,0
r2-1501102,198,3,8,3,7,37aa57b4afbfd13fa4e87f49ccff22f58acd5bda91bc9afe7f3c07f366aab223,False,"[""MOVED_UP""]",18,0,0,False,0,,0
r2-1501102,199,3,7,3,8,37aa57b4afbfd13fa4e87f49ccff22f58acd5bda91bc9afe7f3c07f366aab223,False,"[""MOVED_DOWN""]",18,0,0,False,0,,0
r2-1501102,200,3,8,3,7,37aa57b4afbfd13fa4e87f49ccff22f58acd5bda91bc9afe7f3c07f366aab223,False,"[""MOVED_UP""]",19,0,0,False,0,,0
r2-1501102,201,3,7,3,8,37aa57b4afbfd13fa4e87f49ccff22f58acd5bda91bc9afe7f3c07f366aab223,False,"[""MOVED_DOWN""]",17,0,0,False,0,,0
r2-1501102,202,3,8,3,7,37aa57b4afbfd13fa4e87f49ccff22f58acd5bda91bc9afe7f3c07f366aab223,False,"[""MOVED_UP""]",19,0,0,False,0,,0
r2-1501102,203,3,7,3,8,37aa57b4afbfd13fa4e87f49ccff22f58acd5bda91bc9afe7f3c07f366aab223,False,"[""MOVED_DOWN""]",17,0,0,False,0,,0
r2-1501102,204,3,8,3,7,37aa57b4afbfd13fa4e87f49ccff22f58acd5bda91bc9afe7f3c07f366aab223,False,"[""MOVED_UP""]",18,0,0,False,0,,0
r2-1501102,205,3,7,3,8,37aa57b4afbfd13fa4e87f49ccff22f58acd5bda91bc9afe7f3c07f366aab223,False,"[""MOVED_DOWN""]",17,0,0,False,0,,0
r2-1501102,206,3,8,3,7,37aa57b4afbfd13fa4e87f49ccff22f58acd5bda91bc9afe7f3c07f366aab223,False,"[""MOVED_UP""]",18,0,0,False,0,,0
r2-1501102,207,3,7,3,8,37aa57b4afbfd13fa4e87f49ccff22f58acd5bda91bc9afe7f3c07f366aab223,False,"[""MOVED_DOWN""]",17,0,0,False,0,,0
r2-1501102,208,3,8,3,7,37aa57b4afbfd13fa4e87f49ccff22f58acd5bda91bc9afe7f3c07f366aab223,False,"[""MOVED_UP""]",18,0,0,False,0,,0
r2-1501102,209,3,7,3,8,37aa57b4afbfd13fa4e87f49ccff22f58acd5bda91bc9afe7f3c07f366aab223,False,"[""MOVED_DOWN""]",17,0,0,False,0,,0
r2-1501102,210,3,8,3,7,37aa57b4afbfd13fa4e87f49ccff22f58acd5bda91bc9afe7f3c07f366aab223,False,"[""MOVED_UP""]",19,0,0,False,0,,0
r2-1501102,211,3,7,3,8,37aa57b4afbfd13fa4e87f49ccff22f58acd5bda91bc9afe7f3c07f366aab223,False,"[""MOVED_DOWN""]",18,0,0,False,0,,0
r2-1501102,212,3,8,3,7,37aa57b4afbfd13fa4e87f49ccff22f58acd5bda91bc9afe7f3c07f366aab223,False,"[""MOVED_UP""]",19,0,0,False,0,,0
r2-1501102,213,3,7,3,8,37aa57b4afbfd13fa4e87f49ccff22f58acd5bda91bc9afe7f3c07f366aab223,False,"[""MOVED_DOWN""]",17,0,0,False,0,,0
r2-1501102,214,3,8,3,7,37aa57b4afbfd13fa4e87f49ccff22f58acd5bda91bc9afe7f3c07f366aab223,False,"[""MOVED_UP""]",19,0,0,False,0,,0
r2-1501102,215,3,7,3,8,37aa57b4afbfd13fa4e87f49ccff22f58acd5bda91bc9afe7f3c07f366aab223,False,"[""MOVED_DOWN""]",18,0,0,False,0,,0
r2-1501102,216,3,8,3,7,37aa57b4afbfd13fa4e87f49ccff22f58acd5bda91bc9afe7f3c07f366aab223,False,"[""MOVED_UP""]",19,0,0,False,0,,0
r2-1501102,217,3,7,3,8,37aa57b4afbfd13fa4e87f49ccff22f58acd5bda91bc9afe7f3c07f366aab223,False,"[""MOVED_DOWN""]",17,0,0,False,0,,0
r2-1501102,218,3,8,3,7,37aa57b4afbfd13fa4e87f49ccff22f58acd5bda91bc9afe7f3c07f366aab223,False,"[""MOVED_UP""]",18,0,0,False,0,,0
r2-1501102,219,3,7,3,8,37aa57b4afbfd13fa4e87f49ccff22f58acd5bda91bc9afe7f3c07f366aab223,False,"[""MOVED_DOWN""]",17,0,0,False,0,,0
r2-1501102,220,3,8,3,7,37aa57b4afbfd13fa4e87f49ccff22f58acd5bda91bc9afe7f3c07f366aab223,False,"[""MOVED_UP""]",18,0,0,False,0,,0
r2-1501102,221,3,7,3,8,37aa57b4afbfd13fa4e87f49ccff22f58acd5bda91bc9afe7f3c07f366aab223,False,"[""MOVED_DOWN""]",17,0,0,False,0,,0
r2-1501102,222,3,8,3,7,37aa57b4afbfd13fa4e87f49ccff22f58acd5bda91bc9afe7f3c07f366aab223,False,"[""MOVED_UP""]",19,0,0,False,0,,0
r2-1501102,223,3,7,3,8,37aa57b4afbfd13fa4e87f49ccff22f58acd5bda91bc9afe7f3c07f366aab223,False,"[""MOVED_DOWN""]",18,0,0,False,0,,0
r2-1501102,224,3,8,3,7,37aa57b4afbfd13fa4e87f49ccff22f58acd5bda91bc9afe7f3c07f366aab223,False,"[""MOVED_UP""]",19,0,0,False,0,,0
r2-1501102,225,3,7,3,8,37aa57b4afbfd13fa4e87f49ccff22f58acd5bda91bc9afe7f3c07f366aab223,False,"[""MOVED_DOWN""]",18,0,0,False,0,,0
r2-1501102,226,3,8,3,7,37aa57b4afbfd13fa4e87f49ccff22f58acd5bda91bc9afe7f3c07f366aab223,False,"[""MOVED_UP""]",19,0,0,False,0,,0
r2-1501102,227,3,7,3,8,37aa57b4afbfd13fa4e87f49ccff22f58acd5bda91bc9afe7f3c07f366aab223,False,"[""MOVED_DOWN""]",18,0,0,False,0,,0
r2-1501102,228,3,8,3,7,37aa57b4afbfd13fa4e87f49ccff22f58acd5bda91bc9afe7f3c07f366aab223,False,"[""MOVED_UP""]",18,0,0,False,0,,0
r2-1501102,229,3,7,3,8,37aa57b4afbfd13fa4e87f49ccff22f58acd5bda91bc9afe7f3c07f366aab223,False,"[""MOVED_DOWN""]",18,0,0,False,0,,0
r2-1501102,230,3,8,3,7,37aa57b4afbfd13fa4e87f49ccff22f58acd5bda91bc9afe7f3c07f366aab223,False,"[""MOVED_UP""]",18,0,0,False,0,,0
r2-1501102,231,3,7,3,8,37aa57b4afbfd13fa4e87f49ccff22f58acd5bda91bc9afe7f3c07f366aab223,False,"[""MOVED_DOWN""]",17,0,0,False,0,,0
r2-1501102,232,3,8,3,7,37aa57b4afbfd13fa4e87f49ccff22f58acd5bda91bc9afe7f3c07f366aab223,False,"[""MOVED_UP""]",18,0,0,False,0,,0
r2-1501102,233,3,7,3,8,37aa57b4afbfd13fa4e87f49ccff22f58acd5bda91bc9afe7f3c07f366aab223,False,"[""MOVED_DOWN""]",17,0,0,False,0,,0
r2-1501102,234,3,8,3,7,37aa57b4afbfd13fa4e87f49ccff22f58acd5bda91bc9afe7f3c07f366aab223,False,"[""MOVED_UP""]",19,0,0,False,0,,0
r2-1501102,235,3,7,3,8,37aa57b4afbfd13fa4e87f49ccff22f58acd5bda91bc9afe7f3c07f366aab223,False,"[""MOVED_DOWN""]",18,0,0,False,0,,0
r2-1501102,236,3,8,3,7,37aa57b4afbfd13fa4e87f49ccff22f58acd5bda91bc9afe7f3c07f366aab223,False,"[""MOVED_UP""]",18,0,0,False,0,,0
r2-1501102,237,3,7,3,8,37aa57b4afbfd13fa4e87f49ccff22f58acd5bda91bc9afe7f3c07f366aab223,False,"[""MOVED_DOWN""]",18,0,0,False,0,,0
r2-1501102,238,3,8,3,7,37aa57b4afbfd13fa4e87f49ccff22f58acd5bda91bc9afe7f3c07f366aab223,False,"[""MOVED_UP""]",18,0,0,False,0,,0
r2-1501102,239,3,7,3,8,37aa57b4afbfd13fa4e87f49ccff22f58acd5bda91bc9afe7f3c07f366aab223,False,"[""MOVED_DOWN""]",17,0,0,False,0,,0
r2-1501102,240,3,8,3,7,37aa57b4afbfd13fa4e87f49ccff22f58acd5bda91bc9afe7f3c07f366aab223,False,"[""MOVED_UP""]",18,0,0,False,0,,0
r2-1501102,241,3,7,3,8,37aa57b4afbfd13fa4e87f49ccff22f58acd5bda91bc9afe7f3c07f366aab223,False,"[""MOVED_DOWN""]",17,0,0,False,0,,0
r2-1501102,242,3,8,3,7,37aa57b4afbfd13fa4e87f49ccff22f58acd5bda91bc9afe7f3c07f366aab223,False,"[""MOVED_UP""]",18,0,0,False,0,,0
r2-1501102,243,3,7,3,8,37aa57b4afbfd13fa4e87f49ccff22f58acd5bda91bc9afe7f3c07f366aab223,False,"[""MOVED_DOWN""]",17,0,0,False,0,,0
r2-1501102,244,3,8,3,7,37aa57b4afbfd13fa4e87f49ccff22f58acd5bda91bc9afe7f3c07f366aab223,False,"[""MOVED_UP""]",18,0,0,False,0,,0
r2-1501102,245,3,7,3,8,37aa57b4afbfd13fa4e87f49ccff22f58acd5bda91bc9afe7f3c07f366aab223,False,"[""MOVED_DOWN""]",18,0,0,False,0,,0
r2-1501102,246,3,8,3,7,37aa57b4afbfd13fa4e87f49ccff22f58acd5bda91bc9afe7f3c07f366aab223,False,"[""MOVED_UP""]",19,0,0,False,0,,0
r2-1501102,247,3,7,3,8,37aa57b4afbfd13fa4e87f49ccff22f58acd5bda91bc9afe7f3c07f366aab223,False,"[""MOVED_DOWN""]",18,0,0,False,0,,0
r2-1501102,248,3,8,3,7,37aa57b4afbfd13fa4e87f49ccff22f58acd5bda91bc9afe7f3c07f366aab223,False,"[""MOVED_UP""]",18,0,0,False,0,,0
r2-1501102,249,3,7,3,8,37aa57b4afbfd13fa4e87f49ccff22f58acd5bda91bc9afe7f3c07f366aab223,False,"[""MOVED_DOWN""]",17,0,0,False,0,,0
r2-1501102,250,3,8,3,7,37aa57b4afbfd13fa4e87f49ccff22f58acd5bda91bc9afe7f3c07f366aab223,False,"[""MOVED_UP""]",18,0,0,False,0,,0
r2-1501102,251,3,7,3,8,37aa57b4afbfd13fa4e87f49ccff22f58acd5bda91bc9afe7f3c07f366aab223,False,"[""MOVED_DOWN""]",17,0,0,False,0,,0
r2-1501102,252,3,8,3,7,37aa57b4afbfd13fa4e87f49ccff22f58acd5bda91bc9afe7f3c07f366aab223,False,"[""MOVED_UP""]",19,0,0,False,0,,0
r2-1501102,253,3,7,3,8,37aa57b4afbfd13fa4e87f49ccff22f58acd5bda91bc9afe7f3c07f366aab223,False,"[""MOVED_DOWN""]",18,0,0,False,0,,0
r2-1501102,254,3,8,3,7,37aa57b4afbfd13fa4e87f49ccff22f58acd5bda91bc9afe7f3c07f366aab223,False,"[""MOVED_UP""]",18,0,0,False,0,,0
r2-1501102,255,3,7,3,8,37aa57b4afbfd13fa4e87f49ccff22f58acd5bda91bc9afe7f3c07f366aab223,False,"[""MOVED_DOWN""]",18,0,0,False,0,,0
r2-1501102,256,3,8,3,7,37aa57b4afbfd13fa4e87f49ccff22f58acd5bda91bc9afe7f3c07f366aab223,False,"[""MOVED_UP""]",18,0,0,False,0,,0
r2-1501102,257,3,7,3,8,37aa57b4afbfd13fa4e87f49ccff22f58acd5bda91bc9afe7f3c07f366aab223,False,"[""MOVED_DOWN""]",18,0,0,False,0,,0
r2-1501102,258,3,8,3,7,37aa57b4afbfd13fa4e87f49ccff22f58acd5bda91bc9afe7f3c07f366aab223,False,"[""MOVED_UP""]",18,0,0,False,0,,0
r2-1501102,259,3,7,3,8,37aa57b4afbfd13fa4e87f49ccff22f58acd5bda91bc9afe7f3c07f366aab223,False,"[""MOVED_DOWN""]",17,0,0,False,0,,0
r2-1501102,260,3,8,3,7,37aa57b4afbfd13fa4e87f49ccff22f58acd5bda91bc9afe7f3c07f366aab223,False,"[""MOVED_UP""]",18,0,0,False,0,,0
r2-1501102,261,3,7,3,8,37aa57b4afbfd13fa4e87f49ccff22f58acd5bda91bc9afe7f3c07f366aab223,False,"[""MOVED_DOWN""]",17,0,0,False,0,,0
r2-1501102,262,3,8,3,7,37aa57b4afbfd13fa4e87f49ccff22f58acd5bda91bc9afe7f3c07f366aab223,False,"[""MOVED_UP""]",18,0,0,False,0,,0
r2-1501102,263,3,7,3,8,37aa57b4afbfd13fa4e87f49ccff22f58acd5bda91bc9afe7f3c07f366aab223,False,"[""MOVED_DOWN""]",17,0,0,False,0,,0
r2-1501102,264,3,8,3,7,37aa57b4afbfd13fa4e87f49ccff22f58acd5bda91bc9afe7f3c07f366aab223,False,"[""MOVED_UP""]",18,0,0,False,0,,0
r2-1501102,265,3,7,3,8,37aa57b4afbfd13fa4e87f49ccff22f58acd5bda91bc9afe7f3c07f366aab223,False,"[""MOVED_DOWN""]",18,0,0,False,0,,0
r2-1501102,266,3,8,3,7,37aa57b4afbfd13fa4e87f49ccff22f58acd5bda91bc9afe7f3c07f366aab223,False,"[""MOVED_UP""]",19,0,0,False,0,,0
r2-1501102,267,3,7,3,8,37aa57b4afbfd13fa4e87f49ccff22f58acd5bda91bc9afe7f3c07f366aab223,False,"[""MOVED_DOWN""]",18,0,0,False,0,,0
r2-1501102,268,3,8,3,7,37aa57b4afbfd13fa4e87f49ccff22f58acd5bda91bc9afe7f3c07f366aab223,False,"[""MOVED_UP""]",18,0,0,False,0,,0
r2-1501102,269,3,7,3,8,37aa57b4afbfd13fa4e87f49ccff22f58acd5bda91bc9afe7f3c07f366aab223,False,"[""MOVED_DOWN""]",17,0,0,False,0,,0
r2-1501102,270,3,8,3,7,37aa57b4afbfd13fa4e87f49ccff22f58acd5bda91bc9afe7f3c07f366aab223,False,"[""MOVED_UP""]",18,0,0,False,0,,0
r2-1501102,271,3,7,3,8,37aa57b4afbfd13fa4e87f49ccff22f58acd5bda91bc9afe7f3c07f366aab223,False,"[""MOVED_DOWN""]",18,0,0,False,0,,0
r2-1501102,272,3,8,3,7,37aa57b4afbfd13fa4e87f49ccff22f58acd5bda91bc9afe7f3c07f366aab223,False,"[""MOVED_UP""]",18,0,0,False,0,,0
r2-1501102,273,3,7,3,8,37aa57b4afbfd13fa4e87f49ccff22f58acd5bda91bc9afe7f3c07f366aab223,False,"[""MOVED_DOWN""]",17,0,0,False,0,,0
r2-1501102,274,3,8,3,7,37aa57b4afbfd13fa4e87f49ccff22f58acd5bda91bc9afe7f3c07f366aab223,False,"[""MOVED_UP""]",18,0,0,False,0,,0
r2-1501102,275,3,7,3,8,37aa57b4afbfd13fa4e87f49ccff22f58acd5bda91bc9afe7f3c07f366aab223,False,"[""MOVED_DOWN""]",17,0,0,False,0,,0
r2-1501102,276,3,8,3,7,37aa57b4afbfd13fa4e87f49ccff22f58acd5bda91bc9afe7f3c07f366aab223,False,"[""MOVED_UP""]",18,0,0,False,0,,0
r2-1501102,277,3,7,3,8,37aa57b4afbfd13fa4e87f49ccff22f58acd5bda91bc9afe7f3c07f366aab223,False,"[""MOVED_DOWN""]",17,0,0,False,0,,0
r2-1501102,278,3,8,3,7,37aa57b4afbfd13fa4e87f49ccff22f58acd5bda91bc9afe7f3c07f366aab223,False,"[""MOVED_UP""]",18,0,0,False,0,,0
r2-1501102,279,3,7,3,8,37aa57b4afbfd13fa4e87f49ccff22f58acd5bda91bc9afe7f3c07f366aab223,False,"[""MOVED_DOWN""]",17,0,0,False,0,,0
r2-1501102,280,3,8,3,7,37aa57b4afbfd13fa4e87f49ccff22f58acd5bda91bc9afe7f3c07f366aab223,False,"[""MOVED_UP""]",18,0,0,False,0,,0
r2-1501102,281,3,7,3,8,37aa57b4afbfd13fa4e87f49ccff22f58acd5bda91bc9afe7f3c07f366aab223,False,"[""MOVED_DOWN""]",17,0,0,False,0,,0
r2-1501102,282,3,8,3,7,37aa57b4afbfd13fa4e87f49ccff22f58acd5bda91bc9afe7f3c07f366aab223,False,"[""MOVED_UP""]",18,0,0,False,0,,0
r2-1501102,283,3,7,3,8,37aa57b4afbfd13fa4e87f49ccff22f58acd5bda91bc9afe7f3c07f366aab223,False,"[""MOVED_DOWN""]",17,0,0,False,0,,0
r2-1501102,284,3,8,3,7,37aa57b4afbfd13fa4e87f49ccff22f58acd5bda91bc9afe7f3c07f366aab223,False,"[""MOVED_UP""]",18,0,0,False,0,,0
r2-1501102,285,3,7,3,8,37aa57b4afbfd13fa4e87f49ccff22f58acd5bda91bc9afe7f3c07f366aab223,False,"[""MOVED_DOWN""]",18,0,0,False,0,,0
r2-1501102,286,3,8,3,7,37aa57b4afbfd13fa4e87f49ccff22f58acd5bda91bc9afe7f3c07f366aab223,False,"[""MOVED_UP""]",18,0,0,False,0,,0
r2-1501102,287,3,7,3,8,37aa57b4afbfd13fa4e87f49ccff22f58acd5bda91bc9afe7f3c07f366aab223,False,"[""MOVED_DOWN""]",18,0,0,False,0,,0
r2-1501102,288,3,8,3,7,37aa57b4afbfd13fa4e87f49ccff22f58acd5bda91bc9afe7f3c07f366aab223,False,"[""MOVED_UP""]",19,0,0,False,0,,0
r2-1501102,289,3,7,3,8,37aa57b4afbfd13fa4e87f49ccff22f58acd5bda91bc9afe7f3c07f366aab223,False,"[""MOVED_DOWN""]",17,0,0,False,0,,0
r2-1501102,290,3,8,3,7,37aa57b4afbfd13fa4e87f49ccff22f58acd5bda91bc9afe7f3c07f366aab223,False,"[""MOVED_UP""]",18,0,0,False,0,,0
r2-1501102,291,3,7,3,8,37aa57b4afbfd13fa4e87f49ccff22f58acd5bda91bc9afe7f3c07f366aab223,False,"[""MOVED_DOWN""]",18,0,0,False,0,,0
r2-1501102,292,3,8,3,7,37aa57b4afbfd13fa4e87f49ccff22f58acd5bda91bc9afe7f3c07f366aab223,False,"[""MOVED_UP""]",19,0,0,False,0,,0
r2-1501102,293,3,7,3,8,37aa57b4afbfd13fa4e87f49ccff22f58acd5bda91bc9afe7f3c07f366aab223,False,"[""MOVED_DOWN""]",17,0,0,False,0,,0
r2-1501102,294,3,8,3,7,37aa57b4afbfd13fa4e87f49ccff22f58acd5bda91bc9afe7f3c07f366aab223,False,"[""MOVED_UP""]",19,0,0,False,0,,0
r2-1501102,295,3,7,3,8,37aa57b4afbfd13fa4e87f49ccff22f58acd5bda91bc9afe7f3c07f366aab223,False,"[""MOVED_DOWN""]",18,0,0,False,0,,0
r2-1501102,296,3,8,3,7,37aa57b4afbfd13fa4e87f49ccff22f58acd5bda91bc9afe7f3c07f366aab223,False,"[""MOVED_UP""]",19,0,0,False,0,,0
r2-1501102,297,3,7,3,8,37aa57b4afbfd13fa4e87f49ccff22f58acd5bda91bc9afe7f3c07f366aab223,False,"[""MOVED_DOWN""]",18,0,0,False,0,,0
r2-1501102,298,3,8,3,7,37aa57b4afbfd13fa4e87f49ccff22f58acd5bda91bc9afe7f3c07f366aab223,False,"[""MOVED_UP""]",19,0,0,False,0,,0
r2-1501102,299,3,7,3,8,37aa57b4afbfd13fa4e87f49ccff22f58acd5bda91bc9afe7f3c07f366aab223,False,"[""MOVED_DOWN""]",18,0,0,False,0,,0
r2-1501102,300,3,8,3,7,37aa57b4afbfd13fa4e87f49ccff22f58acd5bda91bc9afe7f3c07f366aab223,False,"[""MOVED_UP""]",19,0,0,False,0,,0
r2-1501102,301,3,7,3,8,37aa57b4afbfd13fa4e87f49ccff22f58acd5bda91bc9afe7f3c07f366aab223,False,"[""MOVED_DOWN""]",17,0,0,False,0,,0
r2-1501102,302,3,8,3,7,37aa57b4afbfd13fa4e87f49ccff22f58acd5bda91bc9afe7f3c07f366aab223,False,"[""MOVED_UP""]",18,0,0,False,0,,0
r2-1501102,303,3,7,3,8,37aa57b4afbfd13fa4e87f49ccff22f58acd5bda91bc9afe7f3c07f366aab223,False,"[""MOVED_DOWN""]",17,0,0,False,0,,0
r2-1501102,304,3,8,3,7,37aa57b4afbfd13fa4e87f49ccff22f58acd5bda91bc9afe7f3c07f366aab223,False,"[""MOVED_UP""]",18,0,0,False,0,,0
r2-1501102,305,3,7,3,8,37aa57b4afbfd13fa4e87f49ccff22f58acd5bda91bc9afe7f3c07f366aab223,False,"[""MOVED_DOWN""]",18,0,0,False,0,,0
r2-1501102,306,3,8,3,7,37aa57b4afbfd13fa4e87f49ccff22f58acd5bda91bc9afe7f3c07f366aab223,False,"[""MOVED_UP""]",19,0,0,False,0,,0
r2-1501102,307,3,7,3,8,37aa57b4afbfd13fa4e87f49ccff22f58acd5bda91bc9afe7f3c07f366aab223,False,"[""MOVED_DOWN""]",18,0,0,False,0,,0
r2-1501102,308,3,8,3,7,37aa57b4afbfd13fa4e87f49ccff22f58acd5bda91bc9afe7f3c07f366aab223,False,"[""MOVED_UP""]",18,0,0,False,0,,0
r2-1501102,309,3,7,3,8,37aa57b4afbfd13fa4e87f49ccff22f58acd5bda91bc9afe7f3c07f366aab223,False,"[""MOVED_DOWN""]",17,0,0,False,0,,0
r2-1501102,310,3,8,3,7,37aa57b4afbfd13fa4e87f49ccff22f58acd5bda91bc9afe7f3c07f366aab223,False,"[""MOVED_UP""]",18,0,0,False,0,,0
r2-1501102,311,3,7,3,8,37aa57b4afbfd13fa4e87f49ccff22f58acd5bda91bc9afe7f3c07f366aab223,False,"[""MOVED_DOWN""]",17,0,0,False,0,,0
r2-1501102,312,3,8,3,7,37aa57b4afbfd13fa4e87f49ccff22f58acd5bda91bc9afe7f3c07f366aab223,False,"[""MOVED_UP""]",18,0,0,False,0,,0
r2-1501102,313,3,7,3,8,37aa57b4afbfd13fa4e87f49ccff22f58acd5bda91bc9afe7f3c07f366aab223,False,"[""MOVED_DOWN""]",17,0,0,False,0,,0
r2-1501102,314,3,8,3,7,37aa57b4afbfd13fa4e87f49ccff22f58acd5bda91bc9afe7f3c07f366aab223,False,"[""MOVED_UP""]",19,0,0,False,0,,0
r2-1501102,315,3,7,3,8,37aa57b4afbfd13fa4e87f49ccff22f58acd5bda91bc9afe7f3c07f366aab223,False,"[""MOVED_DOWN""]",17,0,0,False,0,,0
r2-1501102,316,3,8,3,7,37aa57b4afbfd13fa4e87f49ccff22f58acd5bda91bc9afe7f3c07f366aab223,False,"[""MOVED_UP""]",18,0,0,False,0,,0
r2-1501102,317,3,7,3,8,37aa57b4afbfd13fa4e87f49ccff22f58acd5bda91bc9afe7f3c07f366aab223,False,"[""MOVED_DOWN""]",17,0,0,False,0,,0
r2-1501102,318,3,8,3,7,37aa57b4afbfd13fa4e87f49ccff22f58acd5bda91bc9afe7f3c07f366aab223,False,"[""MOVED_UP""]",19,0,0,False,0,,0
r2-1501102,319,3,7,3,8,37aa57b4afbfd13fa4e87f49ccff22f58acd5bda91bc9afe7f3c07f366aab223,False,"[""MOVED_DOWN""]",18,0,0,False,0,,0
r2-1501102,320,3,8,3,7,37aa57b4afbfd13fa4e87f49ccff22f58acd5bda91bc9afe7f3c07f366aab223,False,"[""MOVED_UP""]",18,0,0,False,0,,0
r2-1501102,321,3,7,3,8,37aa57b4afbfd13fa4e87f49ccff22f58acd5bda91bc9afe7f3c07f366aab223,False,"[""MOVED_DOWN""]",17,0,0,False,0,,0
r2-1501102,322,3,8,3,7,37aa57b4afbfd13fa4e87f49ccff22f58acd5bda91bc9afe7f3c07f366aab223,False,"[""MOVED_UP""]",18,0,0,False,0,,0
r2-1501102,323,3,7,3,8,37aa57b4afbfd13fa4e87f49ccff22f58acd5bda91bc9afe7f3c07f366aab223,False,"[""MOVED_DOWN""]",17,0,0,False,0,,0
r2-1501102,324,3,8,3,7,37aa57b4afbfd13fa4e87f49ccff22f58acd5bda91bc9afe7f3c07f366aab223,False,"[""MOVED_UP""]",18,0,0,False,0,,0
r2-1501102,325,3,7,3,8,37aa57b4afbfd13fa4e87f49ccff22f58acd5bda91bc9afe7f3c07f366aab223,False,"[""MOVED_DOWN""]",17,0,0,False,0,,0
r2-1501102,326,3,8,3,7,37aa57b4afbfd13fa4e87f49ccff22f58acd5bda91bc9afe7f3c07f366aab223,False,"[""MOVED_UP""]",18,0,0,False,0,,0
r2-1501102,327,3,7,3,8,37aa57b4afbfd13fa4e87f49ccff22f58acd5bda91bc9afe7f3c07f366aab223,False,"[""MOVED_DOWN""]",18,0,0,False,0,,0
r2-1501102,328,3,8,3,7,37aa57b4afbfd13fa4e87f49ccff22f58acd5bda91bc9afe7f3c07f366aab223,False,"[""MOVED_UP""]",18,0,0,False,0,,0
r2-1501102,329,3,7,3,8,37aa57b4afbfd13fa4e87f49ccff22f58acd5bda91bc9afe7f3c07f366aab223,False,"[""MOVED_DOWN""]",17,0,0,False,0,,0
r2-1501102,330,3,8,3,7,37aa57b4afbfd13fa4e87f49ccff22f58acd5bda91bc9afe7f3c07f366aab223,False,"[""MOVED_UP""]",18,0,0,False,0,,0
r2-1501102,331,3,7,3,8,37aa57b4afbfd13fa4e87f49ccff22f58acd5bda91bc9afe7f3c07f366aab223,False,"[""MOVED_DOWN""]",17,0,0,False,0,,0
r2-1501102,332,3,8,3,7,37aa57b4afbfd13fa4e87f49ccff22f58acd5bda91bc9afe7f3c07f366aab223,False,"[""MOVED_UP""]",18,0,0,False,0,,0
r2-1501102,333,3,7,3,8,37aa57b4afbfd13fa4e87f49ccff22f58acd5bda91bc9afe7f3c07f366aab223,False,"[""MOVED_DOWN""]",17,0,0,False,0,,0
r2-1501102,334,3,8,3,7,37aa57b4afbfd13fa4e87f49ccff22f58acd5bda91bc9afe7f3c07f366aab223,False,"[""MOVED_UP""]",18,0,0,False,0,,0
r2-1501102,335,3,7,3,8,37aa57b4afbfd13fa4e87f49ccff22f58acd5bda91bc9afe7f3c07f366aab223,False,"[""MOVED_DOWN""]",17,0,0,False,0,,0
r2-1501102,336,3,8,3,7,37aa57b4afbfd13fa4e87f49ccff22f58acd5bda91bc9afe7f3c07f366aab223,False,"[""MOVED_UP""]",18,0,0,False,0,,0
r2-1501102,337,3,7,3,8,37aa57b4afbfd13fa4e87f49ccff22f58acd5bda91bc9afe7f3c07f366aab223,False,"[""MOVED_DOWN""]",17,0,0,False,0,,0
r2-1501102,338,3,8,3,7,37aa57b4afbfd13fa4e87f49ccff22f58acd5bda91bc9afe7f3c07f366aab223,False,"[""MOVED_UP""]",18,0,0,False,0,,0
r2-1501102,339,3,7,3,8,37aa57b4afbfd13fa4e87f49ccff22f58acd5bda91bc9afe7f3c07f366aab223,False,"[""MOVED_DOWN""]",18,0,0,False,0,,0
r2-1501102,340,3,8,3,7,37aa57b4afbfd13fa4e87f49ccff22f58acd5bda91bc9afe7f3c07f366aab223,False,"[""MOVED_UP""]",18,0,0,False,0,,0
r2-1501102,341,3,7,3,8,37aa57b4afbfd13fa4e87f49ccff22f58acd5bda91bc9afe7f3c07f366aab223,False,"[""MOVED_DOWN""]",17,0,0,False,0,,0
r2-1501102,342,3,8,3,7,37aa57b4afbfd13fa4e87f49ccff22f58acd5bda91bc9afe7f3c07f366aab223,False,"[""MOVED_UP""]",18,0,0,False,0,,0
r2-1501102,343,3,7,3,8,37aa57b4afbfd13fa4e87f49ccff22f58acd5bda91bc9afe7f3c07f366aab223,False,"[""MOVED_DOWN""]",17,0,0,False,0,,0
r2-1501102,344,3,8,3,7,37aa57b4afbfd13fa4e87f49ccff22f58acd5bda91bc9afe7f3c07f366aab223,False,"[""MOVED_UP""]",19,0,0,False,0,,0
r2-1501102,345,3,7,3,8,37aa57b4afbfd13fa4e87f49ccff22f58acd5bda91bc9afe7f3c07f366aab223,False,"[""MOVED_DOWN""]",17,0,0,False,0,,0
r2-1501102,346,3,8,3,7,37aa57b4afbfd13fa4e87f49ccff22f58acd5bda91bc9afe7f3c07f366aab223,False,"[""MOVED_UP""]",18,0,0,False,0,,0
r2-1501102,347,3,7,3,8,37aa57b4afbfd13fa4e87f49ccff22f58acd5bda91bc9afe7f3c07f366aab223,False,"[""MOVED_DOWN""]",17,0,0,False,0,,0
r2-1501102,348,3,8,3,7,37aa57b4afbfd13fa4e87f49ccff22f58acd5bda91bc9afe7f3c07f366aab223,False,"[""MOVED_UP""]",18,0,0,False,0,,0
r2-1501102,349,3,7,3,8,37aa57b4afbfd13fa4e87f49ccff22f58acd5bda91bc9afe7f3c07f366aab223,False,"[""MOVED_DOWN""]",17,0,0,False,0,,0
r2-1501102,350,3,8,3,7,37aa57b4afbfd13fa4e87f49ccff22f58acd5bda91bc9afe7f3c07f366aab223,False,"[""MOVED_UP""]",19,0,0,False,0,,0
r2-1501102,351,3,7,3,8,37aa57b4afbfd13fa4e87f49ccff22f58acd5bda91bc9afe7f3c07f366aab223,False,"[""MOVED_DOWN""]",18,0,0,False,0,,0
r2-1501102,352,3,8,3,7,37aa57b4afbfd13fa4e87f49ccff22f58acd5bda91bc9afe7f3c07f366aab223,False,"[""MOVED_UP""]",19,0,0,False,0,,0
r2-1501102,353,3,7,3,8,37aa57b4afbfd13fa4e87f49ccff22f58acd5bda91bc9afe7f3c07f366aab223,False,"[""MOVED_DOWN""]",17,0,0,False,0,,0
r2-1501102,354,3,8,3,7,37aa57b4afbfd13fa4e87f49ccff22f58acd5bda91bc9afe7f3c07f366aab223,False,"[""MOVED_UP""]",19,0,0,False,0,,0
r2-1501102,355,3,7,3,8,37aa57b4afbfd13fa4e87f49ccff22f58acd5bda91bc9afe7f3c07f366aab223,False,"[""MOVED_DOWN""]",17,0,0,False,0,,0
r2-1501102,356,3,8,3,7,37aa57b4afbfd13fa4e87f49ccff22f58acd5bda91bc9afe7f3c07f366aab223,False,"[""MOVED_UP""]",18,0,0,False,0,,0
r2-1501102,357,3,7,3,8,37aa57b4afbfd13fa4e87f49ccff22f58acd5bda91bc9afe7f3c07f366aab223,False,"[""MOVED_DOWN""]",17,0,0,False,0,,0
r2-1501102,358,3,8,3,7,37aa57b4afbfd13fa4e87f49ccff22f58acd5bda91bc9afe7f3c07f366aab223,False,"[""MOVED_UP""]",19,0,0,False,0,,0
r2-1501102,359,3,7,3,8,37aa57b4afbfd13fa4e87f49ccff22f58acd5bda91bc9afe7f3c07f366aab223,False,"[""MOVED_DOWN""]",17,0,0,False,0,,0
r2-1501102,360,3,8,3,7,37aa57b4afbfd13fa4e87f49ccff22f58acd5bda91bc9afe7f3c07f366aab223,False,"[""MOVED_UP""]",19,0,0,False,0,,0
r2-1501102,361,3,7,3,8,37aa57b4afbfd13fa4e87f49ccff22f58acd5bda91bc9afe7f3c07f366aab223,False,"[""MOVED_DOWN""]",17,0,0,False,0,,0
r2-1501102,362,3,8,3,7,37aa57b4afbfd13fa4e87f49ccff22f58acd5bda91bc9afe7f3c07f366aab223,False,"[""MOVED_UP""]",18,0,0,False,0,,0
r2-1501102,363,3,7,3,8,37aa57b4afbfd13fa4e87f49ccff22f58acd5bda91bc9afe7f3c07f366aab223,False,"[""MOVED_DOWN""]",17,0,0,False,0,,0
r2-1501102,364,3,8,3,7,37aa57b4afbfd13fa4e87f49ccff22f58acd5bda91bc9afe7f3c07f366aab223,False,"[""MOVED_UP""]",18,0,0,False,0,,0
r2-1501102,365,3,7,3,8,37aa57b4afbfd13fa4e87f49ccff22f58acd5bda91bc9afe7f3c07f366aab223,False,"[""MOVED_DOWN""]",17,0,0,False,0,,0
r2-1501102,366,3,8,3,7,37aa57b4afbfd13fa4e87f49ccff22f58acd5bda91bc9afe7f3c07f366aab223,False,"[""MOVED_UP""]",18,0,0,False,0,,0
r2-1501102,367,3,7,3,8,37aa57b4afbfd13fa4e87f49ccff22f58acd5bda91bc9afe7f3c07f366aab223,False,"[""MOVED_DOWN""]",17,0,0,False,0,,0
r2-1501102,368,3,8,3,7,37aa57b4afbfd13fa4e87f49ccff22f58acd5bda91bc9afe7f3c07f366aab223,False,"[""MOVED_UP""]",18,0,0,False,0,,0
r2-1501102,369,3,7,3,8,37aa57b4afbfd13fa4e87f49ccff22f58acd5bda91bc9afe7f3c07f366aab223,False,"[""MOVED_DOWN""]",18,0,0,False,0,,0
r2-1501102,370,3,8,3,7,37aa57b4afbfd13fa4e87f49ccff22f58acd5bda91bc9afe7f3c07f366aab223,False,"[""MOVED_UP""]",18,0,0,False,0,,0
r2-1501102,371,3,7,3,8,37aa57b4afbfd13fa4e87f49ccff22f58acd5bda91bc9afe7f3c07f366aab223,False,"[""MOVED_DOWN""]",17,0,0,False,0,,0
r2-1501102,372,3,8,3,7,37aa57b4afbfd13fa4e87f49ccff22f58acd5bda91bc9afe7f3c07f366aab223,False,"[""MOVED_UP""]",18,0,0,False,0,,0
r2-1501102,373,3,7,3,8,37aa57b4afbfd13fa4e87f49ccff22f58acd5bda91bc9afe7f3c07f366aab223,False,"[""MOVED_DOWN""]",17,0,0,False,0,,0
r2-1501102,374,3,8,3,7,37aa57b4afbfd13fa4e87f49ccff22f58acd5bda91bc9afe7f3c07f366aab223,False,"[""MOVED_UP""]",19,0,0,False,0,,0
r2-1501102,375,3,7,3,8,37aa57b4afbfd13fa4e87f49ccff22f58acd5bda91bc9afe7f3c07f366aab223,False,"[""MOVED_DOWN""]",18,0,0,False,0,,0
r2-1501102,376,3,8,3,7,37aa57b4afbfd13fa4e87f49ccff22f58acd5bda91bc9afe7f3c07f366aab223,False,"[""MOVED_UP""]",19,0,0,False,0,,0
r2-1501102,377,3,7,3,8,37aa57b4afbfd13fa4e87f49ccff22f58acd5bda91bc9afe7f3c07f366aab223,False,"[""MOVED_DOWN""]",17,0,0,False,0,,0
r2-1501102,378,3,8,3,7,37aa57b4afbfd13fa4e87f49ccff22f58acd5bda91bc9afe7f3c07f366aab223,False,"[""MOVED_UP""]",19,0,0,False,0,,0
r2-1501102,379,3,7,3,8,37aa57b4afbfd13fa4e87f49ccff22f58acd5bda91bc9afe7f3c07f366aab223,False,"[""MOVED_DOWN""]",17,0,0,False,0,,0
r2-1501102,380,3,8,3,7,37aa57b4afbfd13fa4e87f49ccff22f58acd5bda91bc9afe7f3c07f366aab223,False,"[""MOVED_UP""]",19,0,0,False,0,,0
r2-1501102,381,3,7,3,8,37aa57b4afbfd13fa4e87f49ccff22f58acd5bda91bc9afe7f3c07f366aab223,False,"[""MOVED_DOWN""]",18,0,0,False,0,,0
r2-1501102,382,3,8,3,7,37aa57b4afbfd13fa4e87f49ccff22f58acd5bda91bc9afe7f3c07f366aab223,False,"[""MOVED_UP""]",18,0,0,False,0,,0
r2-1501102,383,3,7,3,8,37aa57b4afbfd13fa4e87f49ccff22f58acd5bda91bc9afe7f3c07f366aab223,False,"[""MOVED_DOWN""]",17,0,0,False,0,,0
r2-1501102,384,3,8,3,7,37aa57b4afbfd13fa4e87f49ccff22f58acd5bda91bc9afe7f3c07f366aab223,False,"[""MOVED_UP""]",18,0,0,False,0,,0
r2-1501102,385,3,7,3,8,37aa57b4afbfd13fa4e87f49ccff22f58acd5bda91bc9afe7f3c07f366aab223,False,"[""MOVED_DOWN""]",18,0,0,False,0,,0
r2-1501102,386,3,8,3,7,37aa57b4afbfd13fa4e87f49ccff22f58acd5bda91bc9afe7f3c07f366aab223,False,"[""MOVED_UP""]",19,0,0,False,0,,0
r2-1501102,387,3,7,3,8,37aa57b4afbfd13fa4e87f49ccff22f58acd5bda91bc9afe7f3c07f366aab223,False,"[""MOVED_DOWN""]",17,0,0,False,0,,0
r2-1501102,388,3,8,3,7,37aa57b4afbfd13fa4e87f49ccff22f58acd5bda91bc9afe7f3c07f366aab223,False,"[""MOVED_UP""]",18,0,0,False,0,,0
r2-1501102,389,3,7,3,8,37aa57b4afbfd13fa4e87f49ccff22f58acd5bda91bc9afe7f3c07f366aab223,False,"[""MOVED_DOWN""]",18,0,0,False,0,,0
r2-1501102,390,3,8,3,7,37aa57b4afbfd13fa4e87f49ccff22f58acd5bda91bc9afe7f3c07f366aab223,False,"[""MOVED_UP""]",18,0,0,False,0,,0
r2-1501102,391,3,7,3,8,37aa57b4afbfd13fa4e87f49ccff22f58acd5bda91bc9afe7f3c07f366aab223,False,"[""MOVED_DOWN""]",17,0,0,False,0,,0
r2-1501102,392,3,8,3,7,37aa57b4afbfd13fa4e87f49ccff22f58acd5bda91bc9afe7f3c07f366aab223,False,"[""MOVED_UP""]",18,0,0,False,0,,0
r2-1501102,393,3,7,3,8,37aa57b4afbfd13fa4e87f49ccff22f58acd5bda91bc9afe7f3c07f366aab223,False,"[""MOVED_DOWN""]",17,0,0,False,0,,0
r2-1501102,394,3,8,3,7,37aa57b4afbfd13fa4e87f49ccff22f58acd5bda91bc9afe7f3c07f366aab223,False,"[""MOVED_UP""]",18,0,0,False,0,,0
r2-1501102,395,3,7,3,8,37aa57b4afbfd13fa4e87f49ccff22f58acd5bda91bc9afe7f3c07f366aab223,False,"[""MOVED_DOWN""]",17,0,0,False,0,,0
r2-1501102,396,3,8,3,7,37aa57b4afbfd13fa4e87f49ccff22f58acd5bda91bc9afe7f3c07f366aab223,False,"[""MOVED_UP""]",18,0,0,False,0,,0
r2-1501102,397,3,7,3,8,37aa57b4afbfd13fa4e87f49ccff22f58acd5bda91bc9afe7f3c07f366aab223,False,"[""MOVED_DOWN""]",17,0,0,False,0,,0
r2-1501102,398,3,8,3,7,37aa57b4afbfd13fa4e87f49ccff22f58acd5bda91bc9afe7f3c07f366aab223,False,"[""MOVED_UP""]",19,0,0,False,0,,0
r2-1501102,399,3,7,3,8,37aa57b4afbfd13fa4e87f49ccff22f58acd5bda91bc9afe7f3c07f366aab223,False,"[""MOVED_DOWN""]",17,0,0,False,0,,0
r2-1501102,400,3,8,3,7,37aa57b4afbfd13fa4e87f49ccff22f58acd5bda91bc9afe7f3c07f366aab223,False,"[""MOVED_UP"",""SURVIVED_ROUND""]",18,0,0,False,0,,0
r2-1501201,1,15,1,14,1,f16d577a06449246a7bdbb810137957e15deb681956ab02bffc517ac79944fed,False,"[""MOVED_LEFT""]",,0,0,False,3,,0
r2-1501201,2,14,1,14,1,f16d577a06449246a7bdbb810137957e15deb681956ab02bffc517ac79944fed,False,"[""BOMB_DROPPED""]",,0,0,False,2,,0
r2-1501201,3,14,1,14,1,f16d577a06449246a7bdbb810137957e15deb681956ab02bffc517ac79944fed,True,"[""WAITED""]",,0,0,False,2,,0
r2-1501201,4,14,1,14,1,f16d577a06449246a7bdbb810137957e15deb681956ab02bffc517ac79944fed,True,"[""WAITED""]",,0,0,False,2,,0
r2-1501201,5,14,1,15,1,f16d577a06449246a7bdbb810137957e15deb681956ab02bffc517ac79944fed,True,"[""MOVED_RIGHT""]",,0,0,False,2,,0
r2-1501201,6,15,1,15,2,f16d577a06449246a7bdbb810137957e15deb681956ab02bffc517ac79944fed,True,"[""MOVED_DOWN"",""BOMB_EXPLODED"",""CRATE_DESTROYED"",""CRATE_DESTROYED""]",,0,0,False,3,,0
r2-1501201,7,15,2,15,2,b99547992dd129a899d79f4047827dd92b272bf5f24859bc8a16fb1ed7d023d7,True,"[""WAITED""]",,0,0,False,2,,0
r2-1501201,8,15,2,15,2,b99547992dd129a899d79f4047827dd92b272bf5f24859bc8a16fb1ed7d023d7,False,"[""WAITED""]",,0,0,False,2,,0
r2-1501201,9,15,2,15,2,b99547992dd129a899d79f4047827dd92b272bf5f24859bc8a16fb1ed7d023d7,False,"[""BOMB_DROPPED""]",,0,0,False,2,,0
r2-1501201,10,15,2,15,2,b99547992dd129a899d79f4047827dd92b272bf5f24859bc8a16fb1ed7d023d7,True,"[""WAITED""]",,0,0,False,2,,0
r2-1501201,11,15,2,15,2,b99547992dd129a899d79f4047827dd92b272bf5f24859bc8a16fb1ed7d023d7,True,"[""WAITED""]",,0,0,False,2,,0
r2-1501201,12,15,2,15,1,b99547992dd129a899d79f4047827dd92b272bf5f24859bc8a16fb1ed7d023d7,True,"[""MOVED_UP""]",,0,0,False,2,,0
r2-1501201,13,15,1,14,1,b99547992dd129a899d79f4047827dd92b272bf5f24859bc8a16fb1ed7d023d7,True,"[""MOVED_LEFT"",""BOMB_EXPLODED"",""CRATE_DESTROYED"",""CRATE_DESTROYED""]",,0,0,False,2,,0
r2-1501201,14,14,1,13,1,60f4ec2106f0faf236eb198cada408f5badb5e9f21ef9481d85618c1620163b0,True,"[""MOVED_LEFT""]",,0,0,False,0,,0
r2-1501201,15,13,1,14,1,60f4ec2106f0faf236eb198cada408f5badb5e9f21ef9481d85618c1620163b0,False,"[""MOVED_RIGHT""]",,0,0,False,3,,0
r2-1501201,16,14,1,14,1,60f4ec2106f0faf236eb198cada408f5badb5e9f21ef9481d85618c1620163b0,False,"[""BOMB_DROPPED""]",,0,0,False,0,,-0.5
r2-1501201,17,14,1,14,1,60f4ec2106f0faf236eb198cada408f5badb5e9f21ef9481d85618c1620163b0,True,"[""WAITED""]",,0,0,False,0,,0
r2-1501201,18,14,1,14,1,60f4ec2106f0faf236eb198cada408f5badb5e9f21ef9481d85618c1620163b0,True,"[""WAITED""]",,0,0,False,0,,0
r2-1501201,19,14,1,15,1,60f4ec2106f0faf236eb198cada408f5badb5e9f21ef9481d85618c1620163b0,True,"[""MOVED_RIGHT""]",,0,0,False,0,,0
r2-1501201,20,15,1,15,2,60f4ec2106f0faf236eb198cada408f5badb5e9f21ef9481d85618c1620163b0,True,"[""MOVED_DOWN"",""BOMB_EXPLODED""]",,0,0,False,0,,0
r2-1501201,21,15,2,15,3,60f4ec2106f0faf236eb198cada408f5badb5e9f21ef9481d85618c1620163b0,True,"[""MOVED_DOWN""]",,0,0,False,0,,0
r2-1501201,22,15,3,15,3,60f4ec2106f0faf236eb198cada408f5badb5e9f21ef9481d85618c1620163b0,False,"[""WAITED""]",,0,0,False,3,,0
r2-1501201,23,15,3,15,3,60f4ec2106f0faf236eb198cada408f5badb5e9f21ef9481d85618c1620163b0,False,"[""BOMB_DROPPED""]",,0,0,False,3,,0
r2-1501201,24,15,3,15,2,60f4ec2106f0faf236eb198cada408f5badb5e9f21ef9481d85618c1620163b0,True,"[""MOVED_UP""]",,0,0,False,3,,0
r2-1501201,25,15,2,15,1,60f4ec2106f0faf236eb198cada408f5badb5e9f21ef9481d85618c1620163b0,True,"[""MOVED_UP""]",,0,0,False,0,,0
r2-1501201,26,15,1,15,1,60f4ec2106f0faf236eb198cada408f5badb5e9f21ef9481d85618c1620163b0,True,"[""WAITED""]",,0,0,False,0,,0
r2-1501201,27,15,1,14,1,60f4ec2106f0faf236eb198cada408f5badb5e9f21ef9481d85618c1620163b0,True,"[""MOVED_LEFT"",""BOMB_EXPLODED"",""CRATE_DESTROYED"",""CRATE_DESTROYED"",""CRATE_DESTROYED""]",,0,0,False,0,,0
r2-1501201,28,14,1,13,1,30553426261de47efced8c29d430baa939877d285ba3d22b68e747691df7ce17,True,"[""MOVED_LEFT""]",,0,0,False,0,,0
r2-1501201,29,13,1,14,1,30553426261de47efced8c29d430baa939877d285ba3d22b68e747691df7ce17,False,"[""MOVED_RIGHT""]",,0,0,False,3,,0
r2-1501201,30,14,1,14,1,30553426261de47efced8c29d430baa939877d285ba3d22b68e747691df7ce17,False,"[""BOMB_DROPPED""]",,0,0,False,0,,-0.5
r2-1501201,31,14,1,14,1,30553426261de47efced8c29d430baa939877d285ba3d22b68e747691df7ce17,True,"[""WAITED""]",,0,0,False,0,,0
r2-1501201,32,14,1,14,1,30553426261de47efced8c29d430baa939877d285ba3d22b68e747691df7ce17,True,"[""WAITED""]",,0,0,False,0,,0
r2-1501201,33,14,1,15,1,30553426261de47efced8c29d430baa939877d285ba3d22b68e747691df7ce17,True,"[""MOVED_RIGHT""]",,0,0,False,0,,0
r2-1501201,34,15,1,15,2,30553426261de47efced8c29d430baa939877d285ba3d22b68e747691df7ce17,True,"[""MOVED_DOWN"",""BOMB_EXPLODED""]",,0,0,False,0,,0
r2-1501201,35,15,2,15,2,30553426261de47efced8c29d430baa939877d285ba3d22b68e747691df7ce17,True,"[""WAITED""]",,0,0,False,0,,0
r2-1501201,36,15,2,15,1,30553426261de47efced8c29d430baa939877d285ba3d22b68e747691df7ce17,False,"[""MOVED_UP""]",,0,0,False,0,,0
r2-1501201,37,15,1,15,1,30553426261de47efced8c29d430baa939877d285ba3d22b68e747691df7ce17,False,"[""BOMB_DROPPED""]",,0,0,False,0,,-0.5
r2-1501201,38,15,1,14,1,30553426261de47efced8c29d430baa939877d285ba3d22b68e747691df7ce17,True,"[""MOVED_LEFT""]",,0,0,False,0,,0
r2-1501201,39,14,1,13,1,30553426261de47efced8c29d430baa939877d285ba3d22b68e747691df7ce17,True,"[""MOVED_LEFT""]",,0,0,False,0,,0
r2-1501201,40,13,1,12,1,30553426261de47efced8c29d430baa939877d285ba3d22b68e747691df7ce17,True,"[""MOVED_LEFT""]",,0,0,False,3,,0
r2-1501201,41,12,1,11,1,30553426261de47efced8c29d430baa939877d285ba3d22b68e747691df7ce17,True,"[""MOVED_LEFT"",""BOMB_EXPLODED""]",,0,0,False,2,,0
r2-1501201,42,11,1,11,1,30553426261de47efced8c29d430baa939877d285ba3d22b68e747691df7ce17,True,"[""WAITED""]",,0,0,False,3,,0
r2-1501201,43,11,1,12,1,30553426261de47efced8c29d430baa939877d285ba3d22b68e747691df7ce17,False,"[""MOVED_RIGHT""]",,0,0,False,3,,0
r2-1501201,44,12,1,12,1,30553426261de47efced8c29d430baa939877d285ba3d22b68e747691df7ce17,False,"[""BOMB_DROPPED""]",,0,0,False,2,,0
r2-1501201,45,12,1,11,1,30553426261de47efced8c29d430baa939877d285ba3d22b68e747691df7ce17,True,"[""MOVED_LEFT""]",,0,0,False,2,,0
r2-1501201,46,11,1,11,2,30553426261de47efced8c29d430baa939877d285ba3d22b68e747691df7ce17,True,"[""MOVED_DOWN""]",,0,0,False,3,,0
r2-1501201,47,11,2,11,2,30553426261de47efced8c29d430baa939877d285ba3d22b68e747691df7ce17,True,"[""WAITED""]",,0,0,False,2,,0
r2-1501201,48,11,2,11,2,30553426261de47efced8c29d430baa939877d285ba3d22b68e747691df7ce17,True,"[""WAITED"",""BOMB_EXPLODED"",""CRATE_DESTROYED"",""CRATE_DESTROYED""]",,0,0,False,2,,0
r2-1501201,49,11,2,11,2,0d9bcae2a47a8f3e50c4f2337b62e9e8bf025497ed890762c0ab20c95e2a4a35,True,"[""WAITED""]",,0,0,False,2,,0
r2-1501201,50,11,2,11,2,0d9bcae2a47a8f3e50c4f2337b62e9e8bf025497ed890762c0ab20c95e2a4a35,False,"[""WAITED""]",,0,0,False,2,,0
r2-1501201,51,11,2,11,2,0d9bcae2a47a8f3e50c4f2337b62e9e8bf025497ed890762c0ab20c95e2a4a35,False,"[""BOMB_DROPPED""]",,0,0,False,2,,0
r2-1501201,52,11,2,11,1,0d9bcae2a47a8f3e50c4f2337b62e9e8bf025497ed890762c0ab20c95e2a4a35,True,"[""MOVED_UP""]",,0,0,False,2,,0
r2-1501201,53,11,1,10,1,0d9bcae2a47a8f3e50c4f2337b62e9e8bf025497ed890762c0ab20c95e2a4a35,True,"[""MOVED_LEFT""]",,0,0,False,2,,0
r2-1501201,54,10,1,11,1,0d9bcae2a47a8f3e50c4f2337b62e9e8bf025497ed890762c0ab20c95e2a4a35,True,"[""MOVED_RIGHT""]",,0,0,False,2,,0
r2-1501201,55,11,1,10,1,0d9bcae2a47a8f3e50c4f2337b62e9e8bf025497ed890762c0ab20c95e2a4a35,True,"[""MOVED_LEFT"",""BOMB_EXPLODED"",""CRATE_DESTROYED"",""CRATE_DESTROYED""]",,0,0,False,2,,0
r2-1501201,56,10,1,10,1,9c05992091614e9d793181b45819bc865280d04509b4f67288874a2cbcbb279e,True,"[""WAITED""]",,0,0,False,2,,0
r2-1501201,57,10,1,11,1,9c05992091614e9d793181b45819bc865280d04509b4f67288874a2cbcbb279e,False,"[""MOVED_RIGHT""]",,0,0,False,2,,0
r2-1501201,58,11,1,11,1,9c05992091614e9d793181b45819bc865280d04509b4f67288874a2cbcbb279e,False,"[""BOMB_DROPPED""]",,0,0,False,1,,0
r2-1501201,59,11,1,11,1,9c05992091614e9d793181b45819bc865280d04509b4f67288874a2cbcbb279e,True,"[""WAITED""]",,0,0,False,1,,0
r2-1501201,60,11,1,11,2,9c05992091614e9d793181b45819bc865280d04509b4f67288874a2cbcbb279e,True,"[""MOVED_DOWN""]",,0,0,False,1,,0
r2-1501201,61,11,2,11,3,9c05992091614e9d793181b45819bc865280d04509b4f67288874a2cbcbb279e,True,"[""MOVED_DOWN""]",,0,0,False,0,,0
r2-1501201,62,11,3,12,3,9c05992091614e9d793181b45819bc865280d04509b4f67288874a2cbcbb279e,True,"[""MOVED_RIGHT"",""BOMB_EXPLODED"",""CRATE_DESTROYED""]",,0,0,False,3,,0
r2-1501201,63,12,3,13,3,d53202d150e22b5bf85d2b553c33c276579126736a10620c29fc43b381fd95bb,True,"[""MOVED_RIGHT""]",,0,0,False,2,,0
r2-1501201,64,13,3,14,3,d53202d150e22b5bf85d2b553c33c276579126736a10620c29fc43b381fd95bb,False,"[""MOVED_RIGHT""]",,0,0,False,3,,0
r2-1501201,65,14,3,14,3,d53202d150e22b5bf85d2b553c33c276579126736a10620c29fc43b381fd95bb,False,"[""BOMB_DROPPED""]",,0,0,False,0,,-0.5
r2-1501201,66,14,3,14,3,d53202d150e22b5bf85d2b553c33c276579126736a10620c29fc43b381fd95bb,True,"[""WAITED""]",,0,0,False,0,,0
r2-1501201,67,14,3,14,3,d53202d150e22b5bf85d2b553c33c276579126736a10620c29fc43b381fd95bb,True,"[""WAITED""]",,0,0,False,0,,0
r2-1501201,68,14,3,15,3,d53202d150e22b5bf85d2b553c33c276579126736a10620c29fc43b381fd95bb,True,"[""MOVED_RIGHT""]",,0,0,False,0,,0
r2-1501201,69,15,3,15,2,d53202d150e22b5bf85d2b553c33c276579126736a10620c29fc43b381fd95bb,True,"[""MOVED_UP"",""BOMB_EXPLODED""]",,0,0,False,0,,0
r2-1501201,70,15,2,15,1,d53202d150e22b5bf85d2b553c33c276579126736a10620c29fc43b381fd95bb,True,"[""MOVED_UP""]",,0,0,False,0,,0
r2-1501201,71,15,1,14,1,d53202d150e22b5bf85d2b553c33c276579126736a10620c29fc43b381fd95bb,False,"[""MOVED_LEFT""]",,0,0,False,0,,0
r2-1501201,72,14,1,14,1,d53202d150e22b5bf85d2b553c33c276579126736a10620c29fc43b381fd95bb,False,"[""BOMB_DROPPED""]",,0,0,False,0,,-0.5
r2-1501201,73,14,1,14,1,d53202d150e22b5bf85d2b553c33c276579126736a10620c29fc43b381fd95bb,True,"[""WAITED""]",,0,0,False,0,,0
r2-1501201,74,14,1,14,1,d53202d150e22b5bf85d2b553c33c276579126736a10620c29fc43b381fd95bb,True,"[""WAITED""]",,0,0,False,0,,0
r2-1501201,75,14,1,15,1,d53202d150e22b5bf85d2b553c33c276579126736a10620c29fc43b381fd95bb,True,"[""MOVED_RIGHT""]",,0,0,False,0,,0
r2-1501201,76,15,1,15,2,d53202d150e22b5bf85d2b553c33c276579126736a10620c29fc43b381fd95bb,True,"[""MOVED_DOWN"",""BOMB_EXPLODED""]",,0,0,False,0,,0
r2-1501201,77,15,2,15,2,d53202d150e22b5bf85d2b553c33c276579126736a10620c29fc43b381fd95bb,True,"[""WAITED""]",,0,0,False,0,,0
r2-1501201,78,15,2,15,1,d53202d150e22b5bf85d2b553c33c276579126736a10620c29fc43b381fd95bb,False,"[""MOVED_UP""]",,0,0,False,0,,0
r2-1501201,79,15,1,15,1,d53202d150e22b5bf85d2b553c33c276579126736a10620c29fc43b381fd95bb,False,"[""BOMB_DROPPED""]",,0,0,False,0,,-0.5
r2-1501201,80,15,1,14,1,d53202d150e22b5bf85d2b553c33c276579126736a10620c29fc43b381fd95bb,True,"[""MOVED_LEFT""]",,0,0,False,0,,0
r2-1501201,81,14,1,13,1,d53202d150e22b5bf85d2b553c33c276579126736a10620c29fc43b381fd95bb,True,"[""MOVED_LEFT""]",,0,0,False,0,,0
r2-1501201,82,13,1,12,1,d53202d150e22b5bf85d2b553c33c276579126736a10620c29fc43b381fd95bb,True,"[""MOVED_LEFT""]",,0,0,False,2,,0
r2-1501201,83,12,1,11,1,d53202d150e22b5bf85d2b553c33c276579126736a10620c29fc43b381fd95bb,True,"[""MOVED_LEFT"",""BOMB_EXPLODED""]",,0,0,False,0,,0
r2-1501201,84,11,1,10,1,d53202d150e22b5bf85d2b553c33c276579126736a10620c29fc43b381fd95bb,True,"[""MOVED_LEFT""]",,0,0,False,0,,0
r2-1501201,85,10,1,11,1,d53202d150e22b5bf85d2b553c33c276579126736a10620c29fc43b381fd95bb,False,"[""MOVED_RIGHT""]",,0,0,False,1,,0
r2-1501201,86,11,1,11,1,d53202d150e22b5bf85d2b553c33c276579126736a10620c29fc43b381fd95bb,False,"[""BOMB_DROPPED""]",,0,0,False,0,,-0.5
r2-1501201,87,11,1,11,2,d53202d150e22b5bf85d2b553c33c276579126736a10620c29fc43b381fd95bb,True,"[""MOVED_DOWN""]",,0,0,False,0,,0
r2-1501201,88,11,2,11,2,d53202d150e22b5bf85d2b553c33c276579126736a10620c29fc43b381fd95bb,True,"[""WAITED""]",,0,0,False,0,,0
r2-1501201,89,11,2,11,3,d53202d150e22b5bf85d2b553c33c276579126736a10620c29fc43b381fd95bb,True,"[""MOVED_DOWN""]",,0,0,False,0,,0
r2-1501201,90,11,3,12,3,d53202d150e22b5bf85d2b553c33c276579126736a10620c29fc43b381fd95bb,True,"[""MOVED_RIGHT"",""BOMB_EXPLODED""]",,0,0,False,3,,0
r2-1501201,91,12,3,13,3,d53202d150e22b5bf85d2b553c33c276579126736a10620c29fc43b381fd95bb,True,"[""MOVED_RIGHT""]",,0,0,False,2,,0
r2-1501201,92,13,3,14,3,d53202d150e22b5bf85d2b553c33c276579126736a10620c29fc43b381fd95bb,False,"[""MOVED_RIGHT""]",,0,0,False,3,,0
r2-1501201,93,14,3,14,3,d53202d150e22b5bf85d2b553c33c276579126736a10620c29fc43b381fd95bb,False,"[""BOMB_DROPPED""]",,0,0,False,0,,-0.5
r2-1501201,94,14,3,14,3,d53202d150e22b5bf85d2b553c33c276579126736a10620c29fc43b381fd95bb,True,"[""WAITED""]",,0,0,False,0,,0
r2-1501201,95,14,3,14,3,d53202d150e22b5bf85d2b553c33c276579126736a10620c29fc43b381fd95bb,True,"[""WAITED""]",,0,0,False,0,,0
r2-1501201,96,14,3,15,3,d53202d150e22b5bf85d2b553c33c276579126736a10620c29fc43b381fd95bb,True,"[""MOVED_RIGHT""]",,0,0,False,0,,0
r2-1501201,97,15,3,15,2,d53202d150e22b5bf85d2b553c33c276579126736a10620c29fc43b381fd95bb,True,"[""MOVED_UP"",""BOMB_EXPLODED""]",,0,0,False,0,,0
r2-1501201,98,15,2,15,1,d53202d150e22b5bf85d2b553c33c276579126736a10620c29fc43b381fd95bb,True,"[""MOVED_UP""]",,0,0,False,0,,0
r2-1501201,99,15,1,14,1,d53202d150e22b5bf85d2b553c33c276579126736a10620c29fc43b381fd95bb,False,"[""MOVED_LEFT""]",,0,0,False,0,,0
r2-1501201,100,14,1,14,1,d53202d150e22b5bf85d2b553c33c276579126736a10620c29fc43b381fd95bb,False,"[""BOMB_DROPPED""]",,0,0,False,0,,-0.5
r2-1501201,101,14,1,14,1,d53202d150e22b5bf85d2b553c33c276579126736a10620c29fc43b381fd95bb,True,"[""WAITED""]",,0,0,False,0,,0
r2-1501201,102,14,1,14,1,d53202d150e22b5bf85d2b553c33c276579126736a10620c29fc43b381fd95bb,True,"[""WAITED""]",,0,0,False,0,,0
r2-1501201,103,14,1,15,1,d53202d150e22b5bf85d2b553c33c276579126736a10620c29fc43b381fd95bb,True,"[""MOVED_RIGHT""]",,0,0,False,0,,0
r2-1501201,104,15,1,15,2,d53202d150e22b5bf85d2b553c33c276579126736a10620c29fc43b381fd95bb,True,"[""MOVED_DOWN"",""BOMB_EXPLODED""]",,0,0,False,0,,0
r2-1501201,105,15,2,15,2,d53202d150e22b5bf85d2b553c33c276579126736a10620c29fc43b381fd95bb,True,"[""WAITED""]",,0,0,False,0,,0
r2-1501201,106,15,2,15,1,d53202d150e22b5bf85d2b553c33c276579126736a10620c29fc43b381fd95bb,False,"[""MOVED_UP""]",,0,0,False,0,,0
r2-1501201,107,15,1,15,1,d53202d150e22b5bf85d2b553c33c276579126736a10620c29fc43b381fd95bb,False,"[""BOMB_DROPPED""]",,0,0,False,0,,-0.5
r2-1501201,108,15,1,14,1,d53202d150e22b5bf85d2b553c33c276579126736a10620c29fc43b381fd95bb,True,"[""MOVED_LEFT""]",,0,0,False,0,,0
r2-1501201,109,14,1,13,1,d53202d150e22b5bf85d2b553c33c276579126736a10620c29fc43b381fd95bb,True,"[""MOVED_LEFT""]",,0,0,False,0,,0
r2-1501201,110,13,1,12,1,d53202d150e22b5bf85d2b553c33c276579126736a10620c29fc43b381fd95bb,True,"[""MOVED_LEFT""]",,0,0,False,2,,0
r2-1501201,111,12,1,11,1,d53202d150e22b5bf85d2b553c33c276579126736a10620c29fc43b381fd95bb,True,"[""MOVED_LEFT"",""BOMB_EXPLODED""]",,0,0,False,0,,0
r2-1501201,112,11,1,10,1,d53202d150e22b5bf85d2b553c33c276579126736a10620c29fc43b381fd95bb,True,"[""MOVED_LEFT""]",,0,0,False,0,,0
r2-1501201,113,10,1,11,1,d53202d150e22b5bf85d2b553c33c276579126736a10620c29fc43b381fd95bb,False,"[""MOVED_RIGHT""]",,0,0,False,1,,0
r2-1501201,114,11,1,11,1,d53202d150e22b5bf85d2b553c33c276579126736a10620c29fc43b381fd95bb,False,"[""BOMB_DROPPED""]",,0,0,False,0,,-0.5
r2-1501201,115,11,1,11,2,d53202d150e22b5bf85d2b553c33c276579126736a10620c29fc43b381fd95bb,True,"[""MOVED_DOWN""]",,0,0,False,0,,0
r2-1501201,116,11,2,11,2,d53202d150e22b5bf85d2b553c33c276579126736a10620c29fc43b381fd95bb,True,"[""WAITED""]",,0,0,False,0,,0
r2-1501201,117,11,2,11,3,d53202d150e22b5bf85d2b553c33c276579126736a10620c29fc43b381fd95bb,True,"[""MOVED_DOWN""]",,0,0,False,0,,0
r2-1501201,118,11,3,12,3,d53202d150e22b5bf85d2b553c33c276579126736a10620c29fc43b381fd95bb,True,"[""MOVED_RIGHT"",""BOMB_EXPLODED""]",,0,0,False,3,,0
r2-1501201,119,12,3,13,3,d53202d150e22b5bf85d2b553c33c276579126736a10620c29fc43b381fd95bb,True,"[""MOVED_RIGHT""]",,0,0,False,2,,0
r2-1501201,120,13,3,14,3,d53202d150e22b5bf85d2b553c33c276579126736a10620c29fc43b381fd95bb,False,"[""MOVED_RIGHT""]",,0,0,False,3,,0
r2-1501201,121,14,3,14,3,d53202d150e22b5bf85d2b553c33c276579126736a10620c29fc43b381fd95bb,False,"[""BOMB_DROPPED""]",,0,0,False,0,,-0.5
r2-1501201,122,14,3,14,3,d53202d150e22b5bf85d2b553c33c276579126736a10620c29fc43b381fd95bb,True,"[""WAITED""]",,0,0,False,0,,0
r2-1501201,123,14,3,14,3,d53202d150e22b5bf85d2b553c33c276579126736a10620c29fc43b381fd95bb,True,"[""WAITED""]",,0,0,False,0,,0
r2-1501201,124,14,3,15,3,d53202d150e22b5bf85d2b553c33c276579126736a10620c29fc43b381fd95bb,True,"[""MOVED_RIGHT""]",,0,0,False,0,,0
r2-1501201,125,15,3,15,2,d53202d150e22b5bf85d2b553c33c276579126736a10620c29fc43b381fd95bb,True,"[""MOVED_UP"",""BOMB_EXPLODED""]",,0,0,False,0,,0
r2-1501201,126,15,2,15,1,d53202d150e22b5bf85d2b553c33c276579126736a10620c29fc43b381fd95bb,True,"[""MOVED_UP""]",,0,0,False,0,,0
r2-1501201,127,15,1,14,1,d53202d150e22b5bf85d2b553c33c276579126736a10620c29fc43b381fd95bb,False,"[""MOVED_LEFT""]",,0,0,False,0,,0
r2-1501201,128,14,1,14,1,d53202d150e22b5bf85d2b553c33c276579126736a10620c29fc43b381fd95bb,False,"[""BOMB_DROPPED""]",,0,0,False,0,,-0.5
r2-1501201,129,14,1,14,1,d53202d150e22b5bf85d2b553c33c276579126736a10620c29fc43b381fd95bb,True,"[""WAITED""]",,0,0,False,0,,0
r2-1501201,130,14,1,14,1,d53202d150e22b5bf85d2b553c33c276579126736a10620c29fc43b381fd95bb,True,"[""WAITED""]",,0,0,False,0,,0
r2-1501201,131,14,1,15,1,d53202d150e22b5bf85d2b553c33c276579126736a10620c29fc43b381fd95bb,True,"[""MOVED_RIGHT""]",,0,0,False,0,,0
r2-1501201,132,15,1,15,2,d53202d150e22b5bf85d2b553c33c276579126736a10620c29fc43b381fd95bb,True,"[""MOVED_DOWN"",""BOMB_EXPLODED""]",,0,0,False,0,,0
r2-1501201,133,15,2,15,2,d53202d150e22b5bf85d2b553c33c276579126736a10620c29fc43b381fd95bb,True,"[""WAITED""]",,0,0,False,0,,0
r2-1501201,134,15,2,15,1,d53202d150e22b5bf85d2b553c33c276579126736a10620c29fc43b381fd95bb,False,"[""MOVED_UP""]",,0,0,False,0,,0
r2-1501201,135,15,1,15,1,d53202d150e22b5bf85d2b553c33c276579126736a10620c29fc43b381fd95bb,False,"[""BOMB_DROPPED""]",,0,0,False,0,,-0.5
r2-1501201,136,15,1,14,1,d53202d150e22b5bf85d2b553c33c276579126736a10620c29fc43b381fd95bb,True,"[""MOVED_LEFT""]",,0,0,False,0,,0
r2-1501201,137,14,1,13,1,d53202d150e22b5bf85d2b553c33c276579126736a10620c29fc43b381fd95bb,True,"[""MOVED_LEFT""]",,0,0,False,0,,0
r2-1501201,138,13,1,12,1,d53202d150e22b5bf85d2b553c33c276579126736a10620c29fc43b381fd95bb,True,"[""MOVED_LEFT""]",,0,0,False,2,,0
r2-1501201,139,12,1,11,1,d53202d150e22b5bf85d2b553c33c276579126736a10620c29fc43b381fd95bb,True,"[""MOVED_LEFT"",""BOMB_EXPLODED""]",,0,0,False,0,,0
r2-1501201,140,11,1,10,1,d53202d150e22b5bf85d2b553c33c276579126736a10620c29fc43b381fd95bb,True,"[""MOVED_LEFT""]",,0,0,False,0,,0
r2-1501201,141,10,1,11,1,d53202d150e22b5bf85d2b553c33c276579126736a10620c29fc43b381fd95bb,False,"[""MOVED_RIGHT""]",,0,0,False,1,,0
r2-1501201,142,11,1,11,1,d53202d150e22b5bf85d2b553c33c276579126736a10620c29fc43b381fd95bb,False,"[""BOMB_DROPPED""]",,0,0,False,0,,-0.5
r2-1501201,143,11,1,11,2,d53202d150e22b5bf85d2b553c33c276579126736a10620c29fc43b381fd95bb,True,"[""MOVED_DOWN""]",,0,0,False,0,,0
r2-1501201,144,11,2,11,2,d53202d150e22b5bf85d2b553c33c276579126736a10620c29fc43b381fd95bb,True,"[""WAITED""]",,0,0,False,0,,0
r2-1501201,145,11,2,11,3,d53202d150e22b5bf85d2b553c33c276579126736a10620c29fc43b381fd95bb,True,"[""MOVED_DOWN""]",,0,0,False,0,,0
r2-1501201,146,11,3,12,3,d53202d150e22b5bf85d2b553c33c276579126736a10620c29fc43b381fd95bb,True,"[""MOVED_RIGHT"",""BOMB_EXPLODED""]",,0,0,False,3,,0
r2-1501201,147,12,3,13,3,d53202d150e22b5bf85d2b553c33c276579126736a10620c29fc43b381fd95bb,True,"[""MOVED_RIGHT""]",,0,0,False,2,,0
r2-1501201,148,13,3,14,3,d53202d150e22b5bf85d2b553c33c276579126736a10620c29fc43b381fd95bb,False,"[""MOVED_RIGHT""]",,0,0,False,3,,0
r2-1501201,149,14,3,14,3,d53202d150e22b5bf85d2b553c33c276579126736a10620c29fc43b381fd95bb,False,"[""BOMB_DROPPED""]",,0,0,False,0,,-0.5
r2-1501201,150,14,3,14,3,d53202d150e22b5bf85d2b553c33c276579126736a10620c29fc43b381fd95bb,True,"[""WAITED""]",,0,0,False,0,,0
r2-1501201,151,14,3,14,3,d53202d150e22b5bf85d2b553c33c276579126736a10620c29fc43b381fd95bb,True,"[""WAITED""]",,0,0,False,0,,0
r2-1501201,152,14,3,15,3,d53202d150e22b5bf85d2b553c33c276579126736a10620c29fc43b381fd95bb,True,"[""MOVED_RIGHT""]",,0,0,False,0,,0
r2-1501201,153,15,3,15,2,d53202d150e22b5bf85d2b553c33c276579126736a10620c29fc43b381fd95bb,True,"[""MOVED_UP"",""BOMB_EXPLODED""]",,0,0,False,0,,0
r2-1501201,154,15,2,15,1,d53202d150e22b5bf85d2b553c33c276579126736a10620c29fc43b381fd95bb,True,"[""MOVED_UP""]",,0,0,False,0,,0
r2-1501201,155,15,1,14,1,d53202d150e22b5bf85d2b553c33c276579126736a10620c29fc43b381fd95bb,False,"[""MOVED_LEFT""]",,0,0,False,0,,0
r2-1501201,156,14,1,14,1,d53202d150e22b5bf85d2b553c33c276579126736a10620c29fc43b381fd95bb,False,"[""BOMB_DROPPED""]",,0,0,False,0,,-0.5
r2-1501201,157,14,1,14,1,d53202d150e22b5bf85d2b553c33c276579126736a10620c29fc43b381fd95bb,True,"[""WAITED""]",,0,0,False,0,,0
r2-1501201,158,14,1,14,1,d53202d150e22b5bf85d2b553c33c276579126736a10620c29fc43b381fd95bb,True,"[""WAITED""]",,0,0,False,0,,0
r2-1501201,159,14,1,15,1,d53202d150e22b5bf85d2b553c33c276579126736a10620c29fc43b381fd95bb,True,"[""MOVED_RIGHT""]",,0,0,False,0,,0
r2-1501201,160,15,1,15,2,d53202d150e22b5bf85d2b553c33c276579126736a10620c29fc43b381fd95bb,True,"[""MOVED_DOWN"",""BOMB_EXPLODED""]",,0,0,False,0,,0
r2-1501201,161,15,2,15,2,d53202d150e22b5bf85d2b553c33c276579126736a10620c29fc43b381fd95bb,True,"[""WAITED""]",,0,0,False,0,,0
r2-1501201,162,15,2,15,1,d53202d150e22b5bf85d2b553c33c276579126736a10620c29fc43b381fd95bb,False,"[""MOVED_UP""]",,0,0,False,0,,0
r2-1501201,163,15,1,15,1,d53202d150e22b5bf85d2b553c33c276579126736a10620c29fc43b381fd95bb,False,"[""BOMB_DROPPED""]",,0,0,False,0,,-0.5
r2-1501201,164,15,1,14,1,d53202d150e22b5bf85d2b553c33c276579126736a10620c29fc43b381fd95bb,True,"[""MOVED_LEFT""]",,0,0,False,0,,0
r2-1501201,165,14,1,13,1,d53202d150e22b5bf85d2b553c33c276579126736a10620c29fc43b381fd95bb,True,"[""MOVED_LEFT""]",,0,0,False,0,,0
r2-1501201,166,13,1,12,1,d53202d150e22b5bf85d2b553c33c276579126736a10620c29fc43b381fd95bb,True,"[""MOVED_LEFT""]",,0,0,False,2,,0
r2-1501201,167,12,1,11,1,d53202d150e22b5bf85d2b553c33c276579126736a10620c29fc43b381fd95bb,True,"[""MOVED_LEFT"",""BOMB_EXPLODED""]",,0,0,False,0,,0
r2-1501201,168,11,1,10,1,d53202d150e22b5bf85d2b553c33c276579126736a10620c29fc43b381fd95bb,True,"[""MOVED_LEFT""]",,0,0,False,0,,0
r2-1501201,169,10,1,11,1,d53202d150e22b5bf85d2b553c33c276579126736a10620c29fc43b381fd95bb,False,"[""MOVED_RIGHT""]",,0,0,False,1,,0
r2-1501201,170,11,1,11,1,d53202d150e22b5bf85d2b553c33c276579126736a10620c29fc43b381fd95bb,False,"[""BOMB_DROPPED""]",,0,0,False,0,,-0.5
r2-1501201,171,11,1,11,2,d53202d150e22b5bf85d2b553c33c276579126736a10620c29fc43b381fd95bb,True,"[""MOVED_DOWN""]",,0,0,False,0,,0
r2-1501201,172,11,2,11,2,d53202d150e22b5bf85d2b553c33c276579126736a10620c29fc43b381fd95bb,True,"[""WAITED""]",,0,0,False,0,,0
r2-1501201,173,11,2,11,3,d53202d150e22b5bf85d2b553c33c276579126736a10620c29fc43b381fd95bb,True,"[""MOVED_DOWN""]",,0,0,False,0,,0
r2-1501201,174,11,3,12,3,d53202d150e22b5bf85d2b553c33c276579126736a10620c29fc43b381fd95bb,True,"[""MOVED_RIGHT"",""BOMB_EXPLODED""]",,0,0,False,3,,0
r2-1501201,175,12,3,13,3,d53202d150e22b5bf85d2b553c33c276579126736a10620c29fc43b381fd95bb,True,"[""MOVED_RIGHT""]",,0,0,False,2,,0
r2-1501201,176,13,3,14,3,d53202d150e22b5bf85d2b553c33c276579126736a10620c29fc43b381fd95bb,False,"[""MOVED_RIGHT""]",,0,0,False,3,,0
r2-1501201,177,14,3,14,3,d53202d150e22b5bf85d2b553c33c276579126736a10620c29fc43b381fd95bb,False,"[""BOMB_DROPPED""]",,0,0,False,0,,-0.5
r2-1501201,178,14,3,14,3,d53202d150e22b5bf85d2b553c33c276579126736a10620c29fc43b381fd95bb,True,"[""WAITED""]",,0,0,False,0,,0
r2-1501201,179,14,3,14,3,d53202d150e22b5bf85d2b553c33c276579126736a10620c29fc43b381fd95bb,True,"[""WAITED""]",,0,0,False,0,,0
r2-1501201,180,14,3,15,3,d53202d150e22b5bf85d2b553c33c276579126736a10620c29fc43b381fd95bb,True,"[""MOVED_RIGHT""]",,0,0,False,0,,0
r2-1501201,181,15,3,15,2,d53202d150e22b5bf85d2b553c33c276579126736a10620c29fc43b381fd95bb,True,"[""MOVED_UP"",""BOMB_EXPLODED""]",,0,0,False,0,,0
r2-1501201,182,15,2,15,1,d53202d150e22b5bf85d2b553c33c276579126736a10620c29fc43b381fd95bb,True,"[""MOVED_UP""]",,0,0,False,0,,0
r2-1501201,183,15,1,14,1,d53202d150e22b5bf85d2b553c33c276579126736a10620c29fc43b381fd95bb,False,"[""MOVED_LEFT""]",,0,0,False,0,,0
r2-1501201,184,14,1,14,1,d53202d150e22b5bf85d2b553c33c276579126736a10620c29fc43b381fd95bb,False,"[""BOMB_DROPPED""]",,0,0,False,0,,-0.5
r2-1501201,185,14,1,14,1,d53202d150e22b5bf85d2b553c33c276579126736a10620c29fc43b381fd95bb,True,"[""WAITED""]",,0,0,False,0,,0
r2-1501201,186,14,1,14,1,d53202d150e22b5bf85d2b553c33c276579126736a10620c29fc43b381fd95bb,True,"[""WAITED""]",,0,0,False,0,,0
r2-1501201,187,14,1,15,1,d53202d150e22b5bf85d2b553c33c276579126736a10620c29fc43b381fd95bb,True,"[""MOVED_RIGHT""]",,0,0,False,0,,0
r2-1501201,188,15,1,15,2,d53202d150e22b5bf85d2b553c33c276579126736a10620c29fc43b381fd95bb,True,"[""MOVED_DOWN"",""BOMB_EXPLODED""]",,0,0,False,0,,0
r2-1501201,189,15,2,15,2,d53202d150e22b5bf85d2b553c33c276579126736a10620c29fc43b381fd95bb,True,"[""WAITED""]",,0,0,False,0,,0
r2-1501201,190,15,2,15,1,d53202d150e22b5bf85d2b553c33c276579126736a10620c29fc43b381fd95bb,False,"[""MOVED_UP""]",,0,0,False,0,,0
r2-1501201,191,15,1,15,1,d53202d150e22b5bf85d2b553c33c276579126736a10620c29fc43b381fd95bb,False,"[""BOMB_DROPPED""]",,0,0,False,0,,-0.5
r2-1501201,192,15,1,14,1,d53202d150e22b5bf85d2b553c33c276579126736a10620c29fc43b381fd95bb,True,"[""MOVED_LEFT""]",,0,0,False,0,,0
r2-1501201,193,14,1,13,1,d53202d150e22b5bf85d2b553c33c276579126736a10620c29fc43b381fd95bb,True,"[""MOVED_LEFT""]",,0,0,False,0,,0
r2-1501201,194,13,1,12,1,d53202d150e22b5bf85d2b553c33c276579126736a10620c29fc43b381fd95bb,True,"[""MOVED_LEFT""]",,0,0,False,2,,0
r2-1501201,195,12,1,11,1,d53202d150e22b5bf85d2b553c33c276579126736a10620c29fc43b381fd95bb,True,"[""MOVED_LEFT"",""BOMB_EXPLODED""]",,0,0,False,0,,0
r2-1501201,196,11,1,10,1,d53202d150e22b5bf85d2b553c33c276579126736a10620c29fc43b381fd95bb,True,"[""MOVED_LEFT""]",,0,0,False,0,,0
r2-1501201,197,10,1,11,1,d53202d150e22b5bf85d2b553c33c276579126736a10620c29fc43b381fd95bb,False,"[""MOVED_RIGHT""]",,0,0,False,1,,0
r2-1501201,198,11,1,11,1,d53202d150e22b5bf85d2b553c33c276579126736a10620c29fc43b381fd95bb,False,"[""BOMB_DROPPED""]",,0,0,False,0,,-0.5
r2-1501201,199,11,1,11,2,d53202d150e22b5bf85d2b553c33c276579126736a10620c29fc43b381fd95bb,True,"[""MOVED_DOWN""]",,0,0,False,0,,0
r2-1501201,200,11,2,11,2,d53202d150e22b5bf85d2b553c33c276579126736a10620c29fc43b381fd95bb,True,"[""WAITED""]",,0,0,False,0,,0
r2-1501201,201,11,2,11,3,d53202d150e22b5bf85d2b553c33c276579126736a10620c29fc43b381fd95bb,True,"[""MOVED_DOWN""]",,0,0,False,0,,0
r2-1501201,202,11,3,12,3,d53202d150e22b5bf85d2b553c33c276579126736a10620c29fc43b381fd95bb,True,"[""MOVED_RIGHT"",""BOMB_EXPLODED""]",,0,0,False,3,,0
r2-1501201,203,12,3,13,3,d53202d150e22b5bf85d2b553c33c276579126736a10620c29fc43b381fd95bb,True,"[""MOVED_RIGHT""]",,0,0,False,2,,0
r2-1501201,204,13,3,14,3,d53202d150e22b5bf85d2b553c33c276579126736a10620c29fc43b381fd95bb,False,"[""MOVED_RIGHT""]",,0,0,False,3,,0
r2-1501201,205,14,3,14,3,d53202d150e22b5bf85d2b553c33c276579126736a10620c29fc43b381fd95bb,False,"[""BOMB_DROPPED""]",,0,0,False,0,,-0.5
r2-1501201,206,14,3,14,3,d53202d150e22b5bf85d2b553c33c276579126736a10620c29fc43b381fd95bb,True,"[""WAITED""]",,0,0,False,0,,0
r2-1501201,207,14,3,14,3,d53202d150e22b5bf85d2b553c33c276579126736a10620c29fc43b381fd95bb,True,"[""WAITED""]",,0,0,False,0,,0
r2-1501201,208,14,3,15,3,d53202d150e22b5bf85d2b553c33c276579126736a10620c29fc43b381fd95bb,True,"[""MOVED_RIGHT""]",,0,0,False,0,,0
r2-1501201,209,15,3,15,2,d53202d150e22b5bf85d2b553c33c276579126736a10620c29fc43b381fd95bb,True,"[""MOVED_UP"",""BOMB_EXPLODED""]",,0,0,False,0,,0
r2-1501201,210,15,2,15,1,d53202d150e22b5bf85d2b553c33c276579126736a10620c29fc43b381fd95bb,True,"[""MOVED_UP""]",,0,0,False,0,,0
r2-1501201,211,15,1,14,1,d53202d150e22b5bf85d2b553c33c276579126736a10620c29fc43b381fd95bb,False,"[""MOVED_LEFT""]",,0,0,False,0,,0
r2-1501201,212,14,1,14,1,d53202d150e22b5bf85d2b553c33c276579126736a10620c29fc43b381fd95bb,False,"[""BOMB_DROPPED""]",,0,0,False,0,,-0.5
r2-1501201,213,14,1,14,1,d53202d150e22b5bf85d2b553c33c276579126736a10620c29fc43b381fd95bb,True,"[""WAITED""]",,0,0,False,0,,0
r2-1501201,214,14,1,14,1,d53202d150e22b5bf85d2b553c33c276579126736a10620c29fc43b381fd95bb,True,"[""WAITED""]",,0,0,False,0,,0
r2-1501201,215,14,1,15,1,d53202d150e22b5bf85d2b553c33c276579126736a10620c29fc43b381fd95bb,True,"[""MOVED_RIGHT""]",,0,0,False,0,,0
r2-1501201,216,15,1,15,2,d53202d150e22b5bf85d2b553c33c276579126736a10620c29fc43b381fd95bb,True,"[""MOVED_DOWN"",""BOMB_EXPLODED""]",,0,0,False,0,,0
r2-1501201,217,15,2,15,2,d53202d150e22b5bf85d2b553c33c276579126736a10620c29fc43b381fd95bb,True,"[""WAITED""]",,0,0,False,0,,0
r2-1501201,218,15,2,15,1,d53202d150e22b5bf85d2b553c33c276579126736a10620c29fc43b381fd95bb,False,"[""MOVED_UP""]",,0,0,False,0,,0
r2-1501201,219,15,1,15,1,d53202d150e22b5bf85d2b553c33c276579126736a10620c29fc43b381fd95bb,False,"[""BOMB_DROPPED""]",,0,0,False,0,,-0.5
r2-1501201,220,15,1,14,1,d53202d150e22b5bf85d2b553c33c276579126736a10620c29fc43b381fd95bb,True,"[""MOVED_LEFT""]",,0,0,False,0,,0
r2-1501201,221,14,1,13,1,d53202d150e22b5bf85d2b553c33c276579126736a10620c29fc43b381fd95bb,True,"[""MOVED_LEFT""]",,0,0,False,0,,0
r2-1501201,222,13,1,12,1,d53202d150e22b5bf85d2b553c33c276579126736a10620c29fc43b381fd95bb,True,"[""MOVED_LEFT""]",,0,0,False,2,,0
r2-1501201,223,12,1,11,1,d53202d150e22b5bf85d2b553c33c276579126736a10620c29fc43b381fd95bb,True,"[""MOVED_LEFT"",""BOMB_EXPLODED""]",,0,0,False,0,,0
r2-1501201,224,11,1,10,1,d53202d150e22b5bf85d2b553c33c276579126736a10620c29fc43b381fd95bb,True,"[""MOVED_LEFT""]",,0,0,False,0,,0
r2-1501201,225,10,1,11,1,d53202d150e22b5bf85d2b553c33c276579126736a10620c29fc43b381fd95bb,False,"[""MOVED_RIGHT""]",,0,0,False,1,,0
r2-1501201,226,11,1,11,1,d53202d150e22b5bf85d2b553c33c276579126736a10620c29fc43b381fd95bb,False,"[""BOMB_DROPPED""]",,0,0,False,0,,-0.5
r2-1501201,227,11,1,11,2,d53202d150e22b5bf85d2b553c33c276579126736a10620c29fc43b381fd95bb,True,"[""MOVED_DOWN""]",,0,0,False,0,,0
r2-1501201,228,11,2,11,2,d53202d150e22b5bf85d2b553c33c276579126736a10620c29fc43b381fd95bb,True,"[""WAITED""]",,0,0,False,0,,0
r2-1501201,229,11,2,11,3,d53202d150e22b5bf85d2b553c33c276579126736a10620c29fc43b381fd95bb,True,"[""MOVED_DOWN""]",,0,0,False,0,,0
r2-1501201,230,11,3,12,3,d53202d150e22b5bf85d2b553c33c276579126736a10620c29fc43b381fd95bb,True,"[""MOVED_RIGHT"",""BOMB_EXPLODED""]",,0,0,False,3,,0
r2-1501201,231,12,3,13,3,d53202d150e22b5bf85d2b553c33c276579126736a10620c29fc43b381fd95bb,True,"[""MOVED_RIGHT""]",,0,0,False,2,,0
r2-1501201,232,13,3,14,3,d53202d150e22b5bf85d2b553c33c276579126736a10620c29fc43b381fd95bb,False,"[""MOVED_RIGHT""]",,0,0,False,3,,0
r2-1501201,233,14,3,14,3,d53202d150e22b5bf85d2b553c33c276579126736a10620c29fc43b381fd95bb,False,"[""BOMB_DROPPED""]",,0,0,False,0,,-0.5
r2-1501201,234,14,3,14,3,d53202d150e22b5bf85d2b553c33c276579126736a10620c29fc43b381fd95bb,True,"[""WAITED""]",,0,0,False,0,,0
r2-1501201,235,14,3,14,3,d53202d150e22b5bf85d2b553c33c276579126736a10620c29fc43b381fd95bb,True,"[""WAITED""]",,0,0,False,0,,0
r2-1501201,236,14,3,15,3,d53202d150e22b5bf85d2b553c33c276579126736a10620c29fc43b381fd95bb,True,"[""MOVED_RIGHT""]",,0,0,False,0,,0
r2-1501201,237,15,3,15,2,d53202d150e22b5bf85d2b553c33c276579126736a10620c29fc43b381fd95bb,True,"[""MOVED_UP"",""BOMB_EXPLODED""]",,0,0,False,0,,0
r2-1501201,238,15,2,15,1,d53202d150e22b5bf85d2b553c33c276579126736a10620c29fc43b381fd95bb,True,"[""MOVED_UP""]",,0,0,False,0,,0
r2-1501201,239,15,1,14,1,d53202d150e22b5bf85d2b553c33c276579126736a10620c29fc43b381fd95bb,False,"[""MOVED_LEFT""]",,0,0,False,0,,0
r2-1501201,240,14,1,14,1,d53202d150e22b5bf85d2b553c33c276579126736a10620c29fc43b381fd95bb,False,"[""BOMB_DROPPED""]",,0,0,False,0,,-0.5
r2-1501201,241,14,1,14,1,d53202d150e22b5bf85d2b553c33c276579126736a10620c29fc43b381fd95bb,True,"[""WAITED""]",,0,0,False,0,,0
r2-1501201,242,14,1,14,1,d53202d150e22b5bf85d2b553c33c276579126736a10620c29fc43b381fd95bb,True,"[""WAITED""]",,0,0,False,0,,0
r2-1501201,243,14,1,15,1,d53202d150e22b5bf85d2b553c33c276579126736a10620c29fc43b381fd95bb,True,"[""MOVED_RIGHT""]",,0,0,False,0,,0
r2-1501201,244,15,1,15,2,d53202d150e22b5bf85d2b553c33c276579126736a10620c29fc43b381fd95bb,True,"[""MOVED_DOWN"",""BOMB_EXPLODED""]",,0,0,False,0,,0
r2-1501201,245,15,2,15,2,d53202d150e22b5bf85d2b553c33c276579126736a10620c29fc43b381fd95bb,True,"[""WAITED""]",,0,0,False,0,,0
r2-1501201,246,15,2,15,1,d53202d150e22b5bf85d2b553c33c276579126736a10620c29fc43b381fd95bb,False,"[""MOVED_UP""]",,0,0,False,0,,0
r2-1501201,247,15,1,15,1,d53202d150e22b5bf85d2b553c33c276579126736a10620c29fc43b381fd95bb,False,"[""BOMB_DROPPED""]",,0,0,False,0,,-0.5
r2-1501201,248,15,1,14,1,d53202d150e22b5bf85d2b553c33c276579126736a10620c29fc43b381fd95bb,True,"[""MOVED_LEFT""]",,0,0,False,0,,0
r2-1501201,249,14,1,13,1,d53202d150e22b5bf85d2b553c33c276579126736a10620c29fc43b381fd95bb,True,"[""MOVED_LEFT""]",,0,0,False,0,,0
r2-1501201,250,13,1,12,1,d53202d150e22b5bf85d2b553c33c276579126736a10620c29fc43b381fd95bb,True,"[""MOVED_LEFT""]",,0,0,False,2,,0
r2-1501201,251,12,1,11,1,d53202d150e22b5bf85d2b553c33c276579126736a10620c29fc43b381fd95bb,True,"[""MOVED_LEFT"",""BOMB_EXPLODED""]",,0,0,False,0,,0
r2-1501201,252,11,1,10,1,d53202d150e22b5bf85d2b553c33c276579126736a10620c29fc43b381fd95bb,True,"[""MOVED_LEFT""]",,0,0,False,0,,0
r2-1501201,253,10,1,11,1,d53202d150e22b5bf85d2b553c33c276579126736a10620c29fc43b381fd95bb,False,"[""MOVED_RIGHT""]",,0,0,False,1,,0
r2-1501201,254,11,1,11,1,d53202d150e22b5bf85d2b553c33c276579126736a10620c29fc43b381fd95bb,False,"[""BOMB_DROPPED""]",,0,0,False,0,,-0.5
r2-1501201,255,11,1,11,2,d53202d150e22b5bf85d2b553c33c276579126736a10620c29fc43b381fd95bb,True,"[""MOVED_DOWN""]",,0,0,False,0,,0
r2-1501201,256,11,2,11,2,d53202d150e22b5bf85d2b553c33c276579126736a10620c29fc43b381fd95bb,True,"[""WAITED""]",,0,0,False,0,,0
r2-1501201,257,11,2,11,3,d53202d150e22b5bf85d2b553c33c276579126736a10620c29fc43b381fd95bb,True,"[""MOVED_DOWN""]",,0,0,False,0,,0
r2-1501201,258,11,3,12,3,d53202d150e22b5bf85d2b553c33c276579126736a10620c29fc43b381fd95bb,True,"[""MOVED_RIGHT"",""BOMB_EXPLODED""]",,0,0,False,3,,0
r2-1501201,259,12,3,13,3,d53202d150e22b5bf85d2b553c33c276579126736a10620c29fc43b381fd95bb,True,"[""MOVED_RIGHT""]",,0,0,False,2,,0
r2-1501201,260,13,3,14,3,d53202d150e22b5bf85d2b553c33c276579126736a10620c29fc43b381fd95bb,False,"[""MOVED_RIGHT""]",,0,0,False,3,,0
r2-1501201,261,14,3,14,3,d53202d150e22b5bf85d2b553c33c276579126736a10620c29fc43b381fd95bb,False,"[""BOMB_DROPPED""]",,0,0,False,0,,-0.5
r2-1501201,262,14,3,14,3,d53202d150e22b5bf85d2b553c33c276579126736a10620c29fc43b381fd95bb,True,"[""WAITED""]",,0,0,False,0,,0
r2-1501201,263,14,3,14,3,d53202d150e22b5bf85d2b553c33c276579126736a10620c29fc43b381fd95bb,True,"[""WAITED""]",,0,0,False,0,,0
r2-1501201,264,14,3,15,3,d53202d150e22b5bf85d2b553c33c276579126736a10620c29fc43b381fd95bb,True,"[""MOVED_RIGHT""]",,0,0,False,0,,0
r2-1501201,265,15,3,15,2,d53202d150e22b5bf85d2b553c33c276579126736a10620c29fc43b381fd95bb,True,"[""MOVED_UP"",""BOMB_EXPLODED""]",,0,0,False,0,,0
r2-1501201,266,15,2,15,1,d53202d150e22b5bf85d2b553c33c276579126736a10620c29fc43b381fd95bb,True,"[""MOVED_UP""]",,0,0,False,0,,0
r2-1501201,267,15,1,14,1,d53202d150e22b5bf85d2b553c33c276579126736a10620c29fc43b381fd95bb,False,"[""MOVED_LEFT""]",,0,0,False,0,,0
r2-1501201,268,14,1,14,1,d53202d150e22b5bf85d2b553c33c276579126736a10620c29fc43b381fd95bb,False,"[""BOMB_DROPPED""]",,0,0,False,0,,-0.5
r2-1501201,269,14,1,14,1,d53202d150e22b5bf85d2b553c33c276579126736a10620c29fc43b381fd95bb,True,"[""WAITED""]",,0,0,False,0,,0
r2-1501201,270,14,1,14,1,d53202d150e22b5bf85d2b553c33c276579126736a10620c29fc43b381fd95bb,True,"[""WAITED""]",,0,0,False,0,,0
r2-1501201,271,14,1,15,1,d53202d150e22b5bf85d2b553c33c276579126736a10620c29fc43b381fd95bb,True,"[""MOVED_RIGHT""]",,0,0,False,0,,0
r2-1501201,272,15,1,15,2,d53202d150e22b5bf85d2b553c33c276579126736a10620c29fc43b381fd95bb,True,"[""MOVED_DOWN"",""BOMB_EXPLODED""]",,0,0,False,0,,0
r2-1501201,273,15,2,15,2,d53202d150e22b5bf85d2b553c33c276579126736a10620c29fc43b381fd95bb,True,"[""WAITED""]",,0,0,False,0,,0
r2-1501201,274,15,2,15,1,d53202d150e22b5bf85d2b553c33c276579126736a10620c29fc43b381fd95bb,False,"[""MOVED_UP""]",,0,0,False,0,,0
r2-1501201,275,15,1,15,1,d53202d150e22b5bf85d2b553c33c276579126736a10620c29fc43b381fd95bb,False,"[""BOMB_DROPPED""]",,0,0,False,0,,-0.5
r2-1501201,276,15,1,14,1,d53202d150e22b5bf85d2b553c33c276579126736a10620c29fc43b381fd95bb,True,"[""MOVED_LEFT""]",,0,0,False,0,,0
r2-1501201,277,14,1,13,1,d53202d150e22b5bf85d2b553c33c276579126736a10620c29fc43b381fd95bb,True,"[""MOVED_LEFT""]",,0,0,False,0,,0
r2-1501201,278,13,1,12,1,d53202d150e22b5bf85d2b553c33c276579126736a10620c29fc43b381fd95bb,True,"[""MOVED_LEFT""]",,0,0,False,2,,0
r2-1501201,279,12,1,11,1,d53202d150e22b5bf85d2b553c33c276579126736a10620c29fc43b381fd95bb,True,"[""MOVED_LEFT"",""BOMB_EXPLODED""]",,0,0,False,0,,0
r2-1501201,280,11,1,10,1,d53202d150e22b5bf85d2b553c33c276579126736a10620c29fc43b381fd95bb,True,"[""MOVED_LEFT""]",,0,0,False,0,,0
r2-1501201,281,10,1,11,1,d53202d150e22b5bf85d2b553c33c276579126736a10620c29fc43b381fd95bb,False,"[""MOVED_RIGHT""]",,0,0,False,1,,0
r2-1501201,282,11,1,11,1,d53202d150e22b5bf85d2b553c33c276579126736a10620c29fc43b381fd95bb,False,"[""BOMB_DROPPED""]",,0,0,False,0,,-0.5
r2-1501201,283,11,1,11,2,d53202d150e22b5bf85d2b553c33c276579126736a10620c29fc43b381fd95bb,True,"[""MOVED_DOWN""]",,0,0,False,0,,0
r2-1501201,284,11,2,11,2,d53202d150e22b5bf85d2b553c33c276579126736a10620c29fc43b381fd95bb,True,"[""WAITED""]",,0,0,False,0,,0
r2-1501201,285,11,2,11,3,d53202d150e22b5bf85d2b553c33c276579126736a10620c29fc43b381fd95bb,True,"[""MOVED_DOWN""]",,0,0,False,0,,0
r2-1501201,286,11,3,12,3,d53202d150e22b5bf85d2b553c33c276579126736a10620c29fc43b381fd95bb,True,"[""MOVED_RIGHT"",""BOMB_EXPLODED""]",,0,0,False,3,,0
r2-1501201,287,12,3,13,3,d53202d150e22b5bf85d2b553c33c276579126736a10620c29fc43b381fd95bb,True,"[""MOVED_RIGHT""]",,0,0,False,2,,0
r2-1501201,288,13,3,14,3,d53202d150e22b5bf85d2b553c33c276579126736a10620c29fc43b381fd95bb,False,"[""MOVED_RIGHT""]",,0,0,False,3,,0
r2-1501201,289,14,3,14,3,d53202d150e22b5bf85d2b553c33c276579126736a10620c29fc43b381fd95bb,False,"[""BOMB_DROPPED""]",,0,0,False,0,,-0.5
r2-1501201,290,14,3,14,3,d53202d150e22b5bf85d2b553c33c276579126736a10620c29fc43b381fd95bb,True,"[""WAITED""]",,0,0,False,0,,0
r2-1501201,291,14,3,14,3,d53202d150e22b5bf85d2b553c33c276579126736a10620c29fc43b381fd95bb,True,"[""WAITED""]",,0,0,False,0,,0
r2-1501201,292,14,3,15,3,d53202d150e22b5bf85d2b553c33c276579126736a10620c29fc43b381fd95bb,True,"[""MOVED_RIGHT""]",,0,0,False,0,,0
r2-1501201,293,15,3,15,2,d53202d150e22b5bf85d2b553c33c276579126736a10620c29fc43b381fd95bb,True,"[""MOVED_UP"",""BOMB_EXPLODED""]",,0,0,False,0,,0
r2-1501201,294,15,2,15,1,d53202d150e22b5bf85d2b553c33c276579126736a10620c29fc43b381fd95bb,True,"[""MOVED_UP""]",,0,0,False,0,,0
r2-1501201,295,15,1,14,1,d53202d150e22b5bf85d2b553c33c276579126736a10620c29fc43b381fd95bb,False,"[""MOVED_LEFT""]",,0,0,False,0,,0
r2-1501201,296,14,1,14,1,d53202d150e22b5bf85d2b553c33c276579126736a10620c29fc43b381fd95bb,False,"[""BOMB_DROPPED""]",,0,0,False,0,,-0.5
r2-1501201,297,14,1,14,1,d53202d150e22b5bf85d2b553c33c276579126736a10620c29fc43b381fd95bb,True,"[""WAITED""]",,0,0,False,0,,0
r2-1501201,298,14,1,14,1,d53202d150e22b5bf85d2b553c33c276579126736a10620c29fc43b381fd95bb,True,"[""WAITED""]",,0,0,False,0,,0
r2-1501201,299,14,1,15,1,d53202d150e22b5bf85d2b553c33c276579126736a10620c29fc43b381fd95bb,True,"[""MOVED_RIGHT""]",,0,0,False,0,,0
r2-1501201,300,15,1,15,2,d53202d150e22b5bf85d2b553c33c276579126736a10620c29fc43b381fd95bb,True,"[""MOVED_DOWN"",""BOMB_EXPLODED""]",,0,0,False,0,,0
r2-1501201,301,15,2,15,2,d53202d150e22b5bf85d2b553c33c276579126736a10620c29fc43b381fd95bb,True,"[""WAITED""]",,0,0,False,0,,0
r2-1501201,302,15,2,15,1,d53202d150e22b5bf85d2b553c33c276579126736a10620c29fc43b381fd95bb,False,"[""MOVED_UP""]",,0,0,False,0,,0
r2-1501201,303,15,1,15,1,d53202d150e22b5bf85d2b553c33c276579126736a10620c29fc43b381fd95bb,False,"[""BOMB_DROPPED""]",,0,0,False,0,,-0.5
r2-1501201,304,15,1,14,1,d53202d150e22b5bf85d2b553c33c276579126736a10620c29fc43b381fd95bb,True,"[""MOVED_LEFT""]",,0,0,False,0,,0
r2-1501201,305,14,1,13,1,d53202d150e22b5bf85d2b553c33c276579126736a10620c29fc43b381fd95bb,True,"[""MOVED_LEFT""]",,0,0,False,0,,0
r2-1501201,306,13,1,12,1,d53202d150e22b5bf85d2b553c33c276579126736a10620c29fc43b381fd95bb,True,"[""MOVED_LEFT""]",,0,0,False,2,,0
r2-1501201,307,12,1,11,1,d53202d150e22b5bf85d2b553c33c276579126736a10620c29fc43b381fd95bb,True,"[""MOVED_LEFT"",""BOMB_EXPLODED""]",,0,0,False,0,,0
r2-1501201,308,11,1,10,1,d53202d150e22b5bf85d2b553c33c276579126736a10620c29fc43b381fd95bb,True,"[""MOVED_LEFT""]",,0,0,False,0,,0
r2-1501201,309,10,1,11,1,d53202d150e22b5bf85d2b553c33c276579126736a10620c29fc43b381fd95bb,False,"[""MOVED_RIGHT""]",,0,0,False,1,,0
r2-1501201,310,11,1,11,1,d53202d150e22b5bf85d2b553c33c276579126736a10620c29fc43b381fd95bb,False,"[""BOMB_DROPPED""]",,0,0,False,0,,-0.5
r2-1501201,311,11,1,11,2,d53202d150e22b5bf85d2b553c33c276579126736a10620c29fc43b381fd95bb,True,"[""MOVED_DOWN""]",,0,0,False,0,,0
r2-1501201,312,11,2,11,2,d53202d150e22b5bf85d2b553c33c276579126736a10620c29fc43b381fd95bb,True,"[""WAITED""]",,0,0,False,0,,0
r2-1501201,313,11,2,11,3,d53202d150e22b5bf85d2b553c33c276579126736a10620c29fc43b381fd95bb,True,"[""MOVED_DOWN""]",,0,0,False,0,,0
r2-1501201,314,11,3,12,3,d53202d150e22b5bf85d2b553c33c276579126736a10620c29fc43b381fd95bb,True,"[""MOVED_RIGHT"",""BOMB_EXPLODED""]",,0,0,False,3,,0
r2-1501201,315,12,3,13,3,d53202d150e22b5bf85d2b553c33c276579126736a10620c29fc43b381fd95bb,True,"[""MOVED_RIGHT""]",,0,0,False,2,,0
r2-1501201,316,13,3,14,3,d53202d150e22b5bf85d2b553c33c276579126736a10620c29fc43b381fd95bb,False,"[""MOVED_RIGHT""]",,0,0,False,3,,0
r2-1501201,317,14,3,14,3,d53202d150e22b5bf85d2b553c33c276579126736a10620c29fc43b381fd95bb,False,"[""BOMB_DROPPED""]",,0,0,False,0,,-0.5
r2-1501201,318,14,3,14,3,d53202d150e22b5bf85d2b553c33c276579126736a10620c29fc43b381fd95bb,True,"[""WAITED""]",,0,0,False,0,,0
r2-1501201,319,14,3,14,3,d53202d150e22b5bf85d2b553c33c276579126736a10620c29fc43b381fd95bb,True,"[""WAITED""]",,0,0,False,0,,0
r2-1501201,320,14,3,15,3,d53202d150e22b5bf85d2b553c33c276579126736a10620c29fc43b381fd95bb,True,"[""MOVED_RIGHT""]",,0,0,False,0,,0
r2-1501201,321,15,3,15,2,d53202d150e22b5bf85d2b553c33c276579126736a10620c29fc43b381fd95bb,True,"[""MOVED_UP"",""BOMB_EXPLODED""]",,0,0,False,0,,0
r2-1501201,322,15,2,15,1,d53202d150e22b5bf85d2b553c33c276579126736a10620c29fc43b381fd95bb,True,"[""MOVED_UP""]",,0,0,False,0,,0
r2-1501201,323,15,1,14,1,d53202d150e22b5bf85d2b553c33c276579126736a10620c29fc43b381fd95bb,False,"[""MOVED_LEFT""]",,0,0,False,0,,0
r2-1501201,324,14,1,14,1,d53202d150e22b5bf85d2b553c33c276579126736a10620c29fc43b381fd95bb,False,"[""BOMB_DROPPED""]",,0,0,False,0,,-0.5
r2-1501201,325,14,1,14,1,d53202d150e22b5bf85d2b553c33c276579126736a10620c29fc43b381fd95bb,True,"[""WAITED""]",,0,0,False,0,,0
r2-1501201,326,14,1,14,1,d53202d150e22b5bf85d2b553c33c276579126736a10620c29fc43b381fd95bb,True,"[""WAITED""]",,0,0,False,0,,0
r2-1501201,327,14,1,15,1,d53202d150e22b5bf85d2b553c33c276579126736a10620c29fc43b381fd95bb,True,"[""MOVED_RIGHT""]",,0,0,False,0,,0
r2-1501201,328,15,1,15,2,d53202d150e22b5bf85d2b553c33c276579126736a10620c29fc43b381fd95bb,True,"[""MOVED_DOWN"",""BOMB_EXPLODED""]",,0,0,False,0,,0
r2-1501201,329,15,2,15,2,d53202d150e22b5bf85d2b553c33c276579126736a10620c29fc43b381fd95bb,True,"[""WAITED""]",,0,0,False,0,,0
r2-1501201,330,15,2,15,1,d53202d150e22b5bf85d2b553c33c276579126736a10620c29fc43b381fd95bb,False,"[""MOVED_UP""]",,0,0,False,0,,0
r2-1501201,331,15,1,15,1,d53202d150e22b5bf85d2b553c33c276579126736a10620c29fc43b381fd95bb,False,"[""BOMB_DROPPED""]",,0,0,False,0,,-0.5
r2-1501201,332,15,1,14,1,d53202d150e22b5bf85d2b553c33c276579126736a10620c29fc43b381fd95bb,True,"[""MOVED_LEFT""]",,0,0,False,0,,0
r2-1501201,333,14,1,13,1,d53202d150e22b5bf85d2b553c33c276579126736a10620c29fc43b381fd95bb,True,"[""MOVED_LEFT""]",,0,0,False,0,,0
r2-1501201,334,13,1,12,1,d53202d150e22b5bf85d2b553c33c276579126736a10620c29fc43b381fd95bb,True,"[""MOVED_LEFT""]",,0,0,False,2,,0
r2-1501201,335,12,1,11,1,d53202d150e22b5bf85d2b553c33c276579126736a10620c29fc43b381fd95bb,True,"[""MOVED_LEFT"",""BOMB_EXPLODED""]",,0,0,False,0,,0
r2-1501201,336,11,1,10,1,d53202d150e22b5bf85d2b553c33c276579126736a10620c29fc43b381fd95bb,True,"[""MOVED_LEFT""]",,0,0,False,0,,0
r2-1501201,337,10,1,11,1,d53202d150e22b5bf85d2b553c33c276579126736a10620c29fc43b381fd95bb,False,"[""MOVED_RIGHT""]",,0,0,False,1,,0
r2-1501201,338,11,1,11,1,d53202d150e22b5bf85d2b553c33c276579126736a10620c29fc43b381fd95bb,False,"[""BOMB_DROPPED""]",,0,0,False,0,,-0.5
r2-1501201,339,11,1,11,2,d53202d150e22b5bf85d2b553c33c276579126736a10620c29fc43b381fd95bb,True,"[""MOVED_DOWN""]",,0,0,False,0,,0
r2-1501201,340,11,2,11,2,d53202d150e22b5bf85d2b553c33c276579126736a10620c29fc43b381fd95bb,True,"[""WAITED""]",,0,0,False,0,,0
r2-1501201,341,11,2,11,3,d53202d150e22b5bf85d2b553c33c276579126736a10620c29fc43b381fd95bb,True,"[""MOVED_DOWN""]",,0,0,False,0,,0
r2-1501201,342,11,3,12,3,d53202d150e22b5bf85d2b553c33c276579126736a10620c29fc43b381fd95bb,True,"[""MOVED_RIGHT"",""BOMB_EXPLODED""]",,0,0,False,3,,0
r2-1501201,343,12,3,13,3,d53202d150e22b5bf85d2b553c33c276579126736a10620c29fc43b381fd95bb,True,"[""MOVED_RIGHT""]",,0,0,False,2,,0
r2-1501201,344,13,3,14,3,d53202d150e22b5bf85d2b553c33c276579126736a10620c29fc43b381fd95bb,False,"[""MOVED_RIGHT""]",,0,0,False,3,,0
r2-1501201,345,14,3,14,3,d53202d150e22b5bf85d2b553c33c276579126736a10620c29fc43b381fd95bb,False,"[""BOMB_DROPPED""]",,0,0,False,0,,-0.5
r2-1501201,346,14,3,14,3,d53202d150e22b5bf85d2b553c33c276579126736a10620c29fc43b381fd95bb,True,"[""WAITED""]",,0,0,False,0,,0
r2-1501201,347,14,3,14,3,d53202d150e22b5bf85d2b553c33c276579126736a10620c29fc43b381fd95bb,True,"[""WAITED""]",,0,0,False,0,,0
r2-1501201,348,14,3,15,3,d53202d150e22b5bf85d2b553c33c276579126736a10620c29fc43b381fd95bb,True,"[""MOVED_RIGHT""]",,0,0,False,0,,0
r2-1501201,349,15,3,15,2,d53202d150e22b5bf85d2b553c33c276579126736a10620c29fc43b381fd95bb,True,"[""MOVED_UP"",""BOMB_EXPLODED""]",,0,0,False,0,,0
r2-1501201,350,15,2,15,1,d53202d150e22b5bf85d2b553c33c276579126736a10620c29fc43b381fd95bb,True,"[""MOVED_UP""]",,0,0,False,0,,0
r2-1501201,351,15,1,14,1,d53202d150e22b5bf85d2b553c33c276579126736a10620c29fc43b381fd95bb,False,"[""MOVED_LEFT""]",,0,0,False,0,,0
r2-1501201,352,14,1,14,1,d53202d150e22b5bf85d2b553c33c276579126736a10620c29fc43b381fd95bb,False,"[""BOMB_DROPPED""]",,0,0,False,0,,-0.5
r2-1501201,353,14,1,14,1,d53202d150e22b5bf85d2b553c33c276579126736a10620c29fc43b381fd95bb,True,"[""WAITED""]",,0,0,False,0,,0
r2-1501201,354,14,1,14,1,d53202d150e22b5bf85d2b553c33c276579126736a10620c29fc43b381fd95bb,True,"[""WAITED""]",,0,0,False,0,,0
r2-1501201,355,14,1,15,1,d53202d150e22b5bf85d2b553c33c276579126736a10620c29fc43b381fd95bb,True,"[""MOVED_RIGHT""]",,0,0,False,0,,0
r2-1501201,356,15,1,15,2,d53202d150e22b5bf85d2b553c33c276579126736a10620c29fc43b381fd95bb,True,"[""MOVED_DOWN"",""BOMB_EXPLODED""]",,0,0,False,0,,0
r2-1501201,357,15,2,15,2,d53202d150e22b5bf85d2b553c33c276579126736a10620c29fc43b381fd95bb,True,"[""WAITED""]",,0,0,False,0,,0
r2-1501201,358,15,2,15,1,d53202d150e22b5bf85d2b553c33c276579126736a10620c29fc43b381fd95bb,False,"[""MOVED_UP""]",,0,0,False,0,,0
r2-1501201,359,15,1,15,1,d53202d150e22b5bf85d2b553c33c276579126736a10620c29fc43b381fd95bb,False,"[""BOMB_DROPPED""]",,0,0,False,0,,-0.5
r2-1501201,360,15,1,14,1,d53202d150e22b5bf85d2b553c33c276579126736a10620c29fc43b381fd95bb,True,"[""MOVED_LEFT""]",,0,0,False,0,,0
r2-1501201,361,14,1,13,1,d53202d150e22b5bf85d2b553c33c276579126736a10620c29fc43b381fd95bb,True,"[""MOVED_LEFT""]",,0,0,False,0,,0
r2-1501201,362,13,1,12,1,d53202d150e22b5bf85d2b553c33c276579126736a10620c29fc43b381fd95bb,True,"[""MOVED_LEFT""]",,0,0,False,2,,0
r2-1501201,363,12,1,11,1,d53202d150e22b5bf85d2b553c33c276579126736a10620c29fc43b381fd95bb,True,"[""MOVED_LEFT"",""BOMB_EXPLODED""]",,0,0,False,0,,0
r2-1501201,364,11,1,10,1,d53202d150e22b5bf85d2b553c33c276579126736a10620c29fc43b381fd95bb,True,"[""MOVED_LEFT""]",,0,0,False,0,,0
r2-1501201,365,10,1,11,1,d53202d150e22b5bf85d2b553c33c276579126736a10620c29fc43b381fd95bb,False,"[""MOVED_RIGHT""]",,0,0,False,1,,0
r2-1501201,366,11,1,11,1,d53202d150e22b5bf85d2b553c33c276579126736a10620c29fc43b381fd95bb,False,"[""BOMB_DROPPED""]",,0,0,False,0,,-0.5
r2-1501201,367,11,1,11,2,d53202d150e22b5bf85d2b553c33c276579126736a10620c29fc43b381fd95bb,True,"[""MOVED_DOWN""]",,0,0,False,0,,0
r2-1501201,368,11,2,11,2,d53202d150e22b5bf85d2b553c33c276579126736a10620c29fc43b381fd95bb,True,"[""WAITED""]",,0,0,False,0,,0
r2-1501201,369,11,2,11,3,d53202d150e22b5bf85d2b553c33c276579126736a10620c29fc43b381fd95bb,True,"[""MOVED_DOWN""]",,0,0,False,0,,0
r2-1501201,370,11,3,12,3,d53202d150e22b5bf85d2b553c33c276579126736a10620c29fc43b381fd95bb,True,"[""MOVED_RIGHT"",""BOMB_EXPLODED""]",,0,0,False,3,,0
r2-1501201,371,12,3,13,3,d53202d150e22b5bf85d2b553c33c276579126736a10620c29fc43b381fd95bb,True,"[""MOVED_RIGHT""]",,0,0,False,2,,0
r2-1501201,372,13,3,14,3,d53202d150e22b5bf85d2b553c33c276579126736a10620c29fc43b381fd95bb,False,"[""MOVED_RIGHT""]",,0,0,False,3,,0
r2-1501201,373,14,3,14,3,d53202d150e22b5bf85d2b553c33c276579126736a10620c29fc43b381fd95bb,False,"[""BOMB_DROPPED""]",,0,0,False,0,,-0.5
r2-1501201,374,14,3,14,3,d53202d150e22b5bf85d2b553c33c276579126736a10620c29fc43b381fd95bb,True,"[""WAITED""]",,0,0,False,0,,0
r2-1501201,375,14,3,14,3,d53202d150e22b5bf85d2b553c33c276579126736a10620c29fc43b381fd95bb,True,"[""WAITED""]",,0,0,False,0,,0
r2-1501201,376,14,3,15,3,d53202d150e22b5bf85d2b553c33c276579126736a10620c29fc43b381fd95bb,True,"[""MOVED_RIGHT""]",,0,0,False,0,,0
r2-1501201,377,15,3,15,2,d53202d150e22b5bf85d2b553c33c276579126736a10620c29fc43b381fd95bb,True,"[""MOVED_UP"",""BOMB_EXPLODED""]",,0,0,False,0,,0
r2-1501201,378,15,2,15,1,d53202d150e22b5bf85d2b553c33c276579126736a10620c29fc43b381fd95bb,True,"[""MOVED_UP""]",,0,0,False,0,,0
r2-1501201,379,15,1,14,1,d53202d150e22b5bf85d2b553c33c276579126736a10620c29fc43b381fd95bb,False,"[""MOVED_LEFT""]",,0,0,False,0,,0
r2-1501201,380,14,1,14,1,d53202d150e22b5bf85d2b553c33c276579126736a10620c29fc43b381fd95bb,False,"[""BOMB_DROPPED""]",,0,0,False,0,,-0.5
r2-1501201,381,14,1,14,1,d53202d150e22b5bf85d2b553c33c276579126736a10620c29fc43b381fd95bb,True,"[""WAITED""]",,0,0,False,0,,0
r2-1501201,382,14,1,14,1,d53202d150e22b5bf85d2b553c33c276579126736a10620c29fc43b381fd95bb,True,"[""WAITED""]",,0,0,False,0,,0
r2-1501201,383,14,1,15,1,d53202d150e22b5bf85d2b553c33c276579126736a10620c29fc43b381fd95bb,True,"[""MOVED_RIGHT""]",,0,0,False,0,,0
r2-1501201,384,15,1,15,2,d53202d150e22b5bf85d2b553c33c276579126736a10620c29fc43b381fd95bb,True,"[""MOVED_DOWN"",""BOMB_EXPLODED""]",,0,0,False,0,,0
r2-1501201,385,15,2,15,2,d53202d150e22b5bf85d2b553c33c276579126736a10620c29fc43b381fd95bb,True,"[""WAITED""]",,0,0,False,0,,0
r2-1501201,386,15,2,15,1,d53202d150e22b5bf85d2b553c33c276579126736a10620c29fc43b381fd95bb,False,"[""MOVED_UP""]",,0,0,False,0,,0
r2-1501201,387,15,1,15,1,d53202d150e22b5bf85d2b553c33c276579126736a10620c29fc43b381fd95bb,False,"[""BOMB_DROPPED""]",,0,0,False,0,,-0.5
r2-1501201,388,15,1,14,1,d53202d150e22b5bf85d2b553c33c276579126736a10620c29fc43b381fd95bb,True,"[""MOVED_LEFT""]",,0,0,False,0,,0
r2-1501201,389,14,1,13,1,d53202d150e22b5bf85d2b553c33c276579126736a10620c29fc43b381fd95bb,True,"[""MOVED_LEFT""]",,0,0,False,0,,0
r2-1501201,390,13,1,12,1,d53202d150e22b5bf85d2b553c33c276579126736a10620c29fc43b381fd95bb,True,"[""MOVED_LEFT""]",,0,0,False,2,,0
r2-1501201,391,12,1,11,1,d53202d150e22b5bf85d2b553c33c276579126736a10620c29fc43b381fd95bb,True,"[""MOVED_LEFT"",""BOMB_EXPLODED""]",,0,0,False,0,,0
r2-1501201,392,11,1,10,1,d53202d150e22b5bf85d2b553c33c276579126736a10620c29fc43b381fd95bb,True,"[""MOVED_LEFT""]",,0,0,False,0,,0
r2-1501201,393,10,1,11,1,d53202d150e22b5bf85d2b553c33c276579126736a10620c29fc43b381fd95bb,False,"[""MOVED_RIGHT""]",,0,0,False,1,,0
r2-1501201,394,11,1,11,1,d53202d150e22b5bf85d2b553c33c276579126736a10620c29fc43b381fd95bb,False,"[""BOMB_DROPPED""]",,0,0,False,0,,-0.5
r2-1501201,395,11,1,11,2,d53202d150e22b5bf85d2b553c33c276579126736a10620c29fc43b381fd95bb,True,"[""MOVED_DOWN""]",,0,0,False,0,,0
r2-1501201,396,11,2,11,2,d53202d150e22b5bf85d2b553c33c276579126736a10620c29fc43b381fd95bb,True,"[""WAITED""]",,0,0,False,0,,0
r2-1501201,397,11,2,11,3,d53202d150e22b5bf85d2b553c33c276579126736a10620c29fc43b381fd95bb,True,"[""MOVED_DOWN""]",,0,0,False,0,,0
r2-1501201,398,11,3,12,3,d53202d150e22b5bf85d2b553c33c276579126736a10620c29fc43b381fd95bb,True,"[""MOVED_RIGHT"",""BOMB_EXPLODED""]",,0,0,False,3,,0
r2-1501201,399,12,3,13,3,d53202d150e22b5bf85d2b553c33c276579126736a10620c29fc43b381fd95bb,True,"[""MOVED_RIGHT""]",,0,0,False,2,,0
r2-1501201,400,13,3,14,3,d53202d150e22b5bf85d2b553c33c276579126736a10620c29fc43b381fd95bb,False,"[""MOVED_RIGHT"",""SURVIVED_ROUND""]",,0,0,False,3,,0
r3-1501101,1,15,1,14,1,ba0d3229fa8d0c3f154b984c6e098c42088c23f9c750e4ad28c013c1f9da22bb,False,"[""MOVED_LEFT""]",14,0,0,False,3,,0
r3-1501101,2,14,1,14,1,ba0d3229fa8d0c3f154b984c6e098c42088c23f9c750e4ad28c013c1f9da22bb,False,"[""BOMB_DROPPED""]",12,0,0,False,3,,0
r3-1501101,3,14,1,14,1,ba0d3229fa8d0c3f154b984c6e098c42088c23f9c750e4ad28c013c1f9da22bb,True,"[""WAITED""]",12,0,0,False,3,,0
r3-1501101,4,14,1,14,1,ba0d3229fa8d0c3f154b984c6e098c42088c23f9c750e4ad28c013c1f9da22bb,True,"[""WAITED""]",12,0,0,False,3,,0
r3-1501101,5,14,1,15,1,ba0d3229fa8d0c3f154b984c6e098c42088c23f9c750e4ad28c013c1f9da22bb,True,"[""MOVED_RIGHT""]",12,0,0,False,3,,0
r3-1501101,6,15,1,15,2,ba0d3229fa8d0c3f154b984c6e098c42088c23f9c750e4ad28c013c1f9da22bb,True,"[""MOVED_DOWN"",""BOMB_EXPLODED"",""CRATE_DESTROYED"",""CRATE_DESTROYED"",""CRATE_DESTROYED""]",13,0,0,False,3,,0
r3-1501101,7,15,2,15,2,f19edb06f0a26cfeae7d5cfcb96dafb252e3b075fab4386f909d4e79ab8ba27e,True,"[""WAITED""]",14,0,0,False,3,,0
r3-1501101,8,15,2,15,1,f19edb06f0a26cfeae7d5cfcb96dafb252e3b075fab4386f909d4e79ab8ba27e,False,"[""MOVED_UP""]",15,0,0,False,3,,0
r3-1501101,9,15,1,15,1,f19edb06f0a26cfeae7d5cfcb96dafb252e3b075fab4386f909d4e79ab8ba27e,False,"[""BOMB_DROPPED""]",15,0,0,False,2,,0
r3-1501101,10,15,1,14,1,f19edb06f0a26cfeae7d5cfcb96dafb252e3b075fab4386f909d4e79ab8ba27e,True,"[""MOVED_LEFT""]",15,0,0,False,2,,0
r3-1501101,11,14,1,13,1,f19edb06f0a26cfeae7d5cfcb96dafb252e3b075fab4386f909d4e79ab8ba27e,True,"[""MOVED_LEFT""]",14,0,0,False,0,,0
r3-1501101,12,13,1,12,1,f19edb06f0a26cfeae7d5cfcb96dafb252e3b075fab4386f909d4e79ab8ba27e,True,"[""MOVED_LEFT""]",13,0,0,False,3,,0
r3-1501101,13,12,1,11,1,f19edb06f0a26cfeae7d5cfcb96dafb252e3b075fab4386f909d4e79ab8ba27e,True,"[""MOVED_LEFT"",""BOMB_EXPLODED"",""CRATE_DESTROYED"",""CRATE_DESTROYED""]",11,0,0,False,2,,0
r3-1501101,14,11,1,11,2,8fb070854beec080f8b2466d1eaabdf3094a234cf1929fcc1d2b0a6cc9565a06,True,"[""MOVED_DOWN""]",10,0,0,False,3,,0
r3-1501101,15,11,2,11,1,8fb070854beec080f8b2466d1eaabdf3094a234cf1929fcc1d2b0a6cc9565a06,False,"[""MOVED_UP""]",11,0,0,False,2,,0
r3-1501101,16,11,1,11,1,8fb070854beec080f8b2466d1eaabdf3094a234cf1929fcc1d2b0a6cc9565a06,False,"[""BOMB_DROPPED""]",11,0,0,False,3,,0
r3-1501101,17,11,1,12,1,8fb070854beec080f8b2466d1eaabdf3094a234cf1929fcc1d2b0a6cc9565a06,True,"[""MOVED_RIGHT""]",11,0,0,False,3,,0
r3-1501101,18,12,1,13,1,8fb070854beec080f8b2466d1eaabdf3094a234cf1929fcc1d2b0a6cc9565a06,True,"[""MOVED_RIGHT""]",12,0,0,False,2,,0
r3-1501101,19,13,1,14,1,8fb070854beec080f8b2466d1eaabdf3094a234cf1929fcc1d2b0a6cc9565a06,True,"[""MOVED_RIGHT""]",12,0,0,False,3,,0
r3-1501101,20,14,1,15,1,8fb070854beec080f8b2466d1eaabdf3094a234cf1929fcc1d2b0a6cc9565a06,True,"[""MOVED_RIGHT"",""BOMB_EXPLODED"",""CRATE_DESTROYED"",""CRATE_DESTROYED"",""CRATE_DESTROYED"",""CRATE_DESTROYED""]",14,0,0,False,0,,0
r3-1501101,21,15,1,15,1,84c11310bdd69bc5a6226764a019240af57b7bdf2cc0fbc484bf8615c70da9ff,True,"[""WAITED""]",15,0,0,False,0,,0
r3-1501101,22,15,1,15,2,84c11310bdd69bc5a6226764a019240af57b7bdf2cc0fbc484bf8615c70da9ff,False,"[""MOVED_DOWN""]",14,0,0,False,0,,0
r3-1501101,23,15,2,15,2,84c11310bdd69bc5a6226764a019240af57b7bdf2cc0fbc484bf8615c70da9ff,False,"[""BOMB_DROPPED""]",15,0,0,False,1,,0
r3-1501101,24,15,2,15,2,84c11310bdd69bc5a6226764a019240af57b7bdf2cc0fbc484bf8615c70da9ff,True,"[""WAITED""]",14,0,0,False,1,,0
r3-1501101,25,15,2,15,2,84c11310bdd69bc5a6226764a019240af57b7bdf2cc0fbc484bf8615c70da9ff,True,"[""WAITED""]",15,0,0,False,1,,0
r3-1501101,26,15,2,15,1,84c11310bdd69bc5a6226764a019240af57b7bdf2cc0fbc484bf8615c70da9ff,True,"[""MOVED_UP""]",15,0,0,False,1,,0
r3-1501101,27,15,1,14,1,84c11310bdd69bc5a6226764a019240af57b7bdf2cc0fbc484bf8615c70da9ff,True,"[""MOVED_LEFT"",""BOMB_EXPLODED"",""CRATE_DESTROYED""]",14,0,0,False,0,,0
r3-1501101,28,14,1,13,1,afae467d2f5021f957562254aa4a9d083b4aefbaef2cc619772f48b8fbcdaa43,True,"[""MOVED_LEFT""]",13,0,0,False,0,,0
r3-1501101,29,13,1,13,1,afae467d2f5021f957562254aa4a9d083b4aefbaef2cc619772f48b8fbcdaa43,False,"[""WAITED""]",11,0,0,False,3,,0
r3-1501101,30,13,1,13,1,afae467d2f5021f957562254aa4a9d083b4aefbaef2cc619772f48b8fbcdaa43,False,"[""BOMB_DROPPED""]",11,0,0,False,3,,0
r3-1501101,31,13,1,13,1,afae467d2f5021f957562254aa4a9d083b4aefbaef2cc619772f48b8fbcdaa43,True,"[""WAITED""]",11,0,0,False,3,,0
r3-1501101,32,13,1,14,1,afae467d2f5021f957562254aa4a9d083b4aefbaef2cc619772f48b8fbcdaa43,True,"[""MOVED_RIGHT""]",11,0,0,False,3,,0
r3-1501101,33,14,1,15,1,afae467d2f5021f957562254aa4a9d083b4aefbaef2cc619772f48b8fbcdaa43,True,"[""MOVED_RIGHT""]",12,0,0,False,0,,0
r3-1501101,34,15,1,15,2,afae467d2f5021f957562254aa4a9d083b4aefbaef2cc619772f48b8fbcdaa43,True,"[""MOVED_DOWN"",""BOMB_EXPLODED"",""CRATE_DESTROYED"",""CRATE_DESTROYED"",""CRATE_DESTROYED""]",13,0,0,False,0,,0
r3-1501101,35,15,2,15,3,937b3a10653de64bd0d18ba84828b7e84803c9de09d56f0711f8c9bea5f9ef60,True,"[""MOVED_DOWN""]",14,0,0,False,0,,0
r3-1501101,36,15,3,15,4,937b3a10653de64bd0d18ba84828b7e84803c9de09d56f0711f8c9bea5f9ef60,False,"[""MOVED_DOWN""]",16,0,0,False,2,,0
r3-1501101,37,15,4,15,4,937b3a10653de64bd0d18ba84828b7e84803c9de09d56f0711f8c9bea5f9ef60,False,"[""BOMB_DROPPED""]",17,0,0,False,2,,0
r3-1501101,38,15,4,15,3,937b3a10653de64bd0d18ba84828b7e84803c9de09d56f0711f8c9bea5f9ef60,True,"[""MOVED_UP""]",16,0,0,False,2,,0
r3-1501101,39,15,3,15,2,937b3a10653de64bd0d18ba84828b7e84803c9de09d56f0711f8c9bea5f9ef60,True,"[""MOVED_UP""]",15,0,0,False,2,,0
r3-1501101,40,15,2,15,1,937b3a10653de64bd0d18ba84828b7e84803c9de09d56f0711f8c9bea5f9ef60,True,"[""MOVED_UP""]",14,0,0,False,0,,0
r3-1501101,41,15,1,14,1,937b3a10653de64bd0d18ba84828b7e84803c9de09d56f0711f8c9bea5f9ef60,True,"[""MOVED_LEFT"",""BOMB_EXPLODED"",""CRATE_DESTROYED"",""CRATE_DESTROYED""]",14,0,0,False,0,,0
r3-1501101,42,14,1,13,1,087d5104a0804340565a66a6856d85173ccd8895a541bc91f88dbc03f2eafc91,True,"[""MOVED_LEFT""]",14,0,0,False,0,,0
r3-1501101,43,13,1,13,2,087d5104a0804340565a66a6856d85173ccd8895a541bc91f88dbc03f2eafc91,False,"[""MOVED_DOWN""]",13,0,0,False,0,,0
r3-1501101,44,13,2,13,2,087d5104a0804340565a66a6856d85173ccd8895a541bc91f88dbc03f2eafc91,False,"[""BOMB_DROPPED""]",13,0,0,False,1,,0
r3-1501101,45,13,2,13,2,087d5104a0804340565a66a6856d85173ccd8895a541bc91f88dbc03f2eafc91,True,"[""WAITED""]",12,0,0,False,1,,0
r3-1501101,46,13,2,13,2,087d5104a0804340565a66a6856d85173ccd8895a541bc91f88dbc03f2eafc91,True,"[""WAITED""]",12,0,0,False,1,,0
r3-1501101,47,13,2,13,3,087d5104a0804340565a66a6856d85173ccd8895a541bc91f88dbc03f2eafc91,True,"[""MOVED_DOWN""]",12,0,0,False,1,,0
r3-1501101,48,13,3,12,3,087d5104a0804340565a66a6856d85173ccd8895a541bc91f88dbc03f2eafc91,True,"[""MOVED_LEFT"",""BOMB_EXPLODED"",""CRATE_DESTROYED""]",13,0,0,False,3,,0
r3-1501101,49,12,3,11,3,0dc082633cf5cd8738ef7bbbd3eeb34a213dbc77efbb17d65214f4b80cc06547,True,"[""MOVED_LEFT""]",12,0,0,False,2,,0
r3-1501101,50,11,3,11,3,0dc082633cf5cd8738ef7bbbd3eeb34a213dbc77efbb17d65214f4b80cc06547,False,"[""WAITED""]",11,0,0,False,3,,0
r3-1501101,51,11,3,11,3,0dc082633cf5cd8738ef7bbbd3eeb34a213dbc77efbb17d65214f4b80cc06547,False,"[""BOMB_DROPPED""]",11,0,0,False,3,,0
r3-1501101,52,11,3,11,3,0dc082633cf5cd8738ef7bbbd3eeb34a213dbc77efbb17d65214f4b80cc06547,True,"[""WAITED""]",11,0,0,False,3,,0
r3-1501101,53,11,3,12,3,0dc082633cf5cd8738ef7bbbd3eeb34a213dbc77efbb17d65214f4b80cc06547,True,"[""MOVED_RIGHT""]",11,0,0,False,3,,0
r3-1501101,54,12,3,13,3,0dc082633cf5cd8738ef7bbbd3eeb34a213dbc77efbb17d65214f4b80cc06547,True,"[""MOVED_RIGHT""]",13,0,0,False,2,,0
r3-1501101,55,13,3,13,4,0dc082633cf5cd8738ef7bbbd3eeb34a213dbc77efbb17d65214f4b80cc06547,True,"[""MOVED_DOWN"",""BOMB_EXPLODED"",""CRATE_DESTROYED"",""COIN_FOUND"",""CRATE_DESTROYED"",""CRATE_DESTROYED"",""CRATE_DESTROYED""]",13,0,0,False,3,,0
r3-1501101,56,13,4,13,4,b246659ba125d620604713f62f166662d4c6cdc58d36a06b0d49bf3b8e0b303a,True,"[""WAITED""]",14,0,0,False,1,,0
r3-1501101,57,13,4,13,3,b246659ba125d620604713f62f166662d4c6cdc58d36a06b0d49bf3b8e0b303a,False,"[""MOVED_UP""]",14,0,0,False,1,,0
r3-1501101,58,13,3,14,3,b246659ba125d620604713f62f166662d4c6cdc58d36a06b0d49bf3b8e0b303a,False,"[""MOVED_RIGHT"",""COIN_COLLECTED""]",13,0,0,False,1,,0
r3-1501101,59,14,3,13,3,9210dd65bfb2a5fcb39e31f826220cab757e3adf5a12c6b4da7f9b8f3f111e28,False,"[""MOVED_LEFT""]",14,0,0,False,0,,0
r3-1501101,60,13,3,13,3,9210dd65bfb2a5fcb39e31f826220cab757e3adf5a12c6b4da7f9b8f3f111e28,False,"[""BOMB_DROPPED""]",13,0,0,False,1,,0
r3-1501101,61,13,3,13,3,9210dd65bfb2a5fcb39e31f826220cab757e3adf5a12c6b4da7f9b8f3f111e28,True,"[""WAITED""]",14,0,0,False,1,,0
r3-1501101,62,13,3,13,2,9210dd65bfb2a5fcb39e31f826220cab757e3adf5a12c6b4da7f9b8f3f111e28,True,"[""MOVED_UP""]",14,0,0,False,1,,0
r3-1501101,63,13,2,13,1,9210dd65bfb2a5fcb39e31f826220cab757e3adf5a12c6b4da7f9b8f3f111e28,True,"[""MOVED_UP""]",12,0,0,False,0,,0
r3-1501101,64,13,1,12,1,9210dd65bfb2a5fcb39e31f826220cab757e3adf5a12c6b4da7f9b8f3f111e28,True,"[""MOVED_LEFT"",""BOMB_EXPLODED"",""CRATE_DESTROYED""]",12,0,0,False,0,,0
r3-1501101,65,12,1,11,1,b58470b9f2043c97ee35043459cd9652c759485b8af4a806b599acb0690f40e6,True,"[""MOVED_LEFT""]",10,0,0,False,0,,0
r3-1501101,66,11,1,11,2,b58470b9f2043c97ee35043459cd9652c759485b8af4a806b599acb0690f40e6,False,"[""MOVED_DOWN""]",10,0,0,False,0,,0
r3-1501101,67,11,2,11,1,b58470b9f2043c97ee35043459cd9652c759485b8af4a806b599acb0690f40e6,False,"[""MOVED_UP""]",10,0,0,False,0,,0
r3-1501101,68,11,1,10,1,b58470b9f2043c97ee35043459cd9652c759485b8af4a806b599acb0690f40e6,False,"[""MOVED_LEFT""]",10,0,0,False,0,,0
r3-1501101,69,10,1,10,1,b58470b9f2043c97ee35043459cd9652c759485b8af4a806b599acb0690f40e6,False,"[""BOMB_DROPPED""]",10,0,0,False,1,,0
r3-1501101,70,10,1,10,1,b58470b9f2043c97ee35043459cd9652c759485b8af4a806b599acb0690f40e6,True,"[""WAITED""]",9,0,0,False,1,,0
r3-1501101,71,10,1,10,1,b58470b9f2043c97ee35043459cd9652c759485b8af4a806b599acb0690f40e6,True,"[""WAITED""]",8,0,0,False,1,,0
r3-1501101,72,10,1,9,1,b58470b9f2043c97ee35043459cd9652c759485b8af4a806b599acb0690f40e6,True,"[""MOVED_LEFT""]",8,0,0,False,1,,0
r3-1501101,73,9,1,9,2,b58470b9f2043c97ee35043459cd9652c759485b8af4a806b599acb0690f40e6,True,"[""MOVED_DOWN"",""BOMB_EXPLODED"",""CRATE_DESTROYED"",""COIN_FOUND""]",7,0,0,False,3,,0
r3-1501101,74,9,2,9,2,4e259c88d9f0c876289366991a1860ed2f0c29722ea025d839bf1b5230613e44,True,"[""WAITED""]",8,0,0,False,2,,0
r3-1501101,75,9,2,9,1,4e259c88d9f0c876289366991a1860ed2f0c29722ea025d839bf1b5230613e44,False,"[""MOVED_UP""]",8,0,0,False,2,,0
r3-1501101,76,9,1,8,1,4e259c88d9f0c876289366991a1860ed2f0c29722ea025d839bf1b5230613e44,False,"[""MOVED_LEFT""]",7,0,0,False,2,,0
r3-1501101,77,8,1,7,1,4e259c88d9f0c876289366991a1860ed2f0c29722ea025d839bf1b5230613e44,False,"[""MOVED_LEFT"",""COIN_COLLECTED""]",6,0,0,False,2,,0
r3-1501101,78,7,1,7,1,703af2b9958faef6bedf90a768db0c916c8e2091b689670152976c24e3cb1eba,False,"[""BOMB_DROPPED""]",6,0,0,False,3,,0
r3-1501101,79,7,1,7,1,703af2b9958faef6bedf90a768db0c916c8e2091b689670152976c24e3cb1eba,True,"[""WAITED""]",6,0,0,False,3,,0
r3-1501101,80,7,1,8,1,703af2b9958faef6bedf90a768db0c916c8e2091b689670152976c24e3cb1eba,True,"[""MOVED_RIGHT""]",5,0,0,False,3,,0
r3-1501101,81,8,1,9,1,703af2b9958faef6bedf90a768db0c916c8e2091b689670152976c24e3cb1eba,True,"[""MOVED_RIGHT""]",7,0,0,False,2,,0
r3-1501101,82,9,1,9,2,703af2b9958faef6bedf90a768db0c916c8e2091b689670152976c24e3cb1eba,True,"[""MOVED_DOWN"",""BOMB_EXPLODED"",""CRATE_DESTROYED"",""CRATE_DESTROYED"",""CRATE_DESTROYED"",""CRATE_DESTROYED"",""CRATE_DESTROYED""]",8,0,0,False,2,,0
r3-1501101,83,9,2,9,3,5e3691ff984752b0c39ae30ea542efe8d2998676ef75ba275c5b802e6a03e580,True,"[""MOVED_DOWN""]",9,0,0,False,2,,0
r3-1501101,84,9,3,9,3,5e3691ff984752b0c39ae30ea542efe8d2998676ef75ba275c5b802e6a03e580,False,"[""WAITED""]",9,0,0,False,3,,0
r3-1501101,85,9,3,9,3,5e3691ff984752b0c39ae30ea542efe8d2998676ef75ba275c5b802e6a03e580,False,"[""BOMB_DROPPED""]",9,0,0,False,3,,0
r3-1501101,86,9,3,9,3,5e3691ff984752b0c39ae30ea542efe8d2998676ef75ba275c5b802e6a03e580,True,"[""WAITED""]",10,0,0,False,3,,0
r3-1501101,87,9,3,9,2,5e3691ff984752b0c39ae30ea542efe8d2998676ef75ba275c5b802e6a03e580,True,"[""MOVED_UP""]",10,0,0,False,3,,0
r3-1501101,88,9,2,9,1,5e3691ff984752b0c39ae30ea542efe8d2998676ef75ba275c5b802e6a03e580,True,"[""MOVED_UP""]",9,0,0,False,2,,0
r3-1501101,89,9,1,8,1,5e3691ff984752b0c39ae30ea542efe8d2998676ef75ba275c5b802e6a03e580,True,"[""MOVED_LEFT"",""BOMB_EXPLODED"",""CRATE_DESTROYED"",""CRATE_DESTROYED"",""CRATE_DESTROYED"",""CRATE_DESTROYED""]",9,0,0,False,1,,0
r3-1501101,90,8,1,7,1,d74606075325128998602c696879e7be0e7a994b2fecd277d70915357b65af5a,True,"[""MOVED_LEFT""]",7,0,0,False,0,,0
r3-1501101,91,7,1,7,2,d74606075325128998602c696879e7be0e7a994b2fecd277d70915357b65af5a,False,"[""MOVED_DOWN""]",5,0,0,False,0,,0
r3-1501101,92,7,2,7,2,d74606075325128998602c696879e7be0e7a994b2fecd277d70915357b65af5a,False,"[""BOMB_DROPPED""]",7,0,0,False,1,,0
r3-1501101,93,7,2,7,2,d74606075325128998602c696879e7be0e7a994b2fecd277d70915357b65af5a,True,"[""WAITED""]",6,0,0,False,1,,0
r3-1501101,94,7,2,7,2,d74606075325128998602c696879e7be0e7a994b2fecd277d70915357b65af5a,True,"[""WAITED""]",6,0,0,False,1,,0
r3-1501101,95,7,2,7,3,d74606075325128998602c696879e7be0e7a994b2fecd277d70915357b65af5a,True,"[""MOVED_DOWN""]",6,0,0,False,1,,0
r3-1501101,96,7,3,6,3,d74606075325128998602c696879e7be0e7a994b2fecd277d70915357b65af5a,True,"[""MOVED_LEFT"",""BOMB_EXPLODED"",""CRATE_DESTROYED""]",7,0,0,False,3,,0
r3-1501101,97,6,3,5,3,7b4aa5a137a949d94cdb2575eec03a10b89d59bac30b5ce94857ccaf183f43e1,True,"[""MOVED_LEFT""]",7,0,0,False,1,,0
r3-1501101,98,5,3,5,3,7b4aa5a137a949d94cdb2575eec03a10b89d59bac30b5ce94857ccaf183f43e1,False,"[""WAITED""]",6,0,0,False,3,,0
r3-1501101,99,5,3,5,3,7b4aa5a137a949d94cdb2575eec03a10b89d59bac30b5ce94857ccaf183f43e1,False,"[""BOMB_DROPPED""]",5,0,0,False,3,,0
r3-1501101,100,5,3,5,3,7b4aa5a137a949d94cdb2575eec03a10b89d59bac30b5ce94857ccaf183f43e1,True,"[""WAITED""]",5,0,0,False,3,,0
r3-1501101,101,5,3,5,2,7b4aa5a137a949d94cdb2575eec03a10b89d59bac30b5ce94857ccaf183f43e1,True,"[""MOVED_UP""]",5,0,0,False,3,,0
r3-1501101,102,5,2,5,1,7b4aa5a137a949d94cdb2575eec03a10b89d59bac30b5ce94857ccaf183f43e1,True,"[""MOVED_UP""]",4,0,0,False,2,,0
r3-1501101,103,5,1,4,1,7b4aa5a137a949d94cdb2575eec03a10b89d59bac30b5ce94857ccaf183f43e1,True,"[""MOVED_LEFT"",""BOMB_EXPLODED"",""CRATE_DESTROYED"",""CRATE_DESTROYED"",""CRATE_DESTROYED"",""CRATE_DESTROYED"",""COIN_FOUND"",""CRATE_DESTROYED""]",3,1,1,False,2,,0
r3-1501101,104,4,1,4,1,217fea209d25100eb23191bbdfd65b5d4c78926985340d50718cf85ce15c98a9,True,"[""WAITED""]",2,1,1,False,1,,0
r3-1501101,105,4,1,5,1,217fea209d25100eb23191bbdfd65b5d4c78926985340d50718cf85ce15c98a9,False,"[""MOVED_RIGHT""]",2,1,1,False,1,,0
r3-1501101,106,5,1,5,2,217fea209d25100eb23191bbdfd65b5d4c78926985340d50718cf85ce15c98a9,False,"[""MOVED_DOWN""]",4,0,0,False,1,,0
r3-1501101,107,5,2,5,3,217fea209d25100eb23191bbdfd65b5d4c78926985340d50718cf85ce15c98a9,False,"[""MOVED_DOWN""]",4,0,0,False,0,,0
r3-1501101,108,5,3,5,4,217fea209d25100eb23191bbdfd65b5d4c78926985340d50718cf85ce15c98a9,False,"[""MOVED_DOWN""]",6,0,0,False,0,,0
r3-1501101,109,5,4,5,5,217fea209d25100eb23191bbdfd65b5d4c78926985340d50718cf85ce15c98a9,False,"[""MOVED_DOWN"",""COIN_COLLECTED""]",7,0,0,False,1,,0
r3-1501101,110,5,5,5,5,fe97ca816c158a8e9ce826cfda757b138d9d89d7a966e7cc54a04bacbf3c5fac,False,"[""BOMB_DROPPED""]",8,0,0,False,3,,0
r3-1501101,111,5,5,5,5,fe97ca816c158a8e9ce826cfda757b138d9d89d7a966e7cc54a04bacbf3c5fac,True,"[""WAITED""]",8,0,0,False,3,,0
r3-1501101,112,5,5,5,4,fe97ca816c158a8e9ce826cfda757b138d9d89d7a966e7cc54a04bacbf3c5fac,True,"[""MOVED_UP""]",7,0,0,False,3,,0
r3-1501101,113,5,4,5,3,fe97ca816c158a8e9ce826cfda757b138d9d89d7a966e7cc54a04bacbf3c5fac,True,"[""MOVED_UP""]",6,0,0,False,1,,0
r3-1501101,114,5,3,4,3,fe97ca816c158a8e9ce826cfda757b138d9d89d7a966e7cc54a04bacbf3c5fac,True,"[""MOVED_LEFT"",""BOMB_EXPLODED"",""CRATE_DESTROYED"",""CRATE_DESTROYED"",""COIN_FOUND"",""CRATE_DESTROYED"",""CRATE_DESTROYED"",""CRATE_DESTROYED"",""CRATE_DESTROYED""]",5,0,0,False,0,,0
r3-1501101,115,4,3,4,3,5aef5746a5b6e103f4641d3b88b563e8090b9078100fd5b2e63c957639cdc531,True,"[""WAITED""]",5,0,0,False,1,,0
r3-1501101,116,4,3,5,3,5aef5746a5b6e103f4641d3b88b563e8090b9078100fd5b2e63c957639cdc531,False,"[""MOVED_RIGHT""]",4,0,0,False,1,,0
r3-1501101,117,5,3,5,3,5aef5746a5b6e103f4641d3b88b563e8090b9078100fd5b2e63c957639cdc531,False,"[""BOMB_DROPPED""]",6,0,0,False,0,,-0.5
r3-1501101,118,5,3,5,3,5aef5746a5b6e103f4641d3b88b563e8090b9078100fd5b2e63c957639cdc531,True,"[""WAITED""]",5,0,0,False,0,,0
r3-1501101,119,5,3,5,4,5aef5746a5b6e103f4641d3b88b563e8090b9078100fd5b2e63c957639cdc531,True,"[""MOVED_DOWN""]",5,0,0,False,0,,0
r3-1501101,120,5,4,5,5,5aef5746a5b6e103f4641d3b88b563e8090b9078100fd5b2e63c957639cdc531,True,"[""MOVED_DOWN""]",6,0,0,False,0,,0
r3-1501101,121,5,5,4,5,5aef5746a5b6e103f4641d3b88b563e8090b9078100fd5b2e63c957639cdc531,True,"[""MOVED_LEFT"",""COIN_COLLECTED"",""BOMB_EXPLODED""]",8,0,0,False,0,,0
r3-1501101,122,4,5,3,5,5319c5aecfb2aecf7d7b0151852736efeaf44836ba92b56ed3656fcea05485b3,True,"[""MOVED_LEFT""]",6,0,0,False,1,,0
r3-1501101,123,3,5,3,5,5319c5aecfb2aecf7d7b0151852736efeaf44836ba92b56ed3656fcea05485b3,False,"[""WAITED""]",5,0,0,False,3,,0
r3-1501101,124,3,5,3,5,5319c5aecfb2aecf7d7b0151852736efeaf44836ba92b56ed3656fcea05485b3,False,"[""BOMB_DROPPED""]",6,0,0,False,3,,0
r3-1501101,125,3,5,3,5,5319c5aecfb2aecf7d7b0151852736efeaf44836ba92b56ed3656fcea05485b3,True,"[""WAITED""]",5,0,0,False,3,,0
r3-1501101,126,3,5,3,4,5319c5aecfb2aecf7d7b0151852736efeaf44836ba92b56ed3656fcea05485b3,True,"[""MOVED_UP""]",5,0,0,False,3,,0
r3-1501101,127,3,4,3,3,5319c5aecfb2aecf7d7b0151852736efeaf44836ba92b56ed3656fcea05485b3,True,"[""MOVED_UP""]",4,0,0,False,3,,0
r3-1501101,128,3,3,2,3,5319c5aecfb2aecf7d7b0151852736efeaf44836ba92b56ed3656fcea05485b3,True,"[""MOVED_LEFT"",""BOMB_EXPLODED"",""CRATE_DESTROYED"",""CRATE_DESTROYED"",""CRATE_DESTROYED"",""COIN_FOUND"",""CRATE_DESTROYED""]",3,0,0,False,3,,0
r3-1501101,129,2,3,2,3,a78a18803b89eff21ed3489d91729150de2b80841c68baafe916e6061393dd51,True,"[""WAITED""]",2,0,0,False,1,,0
r3-1501101,130,2,3,3,3,a78a18803b89eff21ed3489d91729150de2b80841c68baafe916e6061393dd51,False,"[""MOVED_RIGHT""]",3,0,0,False,1,,0
r3-1501101,131,3,3,3,4,a78a18803b89eff21ed3489d91729150de2b80841c68baafe916e6061393dd51,False,"[""MOVED_DOWN""]",4,0,0,False,2,,0
r3-1501101,132,3,4,3,5,a78a18803b89eff21ed3489d91729150de2b80841c68baafe916e6061393dd51,False,"[""MOVED_DOWN""]",4,0,0,False,1,,0
r3-1501101,133,3,5,3,6,a78a18803b89eff21ed3489d91729150de2b80841c68baafe916e6061393dd51,False,"[""MOVED_DOWN""]",5,0,0,False,0,,0
r3-1501101,134,3,6,3,7,a78a18803b89eff21ed3489d91729150de2b80841c68baafe916e6061393dd51,False,"[""MOVED_DOWN""]",7,0,0,False,1,,0
r3-1501101,135,3,7,3,8,a78a18803b89eff21ed3489d91729150de2b80841c68baafe916e6061393dd51,False,"[""MOVED_DOWN"",""COIN_COLLECTED""]",8,0,0,False,3,,0
r3-1501101,136,3,8,3,8,7c4cb1c8d65d721be2956b1b9ad9f5e1a94260aaa35c16bfd1647ae1fba6e065,False,"[""BOMB_DROPPED""]",9,0,0,False,3,,0
r3-1501101,137,3,8,3,7,7c4cb1c8d65d721be2956b1b9ad9f5e1a94260aaa35c16bfd1647ae1fba6e065,True,"[""MOVED_UP""]",8,0,0,False,3,,0
r3-1501101,138,3,7,3,6,7c4cb1c8d65d721be2956b1b9ad9f5e1a94260aaa35c16bfd1647ae1fba6e065,True,"[""MOVED_UP""]",7,0,0,False,3,,0
r3-1501101,139,3,6,3,5,7c4cb1c8d65d721be2956b1b9ad9f5e1a94260aaa35c16bfd1647ae1fba6e065,True,"[""MOVED_UP""]",6,0,0,False,1,,0
r3-1501101,140,3,5,2,5,7c4cb1c8d65d721be2956b1b9ad9f5e1a94260aaa35c16bfd1647ae1fba6e065,True,"[""MOVED_LEFT"",""BOMB_EXPLODED"",""CRATE_DESTROYED"",""CRATE_DESTROYED"",""CRATE_DESTROYED""]",5,0,0,False,0,,0
r3-1501101,141,2,5,1,5,a294cd5aec1710bc8310a8f4441fe7b2a220ab82c48126fae06e7c1f07f080dd,True,"[""MOVED_LEFT""]",5,0,0,False,0,,0
r3-1501101,142,1,5,1,5,a294cd5aec1710bc8310a8f4441fe7b2a220ab82c48126fae06e7c1f07f080dd,False,"[""WAITED""]",4,0,0,False,3,,0
r3-1501101,143,1,5,1,5,a294cd5aec1710bc8310a8f4441fe7b2a220ab82c48126fae06e7c1f07f080dd,False,"[""BOMB_DROPPED""]",5,0,0,False,3,,0
r3-1501101,144,1,5,1,5,a294cd5aec1710bc8310a8f4441fe7b2a220ab82c48126fae06e7c1f07f080dd,True,"[""WAITED""]",4,0,0,False,3,,0
r3-1501101,145,1,5,2,5,a294cd5aec1710bc8310a8f4441fe7b2a220ab82c48126fae06e7c1f07f080dd,True,"[""MOVED_RIGHT""]",4,0,0,False,3,,0
r3-1501101,146,2,5,3,5,a294cd5aec1710bc8310a8f4441fe7b2a220ab82c48126fae06e7c1f07f080dd,True,"[""MOVED_RIGHT""]",5,0,0,False,0,,0
r3-1501101,147,3,5,3,6,a294cd5aec1710bc8310a8f4441fe7b2a220ab82c48126fae06e7c1f07f080dd,True,"[""MOVED_DOWN"",""BOMB_EXPLODED"",""CRATE_DESTROYED"",""CRATE_DESTROYED"",""CRATE_DESTROYED"",""CRATE_DESTROYED"",""CRATE_DESTROYED""]",5,0,0,False,0,,0
r3-1501101,148,3,6,3,7,9f393b358375df609e35e07f55bee4b6d5facb28968f57dacfb1423da775fa4e,True,"[""MOVED_DOWN""]",6,0,0,False,0,,0
r3-1501101,149,3,7,3,8,9f393b358375df609e35e07f55bee4b6d5facb28968f57dacfb1423da775fa4e,False,"[""MOVED_DOWN""]",7,0,0,False,3,,0
r3-1501101,150,3,8,3,7,9f393b358375df609e35e07f55bee4b6d5facb28968f57dacfb1423da775fa4e,False,"[""MOVED_UP""]",8,0,0,False,0,,0
r3-1501101,151,3,7,3,7,9f393b358375df609e35e07f55bee4b6d5facb28968f57dacfb1423da775fa4e,False,"[""BOMB_DROPPED""]",8,0,0,False,3,,0
r3-1501101,152,3,7,3,8,9f393b358375df609e35e07f55bee4b6d5facb28968f57dacfb1423da775fa4e,True,"[""MOVED_DOWN""]",7,0,0,False,3,,0
r3-1501101,153,3,8,3,9,9f393b358375df609e35e07f55bee4b6d5facb28968f57dacfb1423da775fa4e,True,"[""MOVED_DOWN""]",8,0,0,False,0,,0
r3-1501101,154,3,9,3,10,9f393b358375df609e35e07f55bee4b6d5facb28968f57dacfb1423da775fa4e,True,"[""MOVED_DOWN""]",9,0,0,False,3,,0
r3-1501101,155,3,10,3,11,9f393b358375df609e35e07f55bee4b6d5facb28968f57dacfb1423da775fa4e,True,"[""MOVED_DOWN"",""BOMB_EXPLODED"",""CRATE_DESTROYED"",""CRATE_DESTROYED"",""CRATE_DESTROYED""]",10,0,0,False,1,,0
r3-1501101,156,3,11,3,12,73de7f8d88d48f3845387e94958df271e09cd4a84dbf1d778768538b8254e49f,True,"[""MOVED_DOWN""]",11,0,0,False,3,,0
r3-1501101,157,3,12,3,11,73de7f8d88d48f3845387e94958df271e09cd4a84dbf1d778768538b8254e49f,False,"[""MOVED_UP""]",13,0,0,False,3,,0
r3-1501101,158,3,11,3,11,73de7f8d88d48f3845387e94958df271e09cd4a84dbf1d778768538b8254e49f,False,"[""BOMB_DROPPED""]",12,0,0,False,3,,0
r3-1501101,159,3,11,3,10,73de7f8d88d48f3845387e94958df271e09cd4a84dbf1d778768538b8254e49f,True,"[""MOVED_UP""]",11,0,0,False,3,,0
r3-1501101,160,3,10,3,9,73de7f8d88d48f3845387e94958df271e09cd4a84dbf1d778768538b8254e49f,True,"[""MOVED_UP""]",10,0,0,False,1,,0
r3-1501101,161,3,9,3,8,73de7f8d88d48f3845387e94958df271e09cd4a84dbf1d778768538b8254e49f,True,"[""MOVED_UP""]",8,0,0,False,3,,0
r3-1501101,162,3,8,3,7,73de7f8d88d48f3845387e94958df271e09cd4a84dbf1d778768538b8254e49f,True,"[""MOVED_UP"",""BOMB_EXPLODED"",""CRATE_DESTROYED"",""CRATE_DESTROYED"",""CRATE_DESTROYED"",""CRATE_DESTROYED"",""CRATE_DESTROYED"",""CRATE_DESTROYED"",""CRATE_DESTROYED""]",6,0,0,False,0,,0
r3-1501101,163,3,7,3,6,c3cec06a9db4a6d3118e69c1a753f5aff210cdd7939d6fd363baf73c7b0e3174,True,"[""MOVED_UP""]",4,0,0,False,0,,0
r3-1501101,164,3,6,3,5,c3cec06a9db4a6d3118e69c1a753f5aff210cdd7939d6fd363baf73c7b0e3174,False,"[""MOVED_UP""]",4,0,0,False,0,,0
r3-1501101,165,3,5,3,4,c3cec06a9db4a6d3118e69c1a753f5aff210cdd7939d6fd363baf73c7b0e3174,False,"[""MOVED_UP""]",3,0,0,False,0,,0
r3-1501101,166,3,4,3,4,c3cec06a9db4a6d3118e69c1a753f5aff210cdd7939d6fd363baf73c7b0e3174,False,"[""BOMB_DROPPED""]",2,0,0,False,1,,0
r3-1501101,167,3,4,3,5,c3cec06a9db4a6d3118e69c1a753f5aff210cdd7939d6fd363baf73c7b0e3174,True,"[""MOVED_DOWN""]",3,0,0,False,1,,0
r3-1501101,168,3,5,3,5,c3cec06a9db4a6d3118e69c1a753f5aff210cdd7939d6fd363baf73c7b0e3174,True,"[""WAITED""]",3,0,0,False,0,,0
r3-1501101,169,3,5,3,5,c3cec06a9db4a6d3118e69c1a753f5aff210cdd7939d6fd363baf73c7b0e3174,True,"[""WAITED""]",3,0,0,False,0,,0
r3-1501101,170,3,5,2,5,c3cec06a9db4a6d3118e69c1a753f5aff210cdd7939d6fd363baf73c7b0e3174,True,"[""MOVED_LEFT"",""BOMB_EXPLODED"",""CRATE_DESTROYED""]",3,0,0,False,0,,0
r3-1501101,171,2,5,1,5,fb5ce9fe4eaebcd24332b69000a3733032cc5676427e4d133c112d8d6eab5e02,True,"[""MOVED_LEFT""]",2,0,0,False,0,,0
r3-1501101,172,1,5,1,5,fb5ce9fe4eaebcd24332b69000a3733032cc5676427e4d133c112d8d6eab5e02,False,"[""WAITED""]",1,1,1,False,0,,0
r3-1501101,173,1,5,1,5,fb5ce9fe4eaebcd24332b69000a3733032cc5676427e4d133c112d8d6eab5e02,False,"[""BOMB_DROPPED""]",1,1,1,True,0,0.0,-0.5
r3-1501101,174,1,5,1,5,fb5ce9fe4eaebcd24332b69000a3733032cc5676427e4d133c112d8d6eab5e02,True,"[""WAITED""]",1,1,1,False,0,,0
r3-1501101,175,1,5,1,4,fb5ce9fe4eaebcd24332b69000a3733032cc5676427e4d133c112d8d6eab5e02,True,"[""MOVED_UP""]",1,1,1,False,0,,0
r3-1501101,176,1,4,1,3,fb5ce9fe4eaebcd24332b69000a3733032cc5676427e4d133c112d8d6eab5e02,True,"[""MOVED_UP""]",3,1,1,False,0,,0
r3-1501101,177,1,3,2,3,fb5ce9fe4eaebcd24332b69000a3733032cc5676427e4d133c112d8d6eab5e02,True,"[""MOVED_RIGHT"",""BOMB_EXPLODED"",""KILLED_OPPONENT"",""OPPONENT_ELIMINATED""]",5,0,0,False,0,,0
r3-1501101,178,2,3,3,3,fb5ce9fe4eaebcd24332b69000a3733032cc5676427e4d133c112d8d6eab5e02,True,"[""MOVED_RIGHT""]",,0,0,False,0,,0
r3-1501101,179,3,3,2,3,fb5ce9fe4eaebcd24332b69000a3733032cc5676427e4d133c112d8d6eab5e02,False,"[""MOVED_LEFT""]",,0,0,False,0,,0
r3-1501101,180,2,3,1,3,fb5ce9fe4eaebcd24332b69000a3733032cc5676427e4d133c112d8d6eab5e02,False,"[""MOVED_LEFT""]",,0,0,False,0,,0
r3-1501101,181,1,3,1,3,fb5ce9fe4eaebcd24332b69000a3733032cc5676427e4d133c112d8d6eab5e02,False,"[""BOMB_DROPPED""]",,0,0,False,0,,-0.5
r3-1501101,182,1,3,1,4,fb5ce9fe4eaebcd24332b69000a3733032cc5676427e4d133c112d8d6eab5e02,True,"[""MOVED_DOWN""]",,0,0,False,0,,0
r3-1501101,183,1,4,1,4,fb5ce9fe4eaebcd24332b69000a3733032cc5676427e4d133c112d8d6eab5e02,True,"[""WAITED""]",,0,0,False,0,,0
r3-1501101,184,1,4,1,5,fb5ce9fe4eaebcd24332b69000a3733032cc5676427e4d133c112d8d6eab5e02,True,"[""MOVED_DOWN""]",,0,0,False,0,,0
r3-1501101,185,1,5,2,5,fb5ce9fe4eaebcd24332b69000a3733032cc5676427e4d133c112d8d6eab5e02,True,"[""MOVED_RIGHT"",""BOMB_EXPLODED""]",,0,0,False,0,,0
r3-1501101,186,2,5,3,5,fb5ce9fe4eaebcd24332b69000a3733032cc5676427e4d133c112d8d6eab5e02,True,"[""MOVED_RIGHT""]",,0,0,False,0,,0
r3-1501101,187,3,5,2,5,fb5ce9fe4eaebcd24332b69000a3733032cc5676427e4d133c112d8d6eab5e02,False,"[""MOVED_LEFT""]",,0,0,False,0,,0
r3-1501101,188,2,5,1,5,fb5ce9fe4eaebcd24332b69000a3733032cc5676427e4d133c112d8d6eab5e02,False,"[""MOVED_LEFT""]",,0,0,False,0,,0
r3-1501101,189,1,5,1,5,fb5ce9fe4eaebcd24332b69000a3733032cc5676427e4d133c112d8d6eab5e02,False,"[""BOMB_DROPPED""]",,0,0,False,0,,-0.5
r3-1501101,190,1,5,1,6,fb5ce9fe4eaebcd24332b69000a3733032cc5676427e4d133c112d8d6eab5e02,True,"[""MOVED_DOWN""]",,0,0,False,0,,0
r3-1501101,191,1,6,1,6,fb5ce9fe4eaebcd24332b69000a3733032cc5676427e4d133c112d8d6eab5e02,True,"[""WAITED""]",,0,0,False,1,,0
r3-1501101,192,1,6,1,7,fb5ce9fe4eaebcd24332b69000a3733032cc5676427e4d133c112d8d6eab5e02,True,"[""MOVED_DOWN""]",,0,0,False,1,,0
r3-1501101,193,1,7,2,7,fb5ce9fe4eaebcd24332b69000a3733032cc5676427e4d133c112d8d6eab5e02,True,"[""MOVED_RIGHT"",""BOMB_EXPLODED""]",,0,0,False,2,,0
r3-1501101,194,2,7,3,7,fb5ce9fe4eaebcd24332b69000a3733032cc5676427e4d133c112d8d6eab5e02,True,"[""MOVED_RIGHT""]",,0,0,False,0,,0
r3-1501101,195,3,7,2,7,fb5ce9fe4eaebcd24332b69000a3733032cc5676427e4d133c112d8d6eab5e02,False,"[""MOVED_LEFT""]",,0,0,False,0,,0
r3-1501101,196,2,7,1,7,fb5ce9fe4eaebcd24332b69000a3733032cc5676427e4d133c112d8d6eab5e02,False,"[""MOVED_LEFT""]",,0,0,False,0,,0
r3-1501101,197,1,7,1,7,fb5ce9fe4eaebcd24332b69000a3733032cc5676427e4d133c112d8d6eab5e02,False,"[""BOMB_DROPPED""]",,0,0,False,2,,0
r3-1501101,198,1,7,1,7,fb5ce9fe4eaebcd24332b69000a3733032cc5676427e4d133c112d8d6eab5e02,True,"[""WAITED""]",,0,0,False,2,,0
r3-1501101,199,1,7,1,6,fb5ce9fe4eaebcd24332b69000a3733032cc5676427e4d133c112d8d6eab5e02,True,"[""MOVED_UP""]",,0,0,False,2,,0
r3-1501101,200,1,6,1,5,fb5ce9fe4eaebcd24332b69000a3733032cc5676427e4d133c112d8d6eab5e02,True,"[""MOVED_UP""]",,0,0,False,1,,0
r3-1501101,201,1,5,2,5,fb5ce9fe4eaebcd24332b69000a3733032cc5676427e4d133c112d8d6eab5e02,True,"[""MOVED_RIGHT"",""BOMB_EXPLODED"",""CRATE_DESTROYED"",""CRATE_DESTROYED""]",,0,0,False,0,,0
r3-1501101,202,2,5,3,5,7088ce10f67261f7912cb5ea208effe7c7226474405d5d7b1343aaf2e26e4a70,True,"[""MOVED_RIGHT""]",,0,0,False,0,,0
r3-1501101,203,3,5,2,5,7088ce10f67261f7912cb5ea208effe7c7226474405d5d7b1343aaf2e26e4a70,False,"[""MOVED_LEFT""]",,0,0,False,0,,0
r3-1501101,204,2,5,3,5,7088ce10f67261f7912cb5ea208effe7c7226474405d5d7b1343aaf2e26e4a70,False,"[""MOVED_RIGHT""]",,0,0,False,0,,0
r3-1501101,205,3,5,3,5,7088ce10f67261f7912cb5ea208effe7c7226474405d5d7b1343aaf2e26e4a70,False,"[""BOMB_DROPPED""]",,0,0,False,0,,-0.5
r3-1501101,206,3,5,3,5,7088ce10f67261f7912cb5ea208effe7c7226474405d5d7b1343aaf2e26e4a70,True,"[""WAITED""]",,0,0,False,0,,0
r3-1501101,207,3,5,3,4,7088ce10f67261f7912cb5ea208effe7c7226474405d5d7b1343aaf2e26e4a70,True,"[""MOVED_UP""]",,0,0,False,0,,0
r3-1501101,208,3,4,3,3,7088ce10f67261f7912cb5ea208effe7c7226474405d5d7b1343aaf2e26e4a70,True,"[""MOVED_UP""]",,0,0,False,0,,0
r3-1501101,209,3,3,2,3,7088ce10f67261f7912cb5ea208effe7c7226474405d5d7b1343aaf2e26e4a70,True,"[""MOVED_LEFT"",""BOMB_EXPLODED""]",,0,0,False,0,,0
r3-1501101,210,2,3,2,3,7088ce10f67261f7912cb5ea208effe7c7226474405d5d7b1343aaf2e26e4a70,True,"[""WAITED""]",,0,0,False,0,,0
r3-1501101,211,2,3,3,3,7088ce10f67261f7912cb5ea208effe7c7226474405d5d7b1343aaf2e26e4a70,False,"[""MOVED_RIGHT""]",,0,0,False,0,,0
r3-1501101,212,3,3,3,3,7088ce10f67261f7912cb5ea208effe7c7226474405d5d7b1343aaf2e26e4a70,False,"[""BOMB_DROPPED""]",,0,0,False,0,,-0.5
r3-1501101,213,3,3,3,3,7088ce10f67261f7912cb5ea208effe7c7226474405d5d7b1343aaf2e26e4a70,True,"[""WAITED""]",,0,0,False,0,,0
r3-1501101,214,3,3,3,2,7088ce10f67261f7912cb5ea208effe7c7226474405d5d7b1343aaf2e26e4a70,True,"[""MOVED_UP""]",,0,0,False,0,,0
r3-1501101,215,3,2,3,1,7088ce10f67261f7912cb5ea208effe7c7226474405d5d7b1343aaf2e26e4a70,True,"[""MOVED_UP""]",,0,0,False,0,,0
r3-1501101,216,3,1,2,1,7088ce10f67261f7912cb5ea208effe7c7226474405d5d7b1343aaf2e26e4a70,True,"[""MOVED_LEFT"",""BOMB_EXPLODED""]",,0,0,False,0,,0
r3-1501101,217,2,1,2,1,7088ce10f67261f7912cb5ea208effe7c7226474405d5d7b1343aaf2e26e4a70,True,"[""WAITED""]",,0,0,False,0,,0
r3-1501101,218,2,1,3,1,7088ce10f67261f7912cb5ea208effe7c7226474405d5d7b1343aaf2e26e4a70,False,"[""MOVED_RIGHT""]",,0,0,False,0,,0
r3-1501101,219,3,1,3,1,7088ce10f67261f7912cb5ea208effe7c7226474405d5d7b1343aaf2e26e4a70,False,"[""BOMB_DROPPED""]",,0,0,False,0,,-0.5
r3-1501101,220,3,1,3,1,7088ce10f67261f7912cb5ea208effe7c7226474405d5d7b1343aaf2e26e4a70,True,"[""WAITED""]",,0,0,False,0,,0
r3-1501101,221,3,1,4,1,7088ce10f67261f7912cb5ea208effe7c7226474405d5d7b1343aaf2e26e4a70,True,"[""MOVED_RIGHT""]",,0,0,False,0,,0
r3-1501101,222,4,1,5,1,7088ce10f67261f7912cb5ea208effe7c7226474405d5d7b1343aaf2e26e4a70,True,"[""MOVED_RIGHT""]",,0,0,False,0,,0
r3-1501101,223,5,1,5,2,7088ce10f67261f7912cb5ea208effe7c7226474405d5d7b1343aaf2e26e4a70,True,"[""MOVED_DOWN"",""BOMB_EXPLODED""]",,0,0,False,0,,0
r3-1501101,224,5,2,5,3,7088ce10f67261f7912cb5ea208effe7c7226474405d5d7b1343aaf2e26e4a70,True,"[""MOVED_DOWN""]",,0,0,False,0,,0
r3-1501101,225,5,3,4,3,7088ce10f67261f7912cb5ea208effe7c7226474405d5d7b1343aaf2e26e4a70,False,"[""MOVED_LEFT""]",,0,0,False,0,,0
r3-1501101,226,4,3,5,3,7088ce10f67261f7912cb5ea208effe7c7226474405d5d7b1343aaf2e26e4a70,False,"[""MOVED_RIGHT""]",,0,0,False,0,,0
r3-1501101,227,5,3,5,3,7088ce10f67261f7912cb5ea208effe7c7226474405d5d7b1343aaf2e26e4a70,False,"[""BOMB_DROPPED""]",,0,0,False,0,,-0.5
r3-1501101,228,5,3,5,3,7088ce10f67261f7912cb5ea208effe7c7226474405d5d7b1343aaf2e26e4a70,True,"[""WAITED""]",,0,0,False,0,,0
r3-1501101,229,5,3,5,2,7088ce10f67261f7912cb5ea208effe7c7226474405d5d7b1343aaf2e26e4a70,True,"[""MOVED_UP""]",,0,0,False,0,,0
r3-1501101,230,5,2,5,1,7088ce10f67261f7912cb5ea208effe7c7226474405d5d7b1343aaf2e26e4a70,True,"[""MOVED_UP""]",,0,0,False,0,,0
r3-1501101,231,5,1,4,1,7088ce10f67261f7912cb5ea208effe7c7226474405d5d7b1343aaf2e26e4a70,True,"[""MOVED_LEFT"",""BOMB_EXPLODED""]",,0,0,False,0,,0
r3-1501101,232,4,1,4,1,7088ce10f67261f7912cb5ea208effe7c7226474405d5d7b1343aaf2e26e4a70,True,"[""WAITED""]",,0,0,False,0,,0
r3-1501101,233,4,1,5,1,7088ce10f67261f7912cb5ea208effe7c7226474405d5d7b1343aaf2e26e4a70,False,"[""MOVED_RIGHT""]",,0,0,False,0,,0
r3-1501101,234,5,1,5,1,7088ce10f67261f7912cb5ea208effe7c7226474405d5d7b1343aaf2e26e4a70,False,"[""BOMB_DROPPED""]",,0,0,False,0,,-0.5
r3-1501101,235,5,1,5,1,7088ce10f67261f7912cb5ea208effe7c7226474405d5d7b1343aaf2e26e4a70,True,"[""WAITED""]",,0,0,False,0,,0
r3-1501101,236,5,1,6,1,7088ce10f67261f7912cb5ea208effe7c7226474405d5d7b1343aaf2e26e4a70,True,"[""MOVED_RIGHT""]",,0,0,False,0,,0
r3-1501101,237,6,1,7,1,7088ce10f67261f7912cb5ea208effe7c7226474405d5d7b1343aaf2e26e4a70,True,"[""MOVED_RIGHT""]",,0,0,False,0,,0
r3-1501101,238,7,1,7,2,7088ce10f67261f7912cb5ea208effe7c7226474405d5d7b1343aaf2e26e4a70,True,"[""MOVED_DOWN"",""BOMB_EXPLODED""]",,0,0,False,0,,0
r3-1501101,239,7,2,7,3,7088ce10f67261f7912cb5ea208effe7c7226474405d5d7b1343aaf2e26e4a70,True,"[""MOVED_DOWN""]",,0,0,False,0,,0
r3-1501101,240,7,3,6,3,7088ce10f67261f7912cb5ea208effe7c7226474405d5d7b1343aaf2e26e4a70,False,"[""MOVED_LEFT""]",,0,0,False,1,,0
r3-1501101,241,6,3,7,3,7088ce10f67261f7912cb5ea208effe7c7226474405d5d7b1343aaf2e26e4a70,False,"[""MOVED_RIGHT""]",,0,0,False,0,,0
r3-1501101,242,7,3,7,3,7088ce10f67261f7912cb5ea208effe7c7226474405d5d7b1343aaf2e26e4a70,False,"[""BOMB_DROPPED""]",,0,0,False,1,,0
r3-1501101,243,7,3,7,3,7088ce10f67261f7912cb5ea208effe7c7226474405d5d7b1343aaf2e26e4a70,True,"[""WAITED""]",,0,0,False,1,,0
r3-1501101,244,7,3,7,2,7088ce10f67261f7912cb5ea208effe7c7226474405d5d7b1343aaf2e26e4a70,True,"[""MOVED_UP""]",,0,0,False,1,,0
r3-1501101,245,7,2,7,1,7088ce10f67261f7912cb5ea208effe7c7226474405d5d7b1343aaf2e26e4a70,True,"[""MOVED_UP""]",,0,0,False,0,,0
r3-1501101,246,7,1,6,1,7088ce10f67261f7912cb5ea208effe7c7226474405d5d7b1343aaf2e26e4a70,True,"[""MOVED_LEFT"",""BOMB_EXPLODED"",""CRATE_DESTROYED""]",,0,0,False,0,,0
r3-1501101,247,6,1,6,1,98e4b1d2b8d93cd483d11b9a260cabdf86cbb40639fa926469d58a20e1d80c2d,True,"[""WAITED""]",,0,0,False,0,,0
r3-1501101,248,6,1,7,1,98e4b1d2b8d93cd483d11b9a260cabdf86cbb40639fa926469d58a20e1d80c2d,False,"[""MOVED_RIGHT""]",,0,0,False,0,,0
r3-1501101,249,7,1,6,1,98e4b1d2b8d93cd483d11b9a260cabdf86cbb40639fa926469d58a20e1d80c2d,False,"[""MOVED_LEFT""]",,0,0,False,0,,0
r3-1501101,250,6,1,7,1,98e4b1d2b8d93cd483d11b9a260cabdf86cbb40639fa926469d58a20e1d80c2d,False,"[""MOVED_RIGHT""]",,0,0,False,0,,0
r3-1501101,251,7,1,6,1,98e4b1d2b8d93cd483d11b9a260cabdf86cbb40639fa926469d58a20e1d80c2d,False,"[""MOVED_LEFT""]",,0,0,False,0,,0
r3-1501101,252,6,1,7,1,98e4b1d2b8d93cd483d11b9a260cabdf86cbb40639fa926469d58a20e1d80c2d,False,"[""MOVED_RIGHT""]",,0,0,False,0,,0
r3-1501101,253,7,1,6,1,98e4b1d2b8d93cd483d11b9a260cabdf86cbb40639fa926469d58a20e1d80c2d,False,"[""MOVED_LEFT""]",,0,0,False,0,,0
r3-1501101,254,6,1,7,1,98e4b1d2b8d93cd483d11b9a260cabdf86cbb40639fa926469d58a20e1d80c2d,False,"[""MOVED_RIGHT""]",,0,0,False,0,,0
r3-1501101,255,7,1,6,1,98e4b1d2b8d93cd483d11b9a260cabdf86cbb40639fa926469d58a20e1d80c2d,False,"[""MOVED_LEFT""]",,0,0,False,0,,0
r3-1501101,256,6,1,7,1,98e4b1d2b8d93cd483d11b9a260cabdf86cbb40639fa926469d58a20e1d80c2d,False,"[""MOVED_RIGHT""]",,0,0,False,0,,0
r3-1501101,257,7,1,6,1,98e4b1d2b8d93cd483d11b9a260cabdf86cbb40639fa926469d58a20e1d80c2d,False,"[""MOVED_LEFT""]",,0,0,False,0,,0
r3-1501101,258,6,1,7,1,98e4b1d2b8d93cd483d11b9a260cabdf86cbb40639fa926469d58a20e1d80c2d,False,"[""MOVED_RIGHT""]",,0,0,False,0,,0
r3-1501101,259,7,1,6,1,98e4b1d2b8d93cd483d11b9a260cabdf86cbb40639fa926469d58a20e1d80c2d,False,"[""MOVED_LEFT""]",,0,0,False,0,,0
r3-1501101,260,6,1,7,1,98e4b1d2b8d93cd483d11b9a260cabdf86cbb40639fa926469d58a20e1d80c2d,False,"[""MOVED_RIGHT""]",,0,0,False,0,,0
r3-1501101,261,7,1,6,1,98e4b1d2b8d93cd483d11b9a260cabdf86cbb40639fa926469d58a20e1d80c2d,False,"[""MOVED_LEFT""]",,0,0,False,0,,0
r3-1501101,262,6,1,7,1,98e4b1d2b8d93cd483d11b9a260cabdf86cbb40639fa926469d58a20e1d80c2d,False,"[""MOVED_RIGHT""]",,0,0,False,0,,0
r3-1501101,263,7,1,6,1,98e4b1d2b8d93cd483d11b9a260cabdf86cbb40639fa926469d58a20e1d80c2d,False,"[""MOVED_LEFT""]",,0,0,False,0,,0
r3-1501101,264,6,1,7,1,98e4b1d2b8d93cd483d11b9a260cabdf86cbb40639fa926469d58a20e1d80c2d,False,"[""MOVED_RIGHT""]",,0,0,False,0,,0
r3-1501101,265,7,1,6,1,98e4b1d2b8d93cd483d11b9a260cabdf86cbb40639fa926469d58a20e1d80c2d,False,"[""MOVED_LEFT""]",,0,0,False,0,,0
r3-1501101,266,6,1,7,1,98e4b1d2b8d93cd483d11b9a260cabdf86cbb40639fa926469d58a20e1d80c2d,False,"[""MOVED_RIGHT""]",,0,0,False,0,,0
r3-1501101,267,7,1,6,1,98e4b1d2b8d93cd483d11b9a260cabdf86cbb40639fa926469d58a20e1d80c2d,False,"[""MOVED_LEFT""]",,0,0,False,0,,0
r3-1501101,268,6,1,7,1,98e4b1d2b8d93cd483d11b9a260cabdf86cbb40639fa926469d58a20e1d80c2d,False,"[""MOVED_RIGHT""]",,0,0,False,0,,0
r3-1501101,269,7,1,6,1,98e4b1d2b8d93cd483d11b9a260cabdf86cbb40639fa926469d58a20e1d80c2d,False,"[""MOVED_LEFT""]",,0,0,False,0,,0
r3-1501101,270,6,1,7,1,98e4b1d2b8d93cd483d11b9a260cabdf86cbb40639fa926469d58a20e1d80c2d,False,"[""MOVED_RIGHT""]",,0,0,False,0,,0
r3-1501101,271,7,1,6,1,98e4b1d2b8d93cd483d11b9a260cabdf86cbb40639fa926469d58a20e1d80c2d,False,"[""MOVED_LEFT""]",,0,0,False,0,,0
r3-1501101,272,6,1,7,1,98e4b1d2b8d93cd483d11b9a260cabdf86cbb40639fa926469d58a20e1d80c2d,False,"[""MOVED_RIGHT""]",,0,0,False,0,,0
r3-1501101,273,7,1,6,1,98e4b1d2b8d93cd483d11b9a260cabdf86cbb40639fa926469d58a20e1d80c2d,False,"[""MOVED_LEFT""]",,0,0,False,0,,0
r3-1501101,274,6,1,7,1,98e4b1d2b8d93cd483d11b9a260cabdf86cbb40639fa926469d58a20e1d80c2d,False,"[""MOVED_RIGHT""]",,0,0,False,0,,0
r3-1501101,275,7,1,6,1,98e4b1d2b8d93cd483d11b9a260cabdf86cbb40639fa926469d58a20e1d80c2d,False,"[""MOVED_LEFT""]",,0,0,False,0,,0
r3-1501101,276,6,1,7,1,98e4b1d2b8d93cd483d11b9a260cabdf86cbb40639fa926469d58a20e1d80c2d,False,"[""MOVED_RIGHT""]",,0,0,False,0,,0
r3-1501101,277,7,1,6,1,98e4b1d2b8d93cd483d11b9a260cabdf86cbb40639fa926469d58a20e1d80c2d,False,"[""MOVED_LEFT""]",,0,0,False,0,,0
r3-1501101,278,6,1,7,1,98e4b1d2b8d93cd483d11b9a260cabdf86cbb40639fa926469d58a20e1d80c2d,False,"[""MOVED_RIGHT""]",,0,0,False,0,,0
r3-1501101,279,7,1,6,1,98e4b1d2b8d93cd483d11b9a260cabdf86cbb40639fa926469d58a20e1d80c2d,False,"[""MOVED_LEFT""]",,0,0,False,0,,0
r3-1501101,280,6,1,7,1,98e4b1d2b8d93cd483d11b9a260cabdf86cbb40639fa926469d58a20e1d80c2d,False,"[""MOVED_RIGHT""]",,0,0,False,0,,0
r3-1501101,281,7,1,6,1,98e4b1d2b8d93cd483d11b9a260cabdf86cbb40639fa926469d58a20e1d80c2d,False,"[""MOVED_LEFT""]",,0,0,False,0,,0
r3-1501101,282,6,1,7,1,98e4b1d2b8d93cd483d11b9a260cabdf86cbb40639fa926469d58a20e1d80c2d,False,"[""MOVED_RIGHT""]",,0,0,False,0,,0
r3-1501101,283,7,1,6,1,98e4b1d2b8d93cd483d11b9a260cabdf86cbb40639fa926469d58a20e1d80c2d,False,"[""MOVED_LEFT""]",,0,0,False,0,,0
r3-1501101,284,6,1,7,1,98e4b1d2b8d93cd483d11b9a260cabdf86cbb40639fa926469d58a20e1d80c2d,False,"[""MOVED_RIGHT""]",,0,0,False,0,,0
r3-1501101,285,7,1,6,1,98e4b1d2b8d93cd483d11b9a260cabdf86cbb40639fa926469d58a20e1d80c2d,False,"[""MOVED_LEFT""]",,0,0,False,0,,0
r3-1501101,286,6,1,7,1,98e4b1d2b8d93cd483d11b9a260cabdf86cbb40639fa926469d58a20e1d80c2d,False,"[""MOVED_RIGHT""]",,0,0,False,0,,0
r3-1501101,287,7,1,6,1,98e4b1d2b8d93cd483d11b9a260cabdf86cbb40639fa926469d58a20e1d80c2d,False,"[""MOVED_LEFT""]",,0,0,False,0,,0
r3-1501101,288,6,1,7,1,98e4b1d2b8d93cd483d11b9a260cabdf86cbb40639fa926469d58a20e1d80c2d,False,"[""MOVED_RIGHT""]",,0,0,False,0,,0
r3-1501101,289,7,1,6,1,98e4b1d2b8d93cd483d11b9a260cabdf86cbb40639fa926469d58a20e1d80c2d,False,"[""MOVED_LEFT""]",,0,0,False,0,,0
r3-1501101,290,6,1,7,1,98e4b1d2b8d93cd483d11b9a260cabdf86cbb40639fa926469d58a20e1d80c2d,False,"[""MOVED_RIGHT""]",,0,0,False,0,,0
r3-1501101,291,7,1,6,1,98e4b1d2b8d93cd483d11b9a260cabdf86cbb40639fa926469d58a20e1d80c2d,False,"[""MOVED_LEFT""]",,0,0,False,0,,0
r3-1501101,292,6,1,7,1,98e4b1d2b8d93cd483d11b9a260cabdf86cbb40639fa926469d58a20e1d80c2d,False,"[""MOVED_RIGHT""]",,0,0,False,0,,0
r3-1501101,293,7,1,6,1,98e4b1d2b8d93cd483d11b9a260cabdf86cbb40639fa926469d58a20e1d80c2d,False,"[""MOVED_LEFT""]",,0,0,False,0,,0
r3-1501101,294,6,1,7,1,98e4b1d2b8d93cd483d11b9a260cabdf86cbb40639fa926469d58a20e1d80c2d,False,"[""MOVED_RIGHT""]",,0,0,False,0,,0
r3-1501101,295,7,1,6,1,98e4b1d2b8d93cd483d11b9a260cabdf86cbb40639fa926469d58a20e1d80c2d,False,"[""MOVED_LEFT""]",,0,0,False,0,,0
r3-1501101,296,6,1,7,1,98e4b1d2b8d93cd483d11b9a260cabdf86cbb40639fa926469d58a20e1d80c2d,False,"[""MOVED_RIGHT""]",,0,0,False,0,,0
r3-1501101,297,7,1,6,1,98e4b1d2b8d93cd483d11b9a260cabdf86cbb40639fa926469d58a20e1d80c2d,False,"[""MOVED_LEFT""]",,0,0,False,0,,0
r3-1501101,298,6,1,7,1,98e4b1d2b8d93cd483d11b9a260cabdf86cbb40639fa926469d58a20e1d80c2d,False,"[""MOVED_RIGHT""]",,0,0,False,0,,0
r3-1501101,299,7,1,6,1,98e4b1d2b8d93cd483d11b9a260cabdf86cbb40639fa926469d58a20e1d80c2d,False,"[""MOVED_LEFT""]",,0,0,False,0,,0
r3-1501101,300,6,1,7,1,98e4b1d2b8d93cd483d11b9a260cabdf86cbb40639fa926469d58a20e1d80c2d,False,"[""MOVED_RIGHT""]",,0,0,False,0,,0
r3-1501101,301,7,1,6,1,98e4b1d2b8d93cd483d11b9a260cabdf86cbb40639fa926469d58a20e1d80c2d,False,"[""MOVED_LEFT""]",,0,0,False,0,,0
r3-1501101,302,6,1,7,1,98e4b1d2b8d93cd483d11b9a260cabdf86cbb40639fa926469d58a20e1d80c2d,False,"[""MOVED_RIGHT""]",,0,0,False,0,,0
r3-1501101,303,7,1,6,1,98e4b1d2b8d93cd483d11b9a260cabdf86cbb40639fa926469d58a20e1d80c2d,False,"[""MOVED_LEFT""]",,0,0,False,0,,0
r3-1501101,304,6,1,7,1,98e4b1d2b8d93cd483d11b9a260cabdf86cbb40639fa926469d58a20e1d80c2d,False,"[""MOVED_RIGHT""]",,0,0,False,0,,0
r3-1501101,305,7,1,6,1,98e4b1d2b8d93cd483d11b9a260cabdf86cbb40639fa926469d58a20e1d80c2d,False,"[""MOVED_LEFT""]",,0,0,False,0,,0
r3-1501101,306,6,1,7,1,98e4b1d2b8d93cd483d11b9a260cabdf86cbb40639fa926469d58a20e1d80c2d,False,"[""MOVED_RIGHT""]",,0,0,False,0,,0
r3-1501101,307,7,1,6,1,98e4b1d2b8d93cd483d11b9a260cabdf86cbb40639fa926469d58a20e1d80c2d,False,"[""MOVED_LEFT""]",,0,0,False,0,,0
r3-1501101,308,6,1,7,1,98e4b1d2b8d93cd483d11b9a260cabdf86cbb40639fa926469d58a20e1d80c2d,False,"[""MOVED_RIGHT""]",,0,0,False,0,,0
r3-1501101,309,7,1,6,1,98e4b1d2b8d93cd483d11b9a260cabdf86cbb40639fa926469d58a20e1d80c2d,False,"[""MOVED_LEFT""]",,0,0,False,0,,0
r3-1501101,310,6,1,7,1,98e4b1d2b8d93cd483d11b9a260cabdf86cbb40639fa926469d58a20e1d80c2d,False,"[""MOVED_RIGHT""]",,0,0,False,0,,0
r3-1501101,311,7,1,6,1,98e4b1d2b8d93cd483d11b9a260cabdf86cbb40639fa926469d58a20e1d80c2d,False,"[""MOVED_LEFT""]",,0,0,False,0,,0
r3-1501101,312,6,1,7,1,98e4b1d2b8d93cd483d11b9a260cabdf86cbb40639fa926469d58a20e1d80c2d,False,"[""MOVED_RIGHT""]",,0,0,False,0,,0
r3-1501101,313,7,1,6,1,98e4b1d2b8d93cd483d11b9a260cabdf86cbb40639fa926469d58a20e1d80c2d,False,"[""MOVED_LEFT""]",,0,0,False,0,,0
r3-1501101,314,6,1,7,1,98e4b1d2b8d93cd483d11b9a260cabdf86cbb40639fa926469d58a20e1d80c2d,False,"[""MOVED_RIGHT""]",,0,0,False,0,,0
r3-1501101,315,7,1,6,1,98e4b1d2b8d93cd483d11b9a260cabdf86cbb40639fa926469d58a20e1d80c2d,False,"[""MOVED_LEFT""]",,0,0,False,0,,0
r3-1501101,316,6,1,7,1,98e4b1d2b8d93cd483d11b9a260cabdf86cbb40639fa926469d58a20e1d80c2d,False,"[""MOVED_RIGHT""]",,0,0,False,0,,0
r3-1501101,317,7,1,6,1,98e4b1d2b8d93cd483d11b9a260cabdf86cbb40639fa926469d58a20e1d80c2d,False,"[""MOVED_LEFT""]",,0,0,False,0,,0
r3-1501101,318,6,1,7,1,98e4b1d2b8d93cd483d11b9a260cabdf86cbb40639fa926469d58a20e1d80c2d,False,"[""MOVED_RIGHT""]",,0,0,False,0,,0
r3-1501101,319,7,1,6,1,98e4b1d2b8d93cd483d11b9a260cabdf86cbb40639fa926469d58a20e1d80c2d,False,"[""MOVED_LEFT""]",,0,0,False,0,,0
r3-1501101,320,6,1,7,1,98e4b1d2b8d93cd483d11b9a260cabdf86cbb40639fa926469d58a20e1d80c2d,False,"[""MOVED_RIGHT""]",,0,0,False,0,,0
r3-1501101,321,7,1,6,1,98e4b1d2b8d93cd483d11b9a260cabdf86cbb40639fa926469d58a20e1d80c2d,False,"[""MOVED_LEFT""]",,0,0,False,0,,0
r3-1501101,322,6,1,7,1,98e4b1d2b8d93cd483d11b9a260cabdf86cbb40639fa926469d58a20e1d80c2d,False,"[""MOVED_RIGHT""]",,0,0,False,0,,0
r3-1501101,323,7,1,6,1,98e4b1d2b8d93cd483d11b9a260cabdf86cbb40639fa926469d58a20e1d80c2d,False,"[""MOVED_LEFT""]",,0,0,False,0,,0
r3-1501101,324,6,1,7,1,98e4b1d2b8d93cd483d11b9a260cabdf86cbb40639fa926469d58a20e1d80c2d,False,"[""MOVED_RIGHT""]",,0,0,False,0,,0
r3-1501101,325,7,1,6,1,98e4b1d2b8d93cd483d11b9a260cabdf86cbb40639fa926469d58a20e1d80c2d,False,"[""MOVED_LEFT""]",,0,0,False,0,,0
r3-1501101,326,6,1,7,1,98e4b1d2b8d93cd483d11b9a260cabdf86cbb40639fa926469d58a20e1d80c2d,False,"[""MOVED_RIGHT""]",,0,0,False,0,,0
r3-1501101,327,7,1,6,1,98e4b1d2b8d93cd483d11b9a260cabdf86cbb40639fa926469d58a20e1d80c2d,False,"[""MOVED_LEFT""]",,0,0,False,0,,0
r3-1501101,328,6,1,7,1,98e4b1d2b8d93cd483d11b9a260cabdf86cbb40639fa926469d58a20e1d80c2d,False,"[""MOVED_RIGHT""]",,0,0,False,0,,0
r3-1501101,329,7,1,6,1,98e4b1d2b8d93cd483d11b9a260cabdf86cbb40639fa926469d58a20e1d80c2d,False,"[""MOVED_LEFT""]",,0,0,False,0,,0
r3-1501101,330,6,1,7,1,98e4b1d2b8d93cd483d11b9a260cabdf86cbb40639fa926469d58a20e1d80c2d,False,"[""MOVED_RIGHT""]",,0,0,False,0,,0
r3-1501101,331,7,1,6,1,98e4b1d2b8d93cd483d11b9a260cabdf86cbb40639fa926469d58a20e1d80c2d,False,"[""MOVED_LEFT""]",,0,0,False,0,,0
r3-1501101,332,6,1,7,1,98e4b1d2b8d93cd483d11b9a260cabdf86cbb40639fa926469d58a20e1d80c2d,False,"[""MOVED_RIGHT""]",,0,0,False,0,,0
r3-1501101,333,7,1,6,1,98e4b1d2b8d93cd483d11b9a260cabdf86cbb40639fa926469d58a20e1d80c2d,False,"[""MOVED_LEFT""]",,0,0,False,0,,0
r3-1501101,334,6,1,7,1,98e4b1d2b8d93cd483d11b9a260cabdf86cbb40639fa926469d58a20e1d80c2d,False,"[""MOVED_RIGHT""]",,0,0,False,0,,0
r3-1501101,335,7,1,6,1,98e4b1d2b8d93cd483d11b9a260cabdf86cbb40639fa926469d58a20e1d80c2d,False,"[""MOVED_LEFT""]",,0,0,False,0,,0
r3-1501101,336,6,1,7,1,98e4b1d2b8d93cd483d11b9a260cabdf86cbb40639fa926469d58a20e1d80c2d,False,"[""MOVED_RIGHT""]",,0,0,False,0,,0
r3-1501101,337,7,1,6,1,98e4b1d2b8d93cd483d11b9a260cabdf86cbb40639fa926469d58a20e1d80c2d,False,"[""MOVED_LEFT""]",,0,0,False,0,,0
r3-1501101,338,6,1,7,1,98e4b1d2b8d93cd483d11b9a260cabdf86cbb40639fa926469d58a20e1d80c2d,False,"[""MOVED_RIGHT""]",,0,0,False,0,,0
r3-1501101,339,7,1,6,1,98e4b1d2b8d93cd483d11b9a260cabdf86cbb40639fa926469d58a20e1d80c2d,False,"[""MOVED_LEFT""]",,0,0,False,0,,0
r3-1501101,340,6,1,7,1,98e4b1d2b8d93cd483d11b9a260cabdf86cbb40639fa926469d58a20e1d80c2d,False,"[""MOVED_RIGHT""]",,0,0,False,0,,0
r3-1501101,341,7,1,6,1,98e4b1d2b8d93cd483d11b9a260cabdf86cbb40639fa926469d58a20e1d80c2d,False,"[""MOVED_LEFT""]",,0,0,False,0,,0
r3-1501101,342,6,1,7,1,98e4b1d2b8d93cd483d11b9a260cabdf86cbb40639fa926469d58a20e1d80c2d,False,"[""MOVED_RIGHT""]",,0,0,False,0,,0
r3-1501101,343,7,1,6,1,98e4b1d2b8d93cd483d11b9a260cabdf86cbb40639fa926469d58a20e1d80c2d,False,"[""MOVED_LEFT""]",,0,0,False,0,,0
r3-1501101,344,6,1,7,1,98e4b1d2b8d93cd483d11b9a260cabdf86cbb40639fa926469d58a20e1d80c2d,False,"[""MOVED_RIGHT""]",,0,0,False,0,,0
r3-1501101,345,7,1,6,1,98e4b1d2b8d93cd483d11b9a260cabdf86cbb40639fa926469d58a20e1d80c2d,False,"[""MOVED_LEFT""]",,0,0,False,0,,0
r3-1501101,346,6,1,7,1,98e4b1d2b8d93cd483d11b9a260cabdf86cbb40639fa926469d58a20e1d80c2d,False,"[""MOVED_RIGHT""]",,0,0,False,0,,0
r3-1501101,347,7,1,6,1,98e4b1d2b8d93cd483d11b9a260cabdf86cbb40639fa926469d58a20e1d80c2d,False,"[""MOVED_LEFT""]",,0,0,False,0,,0
r3-1501101,348,6,1,7,1,98e4b1d2b8d93cd483d11b9a260cabdf86cbb40639fa926469d58a20e1d80c2d,False,"[""MOVED_RIGHT""]",,0,0,False,0,,0
r3-1501101,349,7,1,6,1,98e4b1d2b8d93cd483d11b9a260cabdf86cbb40639fa926469d58a20e1d80c2d,False,"[""MOVED_LEFT""]",,0,0,False,0,,0
r3-1501101,350,6,1,7,1,98e4b1d2b8d93cd483d11b9a260cabdf86cbb40639fa926469d58a20e1d80c2d,False,"[""MOVED_RIGHT""]",,0,0,False,0,,0
r3-1501101,351,7,1,6,1,98e4b1d2b8d93cd483d11b9a260cabdf86cbb40639fa926469d58a20e1d80c2d,False,"[""MOVED_LEFT""]",,0,0,False,0,,0
r3-1501101,352,6,1,7,1,98e4b1d2b8d93cd483d11b9a260cabdf86cbb40639fa926469d58a20e1d80c2d,False,"[""MOVED_RIGHT""]",,0,0,False,0,,0
r3-1501101,353,7,1,6,1,98e4b1d2b8d93cd483d11b9a260cabdf86cbb40639fa926469d58a20e1d80c2d,False,"[""MOVED_LEFT""]",,0,0,False,0,,0
r3-1501101,354,6,1,7,1,98e4b1d2b8d93cd483d11b9a260cabdf86cbb40639fa926469d58a20e1d80c2d,False,"[""MOVED_RIGHT""]",,0,0,False,0,,0
r3-1501101,355,7,1,6,1,98e4b1d2b8d93cd483d11b9a260cabdf86cbb40639fa926469d58a20e1d80c2d,False,"[""MOVED_LEFT""]",,0,0,False,0,,0
r3-1501101,356,6,1,7,1,98e4b1d2b8d93cd483d11b9a260cabdf86cbb40639fa926469d58a20e1d80c2d,False,"[""MOVED_RIGHT""]",,0,0,False,0,,0
r3-1501101,357,7,1,6,1,98e4b1d2b8d93cd483d11b9a260cabdf86cbb40639fa926469d58a20e1d80c2d,False,"[""MOVED_LEFT""]",,0,0,False,0,,0
r3-1501101,358,6,1,7,1,98e4b1d2b8d93cd483d11b9a260cabdf86cbb40639fa926469d58a20e1d80c2d,False,"[""MOVED_RIGHT""]",,0,0,False,0,,0
r3-1501101,359,7,1,6,1,98e4b1d2b8d93cd483d11b9a260cabdf86cbb40639fa926469d58a20e1d80c2d,False,"[""MOVED_LEFT""]",,0,0,False,0,,0
r3-1501101,360,6,1,7,1,98e4b1d2b8d93cd483d11b9a260cabdf86cbb40639fa926469d58a20e1d80c2d,False,"[""MOVED_RIGHT""]",,0,0,False,0,,0
r3-1501101,361,7,1,6,1,98e4b1d2b8d93cd483d11b9a260cabdf86cbb40639fa926469d58a20e1d80c2d,False,"[""MOVED_LEFT""]",,0,0,False,0,,0
r3-1501101,362,6,1,7,1,98e4b1d2b8d93cd483d11b9a260cabdf86cbb40639fa926469d58a20e1d80c2d,False,"[""MOVED_RIGHT""]",,0,0,False,0,,0
r3-1501101,363,7,1,6,1,98e4b1d2b8d93cd483d11b9a260cabdf86cbb40639fa926469d58a20e1d80c2d,False,"[""MOVED_LEFT""]",,0,0,False,0,,0
r3-1501101,364,6,1,7,1,98e4b1d2b8d93cd483d11b9a260cabdf86cbb40639fa926469d58a20e1d80c2d,False,"[""MOVED_RIGHT""]",,0,0,False,0,,0
r3-1501101,365,7,1,6,1,98e4b1d2b8d93cd483d11b9a260cabdf86cbb40639fa926469d58a20e1d80c2d,False,"[""MOVED_LEFT""]",,0,0,False,0,,0
r3-1501101,366,6,1,7,1,98e4b1d2b8d93cd483d11b9a260cabdf86cbb40639fa926469d58a20e1d80c2d,False,"[""MOVED_RIGHT""]",,0,0,False,0,,0
r3-1501101,367,7,1,6,1,98e4b1d2b8d93cd483d11b9a260cabdf86cbb40639fa926469d58a20e1d80c2d,False,"[""MOVED_LEFT""]",,0,0,False,0,,0
r3-1501101,368,6,1,7,1,98e4b1d2b8d93cd483d11b9a260cabdf86cbb40639fa926469d58a20e1d80c2d,False,"[""MOVED_RIGHT""]",,0,0,False,0,,0
r3-1501101,369,7,1,6,1,98e4b1d2b8d93cd483d11b9a260cabdf86cbb40639fa926469d58a20e1d80c2d,False,"[""MOVED_LEFT""]",,0,0,False,0,,0
r3-1501101,370,6,1,7,1,98e4b1d2b8d93cd483d11b9a260cabdf86cbb40639fa926469d58a20e1d80c2d,False,"[""MOVED_RIGHT""]",,0,0,False,0,,0
r3-1501101,371,7,1,6,1,98e4b1d2b8d93cd483d11b9a260cabdf86cbb40639fa926469d58a20e1d80c2d,False,"[""MOVED_LEFT""]",,0,0,False,0,,0
r3-1501101,372,6,1,7,1,98e4b1d2b8d93cd483d11b9a260cabdf86cbb40639fa926469d58a20e1d80c2d,False,"[""MOVED_RIGHT""]",,0,0,False,0,,0
r3-1501101,373,7,1,6,1,98e4b1d2b8d93cd483d11b9a260cabdf86cbb40639fa926469d58a20e1d80c2d,False,"[""MOVED_LEFT""]",,0,0,False,0,,0
r3-1501101,374,6,1,7,1,98e4b1d2b8d93cd483d11b9a260cabdf86cbb40639fa926469d58a20e1d80c2d,False,"[""MOVED_RIGHT""]",,0,0,False,0,,0
r3-1501101,375,7,1,6,1,98e4b1d2b8d93cd483d11b9a260cabdf86cbb40639fa926469d58a20e1d80c2d,False,"[""MOVED_LEFT""]",,0,0,False,0,,0
r3-1501101,376,6,1,7,1,98e4b1d2b8d93cd483d11b9a260cabdf86cbb40639fa926469d58a20e1d80c2d,False,"[""MOVED_RIGHT""]",,0,0,False,0,,0
r3-1501101,377,7,1,6,1,98e4b1d2b8d93cd483d11b9a260cabdf86cbb40639fa926469d58a20e1d80c2d,False,"[""MOVED_LEFT""]",,0,0,False,0,,0
r3-1501101,378,6,1,7,1,98e4b1d2b8d93cd483d11b9a260cabdf86cbb40639fa926469d58a20e1d80c2d,False,"[""MOVED_RIGHT""]",,0,0,False,0,,0
r3-1501101,379,7,1,6,1,98e4b1d2b8d93cd483d11b9a260cabdf86cbb40639fa926469d58a20e1d80c2d,False,"[""MOVED_LEFT""]",,0,0,False,0,,0
r3-1501101,380,6,1,7,1,98e4b1d2b8d93cd483d11b9a260cabdf86cbb40639fa926469d58a20e1d80c2d,False,"[""MOVED_RIGHT""]",,0,0,False,0,,0
r3-1501101,381,7,1,6,1,98e4b1d2b8d93cd483d11b9a260cabdf86cbb40639fa926469d58a20e1d80c2d,False,"[""MOVED_LEFT""]",,0,0,False,0,,0
r3-1501101,382,6,1,7,1,98e4b1d2b8d93cd483d11b9a260cabdf86cbb40639fa926469d58a20e1d80c2d,False,"[""MOVED_RIGHT""]",,0,0,False,0,,0
r3-1501101,383,7,1,6,1,98e4b1d2b8d93cd483d11b9a260cabdf86cbb40639fa926469d58a20e1d80c2d,False,"[""MOVED_LEFT""]",,0,0,False,0,,0
r3-1501101,384,6,1,7,1,98e4b1d2b8d93cd483d11b9a260cabdf86cbb40639fa926469d58a20e1d80c2d,False,"[""MOVED_RIGHT""]",,0,0,False,0,,0
r3-1501101,385,7,1,6,1,98e4b1d2b8d93cd483d11b9a260cabdf86cbb40639fa926469d58a20e1d80c2d,False,"[""MOVED_LEFT""]",,0,0,False,0,,0
r3-1501101,386,6,1,7,1,98e4b1d2b8d93cd483d11b9a260cabdf86cbb40639fa926469d58a20e1d80c2d,False,"[""MOVED_RIGHT""]",,0,0,False,0,,0
r3-1501101,387,7,1,6,1,98e4b1d2b8d93cd483d11b9a260cabdf86cbb40639fa926469d58a20e1d80c2d,False,"[""MOVED_LEFT""]",,0,0,False,0,,0
r3-1501101,388,6,1,7,1,98e4b1d2b8d93cd483d11b9a260cabdf86cbb40639fa926469d58a20e1d80c2d,False,"[""MOVED_RIGHT""]",,0,0,False,0,,0
r3-1501101,389,7,1,6,1,98e4b1d2b8d93cd483d11b9a260cabdf86cbb40639fa926469d58a20e1d80c2d,False,"[""MOVED_LEFT""]",,0,0,False,0,,0
r3-1501101,390,6,1,7,1,98e4b1d2b8d93cd483d11b9a260cabdf86cbb40639fa926469d58a20e1d80c2d,False,"[""MOVED_RIGHT""]",,0,0,False,0,,0
r3-1501101,391,7,1,6,1,98e4b1d2b8d93cd483d11b9a260cabdf86cbb40639fa926469d58a20e1d80c2d,False,"[""MOVED_LEFT""]",,0,0,False,0,,0
r3-1501101,392,6,1,7,1,98e4b1d2b8d93cd483d11b9a260cabdf86cbb40639fa926469d58a20e1d80c2d,False,"[""MOVED_RIGHT""]",,0,0,False,0,,0
r3-1501101,393,7,1,6,1,98e4b1d2b8d93cd483d11b9a260cabdf86cbb40639fa926469d58a20e1d80c2d,False,"[""MOVED_LEFT""]",,0,0,False,0,,0
r3-1501101,394,6,1,7,1,98e4b1d2b8d93cd483d11b9a260cabdf86cbb40639fa926469d58a20e1d80c2d,False,"[""MOVED_RIGHT""]",,0,0,False,0,,0
r3-1501101,395,7,1,6,1,98e4b1d2b8d93cd483d11b9a260cabdf86cbb40639fa926469d58a20e1d80c2d,False,"[""MOVED_LEFT""]",,0,0,False,0,,0
r3-1501101,396,6,1,7,1,98e4b1d2b8d93cd483d11b9a260cabdf86cbb40639fa926469d58a20e1d80c2d,False,"[""MOVED_RIGHT""]",,0,0,False,0,,0
r3-1501101,397,7,1,6,1,98e4b1d2b8d93cd483d11b9a260cabdf86cbb40639fa926469d58a20e1d80c2d,False,"[""MOVED_LEFT""]",,0,0,False,0,,0
r3-1501101,398,6,1,7,1,98e4b1d2b8d93cd483d11b9a260cabdf86cbb40639fa926469d58a20e1d80c2d,False,"[""MOVED_RIGHT""]",,0,0,False,0,,0
r3-1501101,399,7,1,6,1,98e4b1d2b8d93cd483d11b9a260cabdf86cbb40639fa926469d58a20e1d80c2d,False,"[""MOVED_LEFT""]",,0,0,False,0,,0
r3-1501101,400,6,1,7,1,98e4b1d2b8d93cd483d11b9a260cabdf86cbb40639fa926469d58a20e1d80c2d,False,"[""MOVED_RIGHT"",""SURVIVED_ROUND""]",,0,0,False,0,,0
r3-1501102,1,1,15,2,15,2a8904e5f8a59f0efb7b7084a4be3889e49eb0bab33c993eaaf4c408ccc81296,False,"[""MOVED_RIGHT""]",28,0,0,False,2,,0
r3-1501102,2,2,15,2,15,2a8904e5f8a59f0efb7b7084a4be3889e49eb0bab33c993eaaf4c408ccc81296,False,"[""BOMB_DROPPED""]",27,0,0,False,2,,0
r3-1501102,3,2,15,2,15,2a8904e5f8a59f0efb7b7084a4be3889e49eb0bab33c993eaaf4c408ccc81296,True,"[""WAITED""]",26,0,0,False,2,,0
r3-1501102,4,2,15,2,15,2a8904e5f8a59f0efb7b7084a4be3889e49eb0bab33c993eaaf4c408ccc81296,True,"[""WAITED""]",26,0,0,False,2,,0
r3-1501102,5,2,15,1,15,2a8904e5f8a59f0efb7b7084a4be3889e49eb0bab33c993eaaf4c408ccc81296,True,"[""MOVED_LEFT""]",27,0,0,False,2,,0
r3-1501102,6,1,15,1,14,2a8904e5f8a59f0efb7b7084a4be3889e49eb0bab33c993eaaf4c408ccc81296,True,"[""MOVED_UP"",""BOMB_EXPLODED"",""CRATE_DESTROYED"",""CRATE_DESTROYED""]",27,0,0,False,2,,0
r3-1501102,7,1,14,1,13,ec30e048577abcd7be948ffa889fc9184b6ce78e881ddfc63aa7e07679aa3029,True,"[""MOVED_UP""]",26,0,0,False,2,,0
r3-1501102,8,1,13,1,14,ec30e048577abcd7be948ffa889fc9184b6ce78e881ddfc63aa7e07679aa3029,False,"[""MOVED_DOWN""]",26,0,0,False,3,,0
r3-1501102,9,1,14,1,14,ec30e048577abcd7be948ffa889fc9184b6ce78e881ddfc63aa7e07679aa3029,False,"[""BOMB_DROPPED""]",27,0,0,False,2,,0
r3-1501102,10,1,14,1,14,ec30e048577abcd7be948ffa889fc9184b6ce78e881ddfc63aa7e07679aa3029,True,"[""WAITED""]",27,0,0,False,2,,0
r3-1501102,11,1,14,1,14,ec30e048577abcd7be948ffa889fc9184b6ce78e881ddfc63aa7e07679aa3029,True,"[""WAITED""]",26,0,0,False,2,,0
r3-1501102,12,1,14,1,15,ec30e048577abcd7be948ffa889fc9184b6ce78e881ddfc63aa7e07679aa3029,True,"[""MOVED_DOWN""]",27,0,0,False,2,,0
r3-1501102,13,1,15,2,15,ec30e048577abcd7be948ffa889fc9184b6ce78e881ddfc63aa7e07679aa3029,True,"[""MOVED_RIGHT"",""BOMB_EXPLODED"",""CRATE_DESTROYED"",""CRATE_DESTROYED""]",27,0,0,False,1,,0
r3-1501102,14,2,15,3,15,d49478411f1f9682081a3b042ed196ac9e71ffe5d76d26b59a719da313b52d3e,True,"[""MOVED_RIGHT""]",26,0,0,False,0,,0
r3-1501102,15,3,15,3,15,d49478411f1f9682081a3b042ed196ac9e71ffe5d76d26b59a719da313b52d3e,False,"[""WAITED""]",25,0,0,False,3,,0
r3-1501102,16,3,15,3,15,d49478411f1f9682081a3b042ed196ac9e71ffe5d76d26b59a719da313b52d3e,False,"[""BOMB_DROPPED""]",26,0,0,False,3,,0
r3-1501102,17,3,15,3,15,d49478411f1f9682081a3b042ed196ac9e71ffe5d76d26b59a719da313b52d3e,True,"[""WAITED""]",25,0,0,False,3,,0
r3-1501102,18,3,15,2,15,d49478411f1f9682081a3b042ed196ac9e71ffe5d76d26b59a719da313b52d3e,True,"[""MOVED_LEFT""]",25,0,0,False,3,,0
r3-1501102,19,2,15,1,15,d49478411f1f9682081a3b042ed196ac9e71ffe5d76d26b59a719da313b52d3e,True,"[""MOVED_LEFT""]",26,0,0,False,0,,0
r3-1501102,20,1,15,1,14,d49478411f1f9682081a3b042ed196ac9e71ffe5d76d26b59a719da313b52d3e,True,"[""MOVED_UP"",""BOMB_EXPLODED"",""CRATE_DESTROYED"",""CRATE_DESTROYED"",""CRATE_DESTROYED"",""CRATE_DESTROYED""]",28,0,0,False,0,,0
r3-1501102,21,1,14,1,13,7d0519df9f588d5459ce2582411c4a3db65fc8ffd840ca3afc8a9c19cafe4e34,True,"[""MOVED_UP""]",27,0,0,False,0,,0
r3-1501102,22,1,13,1,14,7d0519df9f588d5459ce2582411c4a3db65fc8ffd840ca3afc8a9c19cafe4e34,False,"[""MOVED_DOWN""]",26,0,0,False,3,,0
r3-1501102,23,1,14,1,13,7d0519df9f588d5459ce2582411c4a3db65fc8ffd840ca3afc8a9c19cafe4e34,False,"[""MOVED_UP""]",26,0,0,False,0,,0
r3-1501102,24,1,13,1,13,7d0519df9f588d5459ce2582411c4a3db65fc8ffd840ca3afc8a9c19cafe4e34,False,"[""BOMB_DROPPED""]",25,0,0,False,3,,0
r3-1501102,25,1,13,1,13,7d0519df9f588d5459ce2582411c4a3db65fc8ffd840ca3afc8a9c19cafe4e34,True,"[""WAITED""]",25,0,0,False,3,,0
r3-1501102,26,1,13,1,14,7d0519df9f588d5459ce2582411c4a3db65fc8ffd840ca3afc8a9c19cafe4e34,True,"[""MOVED_DOWN""]",25,0,0,False,3,,0
r3-1501102,27,1,14,1,15,7d0519df9f588d5459ce2582411c4a3db65fc8ffd840ca3afc8a9c19cafe4e34,True,"[""MOVED_DOWN""]",27,0,0,False,0,,0
r3-1501102,28,1,15,2,15,7d0519df9f588d5459ce2582411c4a3db65fc8ffd840ca3afc8a9c19cafe4e34,True,"[""MOVED_RIGHT"",""BOMB_EXPLODED"",""CRATE_DESTROYED"",""CRATE_DESTROYED"",""CRATE_DESTROYED""]",28,0,0,False,0,,0
r3-1501102,29,2,15,3,15,8fdf4801fad1bbccf15f6967157f9b39cba89b8987904772e890517c5f084d56,True,"[""MOVED_RIGHT""]",26,0,0,False,0,,0
r3-1501102,30,3,15,2,15,8fdf4801fad1bbccf15f6967157f9b39cba89b8987904772e890517c5f084d56,False,"[""MOVED_LEFT""]",25,0,0,False,0,,0
r3-1501102,31,2,15,2,15,8fdf4801fad1bbccf15f6967157f9b39cba89b8987904772e890517c5f084d56,False,"[""BOMB_DROPPED""]",27,0,0,False,0,,-0.5
r3-1501102,32,2,15,2,15,8fdf4801fad1bbccf15f6967157f9b39cba89b8987904772e890517c5f084d56,True,"[""WAITED""]",26,0,0,False,0,,0
r3-1501102,33,2,15,2,15,8fdf4801fad1bbccf15f6967157f9b39cba89b8987904772e890517c5f084d56,True,"[""WAITED""]",26,0,0,False,0,,0
r3-1501102,34,2,15,1,15,8fdf4801fad1bbccf15f6967157f9b39cba89b8987904772e890517c5f084d56,True,"[""MOVED_LEFT""]",26,0,0,False,0,,0
r3-1501102,35,1,15,1,14,8fdf4801fad1bbccf15f6967157f9b39cba89b8987904772e890517c5f084d56,True,"[""MOVED_UP"",""BOMB_EXPLODED""]",27,0,0,False,0,,0
r3-1501102,36,1,14,1,13,8fdf4801fad1bbccf15f6967157f9b39cba89b8987904772e890517c5f084d56,True,"[""MOVED_UP""]",26,0,0,False,0,,0
r3-1501102,37,1,13,1,12,8fdf4801fad1bbccf15f6967157f9b39cba89b8987904772e890517c5f084d56,False,"[""MOVED_UP""]",25,0,0,False,0,,0
r3-1501102,38,1,12,1,12,8fdf4801fad1bbccf15f6967157f9b39cba89b8987904772e890517c5f084d56,False,"[""BOMB_DROPPED""]",24,0,0,False,1,,0
r3-1501102,39,1,12,1,12,8fdf4801fad1bbccf15f6967157f9b39cba89b8987904772e890517c5f084d56,True,"[""WAITED""]",24,0,0,False,1,,0
r3-1501102,40,1,12,1,12,8fdf4801fad1bbccf15f6967157f9b39cba89b8987904772e890517c5f084d56,True,"[""WAITED""]",24,0,0,False,1,,0
r3-1501102,41,1,12,1,13,8fdf4801fad1bbccf15f6967157f9b39cba89b8987904772e890517c5f084d56,True,"[""MOVED_DOWN""]",24,0,0,False,1,,0
r3-1501102,42,1,13,2,13,8fdf4801fad1bbccf15f6967157f9b39cba89b8987904772e890517c5f084d56,True,"[""MOVED_RIGHT"",""BOMB_EXPLODED"",""CRATE_DESTROYED""]",26,0,0,False,0,,0
r3-1501102,43,2,13,3,13,0bed7ddb2296a343c14967cebc205fd50e1981fd036e2180b370fd77782403f7,True,"[""MOVED_RIGHT""]",24,0,0,False,1,,0
r3-1501102,44,3,13,3,13,0bed7ddb2296a343c14967cebc205fd50e1981fd036e2180b370fd77782403f7,False,"[""WAITED""]",23,0,0,False,3,,0
r3-1501102,45,3,13,3,13,0bed7ddb2296a343c14967cebc205fd50e1981fd036e2180b370fd77782403f7,False,"[""BOMB_DROPPED""]",23,0,0,False,3,,0
r3-1501102,46,3,13,3,13,0bed7ddb2296a343c14967cebc205fd50e1981fd036e2180b370fd77782403f7,True,"[""WAITED""]",23,0,0,False,3,,0
r3-1501102,47,3,13,3,14,0bed7ddb2296a343c14967cebc205fd50e1981fd036e2180b370fd77782403f7,True,"[""MOVED_DOWN""]",23,0,0,False,3,,0
r3-1501102,48,3,14,3,15,0bed7ddb2296a343c14967cebc205fd50e1981fd036e2180b370fd77782403f7,True,"[""MOVED_DOWN""]",24,0,0,False,1,,0
r3-1501102,49,3,15,2,15,0bed7ddb2296a343c14967cebc205fd50e1981fd036e2180b370fd77782403f7,True,"[""MOVED_LEFT"",""BOMB_EXPLODED"",""CRATE_DESTROYED"",""CRATE_DESTROYED"",""COIN_FOUND"",""CRATE_DESTROYED"",""CRATE_DESTROYED""]",25,0,0,False,0,,0
r3-1501102,50,2,15,2,15,24b3475997d5d9e68a96f0d3c2ede2631685e705855919e79b540f86dd03a890,True,"[""WAITED""]",26,0,0,False,0,,0
r3-1501102,51,2,15,3,15,24b3475997d5d9e68a96f0d3c2ede2631685e705855919e79b540f86dd03a890,False,"[""MOVED_RIGHT""]",26,0,0,False,0,,0
r3-1501102,52,3,15,3,15,24b3475997d5d9e68a96f0d3c2ede2631685e705855919e79b540f86dd03a890,False,"[""BOMB_DROPPED""]",25,0,0,False,0,,-0.5
r3-1501102,53,3,15,3,15,24b3475997d5d9e68a96f0d3c2ede2631685e705855919e79b540f86dd03a890,True,"[""WAITED""]",26,0,0,False,0,,0
r3-1501102,54,3,15,3,14,24b3475997d5d9e68a96f0d3c2ede2631685e705855919e79b540f86dd03a890,True,"[""MOVED_UP""]",25,0,0,False,0,,0
r3-1501102,55,3,14,3,13,24b3475997d5d9e68a96f0d3c2ede2631685e705855919e79b540f86dd03a890,True,"[""MOVED_UP""]",24,0,0,False,0,,0
r3-1501102,56,3,13,4,13,24b3475997d5d9e68a96f0d3c2ede2631685e705855919e79b540f86dd03a890,True,"[""MOVED_RIGHT"",""BOMB_EXPLODED""]",24,0,0,False,0,,0
r3-1501102,57,4,13,5,13,24b3475997d5d9e68a96f0d3c2ede2631685e705855919e79b540f86dd03a890,True,"[""MOVED_RIGHT""]",23,0,0,False,1,,0
r3-1501102,58,5,13,6,13,24b3475997d5d9e68a96f0d3c2ede2631685e705855919e79b540f86dd03a890,False,"[""MOVED_RIGHT"",""COIN_COLLECTED""]",21,0,0,False,3,,0
r3-1501102,59,6,13,6,13,1866bd152be531d252290944d8ecb2d69205c99f9af4481f1d6e0484b52e4e3b,False,"[""BOMB_DROPPED""]",21,0,0,False,3,,0
r3-1501102,60,6,13,5,13,1866bd152be531d252290944d8ecb2d69205c99f9af4481f1d6e0484b52e4e3b,True,"[""MOVED_LEFT""]",20,0,0,False,3,,0
r3-1501102,61,5,13,4,13,1866bd152be531d252290944d8ecb2d69205c99f9af4481f1d6e0484b52e4e3b,True,"[""MOVED_LEFT""]",22,0,0,False,3,,0
r3-1501102,62,4,13,3,13,1866bd152be531d252290944d8ecb2d69205c99f9af4481f1d6e0484b52e4e3b,True,"[""MOVED_LEFT""]",23,0,0,False,1,,0
r3-1501102,63,3,13,3,12,1866bd152be531d252290944d8ecb2d69205c99f9af4481f1d6e0484b52e4e3b,True,"[""MOVED_UP"",""BOMB_EXPLODED"",""CRATE_DESTROYED"",""CRATE_DESTROYED"",""CRATE_DESTROYED""]",23,0,0,False,0,,0
r3-1501102,64,3,12,3,11,9ce1288aef0b189947e68602f16b866eef1fe58fbb7b0e794b9b00a6670ea731,True,"[""MOVED_UP""]",23,0,0,False,0,,0
r3-1501102,65,3,11,3,12,9ce1288aef0b189947e68602f16b866eef1fe58fbb7b0e794b9b00a6670ea731,False,"[""MOVED_DOWN""]",21,0,0,False,3,,0
r3-1501102,66,3,12,3,11,9ce1288aef0b189947e68602f16b866eef1fe58fbb7b0e794b9b00a6670ea731,False,"[""MOVED_UP""]",22,0,0,False,0,,0
r3-1501102,67,3,11,3,11,9ce1288aef0b189947e68602f16b866eef1fe58fbb7b0e794b9b00a6670ea731,False,"[""BOMB_DROPPED""]",21,0,0,False,3,,0
r3-1501102,68,3,11,3,12,9ce1288aef0b189947e68602f16b866eef1fe58fbb7b0e794b9b00a6670ea731,True,"[""MOVED_DOWN""]",22,0,0,False,3,,0
r3-1501102,69,3,12,3,12,9ce1288aef0b189947e68602f16b866eef1fe58fbb7b0e794b9b00a6670ea731,True,"[""WAITED""]",22,0,0,False,0,,0
r3-1501102,70,3,12,3,13,9ce1288aef0b189947e68602f16b866eef1fe58fbb7b0e794b9b00a6670ea731,True,"[""MOVED_DOWN""]",22,0,0,False,0,,0
r3-1501102,71,3,13,2,13,9ce1288aef0b189947e68602f16b866eef1fe58fbb7b0e794b9b00a6670ea731,True,"[""MOVED_LEFT"",""BOMB_EXPLODED"",""CRATE_DESTROYED"",""CRATE_DESTROYED"",""COIN_FOUND"",""CRATE_DESTROYED"",""CRATE_DESTROYED"",""COIN_FOUND""]",23,0,0,False,0,,0
r3-1501102,72,2,13,1,13,a41f7e79bfd90c8ddb4b263d8fb86163853a8f5bf720d3233f8c1019196d6245,True,"[""MOVED_LEFT""]",24,0,0,False,0,,0
r3-1501102,73,1,13,1,13,a41f7e79bfd90c8ddb4b263d8fb86163853a8f5bf720d3233f8c1019196d6245,False,"[""WAITED""]",25,0,0,False,0,,0
r3-1501102,74,1,13,1,13,a41f7e79bfd90c8ddb4b263d8fb86163853a8f5bf720d3233f8c1019196d6245,False,"[""BOMB_DROPPED""]",26,0,0,False,0,,-0.5
r3-1501102,75,1,13,1,12,a41f7e79bfd90c8ddb4b263d8fb86163853a8f5bf720d3233f8c1019196d6245,True,"[""MOVED_UP""]",25,0,0,False,0,,0
r3-1501102,76,1,12,1,12,a41f7e79bfd90c8ddb4b263d8fb86163853a8f5bf720d3233f8c1019196d6245,True,"[""WAITED""]",24,0,0,False,0,,0
r3-1501102,77,1,12,1,11,a41f7e79bfd90c8ddb4b263d8fb86163853a8f5bf720d3233f8c1019196d6245,True,"[""MOVED_UP""]",24,0,0,False,0,,0
r3-1501102,78,1,11,2,11,a41f7e79bfd90c8ddb4b263d8fb86163853a8f5bf720d3233f8c1019196d6245,True,"[""MOVED_RIGHT"",""COIN_COLLECTED"",""BOMB_EXPLODED""]",24,0,0,False,1,,0
r3-1501102,79,2,11,3,11,6ac6dfe1336f93bd1179b91ef56a3505338c3490c197300c202ab413b2c66b00,True,"[""MOVED_RIGHT""]",23,0,0,False,0,,0
r3-1501102,80,3,11,4,11,6ac6dfe1336f93bd1179b91ef56a3505338c3490c197300c202ab413b2c66b00,False,"[""MOVED_RIGHT""]",22,0,0,False,0,,0
r3-1501102,81,4,11,5,11,6ac6dfe1336f93bd1179b91ef56a3505338c3490c197300c202ab413b2c66b00,False,"[""MOVED_RIGHT"",""COIN_COLLECTED""]",21,0,0,False,1,,0
r3-1501102,82,5,11,5,11,3985b05945640c7e349cd1869f20d76351e25bb7879d0c835e02cc774394a38e,False,"[""BOMB_DROPPED""]",19,0,0,False,3,,0
r3-1501102,83,5,11,5,11,3985b05945640c7e349cd1869f20d76351e25bb7879d0c835e02cc774394a38e,True,"[""WAITED""]",19,0,0,False,3,,0
r3-1501102,84,5,11,4,11,3985b05945640c7e349cd1869f20d76351e25bb7879d0c835e02cc774394a38e,True,"[""MOVED_LEFT""]",19,0,0,False,3,,0
r3-1501102,85,4,11,3,11,3985b05945640c7e349cd1869f20d76351e25bb7879d0c835e02cc774394a38e,True,"[""MOVED_LEFT""]",20,0,0,False,1,,0
r3-1501102,86,3,11,3,10,3985b05945640c7e349cd1869f20d76351e25bb7879d0c835e02cc774394a38e,True,"[""MOVED_UP"",""BOMB_EXPLODED"",""CRATE_DESTROYED"",""COIN_FOUND"",""CRATE_DESTROYED"",""CRATE_DESTROYED"",""CRATE_DESTROYED"",""CRATE_DESTROYED"",""COIN_FOUND"",""CRATE_DESTROYED"",""CRATE_DESTROYED""]",22,0,0,False,0,,0
r3-1501102,87,3,10,3,9,fae32b4873a3f245e9e332f114007efe92091630f9327ccab3db6349840d5bb9,True,"[""MOVED_UP""]",20,0,0,False,1,,0
r3-1501102,88,3,9,3,10,fae32b4873a3f245e9e332f114007efe92091630f9327ccab3db6349840d5bb9,False,"[""MOVED_DOWN""]",19,0,0,False,2,,0
r3-1501102,89,3,10,3,10,fae32b4873a3f245e9e332f114007efe92091630f9327ccab3db6349840d5bb9,False,"[""BOMB_DROPPED""]",20,0,0,False,1,,0
r3-1501102,90,3,10,3,11,fae32b4873a3f245e9e332f114007efe92091630f9327ccab3db6349840d5bb9,True,"[""MOVED_DOWN""]",20,0,0,False,1,,0
r3-1501102,91,3,11,2,11,fae32b4873a3f245e9e332f114007efe92091630f9327ccab3db6349840d5bb9,True,"[""MOVED_LEFT""]",21,0,0,False,0,,0
r3-1501102,92,2,11,3,11,fae32b4873a3f245e9e332f114007efe92091630f9327ccab3db6349840d5bb9,True,"[""MOVED_RIGHT""]",23,0,0,False,0,,0
r3-1501102,93,3,11,2,11,fae32b4873a3f245e9e332f114007efe92091630f9327ccab3db6349840d5bb9,True,"[""MOVED_LEFT"",""BOMB_EXPLODED"",""CRATE_DESTROYED""]",22,0,0,False,0,,0
r3-1501102,94,2,11,2,11,65d1e01430c060cd024d3ee2554638e91f189baedcd37fddafd3c0d54bc8bd53,True,"[""WAITED""]",22,0,0,False,0,,0
r3-1501102,95,2,11,3,11,65d1e01430c060cd024d3ee2554638e91f189baedcd37fddafd3c0d54bc8bd53,False,"[""MOVED_RIGHT""]",22,0,0,False,0,,0
r3-1501102,96,3,11,3,11,65d1e01430c060cd024d3ee2554638e91f189baedcd37fddafd3c0d54bc8bd53,False,"[""WAITED""]",21,0,0,False,0,,0
r3-1501102,97,3,11,3,11,65d1e01430c060cd024d3ee2554638e91f189baedcd37fddafd3c0d54bc8bd53,False,"[""WAITED""]",21,0,0,False,0,,0
r3-1501102,98,3,11,3,11,65d1e01430c060cd024d3ee2554638e91f189baedcd37fddafd3c0d54bc8bd53,False,"[""WAITED""]",22,0,0,False,0,,0
r3-1501102,99,3,11,3,11,65d1e01430c060cd024d3ee2554638e91f189baedcd37fddafd3c0d54bc8bd53,False,"[""WAITED""]",21,0,0,False,0,,0
r3-1501102,100,3,11,3,11,65d1e01430c060cd024d3ee2554638e91f189baedcd37fddafd3c0d54bc8bd53,False,"[""WAITED""]",21,0,0,False,0,,0
r3-1501102,101,3,11,3,11,65d1e01430c060cd024d3ee2554638e91f189baedcd37fddafd3c0d54bc8bd53,False,"[""WAITED""]",22,0,0,False,0,,0
r3-1501102,102,3,11,3,11,65d1e01430c060cd024d3ee2554638e91f189baedcd37fddafd3c0d54bc8bd53,False,"[""WAITED""]",21,0,0,False,0,,0
r3-1501102,103,3,11,3,11,65d1e01430c060cd024d3ee2554638e91f189baedcd37fddafd3c0d54bc8bd53,False,"[""WAITED""]",22,0,0,False,0,,0
r3-1501102,104,3,11,3,11,65d1e01430c060cd024d3ee2554638e91f189baedcd37fddafd3c0d54bc8bd53,False,"[""WAITED""]",22,0,0,False,0,,0
r3-1501102,105,3,11,3,11,65d1e01430c060cd024d3ee2554638e91f189baedcd37fddafd3c0d54bc8bd53,False,"[""WAITED""]",22,0,0,False,0,,0
r3-1501102,106,3,11,3,11,65d1e01430c060cd024d3ee2554638e91f189baedcd37fddafd3c0d54bc8bd53,False,"[""WAITED""]",22,0,0,False,0,,0
r3-1501102,107,3,11,3,11,65d1e01430c060cd024d3ee2554638e91f189baedcd37fddafd3c0d54bc8bd53,False,"[""WAITED""]",21,0,0,False,0,,0
r3-1501102,108,3,11,3,11,65d1e01430c060cd024d3ee2554638e91f189baedcd37fddafd3c0d54bc8bd53,False,"[""WAITED""]",21,0,0,False,0,,0
r3-1501102,109,3,11,3,11,65d1e01430c060cd024d3ee2554638e91f189baedcd37fddafd3c0d54bc8bd53,False,"[""WAITED""]",21,0,0,False,0,,0
r3-1501102,110,3,11,3,11,65d1e01430c060cd024d3ee2554638e91f189baedcd37fddafd3c0d54bc8bd53,False,"[""WAITED""]",21,0,0,False,0,,0
r3-1501102,111,3,11,3,11,65d1e01430c060cd024d3ee2554638e91f189baedcd37fddafd3c0d54bc8bd53,False,"[""WAITED""]",21,0,0,False,0,,0
r3-1501102,112,3,11,3,11,65d1e01430c060cd024d3ee2554638e91f189baedcd37fddafd3c0d54bc8bd53,False,"[""WAITED""]",21,0,0,False,0,,0
r3-1501102,113,3,11,3,11,65d1e01430c060cd024d3ee2554638e91f189baedcd37fddafd3c0d54bc8bd53,False,"[""WAITED""]",21,0,0,False,0,,0
r3-1501102,114,3,11,3,11,65d1e01430c060cd024d3ee2554638e91f189baedcd37fddafd3c0d54bc8bd53,False,"[""WAITED""]",21,0,0,False,0,,0
r3-1501102,115,3,11,3,11,65d1e01430c060cd024d3ee2554638e91f189baedcd37fddafd3c0d54bc8bd53,False,"[""WAITED""]",22,0,0,False,0,,0
r3-1501102,116,3,11,3,11,65d1e01430c060cd024d3ee2554638e91f189baedcd37fddafd3c0d54bc8bd53,False,"[""WAITED""]",21,0,0,False,0,,0
r3-1501102,117,3,11,3,11,65d1e01430c060cd024d3ee2554638e91f189baedcd37fddafd3c0d54bc8bd53,False,"[""WAITED""]",21,0,0,False,0,,0
r3-1501102,118,3,11,3,11,65d1e01430c060cd024d3ee2554638e91f189baedcd37fddafd3c0d54bc8bd53,False,"[""WAITED""]",21,0,0,False,0,,0
r3-1501102,119,3,11,3,11,65d1e01430c060cd024d3ee2554638e91f189baedcd37fddafd3c0d54bc8bd53,False,"[""WAITED""]",21,0,0,False,0,,0
r3-1501102,120,3,11,3,11,65d1e01430c060cd024d3ee2554638e91f189baedcd37fddafd3c0d54bc8bd53,False,"[""WAITED""]",21,0,0,False,0,,0
r3-1501102,121,3,11,3,11,65d1e01430c060cd024d3ee2554638e91f189baedcd37fddafd3c0d54bc8bd53,False,"[""WAITED""]",21,0,0,False,0,,0
r3-1501102,122,3,11,3,11,65d1e01430c060cd024d3ee2554638e91f189baedcd37fddafd3c0d54bc8bd53,False,"[""WAITED""]",21,0,0,False,0,,0
r3-1501102,123,3,11,3,11,65d1e01430c060cd024d3ee2554638e91f189baedcd37fddafd3c0d54bc8bd53,False,"[""WAITED""]",21,0,0,False,0,,0
r3-1501102,124,3,11,3,11,65d1e01430c060cd024d3ee2554638e91f189baedcd37fddafd3c0d54bc8bd53,False,"[""WAITED""]",21,0,0,False,0,,0
r3-1501102,125,3,11,3,11,65d1e01430c060cd024d3ee2554638e91f189baedcd37fddafd3c0d54bc8bd53,False,"[""WAITED""]",22,0,0,False,0,,0
r3-1501102,126,3,11,3,11,65d1e01430c060cd024d3ee2554638e91f189baedcd37fddafd3c0d54bc8bd53,False,"[""WAITED""]",21,0,0,False,0,,0
r3-1501102,127,3,11,3,11,65d1e01430c060cd024d3ee2554638e91f189baedcd37fddafd3c0d54bc8bd53,False,"[""WAITED""]",21,0,0,False,0,,0
r3-1501102,128,3,11,3,11,65d1e01430c060cd024d3ee2554638e91f189baedcd37fddafd3c0d54bc8bd53,False,"[""WAITED""]",21,0,0,False,0,,0
r3-1501102,129,3,11,3,11,65d1e01430c060cd024d3ee2554638e91f189baedcd37fddafd3c0d54bc8bd53,False,"[""WAITED""]",22,0,0,False,0,,0
r3-1501102,130,3,11,3,11,65d1e01430c060cd024d3ee2554638e91f189baedcd37fddafd3c0d54bc8bd53,False,"[""WAITED""]",21,0,0,False,0,,0
r3-1501102,131,3,11,3,11,65d1e01430c060cd024d3ee2554638e91f189baedcd37fddafd3c0d54bc8bd53,False,"[""WAITED""]",22,0,0,False,0,,0
r3-1501102,132,3,11,3,11,65d1e01430c060cd024d3ee2554638e91f189baedcd37fddafd3c0d54bc8bd53,False,"[""WAITED""]",22,0,0,False,0,,0
r3-1501102,133,3,11,3,11,65d1e01430c060cd024d3ee2554638e91f189baedcd37fddafd3c0d54bc8bd53,False,"[""WAITED""]",22,0,0,False,0,,0
r3-1501102,134,3,11,3,11,65d1e01430c060cd024d3ee2554638e91f189baedcd37fddafd3c0d54bc8bd53,False,"[""WAITED""]",21,0,0,False,0,,0
r3-1501102,135,3,11,3,11,65d1e01430c060cd024d3ee2554638e91f189baedcd37fddafd3c0d54bc8bd53,False,"[""WAITED""]",22,0,0,False,0,,0
r3-1501102,136,3,11,3,11,65d1e01430c060cd024d3ee2554638e91f189baedcd37fddafd3c0d54bc8bd53,False,"[""WAITED""]",21,0,0,False,0,,0
r3-1501102,137,3,11,3,11,65d1e01430c060cd024d3ee2554638e91f189baedcd37fddafd3c0d54bc8bd53,False,"[""WAITED""]",21,0,0,False,0,,0
r3-1501102,138,3,11,3,11,65d1e01430c060cd024d3ee2554638e91f189baedcd37fddafd3c0d54bc8bd53,False,"[""WAITED""]",21,0,0,False,0,,0
r3-1501102,139,3,11,3,11,65d1e01430c060cd024d3ee2554638e91f189baedcd37fddafd3c0d54bc8bd53,False,"[""WAITED""]",21,0,0,False,0,,0
r3-1501102,140,3,11,3,11,65d1e01430c060cd024d3ee2554638e91f189baedcd37fddafd3c0d54bc8bd53,False,"[""WAITED""]",21,0,0,False,0,,0
r3-1501102,141,3,11,3,11,65d1e01430c060cd024d3ee2554638e91f189baedcd37fddafd3c0d54bc8bd53,False,"[""WAITED""]",21,0,0,False,0,,0
r3-1501102,142,3,11,3,11,65d1e01430c060cd024d3ee2554638e91f189baedcd37fddafd3c0d54bc8bd53,False,"[""WAITED""]",21,0,0,False,0,,0
r3-1501102,143,3,11,3,11,65d1e01430c060cd024d3ee2554638e91f189baedcd37fddafd3c0d54bc8bd53,False,"[""WAITED""]",21,0,0,False,0,,0
r3-1501102,144,3,11,3,11,65d1e01430c060cd024d3ee2554638e91f189baedcd37fddafd3c0d54bc8bd53,False,"[""WAITED""]",22,0,0,False,0,,0
r3-1501102,145,3,11,3,11,65d1e01430c060cd024d3ee2554638e91f189baedcd37fddafd3c0d54bc8bd53,False,"[""WAITED""]",21,0,0,False,0,,0
r3-1501102,146,3,11,3,11,65d1e01430c060cd024d3ee2554638e91f189baedcd37fddafd3c0d54bc8bd53,False,"[""WAITED""]",21,0,0,False,0,,0
r3-1501102,147,3,11,3,11,65d1e01430c060cd024d3ee2554638e91f189baedcd37fddafd3c0d54bc8bd53,False,"[""WAITED""]",21,0,0,False,0,,0
r3-1501102,148,3,11,3,11,65d1e01430c060cd024d3ee2554638e91f189baedcd37fddafd3c0d54bc8bd53,False,"[""WAITED""]",21,0,0,False,0,,0
r3-1501102,149,3,11,3,11,65d1e01430c060cd024d3ee2554638e91f189baedcd37fddafd3c0d54bc8bd53,False,"[""WAITED""]",21,0,0,False,0,,0
r3-1501102,150,3,11,3,11,65d1e01430c060cd024d3ee2554638e91f189baedcd37fddafd3c0d54bc8bd53,False,"[""WAITED""]",22,0,0,False,0,,0
r3-1501102,151,3,11,3,11,65d1e01430c060cd024d3ee2554638e91f189baedcd37fddafd3c0d54bc8bd53,False,"[""WAITED""]",21,0,0,False,0,,0
r3-1501102,152,3,11,3,11,65d1e01430c060cd024d3ee2554638e91f189baedcd37fddafd3c0d54bc8bd53,False,"[""WAITED""]",21,0,0,False,0,,0
r3-1501102,153,3,11,3,11,65d1e01430c060cd024d3ee2554638e91f189baedcd37fddafd3c0d54bc8bd53,False,"[""WAITED""]",21,0,0,False,0,,0
r3-1501102,154,3,11,3,11,65d1e01430c060cd024d3ee2554638e91f189baedcd37fddafd3c0d54bc8bd53,False,"[""WAITED""]",21,0,0,False,0,,0
r3-1501102,155,3,11,3,11,65d1e01430c060cd024d3ee2554638e91f189baedcd37fddafd3c0d54bc8bd53,False,"[""WAITED""]",21,0,0,False,0,,0
r3-1501102,156,3,11,3,11,65d1e01430c060cd024d3ee2554638e91f189baedcd37fddafd3c0d54bc8bd53,False,"[""WAITED""]",21,0,0,False,0,,0
r3-1501102,157,3,11,3,11,65d1e01430c060cd024d3ee2554638e91f189baedcd37fddafd3c0d54bc8bd53,False,"[""WAITED""]",21,0,0,False,0,,0
r3-1501102,158,3,11,3,11,65d1e01430c060cd024d3ee2554638e91f189baedcd37fddafd3c0d54bc8bd53,False,"[""WAITED""]",21,0,0,False,0,,0
r3-1501102,159,3,11,3,11,65d1e01430c060cd024d3ee2554638e91f189baedcd37fddafd3c0d54bc8bd53,False,"[""WAITED""]",22,0,0,False,0,,0
r3-1501102,160,3,11,3,11,65d1e01430c060cd024d3ee2554638e91f189baedcd37fddafd3c0d54bc8bd53,False,"[""WAITED""]",21,0,0,False,0,,0
r3-1501102,161,3,11,3,11,65d1e01430c060cd024d3ee2554638e91f189baedcd37fddafd3c0d54bc8bd53,False,"[""WAITED""]",22,0,0,False,0,,0
r3-1501102,162,3,11,3,11,65d1e01430c060cd024d3ee2554638e91f189baedcd37fddafd3c0d54bc8bd53,False,"[""WAITED""]",22,0,0,False,0,,0
r3-1501102,163,3,11,3,11,65d1e01430c060cd024d3ee2554638e91f189baedcd37fddafd3c0d54bc8bd53,False,"[""WAITED""]",21,0,0,False,0,,0
r3-1501102,164,3,11,3,11,65d1e01430c060cd024d3ee2554638e91f189baedcd37fddafd3c0d54bc8bd53,False,"[""WAITED""]",22,0,0,False,0,,0
r3-1501102,165,3,11,3,11,65d1e01430c060cd024d3ee2554638e91f189baedcd37fddafd3c0d54bc8bd53,False,"[""WAITED""]",21,0,0,False,0,,0
r3-1501102,166,3,11,3,11,65d1e01430c060cd024d3ee2554638e91f189baedcd37fddafd3c0d54bc8bd53,False,"[""WAITED""]",21,0,0,False,0,,0
r3-1501102,167,3,11,3,11,65d1e01430c060cd024d3ee2554638e91f189baedcd37fddafd3c0d54bc8bd53,False,"[""WAITED""]",21,0,0,False,0,,0
r3-1501102,168,3,11,3,11,65d1e01430c060cd024d3ee2554638e91f189baedcd37fddafd3c0d54bc8bd53,False,"[""WAITED""]",21,0,0,False,0,,0
r3-1501102,169,3,11,3,11,65d1e01430c060cd024d3ee2554638e91f189baedcd37fddafd3c0d54bc8bd53,False,"[""WAITED""]",22,0,0,False,0,,0
r3-1501102,170,3,11,3,11,65d1e01430c060cd024d3ee2554638e91f189baedcd37fddafd3c0d54bc8bd53,False,"[""WAITED""]",22,0,0,False,0,,0
r3-1501102,171,3,11,3,11,65d1e01430c060cd024d3ee2554638e91f189baedcd37fddafd3c0d54bc8bd53,False,"[""WAITED""]",22,0,0,False,0,,0
r3-1501102,172,3,11,3,11,65d1e01430c060cd024d3ee2554638e91f189baedcd37fddafd3c0d54bc8bd53,False,"[""WAITED""]",21,0,0,False,0,,0
r3-1501102,173,3,11,3,11,65d1e01430c060cd024d3ee2554638e91f189baedcd37fddafd3c0d54bc8bd53,False,"[""WAITED""]",21,0,0,False,0,,0
r3-1501102,174,3,11,3,11,65d1e01430c060cd024d3ee2554638e91f189baedcd37fddafd3c0d54bc8bd53,False,"[""WAITED""]",21,0,0,False,0,,0
r3-1501102,175,3,11,3,11,65d1e01430c060cd024d3ee2554638e91f189baedcd37fddafd3c0d54bc8bd53,False,"[""WAITED""]",21,0,0,False,0,,0
r3-1501102,176,3,11,3,11,65d1e01430c060cd024d3ee2554638e91f189baedcd37fddafd3c0d54bc8bd53,False,"[""WAITED""]",21,0,0,False,0,,0
r3-1501102,177,3,11,3,11,65d1e01430c060cd024d3ee2554638e91f189baedcd37fddafd3c0d54bc8bd53,False,"[""WAITED""]",21,0,0,False,0,,0
r3-1501102,178,3,11,3,11,65d1e01430c060cd024d3ee2554638e91f189baedcd37fddafd3c0d54bc8bd53,False,"[""WAITED""]",21,0,0,False,0,,0
r3-1501102,179,3,11,3,11,65d1e01430c060cd024d3ee2554638e91f189baedcd37fddafd3c0d54bc8bd53,False,"[""WAITED""]",22,0,0,False,0,,0
r3-1501102,180,3,11,3,11,65d1e01430c060cd024d3ee2554638e91f189baedcd37fddafd3c0d54bc8bd53,False,"[""WAITED""]",22,0,0,False,0,,0
r3-1501102,181,3,11,3,11,65d1e01430c060cd024d3ee2554638e91f189baedcd37fddafd3c0d54bc8bd53,False,"[""WAITED""]",21,0,0,False,0,,0
r3-1501102,182,3,11,3,11,65d1e01430c060cd024d3ee2554638e91f189baedcd37fddafd3c0d54bc8bd53,False,"[""WAITED""]",21,0,0,False,0,,0
r3-1501102,183,3,11,3,11,65d1e01430c060cd024d3ee2554638e91f189baedcd37fddafd3c0d54bc8bd53,False,"[""WAITED""]",21,0,0,False,0,,0
r3-1501102,184,3,11,3,11,65d1e01430c060cd024d3ee2554638e91f189baedcd37fddafd3c0d54bc8bd53,False,"[""WAITED""]",22,0,0,False,0,,0
r3-1501102,185,3,11,3,11,65d1e01430c060cd024d3ee2554638e91f189baedcd37fddafd3c0d54bc8bd53,False,"[""WAITED""]",21,0,0,False,0,,0
r3-1501102,186,3,11,3,11,65d1e01430c060cd024d3ee2554638e91f189baedcd37fddafd3c0d54bc8bd53,False,"[""WAITED""]",21,0,0,False,0,,0
r3-1501102,187,3,11,3,11,65d1e01430c060cd024d3ee2554638e91f189baedcd37fddafd3c0d54bc8bd53,False,"[""WAITED""]",21,0,0,False,0,,0
r3-1501102,188,3,11,3,11,65d1e01430c060cd024d3ee2554638e91f189baedcd37fddafd3c0d54bc8bd53,False,"[""WAITED""]",21,0,0,False,0,,0
r3-1501102,189,3,11,3,11,65d1e01430c060cd024d3ee2554638e91f189baedcd37fddafd3c0d54bc8bd53,False,"[""WAITED""]",21,0,0,False,0,,0
r3-1501102,190,3,11,3,11,65d1e01430c060cd024d3ee2554638e91f189baedcd37fddafd3c0d54bc8bd53,False,"[""WAITED""]",22,0,0,False,0,,0
r3-1501102,191,3,11,3,11,65d1e01430c060cd024d3ee2554638e91f189baedcd37fddafd3c0d54bc8bd53,False,"[""WAITED""]",22,0,0,False,0,,0
r3-1501102,192,3,11,3,11,65d1e01430c060cd024d3ee2554638e91f189baedcd37fddafd3c0d54bc8bd53,False,"[""WAITED""]",21,0,0,False,0,,0
r3-1501102,193,3,11,3,11,65d1e01430c060cd024d3ee2554638e91f189baedcd37fddafd3c0d54bc8bd53,False,"[""WAITED""]",22,0,0,False,0,,0
r3-1501102,194,3,11,3,11,65d1e01430c060cd024d3ee2554638e91f189baedcd37fddafd3c0d54bc8bd53,False,"[""WAITED""]",21,0,0,False,0,,0
r3-1501102,195,3,11,3,11,65d1e01430c060cd024d3ee2554638e91f189baedcd37fddafd3c0d54bc8bd53,False,"[""WAITED""]",21,0,0,False,0,,0
r3-1501102,196,3,11,3,11,65d1e01430c060cd024d3ee2554638e91f189baedcd37fddafd3c0d54bc8bd53,False,"[""WAITED""]",21,0,0,False,0,,0
r3-1501102,197,3,11,3,11,65d1e01430c060cd024d3ee2554638e91f189baedcd37fddafd3c0d54bc8bd53,False,"[""WAITED""]",21,0,0,False,0,,0
r3-1501102,198,3,11,3,11,65d1e01430c060cd024d3ee2554638e91f189baedcd37fddafd3c0d54bc8bd53,False,"[""WAITED""]",21,0,0,False,0,,0
r3-1501102,199,3,11,3,11,65d1e01430c060cd024d3ee2554638e91f189baedcd37fddafd3c0d54bc8bd53,False,"[""WAITED""]",22,0,0,False,0,,0
r3-1501102,200,3,11,3,11,65d1e01430c060cd024d3ee2554638e91f189baedcd37fddafd3c0d54bc8bd53,False,"[""WAITED""]",22,0,0,False,0,,0
r3-1501102,201,3,11,3,11,65d1e01430c060cd024d3ee2554638e91f189baedcd37fddafd3c0d54bc8bd53,False,"[""WAITED""]",21,0,0,False,0,,0
r3-1501102,202,3,11,3,11,65d1e01430c060cd024d3ee2554638e91f189baedcd37fddafd3c0d54bc8bd53,False,"[""WAITED""]",22,0,0,False,0,,0
r3-1501102,203,3,11,3,11,65d1e01430c060cd024d3ee2554638e91f189baedcd37fddafd3c0d54bc8bd53,False,"[""WAITED""]",21,0,0,False,0,,0
r3-1501102,204,3,11,3,11,65d1e01430c060cd024d3ee2554638e91f189baedcd37fddafd3c0d54bc8bd53,False,"[""WAITED""]",21,0,0,False,0,,0
r3-1501102,205,3,11,3,11,65d1e01430c060cd024d3ee2554638e91f189baedcd37fddafd3c0d54bc8bd53,False,"[""WAITED""]",21,0,0,False,0,,0
r3-1501102,206,3,11,3,11,65d1e01430c060cd024d3ee2554638e91f189baedcd37fddafd3c0d54bc8bd53,False,"[""WAITED""]",21,0,0,False,0,,0
r3-1501102,207,3,11,3,11,65d1e01430c060cd024d3ee2554638e91f189baedcd37fddafd3c0d54bc8bd53,False,"[""WAITED""]",21,0,0,False,0,,0
r3-1501102,208,3,11,3,11,65d1e01430c060cd024d3ee2554638e91f189baedcd37fddafd3c0d54bc8bd53,False,"[""WAITED""]",21,0,0,False,0,,0
r3-1501102,209,3,11,3,11,65d1e01430c060cd024d3ee2554638e91f189baedcd37fddafd3c0d54bc8bd53,False,"[""WAITED""]",21,0,0,False,0,,0
r3-1501102,210,3,11,3,11,65d1e01430c060cd024d3ee2554638e91f189baedcd37fddafd3c0d54bc8bd53,False,"[""WAITED""]",22,0,0,False,0,,0
r3-1501102,211,3,11,3,11,65d1e01430c060cd024d3ee2554638e91f189baedcd37fddafd3c0d54bc8bd53,False,"[""WAITED""]",22,0,0,False,0,,0
r3-1501102,212,3,11,3,11,65d1e01430c060cd024d3ee2554638e91f189baedcd37fddafd3c0d54bc8bd53,False,"[""WAITED""]",22,0,0,False,0,,0
r3-1501102,213,3,11,3,11,65d1e01430c060cd024d3ee2554638e91f189baedcd37fddafd3c0d54bc8bd53,False,"[""WAITED""]",21,0,0,False,0,,0
r3-1501102,214,3,11,3,11,65d1e01430c060cd024d3ee2554638e91f189baedcd37fddafd3c0d54bc8bd53,False,"[""WAITED""]",22,0,0,False,0,,0
r3-1501102,215,3,11,3,11,65d1e01430c060cd024d3ee2554638e91f189baedcd37fddafd3c0d54bc8bd53,False,"[""WAITED""]",22,0,0,False,0,,0
r3-1501102,216,3,11,3,11,65d1e01430c060cd024d3ee2554638e91f189baedcd37fddafd3c0d54bc8bd53,False,"[""WAITED""]",22,0,0,False,0,,0
r3-1501102,217,3,11,3,11,65d1e01430c060cd024d3ee2554638e91f189baedcd37fddafd3c0d54bc8bd53,False,"[""WAITED""]",21,0,0,False,0,,0
r3-1501102,218,3,11,3,11,65d1e01430c060cd024d3ee2554638e91f189baedcd37fddafd3c0d54bc8bd53,False,"[""WAITED""]",21,0,0,False,0,,0
r3-1501102,219,3,11,3,11,65d1e01430c060cd024d3ee2554638e91f189baedcd37fddafd3c0d54bc8bd53,False,"[""WAITED""]",21,0,0,False,0,,0
r3-1501102,220,3,11,3,11,65d1e01430c060cd024d3ee2554638e91f189baedcd37fddafd3c0d54bc8bd53,False,"[""WAITED""]",21,0,0,False,0,,0
r3-1501102,221,3,11,3,11,65d1e01430c060cd024d3ee2554638e91f189baedcd37fddafd3c0d54bc8bd53,False,"[""WAITED""]",21,0,0,False,0,,0
r3-1501102,222,3,11,3,11,65d1e01430c060cd024d3ee2554638e91f189baedcd37fddafd3c0d54bc8bd53,False,"[""WAITED""]",22,0,0,False,0,,0
r3-1501102,223,3,11,3,11,65d1e01430c060cd024d3ee2554638e91f189baedcd37fddafd3c0d54bc8bd53,False,"[""WAITED""]",22,0,0,False,0,,0
r3-1501102,224,3,11,3,11,65d1e01430c060cd024d3ee2554638e91f189baedcd37fddafd3c0d54bc8bd53,False,"[""WAITED""]",22,0,0,False,0,,0
r3-1501102,225,3,11,3,11,65d1e01430c060cd024d3ee2554638e91f189baedcd37fddafd3c0d54bc8bd53,False,"[""WAITED""]",22,0,0,False,0,,0
r3-1501102,226,3,11,3,11,65d1e01430c060cd024d3ee2554638e91f189baedcd37fddafd3c0d54bc8bd53,False,"[""WAITED""]",22,0,0,False,0,,0
r3-1501102,227,3,11,3,11,65d1e01430c060cd024d3ee2554638e91f189baedcd37fddafd3c0d54bc8bd53,False,"[""WAITED""]",22,0,0,False,0,,0
r3-1501102,228,3,11,3,11,65d1e01430c060cd024d3ee2554638e91f189baedcd37fddafd3c0d54bc8bd53,False,"[""WAITED""]",21,0,0,False,0,,0
r3-1501102,229,3,11,3,11,65d1e01430c060cd024d3ee2554638e91f189baedcd37fddafd3c0d54bc8bd53,False,"[""WAITED""]",22,0,0,False,0,,0
r3-1501102,230,3,11,3,11,65d1e01430c060cd024d3ee2554638e91f189baedcd37fddafd3c0d54bc8bd53,False,"[""WAITED""]",21,0,0,False,0,,0
r3-1501102,231,3,11,3,11,65d1e01430c060cd024d3ee2554638e91f189baedcd37fddafd3c0d54bc8bd53,False,"[""WAITED""]",21,0,0,False,0,,0
r3-1501102,232,3,11,3,11,65d1e01430c060cd024d3ee2554638e91f189baedcd37fddafd3c0d54bc8bd53,False,"[""WAITED""]",21,0,0,False,0,,0
r3-1501102,233,3,11,3,11,65d1e01430c060cd024d3ee2554638e91f189baedcd37fddafd3c0d54bc8bd53,False,"[""WAITED""]",21,0,0,False,0,,0
r3-1501102,234,3,11,3,11,65d1e01430c060cd024d3ee2554638e91f189baedcd37fddafd3c0d54bc8bd53,False,"[""WAITED""]",22,0,0,False,0,,0
r3-1501102,235,3,11,3,11,65d1e01430c060cd024d3ee2554638e91f189baedcd37fddafd3c0d54bc8bd53,False,"[""WAITED""]",22,0,0,False,0,,0
r3-1501102,236,3,11,3,11,65d1e01430c060cd024d3ee2554638e91f189baedcd37fddafd3c0d54bc8bd53,False,"[""WAITED""]",21,0,0,False,0,,0
r3-1501102,237,3,11,3,11,65d1e01430c060cd024d3ee2554638e91f189baedcd37fddafd3c0d54bc8bd53,False,"[""WAITED""]",22,0,0,False,0,,0
r3-1501102,238,3,11,3,11,65d1e01430c060cd024d3ee2554638e91f189baedcd37fddafd3c0d54bc8bd53,False,"[""WAITED""]",21,0,0,False,0,,0
r3-1501102,239,3,11,3,11,65d1e01430c060cd024d3ee2554638e91f189baedcd37fddafd3c0d54bc8bd53,False,"[""WAITED""]",21,0,0,False,0,,0
r3-1501102,240,3,11,3,11,65d1e01430c060cd024d3ee2554638e91f189baedcd37fddafd3c0d54bc8bd53,False,"[""WAITED""]",21,0,0,False,0,,0
r3-1501102,241,3,11,3,11,65d1e01430c060cd024d3ee2554638e91f189baedcd37fddafd3c0d54bc8bd53,False,"[""WAITED""]",21,0,0,False,0,,0
r3-1501102,242,3,11,3,11,65d1e01430c060cd024d3ee2554638e91f189baedcd37fddafd3c0d54bc8bd53,False,"[""WAITED""]",21,0,0,False,0,,0
r3-1501102,243,3,11,3,11,65d1e01430c060cd024d3ee2554638e91f189baedcd37fddafd3c0d54bc8bd53,False,"[""WAITED""]",21,0,0,False,0,,0
r3-1501102,244,3,11,3,11,65d1e01430c060cd024d3ee2554638e91f189baedcd37fddafd3c0d54bc8bd53,False,"[""WAITED""]",21,0,0,False,0,,0
r3-1501102,245,3,11,3,11,65d1e01430c060cd024d3ee2554638e91f189baedcd37fddafd3c0d54bc8bd53,False,"[""WAITED""]",22,0,0,False,0,,0
r3-1501102,246,3,11,3,11,65d1e01430c060cd024d3ee2554638e91f189baedcd37fddafd3c0d54bc8bd53,False,"[""WAITED""]",22,0,0,False,0,,0
r3-1501102,247,3,11,3,11,65d1e01430c060cd024d3ee2554638e91f189baedcd37fddafd3c0d54bc8bd53,False,"[""WAITED""]",22,0,0,False,0,,0
r3-1501102,248,3,11,3,11,65d1e01430c060cd024d3ee2554638e91f189baedcd37fddafd3c0d54bc8bd53,False,"[""WAITED""]",21,0,0,False,0,,0
r3-1501102,249,3,11,3,11,65d1e01430c060cd024d3ee2554638e91f189baedcd37fddafd3c0d54bc8bd53,False,"[""WAITED""]",21,0,0,False,0,,0
r3-1501102,250,3,11,3,11,65d1e01430c060cd024d3ee2554638e91f189baedcd37fddafd3c0d54bc8bd53,False,"[""WAITED""]",21,0,0,False,0,,0
r3-1501102,251,3,11,3,11,65d1e01430c060cd024d3ee2554638e91f189baedcd37fddafd3c0d54bc8bd53,False,"[""WAITED""]",21,0,0,False,0,,0
r3-1501102,252,3,11,3,11,65d1e01430c060cd024d3ee2554638e91f189baedcd37fddafd3c0d54bc8bd53,False,"[""WAITED""]",22,0,0,False,0,,0
r3-1501102,253,3,11,3,11,65d1e01430c060cd024d3ee2554638e91f189baedcd37fddafd3c0d54bc8bd53,False,"[""WAITED""]",22,0,0,False,0,,0
r3-1501102,254,3,11,3,11,65d1e01430c060cd024d3ee2554638e91f189baedcd37fddafd3c0d54bc8bd53,False,"[""WAITED""]",21,0,0,False,0,,0
r3-1501102,255,3,11,3,11,65d1e01430c060cd024d3ee2554638e91f189baedcd37fddafd3c0d54bc8bd53,False,"[""WAITED""]",22,0,0,False,0,,0
r3-1501102,256,3,11,3,11,65d1e01430c060cd024d3ee2554638e91f189baedcd37fddafd3c0d54bc8bd53,False,"[""WAITED""]",21,0,0,False,0,,0
r3-1501102,257,3,11,3,11,65d1e01430c060cd024d3ee2554638e91f189baedcd37fddafd3c0d54bc8bd53,False,"[""WAITED""]",22,0,0,False,0,,0
r3-1501102,258,3,11,3,11,65d1e01430c060cd024d3ee2554638e91f189baedcd37fddafd3c0d54bc8bd53,False,"[""WAITED""]",21,0,0,False,0,,0
r3-1501102,259,3,11,3,11,65d1e01430c060cd024d3ee2554638e91f189baedcd37fddafd3c0d54bc8bd53,False,"[""WAITED""]",21,0,0,False,0,,0
r3-1501102,260,3,11,3,11,65d1e01430c060cd024d3ee2554638e91f189baedcd37fddafd3c0d54bc8bd53,False,"[""WAITED""]",21,0,0,False,0,,0
r3-1501102,261,3,11,3,11,65d1e01430c060cd024d3ee2554638e91f189baedcd37fddafd3c0d54bc8bd53,False,"[""WAITED""]",21,0,0,False,0,,0
r3-1501102,262,3,11,3,11,65d1e01430c060cd024d3ee2554638e91f189baedcd37fddafd3c0d54bc8bd53,False,"[""WAITED""]",21,0,0,False,0,,0
r3-1501102,263,3,11,3,11,65d1e01430c060cd024d3ee2554638e91f189baedcd37fddafd3c0d54bc8bd53,False,"[""WAITED""]",21,0,0,False,0,,0
r3-1501102,264,3,11,3,11,65d1e01430c060cd024d3ee2554638e91f189baedcd37fddafd3c0d54bc8bd53,False,"[""WAITED""]",21,0,0,False,0,,0
r3-1501102,265,3,11,3,11,65d1e01430c060cd024d3ee2554638e91f189baedcd37fddafd3c0d54bc8bd53,False,"[""WAITED""]",22,0,0,False,0,,0
r3-1501102,266,3,11,3,11,65d1e01430c060cd024d3ee2554638e91f189baedcd37fddafd3c0d54bc8bd53,False,"[""WAITED""]",22,0,0,False,0,,0
r3-1501102,267,3,11,3,11,65d1e01430c060cd024d3ee2554638e91f189baedcd37fddafd3c0d54bc8bd53,False,"[""WAITED""]",22,0,0,False,0,,0
r3-1501102,268,3,11,3,11,65d1e01430c060cd024d3ee2554638e91f189baedcd37fddafd3c0d54bc8bd53,False,"[""WAITED""]",21,0,0,False,0,,0
r3-1501102,269,3,11,3,11,65d1e01430c060cd024d3ee2554638e91f189baedcd37fddafd3c0d54bc8bd53,False,"[""WAITED""]",21,0,0,False,0,,0
r3-1501102,270,3,11,3,11,65d1e01430c060cd024d3ee2554638e91f189baedcd37fddafd3c0d54bc8bd53,False,"[""WAITED""]",21,0,0,False,0,,0
r3-1501102,271,3,11,3,11,65d1e01430c060cd024d3ee2554638e91f189baedcd37fddafd3c0d54bc8bd53,False,"[""WAITED""]",22,0,0,False,0,,0
r3-1501102,272,3,11,3,11,65d1e01430c060cd024d3ee2554638e91f189baedcd37fddafd3c0d54bc8bd53,False,"[""WAITED""]",21,0,0,False,0,,0
r3-1501102,273,3,11,3,11,65d1e01430c060cd024d3ee2554638e91f189baedcd37fddafd3c0d54bc8bd53,False,"[""WAITED""]",21,0,0,False,0,,0
r3-1501102,274,3,11,3,11,65d1e01430c060cd024d3ee2554638e91f189baedcd37fddafd3c0d54bc8bd53,False,"[""WAITED""]",21,0,0,False,0,,0
r3-1501102,275,3,11,3,11,65d1e01430c060cd024d3ee2554638e91f189baedcd37fddafd3c0d54bc8bd53,False,"[""WAITED""]",21,0,0,False,0,,0
r3-1501102,276,3,11,3,11,65d1e01430c060cd024d3ee2554638e91f189baedcd37fddafd3c0d54bc8bd53,False,"[""WAITED""]",21,0,0,False,0,,0
r3-1501102,277,3,11,3,11,65d1e01430c060cd024d3ee2554638e91f189baedcd37fddafd3c0d54bc8bd53,False,"[""WAITED""]",21,0,0,False,0,,0
r3-1501102,278,3,11,3,11,65d1e01430c060cd024d3ee2554638e91f189baedcd37fddafd3c0d54bc8bd53,False,"[""WAITED""]",21,0,0,False,0,,0
r3-1501102,279,3,11,3,11,65d1e01430c060cd024d3ee2554638e91f189baedcd37fddafd3c0d54bc8bd53,False,"[""WAITED""]",21,0,0,False,0,,0
r3-1501102,280,3,11,3,11,65d1e01430c060cd024d3ee2554638e91f189baedcd37fddafd3c0d54bc8bd53,False,"[""WAITED""]",21,0,0,False,0,,0
r3-1501102,281,3,11,3,11,65d1e01430c060cd024d3ee2554638e91f189baedcd37fddafd3c0d54bc8bd53,False,"[""WAITED""]",21,0,0,False,0,,0
r3-1501102,282,3,11,3,11,65d1e01430c060cd024d3ee2554638e91f189baedcd37fddafd3c0d54bc8bd53,False,"[""WAITED""]",21,0,0,False,0,,0
r3-1501102,283,3,11,3,11,65d1e01430c060cd024d3ee2554638e91f189baedcd37fddafd3c0d54bc8bd53,False,"[""WAITED""]",21,0,0,False,0,,0
r3-1501102,284,3,11,3,11,65d1e01430c060cd024d3ee2554638e91f189baedcd37fddafd3c0d54bc8bd53,False,"[""WAITED""]",21,0,0,False,0,,0
r3-1501102,285,3,11,3,11,65d1e01430c060cd024d3ee2554638e91f189baedcd37fddafd3c0d54bc8bd53,False,"[""WAITED""]",22,0,0,False,0,,0
r3-1501102,286,3,11,3,11,65d1e01430c060cd024d3ee2554638e91f189baedcd37fddafd3c0d54bc8bd53,False,"[""WAITED""]",21,0,0,False,0,,0
r3-1501102,287,3,11,3,11,65d1e01430c060cd024d3ee2554638e91f189baedcd37fddafd3c0d54bc8bd53,False,"[""WAITED""]",22,0,0,False,0,,0
r3-1501102,288,3,11,3,11,65d1e01430c060cd024d3ee2554638e91f189baedcd37fddafd3c0d54bc8bd53,False,"[""WAITED""]",22,0,0,False,0,,0
r3-1501102,289,3,11,3,11,65d1e01430c060cd024d3ee2554638e91f189baedcd37fddafd3c0d54bc8bd53,False,"[""WAITED""]",21,0,0,False,0,,0
r3-1501102,290,3,11,3,11,65d1e01430c060cd024d3ee2554638e91f189baedcd37fddafd3c0d54bc8bd53,False,"[""WAITED""]",21,0,0,False,0,,0
r3-1501102,291,3,11,3,11,65d1e01430c060cd024d3ee2554638e91f189baedcd37fddafd3c0d54bc8bd53,False,"[""WAITED""]",22,0,0,False,0,,0
r3-1501102,292,3,11,3,11,65d1e01430c060cd024d3ee2554638e91f189baedcd37fddafd3c0d54bc8bd53,False,"[""WAITED""]",22,0,0,False,0,,0
r3-1501102,293,3,11,3,11,65d1e01430c060cd024d3ee2554638e91f189baedcd37fddafd3c0d54bc8bd53,False,"[""WAITED""]",21,0,0,False,0,,0
r3-1501102,294,3,11,3,11,65d1e01430c060cd024d3ee2554638e91f189baedcd37fddafd3c0d54bc8bd53,False,"[""WAITED""]",22,0,0,False,0,,0
r3-1501102,295,3,11,3,11,65d1e01430c060cd024d3ee2554638e91f189baedcd37fddafd3c0d54bc8bd53,False,"[""WAITED""]",22,0,0,False,0,,0
r3-1501102,296,3,11,3,11,65d1e01430c060cd024d3ee2554638e91f189baedcd37fddafd3c0d54bc8bd53,False,"[""WAITED""]",22,0,0,False,0,,0
r3-1501102,297,3,11,3,11,65d1e01430c060cd024d3ee2554638e91f189baedcd37fddafd3c0d54bc8bd53,False,"[""WAITED""]",22,0,0,False,0,,0
r3-1501102,298,3,11,3,11,65d1e01430c060cd024d3ee2554638e91f189baedcd37fddafd3c0d54bc8bd53,False,"[""WAITED""]",22,0,0,False,0,,0
r3-1501102,299,3,11,3,11,65d1e01430c060cd024d3ee2554638e91f189baedcd37fddafd3c0d54bc8bd53,False,"[""WAITED""]",22,0,0,False,0,,0
r3-1501102,300,3,11,3,11,65d1e01430c060cd024d3ee2554638e91f189baedcd37fddafd3c0d54bc8bd53,False,"[""WAITED""]",22,0,0,False,0,,0
r3-1501102,301,3,11,3,11,65d1e01430c060cd024d3ee2554638e91f189baedcd37fddafd3c0d54bc8bd53,False,"[""WAITED""]",21,0,0,False,0,,0
r3-1501102,302,3,11,3,11,65d1e01430c060cd024d3ee2554638e91f189baedcd37fddafd3c0d54bc8bd53,False,"[""WAITED""]",21,0,0,False,0,,0
r3-1501102,303,3,11,3,11,65d1e01430c060cd024d3ee2554638e91f189baedcd37fddafd3c0d54bc8bd53,False,"[""WAITED""]",21,0,0,False,0,,0
r3-1501102,304,3,11,3,11,65d1e01430c060cd024d3ee2554638e91f189baedcd37fddafd3c0d54bc8bd53,False,"[""WAITED""]",21,0,0,False,0,,0
r3-1501102,305,3,11,3,11,65d1e01430c060cd024d3ee2554638e91f189baedcd37fddafd3c0d54bc8bd53,False,"[""WAITED""]",22,0,0,False,0,,0
r3-1501102,306,3,11,3,11,65d1e01430c060cd024d3ee2554638e91f189baedcd37fddafd3c0d54bc8bd53,False,"[""WAITED""]",22,0,0,False,0,,0
r3-1501102,307,3,11,3,11,65d1e01430c060cd024d3ee2554638e91f189baedcd37fddafd3c0d54bc8bd53,False,"[""WAITED""]",22,0,0,False,0,,0
r3-1501102,308,3,11,3,11,65d1e01430c060cd024d3ee2554638e91f189baedcd37fddafd3c0d54bc8bd53,False,"[""WAITED""]",21,0,0,False,0,,0
r3-1501102,309,3,11,3,11,65d1e01430c060cd024d3ee2554638e91f189baedcd37fddafd3c0d54bc8bd53,False,"[""WAITED""]",21,0,0,False,0,,0
r3-1501102,310,3,11,3,11,65d1e01430c060cd024d3ee2554638e91f189baedcd37fddafd3c0d54bc8bd53,False,"[""WAITED""]",21,0,0,False,0,,0
r3-1501102,311,3,11,3,11,65d1e01430c060cd024d3ee2554638e91f189baedcd37fddafd3c0d54bc8bd53,False,"[""WAITED""]",21,0,0,False,0,,0
r3-1501102,312,3,11,3,11,65d1e01430c060cd024d3ee2554638e91f189baedcd37fddafd3c0d54bc8bd53,False,"[""WAITED""]",21,0,0,False,0,,0
r3-1501102,313,3,11,3,11,65d1e01430c060cd024d3ee2554638e91f189baedcd37fddafd3c0d54bc8bd53,False,"[""WAITED""]",21,0,0,False,0,,0
r3-1501102,314,3,11,3,11,65d1e01430c060cd024d3ee2554638e91f189baedcd37fddafd3c0d54bc8bd53,False,"[""WAITED""]",22,0,0,False,0,,0
r3-1501102,315,3,11,3,11,65d1e01430c060cd024d3ee2554638e91f189baedcd37fddafd3c0d54bc8bd53,False,"[""WAITED""]",21,0,0,False,0,,0
r3-1501102,316,3,11,3,11,65d1e01430c060cd024d3ee2554638e91f189baedcd37fddafd3c0d54bc8bd53,False,"[""WAITED""]",21,0,0,False,0,,0
r3-1501102,317,3,11,3,11,65d1e01430c060cd024d3ee2554638e91f189baedcd37fddafd3c0d54bc8bd53,False,"[""WAITED""]",21,0,0,False,0,,0
r3-1501102,318,3,11,3,11,65d1e01430c060cd024d3ee2554638e91f189baedcd37fddafd3c0d54bc8bd53,False,"[""WAITED""]",22,0,0,False,0,,0
r3-1501102,319,3,11,3,11,65d1e01430c060cd024d3ee2554638e91f189baedcd37fddafd3c0d54bc8bd53,False,"[""WAITED""]",22,0,0,False,0,,0
r3-1501102,320,3,11,3,11,65d1e01430c060cd024d3ee2554638e91f189baedcd37fddafd3c0d54bc8bd53,False,"[""WAITED""]",21,0,0,False,0,,0
r3-1501102,321,3,11,3,11,65d1e01430c060cd024d3ee2554638e91f189baedcd37fddafd3c0d54bc8bd53,False,"[""WAITED""]",21,0,0,False,0,,0
r3-1501102,322,3,11,3,11,65d1e01430c060cd024d3ee2554638e91f189baedcd37fddafd3c0d54bc8bd53,False,"[""WAITED""]",21,0,0,False,0,,0
r3-1501102,323,3,11,3,11,65d1e01430c060cd024d3ee2554638e91f189baedcd37fddafd3c0d54bc8bd53,False,"[""WAITED""]",21,0,0,False,0,,0
r3-1501102,324,3,11,3,11,65d1e01430c060cd024d3ee2554638e91f189baedcd37fddafd3c0d54bc8bd53,False,"[""WAITED""]",21,0,0,False,0,,0
r3-1501102,325,3,11,3,11,65d1e01430c060cd024d3ee2554638e91f189baedcd37fddafd3c0d54bc8bd53,False,"[""WAITED""]",21,0,0,False,0,,0
r3-1501102,326,3,11,3,11,65d1e01430c060cd024d3ee2554638e91f189baedcd37fddafd3c0d54bc8bd53,False,"[""WAITED""]",21,0,0,False,0,,0
r3-1501102,327,3,11,3,11,65d1e01430c060cd024d3ee2554638e91f189baedcd37fddafd3c0d54bc8bd53,False,"[""WAITED""]",22,0,0,False,0,,0
r3-1501102,328,3,11,3,11,65d1e01430c060cd024d3ee2554638e91f189baedcd37fddafd3c0d54bc8bd53,False,"[""WAITED""]",21,0,0,False,0,,0
r3-1501102,329,3,11,3,11,65d1e01430c060cd024d3ee2554638e91f189baedcd37fddafd3c0d54bc8bd53,False,"[""WAITED""]",21,0,0,False,0,,0
r3-1501102,330,3,11,3,11,65d1e01430c060cd024d3ee2554638e91f189baedcd37fddafd3c0d54bc8bd53,False,"[""WAITED""]",21,0,0,False,0,,0
r3-1501102,331,3,11,3,11,65d1e01430c060cd024d3ee2554638e91f189baedcd37fddafd3c0d54bc8bd53,False,"[""WAITED""]",21,0,0,False,0,,0
r3-1501102,332,3,11,3,11,65d1e01430c060cd024d3ee2554638e91f189baedcd37fddafd3c0d54bc8bd53,False,"[""WAITED""]",21,0,0,False,0,,0
r3-1501102,333,3,11,3,11,65d1e01430c060cd024d3ee2554638e91f189baedcd37fddafd3c0d54bc8bd53,False,"[""WAITED""]",21,0,0,False,0,,0
r3-1501102,334,3,11,3,11,65d1e01430c060cd024d3ee2554638e91f189baedcd37fddafd3c0d54bc8bd53,False,"[""WAITED""]",21,0,0,False,0,,0
r3-1501102,335,3,11,3,11,65d1e01430c060cd024d3ee2554638e91f189baedcd37fddafd3c0d54bc8bd53,False,"[""WAITED""]",21,0,0,False,0,,0
r3-1501102,336,3,11,3,11,65d1e01430c060cd024d3ee2554638e91f189baedcd37fddafd3c0d54bc8bd53,False,"[""WAITED""]",21,0,0,False,0,,0
r3-1501102,337,3,11,3,11,65d1e01430c060cd024d3ee2554638e91f189baedcd37fddafd3c0d54bc8bd53,False,"[""WAITED""]",21,0,0,False,0,,0
r3-1501102,338,3,11,3,11,65d1e01430c060cd024d3ee2554638e91f189baedcd37fddafd3c0d54bc8bd53,False,"[""WAITED""]",21,0,0,False,0,,0
r3-1501102,339,3,11,3,11,65d1e01430c060cd024d3ee2554638e91f189baedcd37fddafd3c0d54bc8bd53,False,"[""WAITED""]",22,0,0,False,0,,0
r3-1501102,340,3,11,3,11,65d1e01430c060cd024d3ee2554638e91f189baedcd37fddafd3c0d54bc8bd53,False,"[""WAITED""]",21,0,0,False,0,,0
r3-1501102,341,3,11,3,11,65d1e01430c060cd024d3ee2554638e91f189baedcd37fddafd3c0d54bc8bd53,False,"[""WAITED""]",21,0,0,False,0,,0
r3-1501102,342,3,11,3,11,65d1e01430c060cd024d3ee2554638e91f189baedcd37fddafd3c0d54bc8bd53,False,"[""WAITED""]",21,0,0,False,0,,0
r3-1501102,343,3,11,3,11,65d1e01430c060cd024d3ee2554638e91f189baedcd37fddafd3c0d54bc8bd53,False,"[""WAITED""]",21,0,0,False,0,,0
r3-1501102,344,3,11,3,11,65d1e01430c060cd024d3ee2554638e91f189baedcd37fddafd3c0d54bc8bd53,False,"[""WAITED""]",22,0,0,False,0,,0
r3-1501102,345,3,11,3,11,65d1e01430c060cd024d3ee2554638e91f189baedcd37fddafd3c0d54bc8bd53,False,"[""WAITED""]",21,0,0,False,0,,0
r3-1501102,346,3,11,3,11,65d1e01430c060cd024d3ee2554638e91f189baedcd37fddafd3c0d54bc8bd53,False,"[""WAITED""]",21,0,0,False,0,,0
r3-1501102,347,3,11,3,11,65d1e01430c060cd024d3ee2554638e91f189baedcd37fddafd3c0d54bc8bd53,False,"[""WAITED""]",21,0,0,False,0,,0
r3-1501102,348,3,11,3,11,65d1e01430c060cd024d3ee2554638e91f189baedcd37fddafd3c0d54bc8bd53,False,"[""WAITED""]",21,0,0,False,0,,0
r3-1501102,349,3,11,3,11,65d1e01430c060cd024d3ee2554638e91f189baedcd37fddafd3c0d54bc8bd53,False,"[""WAITED""]",21,0,0,False,0,,0
r3-1501102,350,3,11,3,11,65d1e01430c060cd024d3ee2554638e91f189baedcd37fddafd3c0d54bc8bd53,False,"[""WAITED""]",22,0,0,False,0,,0
r3-1501102,351,3,11,3,11,65d1e01430c060cd024d3ee2554638e91f189baedcd37fddafd3c0d54bc8bd53,False,"[""WAITED""]",22,0,0,False,0,,0
r3-1501102,352,3,11,3,11,65d1e01430c060cd024d3ee2554638e91f189baedcd37fddafd3c0d54bc8bd53,False,"[""WAITED""]",22,0,0,False,0,,0
r3-1501102,353,3,11,3,11,65d1e01430c060cd024d3ee2554638e91f189baedcd37fddafd3c0d54bc8bd53,False,"[""WAITED""]",21,0,0,False,0,,0
r3-1501102,354,3,11,3,11,65d1e01430c060cd024d3ee2554638e91f189baedcd37fddafd3c0d54bc8bd53,False,"[""WAITED""]",22,0,0,False,0,,0
r3-1501102,355,3,11,3,11,65d1e01430c060cd024d3ee2554638e91f189baedcd37fddafd3c0d54bc8bd53,False,"[""WAITED""]",21,0,0,False,0,,0
r3-1501102,356,3,11,3,11,65d1e01430c060cd024d3ee2554638e91f189baedcd37fddafd3c0d54bc8bd53,False,"[""WAITED""]",21,0,0,False,0,,0
r3-1501102,357,3,11,3,11,65d1e01430c060cd024d3ee2554638e91f189baedcd37fddafd3c0d54bc8bd53,False,"[""WAITED""]",21,0,0,False,0,,0
r3-1501102,358,3,11,3,11,65d1e01430c060cd024d3ee2554638e91f189baedcd37fddafd3c0d54bc8bd53,False,"[""WAITED""]",22,0,0,False,0,,0
r3-1501102,359,3,11,3,11,65d1e01430c060cd024d3ee2554638e91f189baedcd37fddafd3c0d54bc8bd53,False,"[""WAITED""]",21,0,0,False,0,,0
r3-1501102,360,3,11,3,11,65d1e01430c060cd024d3ee2554638e91f189baedcd37fddafd3c0d54bc8bd53,False,"[""WAITED""]",22,0,0,False,0,,0
r3-1501102,361,3,11,3,11,65d1e01430c060cd024d3ee2554638e91f189baedcd37fddafd3c0d54bc8bd53,False,"[""WAITED""]",21,0,0,False,0,,0
r3-1501102,362,3,11,3,11,65d1e01430c060cd024d3ee2554638e91f189baedcd37fddafd3c0d54bc8bd53,False,"[""WAITED""]",21,0,0,False,0,,0
r3-1501102,363,3,11,3,11,65d1e01430c060cd024d3ee2554638e91f189baedcd37fddafd3c0d54bc8bd53,False,"[""WAITED""]",21,0,0,False,0,,0
r3-1501102,364,3,11,3,11,65d1e01430c060cd024d3ee2554638e91f189baedcd37fddafd3c0d54bc8bd53,False,"[""WAITED""]",21,0,0,False,0,,0
r3-1501102,365,3,11,3,11,65d1e01430c060cd024d3ee2554638e91f189baedcd37fddafd3c0d54bc8bd53,False,"[""WAITED""]",21,0,0,False,0,,0
r3-1501102,366,3,11,3,11,65d1e01430c060cd024d3ee2554638e91f189baedcd37fddafd3c0d54bc8bd53,False,"[""WAITED""]",21,0,0,False,0,,0
r3-1501102,367,3,11,3,11,65d1e01430c060cd024d3ee2554638e91f189baedcd37fddafd3c0d54bc8bd53,False,"[""WAITED""]",21,0,0,False,0,,0
r3-1501102,368,3,11,3,11,65d1e01430c060cd024d3ee2554638e91f189baedcd37fddafd3c0d54bc8bd53,False,"[""WAITED""]",21,0,0,False,0,,0
r3-1501102,369,3,11,3,11,65d1e01430c060cd024d3ee2554638e91f189baedcd37fddafd3c0d54bc8bd53,False,"[""WAITED""]",22,0,0,False,0,,0
r3-1501102,370,3,11,3,11,65d1e01430c060cd024d3ee2554638e91f189baedcd37fddafd3c0d54bc8bd53,False,"[""WAITED""]",21,0,0,False,0,,0
r3-1501102,371,3,11,3,11,65d1e01430c060cd024d3ee2554638e91f189baedcd37fddafd3c0d54bc8bd53,False,"[""WAITED""]",21,0,0,False,0,,0
r3-1501102,372,3,11,3,11,65d1e01430c060cd024d3ee2554638e91f189baedcd37fddafd3c0d54bc8bd53,False,"[""WAITED""]",21,0,0,False,0,,0
r3-1501102,373,3,11,3,11,65d1e01430c060cd024d3ee2554638e91f189baedcd37fddafd3c0d54bc8bd53,False,"[""WAITED""]",21,0,0,False,0,,0
r3-1501102,374,3,11,3,11,65d1e01430c060cd024d3ee2554638e91f189baedcd37fddafd3c0d54bc8bd53,False,"[""WAITED""]",22,0,0,False,0,,0
r3-1501102,375,3,11,3,11,65d1e01430c060cd024d3ee2554638e91f189baedcd37fddafd3c0d54bc8bd53,False,"[""WAITED""]",22,0,0,False,0,,0
r3-1501102,376,3,11,3,11,65d1e01430c060cd024d3ee2554638e91f189baedcd37fddafd3c0d54bc8bd53,False,"[""WAITED""]",22,0,0,False,0,,0
r3-1501102,377,3,11,3,11,65d1e01430c060cd024d3ee2554638e91f189baedcd37fddafd3c0d54bc8bd53,False,"[""WAITED""]",21,0,0,False,0,,0
r3-1501102,378,3,11,3,11,65d1e01430c060cd024d3ee2554638e91f189baedcd37fddafd3c0d54bc8bd53,False,"[""WAITED""]",22,0,0,False,0,,0
r3-1501102,379,3,11,3,11,65d1e01430c060cd024d3ee2554638e91f189baedcd37fddafd3c0d54bc8bd53,False,"[""WAITED""]",21,0,0,False,0,,0
r3-1501102,380,3,11,3,11,65d1e01430c060cd024d3ee2554638e91f189baedcd37fddafd3c0d54bc8bd53,False,"[""WAITED""]",22,0,0,False,0,,0
r3-1501102,381,3,11,3,11,65d1e01430c060cd024d3ee2554638e91f189baedcd37fddafd3c0d54bc8bd53,False,"[""WAITED""]",22,0,0,False,0,,0
r3-1501102,382,3,11,3,11,65d1e01430c060cd024d3ee2554638e91f189baedcd37fddafd3c0d54bc8bd53,False,"[""WAITED""]",21,0,0,False,0,,0
r3-1501102,383,3,11,3,11,65d1e01430c060cd024d3ee2554638e91f189baedcd37fddafd3c0d54bc8bd53,False,"[""WAITED""]",21,0,0,False,0,,0
r3-1501102,384,3,11,3,11,65d1e01430c060cd024d3ee2554638e91f189baedcd37fddafd3c0d54bc8bd53,False,"[""WAITED""]",21,0,0,False,0,,0
r3-1501102,385,3,11,3,11,65d1e01430c060cd024d3ee2554638e91f189baedcd37fddafd3c0d54bc8bd53,False,"[""WAITED""]",22,0,0,False,0,,0
r3-1501102,386,3,11,3,11,65d1e01430c060cd024d3ee2554638e91f189baedcd37fddafd3c0d54bc8bd53,False,"[""WAITED""]",22,0,0,False,0,,0
r3-1501102,387,3,11,3,11,65d1e01430c060cd024d3ee2554638e91f189baedcd37fddafd3c0d54bc8bd53,False,"[""WAITED""]",21,0,0,False,0,,0
r3-1501102,388,3,11,3,11,65d1e01430c060cd024d3ee2554638e91f189baedcd37fddafd3c0d54bc8bd53,False,"[""WAITED""]",21,0,0,False,0,,0
r3-1501102,389,3,11,3,11,65d1e01430c060cd024d3ee2554638e91f189baedcd37fddafd3c0d54bc8bd53,False,"[""WAITED""]",22,0,0,False,0,,0
r3-1501102,390,3,11,3,11,65d1e01430c060cd024d3ee2554638e91f189baedcd37fddafd3c0d54bc8bd53,False,"[""WAITED""]",21,0,0,False,0,,0
r3-1501102,391,3,11,3,11,65d1e01430c060cd024d3ee2554638e91f189baedcd37fddafd3c0d54bc8bd53,False,"[""WAITED""]",21,0,0,False,0,,0
r3-1501102,392,3,11,3,11,65d1e01430c060cd024d3ee2554638e91f189baedcd37fddafd3c0d54bc8bd53,False,"[""WAITED""]",21,0,0,False,0,,0
r3-1501102,393,3,11,3,11,65d1e01430c060cd024d3ee2554638e91f189baedcd37fddafd3c0d54bc8bd53,False,"[""WAITED""]",21,0,0,False,0,,0
r3-1501102,394,3,11,3,11,65d1e01430c060cd024d3ee2554638e91f189baedcd37fddafd3c0d54bc8bd53,False,"[""WAITED""]",21,0,0,False,0,,0
r3-1501102,395,3,11,3,11,65d1e01430c060cd024d3ee2554638e91f189baedcd37fddafd3c0d54bc8bd53,False,"[""WAITED""]",21,0,0,False,0,,0
r3-1501102,396,3,11,3,11,65d1e01430c060cd024d3ee2554638e91f189baedcd37fddafd3c0d54bc8bd53,False,"[""WAITED""]",21,0,0,False,0,,0
r3-1501102,397,3,11,3,11,65d1e01430c060cd024d3ee2554638e91f189baedcd37fddafd3c0d54bc8bd53,False,"[""WAITED""]",21,0,0,False,0,,0
r3-1501102,398,3,11,3,11,65d1e01430c060cd024d3ee2554638e91f189baedcd37fddafd3c0d54bc8bd53,False,"[""WAITED""]",22,0,0,False,0,,0
r3-1501102,399,3,11,3,11,65d1e01430c060cd024d3ee2554638e91f189baedcd37fddafd3c0d54bc8bd53,False,"[""WAITED""]",21,0,0,False,0,,0
r3-1501102,400,3,11,3,11,65d1e01430c060cd024d3ee2554638e91f189baedcd37fddafd3c0d54bc8bd53,False,"[""WAITED"",""SURVIVED_ROUND""]",21,0,0,False,0,,0
r3-1501201,1,15,1,14,1,f16d577a06449246a7bdbb810137957e15deb681956ab02bffc517ac79944fed,False,"[""MOVED_LEFT""]",,0,0,False,3,,0
r3-1501201,2,14,1,14,1,f16d577a06449246a7bdbb810137957e15deb681956ab02bffc517ac79944fed,False,"[""BOMB_DROPPED""]",,0,0,False,2,,0
r3-1501201,3,14,1,14,1,f16d577a06449246a7bdbb810137957e15deb681956ab02bffc517ac79944fed,True,"[""WAITED""]",,0,0,False,2,,0
r3-1501201,4,14,1,14,1,f16d577a06449246a7bdbb810137957e15deb681956ab02bffc517ac79944fed,True,"[""WAITED""]",,0,0,False,2,,0
r3-1501201,5,14,1,15,1,f16d577a06449246a7bdbb810137957e15deb681956ab02bffc517ac79944fed,True,"[""MOVED_RIGHT""]",,0,0,False,2,,0
r3-1501201,6,15,1,15,2,f16d577a06449246a7bdbb810137957e15deb681956ab02bffc517ac79944fed,True,"[""MOVED_DOWN"",""BOMB_EXPLODED"",""CRATE_DESTROYED"",""CRATE_DESTROYED""]",,0,0,False,3,,0
r3-1501201,7,15,2,15,2,b99547992dd129a899d79f4047827dd92b272bf5f24859bc8a16fb1ed7d023d7,True,"[""WAITED""]",,0,0,False,2,,0
r3-1501201,8,15,2,15,1,b99547992dd129a899d79f4047827dd92b272bf5f24859bc8a16fb1ed7d023d7,False,"[""MOVED_UP""]",,0,0,False,2,,0
r3-1501201,9,15,1,15,1,b99547992dd129a899d79f4047827dd92b272bf5f24859bc8a16fb1ed7d023d7,False,"[""BOMB_DROPPED""]",,0,0,False,2,,0
r3-1501201,10,15,1,14,1,b99547992dd129a899d79f4047827dd92b272bf5f24859bc8a16fb1ed7d023d7,True,"[""MOVED_LEFT""]",,0,0,False,2,,0
r3-1501201,11,14,1,13,1,b99547992dd129a899d79f4047827dd92b272bf5f24859bc8a16fb1ed7d023d7,True,"[""MOVED_LEFT""]",,0,0,False,0,,0
r3-1501201,12,13,1,12,1,b99547992dd129a899d79f4047827dd92b272bf5f24859bc8a16fb1ed7d023d7,True,"[""MOVED_LEFT""]",,0,0,False,3,,0
r3-1501201,13,12,1,11,1,b99547992dd129a899d79f4047827dd92b272bf5f24859bc8a16fb1ed7d023d7,True,"[""MOVED_LEFT"",""BOMB_EXPLODED"",""CRATE_DESTROYED"",""CRATE_DESTROYED""]",,0,0,False,2,,0
r3-1501201,14,11,1,11,1,60f4ec2106f0faf236eb198cada408f5badb5e9f21ef9481d85618c1620163b0,True,"[""WAITED""]",,0,0,False,3,,0
r3-1501201,15,11,1,11,1,60f4ec2106f0faf236eb198cada408f5badb5e9f21ef9481d85618c1620163b0,False,"[""WAITED""]",,0,0,False,3,,0
r3-1501201,16,11,1,11,1,60f4ec2106f0faf236eb198cada408f5badb5e9f21ef9481d85618c1620163b0,False,"[""BOMB_DROPPED""]",,0,0,False,3,,0
r3-1501201,17,11,1,12,1,60f4ec2106f0faf236eb198cada408f5badb5e9f21ef9481d85618c1620163b0,True,"[""MOVED_RIGHT""]",,0,0,False,3,,0
r3-1501201,18,12,1,13,1,60f4ec2106f0faf236eb198cada408f5badb5e9f21ef9481d85618c1620163b0,True,"[""MOVED_RIGHT""]",,0,0,False,2,,0
r3-1501201,19,13,1,14,1,60f4ec2106f0faf236eb198cada408f5badb5e9f21ef9481d85618c1620163b0,True,"[""MOVED_RIGHT""]",,0,0,False,3,,0
r3-1501201,20,14,1,15,1,60f4ec2106f0faf236eb198cada408f5badb5e9f21ef9481d85618c1620163b0,True,"[""MOVED_RIGHT"",""BOMB_EXPLODED"",""CRATE_DESTROYED"",""CRATE_DESTROYED"",""CRATE_DESTROYED"",""CRATE_DESTROYED""]",,0,0,False,0,,0
r3-1501201,21,15,1,15,1,72ba6c858e6dcaa1aed8a827b64984645bd4bfbb74783f5b73856ec28b5b0940,True,"[""WAITED""]",,0,0,False,0,,0
r3-1501201,22,15,1,14,1,72ba6c858e6dcaa1aed8a827b64984645bd4bfbb74783f5b73856ec28b5b0940,False,"[""MOVED_LEFT""]",,0,0,False,0,,0
r3-1501201,23,14,1,13,1,72ba6c858e6dcaa1aed8a827b64984645bd4bfbb74783f5b73856ec28b5b0940,False,"[""MOVED_LEFT""]",,0,0,False,0,,0
r3-1501201,24,13,1,13,1,72ba6c858e6dcaa1aed8a827b64984645bd4bfbb74783f5b73856ec28b5b0940,False,"[""BOMB_DROPPED""]",,0,0,False,3,,0
r3-1501201,25,13,1,13,1,72ba6c858e6dcaa1aed8a827b64984645bd4bfbb74783f5b73856ec28b5b0940,True,"[""WAITED""]",,0,0,False,3,,0
r3-1501201,26,13,1,14,1,72ba6c858e6dcaa1aed8a827b64984645bd4bfbb74783f5b73856ec28b5b0940,True,"[""MOVED_RIGHT""]",,0,0,False,3,,0
r3-1501201,27,14,1,15,1,72ba6c858e6dcaa1aed8a827b64984645bd4bfbb74783f5b73856ec28b5b0940,True,"[""MOVED_RIGHT""]",,0,0,False,0,,0
r3-1501201,28,15,1,15,2,72ba6c858e6dcaa1aed8a827b64984645bd4bfbb74783f5b73856ec28b5b0940,True,"[""MOVED_DOWN"",""BOMB_EXPLODED"",""CRATE_DESTROYED"",""CRATE_DESTROYED"",""CRATE_DESTROYED""]",,0,0,False,0,,0
r3-1501201,29,15,2,15,3,dc6e3617c94eccf6603574b6accb14108cbae3fb66af1a2f3d2640461795322b,True,"[""MOVED_DOWN""]",,0,0,False,0,,0
r3-1501201,30,15,3,15,4,dc6e3617c94eccf6603574b6accb14108cbae3fb66af1a2f3d2640461795322b,False,"[""MOVED_DOWN""]",,0,0,False,2,,0
r3-1501201,31,15,4,15,3,dc6e3617c94eccf6603574b6accb14108cbae3fb66af1a2f3d2640461795322b,False,"[""MOVED_UP""]",,0,0,False,0,,0
r3-1501201,32,15,3,15,3,dc6e3617c94eccf6603574b6accb14108cbae3fb66af1a2f3d2640461795322b,False,"[""BOMB_DROPPED""]",,0,0,False,2,,0
r3-1501201,33,15,3,15,4,dc6e3617c94eccf6603574b6accb14108cbae3fb66af1a2f3d2640461795322b,True,"[""MOVED_DOWN""]",,0,0,False,2,,0
r3-1501201,34,15,4,15,5,dc6e3617c94eccf6603574b6accb14108cbae3fb66af1a2f3d2640461795322b,True,"[""MOVED_DOWN""]",,0,0,False,0,,0
r3-1501201,35,15,5,15,6,dc6e3617c94eccf6603574b6accb14108cbae3fb66af1a2f3d2640461795322b,True,"[""MOVED_DOWN""]",,0,0,False,3,,0
r3-1501201,36,15,6,15,7,dc6e3617c94eccf6603574b6accb14108cbae3fb66af1a2f3d2640461795322b,True,"[""MOVED_DOWN"",""BOMB_EXPLODED"",""CRATE_DESTROYED"",""CRATE_DESTROYED""]",,0,0,False,2,,0
r3-1501201,37,15,7,15,7,9be55930b554550b9a38167e8caa6b84f4168f100d888167b488bff0306f862c,True,"[""WAITED""]",,0,0,False,3,,0
r3-1501201,38,15,7,15,7,9be55930b554550b9a38167e8caa6b84f4168f100d888167b488bff0306f862c,False,"[""WAITED""]",,0,0,False,3,,0
r3-1501201,39,15,7,15,7,9be55930b554550b9a38167e8caa6b84f4168f100d888167b488bff0306f862c,False,"[""BOMB_DROPPED""]",,0,0,False,3,,0
r3-1501201,40,15,7,15,6,9be55930b554550b9a38167e8caa6b84f4168f100d888167b488bff0306f862c,True,"[""MOVED_UP""]",,0,0,False,3,,0
r3-1501201,41,15,6,15,5,9be55930b554550b9a38167e8caa6b84f4168f100d888167b488bff0306f862c,True,"[""MOVED_UP""]",,0,0,False,2,,0
r3-1501201,42,15,5,15,4,9be55930b554550b9a38167e8caa6b84f4168f100d888167b488bff0306f862c,True,"[""MOVED_UP""]",,0,0,False,3,,0
r3-1501201,43,15,4,15,3,9be55930b554550b9a38167e8caa6b84f4168f100d888167b488bff0306f862c,True,"[""MOVED_UP"",""BOMB_EXPLODED"",""CRATE_DESTROYED"",""CRATE_DESTROYED"",""CRATE_DESTROYED"",""CRATE_DESTROYED"",""CRATE_DESTROYED"",""CRATE_DESTROYED""]",,0,0,False,0,,0
r3-1501201,44,15,3,15,3,b831b18f93b587067c520985ef08415c78fb73a4a997b8275cb39da7486f79ba,True,"[""WAITED""]",,0,0,False,0,,0
r3-1501201,45,15,3,14,3,b831b18f93b587067c520985ef08415c78fb73a4a997b8275cb39da7486f79ba,False,"[""MOVED_LEFT""]",,0,0,False,0,,0
r3-1501201,46,14,3,13,3,b831b18f93b587067c520985ef08415c78fb73a4a997b8275cb39da7486f79ba,False,"[""MOVED_LEFT""]",,0,0,False,0,,0
r3-1501201,47,13,3,13,3,b831b18f93b587067c520985ef08415c78fb73a4a997b8275cb39da7486f79ba,False,"[""BOMB_DROPPED""]",,0,0,False,3,,0
r3-1501201,48,13,3,13,3,b831b18f93b587067c520985ef08415c78fb73a4a997b8275cb39da7486f79ba,True,"[""WAITED""]",,0,0,False,3,,0
r3-1501201,49,13,3,13,2,b831b18f93b587067c520985ef08415c78fb73a4a997b8275cb39da7486f79ba,True,"[""MOVED_UP""]",,0,0,False,3,,0
r3-1501201,50,13,2,13,1,b831b18f93b587067c520985ef08415c78fb73a4a997b8275cb39da7486f79ba,True,"[""MOVED_UP""]",,0,0,False,1,,0
r3-1501201,51,13,1,12,1,b831b18f93b587067c520985ef08415c78fb73a4a997b8275cb39da7486f79ba,True,"[""MOVED_LEFT"",""BOMB_EXPLODED"",""CRATE_DESTROYED"",""CRATE_DESTROYED"",""CRATE_DESTROYED""]",,0,0,False,0,,0
r3-1501201,52,12,1,11,1,af73bc6ca502853f4a57fca438cdb4618b38ca2b192b892ebb70efa96a1210be,True,"[""MOVED_LEFT""]",,0,0,False,0,,0
r3-1501201,53,11,1,11,2,af73bc6ca502853f4a57fca438cdb4618b38ca2b192b892ebb70efa96a1210be,False,"[""MOVED_DOWN""]",,0,0,False,0,,0
r3-1501201,54,11,2,11,2,af73bc6ca502853f4a57fca438cdb4618b38ca2b192b892ebb70efa96a1210be,False,"[""BOMB_DROPPED""]",,0,0,False,1,,0
r3-1501201,55,11,2,11,3,af73bc6ca502853f4a57fca438cdb4618b38ca2b192b892ebb70efa96a1210be,True,"[""MOVED_DOWN""]",,0,0,False,1,,0
r3-1501201,56,11,3,11,3,af73bc6ca502853f4a57fca438cdb4618b38ca2b192b892ebb70efa96a1210be,True,"[""WAITED""]",,0,0,False,3,,0
r3-1501201,57,11,3,11,3,af73bc6ca502853f4a57fca438cdb4618b38ca2b192b892ebb70efa96a1210be,True,"[""WAITED""]",,0,0,False,3,,0
r3-1501201,58,11,3,10,3,af73bc6ca502853f4a57fca438cdb4618b38ca2b192b892ebb70efa96a1210be,True,"[""MOVED_LEFT"",""BOMB_EXPLODED"",""CRATE_DESTROYED""]",,0,0,False,3,,0
r3-1501201,59,10,3,10,3,a4e5186ce9092207d8c228f884b7464231471be9aee22d25480e89abf7ee2e0c,True,"[""WAITED""]",,0,0,False,2,,0
r3-1501201,60,10,3,10,3,a4e5186ce9092207d8c228f884b7464231471be9aee22d25480e89abf7ee2e0c,False,"[""WAITED""]",,0,0,False,2,,0
r3-1501201,61,10,3,10,3,a4e5186ce9092207d8c228f884b7464231471be9aee22d25480e89abf7ee2e0c,False,"[""BOMB_DROPPED""]",,0,0,False,2,,0
r3-1501201,62,10,3,10,3,a4e5186ce9092207d8c228f884b7464231471be9aee22d25480e89abf7ee2e0c,True,"[""WAITED""]",,0,0,False,2,,0
r3-1501201,63,10,3,10,3,a4e5186ce9092207d8c228f884b7464231471be9aee22d25480e89abf7ee2e0c,True,"[""WAITED""]",,0,0,False,2,,0
r3-1501201,64,10,3,11,3,a4e5186ce9092207d8c228f884b7464231471be9aee22d25480e89abf7ee2e0c,True,"[""MOVED_RIGHT""]",,0,0,False,2,,0
r3-1501201,65,11,3,11,2,a4e5186ce9092207d8c228f884b7464231471be9aee22d25480e89abf7ee2e0c,True,"[""MOVED_UP"",""BOMB_EXPLODED"",""CRATE_DESTROYED"",""CRATE_DESTROYED""]",,0,0,False,3,,0
r3-1501201,66,11,2,11,1,da1e17fe0042e231a1a784d18d539a07fbbb09585efe4a86ea9fe869bb9ed78e,True,"[""MOVED_UP""]",,0,0,False,0,,0
r3-1501201,67,11,1,10,1,da1e17fe0042e231a1a784d18d539a07fbbb09585efe4a86ea9fe869bb9ed78e,False,"[""MOVED_LEFT""]",,0,0,False,0,,0
r3-1501201,68,10,1,10,1,da1e17fe0042e231a1a784d18d539a07fbbb09585efe4a86ea9fe869bb9ed78e,False,"[""BOMB_DROPPED""]",,0,0,False,1,,0
r3-1501201,69,10,1,10,1,da1e17fe0042e231a1a784d18d539a07fbbb09585efe4a86ea9fe869bb9ed78e,True,"[""WAITED""]",,0,0,False,1,,0
r3-1501201,70,10,1,10,1,da1e17fe0042e231a1a784d18d539a07fbbb09585efe4a86ea9fe869bb9ed78e,True,"[""WAITED""]",,0,0,False,1,,0
r3-1501201,71,10,1,9,1,da1e17fe0042e231a1a784d18d539a07fbbb09585efe4a86ea9fe869bb9ed78e,True,"[""MOVED_LEFT""]",,0,0,False,1,,0
r3-1501201,72,9,1,9,2,da1e17fe0042e231a1a784d18d539a07fbbb09585efe4a86ea9fe869bb9ed78e,True,"[""MOVED_DOWN"",""BOMB_EXPLODED"",""CRATE_DESTROYED""]",,0,0,False,3,,0
r3-1501201,73,9,2,9,2,bf881b7a3e5164c6fe8ac0982725ec809d2666cd25c3c77ce86a393934f6a4aa,True,"[""WAITED""]",,0,0,False,2,,0
r3-1501201,74,9,2,9,3,bf881b7a3e5164c6fe8ac0982725ec809d2666cd25c3c77ce86a393934f6a4aa,False,"[""MOVED_DOWN""]",,0,0,False,2,,0
r3-1501201,75,9,3,9,3,bf881b7a3e5164c6fe8ac0982725ec809d2666cd25c3c77ce86a393934f6a4aa,False,"[""BOMB_DROPPED""]",,0,0,False,3,,0
r3-1501201,76,9,3,9,3,bf881b7a3e5164c6fe8ac0982725ec809d2666cd25c3c77ce86a393934f6a4aa,True,"[""WAITED""]",,0,0,False,3,,0
r3-1501201,77,9,3,9,2,bf881b7a3e5164c6fe8ac0982725ec809d2666cd25c3c77ce86a393934f6a4aa,True,"[""MOVED_UP""]",,0,0,False,3,,0
r3-1501201,78,9,2,9,1,bf881b7a3e5164c6fe8ac0982725ec809d2666cd25c3c77ce86a393934f6a4aa,True,"[""MOVED_UP""]",,0,0,False,2,,0
r3-1501201,79,9,1,8,1,bf881b7a3e5164c6fe8ac0982725ec809d2666cd25c3c77ce86a393934f6a4aa,True,"[""MOVED_LEFT"",""BOMB_EXPLODED"",""CRATE_DESTROYED"",""CRATE_DESTROYED"",""CRATE_DESTROYED""]",,0,0,False,2,,0
r3-1501201,80,8,1,7,1,2b96477f9ec86b963f9eed1ef73d1285f489465a8cd32eb5efe27a987e0b35ba,True,"[""MOVED_LEFT""]",,0,0,False,1,,0
r3-1501201,81,7,1,7,1,2b96477f9ec86b963f9eed1ef73d1285f489465a8cd32eb5efe27a987e0b35ba,False,"[""WAITED""]",,0,0,False,3,,0
r3-1501201,82,7,1,7,1,2b96477f9ec86b963f9eed1ef73d1285f489465a8cd32eb5efe27a987e0b35ba,False,"[""BOMB_DROPPED""]",,0,0,False,3,,0
r3-1501201,83,7,1,7,1,2b96477f9ec86b963f9eed1ef73d1285f489465a8cd32eb5efe27a987e0b35ba,True,"[""WAITED""]",,0,0,False,3,,0
r3-1501201,84,7,1,8,1,2b96477f9ec86b963f9eed1ef73d1285f489465a8cd32eb5efe27a987e0b35ba,True,"[""MOVED_RIGHT""]",,0,0,False,3,,0
r3-1501201,85,8,1,9,1,2b96477f9ec86b963f9eed1ef73d1285f489465a8cd32eb5efe27a987e0b35ba,True,"[""MOVED_RIGHT""]",,0,0,False,1,,0
r3-1501201,86,9,1,9,2,2b96477f9ec86b963f9eed1ef73d1285f489465a8cd32eb5efe27a987e0b35ba,True,"[""MOVED_DOWN"",""BOMB_EXPLODED"",""CRATE_DESTROYED"",""CRATE_DESTROYED"",""CRATE_DESTROYED"",""CRATE_DESTROYED""]",,0,0,False,1,,0
r3-1501201,87,9,2,9,3,767b45556573ba8863b78af0f42340059b8d3331127c4d208ce1932ce3780c12,True,"[""MOVED_DOWN""]",,0,0,False,0,,0
r3-1501201,88,9,3,8,3,767b45556573ba8863b78af0f42340059b8d3331127c4d208ce1932ce3780c12,False,"[""MOVED_LEFT""]",,0,0,False,0,,0
r3-1501201,89,8,3,8,3,767b45556573ba8863b78af0f42340059b8d3331127c4d208ce1932ce3780c12,False,"[""BOMB_DROPPED""]",,0,0,False,1,,0
r3-1501201,90,8,3,8,3,767b45556573ba8863b78af0f42340059b8d3331127c4d208ce1932ce3780c12,True,"[""WAITED""]",,0,0,False,1,,0
r3-1501201,91,8,3,8,3,767b45556573ba8863b78af0f42340059b8d3331127c4d208ce1932ce3780c12,True,"[""WAITED""]",,0,0,False,1,,0
r3-1501201,92,8,3,7,3,767b45556573ba8863b78af0f42340059b8d3331127c4d208ce1932ce3780c12,True,"[""MOVED_LEFT""]",,0,0,False,1,,0
r3-1501201,93,7,3,7,4,767b45556573ba8863b78af0f42340059b8d3331127c4d208ce1932ce3780c12,True,"[""MOVED_DOWN"",""BOMB_EXPLODED"",""CRATE_DESTROYED""]",,0,0,False,3,,0
r3-1501201,94,7,4,7,4,ecfac7b2673c8bc3db57f893c343e34e4c58c66859a147d4ebd5ecf23052fb2b,True,"[""WAITED""]",,0,0,False,3,,0
r3-1501201,95,7,4,7,4,ecfac7b2673c8bc3db57f893c343e34e4c58c66859a147d4ebd5ecf23052fb2b,False,"[""WAITED""]",,0,0,False,3,,0
r3-1501201,96,7,4,7,4,ecfac7b2673c8bc3db57f893c343e34e4c58c66859a147d4ebd5ecf23052fb2b,False,"[""BOMB_DROPPED""]",,0,0,False,3,,0
r3-1501201,97,7,4,7,4,ecfac7b2673c8bc3db57f893c343e34e4c58c66859a147d4ebd5ecf23052fb2b,True,"[""WAITED""]",,0,0,False,3,,0
r3-1501201,98,7,4,7,4,ecfac7b2673c8bc3db57f893c343e34e4c58c66859a147d4ebd5ecf23052fb2b,True,"[""WAITED""]",,0,0,False,3,,0
r3-1501201,99,7,4,7,3,ecfac7b2673c8bc3db57f893c343e34e4c58c66859a147d4ebd5ecf23052fb2b,True,"[""MOVED_UP""]",,0,0,False,3,,0
r3-1501201,100,7,3,6,3,ecfac7b2673c8bc3db57f893c343e34e4c58c66859a147d4ebd5ecf23052fb2b,True,"[""MOVED_LEFT"",""BOMB_EXPLODED"",""CRATE_DESTROYED"",""CRATE_DESTROYED"",""CRATE_DESTROYED""]",,0,0,False,3,,0
r3-1501201,101,6,3,5,3,592765bc588bfd4a6034fa55500094c8258d14654cec9e716fe95f790184f4a8,True,"[""MOVED_LEFT""]",,0,0,False,2,,0
r3-1501201,102,5,3,5,3,592765bc588bfd4a6034fa55500094c8258d14654cec9e716fe95f790184f4a8,False,"[""WAITED""]",,0,0,False,3,,0
r3-1501201,103,5,3,5,3,592765bc588bfd4a6034fa55500094c8258d14654cec9e716fe95f790184f4a8,False,"[""BOMB_DROPPED""]",,0,0,False,3,,0
r3-1501201,104,5,3,5,3,592765bc588bfd4a6034fa55500094c8258d14654cec9e716fe95f790184f4a8,True,"[""WAITED""]",,0,0,False,3,,0
r3-1501201,105,5,3,6,3,592765bc588bfd4a6034fa55500094c8258d14654cec9e716fe95f790184f4a8,True,"[""MOVED_RIGHT""]",,0,0,False,3,,0
r3-1501201,106,6,3,7,3,592765bc588bfd4a6034fa55500094c8258d14654cec9e716fe95f790184f4a8,True,"[""MOVED_RIGHT""]",,0,0,False,2,,0
r3-1501201,107,7,3,7,2,592765bc588bfd4a6034fa55500094c8258d14654cec9e716fe95f790184f4a8,True,"[""MOVED_UP"",""BOMB_EXPLODED"",""CRATE_DESTROYED"",""CRATE_DESTROYED"",""CRATE_DESTROYED"",""CRATE_DESTROYED"",""CRATE_DESTROYED"",""CRATE_DESTROYED""]",,0,0,False,1,,0
r3-1501201,108,7,2,7,1,1b2f1e6d84fe5be410beaf3a34c7a746e4f6d9ded605c69d4d2737f178d678cf,True,"[""MOVED_UP""]",,0,0,False,0,,0
r3-1501201,109,7,1,6,1,1b2f1e6d84fe5be410beaf3a34c7a746e4f6d9ded605c69d4d2737f178d678cf,False,"[""MOVED_LEFT""]",,0,0,False,0,,0
r3-1501201,110,6,1,6,1,1b2f1e6d84fe5be410beaf3a34c7a746e4f6d9ded605c69d4d2737f178d678cf,False,"[""BOMB_DROPPED""]",,0,0,False,1,,0
r3-1501201,111,6,1,6,1,1b2f1e6d84fe5be410beaf3a34c7a746e4f6d9ded605c69d4d2737f178d678cf,True,"[""WAITED""]",,0,0,False,1,,0
r3-1501201,112,6,1,6,1,1b2f1e6d84fe5be410beaf3a34c7a746e4f6d9ded605c69d4d2737f178d678cf,True,"[""WAITED""]",,0,0,False,1,,0
r3-1501201,113,6,1,5,1,1b2f1e6d84fe5be410beaf3a34c7a746e4f6d9ded605c69d4d2737f178d678cf,True,"[""MOVED_LEFT""]",,0,0,False,1,,0
r3-1501201,114,5,1,5,2,1b2f1e6d84fe5be410beaf3a34c7a746e4f6d9ded605c69d4d2737f178d678cf,True,"[""MOVED_DOWN"",""BOMB_EXPLODED"",""CRATE_DESTROYED""]",,0,0,False,1,,0
r3-1501201,115,5,2,5,3,8b794d114002ad04f59445ded052607c9861828468477593a52000d119d0175c,True,"[""MOVED_DOWN""]",,0,0,False,0,,0
r3-1501201,116,5,3,4,3,8b794d114002ad04f59445ded052607c9861828468477593a52000d119d0175c,False,"[""MOVED_LEFT""]",,0,0,False,0,,0
r3-1501201,117,4,3,3,3,8b794d114002ad04f59445ded052607c9861828468477593a52000d119d0175c,False,"[""MOVED_LEFT""]",,0,0,False,0,,0
r3-1501201,118,3,3,3,3,8b794d114002ad04f59445ded052607c9861828468477593a52000d119d0175c,False,"[""BOMB_DROPPED""]",,0,0,False,3,,0
r3-1501201,119,3,3,3,3,8b794d114002ad04f59445ded052607c9861828468477593a52000d119d0175c,True,"[""WAITED""]",,0,0,False,3,,0
r3-1501201,120,3,3,3,2,8b794d114002ad04f59445ded052607c9861828468477593a52000d119d0175c,True,"[""MOVED_UP""]",,0,0,False,3,,0
r3-1501201,121,3,2,3,1,8b794d114002ad04f59445ded052607c9861828468477593a52000d119d0175c,True,"[""MOVED_UP""]",,0,0,False,2,,0
r3-1501201,122,3,1,2,1,8b794d114002ad04f59445ded052607c9861828468477593a52000d119d0175c,True,"[""MOVED_LEFT"",""BOMB_EXPLODED"",""CRATE_DESTROYED"",""CRATE_DESTROYED"",""COIN_FOUND"",""CRATE_DESTROYED""]",,0,0,False,1,,0
r3-1501201,123,2,1,2,1,1cffc5a78dee5956ef7bd7c5ab73654c9a708a5d58efda267f0f9114d79276f6,True,"[""WAITED""]",,0,0,False,0,,0
r3-1501201,124,2,1,3,1,1cffc5a78dee5956ef7bd7c5ab73654c9a708a5d58efda267f0f9114d79276f6,False,"[""MOVED_RIGHT""]",,0,0,False,0,,0
r3-1501201,125,3,1,3,2,1cffc5a78dee5956ef7bd7c5ab73654c9a708a5d58efda267f0f9114d79276f6,False,"[""MOVED_DOWN""]",,0,0,False,0,,0
r3-1501201,126,3,2,3,3,1cffc5a78dee5956ef7bd7c5ab73654c9a708a5d58efda267f0f9114d79276f6,False,"[""MOVED_DOWN""]",,0,0,False,0,,0
r3-1501201,127,3,3,3,4,1cffc5a78dee5956ef7bd7c5ab73654c9a708a5d58efda267f0f9114d79276f6,False,"[""MOVED_DOWN""]",,0,0,False,0,,0
r3-1501201,128,3,4,3,5,1cffc5a78dee5956ef7bd7c5ab73654c9a708a5d58efda267f0f9114d79276f6,False,"[""MOVED_DOWN"",""COIN_COLLECTED""]",,0,0,False,1,,0
r3-1501201,129,3,5,3,5,b1fda9bb8ca3045415669203763ab5bec7cf58f09452cf493980eda74b25b1a6,False,"[""BOMB_DROPPED""]",,0,0,False,3,,0
r3-1501201,130,3,5,3,5,b1fda9bb8ca3045415669203763ab5bec7cf58f09452cf493980eda74b25b1a6,True,"[""WAITED""]",,0,0,False,3,,0
r3-1501201,131,3,5,3,4,b1fda9bb8ca3045415669203763ab5bec7cf58f09452cf493980eda74b25b1a6,True,"[""MOVED_UP""]",,0,0,False,3,,0
r3-1501201,132,3,4,3,3,b1fda9bb8ca3045415669203763ab5bec7cf58f09452cf493980eda74b25b1a6,True,"[""MOVED_UP""]",,0,0,False,1,,0
r3-1501201,133,3,3,2,3,b1fda9bb8ca3045415669203763ab5bec7cf58f09452cf493980eda74b25b1a6,True,"[""MOVED_LEFT"",""BOMB_EXPLODED"",""CRATE_DESTROYED"",""CRATE_DESTROYED"",""CRATE_DESTROYED"",""CRATE_DESTROYED"",""CRATE_DESTROYED"",""CRATE_DESTROYED""]",,0,0,False,0,,0
r3-1501201,134,2,3,1,3,f5f77287660fd9c44675c1c5fb61503a7d0177d576feb83006c9506d0afc225b,True,"[""MOVED_LEFT""]",,0,0,False,0,,0
r3-1501201,135,1,3,1,3,f5f77287660fd9c44675c1c5fb61503a7d0177d576feb83006c9506d0afc225b,False,"[""WAITED""]",,0,0,False,1,,0
r3-1501201,136,1,3,1,3,f5f77287660fd9c44675c1c5fb61503a7d0177d576feb83006c9506d0afc225b,False,"[""BOMB_DROPPED""]",,0,0,False,1,,0
r3-1501201,137,1,3,1,3,f5f77287660fd9c44675c1c5fb61503a7d0177d576feb83006c9506d0afc225b,True,"[""WAITED""]",,0,0,False,1,,0
r3-1501201,138,1,3,1,2,f5f77287660fd9c44675c1c5fb61503a7d0177d576feb83006c9506d0afc225b,True,"[""MOVED_UP""]",,0,0,False,1,,0
r3-1501201,139,1,2,1,1,f5f77287660fd9c44675c1c5fb61503a7d0177d576feb83006c9506d0afc225b,True,"[""MOVED_UP""]",,0,0,False,0,,0
r3-1501201,140,1,1,2,1,f5f77287660fd9c44675c1c5fb61503a7d0177d576feb83006c9506d0afc225b,True,"[""MOVED_RIGHT"",""BOMB_EXPLODED"",""CRATE_DESTROYED""]",,0,0,False,0,,0
r3-1501201,141,2,1,3,1,409d310f3b3891f528b8170b9afd3dc0290629569a4ad7ba2fa93cf5dcdd6afb,True,"[""MOVED_RIGHT""]",,0,0,False,0,,0
r3-1501201,142,3,1,4,1,409d310f3b3891f528b8170b9afd3dc0290629569a4ad7ba2fa93cf5dcdd6afb,False,"[""MOVED_RIGHT""]",,0,0,False,0,,0
r3-1501201,143,4,1,5,1,409d310f3b3891f528b8170b9afd3dc0290629569a4ad7ba2fa93cf5dcdd6afb,False,"[""MOVED_RIGHT""]",,0,0,False,0,,0
r3-1501201,144,5,1,4,1,409d310f3b3891f528b8170b9afd3dc0290629569a4ad7ba2fa93cf5dcdd6afb,False,"[""MOVED_LEFT""]",,0,0,False,0,,0
r3-1501201,145,4,1,5,1,409d310f3b3891f528b8170b9afd3dc0290629569a4ad7ba2fa93cf5dcdd6afb,False,"[""MOVED_RIGHT""]",,0,0,False,0,,0
r3-1501201,146,5,1,4,1,409d310f3b3891f528b8170b9afd3dc0290629569a4ad7ba2fa93cf5dcdd6afb,False,"[""MOVED_LEFT""]",,0,0,False,0,,0
r3-1501201,147,4,1,5,1,409d310f3b3891f528b8170b9afd3dc0290629569a4ad7ba2fa93cf5dcdd6afb,False,"[""MOVED_RIGHT""]",,0,0,False,0,,0
r3-1501201,148,5,1,4,1,409d310f3b3891f528b8170b9afd3dc0290629569a4ad7ba2fa93cf5dcdd6afb,False,"[""MOVED_LEFT""]",,0,0,False,0,,0
r3-1501201,149,4,1,5,1,409d310f3b3891f528b8170b9afd3dc0290629569a4ad7ba2fa93cf5dcdd6afb,False,"[""MOVED_RIGHT""]",,0,0,False,0,,0
r3-1501201,150,5,1,4,1,409d310f3b3891f528b8170b9afd3dc0290629569a4ad7ba2fa93cf5dcdd6afb,False,"[""MOVED_LEFT""]",,0,0,False,0,,0
r3-1501201,151,4,1,5,1,409d310f3b3891f528b8170b9afd3dc0290629569a4ad7ba2fa93cf5dcdd6afb,False,"[""MOVED_RIGHT""]",,0,0,False,0,,0
r3-1501201,152,5,1,4,1,409d310f3b3891f528b8170b9afd3dc0290629569a4ad7ba2fa93cf5dcdd6afb,False,"[""MOVED_LEFT""]",,0,0,False,0,,0
r3-1501201,153,4,1,5,1,409d310f3b3891f528b8170b9afd3dc0290629569a4ad7ba2fa93cf5dcdd6afb,False,"[""MOVED_RIGHT""]",,0,0,False,0,,0
r3-1501201,154,5,1,4,1,409d310f3b3891f528b8170b9afd3dc0290629569a4ad7ba2fa93cf5dcdd6afb,False,"[""MOVED_LEFT""]",,0,0,False,0,,0
r3-1501201,155,4,1,5,1,409d310f3b3891f528b8170b9afd3dc0290629569a4ad7ba2fa93cf5dcdd6afb,False,"[""MOVED_RIGHT""]",,0,0,False,0,,0
r3-1501201,156,5,1,4,1,409d310f3b3891f528b8170b9afd3dc0290629569a4ad7ba2fa93cf5dcdd6afb,False,"[""MOVED_LEFT""]",,0,0,False,0,,0
r3-1501201,157,4,1,5,1,409d310f3b3891f528b8170b9afd3dc0290629569a4ad7ba2fa93cf5dcdd6afb,False,"[""MOVED_RIGHT""]",,0,0,False,0,,0
r3-1501201,158,5,1,4,1,409d310f3b3891f528b8170b9afd3dc0290629569a4ad7ba2fa93cf5dcdd6afb,False,"[""MOVED_LEFT""]",,0,0,False,0,,0
r3-1501201,159,4,1,5,1,409d310f3b3891f528b8170b9afd3dc0290629569a4ad7ba2fa93cf5dcdd6afb,False,"[""MOVED_RIGHT""]",,0,0,False,0,,0
r3-1501201,160,5,1,4,1,409d310f3b3891f528b8170b9afd3dc0290629569a4ad7ba2fa93cf5dcdd6afb,False,"[""MOVED_LEFT""]",,0,0,False,0,,0
r3-1501201,161,4,1,5,1,409d310f3b3891f528b8170b9afd3dc0290629569a4ad7ba2fa93cf5dcdd6afb,False,"[""MOVED_RIGHT""]",,0,0,False,0,,0
r3-1501201,162,5,1,4,1,409d310f3b3891f528b8170b9afd3dc0290629569a4ad7ba2fa93cf5dcdd6afb,False,"[""MOVED_LEFT""]",,0,0,False,0,,0
r3-1501201,163,4,1,5,1,409d310f3b3891f528b8170b9afd3dc0290629569a4ad7ba2fa93cf5dcdd6afb,False,"[""MOVED_RIGHT""]",,0,0,False,0,,0
r3-1501201,164,5,1,4,1,409d310f3b3891f528b8170b9afd3dc0290629569a4ad7ba2fa93cf5dcdd6afb,False,"[""MOVED_LEFT""]",,0,0,False,0,,0
r3-1501201,165,4,1,5,1,409d310f3b3891f528b8170b9afd3dc0290629569a4ad7ba2fa93cf5dcdd6afb,False,"[""MOVED_RIGHT""]",,0,0,False,0,,0
r3-1501201,166,5,1,4,1,409d310f3b3891f528b8170b9afd3dc0290629569a4ad7ba2fa93cf5dcdd6afb,False,"[""MOVED_LEFT""]",,0,0,False,0,,0
r3-1501201,167,4,1,5,1,409d310f3b3891f528b8170b9afd3dc0290629569a4ad7ba2fa93cf5dcdd6afb,False,"[""MOVED_RIGHT""]",,0,0,False,0,,0
r3-1501201,168,5,1,4,1,409d310f3b3891f528b8170b9afd3dc0290629569a4ad7ba2fa93cf5dcdd6afb,False,"[""MOVED_LEFT""]",,0,0,False,0,,0
r3-1501201,169,4,1,5,1,409d310f3b3891f528b8170b9afd3dc0290629569a4ad7ba2fa93cf5dcdd6afb,False,"[""MOVED_RIGHT""]",,0,0,False,0,,0
r3-1501201,170,5,1,4,1,409d310f3b3891f528b8170b9afd3dc0290629569a4ad7ba2fa93cf5dcdd6afb,False,"[""MOVED_LEFT""]",,0,0,False,0,,0
r3-1501201,171,4,1,5,1,409d310f3b3891f528b8170b9afd3dc0290629569a4ad7ba2fa93cf5dcdd6afb,False,"[""MOVED_RIGHT""]",,0,0,False,0,,0
r3-1501201,172,5,1,4,1,409d310f3b3891f528b8170b9afd3dc0290629569a4ad7ba2fa93cf5dcdd6afb,False,"[""MOVED_LEFT""]",,0,0,False,0,,0
r3-1501201,173,4,1,5,1,409d310f3b3891f528b8170b9afd3dc0290629569a4ad7ba2fa93cf5dcdd6afb,False,"[""MOVED_RIGHT""]",,0,0,False,0,,0
r3-1501201,174,5,1,4,1,409d310f3b3891f528b8170b9afd3dc0290629569a4ad7ba2fa93cf5dcdd6afb,False,"[""MOVED_LEFT""]",,0,0,False,0,,0
r3-1501201,175,4,1,5,1,409d310f3b3891f528b8170b9afd3dc0290629569a4ad7ba2fa93cf5dcdd6afb,False,"[""MOVED_RIGHT""]",,0,0,False,0,,0
r3-1501201,176,5,1,4,1,409d310f3b3891f528b8170b9afd3dc0290629569a4ad7ba2fa93cf5dcdd6afb,False,"[""MOVED_LEFT""]",,0,0,False,0,,0
r3-1501201,177,4,1,5,1,409d310f3b3891f528b8170b9afd3dc0290629569a4ad7ba2fa93cf5dcdd6afb,False,"[""MOVED_RIGHT""]",,0,0,False,0,,0
r3-1501201,178,5,1,4,1,409d310f3b3891f528b8170b9afd3dc0290629569a4ad7ba2fa93cf5dcdd6afb,False,"[""MOVED_LEFT""]",,0,0,False,0,,0
r3-1501201,179,4,1,5,1,409d310f3b3891f528b8170b9afd3dc0290629569a4ad7ba2fa93cf5dcdd6afb,False,"[""MOVED_RIGHT""]",,0,0,False,0,,0
r3-1501201,180,5,1,4,1,409d310f3b3891f528b8170b9afd3dc0290629569a4ad7ba2fa93cf5dcdd6afb,False,"[""MOVED_LEFT""]",,0,0,False,0,,0
r3-1501201,181,4,1,5,1,409d310f3b3891f528b8170b9afd3dc0290629569a4ad7ba2fa93cf5dcdd6afb,False,"[""MOVED_RIGHT""]",,0,0,False,0,,0
r3-1501201,182,5,1,4,1,409d310f3b3891f528b8170b9afd3dc0290629569a4ad7ba2fa93cf5dcdd6afb,False,"[""MOVED_LEFT""]",,0,0,False,0,,0
r3-1501201,183,4,1,5,1,409d310f3b3891f528b8170b9afd3dc0290629569a4ad7ba2fa93cf5dcdd6afb,False,"[""MOVED_RIGHT""]",,0,0,False,0,,0
r3-1501201,184,5,1,4,1,409d310f3b3891f528b8170b9afd3dc0290629569a4ad7ba2fa93cf5dcdd6afb,False,"[""MOVED_LEFT""]",,0,0,False,0,,0
r3-1501201,185,4,1,5,1,409d310f3b3891f528b8170b9afd3dc0290629569a4ad7ba2fa93cf5dcdd6afb,False,"[""MOVED_RIGHT""]",,0,0,False,0,,0
r3-1501201,186,5,1,4,1,409d310f3b3891f528b8170b9afd3dc0290629569a4ad7ba2fa93cf5dcdd6afb,False,"[""MOVED_LEFT""]",,0,0,False,0,,0
r3-1501201,187,4,1,5,1,409d310f3b3891f528b8170b9afd3dc0290629569a4ad7ba2fa93cf5dcdd6afb,False,"[""MOVED_RIGHT""]",,0,0,False,0,,0
r3-1501201,188,5,1,4,1,409d310f3b3891f528b8170b9afd3dc0290629569a4ad7ba2fa93cf5dcdd6afb,False,"[""MOVED_LEFT""]",,0,0,False,0,,0
r3-1501201,189,4,1,5,1,409d310f3b3891f528b8170b9afd3dc0290629569a4ad7ba2fa93cf5dcdd6afb,False,"[""MOVED_RIGHT""]",,0,0,False,0,,0
r3-1501201,190,5,1,4,1,409d310f3b3891f528b8170b9afd3dc0290629569a4ad7ba2fa93cf5dcdd6afb,False,"[""MOVED_LEFT""]",,0,0,False,0,,0
r3-1501201,191,4,1,5,1,409d310f3b3891f528b8170b9afd3dc0290629569a4ad7ba2fa93cf5dcdd6afb,False,"[""MOVED_RIGHT""]",,0,0,False,0,,0
r3-1501201,192,5,1,4,1,409d310f3b3891f528b8170b9afd3dc0290629569a4ad7ba2fa93cf5dcdd6afb,False,"[""MOVED_LEFT""]",,0,0,False,0,,0
r3-1501201,193,4,1,5,1,409d310f3b3891f528b8170b9afd3dc0290629569a4ad7ba2fa93cf5dcdd6afb,False,"[""MOVED_RIGHT""]",,0,0,False,0,,0
r3-1501201,194,5,1,4,1,409d310f3b3891f528b8170b9afd3dc0290629569a4ad7ba2fa93cf5dcdd6afb,False,"[""MOVED_LEFT""]",,0,0,False,0,,0
r3-1501201,195,4,1,5,1,409d310f3b3891f528b8170b9afd3dc0290629569a4ad7ba2fa93cf5dcdd6afb,False,"[""MOVED_RIGHT""]",,0,0,False,0,,0
r3-1501201,196,5,1,4,1,409d310f3b3891f528b8170b9afd3dc0290629569a4ad7ba2fa93cf5dcdd6afb,False,"[""MOVED_LEFT""]",,0,0,False,0,,0
r3-1501201,197,4,1,5,1,409d310f3b3891f528b8170b9afd3dc0290629569a4ad7ba2fa93cf5dcdd6afb,False,"[""MOVED_RIGHT""]",,0,0,False,0,,0
r3-1501201,198,5,1,4,1,409d310f3b3891f528b8170b9afd3dc0290629569a4ad7ba2fa93cf5dcdd6afb,False,"[""MOVED_LEFT""]",,0,0,False,0,,0
r3-1501201,199,4,1,5,1,409d310f3b3891f528b8170b9afd3dc0290629569a4ad7ba2fa93cf5dcdd6afb,False,"[""MOVED_RIGHT""]",,0,0,False,0,,0
r3-1501201,200,5,1,4,1,409d310f3b3891f528b8170b9afd3dc0290629569a4ad7ba2fa93cf5dcdd6afb,False,"[""MOVED_LEFT""]",,0,0,False,0,,0
r3-1501201,201,4,1,5,1,409d310f3b3891f528b8170b9afd3dc0290629569a4ad7ba2fa93cf5dcdd6afb,False,"[""MOVED_RIGHT""]",,0,0,False,0,,0
r3-1501201,202,5,1,4,1,409d310f3b3891f528b8170b9afd3dc0290629569a4ad7ba2fa93cf5dcdd6afb,False,"[""MOVED_LEFT""]",,0,0,False,0,,0
r3-1501201,203,4,1,5,1,409d310f3b3891f528b8170b9afd3dc0290629569a4ad7ba2fa93cf5dcdd6afb,False,"[""MOVED_RIGHT""]",,0,0,False,0,,0
r3-1501201,204,5,1,4,1,409d310f3b3891f528b8170b9afd3dc0290629569a4ad7ba2fa93cf5dcdd6afb,False,"[""MOVED_LEFT""]",,0,0,False,0,,0
r3-1501201,205,4,1,5,1,409d310f3b3891f528b8170b9afd3dc0290629569a4ad7ba2fa93cf5dcdd6afb,False,"[""MOVED_RIGHT""]",,0,0,False,0,,0
r3-1501201,206,5,1,4,1,409d310f3b3891f528b8170b9afd3dc0290629569a4ad7ba2fa93cf5dcdd6afb,False,"[""MOVED_LEFT""]",,0,0,False,0,,0
r3-1501201,207,4,1,5,1,409d310f3b3891f528b8170b9afd3dc0290629569a4ad7ba2fa93cf5dcdd6afb,False,"[""MOVED_RIGHT""]",,0,0,False,0,,0
r3-1501201,208,5,1,4,1,409d310f3b3891f528b8170b9afd3dc0290629569a4ad7ba2fa93cf5dcdd6afb,False,"[""MOVED_LEFT""]",,0,0,False,0,,0
r3-1501201,209,4,1,5,1,409d310f3b3891f528b8170b9afd3dc0290629569a4ad7ba2fa93cf5dcdd6afb,False,"[""MOVED_RIGHT""]",,0,0,False,0,,0
r3-1501201,210,5,1,4,1,409d310f3b3891f528b8170b9afd3dc0290629569a4ad7ba2fa93cf5dcdd6afb,False,"[""MOVED_LEFT""]",,0,0,False,0,,0
r3-1501201,211,4,1,5,1,409d310f3b3891f528b8170b9afd3dc0290629569a4ad7ba2fa93cf5dcdd6afb,False,"[""MOVED_RIGHT""]",,0,0,False,0,,0
r3-1501201,212,5,1,4,1,409d310f3b3891f528b8170b9afd3dc0290629569a4ad7ba2fa93cf5dcdd6afb,False,"[""MOVED_LEFT""]",,0,0,False,0,,0
r3-1501201,213,4,1,5,1,409d310f3b3891f528b8170b9afd3dc0290629569a4ad7ba2fa93cf5dcdd6afb,False,"[""MOVED_RIGHT""]",,0,0,False,0,,0
r3-1501201,214,5,1,4,1,409d310f3b3891f528b8170b9afd3dc0290629569a4ad7ba2fa93cf5dcdd6afb,False,"[""MOVED_LEFT""]",,0,0,False,0,,0
r3-1501201,215,4,1,5,1,409d310f3b3891f528b8170b9afd3dc0290629569a4ad7ba2fa93cf5dcdd6afb,False,"[""MOVED_RIGHT""]",,0,0,False,0,,0
r3-1501201,216,5,1,4,1,409d310f3b3891f528b8170b9afd3dc0290629569a4ad7ba2fa93cf5dcdd6afb,False,"[""MOVED_LEFT""]",,0,0,False,0,,0
r3-1501201,217,4,1,5,1,409d310f3b3891f528b8170b9afd3dc0290629569a4ad7ba2fa93cf5dcdd6afb,False,"[""MOVED_RIGHT""]",,0,0,False,0,,0
r3-1501201,218,5,1,4,1,409d310f3b3891f528b8170b9afd3dc0290629569a4ad7ba2fa93cf5dcdd6afb,False,"[""MOVED_LEFT""]",,0,0,False,0,,0
r3-1501201,219,4,1,5,1,409d310f3b3891f528b8170b9afd3dc0290629569a4ad7ba2fa93cf5dcdd6afb,False,"[""MOVED_RIGHT""]",,0,0,False,0,,0
r3-1501201,220,5,1,4,1,409d310f3b3891f528b8170b9afd3dc0290629569a4ad7ba2fa93cf5dcdd6afb,False,"[""MOVED_LEFT""]",,0,0,False,0,,0
r3-1501201,221,4,1,5,1,409d310f3b3891f528b8170b9afd3dc0290629569a4ad7ba2fa93cf5dcdd6afb,False,"[""MOVED_RIGHT""]",,0,0,False,0,,0
r3-1501201,222,5,1,4,1,409d310f3b3891f528b8170b9afd3dc0290629569a4ad7ba2fa93cf5dcdd6afb,False,"[""MOVED_LEFT""]",,0,0,False,0,,0
r3-1501201,223,4,1,5,1,409d310f3b3891f528b8170b9afd3dc0290629569a4ad7ba2fa93cf5dcdd6afb,False,"[""MOVED_RIGHT""]",,0,0,False,0,,0
r3-1501201,224,5,1,4,1,409d310f3b3891f528b8170b9afd3dc0290629569a4ad7ba2fa93cf5dcdd6afb,False,"[""MOVED_LEFT""]",,0,0,False,0,,0
r3-1501201,225,4,1,5,1,409d310f3b3891f528b8170b9afd3dc0290629569a4ad7ba2fa93cf5dcdd6afb,False,"[""MOVED_RIGHT""]",,0,0,False,0,,0
r3-1501201,226,5,1,4,1,409d310f3b3891f528b8170b9afd3dc0290629569a4ad7ba2fa93cf5dcdd6afb,False,"[""MOVED_LEFT""]",,0,0,False,0,,0
r3-1501201,227,4,1,5,1,409d310f3b3891f528b8170b9afd3dc0290629569a4ad7ba2fa93cf5dcdd6afb,False,"[""MOVED_RIGHT""]",,0,0,False,0,,0
r3-1501201,228,5,1,4,1,409d310f3b3891f528b8170b9afd3dc0290629569a4ad7ba2fa93cf5dcdd6afb,False,"[""MOVED_LEFT""]",,0,0,False,0,,0
r3-1501201,229,4,1,5,1,409d310f3b3891f528b8170b9afd3dc0290629569a4ad7ba2fa93cf5dcdd6afb,False,"[""MOVED_RIGHT""]",,0,0,False,0,,0
r3-1501201,230,5,1,4,1,409d310f3b3891f528b8170b9afd3dc0290629569a4ad7ba2fa93cf5dcdd6afb,False,"[""MOVED_LEFT""]",,0,0,False,0,,0
r3-1501201,231,4,1,5,1,409d310f3b3891f528b8170b9afd3dc0290629569a4ad7ba2fa93cf5dcdd6afb,False,"[""MOVED_RIGHT""]",,0,0,False,0,,0
r3-1501201,232,5,1,4,1,409d310f3b3891f528b8170b9afd3dc0290629569a4ad7ba2fa93cf5dcdd6afb,False,"[""MOVED_LEFT""]",,0,0,False,0,,0
r3-1501201,233,4,1,5,1,409d310f3b3891f528b8170b9afd3dc0290629569a4ad7ba2fa93cf5dcdd6afb,False,"[""MOVED_RIGHT""]",,0,0,False,0,,0
r3-1501201,234,5,1,4,1,409d310f3b3891f528b8170b9afd3dc0290629569a4ad7ba2fa93cf5dcdd6afb,False,"[""MOVED_LEFT""]",,0,0,False,0,,0
r3-1501201,235,4,1,5,1,409d310f3b3891f528b8170b9afd3dc0290629569a4ad7ba2fa93cf5dcdd6afb,False,"[""MOVED_RIGHT""]",,0,0,False,0,,0
r3-1501201,236,5,1,4,1,409d310f3b3891f528b8170b9afd3dc0290629569a4ad7ba2fa93cf5dcdd6afb,False,"[""MOVED_LEFT""]",,0,0,False,0,,0
r3-1501201,237,4,1,5,1,409d310f3b3891f528b8170b9afd3dc0290629569a4ad7ba2fa93cf5dcdd6afb,False,"[""MOVED_RIGHT""]",,0,0,False,0,,0
r3-1501201,238,5,1,4,1,409d310f3b3891f528b8170b9afd3dc0290629569a4ad7ba2fa93cf5dcdd6afb,False,"[""MOVED_LEFT""]",,0,0,False,0,,0
r3-1501201,239,4,1,5,1,409d310f3b3891f528b8170b9afd3dc0290629569a4ad7ba2fa93cf5dcdd6afb,False,"[""MOVED_RIGHT""]",,0,0,False,0,,0
r3-1501201,240,5,1,4,1,409d310f3b3891f528b8170b9afd3dc0290629569a4ad7ba2fa93cf5dcdd6afb,False,"[""MOVED_LEFT""]",,0,0,False,0,,0
r3-1501201,241,4,1,5,1,409d310f3b3891f528b8170b9afd3dc0290629569a4ad7ba2fa93cf5dcdd6afb,False,"[""MOVED_RIGHT""]",,0,0,False,0,,0
r3-1501201,242,5,1,4,1,409d310f3b3891f528b8170b9afd3dc0290629569a4ad7ba2fa93cf5dcdd6afb,False,"[""MOVED_LEFT""]",,0,0,False,0,,0
r3-1501201,243,4,1,5,1,409d310f3b3891f528b8170b9afd3dc0290629569a4ad7ba2fa93cf5dcdd6afb,False,"[""MOVED_RIGHT""]",,0,0,False,0,,0
r3-1501201,244,5,1,4,1,409d310f3b3891f528b8170b9afd3dc0290629569a4ad7ba2fa93cf5dcdd6afb,False,"[""MOVED_LEFT""]",,0,0,False,0,,0
r3-1501201,245,4,1,5,1,409d310f3b3891f528b8170b9afd3dc0290629569a4ad7ba2fa93cf5dcdd6afb,False,"[""MOVED_RIGHT""]",,0,0,False,0,,0
r3-1501201,246,5,1,4,1,409d310f3b3891f528b8170b9afd3dc0290629569a4ad7ba2fa93cf5dcdd6afb,False,"[""MOVED_LEFT""]",,0,0,False,0,,0
r3-1501201,247,4,1,5,1,409d310f3b3891f528b8170b9afd3dc0290629569a4ad7ba2fa93cf5dcdd6afb,False,"[""MOVED_RIGHT""]",,0,0,False,0,,0
r3-1501201,248,5,1,4,1,409d310f3b3891f528b8170b9afd3dc0290629569a4ad7ba2fa93cf5dcdd6afb,False,"[""MOVED_LEFT""]",,0,0,False,0,,0
r3-1501201,249,4,1,5,1,409d310f3b3891f528b8170b9afd3dc0290629569a4ad7ba2fa93cf5dcdd6afb,False,"[""MOVED_RIGHT""]",,0,0,False,0,,0
r3-1501201,250,5,1,4,1,409d310f3b3891f528b8170b9afd3dc0290629569a4ad7ba2fa93cf5dcdd6afb,False,"[""MOVED_LEFT""]",,0,0,False,0,,0
r3-1501201,251,4,1,5,1,409d310f3b3891f528b8170b9afd3dc0290629569a4ad7ba2fa93cf5dcdd6afb,False,"[""MOVED_RIGHT""]",,0,0,False,0,,0
r3-1501201,252,5,1,4,1,409d310f3b3891f528b8170b9afd3dc0290629569a4ad7ba2fa93cf5dcdd6afb,False,"[""MOVED_LEFT""]",,0,0,False,0,,0
r3-1501201,253,4,1,5,1,409d310f3b3891f528b8170b9afd3dc0290629569a4ad7ba2fa93cf5dcdd6afb,False,"[""MOVED_RIGHT""]",,0,0,False,0,,0
r3-1501201,254,5,1,4,1,409d310f3b3891f528b8170b9afd3dc0290629569a4ad7ba2fa93cf5dcdd6afb,False,"[""MOVED_LEFT""]",,0,0,False,0,,0
r3-1501201,255,4,1,5,1,409d310f3b3891f528b8170b9afd3dc0290629569a4ad7ba2fa93cf5dcdd6afb,False,"[""MOVED_RIGHT""]",,0,0,False,0,,0
r3-1501201,256,5,1,4,1,409d310f3b3891f528b8170b9afd3dc0290629569a4ad7ba2fa93cf5dcdd6afb,False,"[""MOVED_LEFT""]",,0,0,False,0,,0
r3-1501201,257,4,1,5,1,409d310f3b3891f528b8170b9afd3dc0290629569a4ad7ba2fa93cf5dcdd6afb,False,"[""MOVED_RIGHT""]",,0,0,False,0,,0
r3-1501201,258,5,1,4,1,409d310f3b3891f528b8170b9afd3dc0290629569a4ad7ba2fa93cf5dcdd6afb,False,"[""MOVED_LEFT""]",,0,0,False,0,,0
r3-1501201,259,4,1,5,1,409d310f3b3891f528b8170b9afd3dc0290629569a4ad7ba2fa93cf5dcdd6afb,False,"[""MOVED_RIGHT""]",,0,0,False,0,,0
r3-1501201,260,5,1,4,1,409d310f3b3891f528b8170b9afd3dc0290629569a4ad7ba2fa93cf5dcdd6afb,False,"[""MOVED_LEFT""]",,0,0,False,0,,0
r3-1501201,261,4,1,5,1,409d310f3b3891f528b8170b9afd3dc0290629569a4ad7ba2fa93cf5dcdd6afb,False,"[""MOVED_RIGHT""]",,0,0,False,0,,0
r3-1501201,262,5,1,4,1,409d310f3b3891f528b8170b9afd3dc0290629569a4ad7ba2fa93cf5dcdd6afb,False,"[""MOVED_LEFT""]",,0,0,False,0,,0
r3-1501201,263,4,1,5,1,409d310f3b3891f528b8170b9afd3dc0290629569a4ad7ba2fa93cf5dcdd6afb,False,"[""MOVED_RIGHT""]",,0,0,False,0,,0
r3-1501201,264,5,1,4,1,409d310f3b3891f528b8170b9afd3dc0290629569a4ad7ba2fa93cf5dcdd6afb,False,"[""MOVED_LEFT""]",,0,0,False,0,,0
r3-1501201,265,4,1,5,1,409d310f3b3891f528b8170b9afd3dc0290629569a4ad7ba2fa93cf5dcdd6afb,False,"[""MOVED_RIGHT""]",,0,0,False,0,,0
r3-1501201,266,5,1,4,1,409d310f3b3891f528b8170b9afd3dc0290629569a4ad7ba2fa93cf5dcdd6afb,False,"[""MOVED_LEFT""]",,0,0,False,0,,0
r3-1501201,267,4,1,5,1,409d310f3b3891f528b8170b9afd3dc0290629569a4ad7ba2fa93cf5dcdd6afb,False,"[""MOVED_RIGHT""]",,0,0,False,0,,0
r3-1501201,268,5,1,4,1,409d310f3b3891f528b8170b9afd3dc0290629569a4ad7ba2fa93cf5dcdd6afb,False,"[""MOVED_LEFT""]",,0,0,False,0,,0
r3-1501201,269,4,1,5,1,409d310f3b3891f528b8170b9afd3dc0290629569a4ad7ba2fa93cf5dcdd6afb,False,"[""MOVED_RIGHT""]",,0,0,False,0,,0
r3-1501201,270,5,1,4,1,409d310f3b3891f528b8170b9afd3dc0290629569a4ad7ba2fa93cf5dcdd6afb,False,"[""MOVED_LEFT""]",,0,0,False,0,,0
r3-1501201,271,4,1,5,1,409d310f3b3891f528b8170b9afd3dc0290629569a4ad7ba2fa93cf5dcdd6afb,False,"[""MOVED_RIGHT""]",,0,0,False,0,,0
r3-1501201,272,5,1,4,1,409d310f3b3891f528b8170b9afd3dc0290629569a4ad7ba2fa93cf5dcdd6afb,False,"[""MOVED_LEFT""]",,0,0,False,0,,0
r3-1501201,273,4,1,5,1,409d310f3b3891f528b8170b9afd3dc0290629569a4ad7ba2fa93cf5dcdd6afb,False,"[""MOVED_RIGHT""]",,0,0,False,0,,0
r3-1501201,274,5,1,4,1,409d310f3b3891f528b8170b9afd3dc0290629569a4ad7ba2fa93cf5dcdd6afb,False,"[""MOVED_LEFT""]",,0,0,False,0,,0
r3-1501201,275,4,1,5,1,409d310f3b3891f528b8170b9afd3dc0290629569a4ad7ba2fa93cf5dcdd6afb,False,"[""MOVED_RIGHT""]",,0,0,False,0,,0
r3-1501201,276,5,1,4,1,409d310f3b3891f528b8170b9afd3dc0290629569a4ad7ba2fa93cf5dcdd6afb,False,"[""MOVED_LEFT""]",,0,0,False,0,,0
r3-1501201,277,4,1,5,1,409d310f3b3891f528b8170b9afd3dc0290629569a4ad7ba2fa93cf5dcdd6afb,False,"[""MOVED_RIGHT""]",,0,0,False,0,,0
r3-1501201,278,5,1,4,1,409d310f3b3891f528b8170b9afd3dc0290629569a4ad7ba2fa93cf5dcdd6afb,False,"[""MOVED_LEFT""]",,0,0,False,0,,0
r3-1501201,279,4,1,5,1,409d310f3b3891f528b8170b9afd3dc0290629569a4ad7ba2fa93cf5dcdd6afb,False,"[""MOVED_RIGHT""]",,0,0,False,0,,0
r3-1501201,280,5,1,4,1,409d310f3b3891f528b8170b9afd3dc0290629569a4ad7ba2fa93cf5dcdd6afb,False,"[""MOVED_LEFT""]",,0,0,False,0,,0
r3-1501201,281,4,1,5,1,409d310f3b3891f528b8170b9afd3dc0290629569a4ad7ba2fa93cf5dcdd6afb,False,"[""MOVED_RIGHT""]",,0,0,False,0,,0
r3-1501201,282,5,1,4,1,409d310f3b3891f528b8170b9afd3dc0290629569a4ad7ba2fa93cf5dcdd6afb,False,"[""MOVED_LEFT""]",,0,0,False,0,,0
r3-1501201,283,4,1,5,1,409d310f3b3891f528b8170b9afd3dc0290629569a4ad7ba2fa93cf5dcdd6afb,False,"[""MOVED_RIGHT""]",,0,0,False,0,,0
r3-1501201,284,5,1,4,1,409d310f3b3891f528b8170b9afd3dc0290629569a4ad7ba2fa93cf5dcdd6afb,False,"[""MOVED_LEFT""]",,0,0,False,0,,0
r3-1501201,285,4,1,5,1,409d310f3b3891f528b8170b9afd3dc0290629569a4ad7ba2fa93cf5dcdd6afb,False,"[""MOVED_RIGHT""]",,0,0,False,0,,0
r3-1501201,286,5,1,4,1,409d310f3b3891f528b8170b9afd3dc0290629569a4ad7ba2fa93cf5dcdd6afb,False,"[""MOVED_LEFT""]",,0,0,False,0,,0
r3-1501201,287,4,1,5,1,409d310f3b3891f528b8170b9afd3dc0290629569a4ad7ba2fa93cf5dcdd6afb,False,"[""MOVED_RIGHT""]",,0,0,False,0,,0
r3-1501201,288,5,1,4,1,409d310f3b3891f528b8170b9afd3dc0290629569a4ad7ba2fa93cf5dcdd6afb,False,"[""MOVED_LEFT""]",,0,0,False,0,,0
r3-1501201,289,4,1,5,1,409d310f3b3891f528b8170b9afd3dc0290629569a4ad7ba2fa93cf5dcdd6afb,False,"[""MOVED_RIGHT""]",,0,0,False,0,,0
r3-1501201,290,5,1,4,1,409d310f3b3891f528b8170b9afd3dc0290629569a4ad7ba2fa93cf5dcdd6afb,False,"[""MOVED_LEFT""]",,0,0,False,0,,0
r3-1501201,291,4,1,5,1,409d310f3b3891f528b8170b9afd3dc0290629569a4ad7ba2fa93cf5dcdd6afb,False,"[""MOVED_RIGHT""]",,0,0,False,0,,0
r3-1501201,292,5,1,4,1,409d310f3b3891f528b8170b9afd3dc0290629569a4ad7ba2fa93cf5dcdd6afb,False,"[""MOVED_LEFT""]",,0,0,False,0,,0
r3-1501201,293,4,1,5,1,409d310f3b3891f528b8170b9afd3dc0290629569a4ad7ba2fa93cf5dcdd6afb,False,"[""MOVED_RIGHT""]",,0,0,False,0,,0
r3-1501201,294,5,1,4,1,409d310f3b3891f528b8170b9afd3dc0290629569a4ad7ba2fa93cf5dcdd6afb,False,"[""MOVED_LEFT""]",,0,0,False,0,,0
r3-1501201,295,4,1,5,1,409d310f3b3891f528b8170b9afd3dc0290629569a4ad7ba2fa93cf5dcdd6afb,False,"[""MOVED_RIGHT""]",,0,0,False,0,,0
r3-1501201,296,5,1,4,1,409d310f3b3891f528b8170b9afd3dc0290629569a4ad7ba2fa93cf5dcdd6afb,False,"[""MOVED_LEFT""]",,0,0,False,0,,0
r3-1501201,297,4,1,5,1,409d310f3b3891f528b8170b9afd3dc0290629569a4ad7ba2fa93cf5dcdd6afb,False,"[""MOVED_RIGHT""]",,0,0,False,0,,0
r3-1501201,298,5,1,4,1,409d310f3b3891f528b8170b9afd3dc0290629569a4ad7ba2fa93cf5dcdd6afb,False,"[""MOVED_LEFT""]",,0,0,False,0,,0
r3-1501201,299,4,1,5,1,409d310f3b3891f528b8170b9afd3dc0290629569a4ad7ba2fa93cf5dcdd6afb,False,"[""MOVED_RIGHT""]",,0,0,False,0,,0
r3-1501201,300,5,1,4,1,409d310f3b3891f528b8170b9afd3dc0290629569a4ad7ba2fa93cf5dcdd6afb,False,"[""MOVED_LEFT""]",,0,0,False,0,,0
r3-1501201,301,4,1,5,1,409d310f3b3891f528b8170b9afd3dc0290629569a4ad7ba2fa93cf5dcdd6afb,False,"[""MOVED_RIGHT""]",,0,0,False,0,,0
r3-1501201,302,5,1,4,1,409d310f3b3891f528b8170b9afd3dc0290629569a4ad7ba2fa93cf5dcdd6afb,False,"[""MOVED_LEFT""]",,0,0,False,0,,0
r3-1501201,303,4,1,5,1,409d310f3b3891f528b8170b9afd3dc0290629569a4ad7ba2fa93cf5dcdd6afb,False,"[""MOVED_RIGHT""]",,0,0,False,0,,0
r3-1501201,304,5,1,4,1,409d310f3b3891f528b8170b9afd3dc0290629569a4ad7ba2fa93cf5dcdd6afb,False,"[""MOVED_LEFT""]",,0,0,False,0,,0
r3-1501201,305,4,1,5,1,409d310f3b3891f528b8170b9afd3dc0290629569a4ad7ba2fa93cf5dcdd6afb,False,"[""MOVED_RIGHT""]",,0,0,False,0,,0
r3-1501201,306,5,1,4,1,409d310f3b3891f528b8170b9afd3dc0290629569a4ad7ba2fa93cf5dcdd6afb,False,"[""MOVED_LEFT""]",,0,0,False,0,,0
r3-1501201,307,4,1,5,1,409d310f3b3891f528b8170b9afd3dc0290629569a4ad7ba2fa93cf5dcdd6afb,False,"[""MOVED_RIGHT""]",,0,0,False,0,,0
r3-1501201,308,5,1,4,1,409d310f3b3891f528b8170b9afd3dc0290629569a4ad7ba2fa93cf5dcdd6afb,False,"[""MOVED_LEFT""]",,0,0,False,0,,0
r3-1501201,309,4,1,5,1,409d310f3b3891f528b8170b9afd3dc0290629569a4ad7ba2fa93cf5dcdd6afb,False,"[""MOVED_RIGHT""]",,0,0,False,0,,0
r3-1501201,310,5,1,4,1,409d310f3b3891f528b8170b9afd3dc0290629569a4ad7ba2fa93cf5dcdd6afb,False,"[""MOVED_LEFT""]",,0,0,False,0,,0
r3-1501201,311,4,1,5,1,409d310f3b3891f528b8170b9afd3dc0290629569a4ad7ba2fa93cf5dcdd6afb,False,"[""MOVED_RIGHT""]",,0,0,False,0,,0
r3-1501201,312,5,1,4,1,409d310f3b3891f528b8170b9afd3dc0290629569a4ad7ba2fa93cf5dcdd6afb,False,"[""MOVED_LEFT""]",,0,0,False,0,,0
r3-1501201,313,4,1,5,1,409d310f3b3891f528b8170b9afd3dc0290629569a4ad7ba2fa93cf5dcdd6afb,False,"[""MOVED_RIGHT""]",,0,0,False,0,,0
r3-1501201,314,5,1,4,1,409d310f3b3891f528b8170b9afd3dc0290629569a4ad7ba2fa93cf5dcdd6afb,False,"[""MOVED_LEFT""]",,0,0,False,0,,0
r3-1501201,315,4,1,5,1,409d310f3b3891f528b8170b9afd3dc0290629569a4ad7ba2fa93cf5dcdd6afb,False,"[""MOVED_RIGHT""]",,0,0,False,0,,0
r3-1501201,316,5,1,4,1,409d310f3b3891f528b8170b9afd3dc0290629569a4ad7ba2fa93cf5dcdd6afb,False,"[""MOVED_LEFT""]",,0,0,False,0,,0
r3-1501201,317,4,1,5,1,409d310f3b3891f528b8170b9afd3dc0290629569a4ad7ba2fa93cf5dcdd6afb,False,"[""MOVED_RIGHT""]",,0,0,False,0,,0
r3-1501201,318,5,1,4,1,409d310f3b3891f528b8170b9afd3dc0290629569a4ad7ba2fa93cf5dcdd6afb,False,"[""MOVED_LEFT""]",,0,0,False,0,,0
r3-1501201,319,4,1,5,1,409d310f3b3891f528b8170b9afd3dc0290629569a4ad7ba2fa93cf5dcdd6afb,False,"[""MOVED_RIGHT""]",,0,0,False,0,,0
r3-1501201,320,5,1,4,1,409d310f3b3891f528b8170b9afd3dc0290629569a4ad7ba2fa93cf5dcdd6afb,False,"[""MOVED_LEFT""]",,0,0,False,0,,0
r3-1501201,321,4,1,5,1,409d310f3b3891f528b8170b9afd3dc0290629569a4ad7ba2fa93cf5dcdd6afb,False,"[""MOVED_RIGHT""]",,0,0,False,0,,0
r3-1501201,322,5,1,4,1,409d310f3b3891f528b8170b9afd3dc0290629569a4ad7ba2fa93cf5dcdd6afb,False,"[""MOVED_LEFT""]",,0,0,False,0,,0
r3-1501201,323,4,1,5,1,409d310f3b3891f528b8170b9afd3dc0290629569a4ad7ba2fa93cf5dcdd6afb,False,"[""MOVED_RIGHT""]",,0,0,False,0,,0
r3-1501201,324,5,1,4,1,409d310f3b3891f528b8170b9afd3dc0290629569a4ad7ba2fa93cf5dcdd6afb,False,"[""MOVED_LEFT""]",,0,0,False,0,,0
r3-1501201,325,4,1,5,1,409d310f3b3891f528b8170b9afd3dc0290629569a4ad7ba2fa93cf5dcdd6afb,False,"[""MOVED_RIGHT""]",,0,0,False,0,,0
r3-1501201,326,5,1,4,1,409d310f3b3891f528b8170b9afd3dc0290629569a4ad7ba2fa93cf5dcdd6afb,False,"[""MOVED_LEFT""]",,0,0,False,0,,0
r3-1501201,327,4,1,5,1,409d310f3b3891f528b8170b9afd3dc0290629569a4ad7ba2fa93cf5dcdd6afb,False,"[""MOVED_RIGHT""]",,0,0,False,0,,0
r3-1501201,328,5,1,4,1,409d310f3b3891f528b8170b9afd3dc0290629569a4ad7ba2fa93cf5dcdd6afb,False,"[""MOVED_LEFT""]",,0,0,False,0,,0
r3-1501201,329,4,1,5,1,409d310f3b3891f528b8170b9afd3dc0290629569a4ad7ba2fa93cf5dcdd6afb,False,"[""MOVED_RIGHT""]",,0,0,False,0,,0
r3-1501201,330,5,1,4,1,409d310f3b3891f528b8170b9afd3dc0290629569a4ad7ba2fa93cf5dcdd6afb,False,"[""MOVED_LEFT""]",,0,0,False,0,,0
r3-1501201,331,4,1,5,1,409d310f3b3891f528b8170b9afd3dc0290629569a4ad7ba2fa93cf5dcdd6afb,False,"[""MOVED_RIGHT""]",,0,0,False,0,,0
r3-1501201,332,5,1,4,1,409d310f3b3891f528b8170b9afd3dc0290629569a4ad7ba2fa93cf5dcdd6afb,False,"[""MOVED_LEFT""]",,0,0,False,0,,0
r3-1501201,333,4,1,5,1,409d310f3b3891f528b8170b9afd3dc0290629569a4ad7ba2fa93cf5dcdd6afb,False,"[""MOVED_RIGHT""]",,0,0,False,0,,0
r3-1501201,334,5,1,4,1,409d310f3b3891f528b8170b9afd3dc0290629569a4ad7ba2fa93cf5dcdd6afb,False,"[""MOVED_LEFT""]",,0,0,False,0,,0
r3-1501201,335,4,1,5,1,409d310f3b3891f528b8170b9afd3dc0290629569a4ad7ba2fa93cf5dcdd6afb,False,"[""MOVED_RIGHT""]",,0,0,False,0,,0
r3-1501201,336,5,1,4,1,409d310f3b3891f528b8170b9afd3dc0290629569a4ad7ba2fa93cf5dcdd6afb,False,"[""MOVED_LEFT""]",,0,0,False,0,,0
r3-1501201,337,4,1,5,1,409d310f3b3891f528b8170b9afd3dc0290629569a4ad7ba2fa93cf5dcdd6afb,False,"[""MOVED_RIGHT""]",,0,0,False,0,,0
r3-1501201,338,5,1,4,1,409d310f3b3891f528b8170b9afd3dc0290629569a4ad7ba2fa93cf5dcdd6afb,False,"[""MOVED_LEFT""]",,0,0,False,0,,0
r3-1501201,339,4,1,5,1,409d310f3b3891f528b8170b9afd3dc0290629569a4ad7ba2fa93cf5dcdd6afb,False,"[""MOVED_RIGHT""]",,0,0,False,0,,0
r3-1501201,340,5,1,4,1,409d310f3b3891f528b8170b9afd3dc0290629569a4ad7ba2fa93cf5dcdd6afb,False,"[""MOVED_LEFT""]",,0,0,False,0,,0
r3-1501201,341,4,1,5,1,409d310f3b3891f528b8170b9afd3dc0290629569a4ad7ba2fa93cf5dcdd6afb,False,"[""MOVED_RIGHT""]",,0,0,False,0,,0
r3-1501201,342,5,1,4,1,409d310f3b3891f528b8170b9afd3dc0290629569a4ad7ba2fa93cf5dcdd6afb,False,"[""MOVED_LEFT""]",,0,0,False,0,,0
r3-1501201,343,4,1,5,1,409d310f3b3891f528b8170b9afd3dc0290629569a4ad7ba2fa93cf5dcdd6afb,False,"[""MOVED_RIGHT""]",,0,0,False,0,,0
r3-1501201,344,5,1,4,1,409d310f3b3891f528b8170b9afd3dc0290629569a4ad7ba2fa93cf5dcdd6afb,False,"[""MOVED_LEFT""]",,0,0,False,0,,0
r3-1501201,345,4,1,5,1,409d310f3b3891f528b8170b9afd3dc0290629569a4ad7ba2fa93cf5dcdd6afb,False,"[""MOVED_RIGHT""]",,0,0,False,0,,0
r3-1501201,346,5,1,4,1,409d310f3b3891f528b8170b9afd3dc0290629569a4ad7ba2fa93cf5dcdd6afb,False,"[""MOVED_LEFT""]",,0,0,False,0,,0
r3-1501201,347,4,1,5,1,409d310f3b3891f528b8170b9afd3dc0290629569a4ad7ba2fa93cf5dcdd6afb,False,"[""MOVED_RIGHT""]",,0,0,False,0,,0
r3-1501201,348,5,1,4,1,409d310f3b3891f528b8170b9afd3dc0290629569a4ad7ba2fa93cf5dcdd6afb,False,"[""MOVED_LEFT""]",,0,0,False,0,,0
r3-1501201,349,4,1,5,1,409d310f3b3891f528b8170b9afd3dc0290629569a4ad7ba2fa93cf5dcdd6afb,False,"[""MOVED_RIGHT""]",,0,0,False,0,,0
r3-1501201,350,5,1,4,1,409d310f3b3891f528b8170b9afd3dc0290629569a4ad7ba2fa93cf5dcdd6afb,False,"[""MOVED_LEFT""]",,0,0,False,0,,0
r3-1501201,351,4,1,5,1,409d310f3b3891f528b8170b9afd3dc0290629569a4ad7ba2fa93cf5dcdd6afb,False,"[""MOVED_RIGHT""]",,0,0,False,0,,0
r3-1501201,352,5,1,4,1,409d310f3b3891f528b8170b9afd3dc0290629569a4ad7ba2fa93cf5dcdd6afb,False,"[""MOVED_LEFT""]",,0,0,False,0,,0
r3-1501201,353,4,1,5,1,409d310f3b3891f528b8170b9afd3dc0290629569a4ad7ba2fa93cf5dcdd6afb,False,"[""MOVED_RIGHT""]",,0,0,False,0,,0
r3-1501201,354,5,1,4,1,409d310f3b3891f528b8170b9afd3dc0290629569a4ad7ba2fa93cf5dcdd6afb,False,"[""MOVED_LEFT""]",,0,0,False,0,,0
r3-1501201,355,4,1,5,1,409d310f3b3891f528b8170b9afd3dc0290629569a4ad7ba2fa93cf5dcdd6afb,False,"[""MOVED_RIGHT""]",,0,0,False,0,,0
r3-1501201,356,5,1,4,1,409d310f3b3891f528b8170b9afd3dc0290629569a4ad7ba2fa93cf5dcdd6afb,False,"[""MOVED_LEFT""]",,0,0,False,0,,0
r3-1501201,357,4,1,5,1,409d310f3b3891f528b8170b9afd3dc0290629569a4ad7ba2fa93cf5dcdd6afb,False,"[""MOVED_RIGHT""]",,0,0,False,0,,0
r3-1501201,358,5,1,4,1,409d310f3b3891f528b8170b9afd3dc0290629569a4ad7ba2fa93cf5dcdd6afb,False,"[""MOVED_LEFT""]",,0,0,False,0,,0
r3-1501201,359,4,1,5,1,409d310f3b3891f528b8170b9afd3dc0290629569a4ad7ba2fa93cf5dcdd6afb,False,"[""MOVED_RIGHT""]",,0,0,False,0,,0
r3-1501201,360,5,1,4,1,409d310f3b3891f528b8170b9afd3dc0290629569a4ad7ba2fa93cf5dcdd6afb,False,"[""MOVED_LEFT""]",,0,0,False,0,,0
r3-1501201,361,4,1,5,1,409d310f3b3891f528b8170b9afd3dc0290629569a4ad7ba2fa93cf5dcdd6afb,False,"[""MOVED_RIGHT""]",,0,0,False,0,,0
r3-1501201,362,5,1,4,1,409d310f3b3891f528b8170b9afd3dc0290629569a4ad7ba2fa93cf5dcdd6afb,False,"[""MOVED_LEFT""]",,0,0,False,0,,0
r3-1501201,363,4,1,5,1,409d310f3b3891f528b8170b9afd3dc0290629569a4ad7ba2fa93cf5dcdd6afb,False,"[""MOVED_RIGHT""]",,0,0,False,0,,0
r3-1501201,364,5,1,4,1,409d310f3b3891f528b8170b9afd3dc0290629569a4ad7ba2fa93cf5dcdd6afb,False,"[""MOVED_LEFT""]",,0,0,False,0,,0
r3-1501201,365,4,1,5,1,409d310f3b3891f528b8170b9afd3dc0290629569a4ad7ba2fa93cf5dcdd6afb,False,"[""MOVED_RIGHT""]",,0,0,False,0,,0
r3-1501201,366,5,1,4,1,409d310f3b3891f528b8170b9afd3dc0290629569a4ad7ba2fa93cf5dcdd6afb,False,"[""MOVED_LEFT""]",,0,0,False,0,,0
r3-1501201,367,4,1,5,1,409d310f3b3891f528b8170b9afd3dc0290629569a4ad7ba2fa93cf5dcdd6afb,False,"[""MOVED_RIGHT""]",,0,0,False,0,,0
r3-1501201,368,5,1,4,1,409d310f3b3891f528b8170b9afd3dc0290629569a4ad7ba2fa93cf5dcdd6afb,False,"[""MOVED_LEFT""]",,0,0,False,0,,0
r3-1501201,369,4,1,5,1,409d310f3b3891f528b8170b9afd3dc0290629569a4ad7ba2fa93cf5dcdd6afb,False,"[""MOVED_RIGHT""]",,0,0,False,0,,0
r3-1501201,370,5,1,4,1,409d310f3b3891f528b8170b9afd3dc0290629569a4ad7ba2fa93cf5dcdd6afb,False,"[""MOVED_LEFT""]",,0,0,False,0,,0
r3-1501201,371,4,1,5,1,409d310f3b3891f528b8170b9afd3dc0290629569a4ad7ba2fa93cf5dcdd6afb,False,"[""MOVED_RIGHT""]",,0,0,False,0,,0
r3-1501201,372,5,1,4,1,409d310f3b3891f528b8170b9afd3dc0290629569a4ad7ba2fa93cf5dcdd6afb,False,"[""MOVED_LEFT""]",,0,0,False,0,,0
r3-1501201,373,4,1,5,1,409d310f3b3891f528b8170b9afd3dc0290629569a4ad7ba2fa93cf5dcdd6afb,False,"[""MOVED_RIGHT""]",,0,0,False,0,,0
r3-1501201,374,5,1,4,1,409d310f3b3891f528b8170b9afd3dc0290629569a4ad7ba2fa93cf5dcdd6afb,False,"[""MOVED_LEFT""]",,0,0,False,0,,0
r3-1501201,375,4,1,5,1,409d310f3b3891f528b8170b9afd3dc0290629569a4ad7ba2fa93cf5dcdd6afb,False,"[""MOVED_RIGHT""]",,0,0,False,0,,0
r3-1501201,376,5,1,4,1,409d310f3b3891f528b8170b9afd3dc0290629569a4ad7ba2fa93cf5dcdd6afb,False,"[""MOVED_LEFT""]",,0,0,False,0,,0
r3-1501201,377,4,1,5,1,409d310f3b3891f528b8170b9afd3dc0290629569a4ad7ba2fa93cf5dcdd6afb,False,"[""MOVED_RIGHT""]",,0,0,False,0,,0
r3-1501201,378,5,1,4,1,409d310f3b3891f528b8170b9afd3dc0290629569a4ad7ba2fa93cf5dcdd6afb,False,"[""MOVED_LEFT""]",,0,0,False,0,,0
r3-1501201,379,4,1,5,1,409d310f3b3891f528b8170b9afd3dc0290629569a4ad7ba2fa93cf5dcdd6afb,False,"[""MOVED_RIGHT""]",,0,0,False,0,,0
r3-1501201,380,5,1,4,1,409d310f3b3891f528b8170b9afd3dc0290629569a4ad7ba2fa93cf5dcdd6afb,False,"[""MOVED_LEFT""]",,0,0,False,0,,0
r3-1501201,381,4,1,5,1,409d310f3b3891f528b8170b9afd3dc0290629569a4ad7ba2fa93cf5dcdd6afb,False,"[""MOVED_RIGHT""]",,0,0,False,0,,0
r3-1501201,382,5,1,4,1,409d310f3b3891f528b8170b9afd3dc0290629569a4ad7ba2fa93cf5dcdd6afb,False,"[""MOVED_LEFT""]",,0,0,False,0,,0
r3-1501201,383,4,1,5,1,409d310f3b3891f528b8170b9afd3dc0290629569a4ad7ba2fa93cf5dcdd6afb,False,"[""MOVED_RIGHT""]",,0,0,False,0,,0
r3-1501201,384,5,1,4,1,409d310f3b3891f528b8170b9afd3dc0290629569a4ad7ba2fa93cf5dcdd6afb,False,"[""MOVED_LEFT""]",,0,0,False,0,,0
r3-1501201,385,4,1,5,1,409d310f3b3891f528b8170b9afd3dc0290629569a4ad7ba2fa93cf5dcdd6afb,False,"[""MOVED_RIGHT""]",,0,0,False,0,,0
r3-1501201,386,5,1,4,1,409d310f3b3891f528b8170b9afd3dc0290629569a4ad7ba2fa93cf5dcdd6afb,False,"[""MOVED_LEFT""]",,0,0,False,0,,0
r3-1501201,387,4,1,5,1,409d310f3b3891f528b8170b9afd3dc0290629569a4ad7ba2fa93cf5dcdd6afb,False,"[""MOVED_RIGHT""]",,0,0,False,0,,0
r3-1501201,388,5,1,4,1,409d310f3b3891f528b8170b9afd3dc0290629569a4ad7ba2fa93cf5dcdd6afb,False,"[""MOVED_LEFT""]",,0,0,False,0,,0
r3-1501201,389,4,1,5,1,409d310f3b3891f528b8170b9afd3dc0290629569a4ad7ba2fa93cf5dcdd6afb,False,"[""MOVED_RIGHT""]",,0,0,False,0,,0
r3-1501201,390,5,1,4,1,409d310f3b3891f528b8170b9afd3dc0290629569a4ad7ba2fa93cf5dcdd6afb,False,"[""MOVED_LEFT""]",,0,0,False,0,,0
r3-1501201,391,4,1,5,1,409d310f3b3891f528b8170b9afd3dc0290629569a4ad7ba2fa93cf5dcdd6afb,False,"[""MOVED_RIGHT""]",,0,0,False,0,,0
r3-1501201,392,5,1,4,1,409d310f3b3891f528b8170b9afd3dc0290629569a4ad7ba2fa93cf5dcdd6afb,False,"[""MOVED_LEFT""]",,0,0,False,0,,0
r3-1501201,393,4,1,5,1,409d310f3b3891f528b8170b9afd3dc0290629569a4ad7ba2fa93cf5dcdd6afb,False,"[""MOVED_RIGHT""]",,0,0,False,0,,0
r3-1501201,394,5,1,4,1,409d310f3b3891f528b8170b9afd3dc0290629569a4ad7ba2fa93cf5dcdd6afb,False,"[""MOVED_LEFT""]",,0,0,False,0,,0
r3-1501201,395,4,1,5,1,409d310f3b3891f528b8170b9afd3dc0290629569a4ad7ba2fa93cf5dcdd6afb,False,"[""MOVED_RIGHT""]",,0,0,False,0,,0
r3-1501201,396,5,1,4,1,409d310f3b3891f528b8170b9afd3dc0290629569a4ad7ba2fa93cf5dcdd6afb,False,"[""MOVED_LEFT""]",,0,0,False,0,,0
r3-1501201,397,4,1,5,1,409d310f3b3891f528b8170b9afd3dc0290629569a4ad7ba2fa93cf5dcdd6afb,False,"[""MOVED_RIGHT""]",,0,0,False,0,,0
r3-1501201,398,5,1,4,1,409d310f3b3891f528b8170b9afd3dc0290629569a4ad7ba2fa93cf5dcdd6afb,False,"[""MOVED_LEFT""]",,0,0,False,0,,0
r3-1501201,399,4,1,5,1,409d310f3b3891f528b8170b9afd3dc0290629569a4ad7ba2fa93cf5dcdd6afb,False,"[""MOVED_RIGHT""]",,0,0,False,0,,0
r3-1501201,400,5,1,4,1,409d310f3b3891f528b8170b9afd3dc0290629569a4ad7ba2fa93cf5dcdd6afb,False,"[""MOVED_LEFT"",""SURVIVED_ROUND""]",,0,0,False,0,,0
r4-1501101,1,15,1,14,1,ba0d3229fa8d0c3f154b984c6e098c42088c23f9c750e4ad28c013c1f9da22bb,False,"[""MOVED_LEFT""]",14,0,0,False,3,,0
r4-1501101,2,14,1,14,1,ba0d3229fa8d0c3f154b984c6e098c42088c23f9c750e4ad28c013c1f9da22bb,False,"[""BOMB_DROPPED""]",12,0,0,False,3,,0
r4-1501101,3,14,1,14,1,ba0d3229fa8d0c3f154b984c6e098c42088c23f9c750e4ad28c013c1f9da22bb,True,"[""WAITED""]",12,0,0,False,3,,0
r4-1501101,4,14,1,14,1,ba0d3229fa8d0c3f154b984c6e098c42088c23f9c750e4ad28c013c1f9da22bb,True,"[""WAITED""]",12,0,0,False,3,,0
r4-1501101,5,14,1,15,1,ba0d3229fa8d0c3f154b984c6e098c42088c23f9c750e4ad28c013c1f9da22bb,True,"[""MOVED_RIGHT""]",12,0,0,False,3,,0
r4-1501101,6,15,1,15,2,ba0d3229fa8d0c3f154b984c6e098c42088c23f9c750e4ad28c013c1f9da22bb,True,"[""MOVED_DOWN"",""BOMB_EXPLODED"",""CRATE_DESTROYED"",""CRATE_DESTROYED"",""CRATE_DESTROYED""]",13,0,0,False,3,,0
r4-1501101,7,15,2,15,2,f19edb06f0a26cfeae7d5cfcb96dafb252e3b075fab4386f909d4e79ab8ba27e,True,"[""WAITED""]",14,0,0,False,3,,0
r4-1501101,8,15,2,15,1,f19edb06f0a26cfeae7d5cfcb96dafb252e3b075fab4386f909d4e79ab8ba27e,False,"[""MOVED_UP""]",15,0,0,False,3,,0
r4-1501101,9,15,1,15,1,f19edb06f0a26cfeae7d5cfcb96dafb252e3b075fab4386f909d4e79ab8ba27e,False,"[""BOMB_DROPPED""]",15,0,0,False,2,,0
r4-1501101,10,15,1,14,1,f19edb06f0a26cfeae7d5cfcb96dafb252e3b075fab4386f909d4e79ab8ba27e,True,"[""MOVED_LEFT""]",15,0,0,False,2,,0
r4-1501101,11,14,1,13,1,f19edb06f0a26cfeae7d5cfcb96dafb252e3b075fab4386f909d4e79ab8ba27e,True,"[""MOVED_LEFT""]",14,0,0,False,0,,0
r4-1501101,12,13,1,12,1,f19edb06f0a26cfeae7d5cfcb96dafb252e3b075fab4386f909d4e79ab8ba27e,True,"[""MOVED_LEFT""]",13,0,0,False,3,,0
r4-1501101,13,12,1,11,1,f19edb06f0a26cfeae7d5cfcb96dafb252e3b075fab4386f909d4e79ab8ba27e,True,"[""MOVED_LEFT"",""BOMB_EXPLODED"",""CRATE_DESTROYED"",""CRATE_DESTROYED""]",11,0,0,False,2,,0
r4-1501101,14,11,1,11,1,8fb070854beec080f8b2466d1eaabdf3094a234cf1929fcc1d2b0a6cc9565a06,True,"[""WAITED""]",10,0,0,False,3,,0
r4-1501101,15,11,1,11,1,8fb070854beec080f8b2466d1eaabdf3094a234cf1929fcc1d2b0a6cc9565a06,False,"[""WAITED""]",10,0,0,False,3,,0
r4-1501101,16,11,1,11,1,8fb070854beec080f8b2466d1eaabdf3094a234cf1929fcc1d2b0a6cc9565a06,False,"[""BOMB_DROPPED""]",11,0,0,False,3,,0
r4-1501101,17,11,1,12,1,8fb070854beec080f8b2466d1eaabdf3094a234cf1929fcc1d2b0a6cc9565a06,True,"[""MOVED_RIGHT""]",11,0,0,False,3,,0
r4-1501101,18,12,1,13,1,8fb070854beec080f8b2466d1eaabdf3094a234cf1929fcc1d2b0a6cc9565a06,True,"[""MOVED_RIGHT""]",12,0,0,False,2,,0
r4-1501101,19,13,1,14,1,8fb070854beec080f8b2466d1eaabdf3094a234cf1929fcc1d2b0a6cc9565a06,True,"[""MOVED_RIGHT""]",12,0,0,False,3,,0
r4-1501101,20,14,1,15,1,8fb070854beec080f8b2466d1eaabdf3094a234cf1929fcc1d2b0a6cc9565a06,True,"[""MOVED_RIGHT"",""BOMB_EXPLODED"",""CRATE_DESTROYED"",""CRATE_DESTROYED"",""CRATE_DESTROYED"",""CRATE_DESTROYED""]",14,0,0,False,0,,0
r4-1501101,21,15,1,15,1,84c11310bdd69bc5a6226764a019240af57b7bdf2cc0fbc484bf8615c70da9ff,True,"[""WAITED""]",15,0,0,False,0,,0
r4-1501101,22,15,1,15,2,84c11310bdd69bc5a6226764a019240af57b7bdf2cc0fbc484bf8615c70da9ff,False,"[""MOVED_DOWN""]",14,0,0,False,0,,0
r4-1501101,23,15,2,15,2,84c11310bdd69bc5a6226764a019240af57b7bdf2cc0fbc484bf8615c70da9ff,False,"[""BOMB_DROPPED""]",15,0,0,False,1,,0
r4-1501101,24,15,2,15,2,84c11310bdd69bc5a6226764a019240af57b7bdf2cc0fbc484bf8615c70da9ff,True,"[""WAITED""]",14,0,0,False,1,,0
r4-1501101,25,15,2,15,2,84c11310bdd69bc5a6226764a019240af57b7bdf2cc0fbc484bf8615c70da9ff,True,"[""WAITED""]",15,0,0,False,1,,0
r4-1501101,26,15,2,15,1,84c11310bdd69bc5a6226764a019240af57b7bdf2cc0fbc484bf8615c70da9ff,True,"[""MOVED_UP""]",15,0,0,False,1,,0
r4-1501101,27,15,1,14,1,84c11310bdd69bc5a6226764a019240af57b7bdf2cc0fbc484bf8615c70da9ff,True,"[""MOVED_LEFT"",""BOMB_EXPLODED"",""CRATE_DESTROYED""]",14,0,0,False,0,,0
r4-1501101,28,14,1,13,1,afae467d2f5021f957562254aa4a9d083b4aefbaef2cc619772f48b8fbcdaa43,True,"[""MOVED_LEFT""]",13,0,0,False,0,,0
r4-1501101,29,13,1,13,1,afae467d2f5021f957562254aa4a9d083b4aefbaef2cc619772f48b8fbcdaa43,False,"[""WAITED""]",11,0,0,False,3,,0
r4-1501101,30,13,1,13,1,afae467d2f5021f957562254aa4a9d083b4aefbaef2cc619772f48b8fbcdaa43,False,"[""BOMB_DROPPED""]",11,0,0,False,3,,0
r4-1501101,31,13,1,13,1,afae467d2f5021f957562254aa4a9d083b4aefbaef2cc619772f48b8fbcdaa43,True,"[""WAITED""]",11,0,0,False,3,,0
r4-1501101,32,13,1,14,1,afae467d2f5021f957562254aa4a9d083b4aefbaef2cc619772f48b8fbcdaa43,True,"[""MOVED_RIGHT""]",11,0,0,False,3,,0
r4-1501101,33,14,1,15,1,afae467d2f5021f957562254aa4a9d083b4aefbaef2cc619772f48b8fbcdaa43,True,"[""MOVED_RIGHT""]",12,0,0,False,0,,0
r4-1501101,34,15,1,15,2,afae467d2f5021f957562254aa4a9d083b4aefbaef2cc619772f48b8fbcdaa43,True,"[""MOVED_DOWN"",""BOMB_EXPLODED"",""CRATE_DESTROYED"",""CRATE_DESTROYED"",""CRATE_DESTROYED""]",13,0,0,False,0,,0
r4-1501101,35,15,2,15,3,937b3a10653de64bd0d18ba84828b7e84803c9de09d56f0711f8c9bea5f9ef60,True,"[""MOVED_DOWN""]",14,0,0,False,0,,0
r4-1501101,36,15,3,15,3,937b3a10653de64bd0d18ba84828b7e84803c9de09d56f0711f8c9bea5f9ef60,False,"[""WAITED""]",16,0,0,False,2,,0
r4-1501101,37,15,3,15,3,937b3a10653de64bd0d18ba84828b7e84803c9de09d56f0711f8c9bea5f9ef60,False,"[""BOMB_DROPPED""]",16,0,0,False,2,,0
r4-1501101,38,15,3,15,3,937b3a10653de64bd0d18ba84828b7e84803c9de09d56f0711f8c9bea5f9ef60,True,"[""WAITED""]",15,0,0,False,2,,0
r4-1501101,39,15,3,15,2,937b3a10653de64bd0d18ba84828b7e84803c9de09d56f0711f8c9bea5f9ef60,True,"[""MOVED_UP""]",15,0,0,False,2,,0
r4-1501101,40,15,2,15,1,937b3a10653de64bd0d18ba84828b7e84803c9de09d56f0711f8c9bea5f9ef60,True,"[""MOVED_UP""]",14,0,0,False,0,,0
r4-1501101,41,15,1,14,1,937b3a10653de64bd0d18ba84828b7e84803c9de09d56f0711f8c9bea5f9ef60,True,"[""MOVED_LEFT"",""BOMB_EXPLODED"",""CRATE_DESTROYED"",""COIN_FOUND"",""CRATE_DESTROYED""]",14,0,0,False,0,,0
r4-1501101,42,14,1,14,1,e3140c42780dec00c72aba8eaf044ff6e40da79600c2783b3247fb3159658bb4,True,"[""WAITED""]",14,0,0,False,0,,0
r4-1501101,43,14,1,13,1,e3140c42780dec00c72aba8eaf044ff6e40da79600c2783b3247fb3159658bb4,False,"[""MOVED_LEFT""]",14,0,0,False,0,,0
r4-1501101,44,13,1,13,1,e3140c42780dec00c72aba8eaf044ff6e40da79600c2783b3247fb3159658bb4,False,"[""BOMB_DROPPED""]",12,0,0,False,0,,-0.5
r4-1501101,45,13,1,13,1,e3140c42780dec00c72aba8eaf044ff6e40da79600c2783b3247fb3159658bb4,True,"[""WAITED""]",11,0,0,False,0,,0
r4-1501101,46,13,1,14,1,e3140c42780dec00c72aba8eaf044ff6e40da79600c2783b3247fb3159658bb4,True,"[""MOVED_RIGHT""]",11,0,0,False,0,,0
r4-1501101,47,14,1,15,1,e3140c42780dec00c72aba8eaf044ff6e40da79600c2783b3247fb3159658bb4,True,"[""MOVED_RIGHT""]",12,0,0,False,0,,0
r4-1501101,48,15,1,15,2,e3140c42780dec00c72aba8eaf044ff6e40da79600c2783b3247fb3159658bb4,True,"[""MOVED_DOWN"",""BOMB_EXPLODED""]",13,0,0,False,0,,0
r4-1501101,49,15,2,15,3,e3140c42780dec00c72aba8eaf044ff6e40da79600c2783b3247fb3159658bb4,True,"[""MOVED_DOWN""]",14,0,0,False,0,,0
r4-1501101,50,15,3,14,3,e3140c42780dec00c72aba8eaf044ff6e40da79600c2783b3247fb3159658bb4,False,"[""MOVED_LEFT"",""COIN_COLLECTED""]",15,0,0,False,0,,0
r4-1501101,51,14,3,13,3,1a9453921a0f32a78aa781592e2f7a4c39cf235e9dabfd77edfb26a0704c3666,False,"[""MOVED_LEFT""]",14,0,0,False,0,,0
r4-1501101,52,13,3,13,3,1a9453921a0f32a78aa781592e2f7a4c39cf235e9dabfd77edfb26a0704c3666,False,"[""BOMB_DROPPED""]",13,0,0,False,3,,0
r4-1501101,53,13,3,13,3,1a9453921a0f32a78aa781592e2f7a4c39cf235e9dabfd77edfb26a0704c3666,True,"[""WAITED""]",13,0,0,False,3,,0
r4-1501101,54,13,3,13,2,1a9453921a0f32a78aa781592e2f7a4c39cf235e9dabfd77edfb26a0704c3666,True,"[""MOVED_UP""]",14,0,0,False,3,,0
r4-1501101,55,13,2,13,1,1a9453921a0f32a78aa781592e2f7a4c39cf235e9dabfd77edfb26a0704c3666,True,"[""MOVED_UP""]",12,0,0,False,1,,0
r4-1501101,56,13,1,12,1,1a9453921a0f32a78aa781592e2f7a4c39cf235e9dabfd77edfb26a0704c3666,True,"[""MOVED_LEFT"",""BOMB_EXPLODED"",""CRATE_DESTROYED"",""CRATE_DESTROYED"",""CRATE_DESTROYED""]",13,0,0,False,0,,0
r4-1501101,57,12,1,11,1,fad6be1f4a0ceb66f3fa4d7289ef2ccbbe704e7ec48f54d86429f21c429b49d8,True,"[""MOVED_LEFT""]",12,0,0,False,0,,0
r4-1501101,58,11,1,11,1,fad6be1f4a0ceb66f3fa4d7289ef2ccbbe704e7ec48f54d86429f21c429b49d8,False,"[""WAITED""]",11,0,0,False,0,,0
r4-1501101,59,11,1,11,1,fad6be1f4a0ceb66f3fa4d7289ef2ccbbe704e7ec48f54d86429f21c429b49d8,False,"[""BOMB_DROPPED""]",11,0,0,False,0,,-0.5
r4-1501101,60,11,1,11,1,fad6be1f4a0ceb66f3fa4d7289ef2ccbbe704e7ec48f54d86429f21c429b49d8,True,"[""WAITED""]",11,0,0,False,0,,0
r4-1501101,61,11,1,12,1,fad6be1f4a0ceb66f3fa4d7289ef2ccbbe704e7ec48f54d86429f21c429b49d8,True,"[""MOVED_RIGHT""]",10,0,0,False,0,,0
r4-1501101,62,12,1,13,1,fad6be1f4a0ceb66f3fa4d7289ef2ccbbe704e7ec48f54d86429f21c429b49d8,True,"[""MOVED_RIGHT""]",11,0,0,False,0,,0
r4-1501101,63,13,1,13,2,fad6be1f4a0ceb66f3fa4d7289ef2ccbbe704e7ec48f54d86429f21c429b49d8,True,"[""MOVED_DOWN"",""BOMB_EXPLODED""]",13,0,0,False,0,,0
r4-1501101,64,13,2,13,3,fad6be1f4a0ceb66f3fa4d7289ef2ccbbe704e7ec48f54d86429f21c429b49d8,True,"[""MOVED_DOWN""]",13,0,0,False,0,,0
r4-1501101,65,13,3,13,3,fad6be1f4a0ceb66f3fa4d7289ef2ccbbe704e7ec48f54d86429f21c429b49d8,False,"[""WAITED""]",13,0,0,False,0,,0
r4-1501101,66,13,3,13,3,fad6be1f4a0ceb66f3fa4d7289ef2ccbbe704e7ec48f54d86429f21c429b49d8,False,"[""BOMB_DROPPED""]",14,0,0,False,0,,-0.5
r4-1501101,67,13,3,13,3,fad6be1f4a0ceb66f3fa4d7289ef2ccbbe704e7ec48f54d86429f21c429b49d8,True,"[""WAITED""]",13,0,0,False,0,,0
r4-1501101,68,13,3,12,3,fad6be1f4a0ceb66f3fa4d7289ef2ccbbe704e7ec48f54d86429f21c429b49d8,True,"[""MOVED_LEFT""]",14,0,0,False,0,,0
r4-1501101,69,12,3,11,3,fad6be1f4a0ceb66f3fa4d7289ef2ccbbe704e7ec48f54d86429f21c429b49d8,True,"[""MOVED_LEFT""]",12,0,0,False,0,,0
r4-1501101,70,11,3,11,4,fad6be1f4a0ceb66f3fa4d7289ef2ccbbe704e7ec48f54d86429f21c429b49d8,True,"[""MOVED_DOWN"",""BOMB_EXPLODED""]",12,0,0,False,2,,0
r4-1501101,71,11,4,11,4,fad6be1f4a0ceb66f3fa4d7289ef2ccbbe704e7ec48f54d86429f21c429b49d8,True,"[""WAITED""]",12,0,0,False,2,,0
r4-1501101,72,11,4,11,3,fad6be1f4a0ceb66f3fa4d7289ef2ccbbe704e7ec48f54d86429f21c429b49d8,False,"[""MOVED_UP""]",12,0,0,False,2,,0
r4-1501101,73,11,3,11,3,fad6be1f4a0ceb66f3fa4d7289ef2ccbbe704e7ec48f54d86429f21c429b49d8,False,"[""BOMB_DROPPED""]",11,0,0,False,2,,0
r4-1501101,74,11,3,11,3,fad6be1f4a0ceb66f3fa4d7289ef2ccbbe704e7ec48f54d86429f21c429b49d8,True,"[""WAITED""]",11,0,0,False,2,,0
r4-1501101,75,11,3,11,2,fad6be1f4a0ceb66f3fa4d7289ef2ccbbe704e7ec48f54d86429f21c429b49d8,True,"[""MOVED_UP""]",11,0,0,False,2,,0
r4-1501101,76,11,2,11,1,fad6be1f4a0ceb66f3fa4d7289ef2ccbbe704e7ec48f54d86429f21c429b49d8,True,"[""MOVED_UP""]",10,0,0,False,1,,0
r4-1501101,77,11,1,10,1,fad6be1f4a0ceb66f3fa4d7289ef2ccbbe704e7ec48f54d86429f21c429b49d8,True,"[""MOVED_LEFT"",""BOMB_EXPLODED"",""CRATE_DESTROYED"",""CRATE_DESTROYED""]",9,0,0,False,0,,0
r4-1501101,78,10,1,9,1,2b599347def21d1af73eb44e15e80f0a9433221c7a721b4f5aab7f14ab2e10e8,True,"[""MOVED_LEFT""]",9,0,0,False,1,,0
r4-1501101,79,9,1,9,1,2b599347def21d1af73eb44e15e80f0a9433221c7a721b4f5aab7f14ab2e10e8,False,"[""WAITED""]",8,0,0,False,3,,0
r4-1501101,80,9,1,9,1,2b599347def21d1af73eb44e15e80f0a9433221c7a721b4f5aab7f14ab2e10e8,False,"[""BOMB_DROPPED""]",7,0,0,False,3,,0
r4-1501101,81,9,1,9,1,2b599347def21d1af73eb44e15e80f0a9433221c7a721b4f5aab7f14ab2e10e8,True,"[""WAITED""]",8,0,0,False,3,,0
r4-1501101,82,9,1,10,1,2b599347def21d1af73eb44e15e80f0a9433221c7a721b4f5aab7f14ab2e10e8,True,"[""MOVED_RIGHT""]",8,0,0,False,3,,0
r4-1501101,83,10,1,11,1,2b599347def21d1af73eb44e15e80f0a9433221c7a721b4f5aab7f14ab2e10e8,True,"[""MOVED_RIGHT""]",9,0,0,False,1,,0
r4-1501101,84,11,1,11,2,2b599347def21d1af73eb44e15e80f0a9433221c7a721b4f5aab7f14ab2e10e8,True,"[""MOVED_DOWN"",""BOMB_EXPLODED"",""CRATE_DESTROYED"",""COIN_FOUND"",""CRATE_DESTROYED"",""CRATE_DESTROYED""]",11,0,0,False,0,,0
r4-1501101,85,11,2,11,2,d33de503c083670fb8333be2dc22713e5013cde8a49d85dd67ffe9f34caa2005,True,"[""WAITED""]",10,0,0,False,0,,0
r4-1501101,86,11,2,11,3,d33de503c083670fb8333be2dc22713e5013cde8a49d85dd67ffe9f34caa2005,False,"[""MOVED_DOWN""]",11,0,0,False,0,,0
r4-1501101,87,11,3,10,3,d33de503c083670fb8333be2dc22713e5013cde8a49d85dd67ffe9f34caa2005,False,"[""MOVED_LEFT""]",12,0,0,False,0,,0
r4-1501101,88,10,3,9,3,d33de503c083670fb8333be2dc22713e5013cde8a49d85dd67ffe9f34caa2005,False,"[""MOVED_LEFT""]",11,0,0,False,1,,0
r4-1501101,89,9,3,9,3,d33de503c083670fb8333be2dc22713e5013cde8a49d85dd67ffe9f34caa2005,False,"[""BOMB_DROPPED""]",9,0,0,False,3,,0
r4-1501101,90,9,3,9,2,d33de503c083670fb8333be2dc22713e5013cde8a49d85dd67ffe9f34caa2005,True,"[""MOVED_UP""]",10,0,0,False,3,,0
r4-1501101,91,9,2,9,1,d33de503c083670fb8333be2dc22713e5013cde8a49d85dd67ffe9f34caa2005,True,"[""MOVED_UP""]",8,0,0,False,1,,0
r4-1501101,92,9,1,8,1,d33de503c083670fb8333be2dc22713e5013cde8a49d85dd67ffe9f34caa2005,True,"[""MOVED_LEFT""]",8,0,0,False,0,,0
r4-1501101,93,8,1,7,1,d33de503c083670fb8333be2dc22713e5013cde8a49d85dd67ffe9f34caa2005,True,"[""MOVED_LEFT"",""COIN_COLLECTED"",""BOMB_EXPLODED"",""CRATE_DESTROYED"",""CRATE_DESTROYED"",""CRATE_DESTROYED"",""CRATE_DESTROYED""]",8,0,0,False,1,,0
r4-1501101,94,7,1,7,1,bb7a9c5cf513e9c1161de78ac15f7352f96488498ed0ec6d52c5c711a670133e,True,"[""WAITED""]",7,0,0,False,3,,0
r4-1501101,95,7,1,7,1,bb7a9c5cf513e9c1161de78ac15f7352f96488498ed0ec6d52c5c711a670133e,False,"[""WAITED""]",7,0,0,False,3,,0
r4-1501101,96,7,1,7,1,bb7a9c5cf513e9c1161de78ac15f7352f96488498ed0ec6d52c5c711a670133e,False,"[""BOMB_DROPPED""]",7,0,0,False,3,,0
r4-1501101,97,7,1,7,1,bb7a9c5cf513e9c1161de78ac15f7352f96488498ed0ec6d52c5c711a670133e,True,"[""WAITED""]",6,0,0,False,3,,0
r4-1501101,98,7,1,8,1,bb7a9c5cf513e9c1161de78ac15f7352f96488498ed0ec6d52c5c711a670133e,True,"[""MOVED_RIGHT""]",6,0,0,False,3,,0
r4-1501101,99,8,1,9,1,bb7a9c5cf513e9c1161de78ac15f7352f96488498ed0ec6d52c5c711a670133e,True,"[""MOVED_RIGHT""]",6,0,0,False,1,,0
r4-1501101,100,9,1,9,2,bb7a9c5cf513e9c1161de78ac15f7352f96488498ed0ec6d52c5c711a670133e,True,"[""MOVED_DOWN"",""BOMB_EXPLODED"",""CRATE_DESTROYED"",""CRATE_DESTROYED"",""CRATE_DESTROYED""]",7,0,0,False,0,,0
r4-1501101,101,9,2,9,3,762a274710270ec56307d4a3acebc59a656b4462f613ad9903d35e89c8eb1f03,True,"[""MOVED_DOWN""]",8,0,0,False,0,,0
r4-1501101,102,9,3,9,3,762a274710270ec56307d4a3acebc59a656b4462f613ad9903d35e89c8eb1f03,False,"[""WAITED""]",9,0,0,False,0,,0
r4-1501101,103,9,3,9,3,762a274710270ec56307d4a3acebc59a656b4462f613ad9903d35e89c8eb1f03,False,"[""BOMB_DROPPED""]",9,0,0,False,0,,-0.5
r4-1501101,104,9,3,9,3,762a274710270ec56307d4a3acebc59a656b4462f613ad9903d35e89c8eb1f03,True,"[""WAITED""]",9,0,0,False,0,,0
r4-1501101,105,9,3,9,4,762a274710270ec56307d4a3acebc59a656b4462f613ad9903d35e89c8eb1f03,True,"[""MOVED_DOWN""]",9,0,0,False,0,,0
r4-1501101,106,9,4,9,5,762a274710270ec56307d4a3acebc59a656b4462f613ad9903d35e89c8eb1f03,True,"[""MOVED_DOWN""]",11,0,0,False,0,,0
r4-1501101,107,9,5,8,5,762a274710270ec56307d4a3acebc59a656b4462f613ad9903d35e89c8eb1f03,True,"[""MOVED_LEFT"",""BOMB_EXPLODED""]",11,0,0,False,3,,0
r4-1501101,108,8,5,8,5,762a274710270ec56307d4a3acebc59a656b4462f613ad9903d35e89c8eb1f03,True,"[""WAITED""]",11,0,0,False,3,,0
r4-1501101,109,8,5,9,5,762a274710270ec56307d4a3acebc59a656b4462f613ad9903d35e89c8eb1f03,False,"[""MOVED_RIGHT""]",11,0,0,False,3,,0
r4-1501101,110,9,5,9,5,762a274710270ec56307d4a3acebc59a656b4462f613ad9903d35e89c8eb1f03,False,"[""BOMB_DROPPED""]",12,0,0,False,3,,0
r4-1501101,111,9,5,9,5,762a274710270ec56307d4a3acebc59a656b4462f613ad9903d35e89c8eb1f03,True,"[""WAITED""]",12,0,0,False,3,,0
r4-1501101,112,9,5,9,4,762a274710270ec56307d4a3acebc59a656b4462f613ad9903d35e89c8eb1f03,True,"[""MOVED_UP""]",11,0,0,False,3,,0
r4-1501101,113,9,4,9,3,762a274710270ec56307d4a3acebc59a656b4462f613ad9903d35e89c8eb1f03,True,"[""MOVED_UP""]",10,0,0,False,0,,0
r4-1501101,114,9,3,8,3,762a274710270ec56307d4a3acebc59a656b4462f613ad9903d35e89c8eb1f03,True,"[""MOVED_LEFT"",""BOMB_EXPLODED"",""CRATE_DESTROYED"",""COIN_FOUND"",""CRATE_DESTROYED"",""CRATE_DESTROYED"",""CRATE_DESTROYED"",""CRATE_DESTROYED"",""COIN_FOUND""]",9,0,0,False,0,,0
r4-1501101,115,8,3,8,3,11a00df83b439e9dd0a37fa0c250b9ccfb840672ceb2910bde29abc987f996e0,True,"[""WAITED""]",9,0,0,False,0,,0
r4-1501101,116,8,3,9,3,11a00df83b439e9dd0a37fa0c250b9ccfb840672ceb2910bde29abc987f996e0,False,"[""MOVED_RIGHT""]",8,0,0,False,0,,0
r4-1501101,117,9,3,10,3,11a00df83b439e9dd0a37fa0c250b9ccfb840672ceb2910bde29abc987f996e0,False,"[""MOVED_RIGHT""]",10,0,0,False,0,,0
r4-1501101,118,10,3,9,3,11a00df83b439e9dd0a37fa0c250b9ccfb840672ceb2910bde29abc987f996e0,False,"[""MOVED_LEFT""]",10,0,0,False,0,,0
r4-1501101,119,9,3,10,3,11a00df83b439e9dd0a37fa0c250b9ccfb840672ceb2910bde29abc987f996e0,False,"[""MOVED_RIGHT""]",9,0,0,False,0,,0
r4-1501101,120,10,3,9,3,11a00df83b439e9dd0a37fa0c250b9ccfb840672ceb2910bde29abc987f996e0,False,"[""MOVED_LEFT""]",10,0,0,False,0,,0
r4-1501101,121,9,3,10,3,11a00df83b439e9dd0a37fa0c250b9ccfb840672ceb2910bde29abc987f996e0,False,"[""MOVED_RIGHT""]",10,0,0,False,0,,0
r4-1501101,122,10,3,9,3,11a00df83b439e9dd0a37fa0c250b9ccfb840672ceb2910bde29abc987f996e0,False,"[""MOVED_LEFT""]",10,0,0,False,0,,0
r4-1501101,123,9,3,10,3,11a00df83b439e9dd0a37fa0c250b9ccfb840672ceb2910bde29abc987f996e0,False,"[""MOVED_RIGHT""]",9,0,0,False,0,,0
r4-1501101,124,10,3,9,3,11a00df83b439e9dd0a37fa0c250b9ccfb840672ceb2910bde29abc987f996e0,False,"[""MOVED_LEFT""]",11,0,0,False,0,,0
r4-1501101,125,9,3,10,3,11a00df83b439e9dd0a37fa0c250b9ccfb840672ceb2910bde29abc987f996e0,False,"[""MOVED_RIGHT""]",9,0,0,False,0,,0
r4-1501101,126,10,3,9,3,11a00df83b439e9dd0a37fa0c250b9ccfb840672ceb2910bde29abc987f996e0,False,"[""MOVED_LEFT""]",10,0,0,False,0,,0
r4-1501101,127,9,3,10,3,11a00df83b439e9dd0a37fa0c250b9ccfb840672ceb2910bde29abc987f996e0,False,"[""MOVED_RIGHT""]",9,0,0,False,0,,0
r4-1501101,128,10,3,9,3,11a00df83b439e9dd0a37fa0c250b9ccfb840672ceb2910bde29abc987f996e0,False,"[""MOVED_LEFT""]",10,0,0,False,0,,0
r4-1501101,129,9,3,10,3,11a00df83b439e9dd0a37fa0c250b9ccfb840672ceb2910bde29abc987f996e0,False,"[""MOVED_RIGHT""]",9,0,0,False,0,,0
r4-1501101,130,10,3,9,3,11a00df83b439e9dd0a37fa0c250b9ccfb840672ceb2910bde29abc987f996e0,False,"[""MOVED_LEFT""]",11,0,0,False,0,,0
r4-1501101,131,9,3,10,3,11a00df83b439e9dd0a37fa0c250b9ccfb840672ceb2910bde29abc987f996e0,False,"[""MOVED_RIGHT""]",10,0,0,False,0,,0
r4-1501101,132,10,3,9,3,11a00df83b439e9dd0a37fa0c250b9ccfb840672ceb2910bde29abc987f996e0,False,"[""MOVED_LEFT""]",10,0,0,False,0,,0
r4-1501101,133,9,3,10,3,11a00df83b439e9dd0a37fa0c250b9ccfb840672ceb2910bde29abc987f996e0,False,"[""MOVED_RIGHT""]",9,0,0,False,0,,0
r4-1501101,134,10,3,9,3,11a00df83b439e9dd0a37fa0c250b9ccfb840672ceb2910bde29abc987f996e0,False,"[""MOVED_LEFT""]",11,0,0,False,0,,0
r4-1501101,135,9,3,10,3,11a00df83b439e9dd0a37fa0c250b9ccfb840672ceb2910bde29abc987f996e0,False,"[""MOVED_RIGHT""]",10,0,0,False,0,,0
r4-1501101,136,10,3,9,3,11a00df83b439e9dd0a37fa0c250b9ccfb840672ceb2910bde29abc987f996e0,False,"[""MOVED_LEFT""]",11,0,0,False,0,,0
r4-1501101,137,9,3,10,3,11a00df83b439e9dd0a37fa0c250b9ccfb840672ceb2910bde29abc987f996e0,False,"[""MOVED_RIGHT""]",9,0,0,False,0,,0
r4-1501101,138,10,3,9,3,11a00df83b439e9dd0a37fa0c250b9ccfb840672ceb2910bde29abc987f996e0,False,"[""MOVED_LEFT""]",10,0,0,False,0,,0
r4-1501101,139,9,3,10,3,11a00df83b439e9dd0a37fa0c250b9ccfb840672ceb2910bde29abc987f996e0,False,"[""MOVED_RIGHT""]",9,0,0,False,0,,0
r4-1501101,140,10,3,9,3,11a00df83b439e9dd0a37fa0c250b9ccfb840672ceb2910bde29abc987f996e0,False,"[""MOVED_LEFT""]",10,0,0,False,0,,0
r4-1501101,141,9,3,10,3,11a00df83b439e9dd0a37fa0c250b9ccfb840672ceb2910bde29abc987f996e0,False,"[""MOVED_RIGHT""]",10,0,0,False,0,,0
r4-1501101,142,10,3,9,3,11a00df83b439e9dd0a37fa0c250b9ccfb840672ceb2910bde29abc987f996e0,False,"[""MOVED_LEFT""]",11,0,0,False,0,,0
r4-1501101,143,9,3,10,3,11a00df83b439e9dd0a37fa0c250b9ccfb840672ceb2910bde29abc987f996e0,False,"[""MOVED_RIGHT""]",9,0,0,False,0,,0
r4-1501101,144,10,3,9,3,11a00df83b439e9dd0a37fa0c250b9ccfb840672ceb2910bde29abc987f996e0,False,"[""MOVED_LEFT""]",11,0,0,False,0,,0
r4-1501101,145,9,3,10,3,11a00df83b439e9dd0a37fa0c250b9ccfb840672ceb2910bde29abc987f996e0,False,"[""MOVED_RIGHT""]",10,0,0,False,0,,0
r4-1501101,146,10,3,9,3,11a00df83b439e9dd0a37fa0c250b9ccfb840672ceb2910bde29abc987f996e0,False,"[""MOVED_LEFT""]",11,0,0,False,0,,0
r4-1501101,147,9,3,10,3,11a00df83b439e9dd0a37fa0c250b9ccfb840672ceb2910bde29abc987f996e0,False,"[""MOVED_RIGHT""]",9,0,0,False,0,,0
r4-1501101,148,10,3,9,3,11a00df83b439e9dd0a37fa0c250b9ccfb840672ceb2910bde29abc987f996e0,False,"[""MOVED_LEFT""]",10,0,0,False,0,,0
r4-1501101,149,9,3,10,3,11a00df83b439e9dd0a37fa0c250b9ccfb840672ceb2910bde29abc987f996e0,False,"[""MOVED_RIGHT""]",9,0,0,False,0,,0
r4-1501101,150,10,3,9,3,11a00df83b439e9dd0a37fa0c250b9ccfb840672ceb2910bde29abc987f996e0,False,"[""MOVED_LEFT""]",10,0,0,False,0,,0
r4-1501101,151,9,3,10,3,11a00df83b439e9dd0a37fa0c250b9ccfb840672ceb2910bde29abc987f996e0,False,"[""MOVED_RIGHT""]",10,0,0,False,0,,0
r4-1501101,152,10,3,9,3,11a00df83b439e9dd0a37fa0c250b9ccfb840672ceb2910bde29abc987f996e0,False,"[""MOVED_LEFT""]",10,0,0,False,0,,0
r4-1501101,153,9,3,10,3,11a00df83b439e9dd0a37fa0c250b9ccfb840672ceb2910bde29abc987f996e0,False,"[""MOVED_RIGHT""]",9,0,0,False,0,,0
r4-1501101,154,10,3,9,3,11a00df83b439e9dd0a37fa0c250b9ccfb840672ceb2910bde29abc987f996e0,False,"[""MOVED_LEFT""]",10,0,0,False,0,,0
r4-1501101,155,9,3,10,3,11a00df83b439e9dd0a37fa0c250b9ccfb840672ceb2910bde29abc987f996e0,False,"[""MOVED_RIGHT""]",9,0,0,False,0,,0
r4-1501101,156,10,3,9,3,11a00df83b439e9dd0a37fa0c250b9ccfb840672ceb2910bde29abc987f996e0,False,"[""MOVED_LEFT""]",10,0,0,False,0,,0
r4-1501101,157,9,3,10,3,11a00df83b439e9dd0a37fa0c250b9ccfb840672ceb2910bde29abc987f996e0,False,"[""MOVED_RIGHT""]",10,0,0,False,0,,0
r4-1501101,158,10,3,9,3,11a00df83b439e9dd0a37fa0c250b9ccfb840672ceb2910bde29abc987f996e0,False,"[""MOVED_LEFT""]",11,0,0,False,0,,0
r4-1501101,159,9,3,10,3,11a00df83b439e9dd0a37fa0c250b9ccfb840672ceb2910bde29abc987f996e0,False,"[""MOVED_RIGHT""]",9,0,0,False,0,,0
r4-1501101,160,10,3,9,3,11a00df83b439e9dd0a37fa0c250b9ccfb840672ceb2910bde29abc987f996e0,False,"[""MOVED_LEFT""]",10,0,0,False,0,,0
r4-1501101,161,9,3,10,3,11a00df83b439e9dd0a37fa0c250b9ccfb840672ceb2910bde29abc987f996e0,False,"[""MOVED_RIGHT""]",9,0,0,False,0,,0
r4-1501101,162,10,3,9,3,11a00df83b439e9dd0a37fa0c250b9ccfb840672ceb2910bde29abc987f996e0,False,"[""MOVED_LEFT""]",10,0,0,False,0,,0
r4-1501101,163,9,3,10,3,11a00df83b439e9dd0a37fa0c250b9ccfb840672ceb2910bde29abc987f996e0,False,"[""MOVED_RIGHT""]",9,0,0,False,0,,0
r4-1501101,164,10,3,9,3,11a00df83b439e9dd0a37fa0c250b9ccfb840672ceb2910bde29abc987f996e0,False,"[""MOVED_LEFT""]",11,0,0,False,0,,0
r4-1501101,165,9,3,10,3,11a00df83b439e9dd0a37fa0c250b9ccfb840672ceb2910bde29abc987f996e0,False,"[""MOVED_RIGHT""]",9,0,0,False,0,,0
r4-1501101,166,10,3,9,3,11a00df83b439e9dd0a37fa0c250b9ccfb840672ceb2910bde29abc987f996e0,False,"[""MOVED_LEFT""]",10,0,0,False,0,,0
r4-1501101,167,9,3,10,3,11a00df83b439e9dd0a37fa0c250b9ccfb840672ceb2910bde29abc987f996e0,False,"[""MOVED_RIGHT""]",9,0,0,False,0,,0
r4-1501101,168,10,3,9,3,11a00df83b439e9dd0a37fa0c250b9ccfb840672ceb2910bde29abc987f996e0,False,"[""MOVED_LEFT""]",10,0,0,False,0,,0
r4-1501101,169,9,3,10,3,11a00df83b439e9dd0a37fa0c250b9ccfb840672ceb2910bde29abc987f996e0,False,"[""MOVED_RIGHT""]",10,0,0,False,0,,0
r4-1501101,170,10,3,9,3,11a00df83b439e9dd0a37fa0c250b9ccfb840672ceb2910bde29abc987f996e0,False,"[""MOVED_LEFT""]",11,0,0,False,0,,0
r4-1501101,171,9,3,10,3,11a00df83b439e9dd0a37fa0c250b9ccfb840672ceb2910bde29abc987f996e0,False,"[""MOVED_RIGHT""]",10,0,0,False,0,,0
r4-1501101,172,10,3,9,3,11a00df83b439e9dd0a37fa0c250b9ccfb840672ceb2910bde29abc987f996e0,False,"[""MOVED_LEFT""]",10,0,0,False,0,,0
r4-1501101,173,9,3,10,3,11a00df83b439e9dd0a37fa0c250b9ccfb840672ceb2910bde29abc987f996e0,False,"[""MOVED_RIGHT""]",9,0,0,False,0,,0
r4-1501101,174,10,3,9,3,11a00df83b439e9dd0a37fa0c250b9ccfb840672ceb2910bde29abc987f996e0,False,"[""MOVED_LEFT""]",10,0,0,False,0,,0
r4-1501101,175,9,3,10,3,11a00df83b439e9dd0a37fa0c250b9ccfb840672ceb2910bde29abc987f996e0,False,"[""MOVED_RIGHT""]",9,0,0,False,0,,0
r4-1501101,176,10,3,9,3,11a00df83b439e9dd0a37fa0c250b9ccfb840672ceb2910bde29abc987f996e0,False,"[""MOVED_LEFT""]",10,0,0,False,0,,0
r4-1501101,177,9,3,10,3,11a00df83b439e9dd0a37fa0c250b9ccfb840672ceb2910bde29abc987f996e0,False,"[""MOVED_RIGHT""]",9,0,0,False,0,,0
r4-1501101,178,10,3,9,3,11a00df83b439e9dd0a37fa0c250b9ccfb840672ceb2910bde29abc987f996e0,False,"[""MOVED_LEFT""]",10,0,0,False,0,,0
r4-1501101,179,9,3,10,3,11a00df83b439e9dd0a37fa0c250b9ccfb840672ceb2910bde29abc987f996e0,False,"[""MOVED_RIGHT""]",9,0,0,False,0,,0
r4-1501101,180,10,3,9,3,11a00df83b439e9dd0a37fa0c250b9ccfb840672ceb2910bde29abc987f996e0,False,"[""MOVED_LEFT""]",10,0,0,False,0,,0
r4-1501101,181,9,3,10,3,11a00df83b439e9dd0a37fa0c250b9ccfb840672ceb2910bde29abc987f996e0,False,"[""MOVED_RIGHT""]",9,0,0,False,0,,0
r4-1501101,182,10,3,9,3,11a00df83b439e9dd0a37fa0c250b9ccfb840672ceb2910bde29abc987f996e0,False,"[""MOVED_LEFT""]",10,0,0,False,0,,0
r4-1501101,183,9,3,10,3,11a00df83b439e9dd0a37fa0c250b9ccfb840672ceb2910bde29abc987f996e0,False,"[""MOVED_RIGHT""]",9,0,0,False,0,,0
r4-1501101,184,10,3,9,3,11a00df83b439e9dd0a37fa0c250b9ccfb840672ceb2910bde29abc987f996e0,False,"[""MOVED_LEFT""]",10,0,0,False,0,,0
r4-1501101,185,9,3,10,3,11a00df83b439e9dd0a37fa0c250b9ccfb840672ceb2910bde29abc987f996e0,False,"[""MOVED_RIGHT""]",9,0,0,False,0,,0
r4-1501101,186,10,3,9,3,11a00df83b439e9dd0a37fa0c250b9ccfb840672ceb2910bde29abc987f996e0,False,"[""MOVED_LEFT""]",11,0,0,False,0,,0
r4-1501101,187,9,3,10,3,11a00df83b439e9dd0a37fa0c250b9ccfb840672ceb2910bde29abc987f996e0,False,"[""MOVED_RIGHT""]",10,0,0,False,0,,0
r4-1501101,188,10,3,9,3,11a00df83b439e9dd0a37fa0c250b9ccfb840672ceb2910bde29abc987f996e0,False,"[""MOVED_LEFT""]",11,0,0,False,0,,0
r4-1501101,189,9,3,10,3,11a00df83b439e9dd0a37fa0c250b9ccfb840672ceb2910bde29abc987f996e0,False,"[""MOVED_RIGHT""]",10,0,0,False,0,,0
r4-1501101,190,10,3,9,3,11a00df83b439e9dd0a37fa0c250b9ccfb840672ceb2910bde29abc987f996e0,False,"[""MOVED_LEFT""]",10,0,0,False,0,,0
r4-1501101,191,9,3,10,3,11a00df83b439e9dd0a37fa0c250b9ccfb840672ceb2910bde29abc987f996e0,False,"[""MOVED_RIGHT""]",9,0,0,False,0,,0
r4-1501101,192,10,3,9,3,11a00df83b439e9dd0a37fa0c250b9ccfb840672ceb2910bde29abc987f996e0,False,"[""MOVED_LEFT""]",11,0,0,False,0,,0
r4-1501101,193,9,3,10,3,11a00df83b439e9dd0a37fa0c250b9ccfb840672ceb2910bde29abc987f996e0,False,"[""MOVED_RIGHT""]",9,0,0,False,0,,0
r4-1501101,194,10,3,9,3,11a00df83b439e9dd0a37fa0c250b9ccfb840672ceb2910bde29abc987f996e0,False,"[""MOVED_LEFT""]",10,0,0,False,0,,0
r4-1501101,195,9,3,10,3,11a00df83b439e9dd0a37fa0c250b9ccfb840672ceb2910bde29abc987f996e0,False,"[""MOVED_RIGHT""]",10,0,0,False,0,,0
r4-1501101,196,10,3,9,3,11a00df83b439e9dd0a37fa0c250b9ccfb840672ceb2910bde29abc987f996e0,False,"[""MOVED_LEFT""]",10,0,0,False,0,,0
r4-1501101,197,9,3,10,3,11a00df83b439e9dd0a37fa0c250b9ccfb840672ceb2910bde29abc987f996e0,False,"[""MOVED_RIGHT""]",10,0,0,False,0,,0
r4-1501101,198,10,3,9,3,11a00df83b439e9dd0a37fa0c250b9ccfb840672ceb2910bde29abc987f996e0,False,"[""MOVED_LEFT""]",10,0,0,False,0,,0
r4-1501101,199,9,3,10,3,11a00df83b439e9dd0a37fa0c250b9ccfb840672ceb2910bde29abc987f996e0,False,"[""MOVED_RIGHT""]",9,0,0,False,0,,0
r4-1501101,200,10,3,9,3,11a00df83b439e9dd0a37fa0c250b9ccfb840672ceb2910bde29abc987f996e0,False,"[""MOVED_LEFT""]",10,0,0,False,0,,0
r4-1501101,201,9,3,10,3,11a00df83b439e9dd0a37fa0c250b9ccfb840672ceb2910bde29abc987f996e0,False,"[""MOVED_RIGHT""]",9,0,0,False,0,,0
r4-1501101,202,10,3,9,3,11a00df83b439e9dd0a37fa0c250b9ccfb840672ceb2910bde29abc987f996e0,False,"[""MOVED_LEFT""]",10,0,0,False,0,,0
r4-1501101,203,9,3,10,3,11a00df83b439e9dd0a37fa0c250b9ccfb840672ceb2910bde29abc987f996e0,False,"[""MOVED_RIGHT""]",9,0,0,False,0,,0
r4-1501101,204,10,3,9,3,11a00df83b439e9dd0a37fa0c250b9ccfb840672ceb2910bde29abc987f996e0,False,"[""MOVED_LEFT""]",10,0,0,False,0,,0
r4-1501101,205,9,3,10,3,11a00df83b439e9dd0a37fa0c250b9ccfb840672ceb2910bde29abc987f996e0,False,"[""MOVED_RIGHT""]",9,0,0,False,0,,0
r4-1501101,206,10,3,9,3,11a00df83b439e9dd0a37fa0c250b9ccfb840672ceb2910bde29abc987f996e0,False,"[""MOVED_LEFT""]",10,0,0,False,0,,0
r4-1501101,207,9,3,10,3,11a00df83b439e9dd0a37fa0c250b9ccfb840672ceb2910bde29abc987f996e0,False,"[""MOVED_RIGHT""]",9,0,0,False,0,,0
r4-1501101,208,10,3,9,3,11a00df83b439e9dd0a37fa0c250b9ccfb840672ceb2910bde29abc987f996e0,False,"[""MOVED_LEFT""]",11,0,0,False,0,,0
r4-1501101,209,9,3,10,3,11a00df83b439e9dd0a37fa0c250b9ccfb840672ceb2910bde29abc987f996e0,False,"[""MOVED_RIGHT""]",9,0,0,False,0,,0
r4-1501101,210,10,3,9,3,11a00df83b439e9dd0a37fa0c250b9ccfb840672ceb2910bde29abc987f996e0,False,"[""MOVED_LEFT""]",10,0,0,False,0,,0
r4-1501101,211,9,3,10,3,11a00df83b439e9dd0a37fa0c250b9ccfb840672ceb2910bde29abc987f996e0,False,"[""MOVED_RIGHT""]",10,0,0,False,0,,0
r4-1501101,212,10,3,9,3,11a00df83b439e9dd0a37fa0c250b9ccfb840672ceb2910bde29abc987f996e0,False,"[""MOVED_LEFT""]",10,0,0,False,0,,0
r4-1501101,213,9,3,10,3,11a00df83b439e9dd0a37fa0c250b9ccfb840672ceb2910bde29abc987f996e0,False,"[""MOVED_RIGHT""]",9,0,0,False,0,,0
r4-1501101,214,10,3,9,3,11a00df83b439e9dd0a37fa0c250b9ccfb840672ceb2910bde29abc987f996e0,False,"[""MOVED_LEFT""]",11,0,0,False,0,,0
r4-1501101,215,9,3,10,3,11a00df83b439e9dd0a37fa0c250b9ccfb840672ceb2910bde29abc987f996e0,False,"[""MOVED_RIGHT""]",9,0,0,False,0,,0
r4-1501101,216,10,3,9,3,11a00df83b439e9dd0a37fa0c250b9ccfb840672ceb2910bde29abc987f996e0,False,"[""MOVED_LEFT""]",10,0,0,False,0,,0
r4-1501101,217,9,3,10,3,11a00df83b439e9dd0a37fa0c250b9ccfb840672ceb2910bde29abc987f996e0,False,"[""MOVED_RIGHT""]",9,0,0,False,0,,0
r4-1501101,218,10,3,9,3,11a00df83b439e9dd0a37fa0c250b9ccfb840672ceb2910bde29abc987f996e0,False,"[""MOVED_LEFT""]",11,0,0,False,0,,0
r4-1501101,219,9,3,10,3,11a00df83b439e9dd0a37fa0c250b9ccfb840672ceb2910bde29abc987f996e0,False,"[""MOVED_RIGHT""]",10,0,0,False,0,,0
r4-1501101,220,10,3,9,3,11a00df83b439e9dd0a37fa0c250b9ccfb840672ceb2910bde29abc987f996e0,False,"[""MOVED_LEFT""]",10,0,0,False,0,,0
r4-1501101,221,9,3,10,3,11a00df83b439e9dd0a37fa0c250b9ccfb840672ceb2910bde29abc987f996e0,False,"[""MOVED_RIGHT""]",9,0,0,False,0,,0
r4-1501101,222,10,3,9,3,11a00df83b439e9dd0a37fa0c250b9ccfb840672ceb2910bde29abc987f996e0,False,"[""MOVED_LEFT""]",10,0,0,False,0,,0
r4-1501101,223,9,3,10,3,11a00df83b439e9dd0a37fa0c250b9ccfb840672ceb2910bde29abc987f996e0,False,"[""MOVED_RIGHT""]",9,0,0,False,0,,0
r4-1501101,224,10,3,9,3,11a00df83b439e9dd0a37fa0c250b9ccfb840672ceb2910bde29abc987f996e0,False,"[""MOVED_LEFT""]",10,0,0,False,0,,0
r4-1501101,225,9,3,10,3,11a00df83b439e9dd0a37fa0c250b9ccfb840672ceb2910bde29abc987f996e0,False,"[""MOVED_RIGHT""]",9,0,0,False,0,,0
r4-1501101,226,10,3,9,3,11a00df83b439e9dd0a37fa0c250b9ccfb840672ceb2910bde29abc987f996e0,False,"[""MOVED_LEFT""]",10,0,0,False,0,,0
r4-1501101,227,9,3,10,3,11a00df83b439e9dd0a37fa0c250b9ccfb840672ceb2910bde29abc987f996e0,False,"[""MOVED_RIGHT""]",9,0,0,False,0,,0
r4-1501101,228,10,3,9,3,11a00df83b439e9dd0a37fa0c250b9ccfb840672ceb2910bde29abc987f996e0,False,"[""MOVED_LEFT""]",11,0,0,False,0,,0
r4-1501101,229,9,3,10,3,11a00df83b439e9dd0a37fa0c250b9ccfb840672ceb2910bde29abc987f996e0,False,"[""MOVED_RIGHT""]",9,0,0,False,0,,0
r4-1501101,230,10,3,9,3,11a00df83b439e9dd0a37fa0c250b9ccfb840672ceb2910bde29abc987f996e0,False,"[""MOVED_LEFT""]",10,0,0,False,0,,0
r4-1501101,231,9,3,10,3,11a00df83b439e9dd0a37fa0c250b9ccfb840672ceb2910bde29abc987f996e0,False,"[""MOVED_RIGHT""]",10,0,0,False,0,,0
r4-1501101,232,10,3,9,3,11a00df83b439e9dd0a37fa0c250b9ccfb840672ceb2910bde29abc987f996e0,False,"[""MOVED_LEFT""]",10,0,0,False,0,,0
r4-1501101,233,9,3,10,3,11a00df83b439e9dd0a37fa0c250b9ccfb840672ceb2910bde29abc987f996e0,False,"[""MOVED_RIGHT""]",9,0,0,False,0,,0
r4-1501101,234,10,3,9,3,11a00df83b439e9dd0a37fa0c250b9ccfb840672ceb2910bde29abc987f996e0,False,"[""MOVED_LEFT""]",11,0,0,False,0,,0
r4-1501101,235,9,3,10,3,11a00df83b439e9dd0a37fa0c250b9ccfb840672ceb2910bde29abc987f996e0,False,"[""MOVED_RIGHT""]",9,0,0,False,0,,0
r4-1501101,236,10,3,9,3,11a00df83b439e9dd0a37fa0c250b9ccfb840672ceb2910bde29abc987f996e0,False,"[""MOVED_LEFT""]",10,0,0,False,0,,0
r4-1501101,237,9,3,10,3,11a00df83b439e9dd0a37fa0c250b9ccfb840672ceb2910bde29abc987f996e0,False,"[""MOVED_RIGHT""]",10,0,0,False,0,,0
r4-1501101,238,10,3,9,3,11a00df83b439e9dd0a37fa0c250b9ccfb840672ceb2910bde29abc987f996e0,False,"[""MOVED_LEFT""]",10,0,0,False,0,,0
r4-1501101,239,9,3,10,3,11a00df83b439e9dd0a37fa0c250b9ccfb840672ceb2910bde29abc987f996e0,False,"[""MOVED_RIGHT""]",9,0,0,False,0,,0
r4-1501101,240,10,3,9,3,11a00df83b439e9dd0a37fa0c250b9ccfb840672ceb2910bde29abc987f996e0,False,"[""MOVED_LEFT""]",10,0,0,False,0,,0
r4-1501101,241,9,3,10,3,11a00df83b439e9dd0a37fa0c250b9ccfb840672ceb2910bde29abc987f996e0,False,"[""MOVED_RIGHT""]",9,0,0,False,0,,0
r4-1501101,242,10,3,9,3,11a00df83b439e9dd0a37fa0c250b9ccfb840672ceb2910bde29abc987f996e0,False,"[""MOVED_LEFT""]",10,0,0,False,0,,0
r4-1501101,243,9,3,10,3,11a00df83b439e9dd0a37fa0c250b9ccfb840672ceb2910bde29abc987f996e0,False,"[""MOVED_RIGHT""]",9,0,0,False,0,,0
r4-1501101,244,10,3,9,3,11a00df83b439e9dd0a37fa0c250b9ccfb840672ceb2910bde29abc987f996e0,False,"[""MOVED_LEFT""]",10,0,0,False,0,,0
r4-1501101,245,9,3,10,3,11a00df83b439e9dd0a37fa0c250b9ccfb840672ceb2910bde29abc987f996e0,False,"[""MOVED_RIGHT""]",9,0,0,False,0,,0
r4-1501101,246,10,3,9,3,11a00df83b439e9dd0a37fa0c250b9ccfb840672ceb2910bde29abc987f996e0,False,"[""MOVED_LEFT""]",11,0,0,False,0,,0
r4-1501101,247,9,3,10,3,11a00df83b439e9dd0a37fa0c250b9ccfb840672ceb2910bde29abc987f996e0,False,"[""MOVED_RIGHT""]",9,0,0,False,0,,0
r4-1501101,248,10,3,9,3,11a00df83b439e9dd0a37fa0c250b9ccfb840672ceb2910bde29abc987f996e0,False,"[""MOVED_LEFT""]",10,0,0,False,0,,0
r4-1501101,249,9,3,10,3,11a00df83b439e9dd0a37fa0c250b9ccfb840672ceb2910bde29abc987f996e0,False,"[""MOVED_RIGHT""]",10,0,0,False,0,,0
r4-1501101,250,10,3,9,3,11a00df83b439e9dd0a37fa0c250b9ccfb840672ceb2910bde29abc987f996e0,False,"[""MOVED_LEFT""]",10,0,0,False,0,,0
r4-1501101,251,9,3,10,3,11a00df83b439e9dd0a37fa0c250b9ccfb840672ceb2910bde29abc987f996e0,False,"[""MOVED_RIGHT""]",9,0,0,False,0,,0
r4-1501101,252,10,3,9,3,11a00df83b439e9dd0a37fa0c250b9ccfb840672ceb2910bde29abc987f996e0,False,"[""MOVED_LEFT""]",10,0,0,False,0,,0
r4-1501101,253,9,3,10,3,11a00df83b439e9dd0a37fa0c250b9ccfb840672ceb2910bde29abc987f996e0,False,"[""MOVED_RIGHT""]",9,0,0,False,0,,0
r4-1501101,254,10,3,9,3,11a00df83b439e9dd0a37fa0c250b9ccfb840672ceb2910bde29abc987f996e0,False,"[""MOVED_LEFT""]",10,0,0,False,0,,0
r4-1501101,255,9,3,10,3,11a00df83b439e9dd0a37fa0c250b9ccfb840672ceb2910bde29abc987f996e0,False,"[""MOVED_RIGHT""]",9,0,0,False,0,,0
r4-1501101,256,10,3,9,3,11a00df83b439e9dd0a37fa0c250b9ccfb840672ceb2910bde29abc987f996e0,False,"[""MOVED_LEFT""]",10,0,0,False,0,,0
r4-1501101,257,9,3,10,3,11a00df83b439e9dd0a37fa0c250b9ccfb840672ceb2910bde29abc987f996e0,False,"[""MOVED_RIGHT""]",10,0,0,False,0,,0
r4-1501101,258,10,3,9,3,11a00df83b439e9dd0a37fa0c250b9ccfb840672ceb2910bde29abc987f996e0,False,"[""MOVED_LEFT""]",10,0,0,False,0,,0
r4-1501101,259,9,3,10,3,11a00df83b439e9dd0a37fa0c250b9ccfb840672ceb2910bde29abc987f996e0,False,"[""MOVED_RIGHT""]",9,0,0,False,0,,0
r4-1501101,260,10,3,9,3,11a00df83b439e9dd0a37fa0c250b9ccfb840672ceb2910bde29abc987f996e0,False,"[""MOVED_LEFT""]",10,0,0,False,0,,0
r4-1501101,261,9,3,10,3,11a00df83b439e9dd0a37fa0c250b9ccfb840672ceb2910bde29abc987f996e0,False,"[""MOVED_RIGHT""]",9,0,0,False,0,,0
r4-1501101,262,10,3,9,3,11a00df83b439e9dd0a37fa0c250b9ccfb840672ceb2910bde29abc987f996e0,False,"[""MOVED_LEFT""]",10,0,0,False,0,,0
r4-1501101,263,9,3,10,3,11a00df83b439e9dd0a37fa0c250b9ccfb840672ceb2910bde29abc987f996e0,False,"[""MOVED_RIGHT""]",10,0,0,False,0,,0
r4-1501101,264,10,3,9,3,11a00df83b439e9dd0a37fa0c250b9ccfb840672ceb2910bde29abc987f996e0,False,"[""MOVED_LEFT""]",10,0,0,False,0,,0
r4-1501101,265,9,3,10,3,11a00df83b439e9dd0a37fa0c250b9ccfb840672ceb2910bde29abc987f996e0,False,"[""MOVED_RIGHT""]",9,0,0,False,0,,0
r4-1501101,266,10,3,9,3,11a00df83b439e9dd0a37fa0c250b9ccfb840672ceb2910bde29abc987f996e0,False,"[""MOVED_LEFT""]",10,0,0,False,0,,0
r4-1501101,267,9,3,10,3,11a00df83b439e9dd0a37fa0c250b9ccfb840672ceb2910bde29abc987f996e0,False,"[""MOVED_RIGHT""]",10,0,0,False,0,,0
r4-1501101,268,10,3,9,3,11a00df83b439e9dd0a37fa0c250b9ccfb840672ceb2910bde29abc987f996e0,False,"[""MOVED_LEFT""]",10,0,0,False,0,,0
r4-1501101,269,9,3,10,3,11a00df83b439e9dd0a37fa0c250b9ccfb840672ceb2910bde29abc987f996e0,False,"[""MOVED_RIGHT""]",10,0,0,False,0,,0
r4-1501101,270,10,3,9,3,11a00df83b439e9dd0a37fa0c250b9ccfb840672ceb2910bde29abc987f996e0,False,"[""MOVED_LEFT""]",11,0,0,False,0,,0
r4-1501101,271,9,3,10,3,11a00df83b439e9dd0a37fa0c250b9ccfb840672ceb2910bde29abc987f996e0,False,"[""MOVED_RIGHT""]",9,0,0,False,0,,0
r4-1501101,272,10,3,9,3,11a00df83b439e9dd0a37fa0c250b9ccfb840672ceb2910bde29abc987f996e0,False,"[""MOVED_LEFT""]",10,0,0,False,0,,0
r4-1501101,273,9,3,10,3,11a00df83b439e9dd0a37fa0c250b9ccfb840672ceb2910bde29abc987f996e0,False,"[""MOVED_RIGHT""]",9,0,0,False,0,,0
r4-1501101,274,10,3,9,3,11a00df83b439e9dd0a37fa0c250b9ccfb840672ceb2910bde29abc987f996e0,False,"[""MOVED_LEFT""]",11,0,0,False,0,,0
r4-1501101,275,9,3,10,3,11a00df83b439e9dd0a37fa0c250b9ccfb840672ceb2910bde29abc987f996e0,False,"[""MOVED_RIGHT""]",10,0,0,False,0,,0
r4-1501101,276,10,3,9,3,11a00df83b439e9dd0a37fa0c250b9ccfb840672ceb2910bde29abc987f996e0,False,"[""MOVED_LEFT""]",11,0,0,False,0,,0
r4-1501101,277,9,3,10,3,11a00df83b439e9dd0a37fa0c250b9ccfb840672ceb2910bde29abc987f996e0,False,"[""MOVED_RIGHT""]",10,0,0,False,0,,0
r4-1501101,278,10,3,9,3,11a00df83b439e9dd0a37fa0c250b9ccfb840672ceb2910bde29abc987f996e0,False,"[""MOVED_LEFT""]",11,0,0,False,0,,0
r4-1501101,279,9,3,10,3,11a00df83b439e9dd0a37fa0c250b9ccfb840672ceb2910bde29abc987f996e0,False,"[""MOVED_RIGHT""]",9,0,0,False,0,,0
r4-1501101,280,10,3,9,3,11a00df83b439e9dd0a37fa0c250b9ccfb840672ceb2910bde29abc987f996e0,False,"[""MOVED_LEFT""]",10,0,0,False,0,,0
r4-1501101,281,9,3,10,3,11a00df83b439e9dd0a37fa0c250b9ccfb840672ceb2910bde29abc987f996e0,False,"[""MOVED_RIGHT""]",9,0,0,False,0,,0
r4-1501101,282,10,3,9,3,11a00df83b439e9dd0a37fa0c250b9ccfb840672ceb2910bde29abc987f996e0,False,"[""MOVED_LEFT""]",10,0,0,False,0,,0
r4-1501101,283,9,3,10,3,11a00df83b439e9dd0a37fa0c250b9ccfb840672ceb2910bde29abc987f996e0,False,"[""MOVED_RIGHT""]",10,0,0,False,0,,0
r4-1501101,284,10,3,9,3,11a00df83b439e9dd0a37fa0c250b9ccfb840672ceb2910bde29abc987f996e0,False,"[""MOVED_LEFT""]",11,0,0,False,0,,0
r4-1501101,285,9,3,10,3,11a00df83b439e9dd0a37fa0c250b9ccfb840672ceb2910bde29abc987f996e0,False,"[""MOVED_RIGHT""]",10,0,0,False,0,,0
r4-1501101,286,10,3,9,3,11a00df83b439e9dd0a37fa0c250b9ccfb840672ceb2910bde29abc987f996e0,False,"[""MOVED_LEFT""]",10,0,0,False,0,,0
r4-1501101,287,9,3,10,3,11a00df83b439e9dd0a37fa0c250b9ccfb840672ceb2910bde29abc987f996e0,False,"[""MOVED_RIGHT""]",10,0,0,False,0,,0
r4-1501101,288,10,3,9,3,11a00df83b439e9dd0a37fa0c250b9ccfb840672ceb2910bde29abc987f996e0,False,"[""MOVED_LEFT""]",10,0,0,False,0,,0
r4-1501101,289,9,3,10,3,11a00df83b439e9dd0a37fa0c250b9ccfb840672ceb2910bde29abc987f996e0,False,"[""MOVED_RIGHT""]",9,0,0,False,0,,0
r4-1501101,290,10,3,9,3,11a00df83b439e9dd0a37fa0c250b9ccfb840672ceb2910bde29abc987f996e0,False,"[""MOVED_LEFT""]",10,0,0,False,0,,0
r4-1501101,291,9,3,10,3,11a00df83b439e9dd0a37fa0c250b9ccfb840672ceb2910bde29abc987f996e0,False,"[""MOVED_RIGHT""]",10,0,0,False,0,,0
r4-1501101,292,10,3,9,3,11a00df83b439e9dd0a37fa0c250b9ccfb840672ceb2910bde29abc987f996e0,False,"[""MOVED_LEFT""]",10,0,0,False,0,,0
r4-1501101,293,9,3,10,3,11a00df83b439e9dd0a37fa0c250b9ccfb840672ceb2910bde29abc987f996e0,False,"[""MOVED_RIGHT""]",9,0,0,False,0,,0
r4-1501101,294,10,3,9,3,11a00df83b439e9dd0a37fa0c250b9ccfb840672ceb2910bde29abc987f996e0,False,"[""MOVED_LEFT""]",10,0,0,False,0,,0
r4-1501101,295,9,3,10,3,11a00df83b439e9dd0a37fa0c250b9ccfb840672ceb2910bde29abc987f996e0,False,"[""MOVED_RIGHT""]",10,0,0,False,0,,0
r4-1501101,296,10,3,9,3,11a00df83b439e9dd0a37fa0c250b9ccfb840672ceb2910bde29abc987f996e0,False,"[""MOVED_LEFT""]",11,0,0,False,0,,0
r4-1501101,297,9,3,10,3,11a00df83b439e9dd0a37fa0c250b9ccfb840672ceb2910bde29abc987f996e0,False,"[""MOVED_RIGHT""]",10,0,0,False,0,,0
r4-1501101,298,10,3,9,3,11a00df83b439e9dd0a37fa0c250b9ccfb840672ceb2910bde29abc987f996e0,False,"[""MOVED_LEFT""]",10,0,0,False,0,,0
r4-1501101,299,9,3,10,3,11a00df83b439e9dd0a37fa0c250b9ccfb840672ceb2910bde29abc987f996e0,False,"[""MOVED_RIGHT""]",9,0,0,False,0,,0
r4-1501101,300,10,3,9,3,11a00df83b439e9dd0a37fa0c250b9ccfb840672ceb2910bde29abc987f996e0,False,"[""MOVED_LEFT""]",10,0,0,False,0,,0
r4-1501101,301,9,3,10,3,11a00df83b439e9dd0a37fa0c250b9ccfb840672ceb2910bde29abc987f996e0,False,"[""MOVED_RIGHT""]",9,0,0,False,0,,0
r4-1501101,302,10,3,9,3,11a00df83b439e9dd0a37fa0c250b9ccfb840672ceb2910bde29abc987f996e0,False,"[""MOVED_LEFT""]",11,0,0,False,0,,0
r4-1501101,303,9,3,10,3,11a00df83b439e9dd0a37fa0c250b9ccfb840672ceb2910bde29abc987f996e0,False,"[""MOVED_RIGHT""]",10,0,0,False,0,,0
r4-1501101,304,10,3,9,3,11a00df83b439e9dd0a37fa0c250b9ccfb840672ceb2910bde29abc987f996e0,False,"[""MOVED_LEFT""]",11,0,0,False,0,,0
r4-1501101,305,9,3,10,3,11a00df83b439e9dd0a37fa0c250b9ccfb840672ceb2910bde29abc987f996e0,False,"[""MOVED_RIGHT""]",9,0,0,False,0,,0
r4-1501101,306,10,3,9,3,11a00df83b439e9dd0a37fa0c250b9ccfb840672ceb2910bde29abc987f996e0,False,"[""MOVED_LEFT""]",10,0,0,False,0,,0
r4-1501101,307,9,3,10,3,11a00df83b439e9dd0a37fa0c250b9ccfb840672ceb2910bde29abc987f996e0,False,"[""MOVED_RIGHT""]",10,0,0,False,0,,0
r4-1501101,308,10,3,9,3,11a00df83b439e9dd0a37fa0c250b9ccfb840672ceb2910bde29abc987f996e0,False,"[""MOVED_LEFT""]",11,0,0,False,0,,0
r4-1501101,309,9,3,10,3,11a00df83b439e9dd0a37fa0c250b9ccfb840672ceb2910bde29abc987f996e0,False,"[""MOVED_RIGHT""]",10,0,0,False,0,,0
r4-1501101,310,10,3,9,3,11a00df83b439e9dd0a37fa0c250b9ccfb840672ceb2910bde29abc987f996e0,False,"[""MOVED_LEFT""]",11,0,0,False,0,,0
r4-1501101,311,9,3,10,3,11a00df83b439e9dd0a37fa0c250b9ccfb840672ceb2910bde29abc987f996e0,False,"[""MOVED_RIGHT""]",9,0,0,False,0,,0
r4-1501101,312,10,3,9,3,11a00df83b439e9dd0a37fa0c250b9ccfb840672ceb2910bde29abc987f996e0,False,"[""MOVED_LEFT""]",10,0,0,False,0,,0
r4-1501101,313,9,3,10,3,11a00df83b439e9dd0a37fa0c250b9ccfb840672ceb2910bde29abc987f996e0,False,"[""MOVED_RIGHT""]",9,0,0,False,0,,0
r4-1501101,314,10,3,9,3,11a00df83b439e9dd0a37fa0c250b9ccfb840672ceb2910bde29abc987f996e0,False,"[""MOVED_LEFT""]",10,0,0,False,0,,0
r4-1501101,315,9,3,10,3,11a00df83b439e9dd0a37fa0c250b9ccfb840672ceb2910bde29abc987f996e0,False,"[""MOVED_RIGHT""]",9,0,0,False,0,,0
r4-1501101,316,10,3,9,3,11a00df83b439e9dd0a37fa0c250b9ccfb840672ceb2910bde29abc987f996e0,False,"[""MOVED_LEFT""]",10,0,0,False,0,,0
r4-1501101,317,9,3,10,3,11a00df83b439e9dd0a37fa0c250b9ccfb840672ceb2910bde29abc987f996e0,False,"[""MOVED_RIGHT""]",9,0,0,False,0,,0
r4-1501101,318,10,3,9,3,11a00df83b439e9dd0a37fa0c250b9ccfb840672ceb2910bde29abc987f996e0,False,"[""MOVED_LEFT""]",10,0,0,False,0,,0
r4-1501101,319,9,3,10,3,11a00df83b439e9dd0a37fa0c250b9ccfb840672ceb2910bde29abc987f996e0,False,"[""MOVED_RIGHT""]",9,0,0,False,0,,0
r4-1501101,320,10,3,9,3,11a00df83b439e9dd0a37fa0c250b9ccfb840672ceb2910bde29abc987f996e0,False,"[""MOVED_LEFT""]",10,0,0,False,0,,0
r4-1501101,321,9,3,10,3,11a00df83b439e9dd0a37fa0c250b9ccfb840672ceb2910bde29abc987f996e0,False,"[""MOVED_RIGHT""]",9,0,0,False,0,,0
r4-1501101,322,10,3,9,3,11a00df83b439e9dd0a37fa0c250b9ccfb840672ceb2910bde29abc987f996e0,False,"[""MOVED_LEFT""]",10,0,0,False,0,,0
r4-1501101,323,9,3,10,3,11a00df83b439e9dd0a37fa0c250b9ccfb840672ceb2910bde29abc987f996e0,False,"[""MOVED_RIGHT""]",10,0,0,False,0,,0
r4-1501101,324,10,3,9,3,11a00df83b439e9dd0a37fa0c250b9ccfb840672ceb2910bde29abc987f996e0,False,"[""MOVED_LEFT""]",11,0,0,False,0,,0
r4-1501101,325,9,3,10,3,11a00df83b439e9dd0a37fa0c250b9ccfb840672ceb2910bde29abc987f996e0,False,"[""MOVED_RIGHT""]",10,0,0,False,0,,0
r4-1501101,326,10,3,9,3,11a00df83b439e9dd0a37fa0c250b9ccfb840672ceb2910bde29abc987f996e0,False,"[""MOVED_LEFT""]",11,0,0,False,0,,0
r4-1501101,327,9,3,10,3,11a00df83b439e9dd0a37fa0c250b9ccfb840672ceb2910bde29abc987f996e0,False,"[""MOVED_RIGHT""]",9,0,0,False,0,,0
r4-1501101,328,10,3,9,3,11a00df83b439e9dd0a37fa0c250b9ccfb840672ceb2910bde29abc987f996e0,False,"[""MOVED_LEFT""]",10,0,0,False,0,,0
r4-1501101,329,9,3,10,3,11a00df83b439e9dd0a37fa0c250b9ccfb840672ceb2910bde29abc987f996e0,False,"[""MOVED_RIGHT""]",10,0,0,False,0,,0
r4-1501101,330,10,3,9,3,11a00df83b439e9dd0a37fa0c250b9ccfb840672ceb2910bde29abc987f996e0,False,"[""MOVED_LEFT""]",11,0,0,False,0,,0
r4-1501101,331,9,3,10,3,11a00df83b439e9dd0a37fa0c250b9ccfb840672ceb2910bde29abc987f996e0,False,"[""MOVED_RIGHT""]",10,0,0,False,0,,0
r4-1501101,332,10,3,9,3,11a00df83b439e9dd0a37fa0c250b9ccfb840672ceb2910bde29abc987f996e0,False,"[""MOVED_LEFT""]",11,0,0,False,0,,0
r4-1501101,333,9,3,10,3,11a00df83b439e9dd0a37fa0c250b9ccfb840672ceb2910bde29abc987f996e0,False,"[""MOVED_RIGHT""]",9,0,0,False,0,,0
r4-1501101,334,10,3,9,3,11a00df83b439e9dd0a37fa0c250b9ccfb840672ceb2910bde29abc987f996e0,False,"[""MOVED_LEFT""]",10,0,0,False,0,,0
r4-1501101,335,9,3,10,3,11a00df83b439e9dd0a37fa0c250b9ccfb840672ceb2910bde29abc987f996e0,False,"[""MOVED_RIGHT""]",9,0,0,False,0,,0
r4-1501101,336,10,3,9,3,11a00df83b439e9dd0a37fa0c250b9ccfb840672ceb2910bde29abc987f996e0,False,"[""MOVED_LEFT""]",10,0,0,False,0,,0
r4-1501101,337,9,3,10,3,11a00df83b439e9dd0a37fa0c250b9ccfb840672ceb2910bde29abc987f996e0,False,"[""MOVED_RIGHT""]",9,0,0,False,0,,0
r4-1501101,338,10,3,9,3,11a00df83b439e9dd0a37fa0c250b9ccfb840672ceb2910bde29abc987f996e0,False,"[""MOVED_LEFT""]",11,0,0,False,0,,0
r4-1501101,339,9,3,10,3,11a00df83b439e9dd0a37fa0c250b9ccfb840672ceb2910bde29abc987f996e0,False,"[""MOVED_RIGHT""]",9,0,0,False,0,,0
r4-1501101,340,10,3,9,3,11a00df83b439e9dd0a37fa0c250b9ccfb840672ceb2910bde29abc987f996e0,False,"[""MOVED_LEFT""]",11,0,0,False,0,,0
r4-1501101,341,9,3,10,3,11a00df83b439e9dd0a37fa0c250b9ccfb840672ceb2910bde29abc987f996e0,False,"[""MOVED_RIGHT""]",9,0,0,False,0,,0
r4-1501101,342,10,3,9,3,11a00df83b439e9dd0a37fa0c250b9ccfb840672ceb2910bde29abc987f996e0,False,"[""MOVED_LEFT""]",10,0,0,False,0,,0
r4-1501101,343,9,3,10,3,11a00df83b439e9dd0a37fa0c250b9ccfb840672ceb2910bde29abc987f996e0,False,"[""MOVED_RIGHT""]",9,0,0,False,0,,0
r4-1501101,344,10,3,9,3,11a00df83b439e9dd0a37fa0c250b9ccfb840672ceb2910bde29abc987f996e0,False,"[""MOVED_LEFT""]",10,0,0,False,0,,0
r4-1501101,345,9,3,10,3,11a00df83b439e9dd0a37fa0c250b9ccfb840672ceb2910bde29abc987f996e0,False,"[""MOVED_RIGHT""]",9,0,0,False,0,,0
r4-1501101,346,10,3,9,3,11a00df83b439e9dd0a37fa0c250b9ccfb840672ceb2910bde29abc987f996e0,False,"[""MOVED_LEFT""]",10,0,0,False,0,,0
r4-1501101,347,9,3,10,3,11a00df83b439e9dd0a37fa0c250b9ccfb840672ceb2910bde29abc987f996e0,False,"[""MOVED_RIGHT""]",10,0,0,False,0,,0
r4-1501101,348,10,3,9,3,11a00df83b439e9dd0a37fa0c250b9ccfb840672ceb2910bde29abc987f996e0,False,"[""MOVED_LEFT""]",11,0,0,False,0,,0
r4-1501101,349,9,3,10,3,11a00df83b439e9dd0a37fa0c250b9ccfb840672ceb2910bde29abc987f996e0,False,"[""MOVED_RIGHT""]",10,0,0,False,0,,0
r4-1501101,350,10,3,9,3,11a00df83b439e9dd0a37fa0c250b9ccfb840672ceb2910bde29abc987f996e0,False,"[""MOVED_LEFT""]",10,0,0,False,0,,0
r4-1501101,351,9,3,10,3,11a00df83b439e9dd0a37fa0c250b9ccfb840672ceb2910bde29abc987f996e0,False,"[""MOVED_RIGHT""]",9,0,0,False,0,,0
r4-1501101,352,10,3,9,3,11a00df83b439e9dd0a37fa0c250b9ccfb840672ceb2910bde29abc987f996e0,False,"[""MOVED_LEFT""]",10,0,0,False,0,,0
r4-1501101,353,9,3,10,3,11a00df83b439e9dd0a37fa0c250b9ccfb840672ceb2910bde29abc987f996e0,False,"[""MOVED_RIGHT""]",9,0,0,False,0,,0
r4-1501101,354,10,3,9,3,11a00df83b439e9dd0a37fa0c250b9ccfb840672ceb2910bde29abc987f996e0,False,"[""MOVED_LEFT""]",10,0,0,False,0,,0
r4-1501101,355,9,3,10,3,11a00df83b439e9dd0a37fa0c250b9ccfb840672ceb2910bde29abc987f996e0,False,"[""MOVED_RIGHT""]",9,0,0,False,0,,0
r4-1501101,356,10,3,9,3,11a00df83b439e9dd0a37fa0c250b9ccfb840672ceb2910bde29abc987f996e0,False,"[""MOVED_LEFT""]",11,0,0,False,0,,0
r4-1501101,357,9,3,10,3,11a00df83b439e9dd0a37fa0c250b9ccfb840672ceb2910bde29abc987f996e0,False,"[""MOVED_RIGHT""]",10,0,0,False,0,,0
r4-1501101,358,10,3,9,3,11a00df83b439e9dd0a37fa0c250b9ccfb840672ceb2910bde29abc987f996e0,False,"[""MOVED_LEFT""]",10,0,0,False,0,,0
r4-1501101,359,9,3,10,3,11a00df83b439e9dd0a37fa0c250b9ccfb840672ceb2910bde29abc987f996e0,False,"[""MOVED_RIGHT""]",9,0,0,False,0,,0
r4-1501101,360,10,3,9,3,11a00df83b439e9dd0a37fa0c250b9ccfb840672ceb2910bde29abc987f996e0,False,"[""MOVED_LEFT""]",10,0,0,False,0,,0
r4-1501101,361,9,3,10,3,11a00df83b439e9dd0a37fa0c250b9ccfb840672ceb2910bde29abc987f996e0,False,"[""MOVED_RIGHT""]",9,0,0,False,0,,0
r4-1501101,362,10,3,9,3,11a00df83b439e9dd0a37fa0c250b9ccfb840672ceb2910bde29abc987f996e0,False,"[""MOVED_LEFT""]",10,0,0,False,0,,0
r4-1501101,363,9,3,10,3,11a00df83b439e9dd0a37fa0c250b9ccfb840672ceb2910bde29abc987f996e0,False,"[""MOVED_RIGHT""]",10,0,0,False,0,,0
r4-1501101,364,10,3,9,3,11a00df83b439e9dd0a37fa0c250b9ccfb840672ceb2910bde29abc987f996e0,False,"[""MOVED_LEFT""]",10,0,0,False,0,,0
r4-1501101,365,9,3,10,3,11a00df83b439e9dd0a37fa0c250b9ccfb840672ceb2910bde29abc987f996e0,False,"[""MOVED_RIGHT""]",10,0,0,False,0,,0
r4-1501101,366,10,3,9,3,11a00df83b439e9dd0a37fa0c250b9ccfb840672ceb2910bde29abc987f996e0,False,"[""MOVED_LEFT""]",10,0,0,False,0,,0
r4-1501101,367,9,3,10,3,11a00df83b439e9dd0a37fa0c250b9ccfb840672ceb2910bde29abc987f996e0,False,"[""MOVED_RIGHT""]",9,0,0,False,0,,0
r4-1501101,368,10,3,9,3,11a00df83b439e9dd0a37fa0c250b9ccfb840672ceb2910bde29abc987f996e0,False,"[""MOVED_LEFT""]",10,0,0,False,0,,0
r4-1501101,369,9,3,10,3,11a00df83b439e9dd0a37fa0c250b9ccfb840672ceb2910bde29abc987f996e0,False,"[""MOVED_RIGHT""]",9,0,0,False,0,,0
r4-1501101,370,10,3,9,3,11a00df83b439e9dd0a37fa0c250b9ccfb840672ceb2910bde29abc987f996e0,False,"[""MOVED_LEFT""]",10,0,0,False,0,,0
r4-1501101,371,9,3,10,3,11a00df83b439e9dd0a37fa0c250b9ccfb840672ceb2910bde29abc987f996e0,False,"[""MOVED_RIGHT""]",10,0,0,False,0,,0
r4-1501101,372,10,3,9,3,11a00df83b439e9dd0a37fa0c250b9ccfb840672ceb2910bde29abc987f996e0,False,"[""MOVED_LEFT""]",11,0,0,False,0,,0
r4-1501101,373,9,3,10,3,11a00df83b439e9dd0a37fa0c250b9ccfb840672ceb2910bde29abc987f996e0,False,"[""MOVED_RIGHT""]",10,0,0,False,0,,0
r4-1501101,374,10,3,9,3,11a00df83b439e9dd0a37fa0c250b9ccfb840672ceb2910bde29abc987f996e0,False,"[""MOVED_LEFT""]",11,0,0,False,0,,0
r4-1501101,375,9,3,10,3,11a00df83b439e9dd0a37fa0c250b9ccfb840672ceb2910bde29abc987f996e0,False,"[""MOVED_RIGHT""]",9,0,0,False,0,,0
r4-1501101,376,10,3,9,3,11a00df83b439e9dd0a37fa0c250b9ccfb840672ceb2910bde29abc987f996e0,False,"[""MOVED_LEFT""]",10,0,0,False,0,,0
r4-1501101,377,9,3,10,3,11a00df83b439e9dd0a37fa0c250b9ccfb840672ceb2910bde29abc987f996e0,False,"[""MOVED_RIGHT""]",9,0,0,False,0,,0
r4-1501101,378,10,3,9,3,11a00df83b439e9dd0a37fa0c250b9ccfb840672ceb2910bde29abc987f996e0,False,"[""MOVED_LEFT""]",10,0,0,False,0,,0
r4-1501101,379,9,3,10,3,11a00df83b439e9dd0a37fa0c250b9ccfb840672ceb2910bde29abc987f996e0,False,"[""MOVED_RIGHT""]",10,0,0,False,0,,0
r4-1501101,380,10,3,9,3,11a00df83b439e9dd0a37fa0c250b9ccfb840672ceb2910bde29abc987f996e0,False,"[""MOVED_LEFT""]",11,0,0,False,0,,0
r4-1501101,381,9,3,10,3,11a00df83b439e9dd0a37fa0c250b9ccfb840672ceb2910bde29abc987f996e0,False,"[""MOVED_RIGHT""]",10,0,0,False,0,,0
r4-1501101,382,10,3,9,3,11a00df83b439e9dd0a37fa0c250b9ccfb840672ceb2910bde29abc987f996e0,False,"[""MOVED_LEFT""]",11,0,0,False,0,,0
r4-1501101,383,9,3,10,3,11a00df83b439e9dd0a37fa0c250b9ccfb840672ceb2910bde29abc987f996e0,False,"[""MOVED_RIGHT""]",9,0,0,False,0,,0
r4-1501101,384,10,3,9,3,11a00df83b439e9dd0a37fa0c250b9ccfb840672ceb2910bde29abc987f996e0,False,"[""MOVED_LEFT""]",10,0,0,False,0,,0
r4-1501101,385,9,3,10,3,11a00df83b439e9dd0a37fa0c250b9ccfb840672ceb2910bde29abc987f996e0,False,"[""MOVED_RIGHT""]",9,0,0,False,0,,0
r4-1501101,386,10,3,9,3,11a00df83b439e9dd0a37fa0c250b9ccfb840672ceb2910bde29abc987f996e0,False,"[""MOVED_LEFT""]",10,0,0,False,0,,0
r4-1501101,387,9,3,10,3,11a00df83b439e9dd0a37fa0c250b9ccfb840672ceb2910bde29abc987f996e0,False,"[""MOVED_RIGHT""]",9,0,0,False,0,,0
r4-1501101,388,10,3,9,3,11a00df83b439e9dd0a37fa0c250b9ccfb840672ceb2910bde29abc987f996e0,False,"[""MOVED_LEFT""]",10,0,0,False,0,,0
r4-1501101,389,9,3,10,3,11a00df83b439e9dd0a37fa0c250b9ccfb840672ceb2910bde29abc987f996e0,False,"[""MOVED_RIGHT""]",9,0,0,False,0,,0
r4-1501101,390,10,3,9,3,11a00df83b439e9dd0a37fa0c250b9ccfb840672ceb2910bde29abc987f996e0,False,"[""MOVED_LEFT""]",10,0,0,False,0,,0
r4-1501101,391,9,3,10,3,11a00df83b439e9dd0a37fa0c250b9ccfb840672ceb2910bde29abc987f996e0,False,"[""MOVED_RIGHT""]",9,0,0,False,0,,0
r4-1501101,392,10,3,9,3,11a00df83b439e9dd0a37fa0c250b9ccfb840672ceb2910bde29abc987f996e0,False,"[""MOVED_LEFT""]",10,0,0,False,0,,0
r4-1501101,393,9,3,10,3,11a00df83b439e9dd0a37fa0c250b9ccfb840672ceb2910bde29abc987f996e0,False,"[""MOVED_RIGHT""]",10,0,0,False,0,,0
r4-1501101,394,10,3,9,3,11a00df83b439e9dd0a37fa0c250b9ccfb840672ceb2910bde29abc987f996e0,False,"[""MOVED_LEFT""]",10,0,0,False,0,,0
r4-1501101,395,9,3,10,3,11a00df83b439e9dd0a37fa0c250b9ccfb840672ceb2910bde29abc987f996e0,False,"[""MOVED_RIGHT""]",9,0,0,False,0,,0
r4-1501101,396,10,3,9,3,11a00df83b439e9dd0a37fa0c250b9ccfb840672ceb2910bde29abc987f996e0,False,"[""MOVED_LEFT""]",11,0,0,False,0,,0
r4-1501101,397,9,3,10,3,11a00df83b439e9dd0a37fa0c250b9ccfb840672ceb2910bde29abc987f996e0,False,"[""MOVED_RIGHT""]",10,0,0,False,0,,0
r4-1501101,398,10,3,9,3,11a00df83b439e9dd0a37fa0c250b9ccfb840672ceb2910bde29abc987f996e0,False,"[""MOVED_LEFT""]",10,0,0,False,0,,0
r4-1501101,399,9,3,10,3,11a00df83b439e9dd0a37fa0c250b9ccfb840672ceb2910bde29abc987f996e0,False,"[""MOVED_RIGHT""]",9,0,0,False,0,,0
r4-1501101,400,10,3,9,3,11a00df83b439e9dd0a37fa0c250b9ccfb840672ceb2910bde29abc987f996e0,False,"[""MOVED_LEFT"",""SURVIVED_ROUND""]",10,0,0,False,0,,0
r4-1501102,1,1,15,2,15,2a8904e5f8a59f0efb7b7084a4be3889e49eb0bab33c993eaaf4c408ccc81296,False,"[""MOVED_RIGHT""]",28,0,0,False,2,,0
r4-1501102,2,2,15,2,15,2a8904e5f8a59f0efb7b7084a4be3889e49eb0bab33c993eaaf4c408ccc81296,False,"[""BOMB_DROPPED""]",27,0,0,False,2,,0
r4-1501102,3,2,15,2,15,2a8904e5f8a59f0efb7b7084a4be3889e49eb0bab33c993eaaf4c408ccc81296,True,"[""WAITED""]",26,0,0,False,2,,0
r4-1501102,4,2,15,2,15,2a8904e5f8a59f0efb7b7084a4be3889e49eb0bab33c993eaaf4c408ccc81296,True,"[""WAITED""]",26,0,0,False,2,,0
r4-1501102,5,2,15,1,15,2a8904e5f8a59f0efb7b7084a4be3889e49eb0bab33c993eaaf4c408ccc81296,True,"[""MOVED_LEFT""]",27,0,0,False,2,,0
r4-1501102,6,1,15,1,14,2a8904e5f8a59f0efb7b7084a4be3889e49eb0bab33c993eaaf4c408ccc81296,True,"[""MOVED_UP"",""BOMB_EXPLODED"",""CRATE_DESTROYED"",""CRATE_DESTROYED""]",27,0,0,False,2,,0
r4-1501102,7,1,14,1,13,ec30e048577abcd7be948ffa889fc9184b6ce78e881ddfc63aa7e07679aa3029,True,"[""MOVED_UP""]",26,0,0,False,2,,0
r4-1501102,8,1,13,1,13,ec30e048577abcd7be948ffa889fc9184b6ce78e881ddfc63aa7e07679aa3029,False,"[""WAITED""]",26,0,0,False,3,,0
r4-1501102,9,1,13,1,13,ec30e048577abcd7be948ffa889fc9184b6ce78e881ddfc63aa7e07679aa3029,False,"[""BOMB_DROPPED""]",26,0,0,False,3,,0
r4-1501102,10,1,13,1,13,ec30e048577abcd7be948ffa889fc9184b6ce78e881ddfc63aa7e07679aa3029,True,"[""WAITED""]",26,0,0,False,3,,0
r4-1501102,11,1,13,1,14,ec30e048577abcd7be948ffa889fc9184b6ce78e881ddfc63aa7e07679aa3029,True,"[""MOVED_DOWN""]",25,0,0,False,3,,0
r4-1501102,12,1,14,1,15,ec30e048577abcd7be948ffa889fc9184b6ce78e881ddfc63aa7e07679aa3029,True,"[""MOVED_DOWN""]",27,0,0,False,2,,0
r4-1501102,13,1,15,2,15,ec30e048577abcd7be948ffa889fc9184b6ce78e881ddfc63aa7e07679aa3029,True,"[""MOVED_RIGHT"",""BOMB_EXPLODED"",""CRATE_DESTROYED"",""CRATE_DESTROYED"",""CRATE_DESTROYED"",""CRATE_DESTROYED"",""CRATE_DESTROYED"",""CRATE_DESTROYED""]",27,0,0,False,1,,0
r4-1501102,14,2,15,3,15,a1db73a957a86f93c09731fb7f62f2bde3f0568dd011ab77a49b497bb8778af9,True,"[""MOVED_RIGHT""]",26,0,0,False,0,,0
r4-1501102,15,3,15,4,15,a1db73a957a86f93c09731fb7f62f2bde3f0568dd011ab77a49b497bb8778af9,False,"[""MOVED_RIGHT""]",25,0,0,False,3,,0
r4-1501102,16,4,15,4,15,a1db73a957a86f93c09731fb7f62f2bde3f0568dd011ab77a49b497bb8778af9,False,"[""BOMB_DROPPED""]",25,0,0,False,2,,0
r4-1501102,17,4,15,3,15,a1db73a957a86f93c09731fb7f62f2bde3f0568dd011ab77a49b497bb8778af9,True,"[""MOVED_LEFT""]",24,0,0,False,2,,0
r4-1501102,18,3,15,2,15,a1db73a957a86f93c09731fb7f62f2bde3f0568dd011ab77a49b497bb8778af9,True,"[""MOVED_LEFT""]",25,0,0,False,3,,0
r4-1501102,19,2,15,1,15,a1db73a957a86f93c09731fb7f62f2bde3f0568dd011ab77a49b497bb8778af9,True,"[""MOVED_LEFT""]",26,0,0,False,0,,0
r4-1501102,20,1,15,1,14,a1db73a957a86f93c09731fb7f62f2bde3f0568dd011ab77a49b497bb8778af9,True,"[""MOVED_UP"",""BOMB_EXPLODED"",""CRATE_DESTROYED"",""CRATE_DESTROYED""]",28,0,0,False,0,,0
r4-1501102,21,1,14,1,13,418948b8b49fe8619b08783cbe1d66189b290c0b9dcb209783ed8eefc57aeb40,True,"[""MOVED_UP""]",27,0,0,False,0,,0
r4-1501102,22,1,13,1,12,418948b8b49fe8619b08783cbe1d66189b290c0b9dcb209783ed8eefc57aeb40,False,"[""MOVED_UP""]",26,0,0,False,0,,0
r4-1501102,23,1,12,1,12,418948b8b49fe8619b08783cbe1d66189b290c0b9dcb209783ed8eefc57aeb40,False,"[""BOMB_DROPPED""]",24,0,0,False,1,,0
r4-1501102,24,1,12,1,12,418948b8b49fe8619b08783cbe1d66189b290c0b9dcb209783ed8eefc57aeb40,True,"[""WAITED""]",24,0,0,False,1,,0
r4-1501102,25,1,12,1,12,418948b8b49fe8619b08783cbe1d66189b290c0b9dcb209783ed8eefc57aeb40,True,"[""WAITED""]",24,0,0,False,1,,0
r4-1501102,26,1,12,1,13,418948b8b49fe8619b08783cbe1d66189b290c0b9dcb209783ed8eefc57aeb40,True,"[""MOVED_DOWN""]",24,0,0,False,1,,0
r4-1501102,27,1,13,2,13,418948b8b49fe8619b08783cbe1d66189b290c0b9dcb209783ed8eefc57aeb40,True,"[""MOVED_RIGHT"",""BOMB_EXPLODED"",""CRATE_DESTROYED""]",26,0,0,False,0,,0
r4-1501102,28,2,13,3,13,63219e1dca52c3d8055d3c31304d81a9d0f3dae23c210ea6862ff2e4f6833b3f,True,"[""MOVED_RIGHT""]",25,0,0,False,1,,0
r4-1501102,29,3,13,4,13,63219e1dca52c3d8055d3c31304d81a9d0f3dae23c210ea6862ff2e4f6833b3f,False,"[""MOVED_RIGHT""]",23,0,0,False,3,,0
r4-1501102,30,4,13,4,13,63219e1dca52c3d8055d3c31304d81a9d0f3dae23c210ea6862ff2e4f6833b3f,False,"[""BOMB_DROPPED""]",22,0,0,False,3,,0
r4-1501102,31,4,13,3,13,63219e1dca52c3d8055d3c31304d81a9d0f3dae23c210ea6862ff2e4f6833b3f,True,"[""MOVED_LEFT""]",23,0,0,False,3,,0
r4-1501102,32,3,13,2,13,63219e1dca52c3d8055d3c31304d81a9d0f3dae23c210ea6862ff2e4f6833b3f,True,"[""MOVED_LEFT""]",23,0,0,False,3,,0
r4-1501102,33,2,13,1,13,63219e1dca52c3d8055d3c31304d81a9d0f3dae23c210ea6862ff2e4f6833b3f,True,"[""MOVED_LEFT""]",24,0,0,False,1,,0
r4-1501102,34,1,13,1,12,63219e1dca52c3d8055d3c31304d81a9d0f3dae23c210ea6862ff2e4f6833b3f,True,"[""MOVED_UP"",""BOMB_EXPLODED"",""CRATE_DESTROYED"",""CRATE_DESTROYED"",""COIN_FOUND"",""CRATE_DESTROYED""]",25,0,0,False,0,,0
r4-1501102,35,1,12,1,12,5bf45374ad29af875789776d139cae77973af22f57e616d0d90448a15e1502e0,True,"[""WAITED""]",24,0,0,False,0,,0
r4-1501102,36,1,12,1,13,5bf45374ad29af875789776d139cae77973af22f57e616d0d90448a15e1502e0,False,"[""MOVED_DOWN""]",24,0,0,False,0,,0
r4-1501102,37,1,13,2,13,5bf45374ad29af875789776d139cae77973af22f57e616d0d90448a15e1502e0,False,"[""MOVED_RIGHT""]",25,0,0,False,0,,0
r4-1501102,38,2,13,3,13,5bf45374ad29af875789776d139cae77973af22f57e616d0d90448a15e1502e0,False,"[""MOVED_RIGHT""]",24,0,0,False,0,,0
r4-1501102,39,3,13,4,13,5bf45374ad29af875789776d139cae77973af22f57e616d0d90448a15e1502e0,False,"[""MOVED_RIGHT""]",23,0,0,False,3,,0
r4-1501102,40,4,13,5,13,5bf45374ad29af875789776d139cae77973af22f57e616d0d90448a15e1502e0,False,"[""MOVED_RIGHT""]",22,0,0,False,0,,0
r4-1501102,41,5,13,6,13,5bf45374ad29af875789776d139cae77973af22f57e616d0d90448a15e1502e0,False,"[""MOVED_RIGHT"",""COIN_COLLECTED""]",21,0,0,False,3,,0
r4-1501102,42,6,13,6,13,01e1c492e7beca6a71f7b9e68a48e2a7eb51526a6c94ef5646a619731fc40c9b,False,"[""BOMB_DROPPED""]",21,0,0,False,2,,0
r4-1501102,43,6,13,6,13,01e1c492e7beca6a71f7b9e68a48e2a7eb51526a6c94ef5646a619731fc40c9b,True,"[""WAITED""]",20,0,0,False,2,,0
r4-1501102,44,6,13,6,13,01e1c492e7beca6a71f7b9e68a48e2a7eb51526a6c94ef5646a619731fc40c9b,True,"[""WAITED""]",20,0,0,False,2,,0
r4-1501102,45,6,13,7,13,01e1c492e7beca6a71f7b9e68a48e2a7eb51526a6c94ef5646a619731fc40c9b,True,"[""MOVED_RIGHT""]",20,0,0,False,2,,0
r4-1501102,46,7,13,7,14,01e1c492e7beca6a71f7b9e68a48e2a7eb51526a6c94ef5646a619731fc40c9b,True,"[""MOVED_DOWN"",""BOMB_EXPLODED"",""CRATE_DESTROYED"",""CRATE_DESTROYED""]",19,0,0,False,3,,0
r4-1501102,47,7,14,7,15,74dc93406549813b768f809f3ee2de7a1e2fef8432a24618ef8ba3aacf3d0888,True,"[""MOVED_DOWN""]",20,0,0,False,1,,0
r4-1501102,48,7,15,6,15,74dc93406549813b768f809f3ee2de7a1e2fef8432a24618ef8ba3aacf3d0888,False,"[""MOVED_LEFT""]",21,0,0,False,3,,0
r4-1501102,49,6,15,6,15,74dc93406549813b768f809f3ee2de7a1e2fef8432a24618ef8ba3aacf3d0888,False,"[""BOMB_DROPPED""]",22,0,0,False,2,,0
r4-1501102,50,6,15,6,15,74dc93406549813b768f809f3ee2de7a1e2fef8432a24618ef8ba3aacf3d0888,True,"[""WAITED""]",22,0,0,False,2,,0
r4-1501102,51,6,15,6,15,74dc93406549813b768f809f3ee2de7a1e2fef8432a24618ef8ba3aacf3d0888,True,"[""WAITED""]",22,0,0,False,2,,0
r4-1501102,52,6,15,7,15,74dc93406549813b768f809f3ee2de7a1e2fef8432a24618ef8ba3aacf3d0888,True,"[""MOVED_RIGHT""]",22,0,0,False,2,,0
r4-1501102,53,7,15,7,14,74dc93406549813b768f809f3ee2de7a1e2fef8432a24618ef8ba3aacf3d0888,True,"[""MOVED_UP"",""BOMB_EXPLODED"",""CRATE_DESTROYED"",""CRATE_DESTROYED""]",22,0,0,False,3,,0
r4-1501102,54,7,14,7,13,9663018b5614f7f62fede1001890d4e3239b5983dfabe18e185c264f35769793,True,"[""MOVED_UP""]",20,0,0,False,1,,0
r4-1501102,55,7,13,7,13,9663018b5614f7f62fede1001890d4e3239b5983dfabe18e185c264f35769793,False,"[""WAITED""]",19,0,0,False,2,,0
r4-1501102,56,7,13,7,13,9663018b5614f7f62fede1001890d4e3239b5983dfabe18e185c264f35769793,False,"[""BOMB_DROPPED""]",20,0,0,False,2,,0
r4-1501102,57,7,13,7,13,9663018b5614f7f62fede1001890d4e3239b5983dfabe18e185c264f35769793,True,"[""WAITED""]",20,0,0,False,2,,0
r4-1501102,58,7,13,7,14,9663018b5614f7f62fede1001890d4e3239b5983dfabe18e185c264f35769793,True,"[""MOVED_DOWN""]",19,0,0,False,2,,0
r4-1501102,59,7,14,7,15,9663018b5614f7f62fede1001890d4e3239b5983dfabe18e185c264f35769793,True,"[""MOVED_DOWN""]",21,0,0,False,1,,0
r4-1501102,60,7,15,8,15,9663018b5614f7f62fede1001890d4e3239b5983dfabe18e185c264f35769793,True,"[""MOVED_RIGHT"",""BOMB_EXPLODED"",""CRATE_DESTROYED"",""COIN_FOUND"",""CRATE_DESTROYED""]",21,0,0,False,1,,0
r4-1501102,61,8,15,8,15,47cbaa8b8306af8e050c1f65bfdc4fcc589edb0685917be1c7bb3e9378859c7a,True,"[""WAITED""]",21,0,0,False,2,,0
r4-1501102,62,8,15,9,15,47cbaa8b8306af8e050c1f65bfdc4fcc589edb0685917be1c7bb3e9378859c7a,False,"[""MOVED_RIGHT""]",21,0,0,False,2,,0
r4-1501102,63,9,15,8,15,47cbaa8b8306af8e050c1f65bfdc4fcc589edb0685917be1c7bb3e9378859c7a,False,"[""MOVED_LEFT""]",19,0,0,False,3,,0
r4-1501102,64,8,15,7,15,47cbaa8b8306af8e050c1f65bfdc4fcc589edb0685917be1c7bb3e9378859c7a,False,"[""MOVED_LEFT""]",21,0,0,False,2,,0
r4-1501102,65,7,15,7,14,47cbaa8b8306af8e050c1f65bfdc4fcc589edb0685917be1c7bb3e9378859c7a,False,"[""MOVED_UP""]",21,0,0,False,1,,0
r4-1501102,66,7,14,7,13,47cbaa8b8306af8e050c1f65bfdc4fcc589edb0685917be1c7bb3e9378859c7a,False,"[""MOVED_UP""]",20,0,0,False,0,,0
r4-1501102,67,7,13,7,12,47cbaa8b8306af8e050c1f65bfdc4fcc589edb0685917be1c7bb3e9378859c7a,False,"[""MOVED_UP""]",19,0,0,False,0,,0
r4-1501102,68,7,12,7,11,47cbaa8b8306af8e050c1f65bfdc4fcc589edb0685917be1c7bb3e9378859c7a,False,"[""MOVED_UP"",""COIN_COLLECTED""]",19,0,0,False,1,,0
r4-1501102,69,7,11,7,11,15f467e95c12c69298ccf2b333e49218a7897cd1df29c5dc6a32b25eb02cc8a3,False,"[""BOMB_DROPPED""]",17,0,0,False,3,,0
r4-1501102,70,7,11,7,11,15f467e95c12c69298ccf2b333e49218a7897cd1df29c5dc6a32b25eb02cc8a3,True,"[""WAITED""]",17,0,0,False,3,,0
r4-1501102,71,7,11,7,12,15f467e95c12c69298ccf2b333e49218a7897cd1df29c5dc6a32b25eb02cc8a3,True,"[""MOVED_DOWN""]",17,0,0,False,3,,0
r4-1501102,72,7,12,7,13,15f467e95c12c69298ccf2b333e49218a7897cd1df29c5dc6a32b25eb02cc8a3,True,"[""MOVED_DOWN""]",18,0,0,False,1,,0
r4-1501102,73,7,13,6,13,15f467e95c12c69298ccf2b333e49218a7897cd1df29c5dc6a32b25eb02cc8a3,True,"[""MOVED_LEFT"",""BOMB_EXPLODED"",""CRATE_DESTROYED"",""CRATE_DESTROYED"",""CRATE_DESTROYED"",""CRATE_DESTROYED"",""CRATE_DESTROYED"",""COIN_FOUND"",""CRATE_DESTROYED"",""CRATE_DESTROYED"",""CRATE_DESTROYED""]",19,0,0,False,0,,0
r4-1501102,74,6,13,5,13,f2bf6ad36410bd7a8d56351bd0ec6dd71a58fa0020c4683e22e0a7afb00a87be,True,"[""MOVED_LEFT""]",21,0,0,False,0,,0
r4-1501102,75,5,13,5,13,f2bf6ad36410bd7a8d56351bd0ec6dd71a58fa0020c4683e22e0a7afb00a87be,False,"[""WAITED""]",21,0,0,False,3,,0
r4-1501102,76,5,13,5,13,f2bf6ad36410bd7a8d56351bd0ec6dd71a58fa0020c4683e22e0a7afb00a87be,False,"[""BOMB_DROPPED""]",21,0,0,False,3,,0
r4-1501102,77,5,13,4,13,f2bf6ad36410bd7a8d56351bd0ec6dd71a58fa0020c4683e22e0a7afb00a87be,True,"[""MOVED_LEFT""]",21,0,0,False,3,,0
r4-1501102,78,4,13,3,13,f2bf6ad36410bd7a8d56351bd0ec6dd71a58fa0020c4683e22e0a7afb00a87be,True,"[""MOVED_LEFT""]",23,0,0,False,0,,0
r4-1501102,79,3,13,2,13,f2bf6ad36410bd7a8d56351bd0ec6dd71a58fa0020c4683e22e0a7afb00a87be,True,"[""MOVED_LEFT""]",24,0,0,False,3,,0
r4-1501102,80,2,13,1,13,f2bf6ad36410bd7a8d56351bd0ec6dd71a58fa0020c4683e22e0a7afb00a87be,True,"[""MOVED_LEFT"",""BOMB_EXPLODED"",""CRATE_DESTROYED"",""CRATE_DESTROYED"",""CRATE_DESTROYED"",""COIN_FOUND""]",25,0,0,False,0,,0
r4-1501102,81,1,13,1,13,799db131dd8c89d9bab110d770048adb9e1d7a2b63136c0e866d515920bf4ca9,True,"[""WAITED""]",26,0,0,False,0,,0
r4-1501102,82,1,13,1,12,799db131dd8c89d9bab110d770048adb9e1d7a2b63136c0e866d515920bf4ca9,False,"[""MOVED_UP""]",25,0,0,False,0,,0
r4-1501102,83,1,12,1,11,799db131dd8c89d9bab110d770048adb9e1d7a2b63136c0e866d515920bf4ca9,False,"[""MOVED_UP""]",24,0,0,False,0,,0
r4-1501102,84,1,11,1,11,799db131dd8c89d9bab110d770048adb9e1d7a2b63136c0e866d515920bf4ca9,False,"[""BOMB_DROPPED""]",23,0,0,False,3,,0
r4-1501102,85,1,11,1,11,799db131dd8c89d9bab110d770048adb9e1d7a2b63136c0e866d515920bf4ca9,True,"[""WAITED""]",23,0,0,False,3,,0
r4-1501102,86,1,11,1,12,799db131dd8c89d9bab110d770048adb9e1d7a2b63136c0e866d515920bf4ca9,True,"[""MOVED_DOWN""]",24,0,0,False,3,,0
r4-1501102,87,1,12,1,13,799db131dd8c89d9bab110d770048adb9e1d7a2b63136c0e866d515920bf4ca9,True,"[""MOVED_DOWN""]",24,0,0,False,0,,0
r4-1501102,88,1,13,2,13,799db131dd8c89d9bab110d770048adb9e1d7a2b63136c0e866d515920bf4ca9,True,"[""MOVED_RIGHT"",""BOMB_EXPLODED"",""CRATE_DESTROYED"",""COIN_FOUND"",""CRATE_DESTROYED"",""CRATE_DESTROYED""]",25,0,0,False,0,,0
r4-1501102,89,2,13,2,13,54f4c2d826236235a4885babbfbc4ec501eb23c38d62052fdf6c0a37ac907dd4,True,"[""WAITED""]",24,0,0,False,0,,0
r4-1501102,90,2,13,2,13,54f4c2d826236235a4885babbfbc4ec501eb23c38d62052fdf6c0a37ac907dd4,False,"[""WAITED""]",24,0,0,False,0,,0
r4-1501102,91,2,13,2,13,54f4c2d826236235a4885babbfbc4ec501eb23c38d62052fdf6c0a37ac907dd4,False,"[""BOMB_DROPPED""]",24,0,0,False,0,,-0.5
r4-1501102,92,2,13,1,13,54f4c2d826236235a4885babbfbc4ec501eb23c38d62052fdf6c0a37ac907dd4,True,"[""MOVED_LEFT""]",25,0,0,False,0,,0
r4-1501102,93,1,13,1,12,54f4c2d826236235a4885babbfbc4ec501eb23c38d62052fdf6c0a37ac907dd4,True,"[""MOVED_UP""]",26,0,0,False,0,,0
r4-1501102,94,1,12,1,11,54f4c2d826236235a4885babbfbc4ec501eb23c38d62052fdf6c0a37ac907dd4,True,"[""MOVED_UP""]",24,0,0,False,0,,0
r4-1501102,95,1,11,2,11,54f4c2d826236235a4885babbfbc4ec501eb23c38d62052fdf6c0a37ac907dd4,True,"[""MOVED_RIGHT"",""COIN_COLLECTED"",""BOMB_EXPLODED""]",23,0,0,False,0,,0
r4-1501102,96,2,11,3,11,d69a660078f37601ae9e71a6b48fc52584f15e00b6095d9182e5c6581b6b52d2,True,"[""MOVED_RIGHT""]",22,0,0,False,0,,0
r4-1501102,97,3,11,4,11,d69a660078f37601ae9e71a6b48fc52584f15e00b6095d9182e5c6581b6b52d2,False,"[""MOVED_RIGHT""]",21,0,0,False,3,,0
r4-1501102,98,4,11,5,11,d69a660078f37601ae9e71a6b48fc52584f15e00b6095d9182e5c6581b6b52d2,False,"[""MOVED_RIGHT"",""COIN_COLLECTED""]",21,0,0,False,0,,0
r4-1501102,99,5,11,5,10,0ae05285be51310ecd0c2e093eb7164ff2f26bfeaf7f5055076d5caf57238acf,False,"[""MOVED_UP"",""COIN_COLLECTED""]",19,0,0,False,2,,0
r4-1501102,100,5,10,5,10,0c95535dc1fa0c909f588968ed6288f895ef4902d90a39f7447ea4df58fc616f,False,"[""BOMB_DROPPED""]",18,0,0,False,3,,0
r4-1501102,101,5,10,5,10,0c95535dc1fa0c909f588968ed6288f895ef4902d90a39f7447ea4df58fc616f,True,"[""WAITED""]",19,0,0,False,3,,0
r4-1501102,102,5,10,5,10,0c95535dc1fa0c909f588968ed6288f895ef4902d90a39f7447ea4df58fc616f,True,"[""WAITED""]",18,0,0,False,3,,0
r4-1501102,103,5,10,5,11,0c95535dc1fa0c909f588968ed6288f895ef4902d90a39f7447ea4df58fc616f,True,"[""MOVED_DOWN""]",19,0,0,False,3,,0
r4-1501102,104,5,11,6,11,0c95535dc1fa0c909f588968ed6288f895ef4902d90a39f7447ea4df58fc616f,True,"[""MOVED_RIGHT"",""BOMB_EXPLODED"",""CRATE_DESTROYED"",""CRATE_DESTROYED"",""CRATE_DESTROYED""]",20,0,0,False,2,,0
r4-1501102,105,6,11,7,11,0d3fbf32f76da38e2fcc6c67cdc4ee320d8f74d810e25d9406e3258b3098e7b1,True,"[""MOVED_RIGHT""]",19,0,0,False,0,,0
r4-1501102,106,7,11,7,10,0d3fbf32f76da38e2fcc6c67cdc4ee320d8f74d810e25d9406e3258b3098e7b1,False,"[""MOVED_UP""]",18,0,0,False,0,,0
r4-1501102,107,7,10,7,10,0d3fbf32f76da38e2fcc6c67cdc4ee320d8f74d810e25d9406e3258b3098e7b1,False,"[""BOMB_DROPPED""]",16,0,0,False,1,,0
r4-1501102,108,7,10,7,10,0d3fbf32f76da38e2fcc6c67cdc4ee320d8f74d810e25d9406e3258b3098e7b1,True,"[""WAITED""]",16,0,0,False,1,,0
r4-1501102,109,7,10,7,10,0d3fbf32f76da38e2fcc6c67cdc4ee320d8f74d810e25d9406e3258b3098e7b1,True,"[""WAITED""]",16,0,0,False,1,,0
r4-1501102,110,7,10,7,9,0d3fbf32f76da38e2fcc6c67cdc4ee320d8f74d810e25d9406e3258b3098e7b1,True,"[""MOVED_UP""]",16,0,0,False,1,,0
r4-1501102,111,7,9,6,9,0d3fbf32f76da38e2fcc6c67cdc4ee320d8f74d810e25d9406e3258b3098e7b1,True,"[""MOVED_LEFT"",""BOMB_EXPLODED"",""CRATE_DESTROYED""]",15,0,0,False,3,,0
r4-1501102,112,6,9,5,9,c129cdc5ddfcd35c453d21b8eac31588fe84c76c7a72ec1f10ee0d53589881f4,True,"[""MOVED_LEFT""]",16,0,0,False,1,,0
r4-1501102,113,5,9,5,9,c129cdc5ddfcd35c453d21b8eac31588fe84c76c7a72ec1f10ee0d53589881f4,False,"[""WAITED""]",17,0,0,False,3,,0
r4-1501102,114,5,9,5,9,c129cdc5ddfcd35c453d21b8eac31588fe84c76c7a72ec1f10ee0d53589881f4,False,"[""BOMB_DROPPED""]",17,0,0,False,3,,0
r4-1501102,115,5,9,5,9,c129cdc5ddfcd35c453d21b8eac31588fe84c76c7a72ec1f10ee0d53589881f4,True,"[""WAITED""]",18,0,0,False,3,,0
r4-1501102,116,5,9,5,10,c129cdc5ddfcd35c453d21b8eac31588fe84c76c7a72ec1f10ee0d53589881f4,True,"[""MOVED_DOWN""]",17,0,0,False,3,,0
r4-1501102,117,5,10,5,11,c129cdc5ddfcd35c453d21b8eac31588fe84c76c7a72ec1f10ee0d53589881f4,True,"[""MOVED_DOWN""]",18,0,0,False,0,,0
r4-1501102,118,5,11,4,11,c129cdc5ddfcd35c453d21b8eac31588fe84c76c7a72ec1f10ee0d53589881f4,True,"[""MOVED_LEFT"",""BOMB_EXPLODED"",""CRATE_DESTROYED"",""CRATE_DESTROYED"",""CRATE_DESTROYED"",""COIN_FOUND""]",19,0,0,False,0,,0
r4-1501102,119,4,11,4,11,205ec631c7a1f392a538b3f62acb80cc5672f349f53dbfa50b9a5dc0326b9f4f,True,"[""WAITED""]",20,0,0,False,0,,0
r4-1501102,120,4,11,5,11,205ec631c7a1f392a538b3f62acb80cc5672f349f53dbfa50b9a5dc0326b9f4f,False,"[""MOVED_RIGHT""]",20,0,0,False,0,,0
r4-1501102,121,5,11,5,10,205ec631c7a1f392a538b3f62acb80cc5672f349f53dbfa50b9a5dc0326b9f4f,False,"[""MOVED_UP""]",19,0,0,False,0,,0
r4-1501102,122,5,10,5,9,205ec631c7a1f392a538b3f62acb80cc5672f349f53dbfa50b9a5dc0326b9f4f,False,"[""MOVED_UP""]",18,0,0,False,0,,0
r4-1501102,123,5,9,5,8,205ec631c7a1f392a538b3f62acb80cc5672f349f53dbfa50b9a5dc0326b9f4f,False,"[""MOVED_UP""]",17,0,0,False,0,,0
r4-1501102,124,5,8,5,7,205ec631c7a1f392a538b3f62acb80cc5672f349f53dbfa50b9a5dc0326b9f4f,False,"[""MOVED_UP""]",16,0,0,False,0,,0
r4-1501102,125,5,7,5,6,205ec631c7a1f392a538b3f62acb80cc5672f349f53dbfa50b9a5dc0326b9f4f,False,"[""MOVED_UP"",""COIN_COLLECTED""]",16,0,0,False,3,,0
r4-1501102,126,5,6,5,6,b740b393715ba60efdf28faf16fdc3b4cef18b9c540c8d1e944e87409dbdd07d,False,"[""BOMB_DROPPED""]",14,0,0,False,2,,0
r4-1501102,127,5,6,5,6,b740b393715ba60efdf28faf16fdc3b4cef18b9c540c8d1e944e87409dbdd07d,True,"[""WAITED""]",14,0,0,False,2,,0
r4-1501102,128,5,6,5,6,b740b393715ba60efdf28faf16fdc3b4cef18b9c540c8d1e944e87409dbdd07d,True,"[""WAITED""]",14,0,0,False,2,,0
r4-1501102,129,5,6,5,7,b740b393715ba60efdf28faf16fdc3b4cef18b9c540c8d1e944e87409dbdd07d,True,"[""MOVED_DOWN""]",15,0,0,False,2,,0
r4-1501102,130,5,7,6,7,b740b393715ba60efdf28faf16fdc3b4cef18b9c540c8d1e944e87409dbdd07d,True,"[""MOVED_RIGHT"",""BOMB_EXPLODED"",""CRATE_DESTROYED"",""CRATE_DESTROYED""]",15,0,0,False,3,,0
r4-1501102,131,6,7,7,7,820b401ff49a8d5fdaa9ae110fece85c34a5a92054a344ea345bf7f2496c4a0d,True,"[""MOVED_RIGHT""]",15,0,0,False,3,,0
r4-1501102,132,7,7,6,7,820b401ff49a8d5fdaa9ae110fece85c34a5a92054a344ea345bf7f2496c4a0d,False,"[""MOVED_LEFT""]",14,0,0,False,3,,0
r4-1501102,133,6,7,6,7,820b401ff49a8d5fdaa9ae110fece85c34a5a92054a344ea345bf7f2496c4a0d,False,"[""BOMB_DROPPED""]",15,0,0,False,3,,0
r4-1501102,134,6,7,6,7,820b401ff49a8d5fdaa9ae110fece85c34a5a92054a344ea345bf7f2496c4a0d,True,"[""WAITED""]",14,0,0,False,3,,0
r4-1501102,135,6,7,6,7,820b401ff49a8d5fdaa9ae110fece85c34a5a92054a344ea345bf7f2496c4a0d,True,"[""WAITED""]",15,0,0,False,3,,0
r4-1501102,136,6,7,7,7,820b401ff49a8d5fdaa9ae110fece85c34a5a92054a344ea345bf7f2496c4a0d,True,"[""MOVED_RIGHT""]",14,0,0,False,3,,0
r4-1501102,137,7,7,7,8,820b401ff49a8d5fdaa9ae110fece85c34a5a92054a344ea345bf7f2496c4a0d,True,"[""MOVED_DOWN"",""BOMB_EXPLODED"",""CRATE_DESTROYED"",""CRATE_DESTROYED"",""CRATE_DESTROYED"",""CRATE_DESTROYED""]",13,0,0,False,3,,0
r4-1501102,138,7,8,7,9,711d00d7842ec8d9722992f441790be90bd52bd139a788466b4b67b89a7291bd,True,"[""MOVED_DOWN""]",14,0,0,False,1,,0
r4-1501102,139,7,9,7,9,711d00d7842ec8d9722992f441790be90bd52bd139a788466b4b67b89a7291bd,False,"[""WAITED""]",15,0,0,False,1,,0
r4-1501102,140,7,9,7,9,711d00d7842ec8d9722992f441790be90bd52bd139a788466b4b67b89a7291bd,False,"[""BOMB_DROPPED""]",15,0,0,False,1,,0
r4-1501102,141,7,9,7,9,711d00d7842ec8d9722992f441790be90bd52bd139a788466b4b67b89a7291bd,True,"[""WAITED""]",15,0,0,False,1,,0
r4-1501102,142,7,9,7,8,711d00d7842ec8d9722992f441790be90bd52bd139a788466b4b67b89a7291bd,True,"[""MOVED_UP""]",15,0,0,False,1,,0
r4-1501102,143,7,8,7,7,711d00d7842ec8d9722992f441790be90bd52bd139a788466b4b67b89a7291bd,True,"[""MOVED_UP""]",14,0,0,False,1,,0
r4-1501102,144,7,7,8,7,711d00d7842ec8d9722992f441790be90bd52bd139a788466b4b67b89a7291bd,True,"[""MOVED_RIGHT"",""BOMB_EXPLODED"",""CRATE_DESTROYED""]",14,0,0,False,3,,0
r4-1501102,145,8,7,9,7,f8bcde699d218e7b6deff639e8be86b6efab4a5c5a0f002daa5c5e45a53ba6b2,True,"[""MOVED_RIGHT""]",12,0,0,False,2,,0
r4-1501102,146,9,7,8,7,f8bcde699d218e7b6deff639e8be86b6efab4a5c5a0f002daa5c5e45a53ba6b2,False,"[""MOVED_LEFT""]",11,0,0,False,3,,0
r4-1501102,147,8,7,8,7,f8bcde699d218e7b6deff639e8be86b6efab4a5c5a0f002daa5c5e45a53ba6b2,False,"[""BOMB_DROPPED""]",12,0,0,False,2,,0
r4-1501102,148,8,7,8,7,f8bcde699d218e7b6deff639e8be86b6efab4a5c5a0f002daa5c5e45a53ba6b2,True,"[""WAITED""]",12,0,0,False,2,,0
r4-1501102,149,8,7,8,7,f8bcde699d218e7b6deff639e8be86b6efab4a5c5a0f002daa5c5e45a53ba6b2,True,"[""WAITED""]",12,0,0,False,2,,0
r4-1501102,150,8,7,7,7,f8bcde699d218e7b6deff639e8be86b6efab4a5c5a0f002daa5c5e45a53ba6b2,True,"[""MOVED_LEFT""]",13,0,0,False,2,,0
r4-1501102,151,7,7,7,6,f8bcde699d218e7b6deff639e8be86b6efab4a5c5a0f002daa5c5e45a53ba6b2,True,"[""MOVED_UP"",""BOMB_EXPLODED"",""CRATE_DESTROYED"",""CRATE_DESTROYED""]",13,0,0,False,3,,0
r4-1501102,152,7,6,7,6,da86e4ae7ea3e9319c2b4b1edbd723aab8b1516a82558ff3cfd8f8a733399778,True,"[""WAITED""]",12,0,0,False,3,,0
r4-1501102,153,7,6,7,6,da86e4ae7ea3e9319c2b4b1edbd723aab8b1516a82558ff3cfd8f8a733399778,False,"[""WAITED""]",12,0,0,False,3,,0
r4-1501102,154,7,6,7,6,da86e4ae7ea3e9319c2b4b1edbd723aab8b1516a82558ff3cfd8f8a733399778,False,"[""BOMB_DROPPED""]",12,0,0,False,3,,0
r4-1501102,155,7,6,7,6,da86e4ae7ea3e9319c2b4b1edbd723aab8b1516a82558ff3cfd8f8a733399778,True,"[""WAITED""]",12,0,0,False,3,,0
r4-1501102,156,7,6,7,6,da86e4ae7ea3e9319c2b4b1edbd723aab8b1516a82558ff3cfd8f8a733399778,True,"[""WAITED""]",12,0,0,False,3,,0
r4-1501102,157,7,6,7,7,da86e4ae7ea3e9319c2b4b1edbd723aab8b1516a82558ff3cfd8f8a733399778,True,"[""MOVED_DOWN""]",12,0,0,False,3,,0
r4-1501102,158,7,7,8,7,da86e4ae7ea3e9319c2b4b1edbd723aab8b1516a82558ff3cfd8f8a733399778,True,"[""MOVED_RIGHT"",""BOMB_EXPLODED"",""CRATE_DESTROYED"",""CRATE_DESTROYED"",""CRATE_DESTROYED""]",13,0,0,False,2,,0
r4-1501102,159,8,7,9,7,17903875d004583b4fa29b35764d4b67c5a502a855970e4919348a96620737ee,True,"[""MOVED_RIGHT""]",13,0,0,False,0,,0
r4-1501102,160,9,7,10,7,17903875d004583b4fa29b35764d4b67c5a502a855970e4919348a96620737ee,False,"[""MOVED_RIGHT""]",11,0,0,False,3,,0
r4-1501102,161,10,7,10,7,17903875d004583b4fa29b35764d4b67c5a502a855970e4919348a96620737ee,False,"[""BOMB_DROPPED""]",11,0,0,False,1,,0
r4-1501102,162,10,7,9,7,17903875d004583b4fa29b35764d4b67c5a502a855970e4919348a96620737ee,True,"[""MOVED_LEFT""]",11,0,0,False,1,,0
r4-1501102,163,9,7,8,7,17903875d004583b4fa29b35764d4b67c5a502a855970e4919348a96620737ee,True,"[""MOVED_LEFT""]",11,0,0,False,3,,0
r4-1501102,164,8,7,7,7,17903875d004583b4fa29b35764d4b67c5a502a855970e4919348a96620737ee,True,"[""MOVED_LEFT""]",13,0,0,False,0,,0
r4-1501102,165,7,7,7,6,17903875d004583b4fa29b35764d4b67c5a502a855970e4919348a96620737ee,True,"[""MOVED_UP"",""BOMB_EXPLODED"",""CRATE_DESTROYED""]",13,0,0,False,0,,0
r4-1501102,166,7,6,7,5,39cc2f38304804eeadf91b837961bd8be41fe8feaa5eaf8838edf0eac1b0fcbc,True,"[""MOVED_UP""]",12,0,0,False,0,,0
r4-1501102,167,7,5,7,5,39cc2f38304804eeadf91b837961bd8be41fe8feaa5eaf8838edf0eac1b0fcbc,False,"[""WAITED""]",11,0,0,False,3,,0
r4-1501102,168,7,5,7,5,39cc2f38304804eeadf91b837961bd8be41fe8feaa5eaf8838edf0eac1b0fcbc,False,"[""BOMB_DROPPED""]",11,0,0,False,3,,0
r4-1501102,169,7,5,7,5,39cc2f38304804eeadf91b837961bd8be41fe8feaa5eaf8838edf0eac1b0fcbc,True,"[""WAITED""]",12,0,0,False,3,,0
r4-1501102,170,7,5,7,6,39cc2f38304804eeadf91b837961bd8be41fe8feaa5eaf8838edf0eac1b0fcbc,True,"[""MOVED_DOWN""]",12,0,0,False,3,,0
r4-1501102,171,7,6,7,7,39cc2f38304804eeadf91b837961bd8be41fe8feaa5eaf8838edf0eac1b0fcbc,True,"[""MOVED_DOWN""]",13,0,0,False,0,,0
r4-1501102,172,7,7,8,7,39cc2f38304804eeadf91b837961bd8be41fe8feaa5eaf8838edf0eac1b0fcbc,True,"[""MOVED_RIGHT"",""BOMB_EXPLODED"",""CRATE_DESTROYED"",""CRATE_DESTROYED"",""CRATE_DESTROYED"",""CRATE_DESTROYED"",""CRATE_DESTROYED""]",13,0,0,False,0,,0
r4-1501102,173,8,7,9,7,ef807eced2af44ef06068fd17d86e2a98a5a4c3faab6a7234baf9353aeebd972,True,"[""MOVED_RIGHT""]",12,0,0,False,0,,0
r4-1501102,174,9,7,10,7,ef807eced2af44ef06068fd17d86e2a98a5a4c3faab6a7234baf9353aeebd972,False,"[""MOVED_RIGHT""]",11,0,0,False,3,,0
r4-1501102,175,10,7,11,7,ef807eced2af44ef06068fd17d86e2a98a5a4c3faab6a7234baf9353aeebd972,False,"[""MOVED_RIGHT""]",10,0,0,False,0,,0
r4-1501102,176,11,7,11,7,ef807eced2af44ef06068fd17d86e2a98a5a4c3faab6a7234baf9353aeebd972,False,"[""BOMB_DROPPED""]",9,0,0,False,3,,0
r4-1501102,177,11,7,11,7,ef807eced2af44ef06068fd17d86e2a98a5a4c3faab6a7234baf9353aeebd972,True,"[""WAITED""]",9,0,0,False,3,,0
r4-1501102,178,11,7,12,7,ef807eced2af44ef06068fd17d86e2a98a5a4c3faab6a7234baf9353aeebd972,True,"[""MOVED_RIGHT""]",9,0,0,False,3,,0
r4-1501102,179,12,7,13,7,ef807eced2af44ef06068fd17d86e2a98a5a4c3faab6a7234baf9353aeebd972,True,"[""MOVED_RIGHT""]",9,0,0,False,2,,0
r4-1501102,180,13,7,13,8,ef807eced2af44ef06068fd17d86e2a98a5a4c3faab6a7234baf9353aeebd972,True,"[""MOVED_DOWN"",""BOMB_EXPLODED"",""CRATE_DESTROYED"",""CRATE_DESTROYED"",""CRATE_DESTROYED"",""CRATE_DESTROYED"",""CRATE_DESTROYED"",""CRATE_DESTROYED""]",8,0,0,False,3,,0
r4-1501102,181,13,8,13,8,44f41edd59409aff43849e06773363274eb64c3751b4178f7cfa52730698cc40,True,"[""WAITED""]",8,0,0,False,3,,0
r4-1501102,182,13,8,13,7,44f41edd59409aff43849e06773363274eb64c3751b4178f7cfa52730698cc40,False,"[""MOVED_UP""]",8,0,0,False,3,,0
r4-1501102,183,13,7,13,7,44f41edd59409aff43849e06773363274eb64c3751b4178f7cfa52730698cc40,False,"[""BOMB_DROPPED""]",7,0,0,False,3,,0
r4-1501102,184,13,7,12,7,44f41edd59409aff43849e06773363274eb64c3751b4178f7cfa52730698cc40,True,"[""MOVED_LEFT""]",8,0,0,False,3,,0
r4-1501102,185,12,7,12,7,44f41edd59409aff43849e06773363274eb64c3751b4178f7cfa52730698cc40,True,"[""WAITED""]",8,0,0,False,1,,0
r4-1501102,186,12,7,11,7,44f41edd59409aff43849e06773363274eb64c3751b4178f7cfa52730698cc40,True,"[""MOVED_LEFT""]",8,0,0,False,1,,0
r4-1501102,187,11,7,11,6,44f41edd59409aff43849e06773363274eb64c3751b4178f7cfa52730698cc40,True,"[""MOVED_UP"",""BOMB_EXPLODED"",""CRATE_DESTROYED"",""CRATE_DESTROYED"",""CRATE_DESTROYED""]",9,0,0,False,0,,0
r4-1501102,188,11,6,11,5,e9b9363ac8f9d2815ffd450b845e2d9c3507db3f87fcda59e869ac407b26fb0b,True,"[""MOVED_UP""]",8,0,0,False,1,,0
r4-1501102,189,11,5,10,5,e9b9363ac8f9d2815ffd450b845e2d9c3507db3f87fcda59e869ac407b26fb0b,False,"[""MOVED_LEFT""]",7,0,0,False,3,,0
r4-1501102,190,10,5,10,5,e9b9363ac8f9d2815ffd450b845e2d9c3507db3f87fcda59e869ac407b26fb0b,False,"[""BOMB_DROPPED""]",9,0,0,False,1,,0
r4-1501102,191,10,5,10,5,e9b9363ac8f9d2815ffd450b845e2d9c3507db3f87fcda59e869ac407b26fb0b,True,"[""WAITED""]",9,0,0,False,1,,0
r4-1501102,192,10,5,10,5,e9b9363ac8f9d2815ffd450b845e2d9c3507db3f87fcda59e869ac407b26fb0b,True,"[""WAITED""]",8,0,0,False,1,,0
r4-1501102,193,10,5,11,5,e9b9363ac8f9d2815ffd450b845e2d9c3507db3f87fcda59e869ac407b26fb0b,True,"[""MOVED_RIGHT""]",9,0,0,False,1,,0
r4-1501102,194,11,5,11,6,e9b9363ac8f9d2815ffd450b845e2d9c3507db3f87fcda59e869ac407b26fb0b,True,"[""MOVED_DOWN"",""BOMB_EXPLODED"",""CRATE_DESTROYED""]",7,0,0,False,3,,0
r4-1501102,195,11,6,11,7,7e311000d583002f4fde5819d306ac8364fd7362dcb746ce875b13d871038aeb,True,"[""MOVED_DOWN""]",8,0,0,False,1,,0
r4-1501102,196,11,7,11,6,7e311000d583002f4fde5819d306ac8364fd7362dcb746ce875b13d871038aeb,False,"[""MOVED_UP""]",9,0,0,False,0,,0
r4-1501102,197,11,6,11,6,7e311000d583002f4fde5819d306ac8364fd7362dcb746ce875b13d871038aeb,False,"[""BOMB_DROPPED""]",8,0,0,False,1,,0
r4-1501102,198,11,6,11,6,7e311000d583002f4fde5819d306ac8364fd7362dcb746ce875b13d871038aeb,True,"[""WAITED""]",8,0,0,False,1,,0
r4-1501102,199,11,6,11,6,7e311000d583002f4fde5819d306ac8364fd7362dcb746ce875b13d871038aeb,True,"[""WAITED""]",9,0,0,False,1,,0
r4-1501102,200,11,6,11,5,7e311000d583002f4fde5819d306ac8364fd7362dcb746ce875b13d871038aeb,True,"[""MOVED_UP""]",9,0,0,False,1,,0
r4-1501102,201,11,5,10,5,7e311000d583002f4fde5819d306ac8364fd7362dcb746ce875b13d871038aeb,True,"[""MOVED_LEFT"",""BOMB_EXPLODED"",""CRATE_DESTROYED""]",7,0,0,False,3,,0
r4-1501102,202,10,5,9,5,d51201f6c38bb92c313eb1a8888537fa4bf5798a1f0c3eb17cb2627d3eb29ed2,True,"[""MOVED_LEFT""]",9,0,0,False,0,,0
r4-1501102,203,9,5,10,5,d51201f6c38bb92c313eb1a8888537fa4bf5798a1f0c3eb17cb2627d3eb29ed2,False,"[""MOVED_RIGHT""]",9,0,0,False,3,,0
r4-1501102,204,10,5,11,5,d51201f6c38bb92c313eb1a8888537fa4bf5798a1f0c3eb17cb2627d3eb29ed2,False,"[""MOVED_RIGHT""]",8,0,0,False,0,,0
r4-1501102,205,11,5,11,5,d51201f6c38bb92c313eb1a8888537fa4bf5798a1f0c3eb17cb2627d3eb29ed2,False,"[""BOMB_DROPPED""]",7,0,0,False,2,,0
r4-1501102,206,11,5,11,5,d51201f6c38bb92c313eb1a8888537fa4bf5798a1f0c3eb17cb2627d3eb29ed2,True,"[""WAITED""]",7,0,0,False,2,,0
r4-1501102,207,11,5,11,6,d51201f6c38bb92c313eb1a8888537fa4bf5798a1f0c3eb17cb2627d3eb29ed2,True,"[""MOVED_DOWN""]",7,0,0,False,2,,0
r4-1501102,208,11,6,11,7,d51201f6c38bb92c313eb1a8888537fa4bf5798a1f0c3eb17cb2627d3eb29ed2,True,"[""MOVED_DOWN""]",8,0,0,False,0,,0
r4-1501102,209,11,7,12,7,d51201f6c38bb92c313eb1a8888537fa4bf5798a1f0c3eb17cb2627d3eb29ed2,True,"[""MOVED_RIGHT"",""BOMB_EXPLODED"",""CRATE_DESTROYED"",""CRATE_DESTROYED"",""COIN_FOUND""]",9,0,0,False,0,,0
r4-1501102,210,12,7,12,7,00262338b7aaa32d50778172c958c7d973319d8b5f0c50952fc9d65592e8340f,True,"[""WAITED""]",9,0,0,False,0,,0
r4-1501102,211,12,7,13,7,00262338b7aaa32d50778172c958c7d973319d8b5f0c50952fc9d65592e8340f,False,"[""MOVED_RIGHT""]",9,0,0,False,0,,0
r4-1501102,212,13,7,12,7,00262338b7aaa32d50778172c958c7d973319d8b5f0c50952fc9d65592e8340f,False,"[""MOVED_LEFT""]",8,0,0,False,0,,0
r4-1501102,213,12,7,11,7,00262338b7aaa32d50778172c958c7d973319d8b5f0c50952fc9d65592e8340f,False,"[""MOVED_LEFT""]",8,0,0,False,0,,0
r4-1501102,214,11,7,11,6,00262338b7aaa32d50778172c958c7d973319d8b5f0c50952fc9d65592e8340f,False,"[""MOVED_UP""]",10,0,0,False,0,,0
r4-1501102,215,11,6,11,5,00262338b7aaa32d50778172c958c7d973319d8b5f0c50952fc9d65592e8340f,False,"[""MOVED_UP""]",9,0,0,False,0,,0
r4-1501102,216,11,5,11,4,00262338b7aaa32d50778172c958c7d973319d8b5f0c50952fc9d65592e8340f,False,"[""MOVED_UP""]",8,0,0,False,0,,0
r4-1501102,217,11,4,11,3,00262338b7aaa32d50778172c958c7d973319d8b5f0c50952fc9d65592e8340f,False,"[""MOVED_UP""]",6,0,0,False,1,,0
r4-1501102,218,11,3,11,2,00262338b7aaa32d50778172c958c7d973319d8b5f0c50952fc9d65592e8340f,False,"[""MOVED_UP"",""COIN_COLLECTED""]",5,0,0,False,3,,0
r4-1501102,219,11,2,11,2,cf5f7df18429f86ae24c241ea3dbe50ab0c2d11191c73d8a6f4bf9d9e78d8ea8,False,"[""BOMB_DROPPED""]",4,0,0,False,1,,0
r4-1501102,220,11,2,11,3,cf5f7df18429f86ae24c241ea3dbe50ab0c2d11191c73d8a6f4bf9d9e78d8ea8,True,"[""MOVED_DOWN""]",4,0,0,False,1,,0
r4-1501102,221,11,3,11,4,cf5f7df18429f86ae24c241ea3dbe50ab0c2d11191c73d8a6f4bf9d9e78d8ea8,True,"[""MOVED_DOWN""]",5,0,0,False,3,,0
r4-1501102,222,11,4,11,5,cf5f7df18429f86ae24c241ea3dbe50ab0c2d11191c73d8a6f4bf9d9e78d8ea8,True,"[""MOVED_DOWN""]",7,0,0,False,1,,0
r4-1501102,223,11,5,10,5,cf5f7df18429f86ae24c241ea3dbe50ab0c2d11191c73d8a6f4bf9d9e78d8ea8,True,"[""MOVED_LEFT"",""BOMB_EXPLODED"",""CRATE_DESTROYED""]",8,0,0,False,0,,0
r4-1501102,224,10,5,9,5,2008af7e8526a0dadb26a55faa722e36e088d9c2b6505cafd6a3760bd5f67935,True,"[""MOVED_LEFT""]",9,0,0,False,0,,0
r4-1501102,225,9,5,10,5,2008af7e8526a0dadb26a55faa722e36e088d9c2b6505cafd6a3760bd5f67935,False,"[""MOVED_RIGHT""]",10,0,0,False,3,,0
r4-1501102,226,10,5,9,5,2008af7e8526a0dadb26a55faa722e36e088d9c2b6505cafd6a3760bd5f67935,False,"[""MOVED_LEFT""]",9,0,0,False,0,,0
r4-1501102,227,9,5,9,5,2008af7e8526a0dadb26a55faa722e36e088d9c2b6505cafd6a3760bd5f67935,False,"[""BOMB_DROPPED""]",10,0,0,False,3,,0
r4-1501102,228,9,5,9,5,2008af7e8526a0dadb26a55faa722e36e088d9c2b6505cafd6a3760bd5f67935,True,"[""WAITED""]",9,0,0,False,3,,0
r4-1501102,229,9,5,10,5,2008af7e8526a0dadb26a55faa722e36e088d9c2b6505cafd6a3760bd5f67935,True,"[""MOVED_RIGHT""]",10,0,0,False,3,,0
r4-1501102,230,10,5,11,5,2008af7e8526a0dadb26a55faa722e36e088d9c2b6505cafd6a3760bd5f67935,True,"[""MOVED_RIGHT""]",8,0,0,False,0,,0
r4-1501102,231,11,5,11,4,2008af7e8526a0dadb26a55faa722e36e088d9c2b6505cafd6a3760bd5f67935,True,"[""MOVED_UP"",""BOMB_EXPLODED"",""CRATE_DESTROYED"",""CRATE_DESTROYED"",""CRATE_DESTROYED"",""CRATE_DESTROYED""]",7,0,0,False,0,,0
r4-1501102,232,11,4,11,3,b97644dac0454bac191ae443e6e12a66a42654e229c59744f5d8a8c8096a9652,True,"[""MOVED_UP""]",6,0,0,False,0,,0
r4-1501102,233,11,3,11,3,b97644dac0454bac191ae443e6e12a66a42654e229c59744f5d8a8c8096a9652,False,"[""WAITED""]",5,0,0,False,3,,0
r4-1501102,234,11,3,11,3,b97644dac0454bac191ae443e6e12a66a42654e229c59744f5d8a8c8096a9652,False,"[""BOMB_DROPPED""]",6,0,0,False,3,,0
r4-1501102,235,11,3,11,3,b97644dac0454bac191ae443e6e12a66a42654e229c59744f5d8a8c8096a9652,True,"[""WAITED""]",6,0,0,False,3,,0
r4-1501102,236,11,3,11,4,b97644dac0454bac191ae443e6e12a66a42654e229c59744f5d8a8c8096a9652,True,"[""MOVED_DOWN""]",5,0,0,False,3,,0
r4-1501102,237,11,4,11,5,b97644dac0454bac191ae443e6e12a66a42654e229c59744f5d8a8c8096a9652,True,"[""MOVED_DOWN""]",7,0,0,False,0,,0
r4-1501102,238,11,5,12,5,b97644dac0454bac191ae443e6e12a66a42654e229c59744f5d8a8c8096a9652,True,"[""MOVED_RIGHT"",""BOMB_EXPLODED"",""CRATE_DESTROYED"",""CRATE_DESTROYED"",""CRATE_DESTROYED"",""CRATE_DESTROYED"",""CRATE_DESTROYED""]",7,0,0,False,0,,0
r4-1501102,239,12,5,13,5,f24c5752c93bd6c58062fe38c2117e03e1fc01f7d017e55af398a010e74e6a5c,True,"[""MOVED_RIGHT""]",6,0,0,False,1,,0
r4-1501102,240,13,5,13,5,f24c5752c93bd6c58062fe38c2117e03e1fc01f7d017e55af398a010e74e6a5c,False,"[""WAITED""]",5,0,0,False,2,,0
r4-1501102,241,13,5,13,5,f24c5752c93bd6c58062fe38c2117e03e1fc01f7d017e55af398a010e74e6a5c,False,"[""BOMB_DROPPED""]",5,0,0,False,2,,0
r4-1501102,242,13,5,13,5,f24c5752c93bd6c58062fe38c2117e03e1fc01f7d017e55af398a010e74e6a5c,True,"[""WAITED""]",5,0,0,False,2,,0
r4-1501102,243,13,5,13,4,f24c5752c93bd6c58062fe38c2117e03e1fc01f7d017e55af398a010e74e6a5c,True,"[""MOVED_UP""]",5,0,0,False,2,,0
r4-1501102,244,13,4,13,3,f24c5752c93bd6c58062fe38c2117e03e1fc01f7d017e55af398a010e74e6a5c,True,"[""MOVED_UP""]",4,0,0,False,2,,0
r4-1501102,245,13,3,14,3,f24c5752c93bd6c58062fe38c2117e03e1fc01f7d017e55af398a010e74e6a5c,True,"[""MOVED_RIGHT"",""BOMB_EXPLODED"",""CRATE_DESTROYED"",""CRATE_DESTROYED""]",4,0,0,False,3,,0
r4-1501102,246,14,3,14,3,42a6473a836577a3cd0110c6eab8fcc1224b46b28e5aabbc0ea32d1d1aa595d2,True,"[""WAITED""]",3,0,0,False,1,,0
r4-1501102,247,14,3,14,3,42a6473a836577a3cd0110c6eab8fcc1224b46b28e5aabbc0ea32d1d1aa595d2,False,"[""WAITED""]",3,0,0,False,1,,0
r4-1501102,248,14,3,14,3,42a6473a836577a3cd0110c6eab8fcc1224b46b28e5aabbc0ea32d1d1aa595d2,False,"[""BOMB_DROPPED""]",2,0,0,False,1,,0
r4-1501102,249,14,3,14,3,42a6473a836577a3cd0110c6eab8fcc1224b46b28e5aabbc0ea32d1d1aa595d2,True,"[""WAITED""]",2,0,0,False,1,,0
r4-1501102,250,14,3,14,3,42a6473a836577a3cd0110c6eab8fcc1224b46b28e5aabbc0ea32d1d1aa595d2,True,"[""WAITED""]",2,0,0,False,1,,0
r4-1501102,251,14,3,13,3,42a6473a836577a3cd0110c6eab8fcc1224b46b28e5aabbc0ea32d1d1aa595d2,True,"[""MOVED_LEFT""]",2,0,0,False,1,,0
r4-1501102,252,13,3,13,2,42a6473a836577a3cd0110c6eab8fcc1224b46b28e5aabbc0ea32d1d1aa595d2,True,"[""MOVED_UP"",""BOMB_EXPLODED"",""CRATE_DESTROYED""]",4,0,0,False,2,,0
r4-1501102,253,13,2,13,2,4fbec70aa6b618a3139d0908e2f4f321446122060a90de779887f5844a15f0d4,True,"[""WAITED""]",3,0,0,False,1,,0
r4-1501102,254,13,2,13,3,4fbec70aa6b618a3139d0908e2f4f321446122060a90de779887f5844a15f0d4,False,"[""MOVED_DOWN""]",2,0,0,False,1,,0
r4-1501102,255,13,3,13,3,4fbec70aa6b618a3139d0908e2f4f321446122060a90de779887f5844a15f0d4,False,"[""BOMB_DROPPED""]",4,0,0,False,1,,0
r4-1501102,256,13,3,13,3,4fbec70aa6b618a3139d0908e2f4f321446122060a90de779887f5844a15f0d4,True,"[""WAITED""]",3,0,0,False,1,,0
r4-1501102,257,13,3,14,3,4fbec70aa6b618a3139d0908e2f4f321446122060a90de779887f5844a15f0d4,True,"[""MOVED_RIGHT""]",4,0,0,False,1,,0
r4-1501102,258,14,3,15,3,4fbec70aa6b618a3139d0908e2f4f321446122060a90de779887f5844a15f0d4,True,"[""MOVED_RIGHT""]",2,0,0,False,0,,0
r4-1501102,259,15,3,15,4,4fbec70aa6b618a3139d0908e2f4f321446122060a90de779887f5844a15f0d4,True,"[""MOVED_DOWN"",""BOMB_EXPLODED"",""CRATE_DESTROYED"",""COIN_FOUND""]",1,1,1,False,1,,0
r4-1501102,260,15,4,15,5,3f42f294e9f77b709d9e6f38e0a847ff0f518cfd0462fee26a171a37a29d7131,True,"[""MOVED_DOWN"",""KILLED_OPPONENT"",""OPPONENT_ELIMINATED""]",2,1,1,False,1,,0
r4-1501102,261,15,5,14,5,3f42f294e9f77b709d9e6f38e0a847ff0f518cfd0462fee26a171a37a29d7131,False,"[""MOVED_LEFT""]",,0,0,False,2,,0
r4-1501102,262,14,5,13,5,3f42f294e9f77b709d9e6f38e0a847ff0f518cfd0462fee26a171a37a29d7131,False,"[""MOVED_LEFT""]",,0,0,False,0,,0
r4-1501102,263,13,5,13,4,3f42f294e9f77b709d9e6f38e0a847ff0f518cfd0462fee26a171a37a29d7131,False,"[""MOVED_UP""]",,0,0,False,0,,0
r4-1501102,264,13,4,13,3,3f42f294e9f77b709d9e6f38e0a847ff0f518cfd0462fee26a171a37a29d7131,False,"[""MOVED_UP""]",,0,0,False,0,,0
r4-1501102,265,13,3,13,2,3f42f294e9f77b709d9e6f38e0a847ff0f518cfd0462fee26a171a37a29d7131,False,"[""MOVED_UP""]",,0,0,False,0,,0
r4-1501102,266,13,2,13,1,3f42f294e9f77b709d9e6f38e0a847ff0f518cfd0462fee26a171a37a29d7131,False,"[""MOVED_UP"",""COIN_COLLECTED""]",,0,0,False,0,,0
r4-1501102,267,13,1,13,1,9d1bf8ec30dc321cead29138f393b4ee15ae918e6707984c3e51b9801f69c775,False,"[""BOMB_DROPPED""]",,0,0,False,2,,0
r4-1501102,268,13,1,13,2,9d1bf8ec30dc321cead29138f393b4ee15ae918e6707984c3e51b9801f69c775,True,"[""MOVED_DOWN""]",,0,0,False,2,,0
r4-1501102,269,13,2,13,2,9d1bf8ec30dc321cead29138f393b4ee15ae918e6707984c3e51b9801f69c775,True,"[""WAITED""]",,0,0,False,0,,0
r4-1501102,270,13,2,13,3,9d1bf8ec30dc321cead29138f393b4ee15ae918e6707984c3e51b9801f69c775,True,"[""MOVED_DOWN""]",,0,0,False,0,,0
r4-1501102,271,13,3,14,3,9d1bf8ec30dc321cead29138f393b4ee15ae918e6707984c3e51b9801f69c775,True,"[""MOVED_RIGHT"",""BOMB_EXPLODED"",""CRATE_DESTROYED"",""CRATE_DESTROYED""]",,0,0,False,0,,0
r4-1501102,272,14,3,15,3,4f7a297f83194bb975d8e51b810c37b621fc69de99d1c68dfa7c5c15aa33be94,True,"[""MOVED_RIGHT""]",,0,0,False,0,,0
r4-1501102,273,15,3,15,3,4f7a297f83194bb975d8e51b810c37b621fc69de99d1c68dfa7c5c15aa33be94,False,"[""WAITED""]",,0,0,False,1,,0
r4-1501102,274,15,3,15,3,4f7a297f83194bb975d8e51b810c37b621fc69de99d1c68dfa7c5c15aa33be94,False,"[""BOMB_DROPPED""]",,0,0,False,1,,0
r4-1501102,275,15,3,15,3,4f7a297f83194bb975d8e51b810c37b621fc69de99d1c68dfa7c5c15aa33be94,True,"[""WAITED""]",,0,0,False,1,,0
r4-1501102,276,15,3,15,2,4f7a297f83194bb975d8e51b810c37b621fc69de99d1c68dfa7c5c15aa33be94,True,"[""MOVED_UP""]",,0,0,False,1,,0
r4-1501102,277,15,2,15,1,4f7a297f83194bb975d8e51b810c37b621fc69de99d1c68dfa7c5c15aa33be94,True,"[""MOVED_UP""]",,0,0,False,0,,0
r4-1501102,278,15,1,14,1,4f7a297f83194bb975d8e51b810c37b621fc69de99d1c68dfa7c5c15aa33be94,True,"[""MOVED_LEFT"",""BOMB_EXPLODED"",""CRATE_DESTROYED""]",,0,0,False,0,,0
r4-1501102,279,14,1,13,1,b2b741a66d00b8f5d364cba8f8e687c4b74b4269eeb6863c0927ec44e4333e6d,True,"[""MOVED_LEFT""]",,0,0,False,0,,0
r4-1501102,280,13,1,14,1,b2b741a66d00b8f5d364cba8f8e687c4b74b4269eeb6863c0927ec44e4333e6d,False,"[""MOVED_RIGHT""]",,0,0,False,0,,0
r4-1501102,281,14,1,15,1,b2b741a66d00b8f5d364cba8f8e687c4b74b4269eeb6863c0927ec44e4333e6d,False,"[""MOVED_RIGHT""]",,0,0,False,0,,0
r4-1501102,282,15,1,15,1,b2b741a66d00b8f5d364cba8f8e687c4b74b4269eeb6863c0927ec44e4333e6d,False,"[""BOMB_DROPPED""]",,0,0,False,0,,-0.5
r4-1501102,283,15,1,14,1,b2b741a66d00b8f5d364cba8f8e687c4b74b4269eeb6863c0927ec44e4333e6d,True,"[""MOVED_LEFT""]",,0,0,False,0,,0
r4-1501102,284,14,1,14,1,b2b741a66d00b8f5d364cba8f8e687c4b74b4269eeb6863c0927ec44e4333e6d,True,"[""WAITED""]",,0,0,False,0,,0
r4-1501102,285,14,1,13,1,b2b741a66d00b8f5d364cba8f8e687c4b74b4269eeb6863c0927ec44e4333e6d,True,"[""MOVED_LEFT""]",,0,0,False,0,,0
r4-1501102,286,13,1,13,2,b2b741a66d00b8f5d364cba8f8e687c4b74b4269eeb6863c0927ec44e4333e6d,True,"[""MOVED_DOWN"",""BOMB_EXPLODED""]",,0,0,False,0,,0
r4-1501102,287,13,2,13,3,b2b741a66d00b8f5d364cba8f8e687c4b74b4269eeb6863c0927ec44e4333e6d,True,"[""MOVED_DOWN""]",,0,0,False,0,,0
r4-1501102,288,13,3,14,3,b2b741a66d00b8f5d364cba8f8e687c4b74b4269eeb6863c0927ec44e4333e6d,False,"[""MOVED_RIGHT""]",,0,0,False,0,,0
r4-1501102,289,14,3,15,3,b2b741a66d00b8f5d364cba8f8e687c4b74b4269eeb6863c0927ec44e4333e6d,False,"[""MOVED_RIGHT""]",,0,0,False,0,,0
r4-1501102,290,15,3,15,3,b2b741a66d00b8f5d364cba8f8e687c4b74b4269eeb6863c0927ec44e4333e6d,False,"[""BOMB_DROPPED""]",,0,0,False,0,,-0.5
r4-1501102,291,15,3,14,3,b2b741a66d00b8f5d364cba8f8e687c4b74b4269eeb6863c0927ec44e4333e6d,True,"[""MOVED_LEFT""]",,0,0,False,0,,0
r4-1501102,292,14,3,14,3,b2b741a66d00b8f5d364cba8f8e687c4b74b4269eeb6863c0927ec44e4333e6d,True,"[""WAITED""]",,0,0,False,0,,0
r4-1501102,293,14,3,13,3,b2b741a66d00b8f5d364cba8f8e687c4b74b4269eeb6863c0927ec44e4333e6d,True,"[""MOVED_LEFT""]",,0,0,False,0,,0
r4-1501102,294,13,3,13,2,b2b741a66d00b8f5d364cba8f8e687c4b74b4269eeb6863c0927ec44e4333e6d,True,"[""MOVED_UP"",""BOMB_EXPLODED""]",,0,0,False,0,,0
r4-1501102,295,13,2,13,1,b2b741a66d00b8f5d364cba8f8e687c4b74b4269eeb6863c0927ec44e4333e6d,True,"[""MOVED_UP""]",,0,0,False,0,,0
r4-1501102,296,13,1,14,1,b2b741a66d00b8f5d364cba8f8e687c4b74b4269eeb6863c0927ec44e4333e6d,False,"[""MOVED_RIGHT""]",,0,0,False,0,,0
r4-1501102,297,14,1,15,1,b2b741a66d00b8f5d364cba8f8e687c4b74b4269eeb6863c0927ec44e4333e6d,False,"[""MOVED_RIGHT""]",,0,0,False,0,,0
r4-1501102,298,15,1,15,1,b2b741a66d00b8f5d364cba8f8e687c4b74b4269eeb6863c0927ec44e4333e6d,False,"[""BOMB_DROPPED""]",,0,0,False,0,,-0.5
r4-1501102,299,15,1,14,1,b2b741a66d00b8f5d364cba8f8e687c4b74b4269eeb6863c0927ec44e4333e6d,True,"[""MOVED_LEFT""]",,0,0,False,0,,0
r4-1501102,300,14,1,14,1,b2b741a66d00b8f5d364cba8f8e687c4b74b4269eeb6863c0927ec44e4333e6d,True,"[""WAITED""]",,0,0,False,0,,0
r4-1501102,301,14,1,13,1,b2b741a66d00b8f5d364cba8f8e687c4b74b4269eeb6863c0927ec44e4333e6d,True,"[""MOVED_LEFT""]",,0,0,False,0,,0
r4-1501102,302,13,1,13,2,b2b741a66d00b8f5d364cba8f8e687c4b74b4269eeb6863c0927ec44e4333e6d,True,"[""MOVED_DOWN"",""BOMB_EXPLODED""]",,0,0,False,0,,0
r4-1501102,303,13,2,13,3,b2b741a66d00b8f5d364cba8f8e687c4b74b4269eeb6863c0927ec44e4333e6d,True,"[""MOVED_DOWN""]",,0,0,False,0,,0
r4-1501102,304,13,3,14,3,b2b741a66d00b8f5d364cba8f8e687c4b74b4269eeb6863c0927ec44e4333e6d,False,"[""MOVED_RIGHT""]",,0,0,False,0,,0
r4-1501102,305,14,3,15,3,b2b741a66d00b8f5d364cba8f8e687c4b74b4269eeb6863c0927ec44e4333e6d,False,"[""MOVED_RIGHT""]",,0,0,False,0,,0
r4-1501102,306,15,3,15,3,b2b741a66d00b8f5d364cba8f8e687c4b74b4269eeb6863c0927ec44e4333e6d,False,"[""BOMB_DROPPED""]",,0,0,False,0,,-0.5
r4-1501102,307,15,3,14,3,b2b741a66d00b8f5d364cba8f8e687c4b74b4269eeb6863c0927ec44e4333e6d,True,"[""MOVED_LEFT""]",,0,0,False,0,,0
r4-1501102,308,14,3,14,3,b2b741a66d00b8f5d364cba8f8e687c4b74b4269eeb6863c0927ec44e4333e6d,True,"[""WAITED""]",,0,0,False,0,,0
r4-1501102,309,14,3,13,3,b2b741a66d00b8f5d364cba8f8e687c4b74b4269eeb6863c0927ec44e4333e6d,True,"[""MOVED_LEFT""]",,0,0,False,0,,0
r4-1501102,310,13,3,13,2,b2b741a66d00b8f5d364cba8f8e687c4b74b4269eeb6863c0927ec44e4333e6d,True,"[""MOVED_UP"",""BOMB_EXPLODED""]",,0,0,False,0,,0
r4-1501102,311,13,2,13,1,b2b741a66d00b8f5d364cba8f8e687c4b74b4269eeb6863c0927ec44e4333e6d,True,"[""MOVED_UP""]",,0,0,False,0,,0
r4-1501102,312,13,1,14,1,b2b741a66d00b8f5d364cba8f8e687c4b74b4269eeb6863c0927ec44e4333e6d,False,"[""MOVED_RIGHT""]",,0,0,False,0,,0
r4-1501102,313,14,1,15,1,b2b741a66d00b8f5d364cba8f8e687c4b74b4269eeb6863c0927ec44e4333e6d,False,"[""MOVED_RIGHT""]",,0,0,False,0,,0
r4-1501102,314,15,1,15,1,b2b741a66d00b8f5d364cba8f8e687c4b74b4269eeb6863c0927ec44e4333e6d,False,"[""BOMB_DROPPED""]",,0,0,False,0,,-0.5
r4-1501102,315,15,1,14,1,b2b741a66d00b8f5d364cba8f8e687c4b74b4269eeb6863c0927ec44e4333e6d,True,"[""MOVED_LEFT""]",,0,0,False,0,,0
r4-1501102,316,14,1,14,1,b2b741a66d00b8f5d364cba8f8e687c4b74b4269eeb6863c0927ec44e4333e6d,True,"[""WAITED""]",,0,0,False,0,,0
r4-1501102,317,14,1,13,1,b2b741a66d00b8f5d364cba8f8e687c4b74b4269eeb6863c0927ec44e4333e6d,True,"[""MOVED_LEFT""]",,0,0,False,0,,0
r4-1501102,318,13,1,13,2,b2b741a66d00b8f5d364cba8f8e687c4b74b4269eeb6863c0927ec44e4333e6d,True,"[""MOVED_DOWN"",""BOMB_EXPLODED""]",,0,0,False,0,,0
r4-1501102,319,13,2,13,3,b2b741a66d00b8f5d364cba8f8e687c4b74b4269eeb6863c0927ec44e4333e6d,True,"[""MOVED_DOWN""]",,0,0,False,0,,0
r4-1501102,320,13,3,14,3,b2b741a66d00b8f5d364cba8f8e687c4b74b4269eeb6863c0927ec44e4333e6d,False,"[""MOVED_RIGHT""]",,0,0,False,0,,0
r4-1501102,321,14,3,15,3,b2b741a66d00b8f5d364cba8f8e687c4b74b4269eeb6863c0927ec44e4333e6d,False,"[""MOVED_RIGHT""]",,0,0,False,0,,0
r4-1501102,322,15,3,15,3,b2b741a66d00b8f5d364cba8f8e687c4b74b4269eeb6863c0927ec44e4333e6d,False,"[""BOMB_DROPPED""]",,0,0,False,0,,-0.5
r4-1501102,323,15,3,14,3,b2b741a66d00b8f5d364cba8f8e687c4b74b4269eeb6863c0927ec44e4333e6d,True,"[""MOVED_LEFT""]",,0,0,False,0,,0
r4-1501102,324,14,3,14,3,b2b741a66d00b8f5d364cba8f8e687c4b74b4269eeb6863c0927ec44e4333e6d,True,"[""WAITED""]",,0,0,False,0,,0
r4-1501102,325,14,3,13,3,b2b741a66d00b8f5d364cba8f8e687c4b74b4269eeb6863c0927ec44e4333e6d,True,"[""MOVED_LEFT""]",,0,0,False,0,,0
r4-1501102,326,13,3,13,2,b2b741a66d00b8f5d364cba8f8e687c4b74b4269eeb6863c0927ec44e4333e6d,True,"[""MOVED_UP"",""BOMB_EXPLODED""]",,0,0,False,0,,0
r4-1501102,327,13,2,13,1,b2b741a66d00b8f5d364cba8f8e687c4b74b4269eeb6863c0927ec44e4333e6d,True,"[""MOVED_UP""]",,0,0,False,0,,0
r4-1501102,328,13,1,14,1,b2b741a66d00b8f5d364cba8f8e687c4b74b4269eeb6863c0927ec44e4333e6d,False,"[""MOVED_RIGHT""]",,0,0,False,0,,0
r4-1501102,329,14,1,15,1,b2b741a66d00b8f5d364cba8f8e687c4b74b4269eeb6863c0927ec44e4333e6d,False,"[""MOVED_RIGHT""]",,0,0,False,0,,0
r4-1501102,330,15,1,15,1,b2b741a66d00b8f5d364cba8f8e687c4b74b4269eeb6863c0927ec44e4333e6d,False,"[""BOMB_DROPPED""]",,0,0,False,0,,-0.5
r4-1501102,331,15,1,14,1,b2b741a66d00b8f5d364cba8f8e687c4b74b4269eeb6863c0927ec44e4333e6d,True,"[""MOVED_LEFT""]",,0,0,False,0,,0
r4-1501102,332,14,1,14,1,b2b741a66d00b8f5d364cba8f8e687c4b74b4269eeb6863c0927ec44e4333e6d,True,"[""WAITED""]",,0,0,False,0,,0
r4-1501102,333,14,1,13,1,b2b741a66d00b8f5d364cba8f8e687c4b74b4269eeb6863c0927ec44e4333e6d,True,"[""MOVED_LEFT""]",,0,0,False,0,,0
r4-1501102,334,13,1,13,2,b2b741a66d00b8f5d364cba8f8e687c4b74b4269eeb6863c0927ec44e4333e6d,True,"[""MOVED_DOWN"",""BOMB_EXPLODED""]",,0,0,False,0,,0
r4-1501102,335,13,2,13,3,b2b741a66d00b8f5d364cba8f8e687c4b74b4269eeb6863c0927ec44e4333e6d,True,"[""MOVED_DOWN""]",,0,0,False,0,,0
r4-1501102,336,13,3,14,3,b2b741a66d00b8f5d364cba8f8e687c4b74b4269eeb6863c0927ec44e4333e6d,False,"[""MOVED_RIGHT""]",,0,0,False,0,,0
r4-1501102,337,14,3,15,3,b2b741a66d00b8f5d364cba8f8e687c4b74b4269eeb6863c0927ec44e4333e6d,False,"[""MOVED_RIGHT""]",,0,0,False,0,,0
r4-1501102,338,15,3,15,3,b2b741a66d00b8f5d364cba8f8e687c4b74b4269eeb6863c0927ec44e4333e6d,False,"[""BOMB_DROPPED""]",,0,0,False,0,,-0.5
r4-1501102,339,15,3,14,3,b2b741a66d00b8f5d364cba8f8e687c4b74b4269eeb6863c0927ec44e4333e6d,True,"[""MOVED_LEFT""]",,0,0,False,0,,0
r4-1501102,340,14,3,14,3,b2b741a66d00b8f5d364cba8f8e687c4b74b4269eeb6863c0927ec44e4333e6d,True,"[""WAITED""]",,0,0,False,0,,0
r4-1501102,341,14,3,13,3,b2b741a66d00b8f5d364cba8f8e687c4b74b4269eeb6863c0927ec44e4333e6d,True,"[""MOVED_LEFT""]",,0,0,False,0,,0
r4-1501102,342,13,3,13,2,b2b741a66d00b8f5d364cba8f8e687c4b74b4269eeb6863c0927ec44e4333e6d,True,"[""MOVED_UP"",""BOMB_EXPLODED""]",,0,0,False,0,,0
r4-1501102,343,13,2,13,1,b2b741a66d00b8f5d364cba8f8e687c4b74b4269eeb6863c0927ec44e4333e6d,True,"[""MOVED_UP""]",,0,0,False,0,,0
r4-1501102,344,13,1,14,1,b2b741a66d00b8f5d364cba8f8e687c4b74b4269eeb6863c0927ec44e4333e6d,False,"[""MOVED_RIGHT""]",,0,0,False,0,,0
r4-1501102,345,14,1,15,1,b2b741a66d00b8f5d364cba8f8e687c4b74b4269eeb6863c0927ec44e4333e6d,False,"[""MOVED_RIGHT""]",,0,0,False,0,,0
r4-1501102,346,15,1,15,1,b2b741a66d00b8f5d364cba8f8e687c4b74b4269eeb6863c0927ec44e4333e6d,False,"[""BOMB_DROPPED""]",,0,0,False,0,,-0.5
r4-1501102,347,15,1,14,1,b2b741a66d00b8f5d364cba8f8e687c4b74b4269eeb6863c0927ec44e4333e6d,True,"[""MOVED_LEFT""]",,0,0,False,0,,0
r4-1501102,348,14,1,14,1,b2b741a66d00b8f5d364cba8f8e687c4b74b4269eeb6863c0927ec44e4333e6d,True,"[""WAITED""]",,0,0,False,0,,0
r4-1501102,349,14,1,13,1,b2b741a66d00b8f5d364cba8f8e687c4b74b4269eeb6863c0927ec44e4333e6d,True,"[""MOVED_LEFT""]",,0,0,False,0,,0
r4-1501102,350,13,1,13,2,b2b741a66d00b8f5d364cba8f8e687c4b74b4269eeb6863c0927ec44e4333e6d,True,"[""MOVED_DOWN"",""BOMB_EXPLODED""]",,0,0,False,0,,0
r4-1501102,351,13,2,13,3,b2b741a66d00b8f5d364cba8f8e687c4b74b4269eeb6863c0927ec44e4333e6d,True,"[""MOVED_DOWN""]",,0,0,False,0,,0
r4-1501102,352,13,3,14,3,b2b741a66d00b8f5d364cba8f8e687c4b74b4269eeb6863c0927ec44e4333e6d,False,"[""MOVED_RIGHT""]",,0,0,False,0,,0
r4-1501102,353,14,3,15,3,b2b741a66d00b8f5d364cba8f8e687c4b74b4269eeb6863c0927ec44e4333e6d,False,"[""MOVED_RIGHT""]",,0,0,False,0,,0
r4-1501102,354,15,3,15,3,b2b741a66d00b8f5d364cba8f8e687c4b74b4269eeb6863c0927ec44e4333e6d,False,"[""BOMB_DROPPED""]",,0,0,False,0,,-0.5
r4-1501102,355,15,3,14,3,b2b741a66d00b8f5d364cba8f8e687c4b74b4269eeb6863c0927ec44e4333e6d,True,"[""MOVED_LEFT""]",,0,0,False,0,,0
r4-1501102,356,14,3,14,3,b2b741a66d00b8f5d364cba8f8e687c4b74b4269eeb6863c0927ec44e4333e6d,True,"[""WAITED""]",,0,0,False,0,,0
r4-1501102,357,14,3,13,3,b2b741a66d00b8f5d364cba8f8e687c4b74b4269eeb6863c0927ec44e4333e6d,True,"[""MOVED_LEFT""]",,0,0,False,0,,0
r4-1501102,358,13,3,13,2,b2b741a66d00b8f5d364cba8f8e687c4b74b4269eeb6863c0927ec44e4333e6d,True,"[""MOVED_UP"",""BOMB_EXPLODED""]",,0,0,False,0,,0
r4-1501102,359,13,2,13,1,b2b741a66d00b8f5d364cba8f8e687c4b74b4269eeb6863c0927ec44e4333e6d,True,"[""MOVED_UP""]",,0,0,False,0,,0
r4-1501102,360,13,1,14,1,b2b741a66d00b8f5d364cba8f8e687c4b74b4269eeb6863c0927ec44e4333e6d,False,"[""MOVED_RIGHT""]",,0,0,False,0,,0
r4-1501102,361,14,1,15,1,b2b741a66d00b8f5d364cba8f8e687c4b74b4269eeb6863c0927ec44e4333e6d,False,"[""MOVED_RIGHT""]",,0,0,False,0,,0
r4-1501102,362,15,1,15,1,b2b741a66d00b8f5d364cba8f8e687c4b74b4269eeb6863c0927ec44e4333e6d,False,"[""BOMB_DROPPED""]",,0,0,False,0,,-0.5
r4-1501102,363,15,1,14,1,b2b741a66d00b8f5d364cba8f8e687c4b74b4269eeb6863c0927ec44e4333e6d,True,"[""MOVED_LEFT""]",,0,0,False,0,,0
r4-1501102,364,14,1,14,1,b2b741a66d00b8f5d364cba8f8e687c4b74b4269eeb6863c0927ec44e4333e6d,True,"[""WAITED""]",,0,0,False,0,,0
r4-1501102,365,14,1,13,1,b2b741a66d00b8f5d364cba8f8e687c4b74b4269eeb6863c0927ec44e4333e6d,True,"[""MOVED_LEFT""]",,0,0,False,0,,0
r4-1501102,366,13,1,13,2,b2b741a66d00b8f5d364cba8f8e687c4b74b4269eeb6863c0927ec44e4333e6d,True,"[""MOVED_DOWN"",""BOMB_EXPLODED""]",,0,0,False,0,,0
r4-1501102,367,13,2,13,3,b2b741a66d00b8f5d364cba8f8e687c4b74b4269eeb6863c0927ec44e4333e6d,True,"[""MOVED_DOWN""]",,0,0,False,0,,0
r4-1501102,368,13,3,14,3,b2b741a66d00b8f5d364cba8f8e687c4b74b4269eeb6863c0927ec44e4333e6d,False,"[""MOVED_RIGHT""]",,0,0,False,0,,0
r4-1501102,369,14,3,15,3,b2b741a66d00b8f5d364cba8f8e687c4b74b4269eeb6863c0927ec44e4333e6d,False,"[""MOVED_RIGHT""]",,0,0,False,0,,0
r4-1501102,370,15,3,15,3,b2b741a66d00b8f5d364cba8f8e687c4b74b4269eeb6863c0927ec44e4333e6d,False,"[""BOMB_DROPPED""]",,0,0,False,0,,-0.5
r4-1501102,371,15,3,14,3,b2b741a66d00b8f5d364cba8f8e687c4b74b4269eeb6863c0927ec44e4333e6d,True,"[""MOVED_LEFT""]",,0,0,False,0,,0
r4-1501102,372,14,3,14,3,b2b741a66d00b8f5d364cba8f8e687c4b74b4269eeb6863c0927ec44e4333e6d,True,"[""WAITED""]",,0,0,False,0,,0
r4-1501102,373,14,3,13,3,b2b741a66d00b8f5d364cba8f8e687c4b74b4269eeb6863c0927ec44e4333e6d,True,"[""MOVED_LEFT""]",,0,0,False,0,,0
r4-1501102,374,13,3,13,2,b2b741a66d00b8f5d364cba8f8e687c4b74b4269eeb6863c0927ec44e4333e6d,True,"[""MOVED_UP"",""BOMB_EXPLODED""]",,0,0,False,0,,0
r4-1501102,375,13,2,13,1,b2b741a66d00b8f5d364cba8f8e687c4b74b4269eeb6863c0927ec44e4333e6d,True,"[""MOVED_UP""]",,0,0,False,0,,0
r4-1501102,376,13,1,14,1,b2b741a66d00b8f5d364cba8f8e687c4b74b4269eeb6863c0927ec44e4333e6d,False,"[""MOVED_RIGHT""]",,0,0,False,0,,0
r4-1501102,377,14,1,15,1,b2b741a66d00b8f5d364cba8f8e687c4b74b4269eeb6863c0927ec44e4333e6d,False,"[""MOVED_RIGHT""]",,0,0,False,0,,0
r4-1501102,378,15,1,15,1,b2b741a66d00b8f5d364cba8f8e687c4b74b4269eeb6863c0927ec44e4333e6d,False,"[""BOMB_DROPPED""]",,0,0,False,0,,-0.5
r4-1501102,379,15,1,14,1,b2b741a66d00b8f5d364cba8f8e687c4b74b4269eeb6863c0927ec44e4333e6d,True,"[""MOVED_LEFT""]",,0,0,False,0,,0
r4-1501102,380,14,1,14,1,b2b741a66d00b8f5d364cba8f8e687c4b74b4269eeb6863c0927ec44e4333e6d,True,"[""WAITED""]",,0,0,False,0,,0
r4-1501102,381,14,1,13,1,b2b741a66d00b8f5d364cba8f8e687c4b74b4269eeb6863c0927ec44e4333e6d,True,"[""MOVED_LEFT""]",,0,0,False,0,,0
r4-1501102,382,13,1,13,2,b2b741a66d00b8f5d364cba8f8e687c4b74b4269eeb6863c0927ec44e4333e6d,True,"[""MOVED_DOWN"",""BOMB_EXPLODED""]",,0,0,False,0,,0
r4-1501102,383,13,2,13,3,b2b741a66d00b8f5d364cba8f8e687c4b74b4269eeb6863c0927ec44e4333e6d,True,"[""MOVED_DOWN""]",,0,0,False,0,,0
r4-1501102,384,13,3,14,3,b2b741a66d00b8f5d364cba8f8e687c4b74b4269eeb6863c0927ec44e4333e6d,False,"[""MOVED_RIGHT""]",,0,0,False,0,,0
r4-1501102,385,14,3,15,3,b2b741a66d00b8f5d364cba8f8e687c4b74b4269eeb6863c0927ec44e4333e6d,False,"[""MOVED_RIGHT""]",,0,0,False,0,,0
r4-1501102,386,15,3,15,3,b2b741a66d00b8f5d364cba8f8e687c4b74b4269eeb6863c0927ec44e4333e6d,False,"[""BOMB_DROPPED""]",,0,0,False,0,,-0.5
r4-1501102,387,15,3,14,3,b2b741a66d00b8f5d364cba8f8e687c4b74b4269eeb6863c0927ec44e4333e6d,True,"[""MOVED_LEFT""]",,0,0,False,0,,0
r4-1501102,388,14,3,14,3,b2b741a66d00b8f5d364cba8f8e687c4b74b4269eeb6863c0927ec44e4333e6d,True,"[""WAITED""]",,0,0,False,0,,0
r4-1501102,389,14,3,13,3,b2b741a66d00b8f5d364cba8f8e687c4b74b4269eeb6863c0927ec44e4333e6d,True,"[""MOVED_LEFT""]",,0,0,False,0,,0
r4-1501102,390,13,3,13,2,b2b741a66d00b8f5d364cba8f8e687c4b74b4269eeb6863c0927ec44e4333e6d,True,"[""MOVED_UP"",""BOMB_EXPLODED""]",,0,0,False,0,,0
r4-1501102,391,13,2,13,1,b2b741a66d00b8f5d364cba8f8e687c4b74b4269eeb6863c0927ec44e4333e6d,True,"[""MOVED_UP""]",,0,0,False,0,,0
r4-1501102,392,13,1,14,1,b2b741a66d00b8f5d364cba8f8e687c4b74b4269eeb6863c0927ec44e4333e6d,False,"[""MOVED_RIGHT""]",,0,0,False,0,,0
r4-1501102,393,14,1,15,1,b2b741a66d00b8f5d364cba8f8e687c4b74b4269eeb6863c0927ec44e4333e6d,False,"[""MOVED_RIGHT""]",,0,0,False,0,,0
r4-1501102,394,15,1,15,1,b2b741a66d00b8f5d364cba8f8e687c4b74b4269eeb6863c0927ec44e4333e6d,False,"[""BOMB_DROPPED""]",,0,0,False,0,,-0.5
r4-1501102,395,15,1,14,1,b2b741a66d00b8f5d364cba8f8e687c4b74b4269eeb6863c0927ec44e4333e6d,True,"[""MOVED_LEFT""]",,0,0,False,0,,0
r4-1501102,396,14,1,14,1,b2b741a66d00b8f5d364cba8f8e687c4b74b4269eeb6863c0927ec44e4333e6d,True,"[""WAITED""]",,0,0,False,0,,0
r4-1501102,397,14,1,13,1,b2b741a66d00b8f5d364cba8f8e687c4b74b4269eeb6863c0927ec44e4333e6d,True,"[""MOVED_LEFT""]",,0,0,False,0,,0
r4-1501102,398,13,1,13,2,b2b741a66d00b8f5d364cba8f8e687c4b74b4269eeb6863c0927ec44e4333e6d,True,"[""MOVED_DOWN"",""BOMB_EXPLODED""]",,0,0,False,0,,0
r4-1501102,399,13,2,13,3,b2b741a66d00b8f5d364cba8f8e687c4b74b4269eeb6863c0927ec44e4333e6d,True,"[""MOVED_DOWN""]",,0,0,False,0,,0
r4-1501102,400,13,3,14,3,b2b741a66d00b8f5d364cba8f8e687c4b74b4269eeb6863c0927ec44e4333e6d,False,"[""MOVED_RIGHT"",""SURVIVED_ROUND""]",,0,0,False,0,,0
r4-1501201,1,15,1,14,1,f16d577a06449246a7bdbb810137957e15deb681956ab02bffc517ac79944fed,False,"[""MOVED_LEFT""]",,0,0,False,3,,0
r4-1501201,2,14,1,14,1,f16d577a06449246a7bdbb810137957e15deb681956ab02bffc517ac79944fed,False,"[""BOMB_DROPPED""]",,0,0,False,2,,0
r4-1501201,3,14,1,14,1,f16d577a06449246a7bdbb810137957e15deb681956ab02bffc517ac79944fed,True,"[""WAITED""]",,0,0,False,2,,0
r4-1501201,4,14,1,14,1,f16d577a06449246a7bdbb810137957e15deb681956ab02bffc517ac79944fed,True,"[""WAITED""]",,0,0,False,2,,0
r4-1501201,5,14,1,15,1,f16d577a06449246a7bdbb810137957e15deb681956ab02bffc517ac79944fed,True,"[""MOVED_RIGHT""]",,0,0,False,2,,0
r4-1501201,6,15,1,15,2,f16d577a06449246a7bdbb810137957e15deb681956ab02bffc517ac79944fed,True,"[""MOVED_DOWN"",""BOMB_EXPLODED"",""CRATE_DESTROYED"",""CRATE_DESTROYED""]",,0,0,False,3,,0
r4-1501201,7,15,2,15,2,b99547992dd129a899d79f4047827dd92b272bf5f24859bc8a16fb1ed7d023d7,True,"[""WAITED""]",,0,0,False,2,,0
r4-1501201,8,15,2,15,1,b99547992dd129a899d79f4047827dd92b272bf5f24859bc8a16fb1ed7d023d7,False,"[""MOVED_UP""]",,0,0,False,2,,0
r4-1501201,9,15,1,15,1,b99547992dd129a899d79f4047827dd92b272bf5f24859bc8a16fb1ed7d023d7,False,"[""BOMB_DROPPED""]",,0,0,False,2,,0
r4-1501201,10,15,1,14,1,b99547992dd129a899d79f4047827dd92b272bf5f24859bc8a16fb1ed7d023d7,True,"[""MOVED_LEFT""]",,0,0,False,2,,0
r4-1501201,11,14,1,13,1,b99547992dd129a899d79f4047827dd92b272bf5f24859bc8a16fb1ed7d023d7,True,"[""MOVED_LEFT""]",,0,0,False,0,,0
r4-1501201,12,13,1,12,1,b99547992dd129a899d79f4047827dd92b272bf5f24859bc8a16fb1ed7d023d7,True,"[""MOVED_LEFT""]",,0,0,False,3,,0
r4-1501201,13,12,1,11,1,b99547992dd129a899d79f4047827dd92b272bf5f24859bc8a16fb1ed7d023d7,True,"[""MOVED_LEFT"",""BOMB_EXPLODED"",""CRATE_DESTROYED"",""CRATE_DESTROYED""]",,0,0,False,2,,0
r4-1501201,14,11,1,11,2,60f4ec2106f0faf236eb198cada408f5badb5e9f21ef9481d85618c1620163b0,True,"[""MOVED_DOWN""]",,0,0,False,3,,0
r4-1501201,15,11,2,11,2,60f4ec2106f0faf236eb198cada408f5badb5e9f21ef9481d85618c1620163b0,False,"[""WAITED""]",,0,0,False,2,,0
r4-1501201,16,11,2,11,2,60f4ec2106f0faf236eb198cada408f5badb5e9f21ef9481d85618c1620163b0,False,"[""BOMB_DROPPED""]",,0,0,False,2,,0
r4-1501201,17,11,2,11,1,60f4ec2106f0faf236eb198cada408f5badb5e9f21ef9481d85618c1620163b0,True,"[""MOVED_UP""]",,0,0,False,2,,0
r4-1501201,18,11,1,11,1,60f4ec2106f0faf236eb198cada408f5badb5e9f21ef9481d85618c1620163b0,True,"[""WAITED""]",,0,0,False,3,,0
r4-1501201,19,11,1,11,1,60f4ec2106f0faf236eb198cada408f5badb5e9f21ef9481d85618c1620163b0,True,"[""WAITED""]",,0,0,False,3,,0
r4-1501201,20,11,1,12,1,60f4ec2106f0faf236eb198cada408f5badb5e9f21ef9481d85618c1620163b0,True,"[""MOVED_RIGHT"",""BOMB_EXPLODED"",""CRATE_DESTROYED"",""CRATE_DESTROYED""]",,0,0,False,3,,0
r4-1501201,21,12,1,13,1,a45ee97d3343921f43a0959fbd470ee53a546798f2c6c3c03d90dcc64ef57101,True,"[""MOVED_RIGHT""]",,0,0,False,2,,0
r4-1501201,22,13,1,14,1,a45ee97d3343921f43a0959fbd470ee53a546798f2c6c3c03d90dcc64ef57101,False,"[""MOVED_RIGHT""]",,0,0,False,3,,0
r4-1501201,23,14,1,13,1,a45ee97d3343921f43a0959fbd470ee53a546798f2c6c3c03d90dcc64ef57101,False,"[""MOVED_LEFT""]",,0,0,False,0,,0
r4-1501201,24,13,1,13,1,a45ee97d3343921f43a0959fbd470ee53a546798f2c6c3c03d90dcc64ef57101,False,"[""BOMB_DROPPED""]",,0,0,False,3,,0
r4-1501201,25,13,1,13,1,a45ee97d3343921f43a0959fbd470ee53a546798f2c6c3c03d90dcc64ef57101,True,"[""WAITED""]",,0,0,False,3,,0
r4-1501201,26,13,1,14,1,a45ee97d3343921f43a0959fbd470ee53a546798f2c6c3c03d90dcc64ef57101,True,"[""MOVED_RIGHT""]",,0,0,False,3,,0
r4-1501201,27,14,1,15,1,a45ee97d3343921f43a0959fbd470ee53a546798f2c6c3c03d90dcc64ef57101,True,"[""MOVED_RIGHT""]",,0,0,False,0,,0
r4-1501201,28,15,1,15,2,a45ee97d3343921f43a0959fbd470ee53a546798f2c6c3c03d90dcc64ef57101,True,"[""MOVED_DOWN"",""BOMB_EXPLODED"",""CRATE_DESTROYED"",""CRATE_DESTROYED"",""CRATE_DESTROYED"",""CRATE_DESTROYED""]",,0,0,False,0,,0
r4-1501201,29,15,2,15,3,30ef8072cffc923510a5232499c105ef2a68ab5f1b39059f818a04b1a4b12e44,True,"[""MOVED_DOWN""]",,0,0,False,0,,0
r4-1501201,30,15,3,15,3,30ef8072cffc923510a5232499c105ef2a68ab5f1b39059f818a04b1a4b12e44,False,"[""WAITED""]",,0,0,False,2,,0
r4-1501201,31,15,3,15,3,30ef8072cffc923510a5232499c105ef2a68ab5f1b39059f818a04b1a4b12e44,False,"[""BOMB_DROPPED""]",,0,0,False,2,,0
r4-1501201,32,15,3,15,4,30ef8072cffc923510a5232499c105ef2a68ab5f1b39059f818a04b1a4b12e44,True,"[""MOVED_DOWN""]",,0,0,False,2,,0
r4-1501201,33,15,4,15,5,30ef8072cffc923510a5232499c105ef2a68ab5f1b39059f818a04b1a4b12e44,True,"[""MOVED_DOWN""]",,0,0,False,0,,0
r4-1501201,34,15,5,15,6,30ef8072cffc923510a5232499c105ef2a68ab5f1b39059f818a04b1a4b12e44,True,"[""MOVED_DOWN""]",,0,0,False,3,,0
r4-1501201,35,15,6,15,7,30ef8072cffc923510a5232499c105ef2a68ab5f1b39059f818a04b1a4b12e44,True,"[""MOVED_DOWN"",""BOMB_EXPLODED"",""CRATE_DESTROYED"",""CRATE_DESTROYED""]",,0,0,False,2,,0
r4-1501201,36,15,7,15,7,8b008c86f696a411afaa9ed79abb55b41712d452d90fd4378fed2bd449f183ec,True,"[""WAITED""]",,0,0,False,3,,0
r4-1501201,37,15,7,15,6,8b008c86f696a411afaa9ed79abb55b41712d452d90fd4378fed2bd449f183ec,False,"[""MOVED_UP""]",,0,0,False,3,,0
r4-1501201,38,15,6,15,6,8b008c86f696a411afaa9ed79abb55b41712d452d90fd4378fed2bd449f183ec,False,"[""BOMB_DROPPED""]",,0,0,False,2,,0
r4-1501201,39,15,6,15,5,8b008c86f696a411afaa9ed79abb55b41712d452d90fd4378fed2bd449f183ec,True,"[""MOVED_UP""]",,0,0,False,2,,0
r4-1501201,40,15,5,15,4,8b008c86f696a411afaa9ed79abb55b41712d452d90fd4378fed2bd449f183ec,True,"[""MOVED_UP""]",,0,0,False,3,,0
r4-1501201,41,15,4,15,3,8b008c86f696a411afaa9ed79abb55b41712d452d90fd4378fed2bd449f183ec,True,"[""MOVED_UP""]",,0,0,False,0,,0
r4-1501201,42,15,3,15,2,8b008c86f696a411afaa9ed79abb55b41712d452d90fd4378fed2bd449f183ec,True,"[""MOVED_UP"",""BOMB_EXPLODED"",""CRATE_DESTROYED"",""CRATE_DESTROYED""]",,0,0,False,0,,0
r4-1501201,43,15,2,15,1,11c1c7b5657c047bf580d9e84190d4c94858a11e57800d1b1ddbe6c947da5e66,True,"[""MOVED_UP""]",,0,0,False,0,,0
r4-1501201,44,15,1,15,1,11c1c7b5657c047bf580d9e84190d4c94858a11e57800d1b1ddbe6c947da5e66,False,"[""WAITED""]",,0,0,False,0,,0
r4-1501201,45,15,1,15,1,11c1c7b5657c047bf580d9e84190d4c94858a11e57800d1b1ddbe6c947da5e66,False,"[""BOMB_DROPPED""]",,0,0,False,0,,-0.5
r4-1501201,46,15,1,14,1,11c1c7b5657c047bf580d9e84190d4c94858a11e57800d1b1ddbe6c947da5e66,True,"[""MOVED_LEFT""]",,0,0,False,0,,0
r4-1501201,47,14,1,14,1,11c1c7b5657c047bf580d9e84190d4c94858a11e57800d1b1ddbe6c947da5e66,True,"[""WAITED""]",,0,0,False,0,,0
r4-1501201,48,14,1,13,1,11c1c7b5657c047bf580d9e84190d4c94858a11e57800d1b1ddbe6c947da5e66,True,"[""MOVED_LEFT""]",,0,0,False,0,,0
r4-1501201,49,13,1,13,2,11c1c7b5657c047bf580d9e84190d4c94858a11e57800d1b1ddbe6c947da5e66,True,"[""MOVED_DOWN"",""BOMB_EXPLODED""]",,0,0,False,0,,0
r4-1501201,50,13,2,13,3,11c1c7b5657c047bf580d9e84190d4c94858a11e57800d1b1ddbe6c947da5e66,True,"[""MOVED_DOWN""]",,0,0,False,1,,0
r4-1501201,51,13,3,13,3,11c1c7b5657c047bf580d9e84190d4c94858a11e57800d1b1ddbe6c947da5e66,False,"[""WAITED""]",,0,0,False,3,,0
r4-1501201,52,13,3,13,3,11c1c7b5657c047bf580d9e84190d4c94858a11e57800d1b1ddbe6c947da5e66,False,"[""BOMB_DROPPED""]",,0,0,False,3,,0
r4-1501201,53,13,3,13,3,11c1c7b5657c047bf580d9e84190d4c94858a11e57800d1b1ddbe6c947da5e66,True,"[""WAITED""]",,0,0,False,3,,0
r4-1501201,54,13,3,13,2,11c1c7b5657c047bf580d9e84190d4c94858a11e57800d1b1ddbe6c947da5e66,True,"[""MOVED_UP""]",,0,0,False,3,,0
r4-1501201,55,13,2,13,1,11c1c7b5657c047bf580d9e84190d4c94858a11e57800d1b1ddbe6c947da5e66,True,"[""MOVED_UP""]",,0,0,False,1,,0
r4-1501201,56,13,1,12,1,11c1c7b5657c047bf580d9e84190d4c94858a11e57800d1b1ddbe6c947da5e66,True,"[""MOVED_LEFT"",""BOMB_EXPLODED"",""CRATE_DESTROYED"",""CRATE_DESTROYED"",""CRATE_DESTROYED""]",,0,0,False,0,,0
r4-1501201,57,12,1,12,1,a55a8526eb910f91cd5d8473aac8028dbb3efa8a1c5209b51d34c419a5a63ab4,True,"[""WAITED""]",,0,0,False,1,,0
r4-1501201,58,12,1,13,1,a55a8526eb910f91cd5d8473aac8028dbb3efa8a1c5209b51d34c419a5a63ab4,False,"[""MOVED_RIGHT""]",,0,0,False,1,,0
r4-1501201,59,13,1,14,1,a55a8526eb910f91cd5d8473aac8028dbb3efa8a1c5209b51d34c419a5a63ab4,False,"[""MOVED_RIGHT""]",,0,0,False,0,,0
r4-1501201,60,14,1,15,1,a55a8526eb910f91cd5d8473aac8028dbb3efa8a1c5209b51d34c419a5a63ab4,False,"[""MOVED_RIGHT""]",,0,0,False,0,,0
r4-1501201,61,15,1,15,1,a55a8526eb910f91cd5d8473aac8028dbb3efa8a1c5209b51d34c419a5a63ab4,False,"[""BOMB_DROPPED""]",,0,0,False,0,,-0.5
r4-1501201,62,15,1,14,1,a55a8526eb910f91cd5d8473aac8028dbb3efa8a1c5209b51d34c419a5a63ab4,True,"[""MOVED_LEFT""]",,0,0,False,0,,0
r4-1501201,63,14,1,14,1,a55a8526eb910f91cd5d8473aac8028dbb3efa8a1c5209b51d34c419a5a63ab4,True,"[""WAITED""]",,0,0,False,0,,0
r4-1501201,64,14,1,13,1,a55a8526eb910f91cd5d8473aac8028dbb3efa8a1c5209b51d34c419a5a63ab4,True,"[""MOVED_LEFT""]",,0,0,False,0,,0
r4-1501201,65,13,1,13,2,a55a8526eb910f91cd5d8473aac8028dbb3efa8a1c5209b51d34c419a5a63ab4,True,"[""MOVED_DOWN"",""BOMB_EXPLODED""]",,0,0,False,0,,0
r4-1501201,66,13,2,13,3,a55a8526eb910f91cd5d8473aac8028dbb3efa8a1c5209b51d34c419a5a63ab4,True,"[""MOVED_DOWN""]",,0,0,False,0,,0
r4-1501201,67,13,3,13,3,a55a8526eb910f91cd5d8473aac8028dbb3efa8a1c5209b51d34c419a5a63ab4,False,"[""WAITED""]",,0,0,False,0,,0
r4-1501201,68,13,3,13,3,a55a8526eb910f91cd5d8473aac8028dbb3efa8a1c5209b51d34c419a5a63ab4,False,"[""BOMB_DROPPED""]",,0,0,False,0,,-0.5
r4-1501201,69,13,3,13,3,a55a8526eb910f91cd5d8473aac8028dbb3efa8a1c5209b51d34c419a5a63ab4,True,"[""WAITED""]",,0,0,False,0,,0
r4-1501201,70,13,3,13,2,a55a8526eb910f91cd5d8473aac8028dbb3efa8a1c5209b51d34c419a5a63ab4,True,"[""MOVED_UP""]",,0,0,False,0,,0
r4-1501201,71,13,2,13,1,a55a8526eb910f91cd5d8473aac8028dbb3efa8a1c5209b51d34c419a5a63ab4,True,"[""MOVED_UP""]",,0,0,False,0,,0
r4-1501201,72,13,1,12,1,a55a8526eb910f91cd5d8473aac8028dbb3efa8a1c5209b51d34c419a5a63ab4,True,"[""MOVED_LEFT"",""BOMB_EXPLODED""]",,0,0,False,0,,0
r4-1501201,73,12,1,12,1,a55a8526eb910f91cd5d8473aac8028dbb3efa8a1c5209b51d34c419a5a63ab4,True,"[""WAITED""]",,0,0,False,1,,0
r4-1501201,74,12,1,13,1,a55a8526eb910f91cd5d8473aac8028dbb3efa8a1c5209b51d34c419a5a63ab4,False,"[""MOVED_RIGHT""]",,0,0,False,1,,0
r4-1501201,75,13,1,14,1,a55a8526eb910f91cd5d8473aac8028dbb3efa8a1c5209b51d34c419a5a63ab4,False,"[""MOVED_RIGHT""]",,0,0,False,0,,0
r4-1501201,76,14,1,15,1,a55a8526eb910f91cd5d8473aac8028dbb3efa8a1c5209b51d34c419a5a63ab4,False,"[""MOVED_RIGHT""]",,0,0,False,0,,0
r4-1501201,77,15,1,15,1,a55a8526eb910f91cd5d8473aac8028dbb3efa8a1c5209b51d34c419a5a63ab4,False,"[""BOMB_DROPPED""]",,0,0,False,0,,-0.5
r4-1501201,78,15,1,14,1,a55a8526eb910f91cd5d8473aac8028dbb3efa8a1c5209b51d34c419a5a63ab4,True,"[""MOVED_LEFT""]",,0,0,False,0,,0
r4-1501201,79,14,1,14,1,a55a8526eb910f91cd5d8473aac8028dbb3efa8a1c5209b51d34c419a5a63ab4,True,"[""WAITED""]",,0,0,False,0,,0
r4-1501201,80,14,1,13,1,a55a8526eb910f91cd5d8473aac8028dbb3efa8a1c5209b51d34c419a5a63ab4,True,"[""MOVED_LEFT""]",,0,0,False,0,,0
r4-1501201,81,13,1,13,2,a55a8526eb910f91cd5d8473aac8028dbb3efa8a1c5209b51d34c419a5a63ab4,True,"[""MOVED_DOWN"",""BOMB_EXPLODED""]",,0,0,False,0,,0
r4-1501201,82,13,2,13,3,a55a8526eb910f91cd5d8473aac8028dbb3efa8a1c5209b51d34c419a5a63ab4,True,"[""MOVED_DOWN""]",,0,0,False,0,,0
r4-1501201,83,13,3,13,3,a55a8526eb910f91cd5d8473aac8028dbb3efa8a1c5209b51d34c419a5a63ab4,False,"[""WAITED""]",,0,0,False,0,,0
r4-1501201,84,13,3,13,3,a55a8526eb910f91cd5d8473aac8028dbb3efa8a1c5209b51d34c419a5a63ab4,False,"[""BOMB_DROPPED""]",,0,0,False,0,,-0.5
r4-1501201,85,13,3,13,3,a55a8526eb910f91cd5d8473aac8028dbb3efa8a1c5209b51d34c419a5a63ab4,True,"[""WAITED""]",,0,0,False,0,,0
r4-1501201,86,13,3,13,2,a55a8526eb910f91cd5d8473aac8028dbb3efa8a1c5209b51d34c419a5a63ab4,True,"[""MOVED_UP""]",,0,0,False,0,,0
r4-1501201,87,13,2,13,1,a55a8526eb910f91cd5d8473aac8028dbb3efa8a1c5209b51d34c419a5a63ab4,True,"[""MOVED_UP""]",,0,0,False,0,,0
r4-1501201,88,13,1,12,1,a55a8526eb910f91cd5d8473aac8028dbb3efa8a1c5209b51d34c419a5a63ab4,True,"[""MOVED_LEFT"",""BOMB_EXPLODED""]",,0,0,False,0,,0
r4-1501201,89,12,1,12,1,a55a8526eb910f91cd5d8473aac8028dbb3efa8a1c5209b51d34c419a5a63ab4,True,"[""WAITED""]",,0,0,False,1,,0
r4-1501201,90,12,1,13,1,a55a8526eb910f91cd5d8473aac8028dbb3efa8a1c5209b51d34c419a5a63ab4,False,"[""MOVED_RIGHT""]",,0,0,False,1,,0
r4-1501201,91,13,1,14,1,a55a8526eb910f91cd5d8473aac8028dbb3efa8a1c5209b51d34c419a5a63ab4,False,"[""MOVED_RIGHT""]",,0,0,False,0,,0
r4-1501201,92,14,1,15,1,a55a8526eb910f91cd5d8473aac8028dbb3efa8a1c5209b51d34c419a5a63ab4,False,"[""MOVED_RIGHT""]",,0,0,False,0,,0
r4-1501201,93,15,1,15,1,a55a8526eb910f91cd5d8473aac8028dbb3efa8a1c5209b51d34c419a5a63ab4,False,"[""BOMB_DROPPED""]",,0,0,False,0,,-0.5
r4-1501201,94,15,1,14,1,a55a8526eb910f91cd5d8473aac8028dbb3efa8a1c5209b51d34c419a5a63ab4,True,"[""MOVED_LEFT""]",,0,0,False,0,,0
r4-1501201,95,14,1,14,1,a55a8526eb910f91cd5d8473aac8028dbb3efa8a1c5209b51d34c419a5a63ab4,True,"[""WAITED""]",,0,0,False,0,,0
r4-1501201,96,14,1,13,1,a55a8526eb910f91cd5d8473aac8028dbb3efa8a1c5209b51d34c419a5a63ab4,True,"[""MOVED_LEFT""]",,0,0,False,0,,0
r4-1501201,97,13,1,13,2,a55a8526eb910f91cd5d8473aac8028dbb3efa8a1c5209b51d34c419a5a63ab4,True,"[""MOVED_DOWN"",""BOMB_EXPLODED""]",,0,0,False,0,,0
r4-1501201,98,13,2,13,3,a55a8526eb910f91cd5d8473aac8028dbb3efa8a1c5209b51d34c419a5a63ab4,True,"[""MOVED_DOWN""]",,0,0,False,0,,0
r4-1501201,99,13,3,13,3,a55a8526eb910f91cd5d8473aac8028dbb3efa8a1c5209b51d34c419a5a63ab4,False,"[""WAITED""]",,0,0,False,0,,0
r4-1501201,100,13,3,13,3,a55a8526eb910f91cd5d8473aac8028dbb3efa8a1c5209b51d34c419a5a63ab4,False,"[""BOMB_DROPPED""]",,0,0,False,0,,-0.5
r4-1501201,101,13,3,13,3,a55a8526eb910f91cd5d8473aac8028dbb3efa8a1c5209b51d34c419a5a63ab4,True,"[""WAITED""]",,0,0,False,0,,0
r4-1501201,102,13,3,13,2,a55a8526eb910f91cd5d8473aac8028dbb3efa8a1c5209b51d34c419a5a63ab4,True,"[""MOVED_UP""]",,0,0,False,0,,0
r4-1501201,103,13,2,13,1,a55a8526eb910f91cd5d8473aac8028dbb3efa8a1c5209b51d34c419a5a63ab4,True,"[""MOVED_UP""]",,0,0,False,0,,0
r4-1501201,104,13,1,12,1,a55a8526eb910f91cd5d8473aac8028dbb3efa8a1c5209b51d34c419a5a63ab4,True,"[""MOVED_LEFT"",""BOMB_EXPLODED""]",,0,0,False,0,,0
r4-1501201,105,12,1,12,1,a55a8526eb910f91cd5d8473aac8028dbb3efa8a1c5209b51d34c419a5a63ab4,True,"[""WAITED""]",,0,0,False,1,,0
r4-1501201,106,12,1,13,1,a55a8526eb910f91cd5d8473aac8028dbb3efa8a1c5209b51d34c419a5a63ab4,False,"[""MOVED_RIGHT""]",,0,0,False,1,,0
r4-1501201,107,13,1,14,1,a55a8526eb910f91cd5d8473aac8028dbb3efa8a1c5209b51d34c419a5a63ab4,False,"[""MOVED_RIGHT""]",,0,0,False,0,,0
r4-1501201,108,14,1,15,1,a55a8526eb910f91cd5d8473aac8028dbb3efa8a1c5209b51d34c419a5a63ab4,False,"[""MOVED_RIGHT""]",,0,0,False,0,,0
r4-1501201,109,15,1,15,1,a55a8526eb910f91cd5d8473aac8028dbb3efa8a1c5209b51d34c419a5a63ab4,False,"[""BOMB_DROPPED""]",,0,0,False,0,,-0.5
r4-1501201,110,15,1,14,1,a55a8526eb910f91cd5d8473aac8028dbb3efa8a1c5209b51d34c419a5a63ab4,True,"[""MOVED_LEFT""]",,0,0,False,0,,0
r4-1501201,111,14,1,14,1,a55a8526eb910f91cd5d8473aac8028dbb3efa8a1c5209b51d34c419a5a63ab4,True,"[""WAITED""]",,0,0,False,0,,0
r4-1501201,112,14,1,13,1,a55a8526eb910f91cd5d8473aac8028dbb3efa8a1c5209b51d34c419a5a63ab4,True,"[""MOVED_LEFT""]",,0,0,False,0,,0
r4-1501201,113,13,1,13,2,a55a8526eb910f91cd5d8473aac8028dbb3efa8a1c5209b51d34c419a5a63ab4,True,"[""MOVED_DOWN"",""BOMB_EXPLODED""]",,0,0,False,0,,0
r4-1501201,114,13,2,13,3,a55a8526eb910f91cd5d8473aac8028dbb3efa8a1c5209b51d34c419a5a63ab4,True,"[""MOVED_DOWN""]",,0,0,False,0,,0
r4-1501201,115,13,3,13,3,a55a8526eb910f91cd5d8473aac8028dbb3efa8a1c5209b51d34c419a5a63ab4,False,"[""WAITED""]",,0,0,False,0,,0
r4-1501201,116,13,3,13,3,a55a8526eb910f91cd5d8473aac8028dbb3efa8a1c5209b51d34c419a5a63ab4,False,"[""BOMB_DROPPED""]",,0,0,False,0,,-0.5
r4-1501201,117,13,3,13,3,a55a8526eb910f91cd5d8473aac8028dbb3efa8a1c5209b51d34c419a5a63ab4,True,"[""WAITED""]",,0,0,False,0,,0
r4-1501201,118,13,3,13,2,a55a8526eb910f91cd5d8473aac8028dbb3efa8a1c5209b51d34c419a5a63ab4,True,"[""MOVED_UP""]",,0,0,False,0,,0
r4-1501201,119,13,2,13,1,a55a8526eb910f91cd5d8473aac8028dbb3efa8a1c5209b51d34c419a5a63ab4,True,"[""MOVED_UP""]",,0,0,False,0,,0
r4-1501201,120,13,1,12,1,a55a8526eb910f91cd5d8473aac8028dbb3efa8a1c5209b51d34c419a5a63ab4,True,"[""MOVED_LEFT"",""BOMB_EXPLODED""]",,0,0,False,0,,0
r4-1501201,121,12,1,12,1,a55a8526eb910f91cd5d8473aac8028dbb3efa8a1c5209b51d34c419a5a63ab4,True,"[""WAITED""]",,0,0,False,1,,0
r4-1501201,122,12,1,13,1,a55a8526eb910f91cd5d8473aac8028dbb3efa8a1c5209b51d34c419a5a63ab4,False,"[""MOVED_RIGHT""]",,0,0,False,1,,0
r4-1501201,123,13,1,14,1,a55a8526eb910f91cd5d8473aac8028dbb3efa8a1c5209b51d34c419a5a63ab4,False,"[""MOVED_RIGHT""]",,0,0,False,0,,0
r4-1501201,124,14,1,15,1,a55a8526eb910f91cd5d8473aac8028dbb3efa8a1c5209b51d34c419a5a63ab4,False,"[""MOVED_RIGHT""]",,0,0,False,0,,0
r4-1501201,125,15,1,15,1,a55a8526eb910f91cd5d8473aac8028dbb3efa8a1c5209b51d34c419a5a63ab4,False,"[""BOMB_DROPPED""]",,0,0,False,0,,-0.5
r4-1501201,126,15,1,14,1,a55a8526eb910f91cd5d8473aac8028dbb3efa8a1c5209b51d34c419a5a63ab4,True,"[""MOVED_LEFT""]",,0,0,False,0,,0
r4-1501201,127,14,1,14,1,a55a8526eb910f91cd5d8473aac8028dbb3efa8a1c5209b51d34c419a5a63ab4,True,"[""WAITED""]",,0,0,False,0,,0
r4-1501201,128,14,1,13,1,a55a8526eb910f91cd5d8473aac8028dbb3efa8a1c5209b51d34c419a5a63ab4,True,"[""MOVED_LEFT""]",,0,0,False,0,,0
r4-1501201,129,13,1,13,2,a55a8526eb910f91cd5d8473aac8028dbb3efa8a1c5209b51d34c419a5a63ab4,True,"[""MOVED_DOWN"",""BOMB_EXPLODED""]",,0,0,False,0,,0
r4-1501201,130,13,2,13,3,a55a8526eb910f91cd5d8473aac8028dbb3efa8a1c5209b51d34c419a5a63ab4,True,"[""MOVED_DOWN""]",,0,0,False,0,,0
r4-1501201,131,13,3,13,3,a55a8526eb910f91cd5d8473aac8028dbb3efa8a1c5209b51d34c419a5a63ab4,False,"[""WAITED""]",,0,0,False,0,,0
r4-1501201,132,13,3,13,3,a55a8526eb910f91cd5d8473aac8028dbb3efa8a1c5209b51d34c419a5a63ab4,False,"[""BOMB_DROPPED""]",,0,0,False,0,,-0.5
r4-1501201,133,13,3,13,3,a55a8526eb910f91cd5d8473aac8028dbb3efa8a1c5209b51d34c419a5a63ab4,True,"[""WAITED""]",,0,0,False,0,,0
r4-1501201,134,13,3,13,2,a55a8526eb910f91cd5d8473aac8028dbb3efa8a1c5209b51d34c419a5a63ab4,True,"[""MOVED_UP""]",,0,0,False,0,,0
r4-1501201,135,13,2,13,1,a55a8526eb910f91cd5d8473aac8028dbb3efa8a1c5209b51d34c419a5a63ab4,True,"[""MOVED_UP""]",,0,0,False,0,,0
r4-1501201,136,13,1,12,1,a55a8526eb910f91cd5d8473aac8028dbb3efa8a1c5209b51d34c419a5a63ab4,True,"[""MOVED_LEFT"",""BOMB_EXPLODED""]",,0,0,False,0,,0
r4-1501201,137,12,1,12,1,a55a8526eb910f91cd5d8473aac8028dbb3efa8a1c5209b51d34c419a5a63ab4,True,"[""WAITED""]",,0,0,False,1,,0
r4-1501201,138,12,1,13,1,a55a8526eb910f91cd5d8473aac8028dbb3efa8a1c5209b51d34c419a5a63ab4,False,"[""MOVED_RIGHT""]",,0,0,False,1,,0
r4-1501201,139,13,1,14,1,a55a8526eb910f91cd5d8473aac8028dbb3efa8a1c5209b51d34c419a5a63ab4,False,"[""MOVED_RIGHT""]",,0,0,False,0,,0
r4-1501201,140,14,1,15,1,a55a8526eb910f91cd5d8473aac8028dbb3efa8a1c5209b51d34c419a5a63ab4,False,"[""MOVED_RIGHT""]",,0,0,False,0,,0
r4-1501201,141,15,1,15,1,a55a8526eb910f91cd5d8473aac8028dbb3efa8a1c5209b51d34c419a5a63ab4,False,"[""BOMB_DROPPED""]",,0,0,False,0,,-0.5
r4-1501201,142,15,1,14,1,a55a8526eb910f91cd5d8473aac8028dbb3efa8a1c5209b51d34c419a5a63ab4,True,"[""MOVED_LEFT""]",,0,0,False,0,,0
r4-1501201,143,14,1,14,1,a55a8526eb910f91cd5d8473aac8028dbb3efa8a1c5209b51d34c419a5a63ab4,True,"[""WAITED""]",,0,0,False,0,,0
r4-1501201,144,14,1,13,1,a55a8526eb910f91cd5d8473aac8028dbb3efa8a1c5209b51d34c419a5a63ab4,True,"[""MOVED_LEFT""]",,0,0,False,0,,0
r4-1501201,145,13,1,13,2,a55a8526eb910f91cd5d8473aac8028dbb3efa8a1c5209b51d34c419a5a63ab4,True,"[""MOVED_DOWN"",""BOMB_EXPLODED""]",,0,0,False,0,,0
r4-1501201,146,13,2,13,3,a55a8526eb910f91cd5d8473aac8028dbb3efa8a1c5209b51d34c419a5a63ab4,True,"[""MOVED_DOWN""]",,0,0,False,0,,0
r4-1501201,147,13,3,13,3,a55a8526eb910f91cd5d8473aac8028dbb3efa8a1c5209b51d34c419a5a63ab4,False,"[""WAITED""]",,0,0,False,0,,0
r4-1501201,148,13,3,13,3,a55a8526eb910f91cd5d8473aac8028dbb3efa8a1c5209b51d34c419a5a63ab4,False,"[""BOMB_DROPPED""]",,0,0,False,0,,-0.5
r4-1501201,149,13,3,13,3,a55a8526eb910f91cd5d8473aac8028dbb3efa8a1c5209b51d34c419a5a63ab4,True,"[""WAITED""]",,0,0,False,0,,0
r4-1501201,150,13,3,13,2,a55a8526eb910f91cd5d8473aac8028dbb3efa8a1c5209b51d34c419a5a63ab4,True,"[""MOVED_UP""]",,0,0,False,0,,0
r4-1501201,151,13,2,13,1,a55a8526eb910f91cd5d8473aac8028dbb3efa8a1c5209b51d34c419a5a63ab4,True,"[""MOVED_UP""]",,0,0,False,0,,0
r4-1501201,152,13,1,12,1,a55a8526eb910f91cd5d8473aac8028dbb3efa8a1c5209b51d34c419a5a63ab4,True,"[""MOVED_LEFT"",""BOMB_EXPLODED""]",,0,0,False,0,,0
r4-1501201,153,12,1,12,1,a55a8526eb910f91cd5d8473aac8028dbb3efa8a1c5209b51d34c419a5a63ab4,True,"[""WAITED""]",,0,0,False,1,,0
r4-1501201,154,12,1,13,1,a55a8526eb910f91cd5d8473aac8028dbb3efa8a1c5209b51d34c419a5a63ab4,False,"[""MOVED_RIGHT""]",,0,0,False,1,,0
r4-1501201,155,13,1,14,1,a55a8526eb910f91cd5d8473aac8028dbb3efa8a1c5209b51d34c419a5a63ab4,False,"[""MOVED_RIGHT""]",,0,0,False,0,,0
r4-1501201,156,14,1,15,1,a55a8526eb910f91cd5d8473aac8028dbb3efa8a1c5209b51d34c419a5a63ab4,False,"[""MOVED_RIGHT""]",,0,0,False,0,,0
r4-1501201,157,15,1,15,1,a55a8526eb910f91cd5d8473aac8028dbb3efa8a1c5209b51d34c419a5a63ab4,False,"[""BOMB_DROPPED""]",,0,0,False,0,,-0.5
r4-1501201,158,15,1,14,1,a55a8526eb910f91cd5d8473aac8028dbb3efa8a1c5209b51d34c419a5a63ab4,True,"[""MOVED_LEFT""]",,0,0,False,0,,0
r4-1501201,159,14,1,14,1,a55a8526eb910f91cd5d8473aac8028dbb3efa8a1c5209b51d34c419a5a63ab4,True,"[""WAITED""]",,0,0,False,0,,0
r4-1501201,160,14,1,13,1,a55a8526eb910f91cd5d8473aac8028dbb3efa8a1c5209b51d34c419a5a63ab4,True,"[""MOVED_LEFT""]",,0,0,False,0,,0
r4-1501201,161,13,1,13,2,a55a8526eb910f91cd5d8473aac8028dbb3efa8a1c5209b51d34c419a5a63ab4,True,"[""MOVED_DOWN"",""BOMB_EXPLODED""]",,0,0,False,0,,0
r4-1501201,162,13,2,13,3,a55a8526eb910f91cd5d8473aac8028dbb3efa8a1c5209b51d34c419a5a63ab4,True,"[""MOVED_DOWN""]",,0,0,False,0,,0
r4-1501201,163,13,3,13,3,a55a8526eb910f91cd5d8473aac8028dbb3efa8a1c5209b51d34c419a5a63ab4,False,"[""WAITED""]",,0,0,False,0,,0
r4-1501201,164,13,3,13,3,a55a8526eb910f91cd5d8473aac8028dbb3efa8a1c5209b51d34c419a5a63ab4,False,"[""BOMB_DROPPED""]",,0,0,False,0,,-0.5
r4-1501201,165,13,3,13,3,a55a8526eb910f91cd5d8473aac8028dbb3efa8a1c5209b51d34c419a5a63ab4,True,"[""WAITED""]",,0,0,False,0,,0
r4-1501201,166,13,3,13,2,a55a8526eb910f91cd5d8473aac8028dbb3efa8a1c5209b51d34c419a5a63ab4,True,"[""MOVED_UP""]",,0,0,False,0,,0
r4-1501201,167,13,2,13,1,a55a8526eb910f91cd5d8473aac8028dbb3efa8a1c5209b51d34c419a5a63ab4,True,"[""MOVED_UP""]",,0,0,False,0,,0
r4-1501201,168,13,1,12,1,a55a8526eb910f91cd5d8473aac8028dbb3efa8a1c5209b51d34c419a5a63ab4,True,"[""MOVED_LEFT"",""BOMB_EXPLODED""]",,0,0,False,0,,0
r4-1501201,169,12,1,12,1,a55a8526eb910f91cd5d8473aac8028dbb3efa8a1c5209b51d34c419a5a63ab4,True,"[""WAITED""]",,0,0,False,1,,0
r4-1501201,170,12,1,13,1,a55a8526eb910f91cd5d8473aac8028dbb3efa8a1c5209b51d34c419a5a63ab4,False,"[""MOVED_RIGHT""]",,0,0,False,1,,0
r4-1501201,171,13,1,14,1,a55a8526eb910f91cd5d8473aac8028dbb3efa8a1c5209b51d34c419a5a63ab4,False,"[""MOVED_RIGHT""]",,0,0,False,0,,0
r4-1501201,172,14,1,15,1,a55a8526eb910f91cd5d8473aac8028dbb3efa8a1c5209b51d34c419a5a63ab4,False,"[""MOVED_RIGHT""]",,0,0,False,0,,0
r4-1501201,173,15,1,15,1,a55a8526eb910f91cd5d8473aac8028dbb3efa8a1c5209b51d34c419a5a63ab4,False,"[""BOMB_DROPPED""]",,0,0,False,0,,-0.5
r4-1501201,174,15,1,14,1,a55a8526eb910f91cd5d8473aac8028dbb3efa8a1c5209b51d34c419a5a63ab4,True,"[""MOVED_LEFT""]",,0,0,False,0,,0
r4-1501201,175,14,1,14,1,a55a8526eb910f91cd5d8473aac8028dbb3efa8a1c5209b51d34c419a5a63ab4,True,"[""WAITED""]",,0,0,False,0,,0
r4-1501201,176,14,1,13,1,a55a8526eb910f91cd5d8473aac8028dbb3efa8a1c5209b51d34c419a5a63ab4,True,"[""MOVED_LEFT""]",,0,0,False,0,,0
r4-1501201,177,13,1,13,2,a55a8526eb910f91cd5d8473aac8028dbb3efa8a1c5209b51d34c419a5a63ab4,True,"[""MOVED_DOWN"",""BOMB_EXPLODED""]",,0,0,False,0,,0
r4-1501201,178,13,2,13,3,a55a8526eb910f91cd5d8473aac8028dbb3efa8a1c5209b51d34c419a5a63ab4,True,"[""MOVED_DOWN""]",,0,0,False,0,,0
r4-1501201,179,13,3,13,3,a55a8526eb910f91cd5d8473aac8028dbb3efa8a1c5209b51d34c419a5a63ab4,False,"[""WAITED""]",,0,0,False,0,,0
r4-1501201,180,13,3,13,3,a55a8526eb910f91cd5d8473aac8028dbb3efa8a1c5209b51d34c419a5a63ab4,False,"[""BOMB_DROPPED""]",,0,0,False,0,,-0.5
r4-1501201,181,13,3,13,3,a55a8526eb910f91cd5d8473aac8028dbb3efa8a1c5209b51d34c419a5a63ab4,True,"[""WAITED""]",,0,0,False,0,,0
r4-1501201,182,13,3,13,2,a55a8526eb910f91cd5d8473aac8028dbb3efa8a1c5209b51d34c419a5a63ab4,True,"[""MOVED_UP""]",,0,0,False,0,,0
r4-1501201,183,13,2,13,1,a55a8526eb910f91cd5d8473aac8028dbb3efa8a1c5209b51d34c419a5a63ab4,True,"[""MOVED_UP""]",,0,0,False,0,,0
r4-1501201,184,13,1,12,1,a55a8526eb910f91cd5d8473aac8028dbb3efa8a1c5209b51d34c419a5a63ab4,True,"[""MOVED_LEFT"",""BOMB_EXPLODED""]",,0,0,False,0,,0
r4-1501201,185,12,1,12,1,a55a8526eb910f91cd5d8473aac8028dbb3efa8a1c5209b51d34c419a5a63ab4,True,"[""WAITED""]",,0,0,False,1,,0
r4-1501201,186,12,1,13,1,a55a8526eb910f91cd5d8473aac8028dbb3efa8a1c5209b51d34c419a5a63ab4,False,"[""MOVED_RIGHT""]",,0,0,False,1,,0
r4-1501201,187,13,1,14,1,a55a8526eb910f91cd5d8473aac8028dbb3efa8a1c5209b51d34c419a5a63ab4,False,"[""MOVED_RIGHT""]",,0,0,False,0,,0
r4-1501201,188,14,1,15,1,a55a8526eb910f91cd5d8473aac8028dbb3efa8a1c5209b51d34c419a5a63ab4,False,"[""MOVED_RIGHT""]",,0,0,False,0,,0
r4-1501201,189,15,1,15,1,a55a8526eb910f91cd5d8473aac8028dbb3efa8a1c5209b51d34c419a5a63ab4,False,"[""BOMB_DROPPED""]",,0,0,False,0,,-0.5
r4-1501201,190,15,1,14,1,a55a8526eb910f91cd5d8473aac8028dbb3efa8a1c5209b51d34c419a5a63ab4,True,"[""MOVED_LEFT""]",,0,0,False,0,,0
r4-1501201,191,14,1,14,1,a55a8526eb910f91cd5d8473aac8028dbb3efa8a1c5209b51d34c419a5a63ab4,True,"[""WAITED""]",,0,0,False,0,,0
r4-1501201,192,14,1,13,1,a55a8526eb910f91cd5d8473aac8028dbb3efa8a1c5209b51d34c419a5a63ab4,True,"[""MOVED_LEFT""]",,0,0,False,0,,0
r4-1501201,193,13,1,13,2,a55a8526eb910f91cd5d8473aac8028dbb3efa8a1c5209b51d34c419a5a63ab4,True,"[""MOVED_DOWN"",""BOMB_EXPLODED""]",,0,0,False,0,,0
r4-1501201,194,13,2,13,3,a55a8526eb910f91cd5d8473aac8028dbb3efa8a1c5209b51d34c419a5a63ab4,True,"[""MOVED_DOWN""]",,0,0,False,0,,0
r4-1501201,195,13,3,13,3,a55a8526eb910f91cd5d8473aac8028dbb3efa8a1c5209b51d34c419a5a63ab4,False,"[""WAITED""]",,0,0,False,0,,0
r4-1501201,196,13,3,13,3,a55a8526eb910f91cd5d8473aac8028dbb3efa8a1c5209b51d34c419a5a63ab4,False,"[""BOMB_DROPPED""]",,0,0,False,0,,-0.5
r4-1501201,197,13,3,13,3,a55a8526eb910f91cd5d8473aac8028dbb3efa8a1c5209b51d34c419a5a63ab4,True,"[""WAITED""]",,0,0,False,0,,0
r4-1501201,198,13,3,13,2,a55a8526eb910f91cd5d8473aac8028dbb3efa8a1c5209b51d34c419a5a63ab4,True,"[""MOVED_UP""]",,0,0,False,0,,0
r4-1501201,199,13,2,13,1,a55a8526eb910f91cd5d8473aac8028dbb3efa8a1c5209b51d34c419a5a63ab4,True,"[""MOVED_UP""]",,0,0,False,0,,0
r4-1501201,200,13,1,12,1,a55a8526eb910f91cd5d8473aac8028dbb3efa8a1c5209b51d34c419a5a63ab4,True,"[""MOVED_LEFT"",""BOMB_EXPLODED""]",,0,0,False,0,,0
r4-1501201,201,12,1,12,1,a55a8526eb910f91cd5d8473aac8028dbb3efa8a1c5209b51d34c419a5a63ab4,True,"[""WAITED""]",,0,0,False,1,,0
r4-1501201,202,12,1,13,1,a55a8526eb910f91cd5d8473aac8028dbb3efa8a1c5209b51d34c419a5a63ab4,False,"[""MOVED_RIGHT""]",,0,0,False,1,,0
r4-1501201,203,13,1,14,1,a55a8526eb910f91cd5d8473aac8028dbb3efa8a1c5209b51d34c419a5a63ab4,False,"[""MOVED_RIGHT""]",,0,0,False,0,,0
r4-1501201,204,14,1,15,1,a55a8526eb910f91cd5d8473aac8028dbb3efa8a1c5209b51d34c419a5a63ab4,False,"[""MOVED_RIGHT""]",,0,0,False,0,,0
r4-1501201,205,15,1,15,1,a55a8526eb910f91cd5d8473aac8028dbb3efa8a1c5209b51d34c419a5a63ab4,False,"[""BOMB_DROPPED""]",,0,0,False,0,,-0.5
r4-1501201,206,15,1,14,1,a55a8526eb910f91cd5d8473aac8028dbb3efa8a1c5209b51d34c419a5a63ab4,True,"[""MOVED_LEFT""]",,0,0,False,0,,0
r4-1501201,207,14,1,14,1,a55a8526eb910f91cd5d8473aac8028dbb3efa8a1c5209b51d34c419a5a63ab4,True,"[""WAITED""]",,0,0,False,0,,0
r4-1501201,208,14,1,13,1,a55a8526eb910f91cd5d8473aac8028dbb3efa8a1c5209b51d34c419a5a63ab4,True,"[""MOVED_LEFT""]",,0,0,False,0,,0
r4-1501201,209,13,1,13,2,a55a8526eb910f91cd5d8473aac8028dbb3efa8a1c5209b51d34c419a5a63ab4,True,"[""MOVED_DOWN"",""BOMB_EXPLODED""]",,0,0,False,0,,0
r4-1501201,210,13,2,13,3,a55a8526eb910f91cd5d8473aac8028dbb3efa8a1c5209b51d34c419a5a63ab4,True,"[""MOVED_DOWN""]",,0,0,False,0,,0
r4-1501201,211,13,3,13,3,a55a8526eb910f91cd5d8473aac8028dbb3efa8a1c5209b51d34c419a5a63ab4,False,"[""WAITED""]",,0,0,False,0,,0
r4-1501201,212,13,3,13,3,a55a8526eb910f91cd5d8473aac8028dbb3efa8a1c5209b51d34c419a5a63ab4,False,"[""BOMB_DROPPED""]",,0,0,False,0,,-0.5
r4-1501201,213,13,3,13,3,a55a8526eb910f91cd5d8473aac8028dbb3efa8a1c5209b51d34c419a5a63ab4,True,"[""WAITED""]",,0,0,False,0,,0
r4-1501201,214,13,3,13,2,a55a8526eb910f91cd5d8473aac8028dbb3efa8a1c5209b51d34c419a5a63ab4,True,"[""MOVED_UP""]",,0,0,False,0,,0
r4-1501201,215,13,2,13,1,a55a8526eb910f91cd5d8473aac8028dbb3efa8a1c5209b51d34c419a5a63ab4,True,"[""MOVED_UP""]",,0,0,False,0,,0
r4-1501201,216,13,1,12,1,a55a8526eb910f91cd5d8473aac8028dbb3efa8a1c5209b51d34c419a5a63ab4,True,"[""MOVED_LEFT"",""BOMB_EXPLODED""]",,0,0,False,0,,0
r4-1501201,217,12,1,12,1,a55a8526eb910f91cd5d8473aac8028dbb3efa8a1c5209b51d34c419a5a63ab4,True,"[""WAITED""]",,0,0,False,1,,0
r4-1501201,218,12,1,13,1,a55a8526eb910f91cd5d8473aac8028dbb3efa8a1c5209b51d34c419a5a63ab4,False,"[""MOVED_RIGHT""]",,0,0,False,1,,0
r4-1501201,219,13,1,14,1,a55a8526eb910f91cd5d8473aac8028dbb3efa8a1c5209b51d34c419a5a63ab4,False,"[""MOVED_RIGHT""]",,0,0,False,0,,0
r4-1501201,220,14,1,15,1,a55a8526eb910f91cd5d8473aac8028dbb3efa8a1c5209b51d34c419a5a63ab4,False,"[""MOVED_RIGHT""]",,0,0,False,0,,0
r4-1501201,221,15,1,15,1,a55a8526eb910f91cd5d8473aac8028dbb3efa8a1c5209b51d34c419a5a63ab4,False,"[""BOMB_DROPPED""]",,0,0,False,0,,-0.5
r4-1501201,222,15,1,14,1,a55a8526eb910f91cd5d8473aac8028dbb3efa8a1c5209b51d34c419a5a63ab4,True,"[""MOVED_LEFT""]",,0,0,False,0,,0
r4-1501201,223,14,1,14,1,a55a8526eb910f91cd5d8473aac8028dbb3efa8a1c5209b51d34c419a5a63ab4,True,"[""WAITED""]",,0,0,False,0,,0
r4-1501201,224,14,1,13,1,a55a8526eb910f91cd5d8473aac8028dbb3efa8a1c5209b51d34c419a5a63ab4,True,"[""MOVED_LEFT""]",,0,0,False,0,,0
r4-1501201,225,13,1,13,2,a55a8526eb910f91cd5d8473aac8028dbb3efa8a1c5209b51d34c419a5a63ab4,True,"[""MOVED_DOWN"",""BOMB_EXPLODED""]",,0,0,False,0,,0
r4-1501201,226,13,2,13,3,a55a8526eb910f91cd5d8473aac8028dbb3efa8a1c5209b51d34c419a5a63ab4,True,"[""MOVED_DOWN""]",,0,0,False,0,,0
r4-1501201,227,13,3,13,3,a55a8526eb910f91cd5d8473aac8028dbb3efa8a1c5209b51d34c419a5a63ab4,False,"[""WAITED""]",,0,0,False,0,,0
r4-1501201,228,13,3,13,3,a55a8526eb910f91cd5d8473aac8028dbb3efa8a1c5209b51d34c419a5a63ab4,False,"[""BOMB_DROPPED""]",,0,0,False,0,,-0.5
r4-1501201,229,13,3,13,3,a55a8526eb910f91cd5d8473aac8028dbb3efa8a1c5209b51d34c419a5a63ab4,True,"[""WAITED""]",,0,0,False,0,,0
r4-1501201,230,13,3,13,2,a55a8526eb910f91cd5d8473aac8028dbb3efa8a1c5209b51d34c419a5a63ab4,True,"[""MOVED_UP""]",,0,0,False,0,,0
r4-1501201,231,13,2,13,1,a55a8526eb910f91cd5d8473aac8028dbb3efa8a1c5209b51d34c419a5a63ab4,True,"[""MOVED_UP""]",,0,0,False,0,,0
r4-1501201,232,13,1,12,1,a55a8526eb910f91cd5d8473aac8028dbb3efa8a1c5209b51d34c419a5a63ab4,True,"[""MOVED_LEFT"",""BOMB_EXPLODED""]",,0,0,False,0,,0
r4-1501201,233,12,1,12,1,a55a8526eb910f91cd5d8473aac8028dbb3efa8a1c5209b51d34c419a5a63ab4,True,"[""WAITED""]",,0,0,False,1,,0
r4-1501201,234,12,1,13,1,a55a8526eb910f91cd5d8473aac8028dbb3efa8a1c5209b51d34c419a5a63ab4,False,"[""MOVED_RIGHT""]",,0,0,False,1,,0
r4-1501201,235,13,1,14,1,a55a8526eb910f91cd5d8473aac8028dbb3efa8a1c5209b51d34c419a5a63ab4,False,"[""MOVED_RIGHT""]",,0,0,False,0,,0
r4-1501201,236,14,1,15,1,a55a8526eb910f91cd5d8473aac8028dbb3efa8a1c5209b51d34c419a5a63ab4,False,"[""MOVED_RIGHT""]",,0,0,False,0,,0
r4-1501201,237,15,1,15,1,a55a8526eb910f91cd5d8473aac8028dbb3efa8a1c5209b51d34c419a5a63ab4,False,"[""BOMB_DROPPED""]",,0,0,False,0,,-0.5
r4-1501201,238,15,1,14,1,a55a8526eb910f91cd5d8473aac8028dbb3efa8a1c5209b51d34c419a5a63ab4,True,"[""MOVED_LEFT""]",,0,0,False,0,,0
r4-1501201,239,14,1,14,1,a55a8526eb910f91cd5d8473aac8028dbb3efa8a1c5209b51d34c419a5a63ab4,True,"[""WAITED""]",,0,0,False,0,,0
r4-1501201,240,14,1,13,1,a55a8526eb910f91cd5d8473aac8028dbb3efa8a1c5209b51d34c419a5a63ab4,True,"[""MOVED_LEFT""]",,0,0,False,0,,0
r4-1501201,241,13,1,13,2,a55a8526eb910f91cd5d8473aac8028dbb3efa8a1c5209b51d34c419a5a63ab4,True,"[""MOVED_DOWN"",""BOMB_EXPLODED""]",,0,0,False,0,,0
r4-1501201,242,13,2,13,3,a55a8526eb910f91cd5d8473aac8028dbb3efa8a1c5209b51d34c419a5a63ab4,True,"[""MOVED_DOWN""]",,0,0,False,0,,0
r4-1501201,243,13,3,13,3,a55a8526eb910f91cd5d8473aac8028dbb3efa8a1c5209b51d34c419a5a63ab4,False,"[""WAITED""]",,0,0,False,0,,0
r4-1501201,244,13,3,13,3,a55a8526eb910f91cd5d8473aac8028dbb3efa8a1c5209b51d34c419a5a63ab4,False,"[""BOMB_DROPPED""]",,0,0,False,0,,-0.5
r4-1501201,245,13,3,13,3,a55a8526eb910f91cd5d8473aac8028dbb3efa8a1c5209b51d34c419a5a63ab4,True,"[""WAITED""]",,0,0,False,0,,0
r4-1501201,246,13,3,13,2,a55a8526eb910f91cd5d8473aac8028dbb3efa8a1c5209b51d34c419a5a63ab4,True,"[""MOVED_UP""]",,0,0,False,0,,0
r4-1501201,247,13,2,13,1,a55a8526eb910f91cd5d8473aac8028dbb3efa8a1c5209b51d34c419a5a63ab4,True,"[""MOVED_UP""]",,0,0,False,0,,0
r4-1501201,248,13,1,12,1,a55a8526eb910f91cd5d8473aac8028dbb3efa8a1c5209b51d34c419a5a63ab4,True,"[""MOVED_LEFT"",""BOMB_EXPLODED""]",,0,0,False,0,,0
r4-1501201,249,12,1,12,1,a55a8526eb910f91cd5d8473aac8028dbb3efa8a1c5209b51d34c419a5a63ab4,True,"[""WAITED""]",,0,0,False,1,,0
r4-1501201,250,12,1,13,1,a55a8526eb910f91cd5d8473aac8028dbb3efa8a1c5209b51d34c419a5a63ab4,False,"[""MOVED_RIGHT""]",,0,0,False,1,,0
r4-1501201,251,13,1,14,1,a55a8526eb910f91cd5d8473aac8028dbb3efa8a1c5209b51d34c419a5a63ab4,False,"[""MOVED_RIGHT""]",,0,0,False,0,,0
r4-1501201,252,14,1,15,1,a55a8526eb910f91cd5d8473aac8028dbb3efa8a1c5209b51d34c419a5a63ab4,False,"[""MOVED_RIGHT""]",,0,0,False,0,,0
r4-1501201,253,15,1,15,1,a55a8526eb910f91cd5d8473aac8028dbb3efa8a1c5209b51d34c419a5a63ab4,False,"[""BOMB_DROPPED""]",,0,0,False,0,,-0.5
r4-1501201,254,15,1,14,1,a55a8526eb910f91cd5d8473aac8028dbb3efa8a1c5209b51d34c419a5a63ab4,True,"[""MOVED_LEFT""]",,0,0,False,0,,0
r4-1501201,255,14,1,14,1,a55a8526eb910f91cd5d8473aac8028dbb3efa8a1c5209b51d34c419a5a63ab4,True,"[""WAITED""]",,0,0,False,0,,0
r4-1501201,256,14,1,13,1,a55a8526eb910f91cd5d8473aac8028dbb3efa8a1c5209b51d34c419a5a63ab4,True,"[""MOVED_LEFT""]",,0,0,False,0,,0
r4-1501201,257,13,1,13,2,a55a8526eb910f91cd5d8473aac8028dbb3efa8a1c5209b51d34c419a5a63ab4,True,"[""MOVED_DOWN"",""BOMB_EXPLODED""]",,0,0,False,0,,0
r4-1501201,258,13,2,13,3,a55a8526eb910f91cd5d8473aac8028dbb3efa8a1c5209b51d34c419a5a63ab4,True,"[""MOVED_DOWN""]",,0,0,False,0,,0
r4-1501201,259,13,3,13,3,a55a8526eb910f91cd5d8473aac8028dbb3efa8a1c5209b51d34c419a5a63ab4,False,"[""WAITED""]",,0,0,False,0,,0
r4-1501201,260,13,3,13,3,a55a8526eb910f91cd5d8473aac8028dbb3efa8a1c5209b51d34c419a5a63ab4,False,"[""BOMB_DROPPED""]",,0,0,False,0,,-0.5
r4-1501201,261,13,3,13,3,a55a8526eb910f91cd5d8473aac8028dbb3efa8a1c5209b51d34c419a5a63ab4,True,"[""WAITED""]",,0,0,False,0,,0
r4-1501201,262,13,3,13,2,a55a8526eb910f91cd5d8473aac8028dbb3efa8a1c5209b51d34c419a5a63ab4,True,"[""MOVED_UP""]",,0,0,False,0,,0
r4-1501201,263,13,2,13,1,a55a8526eb910f91cd5d8473aac8028dbb3efa8a1c5209b51d34c419a5a63ab4,True,"[""MOVED_UP""]",,0,0,False,0,,0
r4-1501201,264,13,1,12,1,a55a8526eb910f91cd5d8473aac8028dbb3efa8a1c5209b51d34c419a5a63ab4,True,"[""MOVED_LEFT"",""BOMB_EXPLODED""]",,0,0,False,0,,0
r4-1501201,265,12,1,12,1,a55a8526eb910f91cd5d8473aac8028dbb3efa8a1c5209b51d34c419a5a63ab4,True,"[""WAITED""]",,0,0,False,1,,0
r4-1501201,266,12,1,13,1,a55a8526eb910f91cd5d8473aac8028dbb3efa8a1c5209b51d34c419a5a63ab4,False,"[""MOVED_RIGHT""]",,0,0,False,1,,0
r4-1501201,267,13,1,14,1,a55a8526eb910f91cd5d8473aac8028dbb3efa8a1c5209b51d34c419a5a63ab4,False,"[""MOVED_RIGHT""]",,0,0,False,0,,0
r4-1501201,268,14,1,15,1,a55a8526eb910f91cd5d8473aac8028dbb3efa8a1c5209b51d34c419a5a63ab4,False,"[""MOVED_RIGHT""]",,0,0,False,0,,0
r4-1501201,269,15,1,15,1,a55a8526eb910f91cd5d8473aac8028dbb3efa8a1c5209b51d34c419a5a63ab4,False,"[""BOMB_DROPPED""]",,0,0,False,0,,-0.5
r4-1501201,270,15,1,14,1,a55a8526eb910f91cd5d8473aac8028dbb3efa8a1c5209b51d34c419a5a63ab4,True,"[""MOVED_LEFT""]",,0,0,False,0,,0
r4-1501201,271,14,1,14,1,a55a8526eb910f91cd5d8473aac8028dbb3efa8a1c5209b51d34c419a5a63ab4,True,"[""WAITED""]",,0,0,False,0,,0
r4-1501201,272,14,1,13,1,a55a8526eb910f91cd5d8473aac8028dbb3efa8a1c5209b51d34c419a5a63ab4,True,"[""MOVED_LEFT""]",,0,0,False,0,,0
r4-1501201,273,13,1,13,2,a55a8526eb910f91cd5d8473aac8028dbb3efa8a1c5209b51d34c419a5a63ab4,True,"[""MOVED_DOWN"",""BOMB_EXPLODED""]",,0,0,False,0,,0
r4-1501201,274,13,2,13,3,a55a8526eb910f91cd5d8473aac8028dbb3efa8a1c5209b51d34c419a5a63ab4,True,"[""MOVED_DOWN""]",,0,0,False,0,,0
r4-1501201,275,13,3,13,3,a55a8526eb910f91cd5d8473aac8028dbb3efa8a1c5209b51d34c419a5a63ab4,False,"[""WAITED""]",,0,0,False,0,,0
r4-1501201,276,13,3,13,3,a55a8526eb910f91cd5d8473aac8028dbb3efa8a1c5209b51d34c419a5a63ab4,False,"[""BOMB_DROPPED""]",,0,0,False,0,,-0.5
r4-1501201,277,13,3,13,3,a55a8526eb910f91cd5d8473aac8028dbb3efa8a1c5209b51d34c419a5a63ab4,True,"[""WAITED""]",,0,0,False,0,,0
r4-1501201,278,13,3,13,2,a55a8526eb910f91cd5d8473aac8028dbb3efa8a1c5209b51d34c419a5a63ab4,True,"[""MOVED_UP""]",,0,0,False,0,,0
r4-1501201,279,13,2,13,1,a55a8526eb910f91cd5d8473aac8028dbb3efa8a1c5209b51d34c419a5a63ab4,True,"[""MOVED_UP""]",,0,0,False,0,,0
r4-1501201,280,13,1,12,1,a55a8526eb910f91cd5d8473aac8028dbb3efa8a1c5209b51d34c419a5a63ab4,True,"[""MOVED_LEFT"",""BOMB_EXPLODED""]",,0,0,False,0,,0
r4-1501201,281,12,1,12,1,a55a8526eb910f91cd5d8473aac8028dbb3efa8a1c5209b51d34c419a5a63ab4,True,"[""WAITED""]",,0,0,False,1,,0
r4-1501201,282,12,1,13,1,a55a8526eb910f91cd5d8473aac8028dbb3efa8a1c5209b51d34c419a5a63ab4,False,"[""MOVED_RIGHT""]",,0,0,False,1,,0
r4-1501201,283,13,1,14,1,a55a8526eb910f91cd5d8473aac8028dbb3efa8a1c5209b51d34c419a5a63ab4,False,"[""MOVED_RIGHT""]",,0,0,False,0,,0
r4-1501201,284,14,1,15,1,a55a8526eb910f91cd5d8473aac8028dbb3efa8a1c5209b51d34c419a5a63ab4,False,"[""MOVED_RIGHT""]",,0,0,False,0,,0
r4-1501201,285,15,1,15,1,a55a8526eb910f91cd5d8473aac8028dbb3efa8a1c5209b51d34c419a5a63ab4,False,"[""BOMB_DROPPED""]",,0,0,False,0,,-0.5
r4-1501201,286,15,1,14,1,a55a8526eb910f91cd5d8473aac8028dbb3efa8a1c5209b51d34c419a5a63ab4,True,"[""MOVED_LEFT""]",,0,0,False,0,,0
r4-1501201,287,14,1,14,1,a55a8526eb910f91cd5d8473aac8028dbb3efa8a1c5209b51d34c419a5a63ab4,True,"[""WAITED""]",,0,0,False,0,,0
r4-1501201,288,14,1,13,1,a55a8526eb910f91cd5d8473aac8028dbb3efa8a1c5209b51d34c419a5a63ab4,True,"[""MOVED_LEFT""]",,0,0,False,0,,0
r4-1501201,289,13,1,13,2,a55a8526eb910f91cd5d8473aac8028dbb3efa8a1c5209b51d34c419a5a63ab4,True,"[""MOVED_DOWN"",""BOMB_EXPLODED""]",,0,0,False,0,,0
r4-1501201,290,13,2,13,3,a55a8526eb910f91cd5d8473aac8028dbb3efa8a1c5209b51d34c419a5a63ab4,True,"[""MOVED_DOWN""]",,0,0,False,0,,0
r4-1501201,291,13,3,13,3,a55a8526eb910f91cd5d8473aac8028dbb3efa8a1c5209b51d34c419a5a63ab4,False,"[""WAITED""]",,0,0,False,0,,0
r4-1501201,292,13,3,13,3,a55a8526eb910f91cd5d8473aac8028dbb3efa8a1c5209b51d34c419a5a63ab4,False,"[""BOMB_DROPPED""]",,0,0,False,0,,-0.5
r4-1501201,293,13,3,13,3,a55a8526eb910f91cd5d8473aac8028dbb3efa8a1c5209b51d34c419a5a63ab4,True,"[""WAITED""]",,0,0,False,0,,0
r4-1501201,294,13,3,13,2,a55a8526eb910f91cd5d8473aac8028dbb3efa8a1c5209b51d34c419a5a63ab4,True,"[""MOVED_UP""]",,0,0,False,0,,0
r4-1501201,295,13,2,13,1,a55a8526eb910f91cd5d8473aac8028dbb3efa8a1c5209b51d34c419a5a63ab4,True,"[""MOVED_UP""]",,0,0,False,0,,0
r4-1501201,296,13,1,12,1,a55a8526eb910f91cd5d8473aac8028dbb3efa8a1c5209b51d34c419a5a63ab4,True,"[""MOVED_LEFT"",""BOMB_EXPLODED""]",,0,0,False,0,,0
r4-1501201,297,12,1,12,1,a55a8526eb910f91cd5d8473aac8028dbb3efa8a1c5209b51d34c419a5a63ab4,True,"[""WAITED""]",,0,0,False,1,,0
r4-1501201,298,12,1,13,1,a55a8526eb910f91cd5d8473aac8028dbb3efa8a1c5209b51d34c419a5a63ab4,False,"[""MOVED_RIGHT""]",,0,0,False,1,,0
r4-1501201,299,13,1,14,1,a55a8526eb910f91cd5d8473aac8028dbb3efa8a1c5209b51d34c419a5a63ab4,False,"[""MOVED_RIGHT""]",,0,0,False,0,,0
r4-1501201,300,14,1,15,1,a55a8526eb910f91cd5d8473aac8028dbb3efa8a1c5209b51d34c419a5a63ab4,False,"[""MOVED_RIGHT""]",,0,0,False,0,,0
r4-1501201,301,15,1,15,1,a55a8526eb910f91cd5d8473aac8028dbb3efa8a1c5209b51d34c419a5a63ab4,False,"[""BOMB_DROPPED""]",,0,0,False,0,,-0.5
r4-1501201,302,15,1,14,1,a55a8526eb910f91cd5d8473aac8028dbb3efa8a1c5209b51d34c419a5a63ab4,True,"[""MOVED_LEFT""]",,0,0,False,0,,0
r4-1501201,303,14,1,14,1,a55a8526eb910f91cd5d8473aac8028dbb3efa8a1c5209b51d34c419a5a63ab4,True,"[""WAITED""]",,0,0,False,0,,0
r4-1501201,304,14,1,13,1,a55a8526eb910f91cd5d8473aac8028dbb3efa8a1c5209b51d34c419a5a63ab4,True,"[""MOVED_LEFT""]",,0,0,False,0,,0
r4-1501201,305,13,1,13,2,a55a8526eb910f91cd5d8473aac8028dbb3efa8a1c5209b51d34c419a5a63ab4,True,"[""MOVED_DOWN"",""BOMB_EXPLODED""]",,0,0,False,0,,0
r4-1501201,306,13,2,13,3,a55a8526eb910f91cd5d8473aac8028dbb3efa8a1c5209b51d34c419a5a63ab4,True,"[""MOVED_DOWN""]",,0,0,False,0,,0
r4-1501201,307,13,3,13,3,a55a8526eb910f91cd5d8473aac8028dbb3efa8a1c5209b51d34c419a5a63ab4,False,"[""WAITED""]",,0,0,False,0,,0
r4-1501201,308,13,3,13,3,a55a8526eb910f91cd5d8473aac8028dbb3efa8a1c5209b51d34c419a5a63ab4,False,"[""BOMB_DROPPED""]",,0,0,False,0,,-0.5
r4-1501201,309,13,3,13,3,a55a8526eb910f91cd5d8473aac8028dbb3efa8a1c5209b51d34c419a5a63ab4,True,"[""WAITED""]",,0,0,False,0,,0
r4-1501201,310,13,3,13,2,a55a8526eb910f91cd5d8473aac8028dbb3efa8a1c5209b51d34c419a5a63ab4,True,"[""MOVED_UP""]",,0,0,False,0,,0
r4-1501201,311,13,2,13,1,a55a8526eb910f91cd5d8473aac8028dbb3efa8a1c5209b51d34c419a5a63ab4,True,"[""MOVED_UP""]",,0,0,False,0,,0
r4-1501201,312,13,1,12,1,a55a8526eb910f91cd5d8473aac8028dbb3efa8a1c5209b51d34c419a5a63ab4,True,"[""MOVED_LEFT"",""BOMB_EXPLODED""]",,0,0,False,0,,0
r4-1501201,313,12,1,12,1,a55a8526eb910f91cd5d8473aac8028dbb3efa8a1c5209b51d34c419a5a63ab4,True,"[""WAITED""]",,0,0,False,1,,0
r4-1501201,314,12,1,13,1,a55a8526eb910f91cd5d8473aac8028dbb3efa8a1c5209b51d34c419a5a63ab4,False,"[""MOVED_RIGHT""]",,0,0,False,1,,0
r4-1501201,315,13,1,14,1,a55a8526eb910f91cd5d8473aac8028dbb3efa8a1c5209b51d34c419a5a63ab4,False,"[""MOVED_RIGHT""]",,0,0,False,0,,0
r4-1501201,316,14,1,15,1,a55a8526eb910f91cd5d8473aac8028dbb3efa8a1c5209b51d34c419a5a63ab4,False,"[""MOVED_RIGHT""]",,0,0,False,0,,0
r4-1501201,317,15,1,15,1,a55a8526eb910f91cd5d8473aac8028dbb3efa8a1c5209b51d34c419a5a63ab4,False,"[""BOMB_DROPPED""]",,0,0,False,0,,-0.5
r4-1501201,318,15,1,14,1,a55a8526eb910f91cd5d8473aac8028dbb3efa8a1c5209b51d34c419a5a63ab4,True,"[""MOVED_LEFT""]",,0,0,False,0,,0
r4-1501201,319,14,1,14,1,a55a8526eb910f91cd5d8473aac8028dbb3efa8a1c5209b51d34c419a5a63ab4,True,"[""WAITED""]",,0,0,False,0,,0
r4-1501201,320,14,1,13,1,a55a8526eb910f91cd5d8473aac8028dbb3efa8a1c5209b51d34c419a5a63ab4,True,"[""MOVED_LEFT""]",,0,0,False,0,,0
r4-1501201,321,13,1,13,2,a55a8526eb910f91cd5d8473aac8028dbb3efa8a1c5209b51d34c419a5a63ab4,True,"[""MOVED_DOWN"",""BOMB_EXPLODED""]",,0,0,False,0,,0
r4-1501201,322,13,2,13,3,a55a8526eb910f91cd5d8473aac8028dbb3efa8a1c5209b51d34c419a5a63ab4,True,"[""MOVED_DOWN""]",,0,0,False,0,,0
r4-1501201,323,13,3,13,3,a55a8526eb910f91cd5d8473aac8028dbb3efa8a1c5209b51d34c419a5a63ab4,False,"[""WAITED""]",,0,0,False,0,,0
r4-1501201,324,13,3,13,3,a55a8526eb910f91cd5d8473aac8028dbb3efa8a1c5209b51d34c419a5a63ab4,False,"[""BOMB_DROPPED""]",,0,0,False,0,,-0.5
r4-1501201,325,13,3,13,3,a55a8526eb910f91cd5d8473aac8028dbb3efa8a1c5209b51d34c419a5a63ab4,True,"[""WAITED""]",,0,0,False,0,,0
r4-1501201,326,13,3,13,2,a55a8526eb910f91cd5d8473aac8028dbb3efa8a1c5209b51d34c419a5a63ab4,True,"[""MOVED_UP""]",,0,0,False,0,,0
r4-1501201,327,13,2,13,1,a55a8526eb910f91cd5d8473aac8028dbb3efa8a1c5209b51d34c419a5a63ab4,True,"[""MOVED_UP""]",,0,0,False,0,,0
r4-1501201,328,13,1,12,1,a55a8526eb910f91cd5d8473aac8028dbb3efa8a1c5209b51d34c419a5a63ab4,True,"[""MOVED_LEFT"",""BOMB_EXPLODED""]",,0,0,False,0,,0
r4-1501201,329,12,1,12,1,a55a8526eb910f91cd5d8473aac8028dbb3efa8a1c5209b51d34c419a5a63ab4,True,"[""WAITED""]",,0,0,False,1,,0
r4-1501201,330,12,1,13,1,a55a8526eb910f91cd5d8473aac8028dbb3efa8a1c5209b51d34c419a5a63ab4,False,"[""MOVED_RIGHT""]",,0,0,False,1,,0
r4-1501201,331,13,1,14,1,a55a8526eb910f91cd5d8473aac8028dbb3efa8a1c5209b51d34c419a5a63ab4,False,"[""MOVED_RIGHT""]",,0,0,False,0,,0
r4-1501201,332,14,1,15,1,a55a8526eb910f91cd5d8473aac8028dbb3efa8a1c5209b51d34c419a5a63ab4,False,"[""MOVED_RIGHT""]",,0,0,False,0,,0
r4-1501201,333,15,1,15,1,a55a8526eb910f91cd5d8473aac8028dbb3efa8a1c5209b51d34c419a5a63ab4,False,"[""BOMB_DROPPED""]",,0,0,False,0,,-0.5
r4-1501201,334,15,1,14,1,a55a8526eb910f91cd5d8473aac8028dbb3efa8a1c5209b51d34c419a5a63ab4,True,"[""MOVED_LEFT""]",,0,0,False,0,,0
r4-1501201,335,14,1,14,1,a55a8526eb910f91cd5d8473aac8028dbb3efa8a1c5209b51d34c419a5a63ab4,True,"[""WAITED""]",,0,0,False,0,,0
r4-1501201,336,14,1,13,1,a55a8526eb910f91cd5d8473aac8028dbb3efa8a1c5209b51d34c419a5a63ab4,True,"[""MOVED_LEFT""]",,0,0,False,0,,0
r4-1501201,337,13,1,13,2,a55a8526eb910f91cd5d8473aac8028dbb3efa8a1c5209b51d34c419a5a63ab4,True,"[""MOVED_DOWN"",""BOMB_EXPLODED""]",,0,0,False,0,,0
r4-1501201,338,13,2,13,3,a55a8526eb910f91cd5d8473aac8028dbb3efa8a1c5209b51d34c419a5a63ab4,True,"[""MOVED_DOWN""]",,0,0,False,0,,0
r4-1501201,339,13,3,13,3,a55a8526eb910f91cd5d8473aac8028dbb3efa8a1c5209b51d34c419a5a63ab4,False,"[""WAITED""]",,0,0,False,0,,0
r4-1501201,340,13,3,13,3,a55a8526eb910f91cd5d8473aac8028dbb3efa8a1c5209b51d34c419a5a63ab4,False,"[""BOMB_DROPPED""]",,0,0,False,0,,-0.5
r4-1501201,341,13,3,13,3,a55a8526eb910f91cd5d8473aac8028dbb3efa8a1c5209b51d34c419a5a63ab4,True,"[""WAITED""]",,0,0,False,0,,0
r4-1501201,342,13,3,13,2,a55a8526eb910f91cd5d8473aac8028dbb3efa8a1c5209b51d34c419a5a63ab4,True,"[""MOVED_UP""]",,0,0,False,0,,0
r4-1501201,343,13,2,13,1,a55a8526eb910f91cd5d8473aac8028dbb3efa8a1c5209b51d34c419a5a63ab4,True,"[""MOVED_UP""]",,0,0,False,0,,0
r4-1501201,344,13,1,12,1,a55a8526eb910f91cd5d8473aac8028dbb3efa8a1c5209b51d34c419a5a63ab4,True,"[""MOVED_LEFT"",""BOMB_EXPLODED""]",,0,0,False,0,,0
r4-1501201,345,12,1,12,1,a55a8526eb910f91cd5d8473aac8028dbb3efa8a1c5209b51d34c419a5a63ab4,True,"[""WAITED""]",,0,0,False,1,,0
r4-1501201,346,12,1,13,1,a55a8526eb910f91cd5d8473aac8028dbb3efa8a1c5209b51d34c419a5a63ab4,False,"[""MOVED_RIGHT""]",,0,0,False,1,,0
r4-1501201,347,13,1,14,1,a55a8526eb910f91cd5d8473aac8028dbb3efa8a1c5209b51d34c419a5a63ab4,False,"[""MOVED_RIGHT""]",,0,0,False,0,,0
r4-1501201,348,14,1,15,1,a55a8526eb910f91cd5d8473aac8028dbb3efa8a1c5209b51d34c419a5a63ab4,False,"[""MOVED_RIGHT""]",,0,0,False,0,,0
r4-1501201,349,15,1,15,1,a55a8526eb910f91cd5d8473aac8028dbb3efa8a1c5209b51d34c419a5a63ab4,False,"[""BOMB_DROPPED""]",,0,0,False,0,,-0.5
r4-1501201,350,15,1,14,1,a55a8526eb910f91cd5d8473aac8028dbb3efa8a1c5209b51d34c419a5a63ab4,True,"[""MOVED_LEFT""]",,0,0,False,0,,0
r4-1501201,351,14,1,14,1,a55a8526eb910f91cd5d8473aac8028dbb3efa8a1c5209b51d34c419a5a63ab4,True,"[""WAITED""]",,0,0,False,0,,0
r4-1501201,352,14,1,13,1,a55a8526eb910f91cd5d8473aac8028dbb3efa8a1c5209b51d34c419a5a63ab4,True,"[""MOVED_LEFT""]",,0,0,False,0,,0
r4-1501201,353,13,1,13,2,a55a8526eb910f91cd5d8473aac8028dbb3efa8a1c5209b51d34c419a5a63ab4,True,"[""MOVED_DOWN"",""BOMB_EXPLODED""]",,0,0,False,0,,0
r4-1501201,354,13,2,13,3,a55a8526eb910f91cd5d8473aac8028dbb3efa8a1c5209b51d34c419a5a63ab4,True,"[""MOVED_DOWN""]",,0,0,False,0,,0
r4-1501201,355,13,3,13,3,a55a8526eb910f91cd5d8473aac8028dbb3efa8a1c5209b51d34c419a5a63ab4,False,"[""WAITED""]",,0,0,False,0,,0
r4-1501201,356,13,3,13,3,a55a8526eb910f91cd5d8473aac8028dbb3efa8a1c5209b51d34c419a5a63ab4,False,"[""BOMB_DROPPED""]",,0,0,False,0,,-0.5
r4-1501201,357,13,3,13,3,a55a8526eb910f91cd5d8473aac8028dbb3efa8a1c5209b51d34c419a5a63ab4,True,"[""WAITED""]",,0,0,False,0,,0
r4-1501201,358,13,3,13,2,a55a8526eb910f91cd5d8473aac8028dbb3efa8a1c5209b51d34c419a5a63ab4,True,"[""MOVED_UP""]",,0,0,False,0,,0
r4-1501201,359,13,2,13,1,a55a8526eb910f91cd5d8473aac8028dbb3efa8a1c5209b51d34c419a5a63ab4,True,"[""MOVED_UP""]",,0,0,False,0,,0
r4-1501201,360,13,1,12,1,a55a8526eb910f91cd5d8473aac8028dbb3efa8a1c5209b51d34c419a5a63ab4,True,"[""MOVED_LEFT"",""BOMB_EXPLODED""]",,0,0,False,0,,0
r4-1501201,361,12,1,12,1,a55a8526eb910f91cd5d8473aac8028dbb3efa8a1c5209b51d34c419a5a63ab4,True,"[""WAITED""]",,0,0,False,1,,0
r4-1501201,362,12,1,13,1,a55a8526eb910f91cd5d8473aac8028dbb3efa8a1c5209b51d34c419a5a63ab4,False,"[""MOVED_RIGHT""]",,0,0,False,1,,0
r4-1501201,363,13,1,14,1,a55a8526eb910f91cd5d8473aac8028dbb3efa8a1c5209b51d34c419a5a63ab4,False,"[""MOVED_RIGHT""]",,0,0,False,0,,0
r4-1501201,364,14,1,15,1,a55a8526eb910f91cd5d8473aac8028dbb3efa8a1c5209b51d34c419a5a63ab4,False,"[""MOVED_RIGHT""]",,0,0,False,0,,0
r4-1501201,365,15,1,15,1,a55a8526eb910f91cd5d8473aac8028dbb3efa8a1c5209b51d34c419a5a63ab4,False,"[""BOMB_DROPPED""]",,0,0,False,0,,-0.5
r4-1501201,366,15,1,14,1,a55a8526eb910f91cd5d8473aac8028dbb3efa8a1c5209b51d34c419a5a63ab4,True,"[""MOVED_LEFT""]",,0,0,False,0,,0
r4-1501201,367,14,1,14,1,a55a8526eb910f91cd5d8473aac8028dbb3efa8a1c5209b51d34c419a5a63ab4,True,"[""WAITED""]",,0,0,False,0,,0
r4-1501201,368,14,1,13,1,a55a8526eb910f91cd5d8473aac8028dbb3efa8a1c5209b51d34c419a5a63ab4,True,"[""MOVED_LEFT""]",,0,0,False,0,,0
r4-1501201,369,13,1,13,2,a55a8526eb910f91cd5d8473aac8028dbb3efa8a1c5209b51d34c419a5a63ab4,True,"[""MOVED_DOWN"",""BOMB_EXPLODED""]",,0,0,False,0,,0
r4-1501201,370,13,2,13,3,a55a8526eb910f91cd5d8473aac8028dbb3efa8a1c5209b51d34c419a5a63ab4,True,"[""MOVED_DOWN""]",,0,0,False,0,,0
r4-1501201,371,13,3,13,3,a55a8526eb910f91cd5d8473aac8028dbb3efa8a1c5209b51d34c419a5a63ab4,False,"[""WAITED""]",,0,0,False,0,,0
r4-1501201,372,13,3,13,3,a55a8526eb910f91cd5d8473aac8028dbb3efa8a1c5209b51d34c419a5a63ab4,False,"[""BOMB_DROPPED""]",,0,0,False,0,,-0.5
r4-1501201,373,13,3,13,3,a55a8526eb910f91cd5d8473aac8028dbb3efa8a1c5209b51d34c419a5a63ab4,True,"[""WAITED""]",,0,0,False,0,,0
r4-1501201,374,13,3,13,2,a55a8526eb910f91cd5d8473aac8028dbb3efa8a1c5209b51d34c419a5a63ab4,True,"[""MOVED_UP""]",,0,0,False,0,,0
r4-1501201,375,13,2,13,1,a55a8526eb910f91cd5d8473aac8028dbb3efa8a1c5209b51d34c419a5a63ab4,True,"[""MOVED_UP""]",,0,0,False,0,,0
r4-1501201,376,13,1,12,1,a55a8526eb910f91cd5d8473aac8028dbb3efa8a1c5209b51d34c419a5a63ab4,True,"[""MOVED_LEFT"",""BOMB_EXPLODED""]",,0,0,False,0,,0
r4-1501201,377,12,1,12,1,a55a8526eb910f91cd5d8473aac8028dbb3efa8a1c5209b51d34c419a5a63ab4,True,"[""WAITED""]",,0,0,False,1,,0
r4-1501201,378,12,1,13,1,a55a8526eb910f91cd5d8473aac8028dbb3efa8a1c5209b51d34c419a5a63ab4,False,"[""MOVED_RIGHT""]",,0,0,False,1,,0
r4-1501201,379,13,1,14,1,a55a8526eb910f91cd5d8473aac8028dbb3efa8a1c5209b51d34c419a5a63ab4,False,"[""MOVED_RIGHT""]",,0,0,False,0,,0
r4-1501201,380,14,1,15,1,a55a8526eb910f91cd5d8473aac8028dbb3efa8a1c5209b51d34c419a5a63ab4,False,"[""MOVED_RIGHT""]",,0,0,False,0,,0
r4-1501201,381,15,1,15,1,a55a8526eb910f91cd5d8473aac8028dbb3efa8a1c5209b51d34c419a5a63ab4,False,"[""BOMB_DROPPED""]",,0,0,False,0,,-0.5
r4-1501201,382,15,1,14,1,a55a8526eb910f91cd5d8473aac8028dbb3efa8a1c5209b51d34c419a5a63ab4,True,"[""MOVED_LEFT""]",,0,0,False,0,,0
r4-1501201,383,14,1,14,1,a55a8526eb910f91cd5d8473aac8028dbb3efa8a1c5209b51d34c419a5a63ab4,True,"[""WAITED""]",,0,0,False,0,,0
r4-1501201,384,14,1,13,1,a55a8526eb910f91cd5d8473aac8028dbb3efa8a1c5209b51d34c419a5a63ab4,True,"[""MOVED_LEFT""]",,0,0,False,0,,0
r4-1501201,385,13,1,13,2,a55a8526eb910f91cd5d8473aac8028dbb3efa8a1c5209b51d34c419a5a63ab4,True,"[""MOVED_DOWN"",""BOMB_EXPLODED""]",,0,0,False,0,,0
r4-1501201,386,13,2,13,3,a55a8526eb910f91cd5d8473aac8028dbb3efa8a1c5209b51d34c419a5a63ab4,True,"[""MOVED_DOWN""]",,0,0,False,0,,0
r4-1501201,387,13,3,13,3,a55a8526eb910f91cd5d8473aac8028dbb3efa8a1c5209b51d34c419a5a63ab4,False,"[""WAITED""]",,0,0,False,0,,0
r4-1501201,388,13,3,13,3,a55a8526eb910f91cd5d8473aac8028dbb3efa8a1c5209b51d34c419a5a63ab4,False,"[""BOMB_DROPPED""]",,0,0,False,0,,-0.5
r4-1501201,389,13,3,13,3,a55a8526eb910f91cd5d8473aac8028dbb3efa8a1c5209b51d34c419a5a63ab4,True,"[""WAITED""]",,0,0,False,0,,0
r4-1501201,390,13,3,13,2,a55a8526eb910f91cd5d8473aac8028dbb3efa8a1c5209b51d34c419a5a63ab4,True,"[""MOVED_UP""]",,0,0,False,0,,0
r4-1501201,391,13,2,13,1,a55a8526eb910f91cd5d8473aac8028dbb3efa8a1c5209b51d34c419a5a63ab4,True,"[""MOVED_UP""]",,0,0,False,0,,0
r4-1501201,392,13,1,12,1,a55a8526eb910f91cd5d8473aac8028dbb3efa8a1c5209b51d34c419a5a63ab4,True,"[""MOVED_LEFT"",""BOMB_EXPLODED""]",,0,0,False,0,,0
r4-1501201,393,12,1,12,1,a55a8526eb910f91cd5d8473aac8028dbb3efa8a1c5209b51d34c419a5a63ab4,True,"[""WAITED""]",,0,0,False,1,,0
r4-1501201,394,12,1,13,1,a55a8526eb910f91cd5d8473aac8028dbb3efa8a1c5209b51d34c419a5a63ab4,False,"[""MOVED_RIGHT""]",,0,0,False,1,,0
r4-1501201,395,13,1,14,1,a55a8526eb910f91cd5d8473aac8028dbb3efa8a1c5209b51d34c419a5a63ab4,False,"[""MOVED_RIGHT""]",,0,0,False,0,,0
r4-1501201,396,14,1,15,1,a55a8526eb910f91cd5d8473aac8028dbb3efa8a1c5209b51d34c419a5a63ab4,False,"[""MOVED_RIGHT""]",,0,0,False,0,,0
r4-1501201,397,15,1,15,1,a55a8526eb910f91cd5d8473aac8028dbb3efa8a1c5209b51d34c419a5a63ab4,False,"[""BOMB_DROPPED""]",,0,0,False,0,,-0.5
r4-1501201,398,15,1,14,1,a55a8526eb910f91cd5d8473aac8028dbb3efa8a1c5209b51d34c419a5a63ab4,True,"[""MOVED_LEFT""]",,0,0,False,0,,0
r4-1501201,399,14,1,14,1,a55a8526eb910f91cd5d8473aac8028dbb3efa8a1c5209b51d34c419a5a63ab4,True,"[""WAITED""]",,0,0,False,0,,0
r4-1501201,400,14,1,13,1,a55a8526eb910f91cd5d8473aac8028dbb3efa8a1c5209b51d34c419a5a63ab4,True,"[""MOVED_LEFT"",""SURVIVED_ROUND""]",,0,0,False,0,,0
r5-1501101,1,15,1,15,2,ba0d3229fa8d0c3f154b984c6e098c42088c23f9c750e4ad28c013c1f9da22bb,False,"[""MOVED_DOWN""]",14,0,0,False,3,,0
r5-1501101,2,15,2,15,2,ba0d3229fa8d0c3f154b984c6e098c42088c23f9c750e4ad28c013c1f9da22bb,False,"[""BOMB_DROPPED""]",14,0,0,False,3,,0
r5-1501101,3,15,2,15,2,ba0d3229fa8d0c3f154b984c6e098c42088c23f9c750e4ad28c013c1f9da22bb,True,"[""WAITED""]",14,0,0,False,3,,0
r5-1501101,4,15,2,15,2,ba0d3229fa8d0c3f154b984c6e098c42088c23f9c750e4ad28c013c1f9da22bb,True,"[""WAITED""]",14,0,0,False,3,,0
r5-1501101,5,15,2,15,1,ba0d3229fa8d0c3f154b984c6e098c42088c23f9c750e4ad28c013c1f9da22bb,True,"[""MOVED_UP""]",14,0,0,False,3,,0
r5-1501101,6,15,1,14,1,ba0d3229fa8d0c3f154b984c6e098c42088c23f9c750e4ad28c013c1f9da22bb,True,"[""MOVED_LEFT"",""BOMB_EXPLODED"",""CRATE_DESTROYED"",""CRATE_DESTROYED"",""CRATE_DESTROYED""]",13,0,0,False,3,,0
r5-1501101,7,14,1,14,1,8abe4b395e923583fb5c683f396ddfc385aaf2a4409919d107f7f8a26f90a96b,True,"[""WAITED""]",12,0,0,False,3,,0
r5-1501101,8,14,1,15,1,8abe4b395e923583fb5c683f396ddfc385aaf2a4409919d107f7f8a26f90a96b,False,"[""MOVED_RIGHT""]",13,0,0,False,3,,0
r5-1501101,9,15,1,15,1,8abe4b395e923583fb5c683f396ddfc385aaf2a4409919d107f7f8a26f90a96b,False,"[""BOMB_DROPPED""]",15,0,0,False,2,,0
r5-1501101,10,15,1,15,2,8abe4b395e923583fb5c683f396ddfc385aaf2a4409919d107f7f8a26f90a96b,True,"[""MOVED_DOWN""]",15,0,0,False,2,,0
r5-1501101,11,15,2,15,3,8abe4b395e923583fb5c683f396ddfc385aaf2a4409919d107f7f8a26f90a96b,True,"[""MOVED_DOWN""]",14,0,0,False,0,,0
r5-1501101,12,15,3,15,4,8abe4b395e923583fb5c683f396ddfc385aaf2a4409919d107f7f8a26f90a96b,True,"[""MOVED_DOWN""]",15,0,0,False,3,,0
r5-1501101,13,15,4,15,5,8abe4b395e923583fb5c683f396ddfc385aaf2a4409919d107f7f8a26f90a96b,True,"[""MOVED_DOWN"",""BOMB_EXPLODED"",""CRATE_DESTROYED"",""CRATE_DESTROYED""]",17,0,0,False,2,,0
r5-1501101,14,15,5,15,5,9400f80b497ba05dd0d1e08e8c4ca2fdb4bb7e4480227ae20a62b0c51274ec97,True,"[""WAITED""]",18,0,0,False,3,,0
r5-1501101,15,15,5,15,5,9400f80b497ba05dd0d1e08e8c4ca2fdb4bb7e4480227ae20a62b0c51274ec97,False,"[""WAITED""]",18,0,0,False,3,,0
r5-1501101,16,15,5,15,5,9400f80b497ba05dd0d1e08e8c4ca2fdb4bb7e4480227ae20a62b0c51274ec97,False,"[""BOMB_DROPPED""]",17,0,0,False,3,,0
r5-1501101,17,15,5,15,4,9400f80b497ba05dd0d1e08e8c4ca2fdb4bb7e4480227ae20a62b0c51274ec97,True,"[""MOVED_UP""]",17,0,0,False,3,,0
r5-1501101,18,15,4,15,3,9400f80b497ba05dd0d1e08e8c4ca2fdb4bb7e4480227ae20a62b0c51274ec97,True,"[""MOVED_UP""]",16,0,0,False,2,,0
r5-1501101,19,15,3,15,2,9400f80b497ba05dd0d1e08e8c4ca2fdb4bb7e4480227ae20a62b0c51274ec97,True,"[""MOVED_UP""]",16,0,0,False,3,,0
r5-1501101,20,15,2,15,1,9400f80b497ba05dd0d1e08e8c4ca2fdb4bb7e4480227ae20a62b0c51274ec97,True,"[""MOVED_UP"",""BOMB_EXPLODED"",""CRATE_DESTROYED"",""CRATE_DESTROYED"",""CRATE_DESTROYED"",""CRATE_DESTROYED"",""CRATE_DESTROYED"",""CRATE_DESTROYED""]",14,0,0,False,0,,0
r5-1501101,21,15,1,14,1,8413ac89b6c4d1c8c2e8987b8fe98455451f793b790b391b4c71b9a40178f984,True,"[""MOVED_LEFT""]",15,0,0,False,0,,0
r5-1501101,22,14,1,14,1,8413ac89b6c4d1c8c2e8987b8fe98455451f793b790b391b4c71b9a40178f984,False,"[""WAITED""]",13,0,0,False,1,,0
r5-1501101,23,14,1,14,1,8413ac89b6c4d1c8c2e8987b8fe98455451f793b790b391b4c71b9a40178f984,False,"[""BOMB_DROPPED""]",13,0,0,False,1,,0
r5-1501101,24,14,1,14,1,8413ac89b6c4d1c8c2e8987b8fe98455451f793b790b391b4c71b9a40178f984,True,"[""WAITED""]",14,0,0,False,1,,0
r5-1501101,25,14,1,14,1,8413ac89b6c4d1c8c2e8987b8fe98455451f793b790b391b4c71b9a40178f984,True,"[""WAITED""]",13,0,0,False,1,,0
r5-1501101,26,14,1,15,1,8413ac89b6c4d1c8c2e8987b8fe98455451f793b790b391b4c71b9a40178f984,True,"[""MOVED_RIGHT""]",13,0,0,False,1,,0
r5-1501101,27,15,1,15,2,8413ac89b6c4d1c8c2e8987b8fe98455451f793b790b391b4c71b9a40178f984,True,"[""MOVED_DOWN"",""BOMB_EXPLODED"",""CRATE_DESTROYED""]",14,0,0,False,0,,0
r5-1501101,28,15,2,15,3,359bdd8df3e53b8d77dea9382350d3bfe7f95408e8cf42ceb9d9a7f7b272502b,True,"[""MOVED_DOWN""]",15,0,0,False,0,,0
r5-1501101,29,15,3,15,3,359bdd8df3e53b8d77dea9382350d3bfe7f95408e8cf42ceb9d9a7f7b272502b,False,"[""WAITED""]",15,0,0,False,2,,0
r5-1501101,30,15,3,15,3,359bdd8df3e53b8d77dea9382350d3bfe7f95408e8cf42ceb9d9a7f7b272502b,False,"[""BOMB_DROPPED""]",15,0,0,False,2,,0
r5-1501101,31,15,3,15,3,359bdd8df3e53b8d77dea9382350d3bfe7f95408e8cf42ceb9d9a7f7b272502b,True,"[""WAITED""]",15,0,0,False,2,,0
r5-1501101,32,15,3,15,2,359bdd8df3e53b8d77dea9382350d3bfe7f95408e8cf42ceb9d9a7f7b272502b,True,"[""MOVED_UP""]",15,0,0,False,2,,0
r5-1501101,33,15,2,15,1,359bdd8df3e53b8d77dea9382350d3bfe7f95408e8cf42ceb9d9a7f7b272502b,True,"[""MOVED_UP""]",14,0,0,False,0,,0
r5-1501101,34,15,1,14,1,359bdd8df3e53b8d77dea9382350d3bfe7f95408e8cf42ceb9d9a7f7b272502b,True,"[""MOVED_LEFT"",""BOMB_EXPLODED"",""CRATE_DESTROYED"",""COIN_FOUND"",""CRATE_DESTROYED""]",13,0,0,False,0,,0
r5-1501101,35,14,1,14,1,5279c576843b909245e710887d4126f165a2cd81e11848d03dea0dac0fc9c654,True,"[""WAITED""]",12,0,0,False,0,,0
r5-1501101,36,14,1,15,1,5279c576843b909245e710887d4126f165a2cd81e11848d03dea0dac0fc9c654,False,"[""MOVED_RIGHT""]",13,0,0,False,0,,0
r5-1501101,37,15,1,15,1,5279c576843b909245e710887d4126f165a2cd81e11848d03dea0dac0fc9c654,False,"[""BOMB_DROPPED""]",14,0,0,False,0,,-0.5
r5-1501101,38,15,1,15,1,5279c576843b909245e710887d4126f165a2cd81e11848d03dea0dac0fc9c654,True,"[""WAITED""]",13,0,0,False,0,,0
r5-1501101,39,15,1,15,2,5279c576843b909245e710887d4126f165a2cd81e11848d03dea0dac0fc9c654,True,"[""MOVED_DOWN""]",13,0,0,False,0,,0
r5-1501101,40,15,2,15,3,5279c576843b909245e710887d4126f165a2cd81e11848d03dea0dac0fc9c654,True,"[""MOVED_DOWN""]",14,0,0,False,0,,0
r5-1501101,41,15,3,14,3,5279c576843b909245e710887d4126f165a2cd81e11848d03dea0dac0fc9c654,True,"[""MOVED_LEFT"",""COIN_COLLECTED"",""BOMB_EXPLODED""]",16,0,0,False,0,,0
r5-1501101,42,14,3,13,3,d54e4386c118a3047661e67d1db7b6afe554ee880e4c6bb32b8998c909c886bb,True,"[""MOVED_LEFT""]",14,0,0,False,1,,0
r5-1501101,43,13,3,13,3,d54e4386c118a3047661e67d1db7b6afe554ee880e4c6bb32b8998c909c886bb,False,"[""WAITED""]",13,0,0,False,3,,0
r5-1501101,44,13,3,13,3,d54e4386c118a3047661e67d1db7b6afe554ee880e4c6bb32b8998c909c886bb,False,"[""BOMB_DROPPED""]",14,0,0,False,3,,0
r5-1501101,45,13,3,13,3,d54e4386c118a3047661e67d1db7b6afe554ee880e4c6bb32b8998c909c886bb,True,"[""WAITED""]",13,0,0,False,3,,0
r5-1501101,46,13,3,14,3,d54e4386c118a3047661e67d1db7b6afe554ee880e4c6bb32b8998c909c886bb,True,"[""MOVED_RIGHT""]",13,0,0,False,3,,0
r5-1501101,47,14,3,15,3,d54e4386c118a3047661e67d1db7b6afe554ee880e4c6bb32b8998c909c886bb,True,"[""MOVED_RIGHT""]",14,0,0,False,1,,0
r5-1501101,48,15,3,15,4,d54e4386c118a3047661e67d1db7b6afe554ee880e4c6bb32b8998c909c886bb,True,"[""MOVED_DOWN"",""BOMB_EXPLODED"",""CRATE_DESTROYED"",""CRATE_DESTROYED"",""CRATE_DESTROYED"",""CRATE_DESTROYED"",""CRATE_DESTROYED""]",15,0,0,False,0,,0
r5-1501101,49,15,4,15,5,9b4f9cdb8a7a3953ae149e2a492731486429bd63a49aa6dc9ad2adec93838f3a,True,"[""MOVED_DOWN""]",16,0,0,False,0,,0
r5-1501101,50,15,5,15,6,9b4f9cdb8a7a3953ae149e2a492731486429bd63a49aa6dc9ad2adec93838f3a,False,"[""MOVED_DOWN""]",17,0,0,False,0,,0
r5-1501101,51,15,6,15,6,9b4f9cdb8a7a3953ae149e2a492731486429bd63a49aa6dc9ad2adec93838f3a,False,"[""BOMB_DROPPED""]",18,0,0,False,1,,0
r5-1501101,52,15,6,15,5,9b4f9cdb8a7a3953ae149e2a492731486429bd63a49aa6dc9ad2adec93838f3a,True,"[""MOVED_UP""]",18,0,0,False,1,,0
r5-1501101,53,15,5,15,4,9b4f9cdb8a7a3953ae149e2a492731486429bd63a49aa6dc9ad2adec93838f3a,True,"[""MOVED_UP""]",17,0,0,False,0,,0
r5-1501101,54,15,4,15,3,9b4f9cdb8a7a3953ae149e2a492731486429bd63a49aa6dc9ad2adec93838f3a,True,"[""MOVED_UP""]",17,0,0,False,0,,0
r5-1501101,55,15,3,15,2,9b4f9cdb8a7a3953ae149e2a492731486429bd63a49aa6dc9ad2adec93838f3a,True,"[""MOVED_UP"",""BOMB_EXPLODED"",""CRATE_DESTROYED""]",15,0,0,False,0,,0
r5-1501101,56,15,2,15,1,88ca6c73c53bfa3548cac370a3249ea0ccf7e8c887c6ac141bdd765d0a573c26,True,"[""MOVED_UP""]",14,0,0,False,0,,0
r5-1501101,57,15,1,14,1,88ca6c73c53bfa3548cac370a3249ea0ccf7e8c887c6ac141bdd765d0a573c26,False,"[""MOVED_LEFT""]",15,0,0,False,0,,0
r5-1501101,58,14,1,13,1,88ca6c73c53bfa3548cac370a3249ea0ccf7e8c887c6ac141bdd765d0a573c26,False,"[""MOVED_LEFT""]",14,0,0,False,0,,0
r5-1501101,59,13,1,13,1,88ca6c73c53bfa3548cac370a3249ea0ccf7e8c887c6ac141bdd765d0a573c26,False,"[""BOMB_DROPPED""]",13,0,0,False,1,,0
r5-1501101,60,13,1,13,1,88ca6c73c53bfa3548cac370a3249ea0ccf7e8c887c6ac141bdd765d0a573c26,True,"[""WAITED""]",13,0,0,False,1,,0
r5-1501101,61,13,1,13,2,88ca6c73c53bfa3548cac370a3249ea0ccf7e8c887c6ac141bdd765d0a573c26,True,"[""MOVED_DOWN""]",12,0,0,False,1,,0
r5-1501101,62,13,2,13,3,88ca6c73c53bfa3548cac370a3249ea0ccf7e8c887c6ac141bdd765d0a573c26,True,"[""MOVED_DOWN""]",13,0,0,False,0,,0
r5-1501101,63,13,3,12,3,88ca6c73c53bfa3548cac370a3249ea0ccf7e8c887c6ac141bdd765d0a573c26,True,"[""MOVED_LEFT"",""BOMB_EXPLODED"",""CRATE_DESTROYED""]",13,0,0,False,0,,0
r5-1501101,64,12,3,11,3,9b38778df71f217e22b91598ec03464d5e8d299b012e8e5d0bcd432a0575df5e,True,"[""MOVED_LEFT""]",13,0,0,False,0,,0
r5-1501101,65,11,3,11,3,9b38778df71f217e22b91598ec03464d5e8d299b012e8e5d0bcd432a0575df5e,False,"[""WAITED""]",11,0,0,False,2,,0
r5-1501101,66,11,3,11,3,9b38778df71f217e22b91598ec03464d5e8d299b012e8e5d0bcd432a0575df5e,False,"[""BOMB_DROPPED""]",12,0,0,False,2,,0
r5-1501101,67,11,3,11,3,9b38778df71f217e22b91598ec03464d5e8d299b012e8e5d0bcd432a0575df5e,True,"[""WAITED""]",11,0,0,False,2,,0
r5-1501101,68,11,3,12,3,9b38778df71f217e22b91598ec03464d5e8d299b012e8e5d0bcd432a0575df5e,True,"[""MOVED_RIGHT""]",12,0,0,False,2,,0
r5-1501101,69,12,3,13,3,9b38778df71f217e22b91598ec03464d5e8d299b012e8e5d0bcd432a0575df5e,True,"[""MOVED_RIGHT""]",12,0,0,False,0,,0
r5-1501101,70,13,3,13,2,9b38778df71f217e22b91598ec03464d5e8d299b012e8e5d0bcd432a0575df5e,True,"[""MOVED_UP"",""BOMB_EXPLODED"",""CRATE_DESTROYED"",""CRATE_DESTROYED""]",14,0,0,False,0,,0
r5-1501101,71,13,2,13,1,353bf5aa3b2d445c91424156dfbe48ab4dcbccc3ff587f7e9fcf26a5da8dde8b,True,"[""MOVED_UP""]",12,0,0,False,0,,0
r5-1501101,72,13,1,13,2,353bf5aa3b2d445c91424156dfbe48ab4dcbccc3ff587f7e9fcf26a5da8dde8b,False,"[""MOVED_DOWN""]",11,0,0,False,0,,0
r5-1501101,73,13,2,13,1,353bf5aa3b2d445c91424156dfbe48ab4dcbccc3ff587f7e9fcf26a5da8dde8b,False,"[""MOVED_UP""]",12,0,0,False,0,,0
r5-1501101,74,13,1,13,1,353bf5aa3b2d445c91424156dfbe48ab4dcbccc3ff587f7e9fcf26a5da8dde8b,False,"[""BOMB_DROPPED""]",11,0,0,False,0,,-0.5
r5-1501101,75,13,1,13,1,353bf5aa3b2d445c91424156dfbe48ab4dcbccc3ff587f7e9fcf26a5da8dde8b,True,"[""WAITED""]",11,0,0,False,0,,0
r5-1501101,76,13,1,13,2,353bf5aa3b2d445c91424156dfbe48ab4dcbccc3ff587f7e9fcf26a5da8dde8b,True,"[""MOVED_DOWN""]",11,0,0,False,0,,0
r5-1501101,77,13,2,13,3,353bf5aa3b2d445c91424156dfbe48ab4dcbccc3ff587f7e9fcf26a5da8dde8b,True,"[""MOVED_DOWN""]",12,0,0,False,0,,0
r5-1501101,78,13,3,12,3,353bf5aa3b2d445c91424156dfbe48ab4dcbccc3ff587f7e9fcf26a5da8dde8b,True,"[""MOVED_LEFT"",""BOMB_EXPLODED""]",14,0,0,False,0,,0
r5-1501101,79,12,3,11,3,353bf5aa3b2d445c91424156dfbe48ab4dcbccc3ff587f7e9fcf26a5da8dde8b,True,"[""MOVED_LEFT""]",13,0,0,False,0,,0
r5-1501101,80,11,3,10,3,353bf5aa3b2d445c91424156dfbe48ab4dcbccc3ff587f7e9fcf26a5da8dde8b,False,"[""MOVED_LEFT""]",11,0,0,False,0,,0
r5-1501101,81,10,3,10,3,353bf5aa3b2d445c91424156dfbe48ab4dcbccc3ff587f7e9fcf26a5da8dde8b,False,"[""BOMB_DROPPED""]",11,0,0,False,1,,0
r5-1501101,82,10,3,10,3,353bf5aa3b2d445c91424156dfbe48ab4dcbccc3ff587f7e9fcf26a5da8dde8b,True,"[""WAITED""]",11,0,0,False,1,,0
r5-1501101,83,10,3,10,3,353bf5aa3b2d445c91424156dfbe48ab4dcbccc3ff587f7e9fcf26a5da8dde8b,True,"[""WAITED""]",11,0,0,False,1,,0
r5-1501101,84,10,3,11,3,353bf5aa3b2d445c91424156dfbe48ab4dcbccc3ff587f7e9fcf26a5da8dde8b,True,"[""MOVED_RIGHT""]",10,0,0,False,1,,0
r5-1501101,85,11,3,11,2,353bf5aa3b2d445c91424156dfbe48ab4dcbccc3ff587f7e9fcf26a5da8dde8b,True,"[""MOVED_UP"",""BOMB_EXPLODED"",""CRATE_DESTROYED""]",11,0,0,False,0,,0
r5-1501101,86,11,2,11,1,82bfaf46dcb55c274bcd64a4a2d10b06007d0161de6f37bf8e02913decf5537f,True,"[""MOVED_UP""]",11,0,0,False,0,,0
r5-1501101,87,11,1,11,1,82bfaf46dcb55c274bcd64a4a2d10b06007d0161de6f37bf8e02913decf5537f,False,"[""WAITED""]",10,0,0,False,2,,0
r5-1501101,88,11,1,11,1,82bfaf46dcb55c274bcd64a4a2d10b06007d0161de6f37bf8e02913decf5537f,False,"[""BOMB_DROPPED""]",10,0,0,False,2,,0
r5-1501101,89,11,1,11,1,82bfaf46dcb55c274bcd64a4a2d10b06007d0161de6f37bf8e02913decf5537f,True,"[""WAITED""]",11,0,0,False,2,,0
r5-1501101,90,11,1,12,1,82bfaf46dcb55c274bcd64a4a2d10b06007d0161de6f37bf8e02913decf5537f,True,"[""MOVED_RIGHT""]",10,0,0,False,2,,0
r5-1501101,91,12,1,13,1,82bfaf46dcb55c274bcd64a4a2d10b06007d0161de6f37bf8e02913decf5537f,True,"[""MOVED_RIGHT""]",10,0,0,False,1,,0
r5-1501101,92,13,1,13,2,82bfaf46dcb55c274bcd64a4a2d10b06007d0161de6f37bf8e02913decf5537f,True,"[""MOVED_DOWN"",""BOMB_EXPLODED"",""CRATE_DESTROYED"",""CRATE_DESTROYED""]",12,0,0,False,0,,0
r5-1501101,93,13,2,13,3,f8458a48bf3e657f4ec0d3e3bda3496985717c9bcf307ac1c97fa65e0967c525,True,"[""MOVED_DOWN""]",12,0,0,False,0,,0
r5-1501101,94,13,3,13,4,f8458a48bf3e657f4ec0d3e3bda3496985717c9bcf307ac1c97fa65e0967c525,False,"[""MOVED_DOWN""]",13,0,0,False,0,,0
r5-1501101,95,13,4,13,5,f8458a48bf3e657f4ec0d3e3bda3496985717c9bcf307ac1c97fa65e0967c525,False,"[""MOVED_DOWN""]",14,0,0,False,0,,0
r5-1501101,96,13,5,13,5,f8458a48bf3e657f4ec0d3e3bda3496985717c9bcf307ac1c97fa65e0967c525,False,"[""BOMB_DROPPED""]",15,0,0,False,2,,0
r5-1501101,97,13,5,13,5,f8458a48bf3e657f4ec0d3e3bda3496985717c9bcf307ac1c97fa65e0967c525,True,"[""WAITED""]",16,0,0,False,2,,0
r5-1501101,98,13,5,14,5,f8458a48bf3e657f4ec0d3e3bda3496985717c9bcf307ac1c97fa65e0967c525,True,"[""MOVED_RIGHT""]",16,0,0,False,2,,0
r5-1501101,99,14,5,15,5,f8458a48bf3e657f4ec0d3e3bda3496985717c9bcf307ac1c97fa65e0967c525,True,"[""MOVED_RIGHT""]",16,0,0,False,0,,0
r5-1501101,100,15,5,15,4,f8458a48bf3e657f4ec0d3e3bda3496985717c9bcf307ac1c97fa65e0967c525,True,"[""MOVED_UP"",""BOMB_EXPLODED"",""CRATE_DESTROYED"",""COIN_FOUND"",""CRATE_DESTROYED""]",17,0,0,False,0,,0
r5-1501101,101,15,4,15,4,24c8a5d9184f78587684ceb73a0a6340c82bc57b508a7ca9937b1f91c4a71e32,True,"[""WAITED""]",16,0,0,False,0,,0
r5-1501101,102,15,4,15,5,24c8a5d9184f78587684ceb73a0a6340c82bc57b508a7ca9937b1f91c4a71e32,False,"[""MOVED_DOWN""]",16,0,0,False,0,,0
r5-1501101,103,15,5,14,5,24c8a5d9184f78587684ceb73a0a6340c82bc57b508a7ca9937b1f91c4a71e32,False,"[""MOVED_LEFT""]",17,0,0,False,0,,0
r5-1501101,104,14,5,13,5,24c8a5d9184f78587684ceb73a0a6340c82bc57b508a7ca9937b1f91c4a71e32,False,"[""MOVED_LEFT""]",16,0,0,False,0,,0
r5-1501101,105,13,5,12,5,24c8a5d9184f78587684ceb73a0a6340c82bc57b508a7ca9937b1f91c4a71e32,False,"[""MOVED_LEFT""]",15,0,0,False,0,,0
r5-1501101,106,12,5,11,5,24c8a5d9184f78587684ceb73a0a6340c82bc57b508a7ca9937b1f91c4a71e32,False,"[""MOVED_LEFT""]",15,0,0,False,1,,0
r5-1501101,107,11,5,10,5,24c8a5d9184f78587684ceb73a0a6340c82bc57b508a7ca9937b1f91c4a71e32,False,"[""MOVED_LEFT"",""COIN_COLLECTED""]",13,0,0,False,3,,0
r5-1501101,108,10,5,10,5,21f4ff37e12d420e71638fb8b0cc7d77b5717d08380680aab44020d248b92d9c,False,"[""BOMB_DROPPED""]",13,0,0,False,2,,0
r5-1501101,109,10,5,10,5,21f4ff37e12d420e71638fb8b0cc7d77b5717d08380680aab44020d248b92d9c,True,"[""WAITED""]",13,0,0,False,2,,0
r5-1501101,110,10,5,10,5,21f4ff37e12d420e71638fb8b0cc7d77b5717d08380680aab44020d248b92d9c,True,"[""WAITED""]",13,0,0,False,2,,0
r5-1501101,111,10,5,11,5,21f4ff37e12d420e71638fb8b0cc7d77b5717d08380680aab44020d248b92d9c,True,"[""MOVED_RIGHT""]",13,0,0,False,2,,0
r5-1501101,112,11,5,11,6,21f4ff37e12d420e71638fb8b0cc7d77b5717d08380680aab44020d248b92d9c,True,"[""MOVED_DOWN"",""BOMB_EXPLODED"",""CRATE_DESTROYED"",""CRATE_DESTROYED""]",13,0,0,False,3,,0
r5-1501101,113,11,6,11,6,c9599f529fa3753bb42801d4e37770f8ae37df9c91dabc0fc01945edbfb9e019,True,"[""WAITED""]",14,0,0,False,3,,0
r5-1501101,114,11,6,11,6,c9599f529fa3753bb42801d4e37770f8ae37df9c91dabc0fc01945edbfb9e019,False,"[""WAITED""]",14,0,0,False,3,,0
r5-1501101,115,11,6,11,6,c9599f529fa3753bb42801d4e37770f8ae37df9c91dabc0fc01945edbfb9e019,False,"[""BOMB_DROPPED""]",15,0,0,False,3,,0
r5-1501101,116,11,6,11,6,c9599f529fa3753bb42801d4e37770f8ae37df9c91dabc0fc01945edbfb9e019,True,"[""WAITED""]",14,0,0,False,3,,0
r5-1501101,117,11,6,11,6,c9599f529fa3753bb42801d4e37770f8ae37df9c91dabc0fc01945edbfb9e019,True,"[""WAITED""]",15,0,0,False,3,,0
r5-1501101,118,11,6,11,5,c9599f529fa3753bb42801d4e37770f8ae37df9c91dabc0fc01945edbfb9e019,True,"[""MOVED_UP""]",14,0,0,False,3,,0
r5-1501101,119,11,5,12,5,c9599f529fa3753bb42801d4e37770f8ae37df9c91dabc0fc01945edbfb9e019,True,"[""MOVED_RIGHT"",""BOMB_EXPLODED"",""CRATE_DESTROYED"",""CRATE_DESTROYED"",""CRATE_DESTROYED""]",13,0,0,False,2,,0
r5-1501101,120,12,5,13,5,2c1f256dd6a26a1f0f584bbf4a9421e9f6708af899ad96514400563cc8e6cc7a,True,"[""MOVED_RIGHT""]",14,0,0,False,0,,0
r5-1501101,121,13,5,12,5,2c1f256dd6a26a1f0f584bbf4a9421e9f6708af899ad96514400563cc8e6cc7a,False,"[""MOVED_LEFT""]",16,0,0,False,0,,0
r5-1501101,122,12,5,13,5,2c1f256dd6a26a1f0f584bbf4a9421e9f6708af899ad96514400563cc8e6cc7a,False,"[""MOVED_RIGHT""]",14,0,0,False,0,,0
r5-1501101,123,13,5,13,5,2c1f256dd6a26a1f0f584bbf4a9421e9f6708af899ad96514400563cc8e6cc7a,False,"[""BOMB_DROPPED""]",15,0,0,False,0,,-0.5
r5-1501101,124,13,5,13,5,2c1f256dd6a26a1f0f584bbf4a9421e9f6708af899ad96514400563cc8e6cc7a,True,"[""WAITED""]",16,0,0,False,0,,0
r5-1501101,125,13,5,12,5,2c1f256dd6a26a1f0f584bbf4a9421e9f6708af899ad96514400563cc8e6cc7a,True,"[""MOVED_LEFT""]",15,0,0,False,0,,0
r5-1501101,126,12,5,11,5,2c1f256dd6a26a1f0f584bbf4a9421e9f6708af899ad96514400563cc8e6cc7a,True,"[""MOVED_LEFT""]",14,0,0,False,0,,0
r5-1501101,127,11,5,11,4,2c1f256dd6a26a1f0f584bbf4a9421e9f6708af899ad96514400563cc8e6cc7a,True,"[""MOVED_UP"",""BOMB_EXPLODED""]",13,0,0,False,0,,0
r5-1501101,128,11,4,11,3,2c1f256dd6a26a1f0f584bbf4a9421e9f6708af899ad96514400563cc8e6cc7a,True,"[""MOVED_UP""]",12,0,0,False,0,,0
r5-1501101,129,11,3,10,3,2c1f256dd6a26a1f0f584bbf4a9421e9f6708af899ad96514400563cc8e6cc7a,False,"[""MOVED_LEFT""]",11,0,0,False,0,,0
r5-1501101,130,10,3,9,3,2c1f256dd6a26a1f0f584bbf4a9421e9f6708af899ad96514400563cc8e6cc7a,False,"[""MOVED_LEFT""]",11,0,0,False,0,,0
r5-1501101,131,9,3,9,3,2c1f256dd6a26a1f0f584bbf4a9421e9f6708af899ad96514400563cc8e6cc7a,False,"[""BOMB_DROPPED""]",10,0,0,False,3,,0
r5-1501101,132,9,3,10,3,2c1f256dd6a26a1f0f584bbf4a9421e9f6708af899ad96514400563cc8e6cc7a,True,"[""MOVED_RIGHT""]",9,0,0,False,3,,0
r5-1501101,133,10,3,10,3,2c1f256dd6a26a1f0f584bbf4a9421e9f6708af899ad96514400563cc8e6cc7a,True,"[""WAITED""]",10,0,0,False,0,,0
r5-1501101,134,10,3,11,3,2c1f256dd6a26a1f0f584bbf4a9421e9f6708af899ad96514400563cc8e6cc7a,True,"[""MOVED_RIGHT""]",11,0,0,False,0,,0
r5-1501101,135,11,3,11,2,2c1f256dd6a26a1f0f584bbf4a9421e9f6708af899ad96514400563cc8e6cc7a,True,"[""MOVED_UP"",""BOMB_EXPLODED"",""CRATE_DESTROYED"",""CRATE_DESTROYED"",""CRATE_DESTROYED""]",12,0,0,False,0,,0
r5-1501101,136,11,2,11,1,c0f83ccb01a5ff8367dd0a4446a47f40a7213641bbd66b16ca945e2e7c2448cb,True,"[""MOVED_UP""]",11,0,0,False,0,,0
r5-1501101,137,11,1,11,2,c0f83ccb01a5ff8367dd0a4446a47f40a7213641bbd66b16ca945e2e7c2448cb,False,"[""MOVED_DOWN""]",11,0,0,False,0,,0
r5-1501101,138,11,2,11,1,c0f83ccb01a5ff8367dd0a4446a47f40a7213641bbd66b16ca945e2e7c2448cb,False,"[""MOVED_UP""]",10,0,0,False,0,,0
r5-1501101,139,11,1,11,1,c0f83ccb01a5ff8367dd0a4446a47f40a7213641bbd66b16ca945e2e7c2448cb,False,"[""BOMB_DROPPED""]",11,0,0,False,0,,-0.5
r5-1501101,140,11,1,11,1,c0f83ccb01a5ff8367dd0a4446a47f40a7213641bbd66b16ca945e2e7c2448cb,True,"[""WAITED""]",11,0,0,False,0,,0
r5-1501101,141,11,1,11,2,c0f83ccb01a5ff8367dd0a4446a47f40a7213641bbd66b16ca945e2e7c2448cb,True,"[""MOVED_DOWN""]",10,0,0,False,0,,0
r5-1501101,142,11,2,11,3,c0f83ccb01a5ff8367dd0a4446a47f40a7213641bbd66b16ca945e2e7c2448cb,True,"[""MOVED_DOWN""]",11,0,0,False,0,,0
r5-1501101,143,11,3,10,3,c0f83ccb01a5ff8367dd0a4446a47f40a7213641bbd66b16ca945e2e7c2448cb,True,"[""MOVED_LEFT"",""BOMB_EXPLODED""]",11,0,0,False,0,,0
r5-1501101,144,10,3,9,3,c0f83ccb01a5ff8367dd0a4446a47f40a7213641bbd66b16ca945e2e7c2448cb,True,"[""MOVED_LEFT""]",11,0,0,False,0,,0
r5-1501101,145,9,3,9,2,c0f83ccb01a5ff8367dd0a4446a47f40a7213641bbd66b16ca945e2e7c2448cb,False,"[""MOVED_UP""]",10,0,0,False,0,,0
r5-1501101,146,9,2,9,1,c0f83ccb01a5ff8367dd0a4446a47f40a7213641bbd66b16ca945e2e7c2448cb,False,"[""MOVED_UP""]",9,0,0,False,0,,0
r5-1501101,147,9,1,9,1,c0f83ccb01a5ff8367dd0a4446a47f40a7213641bbd66b16ca945e2e7c2448cb,False,"[""BOMB_DROPPED""]",7,0,0,False,2,,0
r5-1501101,148,9,1,9,1,c0f83ccb01a5ff8367dd0a4446a47f40a7213641bbd66b16ca945e2e7c2448cb,True,"[""WAITED""]",7,0,0,False,2,,0
r5-1501101,149,9,1,10,1,c0f83ccb01a5ff8367dd0a4446a47f40a7213641bbd66b16ca945e2e7c2448cb,True,"[""MOVED_RIGHT""]",7,0,0,False,2,,0
r5-1501101,150,10,1,11,1,c0f83ccb01a5ff8367dd0a4446a47f40a7213641bbd66b16ca945e2e7c2448cb,True,"[""MOVED_RIGHT""]",8,0,0,False,1,,0
r5-1501101,151,11,1,11,2,c0f83ccb01a5ff8367dd0a4446a47f40a7213641bbd66b16ca945e2e7c2448cb,True,"[""MOVED_DOWN"",""BOMB_EXPLODED"",""CRATE_DESTROYED"",""COIN_FOUND"",""CRATE_DESTROYED""]",10,0,0,False,0,,0
r5-1501101,152,11,2,11,2,5d6d536a6bd2bc6997e877d56c5adec1761fd245e588858cddf3d283a96fe045,True,"[""WAITED""]",10,0,0,False,0,,0
r5-1501101,153,11,2,11,1,5d6d536a6bd2bc6997e877d56c5adec1761fd245e588858cddf3d283a96fe045,False,"[""MOVED_UP""]",10,0,0,False,0,,0
r5-1501101,154,11,1,10,1,5d6d536a6bd2bc6997e877d56c5adec1761fd245e588858cddf3d283a96fe045,False,"[""MOVED_LEFT""]",9,0,0,False,0,,0
r5-1501101,155,10,1,9,1,5d6d536a6bd2bc6997e877d56c5adec1761fd245e588858cddf3d283a96fe045,False,"[""MOVED_LEFT""]",8,0,0,False,0,,0
r5-1501101,156,9,1,8,1,5d6d536a6bd2bc6997e877d56c5adec1761fd245e588858cddf3d283a96fe045,False,"[""MOVED_LEFT""]",7,0,0,False,0,,0
r5-1501101,157,8,1,7,1,5d6d536a6bd2bc6997e877d56c5adec1761fd245e588858cddf3d283a96fe045,False,"[""MOVED_LEFT"",""COIN_COLLECTED""]",7,0,0,False,1,,0
r5-1501101,158,7,1,7,1,b20f2f240a11559c6e5b40c4638d5d19851681d115c39e3594084616cc144ac0,False,"[""BOMB_DROPPED""]",6,0,0,False,3,,0
r5-1501101,159,7,1,7,1,b20f2f240a11559c6e5b40c4638d5d19851681d115c39e3594084616cc144ac0,True,"[""WAITED""]",7,0,0,False,3,,0
r5-1501101,160,7,1,8,1,b20f2f240a11559c6e5b40c4638d5d19851681d115c39e3594084616cc144ac0,True,"[""MOVED_RIGHT""]",7,0,0,False,3,,0
r5-1501101,161,8,1,9,1,b20f2f240a11559c6e5b40c4638d5d19851681d115c39e3594084616cc144ac0,True,"[""MOVED_RIGHT""]",8,0,0,False,1,,0
r5-1501101,162,9,1,9,2,b20f2f240a11559c6e5b40c4638d5d19851681d115c39e3594084616cc144ac0,True,"[""MOVED_DOWN"",""BOMB_EXPLODED"",""CRATE_DESTROYED"",""CRATE_DESTROYED"",""CRATE_DESTROYED""]",9,0,0,False,0,,0
r5-1501101,163,9,2,9,3,a6de962a3e7a026545957d09257d16ffd3d98876498dfd7fbf4b1a59c63baf7c,True,"[""MOVED_DOWN""]",8,0,0,False,0,,0
r5-1501101,164,9,3,9,4,a6de962a3e7a026545957d09257d16ffd3d98876498dfd7fbf4b1a59c63baf7c,False,"[""MOVED_DOWN""]",10,0,0,False,0,,0
r5-1501101,165,9,4,9,5,a6de962a3e7a026545957d09257d16ffd3d98876498dfd7fbf4b1a59c63baf7c,False,"[""MOVED_DOWN""]",10,0,0,False,0,,0
r5-1501101,166,9,5,9,5,a6de962a3e7a026545957d09257d16ffd3d98876498dfd7fbf4b1a59c63baf7c,False,"[""BOMB_DROPPED""]",11,0,0,False,2,,0
r5-1501101,167,9,5,9,5,a6de962a3e7a026545957d09257d16ffd3d98876498dfd7fbf4b1a59c63baf7c,True,"[""WAITED""]",11,0,0,False,2,,0
r5-1501101,168,9,5,10,5,a6de962a3e7a026545957d09257d16ffd3d98876498dfd7fbf4b1a59c63baf7c,True,"[""MOVED_RIGHT""]",11,0,0,False,2,,0
r5-1501101,169,10,5,11,5,a6de962a3e7a026545957d09257d16ffd3d98876498dfd7fbf4b1a59c63baf7c,True,"[""MOVED_RIGHT""]",13,0,0,False,0,,0
r5-1501101,170,11,5,11,4,a6de962a3e7a026545957d09257d16ffd3d98876498dfd7fbf4b1a59c63baf7c,True,"[""MOVED_UP"",""BOMB_EXPLODED"",""CRATE_DESTROYED"",""CRATE_DESTROYED"",""COIN_FOUND""]",14,0,0,False,0,,0
r5-1501101,171,11,4,11,4,d20c7883d15ec3d2e1ebe9497d8aaa5109a419b5fc2cf438f79f0cd92da1a293,True,"[""WAITED""]",13,0,0,False,0,,0
r5-1501101,172,11,4,11,5,d20c7883d15ec3d2e1ebe9497d8aaa5109a419b5fc2cf438f79f0cd92da1a293,False,"[""MOVED_DOWN""]",12,0,0,False,0,,0
r5-1501101,173,11,5,11,5,d20c7883d15ec3d2e1ebe9497d8aaa5109a419b5fc2cf438f79f0cd92da1a293,False,"[""BOMB_DROPPED""]",13,0,0,False,0,,-0.5
r5-1501101,174,11,5,11,5,d20c7883d15ec3d2e1ebe9497d8aaa5109a419b5fc2cf438f79f0cd92da1a293,True,"[""WAITED""]",13,0,0,False,0,,0
r5-1501101,175,11,5,10,5,d20c7883d15ec3d2e1ebe9497d8aaa5109a419b5fc2cf438f79f0cd92da1a293,True,"[""MOVED_LEFT""]",13,0,0,False,0,,0
r5-1501101,176,10,5,9,5,d20c7883d15ec3d2e1ebe9497d8aaa5109a419b5fc2cf438f79f0cd92da1a293,True,"[""MOVED_LEFT""]",12,0,0,False,0,,0
r5-1501101,177,9,5,9,6,d20c7883d15ec3d2e1ebe9497d8aaa5109a419b5fc2cf438f79f0cd92da1a293,True,"[""MOVED_DOWN"",""BOMB_EXPLODED""]",11,0,0,False,0,,0
r5-1501101,178,9,6,9,7,d20c7883d15ec3d2e1ebe9497d8aaa5109a419b5fc2cf438f79f0cd92da1a293,True,"[""MOVED_DOWN""]",12,0,0,False,1,,0
r5-1501101,179,9,7,9,8,d20c7883d15ec3d2e1ebe9497d8aaa5109a419b5fc2cf438f79f0cd92da1a293,False,"[""MOVED_DOWN"",""COIN_COLLECTED""]",13,0,0,False,3,,0
r5-1501101,180,9,8,9,8,cfdbf2faf2b31f871ac760ce1937af80be5c4ee8941647c0459e9709ad6f1317,False,"[""BOMB_DROPPED""]",14,0,0,False,3,,0
r5-1501101,181,9,8,9,7,cfdbf2faf2b31f871ac760ce1937af80be5c4ee8941647c0459e9709ad6f1317,True,"[""MOVED_UP""]",14,0,0,False,3,,0
r5-1501101,182,9,7,9,6,cfdbf2faf2b31f871ac760ce1937af80be5c4ee8941647c0459e9709ad6f1317,True,"[""MOVED_UP""]",13,0,0,False,3,,0
r5-1501101,183,9,6,9,5,cfdbf2faf2b31f871ac760ce1937af80be5c4ee8941647c0459e9709ad6f1317,True,"[""MOVED_UP""]",12,0,0,False,1,,0
r5-1501101,184,9,5,8,5,cfdbf2faf2b31f871ac760ce1937af80be5c4ee8941647c0459e9709ad6f1317,True,"[""MOVED_LEFT"",""BOMB_EXPLODED"",""CRATE_DESTROYED"",""CRATE_DESTROYED"",""CRATE_DESTROYED""]",11,0,0,False,0,,0
r5-1501101,185,8,5,7,5,d6a8613b215a9583668066b972b9359eba90ef8b034d18506e839b6f6a2730b9,True,"[""MOVED_LEFT""]",10,0,0,False,1,,0
r5-1501101,186,7,5,7,5,d6a8613b215a9583668066b972b9359eba90ef8b034d18506e839b6f6a2730b9,False,"[""WAITED""]",10,0,0,False,3,,0
r5-1501101,187,7,5,7,5,d6a8613b215a9583668066b972b9359eba90ef8b034d18506e839b6f6a2730b9,False,"[""BOMB_DROPPED""]",10,0,0,False,3,,0
r5-1501101,188,7,5,7,5,d6a8613b215a9583668066b972b9359eba90ef8b034d18506e839b6f6a2730b9,True,"[""WAITED""]",10,0,0,False,3,,0
r5-1501101,189,7,5,8,5,d6a8613b215a9583668066b972b9359eba90ef8b034d18506e839b6f6a2730b9,True,"[""MOVED_RIGHT""]",10,0,0,False,3,,0
r5-1501101,190,8,5,9,5,d6a8613b215a9583668066b972b9359eba90ef8b034d18506e839b6f6a2730b9,True,"[""MOVED_RIGHT""]",10,0,0,False,1,,0
r5-1501101,191,9,5,9,4,d6a8613b215a9583668066b972b9359eba90ef8b034d18506e839b6f6a2730b9,True,"[""MOVED_UP"",""BOMB_EXPLODED"",""CRATE_DESTROYED"",""COIN_FOUND"",""CRATE_DESTROYED"",""COIN_FOUND"",""CRATE_DESTROYED""]",11,0,0,False,0,,0
r5-1501101,192,9,4,9,4,2c2e230df749cc25b47ebd665e21a317722170e8ccc5a75e9a92c8213694f758,True,"[""WAITED""]",11,0,0,False,0,,0
r5-1501101,193,9,4,9,5,2c2e230df749cc25b47ebd665e21a317722170e8ccc5a75e9a92c8213694f758,False,"[""MOVED_DOWN""]",10,0,0,False,0,,0
r5-1501101,194,9,5,8,5,2c2e230df749cc25b47ebd665e21a317722170e8ccc5a75e9a92c8213694f758,False,"[""MOVED_LEFT""]",11,0,0,False,0,,0
r5-1501101,195,8,5,7,5,2c2e230df749cc25b47ebd665e21a317722170e8ccc5a75e9a92c8213694f758,False,"[""MOVED_LEFT""]",11,0,0,False,0,,0
r5-1501101,196,7,5,6,5,2c2e230df749cc25b47ebd665e21a317722170e8ccc5a75e9a92c8213694f758,False,"[""MOVED_LEFT""]",9,0,0,False,0,,0
r5-1501101,197,6,5,5,5,2c2e230df749cc25b47ebd665e21a317722170e8ccc5a75e9a92c8213694f758,False,"[""MOVED_LEFT"",""COIN_COLLECTED""]",9,0,0,False,1,,0
r5-1501101,198,5,5,4,5,ce7514f66e6496f1bac395e980150128b26e1fbbe7e1560aadc55b28f42ce99b,False,"[""MOVED_LEFT"",""COIN_COLLECTED""]",7,0,0,False,3,,0
r5-1501101,199,4,5,4,5,c178126ea8ac2252ba82d5b2c98e47f24c5dfa9ae7bd55782df613230a8cb82d,False,"[""BOMB_DROPPED""]",6,0,0,False,3,,0
r5-1501101,200,4,5,5,5,c178126ea8ac2252ba82d5b2c98e47f24c5dfa9ae7bd55782df613230a8cb82d,True,"[""MOVED_RIGHT""]",6,0,0,False,3,,0
r5-1501101,201,5,5,6,5,c178126ea8ac2252ba82d5b2c98e47f24c5dfa9ae7bd55782df613230a8cb82d,True,"[""MOVED_RIGHT""]",7,0,0,False,3,,0
r5-1501101,202,6,5,7,5,c178126ea8ac2252ba82d5b2c98e47f24c5dfa9ae7bd55782df613230a8cb82d,True,"[""MOVED_RIGHT""]",8,0,0,False,1,,0
r5-1501101,203,7,5,7,6,c178126ea8ac2252ba82d5b2c98e47f24c5dfa9ae7bd55782df613230a8cb82d,True,"[""MOVED_DOWN"",""BOMB_EXPLODED"",""CRATE_DESTROYED"",""CRATE_DESTROYED"",""CRATE_DESTROYED""]",9,0,0,False,0,,0
r5-1501101,204,7,6,7,7,e646bd1dcc86dbc18dc349a474686b09d5e45a04dc3ca7e6b0d881699efc95b3,True,"[""MOVED_DOWN""]",10,0,0,False,1,,0
r5-1501101,205,7,7,7,8,e646bd1dcc86dbc18dc349a474686b09d5e45a04dc3ca7e6b0d881699efc95b3,False,"[""MOVED_DOWN""]",11,0,0,False,3,,0
r5-1501101,206,7,8,7,8,e646bd1dcc86dbc18dc349a474686b09d5e45a04dc3ca7e6b0d881699efc95b3,False,"[""BOMB_DROPPED""]",12,0,0,False,2,,0
r5-1501101,207,7,8,7,7,e646bd1dcc86dbc18dc349a474686b09d5e45a04dc3ca7e6b0d881699efc95b3,True,"[""MOVED_UP""]",12,0,0,False,2,,0
r5-1501101,208,7,7,7,6,e646bd1dcc86dbc18dc349a474686b09d5e45a04dc3ca7e6b0d881699efc95b3,True,"[""MOVED_UP""]",12,0,0,False,3,,0
r5-1501101,209,7,6,7,5,e646bd1dcc86dbc18dc349a474686b09d5e45a04dc3ca7e6b0d881699efc95b3,True,"[""MOVED_UP""]",10,0,0,False,1,,0
r5-1501101,210,7,5,6,5,e646bd1dcc86dbc18dc349a474686b09d5e45a04dc3ca7e6b0d881699efc95b3,True,"[""MOVED_LEFT"",""BOMB_EXPLODED"",""CRATE_DESTROYED"",""COIN_FOUND"",""CRATE_DESTROYED""]",9,0,0,False,0,,0
r5-1501101,211,6,5,6,5,73e2df4c11f0ad3742d36e5238631d654be7a59655b227e9d2b938a0a109233f,True,"[""WAITED""]",9,0,0,False,0,,0
r5-1501101,212,6,5,7,5,73e2df4c11f0ad3742d36e5238631d654be7a59655b227e9d2b938a0a109233f,False,"[""MOVED_RIGHT""]",8,0,0,False,0,,0
r5-1501101,213,7,5,7,6,73e2df4c11f0ad3742d36e5238631d654be7a59655b227e9d2b938a0a109233f,False,"[""MOVED_DOWN""]",9,0,0,False,0,,0
r5-1501101,214,7,6,7,7,73e2df4c11f0ad3742d36e5238631d654be7a59655b227e9d2b938a0a109233f,False,"[""MOVED_DOWN""]",11,0,0,False,0,,0
r5-1501101,215,7,7,7,8,73e2df4c11f0ad3742d36e5238631d654be7a59655b227e9d2b938a0a109233f,False,"[""MOVED_DOWN""]",11,0,0,False,3,,0
r5-1501101,216,7,8,7,9,73e2df4c11f0ad3742d36e5238631d654be7a59655b227e9d2b938a0a109233f,False,"[""MOVED_DOWN"",""COIN_COLLECTED""]",12,0,0,False,0,,0
r5-1501101,217,7,9,7,9,d311bff10adfff9b8ff8f442a2a5796efb9edf3694180f50f1c26c450829e050,False,"[""BOMB_DROPPED""]",13,0,0,False,3,,0
r5-1501101,218,7,9,7,9,d311bff10adfff9b8ff8f442a2a5796efb9edf3694180f50f1c26c450829e050,True,"[""WAITED""]",14,0,0,False,3,,0
r5-1501101,219,7,9,8,9,d311bff10adfff9b8ff8f442a2a5796efb9edf3694180f50f1c26c450829e050,True,"[""MOVED_RIGHT""]",14,0,0,False,3,,0
r5-1501101,220,8,9,9,9,d311bff10adfff9b8ff8f442a2a5796efb9edf3694180f50f1c26c450829e050,True,"[""MOVED_RIGHT""]",14,0,0,False,2,,0
r5-1501101,221,9,9,9,8,d311bff10adfff9b8ff8f442a2a5796efb9edf3694180f50f1c26c450829e050,True,"[""MOVED_UP"",""BOMB_EXPLODED"",""CRATE_DESTROYED"",""CRATE_DESTROYED"",""CRATE_DESTROYED"",""CRATE_DESTROYED""]",15,0,0,False,2,,0
r5-1501101,222,9,8,9,7,d024e8ec6f1cfdd1f0e4518b1343ba3b8b34a997d1d387325192ac466274f0e3,True,"[""MOVED_UP""]",14,0,0,False,0,,0
r5-1501101,223,9,7,9,8,d024e8ec6f1cfdd1f0e4518b1343ba3b8b34a997d1d387325192ac466274f0e3,False,"[""MOVED_DOWN""]",13,0,0,False,3,,0
r5-1501101,224,9,8,9,7,d024e8ec6f1cfdd1f0e4518b1343ba3b8b34a997d1d387325192ac466274f0e3,False,"[""MOVED_UP""]",14,0,0,False,0,,0
r5-1501101,225,9,7,9,7,d024e8ec6f1cfdd1f0e4518b1343ba3b8b34a997d1d387325192ac466274f0e3,False,"[""BOMB_DROPPED""]",13,0,0,False,3,,0
r5-1501101,226,9,7,9,7,d024e8ec6f1cfdd1f0e4518b1343ba3b8b34a997d1d387325192ac466274f0e3,True,"[""WAITED""]",13,0,0,False,3,,0
r5-1501101,227,9,7,9,6,d024e8ec6f1cfdd1f0e4518b1343ba3b8b34a997d1d387325192ac466274f0e3,True,"[""MOVED_UP""]",13,0,0,False,3,,0
r5-1501101,228,9,6,9,5,d024e8ec6f1cfdd1f0e4518b1343ba3b8b34a997d1d387325192ac466274f0e3,True,"[""MOVED_UP""]",13,0,0,False,0,,0
r5-1501101,229,9,5,8,5,d024e8ec6f1cfdd1f0e4518b1343ba3b8b34a997d1d387325192ac466274f0e3,True,"[""MOVED_LEFT"",""BOMB_EXPLODED"",""CRATE_DESTROYED"",""CRATE_DESTROYED"",""CRATE_DESTROYED"",""CRATE_DESTROYED""]",11,0,0,False,0,,0
r5-1501101,230,8,5,7,5,cc8960c8234ccdd28b8816332a3774c512935e4d6c4cba669f0548a66b8a930d,True,"[""MOVED_LEFT""]",10,0,0,False,0,,0
r5-1501101,231,7,5,7,4,cc8960c8234ccdd28b8816332a3774c512935e4d6c4cba669f0548a66b8a930d,False,"[""MOVED_UP""]",10,0,0,False,0,,0
r5-1501101,232,7,4,7,3,cc8960c8234ccdd28b8816332a3774c512935e4d6c4cba669f0548a66b8a930d,False,"[""MOVED_UP""]",8,0,0,False,0,,0
r5-1501101,233,7,3,7,3,cc8960c8234ccdd28b8816332a3774c512935e4d6c4cba669f0548a66b8a930d,False,"[""BOMB_DROPPED""]",7,0,0,False,1,,0
r5-1501101,234,7,3,7,3,cc8960c8234ccdd28b8816332a3774c512935e4d6c4cba669f0548a66b8a930d,True,"[""WAITED""]",8,0,0,False,1,,0
r5-1501101,235,7,3,8,3,cc8960c8234ccdd28b8816332a3774c512935e4d6c4cba669f0548a66b8a930d,True,"[""MOVED_RIGHT""]",7,0,0,False,1,,0
r5-1501101,236,8,3,9,3,cc8960c8234ccdd28b8816332a3774c512935e4d6c4cba669f0548a66b8a930d,True,"[""MOVED_RIGHT""]",8,0,0,False,0,,0
r5-1501101,237,9,3,9,2,cc8960c8234ccdd28b8816332a3774c512935e4d6c4cba669f0548a66b8a930d,True,"[""MOVED_UP"",""BOMB_EXPLODED"",""CRATE_DESTROYED""]",10,0,0,False,0,,0
r5-1501101,238,9,2,9,1,5ab9e7cd27b5add392b09a5c746b4abbe1a0cc200309a8df59835bd2b24f4250,True,"[""MOVED_UP""]",8,0,0,False,0,,0
r5-1501101,239,9,1,9,2,5ab9e7cd27b5add392b09a5c746b4abbe1a0cc200309a8df59835bd2b24f4250,False,"[""MOVED_DOWN""]",9,0,0,False,0,,0
r5-1501101,240,9,2,9,1,5ab9e7cd27b5add392b09a5c746b4abbe1a0cc200309a8df59835bd2b24f4250,False,"[""MOVED_UP""]",8,0,0,False,0,,0
r5-1501101,241,9,1,9,1,5ab9e7cd27b5add392b09a5c746b4abbe1a0cc200309a8df59835bd2b24f4250,False,"[""BOMB_DROPPED""]",9,0,0,False,0,,-0.5
r5-1501101,242,9,1,9,1,5ab9e7cd27b5add392b09a5c746b4abbe1a0cc200309a8df59835bd2b24f4250,True,"[""WAITED""]",9,0,0,False,0,,0
r5-1501101,243,9,1,9,2,5ab9e7cd27b5add392b09a5c746b4abbe1a0cc200309a8df59835bd2b24f4250,True,"[""MOVED_DOWN""]",9,0,0,False,0,,0
r5-1501101,244,9,2,9,3,5ab9e7cd27b5add392b09a5c746b4abbe1a0cc200309a8df59835bd2b24f4250,True,"[""MOVED_DOWN""]",8,0,0,False,0,,0
r5-1501101,245,9,3,8,3,5ab9e7cd27b5add392b09a5c746b4abbe1a0cc200309a8df59835bd2b24f4250,True,"[""MOVED_LEFT"",""BOMB_EXPLODED""]",9,0,0,False,0,,0
r5-1501101,246,8,3,7,3,5ab9e7cd27b5add392b09a5c746b4abbe1a0cc200309a8df59835bd2b24f4250,True,"[""MOVED_LEFT""]",9,0,0,False,0,,0
r5-1501101,247,7,3,6,3,5ab9e7cd27b5add392b09a5c746b4abbe1a0cc200309a8df59835bd2b24f4250,False,"[""MOVED_LEFT""]",7,0,0,False,0,,0
r5-1501101,248,6,3,5,3,5ab9e7cd27b5add392b09a5c746b4abbe1a0cc200309a8df59835bd2b24f4250,False,"[""MOVED_LEFT""]",6,0,0,False,0,,0
r5-1501101,249,5,3,5,3,5ab9e7cd27b5add392b09a5c746b4abbe1a0cc200309a8df59835bd2b24f4250,False,"[""BOMB_DROPPED""]",6,0,0,False,3,,0
r5-1501101,250,5,3,6,3,5ab9e7cd27b5add392b09a5c746b4abbe1a0cc200309a8df59835bd2b24f4250,True,"[""MOVED_RIGHT""]",5,0,0,False,3,,0
r5-1501101,251,6,3,6,3,5ab9e7cd27b5add392b09a5c746b4abbe1a0cc200309a8df59835bd2b24f4250,True,"[""WAITED""]",6,0,0,False,0,,0
r5-1501101,252,6,3,7,3,5ab9e7cd27b5add392b09a5c746b4abbe1a0cc200309a8df59835bd2b24f4250,True,"[""MOVED_RIGHT""]",6,0,0,False,0,,0
r5-1501101,253,7,3,7,2,5ab9e7cd27b5add392b09a5c746b4abbe1a0cc200309a8df59835bd2b24f4250,True,"[""MOVED_UP"",""BOMB_EXPLODED"",""CRATE_DESTROYED"",""CRATE_DESTROYED"",""CRATE_DESTROYED""]",7,0,0,False,0,,0
r5-1501101,254,7,2,7,1,78466e1d1d9298584d15d719751f975a1cd090a43e076aa7a8dba32c74636bf1,True,"[""MOVED_UP""]",6,0,0,False,0,,0
r5-1501101,255,7,1,7,2,78466e1d1d9298584d15d719751f975a1cd090a43e076aa7a8dba32c74636bf1,False,"[""MOVED_DOWN""]",5,0,0,False,0,,0
r5-1501101,256,7,2,7,1,78466e1d1d9298584d15d719751f975a1cd090a43e076aa7a8dba32c74636bf1,False,"[""MOVED_UP""]",6,0,0,False,0,,0
r5-1501101,257,7,1,7,1,78466e1d1d9298584d15d719751f975a1cd090a43e076aa7a8dba32c74636bf1,False,"[""BOMB_DROPPED""]",6,0,0,False,0,,-0.5
r5-1501101,258,7,1,7,1,78466e1d1d9298584d15d719751f975a1cd090a43e076aa7a8dba32c74636bf1,True,"[""WAITED""]",7,0,0,False,0,,0
r5-1501101,259,7,1,7,2,78466e1d1d9298584d15d719751f975a1cd090a43e076aa7a8dba32c74636bf1,True,"[""MOVED_DOWN""]",7,0,0,False,0,,0
r5-1501101,260,7,2,7,3,78466e1d1d9298584d15d719751f975a1cd090a43e076aa7a8dba32c74636bf1,True,"[""MOVED_DOWN""]",6,0,0,False,0,,0
r5-1501101,261,7,3,6,3,78466e1d1d9298584d15d719751f975a1cd090a43e076aa7a8dba32c74636bf1,True,"[""MOVED_LEFT"",""BOMB_EXPLODED""]",7,0,0,False,0,,0
r5-1501101,262,6,3,5,3,78466e1d1d9298584d15d719751f975a1cd090a43e076aa7a8dba32c74636bf1,True,"[""MOVED_LEFT""]",6,0,0,False,0,,0
r5-1501101,263,5,3,4,3,78466e1d1d9298584d15d719751f975a1cd090a43e076aa7a8dba32c74636bf1,False,"[""MOVED_LEFT""]",6,0,0,False,0,,0
r5-1501101,264,4,3,4,3,78466e1d1d9298584d15d719751f975a1cd090a43e076aa7a8dba32c74636bf1,False,"[""BOMB_DROPPED""]",4,0,0,False,1,,0
r5-1501101,265,4,3,4,3,78466e1d1d9298584d15d719751f975a1cd090a43e076aa7a8dba32c74636bf1,True,"[""WAITED""]",4,0,0,False,1,,0
r5-1501101,266,4,3,4,3,78466e1d1d9298584d15d719751f975a1cd090a43e076aa7a8dba32c74636bf1,True,"[""WAITED""]",4,0,0,False,1,,0
r5-1501101,267,4,3,5,3,78466e1d1d9298584d15d719751f975a1cd090a43e076aa7a8dba32c74636bf1,True,"[""MOVED_RIGHT""]",5,0,0,False,1,,0
r5-1501101,268,5,3,5,2,78466e1d1d9298584d15d719751f975a1cd090a43e076aa7a8dba32c74636bf1,True,"[""MOVED_UP"",""BOMB_EXPLODED"",""CRATE_DESTROYED""]",5,0,0,False,0,,0
r5-1501101,269,5,2,5,1,75e180858268329a8c1dbb88f680ee52af0e6fb3d646a7b30a1649b6e2568c64,True,"[""MOVED_UP""]",5,0,0,False,0,,0
r5-1501101,270,5,1,5,2,75e180858268329a8c1dbb88f680ee52af0e6fb3d646a7b30a1649b6e2568c64,False,"[""MOVED_DOWN""]",4,0,0,False,1,,0
r5-1501101,271,5,2,5,1,75e180858268329a8c1dbb88f680ee52af0e6fb3d646a7b30a1649b6e2568c64,False,"[""MOVED_UP""]",4,0,0,False,0,,0
r5-1501101,272,5,1,5,1,75e180858268329a8c1dbb88f680ee52af0e6fb3d646a7b30a1649b6e2568c64,False,"[""BOMB_DROPPED""]",3,1,1,True,1,0.0,0
r5-1501101,273,5,1,6,1,75e180858268329a8c1dbb88f680ee52af0e6fb3d646a7b30a1649b6e2568c64,True,"[""MOVED_RIGHT""]",3,1,1,False,1,,0
r5-1501101,274,6,1,6,1,75e180858268329a8c1dbb88f680ee52af0e6fb3d646a7b30a1649b6e2568c64,True,"[""WAITED""]",5,0,0,False,1,,0
r5-1501101,275,6,1,7,1,75e180858268329a8c1dbb88f680ee52af0e6fb3d646a7b30a1649b6e2568c64,True,"[""MOVED_RIGHT""]",5,0,0,False,1,,0
r5-1501101,276,7,1,7,2,75e180858268329a8c1dbb88f680ee52af0e6fb3d646a7b30a1649b6e2568c64,True,"[""MOVED_DOWN"",""BOMB_EXPLODED"",""CRATE_DESTROYED""]",6,0,0,False,0,,0
r5-1501101,277,7,2,7,3,5c034fea071b121c46f8b5e7a3eec435fc60cd52091f11f79536a9ce70387815,True,"[""MOVED_DOWN""]",7,0,0,False,0,,0
r5-1501101,278,7,3,6,3,5c034fea071b121c46f8b5e7a3eec435fc60cd52091f11f79536a9ce70387815,False,"[""MOVED_LEFT""]",8,0,0,False,0,,0
r5-1501101,279,6,3,5,3,5c034fea071b121c46f8b5e7a3eec435fc60cd52091f11f79536a9ce70387815,False,"[""MOVED_LEFT""]",6,0,0,False,0,,0
r5-1501101,280,5,3,5,3,5c034fea071b121c46f8b5e7a3eec435fc60cd52091f11f79536a9ce70387815,False,"[""BOMB_DROPPED""]",4,0,0,False,0,,-0.5
r5-1501101,281,5,3,5,3,5c034fea071b121c46f8b5e7a3eec435fc60cd52091f11f79536a9ce70387815,True,"[""WAITED""]",3,0,0,False,0,,0
r5-1501101,282,5,3,4,3,5c034fea071b121c46f8b5e7a3eec435fc60cd52091f11f79536a9ce70387815,True,"[""MOVED_LEFT""]",3,0,0,False,0,,0
r5-1501101,283,4,3,3,3,5c034fea071b121c46f8b5e7a3eec435fc60cd52091f11f79536a9ce70387815,True,"[""MOVED_LEFT""]",3,0,0,False,0,,0
r5-1501101,284,3,3,3,4,5c034fea071b121c46f8b5e7a3eec435fc60cd52091f11f79536a9ce70387815,True,"[""MOVED_DOWN"",""BOMB_EXPLODED""]",3,0,0,False,2,,0
r5-1501101,285,3,4,3,5,5c034fea071b121c46f8b5e7a3eec435fc60cd52091f11f79536a9ce70387815,True,"[""MOVED_DOWN""]",5,0,0,False,2,,0
r5-1501101,286,3,5,3,5,5c034fea071b121c46f8b5e7a3eec435fc60cd52091f11f79536a9ce70387815,False,"[""WAITED""]",5,0,0,False,3,,0
r5-1501101,287,3,5,3,5,5c034fea071b121c46f8b5e7a3eec435fc60cd52091f11f79536a9ce70387815,False,"[""BOMB_DROPPED""]",6,0,0,False,3,,0
r5-1501101,288,3,5,3,5,5c034fea071b121c46f8b5e7a3eec435fc60cd52091f11f79536a9ce70387815,True,"[""WAITED""]",5,0,0,False,3,,0
r5-1501101,289,3,5,4,5,5c034fea071b121c46f8b5e7a3eec435fc60cd52091f11f79536a9ce70387815,True,"[""MOVED_RIGHT""]",4,0,0,False,3,,0
r5-1501101,290,4,5,5,5,5c034fea071b121c46f8b5e7a3eec435fc60cd52091f11f79536a9ce70387815,True,"[""MOVED_RIGHT""]",5,0,0,False,0,,0
r5-1501101,291,5,5,5,4,5c034fea071b121c46f8b5e7a3eec435fc60cd52091f11f79536a9ce70387815,True,"[""MOVED_UP"",""BOMB_EXPLODED"",""CRATE_DESTROYED"",""CRATE_DESTROYED"",""COIN_FOUND"",""CRATE_DESTROYED""]",7,0,0,False,2,,0
r5-1501101,292,5,4,5,4,0d64980178622a15afa74b316f137dd049cb6a8136bf378fb83838eb11c948c3,True,"[""WAITED""]",6,0,0,False,1,,0
r5-1501101,293,5,4,5,5,0d64980178622a15afa74b316f137dd049cb6a8136bf378fb83838eb11c948c3,False,"[""MOVED_DOWN""]",7,0,0,False,1,,0
r5-1501101,294,5,5,5,5,0d64980178622a15afa74b316f137dd049cb6a8136bf378fb83838eb11c948c3,False,"[""BOMB_DROPPED""]",7,0,0,False,2,,0
r5-1501101,295,5,5,4,5,0d64980178622a15afa74b316f137dd049cb6a8136bf378fb83838eb11c948c3,True,"[""MOVED_LEFT""]",7,0,0,False,2,,0
r5-1501101,296,4,5,4,5,0d64980178622a15afa74b316f137dd049cb6a8136bf378fb83838eb11c948c3,True,"[""WAITED""]",7,0,0,False,0,,0
r5-1501101,297,4,5,3,5,0d64980178622a15afa74b316f137dd049cb6a8136bf378fb83838eb11c948c3,True,"[""MOVED_LEFT""]",7,0,0,False,0,,0
r5-1501101,298,3,5,3,6,0d64980178622a15afa74b316f137dd049cb6a8136bf378fb83838eb11c948c3,True,"[""MOVED_DOWN"",""BOMB_EXPLODED"",""CRATE_DESTROYED"",""CRATE_DESTROYED""]",5,0,0,False,0,,0
r5-1501101,299,3,6,3,7,1fe5c67c964b9482b75cede7d5732d92d64bd4d71b77e11020ed1227d1bd562a,True,"[""MOVED_DOWN""]",6,0,0,False,1,,0
r5-1501101,300,3,7,3,8,1fe5c67c964b9482b75cede7d5732d92d64bd4d71b77e11020ed1227d1bd562a,False,"[""MOVED_DOWN"",""COIN_COLLECTED""]",6,0,0,False,3,,0
r5-1501101,301,3,8,3,8,3738878675b86d99420b2e534838fb9a895aebea7cd4fda7b9fb8712e789c78f,False,"[""BOMB_DROPPED""]",7,0,0,False,3,,0
r5-1501101,302,3,8,3,7,3738878675b86d99420b2e534838fb9a895aebea7cd4fda7b9fb8712e789c78f,True,"[""MOVED_UP""]",8,0,0,False,3,,0
r5-1501101,303,3,7,3,6,3738878675b86d99420b2e534838fb9a895aebea7cd4fda7b9fb8712e789c78f,True,"[""MOVED_UP""]",8,0,0,False,3,,0
r5-1501101,304,3,6,3,5,3738878675b86d99420b2e534838fb9a895aebea7cd4fda7b9fb8712e789c78f,True,"[""MOVED_UP""]",7,0,0,False,1,,0
r5-1501101,305,3,5,2,5,3738878675b86d99420b2e534838fb9a895aebea7cd4fda7b9fb8712e789c78f,True,"[""MOVED_LEFT"",""BOMB_EXPLODED"",""CRATE_DESTROYED"",""CRATE_DESTROYED"",""CRATE_DESTROYED""]",5,0,0,False,0,,0
r5-1501101,306,2,5,1,5,1e5555bc5a0c55ea1b85bb89f7d0bb820d5039c8dffed4d7e2f19e01ce02de56,True,"[""MOVED_LEFT""]",4,0,0,False,0,,0
r5-1501101,307,1,5,2,5,1e5555bc5a0c55ea1b85bb89f7d0bb820d5039c8dffed4d7e2f19e01ce02de56,False,"[""MOVED_RIGHT""]",4,0,0,False,3,,0
r5-1501101,308,2,5,1,5,1e5555bc5a0c55ea1b85bb89f7d0bb820d5039c8dffed4d7e2f19e01ce02de56,False,"[""MOVED_LEFT""]",5,0,0,False,0,,0
r5-1501101,309,1,5,1,5,1e5555bc5a0c55ea1b85bb89f7d0bb820d5039c8dffed4d7e2f19e01ce02de56,False,"[""BOMB_DROPPED""]",4,0,0,False,3,,0
r5-1501101,310,1,5,1,5,1e5555bc5a0c55ea1b85bb89f7d0bb820d5039c8dffed4d7e2f19e01ce02de56,True,"[""WAITED""]",4,0,0,False,3,,0
r5-1501101,311,1,5,2,5,1e5555bc5a0c55ea1b85bb89f7d0bb820d5039c8dffed4d7e2f19e01ce02de56,True,"[""MOVED_RIGHT""]",3,1,1,False,3,,0
r5-1501101,312,2,5,3,5,1e5555bc5a0c55ea1b85bb89f7d0bb820d5039c8dffed4d7e2f19e01ce02de56,True,"[""MOVED_RIGHT""]",4,0,0,False,0,,0
r5-1501101,313,3,5,3,4,1e5555bc5a0c55ea1b85bb89f7d0bb820d5039c8dffed4d7e2f19e01ce02de56,True,"[""MOVED_UP"",""BOMB_EXPLODED"",""CRATE_DESTROYED"",""CRATE_DESTROYED"",""CRATE_DESTROYED"",""CRATE_DESTROYED"",""KILLED_OPPONENT"",""OPPONENT_ELIMINATED""]",5,0,0,False,0,,0
r5-1501101,314,3,4,3,3,c636ce276e3a30f5be0cb2b0efd4e7f18fd64b3c27a381ae9954ce722f2c7626,True,"[""MOVED_UP""]",,0,0,False,0,,0
r5-1501101,315,3,3,3,4,c636ce276e3a30f5be0cb2b0efd4e7f18fd64b3c27a381ae9954ce722f2c7626,False,"[""MOVED_DOWN""]",,0,0,False,0,,0
r5-1501101,316,3,4,3,5,c636ce276e3a30f5be0cb2b0efd4e7f18fd64b3c27a381ae9954ce722f2c7626,False,"[""MOVED_DOWN""]",,0,0,False,0,,0
r5-1501101,317,3,5,3,6,c636ce276e3a30f5be0cb2b0efd4e7f18fd64b3c27a381ae9954ce722f2c7626,False,"[""MOVED_DOWN""]",,0,0,False,0,,0
r5-1501101,318,3,6,3,7,c636ce276e3a30f5be0cb2b0efd4e7f18fd64b3c27a381ae9954ce722f2c7626,False,"[""MOVED_DOWN""]",,0,0,False,0,,0
r5-1501101,319,3,7,3,7,c636ce276e3a30f5be0cb2b0efd4e7f18fd64b3c27a381ae9954ce722f2c7626,False,"[""BOMB_DROPPED""]",,0,0,False,2,,0
r5-1501101,320,3,7,3,7,c636ce276e3a30f5be0cb2b0efd4e7f18fd64b3c27a381ae9954ce722f2c7626,True,"[""WAITED""]",,0,0,False,2,,0
r5-1501101,321,3,7,3,8,c636ce276e3a30f5be0cb2b0efd4e7f18fd64b3c27a381ae9954ce722f2c7626,True,"[""MOVED_DOWN""]",,0,0,False,2,,0
r5-1501101,322,3,8,3,9,c636ce276e3a30f5be0cb2b0efd4e7f18fd64b3c27a381ae9954ce722f2c7626,True,"[""MOVED_DOWN""]",,0,0,False,0,,0
r5-1501101,323,3,9,4,9,c636ce276e3a30f5be0cb2b0efd4e7f18fd64b3c27a381ae9954ce722f2c7626,True,"[""MOVED_RIGHT"",""BOMB_EXPLODED"",""CRATE_DESTROYED"",""CRATE_DESTROYED""]",,0,0,False,2,,0
r5-1501101,324,4,9,5,9,77a366d69278c7d1db6f03f2399f08ef6f2ca55f1d25bc2a3c6b83fa421e542d,True,"[""MOVED_RIGHT""]",,0,0,False,2,,0
r5-1501101,325,5,9,4,9,77a366d69278c7d1db6f03f2399f08ef6f2ca55f1d25bc2a3c6b83fa421e542d,False,"[""MOVED_LEFT""]",,0,0,False,3,,0
r5-1501101,326,4,9,4,9,77a366d69278c7d1db6f03f2399f08ef6f2ca55f1d25bc2a3c6b83fa421e542d,False,"[""BOMB_DROPPED""]",,0,0,False,2,,0
r5-1501101,327,4,9,4,9,77a366d69278c7d1db6f03f2399f08ef6f2ca55f1d25bc2a3c6b83fa421e542d,True,"[""WAITED""]",,0,0,False,2,,0
r5-1501101,328,4,9,4,9,77a366d69278c7d1db6f03f2399f08ef6f2ca55f1d25bc2a3c6b83fa421e542d,True,"[""WAITED""]",,0,0,False,2,,0
r5-1501101,329,4,9,3,9,77a366d69278c7d1db6f03f2399f08ef6f2ca55f1d25bc2a3c6b83fa421e542d,True,"[""MOVED_LEFT""]",,0,0,False,2,,0
r5-1501101,330,3,9,3,8,77a366d69278c7d1db6f03f2399f08ef6f2ca55f1d25bc2a3c6b83fa421e542d,True,"[""MOVED_UP"",""BOMB_EXPLODED"",""CRATE_DESTROYED"",""CRATE_DESTROYED""]",,0,0,False,2,,0
r5-1501101,331,3,8,3,7,7a04980fccf7a89546bf597b454414ed08dbe921d0b5d137a89b30a6822ac149,True,"[""MOVED_UP""]",,0,0,False,0,,0
r5-1501101,332,3,7,3,8,7a04980fccf7a89546bf597b454414ed08dbe921d0b5d137a89b30a6822ac149,False,"[""MOVED_DOWN""]",,0,0,False,0,,0
r5-1501101,333,3,8,3,9,7a04980fccf7a89546bf597b454414ed08dbe921d0b5d137a89b30a6822ac149,False,"[""MOVED_DOWN""]",,0,0,False,0,,0
r5-1501101,334,3,9,3,9,7a04980fccf7a89546bf597b454414ed08dbe921d0b5d137a89b30a6822ac149,False,"[""BOMB_DROPPED""]",,0,0,False,0,,-0.5
r5-1501101,335,3,9,3,9,7a04980fccf7a89546bf597b454414ed08dbe921d0b5d137a89b30a6822ac149,True,"[""WAITED""]",,0,0,False,0,,0
r5-1501101,336,3,9,2,9,7a04980fccf7a89546bf597b454414ed08dbe921d0b5d137a89b30a6822ac149,True,"[""MOVED_LEFT""]",,0,0,False,0,,0
r5-1501101,337,2,9,1,9,7a04980fccf7a89546bf597b454414ed08dbe921d0b5d137a89b30a6822ac149,True,"[""MOVED_LEFT""]",,0,0,False,0,,0
r5-1501101,338,1,9,1,8,7a04980fccf7a89546bf597b454414ed08dbe921d0b5d137a89b30a6822ac149,True,"[""MOVED_UP"",""BOMB_EXPLODED""]",,0,0,False,3,,0
r5-1501101,339,1,8,1,8,7a04980fccf7a89546bf597b454414ed08dbe921d0b5d137a89b30a6822ac149,True,"[""WAITED""]",,0,0,False,2,,0
r5-1501101,340,1,8,1,9,7a04980fccf7a89546bf597b454414ed08dbe921d0b5d137a89b30a6822ac149,False,"[""MOVED_DOWN""]",,0,0,False,2,,0
r5-1501101,341,1,9,1,9,7a04980fccf7a89546bf597b454414ed08dbe921d0b5d137a89b30a6822ac149,False,"[""BOMB_DROPPED""]",,0,0,False,3,,0
r5-1501101,342,1,9,1,9,7a04980fccf7a89546bf597b454414ed08dbe921d0b5d137a89b30a6822ac149,True,"[""WAITED""]",,0,0,False,3,,0
r5-1501101,343,1,9,1,8,7a04980fccf7a89546bf597b454414ed08dbe921d0b5d137a89b30a6822ac149,True,"[""MOVED_UP""]",,0,0,False,3,,0
r5-1501101,344,1,8,1,7,7a04980fccf7a89546bf597b454414ed08dbe921d0b5d137a89b30a6822ac149,True,"[""MOVED_UP""]",,0,0,False,2,,0
r5-1501101,345,1,7,2,7,7a04980fccf7a89546bf597b454414ed08dbe921d0b5d137a89b30a6822ac149,True,"[""MOVED_RIGHT"",""BOMB_EXPLODED"",""CRATE_DESTROYED"",""CRATE_DESTROYED"",""CRATE_DESTROYED""]",,0,0,False,1,,0
r5-1501101,346,2,7,3,7,3e19b369a6747d5260cd8744e2bf8cf859cdd27c88b1b0332a7c951b25be741b,True,"[""MOVED_RIGHT""]",,0,0,False,0,,0
r5-1501101,347,3,7,3,8,3e19b369a6747d5260cd8744e2bf8cf859cdd27c88b1b0332a7c951b25be741b,False,"[""MOVED_DOWN""]",,0,0,False,0,,0
r5-1501101,348,3,8,3,9,3e19b369a6747d5260cd8744e2bf8cf859cdd27c88b1b0332a7c951b25be741b,False,"[""MOVED_DOWN""]",,0,0,False,0,,0
r5-1501101,349,3,9,3,9,3e19b369a6747d5260cd8744e2bf8cf859cdd27c88b1b0332a7c951b25be741b,False,"[""BOMB_DROPPED""]",,0,0,False,0,,-0.5
r5-1501101,350,3,9,3,9,3e19b369a6747d5260cd8744e2bf8cf859cdd27c88b1b0332a7c951b25be741b,True,"[""WAITED""]",,0,0,False,0,,0
r5-1501101,351,3,9,2,9,3e19b369a6747d5260cd8744e2bf8cf859cdd27c88b1b0332a7c951b25be741b,True,"[""MOVED_LEFT""]",,0,0,False,0,,0
r5-1501101,352,2,9,1,9,3e19b369a6747d5260cd8744e2bf8cf859cdd27c88b1b0332a7c951b25be741b,True,"[""MOVED_LEFT""]",,0,0,False,0,,0
r5-1501101,353,1,9,1,10,3e19b369a6747d5260cd8744e2bf8cf859cdd27c88b1b0332a7c951b25be741b,True,"[""MOVED_DOWN"",""BOMB_EXPLODED""]",,0,0,False,0,,0
r5-1501101,354,1,10,1,11,3e19b369a6747d5260cd8744e2bf8cf859cdd27c88b1b0332a7c951b25be741b,True,"[""MOVED_DOWN""]",,0,0,False,1,,0
r5-1501101,355,1,11,1,12,3e19b369a6747d5260cd8744e2bf8cf859cdd27c88b1b0332a7c951b25be741b,False,"[""MOVED_DOWN""]",,0,0,False,3,,0
r5-1501101,356,1,12,1,12,3e19b369a6747d5260cd8744e2bf8cf859cdd27c88b1b0332a7c951b25be741b,False,"[""BOMB_DROPPED""]",,0,0,False,1,,0
r5-1501101,357,1,12,1,11,3e19b369a6747d5260cd8744e2bf8cf859cdd27c88b1b0332a7c951b25be741b,True,"[""MOVED_UP""]",,0,0,False,1,,0
r5-1501101,358,1,11,1,10,3e19b369a6747d5260cd8744e2bf8cf859cdd27c88b1b0332a7c951b25be741b,True,"[""MOVED_UP""]",,0,0,False,3,,0
r5-1501101,359,1,10,1,9,3e19b369a6747d5260cd8744e2bf8cf859cdd27c88b1b0332a7c951b25be741b,True,"[""MOVED_UP""]",,0,0,False,1,,0
r5-1501101,360,1,9,1,8,3e19b369a6747d5260cd8744e2bf8cf859cdd27c88b1b0332a7c951b25be741b,True,"[""MOVED_UP"",""BOMB_EXPLODED"",""CRATE_DESTROYED""]",,0,0,False,0,,0
r5-1501101,361,1,8,1,7,8ec378395e36ff19487479b5794f5a93c5ccd054dab9d2311719b8a5dff7c743,True,"[""MOVED_UP""]",,0,0,False,0,,0
r5-1501101,362,1,7,1,8,8ec378395e36ff19487479b5794f5a93c5ccd054dab9d2311719b8a5dff7c743,False,"[""MOVED_DOWN""]",,0,0,False,0,,0
r5-1501101,363,1,8,1,9,8ec378395e36ff19487479b5794f5a93c5ccd054dab9d2311719b8a5dff7c743,False,"[""MOVED_DOWN""]",,0,0,False,0,,0
r5-1501101,364,1,9,1,10,8ec378395e36ff19487479b5794f5a93c5ccd054dab9d2311719b8a5dff7c743,False,"[""MOVED_DOWN""]",,0,0,False,0,,0
r5-1501101,365,1,10,1,11,8ec378395e36ff19487479b5794f5a93c5ccd054dab9d2311719b8a5dff7c743,False,"[""MOVED_DOWN""]",,0,0,False,0,,0
r5-1501101,366,1,11,1,11,8ec378395e36ff19487479b5794f5a93c5ccd054dab9d2311719b8a5dff7c743,False,"[""BOMB_DROPPED""]",,0,0,False,2,,0
r5-1501101,367,1,11,1,11,8ec378395e36ff19487479b5794f5a93c5ccd054dab9d2311719b8a5dff7c743,True,"[""WAITED""]",,0,0,False,2,,0
r5-1501101,368,1,11,1,12,8ec378395e36ff19487479b5794f5a93c5ccd054dab9d2311719b8a5dff7c743,True,"[""MOVED_DOWN""]",,0,0,False,2,,0
r5-1501101,369,1,12,1,13,8ec378395e36ff19487479b5794f5a93c5ccd054dab9d2311719b8a5dff7c743,True,"[""MOVED_DOWN""]",,0,0,False,0,,0
r5-1501101,370,1,13,2,13,8ec378395e36ff19487479b5794f5a93c5ccd054dab9d2311719b8a5dff7c743,True,"[""MOVED_RIGHT"",""BOMB_EXPLODED"",""CRATE_DESTROYED"",""CRATE_DESTROYED""]",,0,0,False,2,,0
r5-1501101,371,2,13,2,13,7dca38c4cc3fb3f55bf90857539526d15b7624a5c9739b3b00253438162aedf3,True,"[""WAITED""]",,0,0,False,3,,0
r5-1501101,372,2,13,1,13,7dca38c4cc3fb3f55bf90857539526d15b7624a5c9739b3b00253438162aedf3,False,"[""MOVED_LEFT""]",,0,0,False,3,,0
r5-1501101,373,1,13,1,13,7dca38c4cc3fb3f55bf90857539526d15b7624a5c9739b3b00253438162aedf3,False,"[""BOMB_DROPPED""]",,0,0,False,2,,0
r5-1501101,374,1,13,1,13,7dca38c4cc3fb3f55bf90857539526d15b7624a5c9739b3b00253438162aedf3,True,"[""WAITED""]",,0,0,False,2,,0
r5-1501101,375,1,13,1,14,7dca38c4cc3fb3f55bf90857539526d15b7624a5c9739b3b00253438162aedf3,True,"[""MOVED_DOWN""]",,0,0,False,2,,0
r5-1501101,376,1,14,1,15,7dca38c4cc3fb3f55bf90857539526d15b7624a5c9739b3b00253438162aedf3,True,"[""MOVED_DOWN""]",,0,0,False,0,,0
r5-1501101,377,1,15,2,15,7dca38c4cc3fb3f55bf90857539526d15b7624a5c9739b3b00253438162aedf3,True,"[""MOVED_RIGHT"",""BOMB_EXPLODED"",""CRATE_DESTROYED"",""CRATE_DESTROYED""]",,0,0,False,2,,0
r5-1501101,378,2,15,2,15,cc2373424fb099ea5583a96d5920695b90b44b543b72fc18ed165e0bc75412fc,True,"[""WAITED""]",,0,0,False,3,,0
r5-1501101,379,2,15,1,15,cc2373424fb099ea5583a96d5920695b90b44b543b72fc18ed165e0bc75412fc,False,"[""MOVED_LEFT""]",,0,0,False,3,,0
r5-1501101,380,1,15,1,15,cc2373424fb099ea5583a96d5920695b90b44b543b72fc18ed165e0bc75412fc,False,"[""BOMB_DROPPED""]",,0,0,False,2,,0
r5-1501101,381,1,15,1,15,cc2373424fb099ea5583a96d5920695b90b44b543b72fc18ed165e0bc75412fc,True,"[""WAITED""]",,0,0,False,2,,0
r5-1501101,382,1,15,1,14,cc2373424fb099ea5583a96d5920695b90b44b543b72fc18ed165e0bc75412fc,True,"[""MOVED_UP""]",,0,0,False,2,,0
r5-1501101,383,1,14,1,13,cc2373424fb099ea5583a96d5920695b90b44b543b72fc18ed165e0bc75412fc,True,"[""MOVED_UP""]",,0,0,False,0,,0
r5-1501101,384,1,13,2,13,cc2373424fb099ea5583a96d5920695b90b44b543b72fc18ed165e0bc75412fc,True,"[""MOVED_RIGHT"",""BOMB_EXPLODED"",""CRATE_DESTROYED"",""CRATE_DESTROYED""]",,0,0,False,0,,0
r5-1501101,385,2,13,3,13,94b41a6943da4c427773991b741f9539e199e43bee4fc9a372b96fb0735b2efb,True,"[""MOVED_RIGHT""]",,0,0,False,1,,0
r5-1501101,386,3,13,3,13,94b41a6943da4c427773991b741f9539e199e43bee4fc9a372b96fb0735b2efb,False,"[""WAITED""]",,0,0,False,2,,0
r5-1501101,387,3,13,3,13,94b41a6943da4c427773991b741f9539e199e43bee4fc9a372b96fb0735b2efb,False,"[""BOMB_DROPPED""]",,0,0,False,2,,0
r5-1501101,388,3,13,3,13,94b41a6943da4c427773991b741f9539e199e43bee4fc9a372b96fb0735b2efb,True,"[""WAITED""]",,0,0,False,2,,0
r5-1501101,389,3,13,3,12,94b41a6943da4c427773991b741f9539e199e43bee4fc9a372b96fb0735b2efb,True,"[""MOVED_UP""]",,0,0,False,2,,0
r5-1501101,390,3,12,3,11,94b41a6943da4c427773991b741f9539e199e43bee4fc9a372b96fb0735b2efb,True,"[""MOVED_UP""]",,0,0,False,1,,0
r5-1501101,391,3,11,2,11,94b41a6943da4c427773991b741f9539e199e43bee4fc9a372b96fb0735b2efb,True,"[""MOVED_LEFT"",""BOMB_EXPLODED"",""CRATE_DESTROYED"",""CRATE_DESTROYED""]",,0,0,False,3,,0
r5-1501101,392,2,11,1,11,d5d39cb471e3f1f869d82e30320d07a8b151f893419611f244a9b68600b7d48b,True,"[""MOVED_LEFT""]",,0,0,False,1,,0
r5-1501101,393,1,11,1,12,d5d39cb471e3f1f869d82e30320d07a8b151f893419611f244a9b68600b7d48b,False,"[""MOVED_DOWN""]",,0,0,False,0,,0
r5-1501101,394,1,12,1,11,d5d39cb471e3f1f869d82e30320d07a8b151f893419611f244a9b68600b7d48b,False,"[""MOVED_UP""]",,0,0,False,0,,0
r5-1501101,395,1,11,1,11,d5d39cb471e3f1f869d82e30320d07a8b151f893419611f244a9b68600b7d48b,False,"[""BOMB_DROPPED""]",,0,0,False,0,,-0.5
r5-1501101,396,1,11,1,12,d5d39cb471e3f1f869d82e30320d07a8b151f893419611f244a9b68600b7d48b,True,"[""MOVED_DOWN""]",,0,0,False,0,,0
r5-1501101,397,1,12,1,12,d5d39cb471e3f1f869d82e30320d07a8b151f893419611f244a9b68600b7d48b,True,"[""WAITED""]",,0,0,False,0,,0
r5-1501101,398,1,12,1,13,d5d39cb471e3f1f869d82e30320d07a8b151f893419611f244a9b68600b7d48b,True,"[""MOVED_DOWN""]",,0,0,False,0,,0
r5-1501101,399,1,13,2,13,d5d39cb471e3f1f869d82e30320d07a8b151f893419611f244a9b68600b7d48b,True,"[""MOVED_RIGHT"",""BOMB_EXPLODED""]",,0,0,False,0,,0
r5-1501101,400,2,13,3,13,d5d39cb471e3f1f869d82e30320d07a8b151f893419611f244a9b68600b7d48b,True,"[""MOVED_RIGHT"",""SURVIVED_ROUND""]",,0,0,False,0,,0
r5-1501102,1,1,15,1,14,2a8904e5f8a59f0efb7b7084a4be3889e49eb0bab33c993eaaf4c408ccc81296,False,"[""MOVED_UP""]",28,0,0,False,2,,0
r5-1501102,2,1,14,1,14,2a8904e5f8a59f0efb7b7084a4be3889e49eb0bab33c993eaaf4c408ccc81296,False,"[""BOMB_DROPPED""]",27,0,0,False,2,,0
r5-1501102,3,1,14,1,14,2a8904e5f8a59f0efb7b7084a4be3889e49eb0bab33c993eaaf4c408ccc81296,True,"[""WAITED""]",26,0,0,False,2,,0
r5-1501102,4,1,14,1,14,2a8904e5f8a59f0efb7b7084a4be3889e49eb0bab33c993eaaf4c408ccc81296,True,"[""WAITED""]",26,0,0,False,2,,0
r5-1501102,5,1,14,1,15,2a8904e5f8a59f0efb7b7084a4be3889e49eb0bab33c993eaaf4c408ccc81296,True,"[""MOVED_DOWN""]",27,0,0,False,2,,0
r5-1501102,6,1,15,2,15,2a8904e5f8a59f0efb7b7084a4be3889e49eb0bab33c993eaaf4c408ccc81296,True,"[""MOVED_RIGHT"",""BOMB_EXPLODED"",""CRATE_DESTROYED"",""CRATE_DESTROYED""]",27,0,0,False,2,,0
r5-1501102,7,2,15,3,15,7f7eb2487b9782853dd49043b453c9a02f702895191bbc43f68ee522ad54a0de,True,"[""MOVED_RIGHT""]",26,0,0,False,2,,0
r5-1501102,8,3,15,2,15,7f7eb2487b9782853dd49043b453c9a02f702895191bbc43f68ee522ad54a0de,False,"[""MOVED_LEFT""]",26,0,0,False,3,,0
r5-1501102,9,2,15,2,15,7f7eb2487b9782853dd49043b453c9a02f702895191bbc43f68ee522ad54a0de,False,"[""BOMB_DROPPED""]",27,0,0,False,2,,0
r5-1501102,10,2,15,1,15,7f7eb2487b9782853dd49043b453c9a02f702895191bbc43f68ee522ad54a0de,True,"[""MOVED_LEFT""]",27,0,0,False,2,,0
r5-1501102,11,1,15,1,15,7f7eb2487b9782853dd49043b453c9a02f702895191bbc43f68ee522ad54a0de,True,"[""WAITED""]",27,0,0,False,1,,0
r5-1501102,12,1,15,1,15,7f7eb2487b9782853dd49043b453c9a02f702895191bbc43f68ee522ad54a0de,True,"[""WAITED""]",28,0,0,False,1,,0
r5-1501102,13,1,15,1,14,7f7eb2487b9782853dd49043b453c9a02f702895191bbc43f68ee522ad54a0de,True,"[""MOVED_UP"",""BOMB_EXPLODED"",""CRATE_DESTROYED"",""CRATE_DESTROYED""]",27,0,0,False,1,,0
r5-1501102,14,1,14,1,13,d49478411f1f9682081a3b042ed196ac9e71ffe5d76d26b59a719da313b52d3e,True,"[""MOVED_UP""]",26,0,0,False,0,,0
r5-1501102,15,1,13,1,14,d49478411f1f9682081a3b042ed196ac9e71ffe5d76d26b59a719da313b52d3e,False,"[""MOVED_DOWN""]",25,0,0,False,3,,0
r5-1501102,16,1,14,1,13,d49478411f1f9682081a3b042ed196ac9e71ffe5d76d26b59a719da313b52d3e,False,"[""MOVED_UP""]",27,0,0,False,0,,0
r5-1501102,17,1,13,1,13,d49478411f1f9682081a3b042ed196ac9e71ffe5d76d26b59a719da313b52d3e,False,"[""BOMB_DROPPED""]",25,0,0,False,3,,0
r5-1501102,18,1,13,1,13,d49478411f1f9682081a3b042ed196ac9e71ffe5d76d26b59a719da313b52d3e,True,"[""WAITED""]",25,0,0,False,3,,0
r5-1501102,19,1,13,1,14,d49478411f1f9682081a3b042ed196ac9e71ffe5d76d26b59a719da313b52d3e,True,"[""MOVED_DOWN""]",25,0,0,False,3,,0
r5-1501102,20,1,14,1,15,d49478411f1f9682081a3b042ed196ac9e71ffe5d76d26b59a719da313b52d3e,True,"[""MOVED_DOWN""]",27,0,0,False,0,,0
r5-1501102,21,1,15,2,15,d49478411f1f9682081a3b042ed196ac9e71ffe5d76d26b59a719da313b52d3e,True,"[""MOVED_RIGHT"",""BOMB_EXPLODED"",""CRATE_DESTROYED"",""CRATE_DESTROYED"",""CRATE_DESTROYED"",""CRATE_DESTROYED""]",28,0,0,False,0,,0
r5-1501102,22,2,15,3,15,a1db73a957a86f93c09731fb7f62f2bde3f0568dd011ab77a49b497bb8778af9,True,"[""MOVED_RIGHT""]",27,0,0,False,0,,0
r5-1501102,23,3,15,3,15,a1db73a957a86f93c09731fb7f62f2bde3f0568dd011ab77a49b497bb8778af9,False,"[""WAITED""]",25,0,0,False,3,,0
r5-1501102,24,3,15,3,15,a1db73a957a86f93c09731fb7f62f2bde3f0568dd011ab77a49b497bb8778af9,False,"[""BOMB_DROPPED""]",25,0,0,False,3,,0
r5-1501102,25,3,15,2,15,a1db73a957a86f93c09731fb7f62f2bde3f0568dd011ab77a49b497bb8778af9,True,"[""MOVED_LEFT""]",25,0,0,False,3,,0
r5-1501102,26,2,15,2,15,a1db73a957a86f93c09731fb7f62f2bde3f0568dd011ab77a49b497bb8778af9,True,"[""WAITED""]",26,0,0,False,0,,0
r5-1501102,27,2,15,1,15,a1db73a957a86f93c09731fb7f62f2bde3f0568dd011ab77a49b497bb8778af9,True,"[""MOVED_LEFT""]",27,0,0,False,0,,0
r5-1501102,28,1,15,1,14,a1db73a957a86f93c09731fb7f62f2bde3f0568dd011ab77a49b497bb8778af9,True,"[""MOVED_UP"",""BOMB_EXPLODED"",""CRATE_DESTROYED"",""CRATE_DESTROYED"",""CRATE_DESTROYED""]",28,0,0,False,0,,0
r5-1501102,29,1,14,1,13,8fdf4801fad1bbccf15f6967157f9b39cba89b8987904772e890517c5f084d56,True,"[""MOVED_UP""]",26,0,0,False,0,,0
r5-1501102,30,1,13,1,12,8fdf4801fad1bbccf15f6967157f9b39cba89b8987904772e890517c5f084d56,False,"[""MOVED_UP""]",25,0,0,False,0,,0
r5-1501102,31,1,12,1,12,8fdf4801fad1bbccf15f6967157f9b39cba89b8987904772e890517c5f084d56,False,"[""BOMB_DROPPED""]",25,0,0,False,1,,0
r5-1501102,32,1,12,1,13,8fdf4801fad1bbccf15f6967157f9b39cba89b8987904772e890517c5f084d56,True,"[""MOVED_DOWN""]",24,0,0,False,1,,0
r5-1501102,33,1,13,2,13,8fdf4801fad1bbccf15f6967157f9b39cba89b8987904772e890517c5f084d56,True,"[""MOVED_RIGHT""]",25,0,0,False,0,,0
r5-1501102,34,2,13,2,13,8fdf4801fad1bbccf15f6967157f9b39cba89b8987904772e890517c5f084d56,True,"[""WAITED""]",24,0,0,False,1,,0
r5-1501102,35,2,13,3,13,8fdf4801fad1bbccf15f6967157f9b39cba89b8987904772e890517c5f084d56,True,"[""MOVED_RIGHT"",""BOMB_EXPLODED"",""CRATE_DESTROYED""]",24,0,0,False,1,,0
r5-1501102,36,3,13,3,13,0bed7ddb2296a343c14967cebc205fd50e1981fd036e2180b370fd77782403f7,True,"[""WAITED""]",23,0,0,False,3,,0
r5-1501102,37,3,13,3,13,0bed7ddb2296a343c14967cebc205fd50e1981fd036e2180b370fd77782403f7,False,"[""WAITED""]",23,0,0,False,3,,0
r5-1501102,38,3,13,3,13,0bed7ddb2296a343c14967cebc205fd50e1981fd036e2180b370fd77782403f7,False,"[""BOMB_DROPPED""]",23,0,0,False,3,,0
r5-1501102,39,3,13,3,13,0bed7ddb2296a343c14967cebc205fd50e1981fd036e2180b370fd77782403f7,True,"[""WAITED""]",23,0,0,False,3,,0
r5-1501102,40,3,13,3,14,0bed7ddb2296a343c14967cebc205fd50e1981fd036e2180b370fd77782403f7,True,"[""MOVED_DOWN""]",23,0,0,False,3,,0
r5-1501102,41,3,14,3,15,0bed7ddb2296a343c14967cebc205fd50e1981fd036e2180b370fd77782403f7,True,"[""MOVED_DOWN""]",24,0,0,False,1,,0
r5-1501102,42,3,15,4,15,0bed7ddb2296a343c14967cebc205fd50e1981fd036e2180b370fd77782403f7,True,"[""MOVED_RIGHT"",""BOMB_EXPLODED"",""CRATE_DESTROYED"",""CRATE_DESTROYED"",""COIN_FOUND"",""CRATE_DESTROYED"",""CRATE_DESTROYED""]",26,0,0,False,0,,0
r5-1501102,43,4,15,5,15,24b3475997d5d9e68a96f0d3c2ede2631685e705855919e79b540f86dd03a890,True,"[""MOVED_RIGHT""]",24,0,0,False,1,,0
r5-1501102,44,5,15,6,15,24b3475997d5d9e68a96f0d3c2ede2631685e705855919e79b540f86dd03a890,False,"[""MOVED_RIGHT""]",23,0,0,False,3,,0
r5-1501102,45,6,15,6,15,24b3475997d5d9e68a96f0d3c2ede2631685e705855919e79b540f86dd03a890,False,"[""BOMB_DROPPED""]",22,0,0,False,3,,0
r5-1501102,46,6,15,5,15,24b3475997d5d9e68a96f0d3c2ede2631685e705855919e79b540f86dd03a890,True,"[""MOVED_LEFT""]",22,0,0,False,3,,0
r5-1501102,47,5,15,4,15,24b3475997d5d9e68a96f0d3c2ede2631685e705855919e79b540f86dd03a890,True,"[""MOVED_LEFT""]",23,0,0,False,3,,0
r5-1501102,48,4,15,3,15,24b3475997d5d9e68a96f0d3c2ede2631685e705855919e79b540f86dd03a890,True,"[""MOVED_LEFT""]",24,0,0,False,1,,0
r5-1501102,49,3,15,3,14,24b3475997d5d9e68a96f0d3c2ede2631685e705855919e79b540f86dd03a890,True,"[""MOVED_UP"",""BOMB_EXPLODED"",""CRATE_DESTROYED"",""CRATE_DESTROYED"",""CRATE_DESTROYED""]",25,0,0,False,0,,0
r5-1501102,50,3,14,3,14,e9773c35f4f64eeb9893ddfaed3461e947de0226f33056835cc72ef89dd7186a,True,"[""WAITED""]",24,0,0,False,0,,0
r5-1501102,51,3,14,3,13,e9773c35f4f64eeb9893ddfaed3461e947de0226f33056835cc72ef89dd7186a,False,"[""MOVED_UP""]",24,0,0,False,0,,0
r5-1501102,52,3,13,4,13,e9773c35f4f64eeb9893ddfaed3461e947de0226f33056835cc72ef89dd7186a,False,"[""MOVED_RIGHT""]",23,0,0,False,0,,0
r5-1501102,53,4,13,5,13,e9773c35f4f64eeb9893ddfaed3461e947de0226f33056835cc72ef89dd7186a,False,"[""MOVED_RIGHT""]",23,0,0,False,1,,0
r5-1501102,54,5,13,6,13,e9773c35f4f64eeb9893ddfaed3461e947de0226f33056835cc72ef89dd7186a,False,"[""MOVED_RIGHT"",""COIN_COLLECTED""]",21,0,0,False,3,,0
r5-1501102,55,6,13,6,13,f4ce5d59de1757bee3be04c8844bffa5ffdd99d927219d502e84bc4245263cca,False,"[""BOMB_DROPPED""]",20,0,0,False,3,,0
r5-1501102,56,6,13,5,13,f4ce5d59de1757bee3be04c8844bffa5ffdd99d927219d502e84bc4245263cca,True,"[""MOVED_LEFT""]",21,0,0,False,3,,0
r5-1501102,57,5,13,4,13,f4ce5d59de1757bee3be04c8844bffa5ffdd99d927219d502e84bc4245263cca,True,"[""MOVED_LEFT""]",22,0,0,False,3,,0
r5-1501102,58,4,13,3,13,f4ce5d59de1757bee3be04c8844bffa5ffdd99d927219d502e84bc4245263cca,True,"[""MOVED_LEFT""]",22,0,0,False,1,,0
r5-1501102,59,3,13,3,14,f4ce5d59de1757bee3be04c8844bffa5ffdd99d927219d502e84bc4245263cca,True,"[""MOVED_DOWN"",""BOMB_EXPLODED"",""CRATE_DESTROYED"",""CRATE_DESTROYED"",""CRATE_DESTROYED""]",24,0,0,False,0,,0
r5-1501102,60,3,14,3,15,142f4f3ea29a5105c7dcd8a3da437651a30fcf372046f32b3061c8979c246988,True,"[""MOVED_DOWN""]",24,0,0,False,0,,0
r5-1501102,61,3,15,3,14,142f4f3ea29a5105c7dcd8a3da437651a30fcf372046f32b3061c8979c246988,False,"[""MOVED_UP""]",26,0,0,False,0,,0
r5-1501102,62,3,14,3,13,142f4f3ea29a5105c7dcd8a3da437651a30fcf372046f32b3061c8979c246988,False,"[""MOVED_UP""]",25,0,0,False,0,,0
r5-1501102,63,3,13,3,12,142f4f3ea29a5105c7dcd8a3da437651a30fcf372046f32b3061c8979c246988,False,"[""MOVED_UP""]",23,0,0,False,0,,0
r5-1501102,64,3,12,3,11,142f4f3ea29a5105c7dcd8a3da437651a30fcf372046f32b3061c8979c246988,False,"[""MOVED_UP""]",23,0,0,False,0,,0
r5-1501102,65,3,11,3,11,142f4f3ea29a5105c7dcd8a3da437651a30fcf372046f32b3061c8979c246988,False,"[""BOMB_DROPPED""]",21,0,0,False,3,,0
r5-1501102,66,3,11,3,11,142f4f3ea29a5105c7dcd8a3da437651a30fcf372046f32b3061c8979c246988,True,"[""WAITED""]",21,0,0,False,3,,0
r5-1501102,67,3,11,3,12,142f4f3ea29a5105c7dcd8a3da437651a30fcf372046f32b3061c8979c246988,True,"[""MOVED_DOWN""]",21,0,0,False,3,,0
r5-1501102,68,3,12,3,13,142f4f3ea29a5105c7dcd8a3da437651a30fcf372046f32b3061c8979c246988,True,"[""MOVED_DOWN""]",23,0,0,False,0,,0
r5-1501102,69,3,13,2,13,142f4f3ea29a5105c7dcd8a3da437651a30fcf372046f32b3061c8979c246988,True,"[""MOVED_LEFT"",""BOMB_EXPLODED"",""CRATE_DESTROYED"",""CRATE_DESTROYED"",""COIN_FOUND"",""CRATE_DESTROYED"",""CRATE_DESTROYED"",""COIN_FOUND""]",23,0,0,False,0,,0
r5-1501102,70,2,13,1,13,e1eb25d7926bec444ba5f49caef838b6b038a0dd4307a8a636d79cc90af7db6a,True,"[""MOVED_LEFT""]",24,0,0,False,0,,0
r5-1501102,71,1,13,1,13,e1eb25d7926bec444ba5f49caef838b6b038a0dd4307a8a636d79cc90af7db6a,False,"[""WAITED""]",25,0,0,False,0,,0
r5-1501102,72,1,13,1,13,e1eb25d7926bec444ba5f49caef838b6b038a0dd4307a8a636d79cc90af7db6a,False,"[""BOMB_DROPPED""]",25,0,0,False,0,,-0.5
r5-1501102,73,1,13,1,13,e1eb25d7926bec444ba5f49caef838b6b038a0dd4307a8a636d79cc90af7db6a,True,"[""WAITED""]",25,0,0,False,0,,0
r5-1501102,74,1,13,2,13,e1eb25d7926bec444ba5f49caef838b6b038a0dd4307a8a636d79cc90af7db6a,True,"[""MOVED_RIGHT""]",26,0,0,False,0,,0
r5-1501102,75,2,13,3,13,e1eb25d7926bec444ba5f49caef838b6b038a0dd4307a8a636d79cc90af7db6a,True,"[""MOVED_RIGHT""]",24,0,0,False,0,,0
r5-1501102,76,3,13,3,12,e1eb25d7926bec444ba5f49caef838b6b038a0dd4307a8a636d79cc90af7db6a,True,"[""MOVED_UP"",""BOMB_EXPLODED""]",23,0,0,False,0,,0
r5-1501102,77,3,12,3,11,e1eb25d7926bec444ba5f49caef838b6b038a0dd4307a8a636d79cc90af7db6a,True,"[""MOVED_UP""]",22,0,0,False,0,,0
r5-1501102,78,3,11,2,11,e1eb25d7926bec444ba5f49caef838b6b038a0dd4307a8a636d79cc90af7db6a,False,"[""MOVED_LEFT"",""COIN_COLLECTED""]",22,0,0,False,0,,0
r5-1501102,79,2,11,3,11,f7f06d7cb288ea1496524a95b0b80deb2430ef375ae88c9314a0de4ac703a88b,False,"[""MOVED_RIGHT""]",23,0,0,False,0,,0
r5-1501102,80,3,11,4,11,f7f06d7cb288ea1496524a95b0b80deb2430ef375ae88c9314a0de4ac703a88b,False,"[""MOVED_RIGHT""]",22,0,0,False,0,,0
r5-1501102,81,4,11,5,11,f7f06d7cb288ea1496524a95b0b80deb2430ef375ae88c9314a0de4ac703a88b,False,"[""MOVED_RIGHT"",""COIN_COLLECTED""]",21,0,0,False,1,,0
r5-1501102,82,5,11,5,11,de95ff5ab569ea98dc22ea057617396b9badc35d6c1df5324bd52a805ab83a76,False,"[""BOMB_DROPPED""]",19,0,0,False,3,,0
r5-1501102,83,5,11,4,11,de95ff5ab569ea98dc22ea057617396b9badc35d6c1df5324bd52a805ab83a76,True,"[""MOVED_LEFT""]",19,0,0,False,3,,0
r5-1501102,84,4,11,4,11,de95ff5ab569ea98dc22ea057617396b9badc35d6c1df5324bd52a805ab83a76,True,"[""WAITED""]",20,0,0,False,1,,0
r5-1501102,85,4,11,3,11,de95ff5ab569ea98dc22ea057617396b9badc35d6c1df5324bd52a805ab83a76,True,"[""MOVED_LEFT""]",20,0,0,False,1,,0
r5-1501102,86,3,11,3,10,de95ff5ab569ea98dc22ea057617396b9badc35d6c1df5324bd52a805ab83a76,True,"[""MOVED_UP"",""BOMB_EXPLODED"",""CRATE_DESTROYED"",""COIN_FOUND"",""CRATE_DESTROYED"",""CRATE_DESTROYED"",""CRATE_DESTROYED"",""CRATE_DESTROYED"",""COIN_FOUND"",""CRATE_DESTROYED"",""CRATE_DESTROYED""]",22,0,0,False,0,,0
r5-1501102,87,3,10,3,9,4779121ad5cb82fbcaa93055babf40cd1881ff8935cbe2ce66ab6693adc87d7a,True,"[""MOVED_UP""]",20,0,0,False,1,,0
r5-1501102,88,3,9,3,10,4779121ad5cb82fbcaa93055babf40cd1881ff8935cbe2ce66ab6693adc87d7a,False,"[""MOVED_DOWN""]",19,0,0,False,2,,0
r5-1501102,89,3,10,3,11,4779121ad5cb82fbcaa93055babf40cd1881ff8935cbe2ce66ab6693adc87d7a,False,"[""MOVED_DOWN""]",20,0,0,False,1,,0
r5-1501102,90,3,11,3,11,4779121ad5cb82fbcaa93055babf40cd1881ff8935cbe2ce66ab6693adc87d7a,False,"[""BOMB_DROPPED""]",21,0,0,False,0,,-0.5
r5-1501102,91,3,11,3,10,4779121ad5cb82fbcaa93055babf40cd1881ff8935cbe2ce66ab6693adc87d7a,True,"[""MOVED_UP""]",21,0,0,False,0,,0
r5-1501102,92,3,10,3,9,4779121ad5cb82fbcaa93055babf40cd1881ff8935cbe2ce66ab6693adc87d7a,True,"[""MOVED_UP""]",21,0,0,False,1,,0
r5-1501102,93,3,9,4,9,4779121ad5cb82fbcaa93055babf40cd1881ff8935cbe2ce66ab6693adc87d7a,True,"[""MOVED_RIGHT""]",20,0,0,False,2,,0
r5-1501102,94,4,9,5,9,4779121ad5cb82fbcaa93055babf40cd1881ff8935cbe2ce66ab6693adc87d7a,True,"[""MOVED_RIGHT"",""BOMB_EXPLODED""]",18,0,0,False,2,,0
r5-1501102,95,5,9,5,10,4779121ad5cb82fbcaa93055babf40cd1881ff8935cbe2ce66ab6693adc87d7a,True,"[""MOVED_DOWN"",""COIN_COLLECTED""]",17,0,0,False,3,,0
r5-1501102,96,5,10,5,11,c992dc1998f8a9c3fdcce3df5c0d6e15555bb00a671a2ca25ec424892378dafb,False,"[""MOVED_DOWN""]",18,0,0,False,1,,0
r5-1501102,97,5,11,6,11,c992dc1998f8a9c3fdcce3df5c0d6e15555bb00a671a2ca25ec424892378dafb,False,"[""MOVED_RIGHT""]",19,0,0,False,0,,0
r5-1501102,98,6,11,7,11,c992dc1998f8a9c3fdcce3df5c0d6e15555bb00a671a2ca25ec424892378dafb,False,"[""MOVED_RIGHT"",""COIN_COLLECTED""]",19,0,0,False,1,,0
r5-1501102,99,7,11,7,11,b8d04d19ed486084a9ef03f66838ec6fe845a874c2f32ca7b55c48808b744f5b,False,"[""BOMB_DROPPED""]",17,0,0,False,3,,0
r5-1501102,100,7,11,7,11,b8d04d19ed486084a9ef03f66838ec6fe845a874c2f32ca7b55c48808b744f5b,True,"[""WAITED""]",17,0,0,False,3,,0
r5-1501102,101,7,11,6,11,b8d04d19ed486084a9ef03f66838ec6fe845a874c2f32ca7b55c48808b744f5b,True,"[""MOVED_LEFT""]",18,0,0,False,3,,0
r5-1501102,102,6,11,5,11,b8d04d19ed486084a9ef03f66838ec6fe845a874c2f32ca7b55c48808b744f5b,True,"[""MOVED_LEFT""]",18,0,0,False,1,,0
r5-1501102,103,5,11,5,10,b8d04d19ed486084a9ef03f66838ec6fe845a874c2f32ca7b55c48808b744f5b,True,"[""MOVED_UP"",""BOMB_EXPLODED"",""CRATE_DESTROYED"",""CRATE_DESTROYED"",""CRATE_DESTROYED"",""CRATE_DESTROYED"",""CRATE_DESTROYED""]",20,0,0,False,0,,0
r5-1501102,104,5,10,5,9,0b43ecf0bdb239e534c202e4777806c370e2d22ea96e46ae4ec080edc1e9d9f1,True,"[""MOVED_UP""]",19,0,0,False,1,,0
r5-1501102,105,5,9,5,9,0b43ecf0bdb239e534c202e4777806c370e2d22ea96e46ae4ec080edc1e9d9f1,False,"[""WAITED""]",18,0,0,False,3,,0
r5-1501102,106,5,9,5,9,0b43ecf0bdb239e534c202e4777806c370e2d22ea96e46ae4ec080edc1e9d9f1,False,"[""BOMB_DROPPED""]",18,0,0,False,3,,0
r5-1501102,107,5,9,5,9,0b43ecf0bdb239e534c202e4777806c370e2d22ea96e46ae4ec080edc1e9d9f1,True,"[""WAITED""]",17,0,0,False,3,,0
r5-1501102,108,5,9,4,9,0b43ecf0bdb239e534c202e4777806c370e2d22ea96e46ae4ec080edc1e9d9f1,True,"[""MOVED_LEFT""]",17,0,0,False,3,,0
r5-1501102,109,4,9,3,9,0b43ecf0bdb239e534c202e4777806c370e2d22ea96e46ae4ec080edc1e9d9f1,True,"[""MOVED_LEFT""]",18,0,0,False,1,,0
r5-1501102,110,3,9,3,10,0b43ecf0bdb239e534c202e4777806c370e2d22ea96e46ae4ec080edc1e9d9f1,True,"[""MOVED_DOWN"",""BOMB_EXPLODED"",""CRATE_DESTROYED"",""CRATE_DESTROYED"",""CRATE_DESTROYED"",""CRATE_DESTROYED"",""COIN_FOUND""]",19,0,0,False,2,,0
r5-1501102,111,3,10,3,10,e286420013f19cfe2371c759c8d4ddaff907f6f350fe4d012368a0c65bdf542c,True,"[""WAITED""]",20,0,0,False,1,,0
r5-1501102,112,3,10,3,9,e286420013f19cfe2371c759c8d4ddaff907f6f350fe4d012368a0c65bdf542c,False,"[""MOVED_UP""]",20,0,0,False,1,,0
r5-1501102,113,3,9,3,9,e286420013f19cfe2371c759c8d4ddaff907f6f350fe4d012368a0c65bdf542c,False,"[""BOMB_DROPPED""]",19,0,0,False,1,,0
r5-1501102,114,3,9,4,9,e286420013f19cfe2371c759c8d4ddaff907f6f350fe4d012368a0c65bdf542c,True,"[""MOVED_RIGHT""]",19,0,0,False,1,,0
r5-1501102,115,4,9,5,9,e286420013f19cfe2371c759c8d4ddaff907f6f350fe4d012368a0c65bdf542c,True,"[""MOVED_RIGHT""]",19,0,0,False,0,,0
r5-1501102,116,5,9,5,8,e286420013f19cfe2371c759c8d4ddaff907f6f350fe4d012368a0c65bdf542c,True,"[""MOVED_UP""]",17,0,0,False,0,,0
r5-1501102,117,5,8,5,7,e286420013f19cfe2371c759c8d4ddaff907f6f350fe4d012368a0c65bdf542c,True,"[""MOVED_UP"",""BOMB_EXPLODED"",""CRATE_DESTROYED""]",16,0,0,False,0,,0
r5-1501102,118,5,7,5,6,ff23a2495a61594b2dce2f464733d41296a012879f4cc98643c711b11c7649f1,True,"[""MOVED_UP"",""COIN_COLLECTED""]",15,0,0,False,3,,0
r5-1501102,119,5,6,5,7,a86142832b6344c4864868cd165622933393bbd1f826d8d579b263076ddb1e1c,False,"[""MOVED_DOWN""]",14,0,0,False,2,,0
r5-1501102,120,5,7,5,7,a86142832b6344c4864868cd165622933393bbd1f826d8d579b263076ddb1e1c,False,"[""BOMB_DROPPED""]",15,0,0,False,3,,0
r5-1501102,121,5,7,5,8,a86142832b6344c4864868cd165622933393bbd1f826d8d579b263076ddb1e1c,True,"[""MOVED_DOWN""]",15,0,0,False,3,,0
r5-1501102,122,5,8,5,8,a86142832b6344c4864868cd165622933393bbd1f826d8d579b263076ddb1e1c,True,"[""WAITED""]",16,0,0,False,0,,0
r5-1501102,123,5,8,5,9,a86142832b6344c4864868cd165622933393bbd1f826d8d579b263076ddb1e1c,True,"[""MOVED_DOWN""]",16,0,0,False,0,,0
r5-1501102,124,5,9,4,9,a86142832b6344c4864868cd165622933393bbd1f826d8d579b263076ddb1e1c,True,"[""MOVED_LEFT"",""BOMB_EXPLODED"",""CRATE_DESTROYED"",""CRATE_DESTROYED"",""CRATE_DESTROYED"",""CRATE_DESTROYED"",""COIN_FOUND"",""CRATE_DESTROYED""]",17,0,0,False,0,,0
r5-1501102,125,4,9,3,9,fbdd0b4aa2f02e6cac9542bab1af2956452fc432f56e44d3f63746f2d48dfad9,True,"[""MOVED_LEFT""]",19,0,0,False,0,,0
r5-1501102,126,3,9,2,9,fbdd0b4aa2f02e6cac9542bab1af2956452fc432f56e44d3f63746f2d48dfad9,False,"[""MOVED_LEFT""]",19,0,0,False,0,,0
r5-1501102,127,2,9,2,9,fbdd0b4aa2f02e6cac9542bab1af2956452fc432f56e44d3f63746f2d48dfad9,False,"[""BOMB_DROPPED""]",20,0,0,False,0,,-0.5
r5-1501102,128,2,9,1,9,fbdd0b4aa2f02e6cac9542bab1af2956452fc432f56e44d3f63746f2d48dfad9,True,"[""MOVED_LEFT""]",20,0,0,False,0,,0
r5-1501102,129,1,9,1,9,fbdd0b4aa2f02e6cac9542bab1af2956452fc432f56e44d3f63746f2d48dfad9,True,"[""WAITED""]",22,0,0,False,2,,0
r5-1501102,130,1,9,1,10,fbdd0b4aa2f02e6cac9542bab1af2956452fc432f56e44d3f63746f2d48dfad9,True,"[""MOVED_DOWN""]",21,0,0,False,2,,0
r5-1501102,131,1,10,1,10,fbdd0b4aa2f02e6cac9542bab1af2956452fc432f56e44d3f63746f2d48dfad9,True,"[""WAITED"",""BOMB_EXPLODED""]",23,0,0,False,2,,0
r5-1501102,132,1,10,1,10,fbdd0b4aa2f02e6cac9542bab1af2956452fc432f56e44d3f63746f2d48dfad9,True,"[""WAITED""]",23,0,0,False,2,,0
r5-1501102,133,1,10,1,9,fbdd0b4aa2f02e6cac9542bab1af2956452fc432f56e44d3f63746f2d48dfad9,False,"[""MOVED_UP""]",23,0,0,False,2,,0
r5-1501102,134,1,9,1,10,fbdd0b4aa2f02e6cac9542bab1af2956452fc432f56e44d3f63746f2d48dfad9,False,"[""MOVED_DOWN""]",21,0,0,False,2,,0
r5-1501102,135,1,10,1,10,fbdd0b4aa2f02e6cac9542bab1af2956452fc432f56e44d3f63746f2d48dfad9,False,"[""BOMB_DROPPED""]",23,0,0,False,2,,0
r5-1501102,136,1,10,1,9,fbdd0b4aa2f02e6cac9542bab1af2956452fc432f56e44d3f63746f2d48dfad9,True,"[""MOVED_UP""]",22,0,0,False,2,,0
r5-1501102,137,1,9,2,9,fbdd0b4aa2f02e6cac9542bab1af2956452fc432f56e44d3f63746f2d48dfad9,True,"[""MOVED_RIGHT""]",21,0,0,False,2,,0
r5-1501102,138,2,9,3,9,fbdd0b4aa2f02e6cac9542bab1af2956452fc432f56e44d3f63746f2d48dfad9,True,"[""MOVED_RIGHT""]",20,0,0,False,0,,0
r5-1501102,139,3,9,2,9,fbdd0b4aa2f02e6cac9542bab1af2956452fc432f56e44d3f63746f2d48dfad9,True,"[""MOVED_LEFT"",""BOMB_EXPLODED"",""CRATE_DESTROYED"",""CRATE_DESTROYED""]",19,0,0,False,0,,0
r5-1501102,140,2,9,3,9,8904d74b9c905ed6b2944e43184169b1d10aa26730eaf1151cc166f135a7069f,True,"[""MOVED_RIGHT""]",20,0,0,False,0,,0
r5-1501102,141,3,9,2,9,8904d74b9c905ed6b2944e43184169b1d10aa26730eaf1151cc166f135a7069f,False,"[""MOVED_LEFT""]",19,0,0,False,0,,0
r5-1501102,142,2,9,3,9,8904d74b9c905ed6b2944e43184169b1d10aa26730eaf1151cc166f135a7069f,False,"[""MOVED_RIGHT""]",20,0,0,False,0,,0
r5-1501102,143,3,9,3,9,8904d74b9c905ed6b2944e43184169b1d10aa26730eaf1151cc166f135a7069f,False,"[""BOMB_DROPPED""]",19,0,0,False,0,,-0.5
r5-1501102,144,3,9,3,8,8904d74b9c905ed6b2944e43184169b1d10aa26730eaf1151cc166f135a7069f,True,"[""MOVED_UP""]",20,0,0,False,0,,0
r5-1501102,145,3,8,3,7,8904d74b9c905ed6b2944e43184169b1d10aa26730eaf1151cc166f135a7069f,True,"[""MOVED_UP""]",18,0,0,False,0,,0
r5-1501102,146,3,7,3,7,8904d74b9c905ed6b2944e43184169b1d10aa26730eaf1151cc166f135a7069f,True,"[""WAITED""]",17,0,0,False,1,,0
r5-1501102,147,3,7,2,7,8904d74b9c905ed6b2944e43184169b1d10aa26730eaf1151cc166f135a7069f,True,"[""MOVED_LEFT"",""COIN_COLLECTED"",""BOMB_EXPLODED""]",17,0,0,False,1,,0
r5-1501102,148,2,7,2,7,aa09b7ce800fe69865b592e0efe5d89c5529e4b827bc4979efb28e0781cbc8ca,True,"[""WAITED""]",18,0,0,False,0,,0
r5-1501102,149,2,7,3,7,aa09b7ce800fe69865b592e0efe5d89c5529e4b827bc4979efb28e0781cbc8ca,False,"[""MOVED_RIGHT""]",18,0,0,False,0,,0
r5-1501102,150,3,7,3,7,aa09b7ce800fe69865b592e0efe5d89c5529e4b827bc4979efb28e0781cbc8ca,False,"[""BOMB_DROPPED""]",18,0,0,False,1,,0
r5-1501102,151,3,7,3,7,aa09b7ce800fe69865b592e0efe5d89c5529e4b827bc4979efb28e0781cbc8ca,True,"[""WAITED""]",17,0,0,False,1,,0
r5-1501102,152,3,7,3,8,aa09b7ce800fe69865b592e0efe5d89c5529e4b827bc4979efb28e0781cbc8ca,True,"[""MOVED_DOWN""]",17,0,0,False,1,,0
r5-1501102,153,3,8,3,9,aa09b7ce800fe69865b592e0efe5d89c5529e4b827bc4979efb28e0781cbc8ca,True,"[""MOVED_DOWN""]",18,0,0,False,0,,0
r5-1501102,154,3,9,4,9,aa09b7ce800fe69865b592e0efe5d89c5529e4b827bc4979efb28e0781cbc8ca,True,"[""MOVED_RIGHT"",""BOMB_EXPLODED"",""CRATE_DESTROYED""]",19,0,0,False,0,,0
r5-1501102,155,4,9,5,9,76f64c19c215c8c4641741f3cb975d94a4cda6b2017577ff89b7e64f5d1107c3,True,"[""MOVED_RIGHT""]",18,0,0,False,0,,0
r5-1501102,156,5,9,5,10,76f64c19c215c8c4641741f3cb975d94a4cda6b2017577ff89b7e64f5d1107c3,False,"[""MOVED_DOWN""]",17,0,0,False,0,,0
r5-1501102,157,5,10,5,9,76f64c19c215c8c4641741f3cb975d94a4cda6b2017577ff89b7e64f5d1107c3,False,"[""MOVED_UP""]",18,0,0,False,0,,0
r5-1501102,158,5,9,5,9,76f64c19c215c8c4641741f3cb975d94a4cda6b2017577ff89b7e64f5d1107c3,False,"[""BOMB_DROPPED""]",17,0,0,False,0,,-0.5
r5-1501102,159,5,9,5,9,76f64c19c215c8c4641741f3cb975d94a4cda6b2017577ff89b7e64f5d1107c3,True,"[""WAITED""]",18,0,0,False,0,,0
r5-1501102,160,5,9,4,9,76f64c19c215c8c4641741f3cb975d94a4cda6b2017577ff89b7e64f5d1107c3,True,"[""MOVED_LEFT""]",17,0,0,False,0,,0
r5-1501102,161,4,9,3,9,76f64c19c215c8c4641741f3cb975d94a4cda6b2017577ff89b7e64f5d1107c3,True,"[""MOVED_LEFT""]",19,0,0,False,0,,0
r5-1501102,162,3,9,3,8,76f64c19c215c8c4641741f3cb975d94a4cda6b2017577ff89b7e64f5d1107c3,True,"[""MOVED_UP"",""BOMB_EXPLODED""]",20,0,0,False,0,,0
r5-1501102,163,3,8,3,7,76f64c19c215c8c4641741f3cb975d94a4cda6b2017577ff89b7e64f5d1107c3,True,"[""MOVED_UP""]",18,0,0,False,0,,0
r5-1501102,164,3,7,3,6,76f64c19c215c8c4641741f3cb975d94a4cda6b2017577ff89b7e64f5d1107c3,False,"[""MOVED_UP""]",18,0,0,False,0,,0
r5-1501102,165,3,6,3,6,76f64c19c215c8c4641741f3cb975d94a4cda6b2017577ff89b7e64f5d1107c3,False,"[""BOMB_DROPPED""]",16,0,0,False,1,,0
r5-1501102,166,3,6,3,6,76f64c19c215c8c4641741f3cb975d94a4cda6b2017577ff89b7e64f5d1107c3,True,"[""WAITED""]",16,0,0,False,1,,0
r5-1501102,167,3,6,3,6,76f64c19c215c8c4641741f3cb975d94a4cda6b2017577ff89b7e64f5d1107c3,True,"[""WAITED""]",16,0,0,False,1,,0
r5-1501102,168,3,6,3,5,76f64c19c215c8c4641741f3cb975d94a4cda6b2017577ff89b7e64f5d1107c3,True,"[""MOVED_UP""]",16,0,0,False,1,,0
r5-1501102,169,3,5,2,5,76f64c19c215c8c4641741f3cb975d94a4cda6b2017577ff89b7e64f5d1107c3,True,"[""MOVED_LEFT"",""BOMB_EXPLODED"",""CRATE_DESTROYED""]",16,0,0,False,3,,0
r5-1501102,170,2,5,1,5,ff8b469ef4505f39f77d7eefac261e0300db415b9d233ef8279b5a8809c33dd1,True,"[""MOVED_LEFT""]",17,0,0,False,1,,0
r5-1501102,171,1,5,2,5,ff8b469ef4505f39f77d7eefac261e0300db415b9d233ef8279b5a8809c33dd1,False,"[""MOVED_RIGHT""]",18,0,0,False,3,,0
r5-1501102,172,2,5,2,5,ff8b469ef4505f39f77d7eefac261e0300db415b9d233ef8279b5a8809c33dd1,False,"[""BOMB_DROPPED""]",16,0,0,False,1,,0
r5-1501102,173,2,5,2,5,ff8b469ef4505f39f77d7eefac261e0300db415b9d233ef8279b5a8809c33dd1,True,"[""WAITED""]",16,0,0,False,1,,0
r5-1501102,174,2,5,2,5,ff8b469ef4505f39f77d7eefac261e0300db415b9d233ef8279b5a8809c33dd1,True,"[""WAITED""]",16,0,0,False,1,,0
r5-1501102,175,2,5,3,5,ff8b469ef4505f39f77d7eefac261e0300db415b9d233ef8279b5a8809c33dd1,True,"[""MOVED_RIGHT""]",16,0,0,False,1,,0
r5-1501102,176,3,5,3,4,ff8b469ef4505f39f77d7eefac261e0300db415b9d233ef8279b5a8809c33dd1,True,"[""MOVED_UP"",""BOMB_EXPLODED"",""CRATE_DESTROYED""]",15,0,0,False,3,,0
r5-1501102,177,3,4,3,3,5bc4731475dd7111b04ae80c24e869df79ac9bdc5663c1e2dec601b7b4fd8e3b,True,"[""MOVED_UP""]",14,0,0,False,2,,0
r5-1501102,178,3,3,3,3,5bc4731475dd7111b04ae80c24e869df79ac9bdc5663c1e2dec601b7b4fd8e3b,False,"[""WAITED""]",13,0,0,False,3,,0
r5-1501102,179,3,3,3,3,5bc4731475dd7111b04ae80c24e869df79ac9bdc5663c1e2dec601b7b4fd8e3b,False,"[""BOMB_DROPPED""]",14,0,0,False,3,,0
r5-1501102,180,3,3,3,3,5bc4731475dd7111b04ae80c24e869df79ac9bdc5663c1e2dec601b7b4fd8e3b,True,"[""WAITED""]",14,0,0,False,3,,0
r5-1501102,181,3,3,3,4,5bc4731475dd7111b04ae80c24e869df79ac9bdc5663c1e2dec601b7b4fd8e3b,True,"[""MOVED_DOWN""]",13,0,0,False,3,,0
r5-1501102,182,3,4,3,5,5bc4731475dd7111b04ae80c24e869df79ac9bdc5663c1e2dec601b7b4fd8e3b,True,"[""MOVED_DOWN""]",14,0,0,False,2,,0
r5-1501102,183,3,5,2,5,5bc4731475dd7111b04ae80c24e869df79ac9bdc5663c1e2dec601b7b4fd8e3b,True,"[""MOVED_LEFT"",""BOMB_EXPLODED"",""CRATE_DESTROYED"",""CRATE_DESTROYED"",""CRATE_DESTROYED"",""CRATE_DESTROYED"",""CRATE_DESTROYED"",""CRATE_DESTROYED"",""CRATE_DESTROYED""]",15,0,0,False,2,,0
r5-1501102,184,2,5,2,5,f6813e4ec13c1e9554c50f01dd8c0ac0ec666702346fb0f64f8a7590298c1d13,True,"[""WAITED""]",17,0,0,False,0,,0
r5-1501102,185,2,5,3,5,f6813e4ec13c1e9554c50f01dd8c0ac0ec666702346fb0f64f8a7590298c1d13,False,"[""MOVED_RIGHT""]",16,0,0,False,0,,0
r5-1501102,186,3,5,3,5,f6813e4ec13c1e9554c50f01dd8c0ac0ec666702346fb0f64f8a7590298c1d13,False,"[""BOMB_DROPPED""]",15,0,0,False,1,,0
r5-1501102,187,3,5,3,5,f6813e4ec13c1e9554c50f01dd8c0ac0ec666702346fb0f64f8a7590298c1d13,True,"[""WAITED""]",15,0,0,False,1,,0
r5-1501102,188,3,5,3,6,f6813e4ec13c1e9554c50f01dd8c0ac0ec666702346fb0f64f8a7590298c1d13,True,"[""MOVED_DOWN""]",15,0,0,False,1,,0
r5-1501102,189,3,6,3,7,f6813e4ec13c1e9554c50f01dd8c0ac0ec666702346fb0f64f8a7590298c1d13,True,"[""MOVED_DOWN""]",16,0,0,False,0,,0
r5-1501102,190,3,7,2,7,f6813e4ec13c1e9554c50f01dd8c0ac0ec666702346fb0f64f8a7590298c1d13,True,"[""MOVED_LEFT"",""BOMB_EXPLODED"",""CRATE_DESTROYED""]",18,0,0,False,0,,0
r5-1501102,191,2,7,1,7,36f37d7c3d19e234380dbcb1be4e7564bfc1e16da88d54feab30535de81983fc,True,"[""MOVED_LEFT""]",19,0,0,False,0,,0
r5-1501102,192,1,7,1,7,36f37d7c3d19e234380dbcb1be4e7564bfc1e16da88d54feab30535de81983fc,False,"[""WAITED""]",19,0,0,False,1,,0
r5-1501102,193,1,7,1,7,36f37d7c3d19e234380dbcb1be4e7564bfc1e16da88d54feab30535de81983fc,False,"[""BOMB_DROPPED""]",20,0,0,False,1,,0
r5-1501102,194,1,7,1,8,36f37d7c3d19e234380dbcb1be4e7564bfc1e16da88d54feab30535de81983fc,True,"[""MOVED_DOWN""]",19,0,0,False,1,,0
r5-1501102,195,1,8,1,8,36f37d7c3d19e234380dbcb1be4e7564bfc1e16da88d54feab30535de81983fc,True,"[""WAITED""]",20,0,0,False,0,,0
r5-1501102,196,1,8,1,9,36f37d7c3d19e234380dbcb1be4e7564bfc1e16da88d54feab30535de81983fc,True,"[""MOVED_DOWN""]",20,0,0,False,0,,0
r5-1501102,197,1,9,2,9,36f37d7c3d19e234380dbcb1be4e7564bfc1e16da88d54feab30535de81983fc,True,"[""MOVED_RIGHT"",""BOMB_EXPLODED"",""CRATE_DESTROYED""]",21,0,0,False,0,,0
r5-1501102,198,2,9,3,9,b3b4a8d75e1e899a15cb4fdf82b1285c9b22075bb4db710e6c71576f312eb209,True,"[""MOVED_RIGHT""]",20,0,0,False,0,,0
r5-1501102,199,3,9,3,10,b3b4a8d75e1e899a15cb4fdf82b1285c9b22075bb4db710e6c71576f312eb209,False,"[""MOVED_DOWN""]",20,0,0,False,0,,0
r5-1501102,200,3,10,3,9,b3b4a8d75e1e899a15cb4fdf82b1285c9b22075bb4db710e6c71576f312eb209,False,"[""MOVED_UP""]",21,0,0,False,0,,0
r5-1501102,201,3,9,3,9,b3b4a8d75e1e899a15cb4fdf82b1285c9b22075bb4db710e6c71576f312eb209,False,"[""BOMB_DROPPED""]",19,0,0,False,0,,-0.5
r5-1501102,202,3,9,3,9,b3b4a8d75e1e899a15cb4fdf82b1285c9b22075bb4db710e6c71576f312eb209,True,"[""WAITED""]",20,0,0,False,0,,0
r5-1501102,203,3,9,3,8,b3b4a8d75e1e899a15cb4fdf82b1285c9b22075bb4db710e6c71576f312eb209,True,"[""MOVED_UP""]",19,0,0,False,0,,0
r5-1501102,204,3,8,3,7,b3b4a8d75e1e899a15cb4fdf82b1285c9b22075bb4db710e6c71576f312eb209,True,"[""MOVED_UP""]",18,0,0,False,0,,0
r5-1501102,205,3,7,2,7,b3b4a8d75e1e899a15cb4fdf82b1285c9b22075bb4db710e6c71576f312eb209,True,"[""MOVED_LEFT"",""BOMB_EXPLODED""]",17,0,0,False,0,,0
r5-1501102,206,2,7,1,7,b3b4a8d75e1e899a15cb4fdf82b1285c9b22075bb4db710e6c71576f312eb209,True,"[""MOVED_LEFT""]",18,0,0,False,0,,0
r5-1501102,207,1,7,1,6,b3b4a8d75e1e899a15cb4fdf82b1285c9b22075bb4db710e6c71576f312eb209,False,"[""MOVED_UP""]",19,0,0,False,0,,0
r5-1501102,208,1,6,1,5,b3b4a8d75e1e899a15cb4fdf82b1285c9b22075bb4db710e6c71576f312eb209,False,"[""MOVED_UP""]",18,0,0,False,0,,0
r5-1501102,209,1,5,1,5,b3b4a8d75e1e899a15cb4fdf82b1285c9b22075bb4db710e6c71576f312eb209,False,"[""BOMB_DROPPED""]",17,0,0,False,0,,-0.5
r5-1501102,210,1,5,1,6,b3b4a8d75e1e899a15cb4fdf82b1285c9b22075bb4db710e6c71576f312eb209,True,"[""MOVED_DOWN""]",18,0,0,False,0,,0
r5-1501102,211,1,6,1,6,b3b4a8d75e1e899a15cb4fdf82b1285c9b22075bb4db710e6c71576f312eb209,True,"[""WAITED""]",19,0,0,False,0,,0
r5-1501102,212,1,6,1,7,b3b4a8d75e1e899a15cb4fdf82b1285c9b22075bb4db710e6c71576f312eb209,True,"[""MOVED_DOWN""]",19,0,0,False,0,,0
r5-1501102,213,1,7,2,7,b3b4a8d75e1e899a15cb4fdf82b1285c9b22075bb4db710e6c71576f312eb209,True,"[""MOVED_RIGHT"",""BOMB_EXPLODED""]",19,0,0,False,0,,0
r5-1501102,214,2,7,3,7,b3b4a8d75e1e899a15cb4fdf82b1285c9b22075bb4db710e6c71576f312eb209,True,"[""MOVED_RIGHT""]",19,0,0,False,0,,0
r5-1501102,215,3,7,3,6,b3b4a8d75e1e899a15cb4fdf82b1285c9b22075bb4db710e6c71576f312eb209,False,"[""MOVED_UP""]",18,0,0,False,0,,0
r5-1501102,216,3,6,3,5,b3b4a8d75e1e899a15cb4fdf82b1285c9b22075bb4db710e6c71576f312eb209,False,"[""MOVED_UP""]",17,0,0,False,0,,0
r5-1501102,217,3,5,3,5,b3b4a8d75e1e899a15cb4fdf82b1285c9b22075bb4db710e6c71576f312eb209,False,"[""BOMB_DROPPED""]",15,0,0,False,0,,-0.5
r5-1501102,218,3,5,3,5,b3b4a8d75e1e899a15cb4fdf82b1285c9b22075bb4db710e6c71576f312eb209,True,"[""WAITED""]",15,0,0,False,0,,0
r5-1501102,219,3,5,2,5,b3b4a8d75e1e899a15cb4fdf82b1285c9b22075bb4db710e6c71576f312eb209,True,"[""MOVED_LEFT""]",15,0,0,False,0,,0
r5-1501102,220,2,5,1,5,b3b4a8d75e1e899a15cb4fdf82b1285c9b22075bb4db710e6c71576f312eb209,True,"[""MOVED_LEFT""]",16,0,0,False,0,,0
r5-1501102,221,1,5,1,6,b3b4a8d75e1e899a15cb4fdf82b1285c9b22075bb4db710e6c71576f312eb209,True,"[""MOVED_DOWN"",""BOMB_EXPLODED""]",17,0,0,False,0,,0
r5-1501102,222,1,6,1,7,b3b4a8d75e1e899a15cb4fdf82b1285c9b22075bb4db710e6c71576f312eb209,True,"[""MOVED_DOWN""]",19,0,0,False,0,,0
r5-1501102,223,1,7,1,6,b3b4a8d75e1e899a15cb4fdf82b1285c9b22075bb4db710e6c71576f312eb209,False,"[""MOVED_UP""]",20,0,0,False,0,,0
r5-1501102,224,1,6,1,5,b3b4a8d75e1e899a15cb4fdf82b1285c9b22075bb4db710e6c71576f312eb209,False,"[""MOVED_UP""]",19,0,0,False,0,,0
r5-1501102,225,1,5,1,5,b3b4a8d75e1e899a15cb4fdf82b1285c9b22075bb4db710e6c71576f312eb209,False,"[""BOMB_DROPPED""]",18,0,0,False,0,,-0.5
r5-1501102,226,1,5,1,6,b3b4a8d75e1e899a15cb4fdf82b1285c9b22075bb4db710e6c71576f312eb209,True,"[""MOVED_DOWN""]",18,0,0,False,0,,0
r5-1501102,227,1,6,1,6,b3b4a8d75e1e899a15cb4fdf82b1285c9b22075bb4db710e6c71576f312eb209,True,"[""WAITED""]",19,0,0,False,0,,0
r5-1501102,228,1,6,1,7,b3b4a8d75e1e899a15cb4fdf82b1285c9b22075bb4db710e6c71576f312eb209,True,"[""MOVED_DOWN""]",18,0,0,False,0,,0
r5-1501102,229,1,7,2,7,b3b4a8d75e1e899a15cb4fdf82b1285c9b22075bb4db710e6c71576f312eb209,True,"[""MOVED_RIGHT"",""BOMB_EXPLODED""]",20,0,0,False,0,,0
r5-1501102,230,2,7,3,7,b3b4a8d75e1e899a15cb4fdf82b1285c9b22075bb4db710e6c71576f312eb209,True,"[""MOVED_RIGHT""]",18,0,0,False,0,,0
r5-1501102,231,3,7,3,6,b3b4a8d75e1e899a15cb4fdf82b1285c9b22075bb4db710e6c71576f312eb209,False,"[""MOVED_UP""]",17,0,0,False,0,,0
r5-1501102,232,3,6,3,5,b3b4a8d75e1e899a15cb4fdf82b1285c9b22075bb4db710e6c71576f312eb209,False,"[""MOVED_UP""]",16,0,0,False,0,,0
r5-1501102,233,3,5,3,5,b3b4a8d75e1e899a15cb4fdf82b1285c9b22075bb4db710e6c71576f312eb209,False,"[""BOMB_DROPPED""]",15,0,0,False,0,,-0.5
r5-1501102,234,3,5,3,5,b3b4a8d75e1e899a15cb4fdf82b1285c9b22075bb4db710e6c71576f312eb209,True,"[""WAITED""]",16,0,0,False,0,,0
r5-1501102,235,3,5,2,5,b3b4a8d75e1e899a15cb4fdf82b1285c9b22075bb4db710e6c71576f312eb209,True,"[""MOVED_LEFT""]",16,0,0,False,0,,0
r5-1501102,236,2,5,1,5,b3b4a8d75e1e899a15cb4fdf82b1285c9b22075bb4db710e6c71576f312eb209,True,"[""MOVED_LEFT""]",16,0,0,False,0,,0
r5-1501102,237,1,5,1,6,b3b4a8d75e1e899a15cb4fdf82b1285c9b22075bb4db710e6c71576f312eb209,True,"[""MOVED_DOWN"",""BOMB_EXPLODED""]",18,0,0,False,0,,0
r5-1501102,238,1,6,1,7,b3b4a8d75e1e899a15cb4fdf82b1285c9b22075bb4db710e6c71576f312eb209,True,"[""MOVED_DOWN""]",18,0,0,False,0,,0
r5-1501102,239,1,7,1,6,b3b4a8d75e1e899a15cb4fdf82b1285c9b22075bb4db710e6c71576f312eb209,False,"[""MOVED_UP""]",19,0,0,False,0,,0
r5-1501102,240,1,6,1,5,b3b4a8d75e1e899a15cb4fdf82b1285c9b22075bb4db710e6c71576f312eb209,False,"[""MOVED_UP""]",18,0,0,False,0,,0
r5-1501102,241,1,5,1,5,b3b4a8d75e1e899a15cb4fdf82b1285c9b22075bb4db710e6c71576f312eb209,False,"[""BOMB_DROPPED""]",17,0,0,False,0,,-0.5
r5-1501102,242,1,5,1,6,b3b4a8d75e1e899a15cb4fdf82b1285c9b22075bb4db710e6c71576f312eb209,True,"[""MOVED_DOWN""]",17,0,0,False,0,,0
r5-1501102,243,1,6,1,6,b3b4a8d75e1e899a15cb4fdf82b1285c9b22075bb4db710e6c71576f312eb209,True,"[""WAITED""]",18,0,0,False,0,,0
r5-1501102,244,1,6,1,7,b3b4a8d75e1e899a15cb4fdf82b1285c9b22075bb4db710e6c71576f312eb209,True,"[""MOVED_DOWN""]",18,0,0,False,0,,0
r5-1501102,245,1,7,2,7,b3b4a8d75e1e899a15cb4fdf82b1285c9b22075bb4db710e6c71576f312eb209,True,"[""MOVED_RIGHT"",""BOMB_EXPLODED""]",20,0,0,False,0,,0
r5-1501102,246,2,7,3,7,b3b4a8d75e1e899a15cb4fdf82b1285c9b22075bb4db710e6c71576f312eb209,True,"[""MOVED_RIGHT""]",19,0,0,False,0,,0
r5-1501102,247,3,7,3,6,b3b4a8d75e1e899a15cb4fdf82b1285c9b22075bb4db710e6c71576f312eb209,False,"[""MOVED_UP""]",18,0,0,False,0,,0
r5-1501102,248,3,6,3,5,b3b4a8d75e1e899a15cb4fdf82b1285c9b22075bb4db710e6c71576f312eb209,False,"[""MOVED_UP""]",16,0,0,False,0,,0
r5-1501102,249,3,5,3,5,b3b4a8d75e1e899a15cb4fdf82b1285c9b22075bb4db710e6c71576f312eb209,False,"[""BOMB_DROPPED""]",15,0,0,False,0,,-0.5
r5-1501102,250,3,5,3,5,b3b4a8d75e1e899a15cb4fdf82b1285c9b22075bb4db710e6c71576f312eb209,True,"[""WAITED""]",15,0,0,False,0,,0
r5-1501102,251,3,5,2,5,b3b4a8d75e1e899a15cb4fdf82b1285c9b22075bb4db710e6c71576f312eb209,True,"[""MOVED_LEFT""]",15,0,0,False,0,,0
r5-1501102,252,2,5,1,5,b3b4a8d75e1e899a15cb4fdf82b1285c9b22075bb4db710e6c71576f312eb209,True,"[""MOVED_LEFT""]",17,0,0,False,0,,0
r5-1501102,253,1,5,1,6,b3b4a8d75e1e899a15cb4fdf82b1285c9b22075bb4db710e6c71576f312eb209,True,"[""MOVED_DOWN"",""BOMB_EXPLODED""]",18,0,0,False,0,,0
r5-1501102,254,1,6,1,7,b3b4a8d75e1e899a15cb4fdf82b1285c9b22075bb4db710e6c71576f312eb209,True,"[""MOVED_DOWN""]",18,0,0,False,0,,0
r5-1501102,255,1,7,1,6,b3b4a8d75e1e899a15cb4fdf82b1285c9b22075bb4db710e6c71576f312eb209,False,"[""MOVED_UP""]",20,0,0,False,0,,0
r5-1501102,256,1,6,1,5,b3b4a8d75e1e899a15cb4fdf82b1285c9b22075bb4db710e6c71576f312eb209,False,"[""MOVED_UP""]",18,0,0,False,0,,0
r5-1501102,257,1,5,1,5,b3b4a8d75e1e899a15cb4fdf82b1285c9b22075bb4db710e6c71576f312eb209,False,"[""BOMB_DROPPED""]",18,0,0,False,0,,-0.5
r5-1501102,258,1,5,1,6,b3b4a8d75e1e899a15cb4fdf82b1285c9b22075bb4db710e6c71576f312eb209,True,"[""MOVED_DOWN""]",17,0,0,False,0,,0
r5-1501102,259,1,6,1,6,b3b4a8d75e1e899a15cb4fdf82b1285c9b22075bb4db710e6c71576f312eb209,True,"[""WAITED""]",18,0,0,False,0,,0
r5-1501102,260,1,6,1,7,b3b4a8d75e1e899a15cb4fdf82b1285c9b22075bb4db710e6c71576f312eb209,True,"[""MOVED_DOWN""]",18,0,0,False,0,,0
r5-1501102,261,1,7,2,7,b3b4a8d75e1e899a15cb4fdf82b1285c9b22075bb4db710e6c71576f312eb209,True,"[""MOVED_RIGHT"",""BOMB_EXPLODED""]",19,0,0,False,0,,0
r5-1501102,262,2,7,3,7,b3b4a8d75e1e899a15cb4fdf82b1285c9b22075bb4db710e6c71576f312eb209,True,"[""MOVED_RIGHT""]",18,0,0,False,0,,0
r5-1501102,263,3,7,3,6,b3b4a8d75e1e899a15cb4fdf82b1285c9b22075bb4db710e6c71576f312eb209,False,"[""MOVED_UP""]",17,0,0,False,0,,0
r5-1501102,264,3,6,3,5,b3b4a8d75e1e899a15cb4fdf82b1285c9b22075bb4db710e6c71576f312eb209,False,"[""MOVED_UP""]",16,0,0,False,0,,0
r5-1501102,265,3,5,3,5,b3b4a8d75e1e899a15cb4fdf82b1285c9b22075bb4db710e6c71576f312eb209,False,"[""BOMB_DROPPED""]",16,0,0,False,0,,-0.5
r5-1501102,266,3,5,3,5,b3b4a8d75e1e899a15cb4fdf82b1285c9b22075bb4db710e6c71576f312eb209,True,"[""WAITED""]",16,0,0,False,0,,0
r5-1501102,267,3,5,2,5,b3b4a8d75e1e899a15cb4fdf82b1285c9b22075bb4db710e6c71576f312eb209,True,"[""MOVED_LEFT""]",16,0,0,False,0,,0
r5-1501102,268,2,5,1,5,b3b4a8d75e1e899a15cb4fdf82b1285c9b22075bb4db710e6c71576f312eb209,True,"[""MOVED_LEFT""]",16,0,0,False,0,,0
r5-1501102,269,1,5,1,6,b3b4a8d75e1e899a15cb4fdf82b1285c9b22075bb4db710e6c71576f312eb209,True,"[""MOVED_DOWN"",""BOMB_EXPLODED""]",17,0,0,False,0,,0
r5-1501102,270,1,6,1,7,b3b4a8d75e1e899a15cb4fdf82b1285c9b22075bb4db710e6c71576f312eb209,True,"[""MOVED_DOWN""]",18,0,0,False,0,,0
r5-1501102,271,1,7,1,6,b3b4a8d75e1e899a15cb4fdf82b1285c9b22075bb4db710e6c71576f312eb209,False,"[""MOVED_UP""]",20,0,0,False,0,,0
r5-1501102,272,1,6,1,5,b3b4a8d75e1e899a15cb4fdf82b1285c9b22075bb4db710e6c71576f312eb209,False,"[""MOVED_UP""]",18,0,0,False,0,,0
r5-1501102,273,1,5,1,5,b3b4a8d75e1e899a15cb4fdf82b1285c9b22075bb4db710e6c71576f312eb209,False,"[""BOMB_DROPPED""]",17,0,0,False,0,,-0.5
r5-1501102,274,1,5,1,6,b3b4a8d75e1e899a15cb4fdf82b1285c9b22075bb4db710e6c71576f312eb209,True,"[""MOVED_DOWN""]",17,0,0,False,0,,0
r5-1501102,275,1,6,1,6,b3b4a8d75e1e899a15cb4fdf82b1285c9b22075bb4db710e6c71576f312eb209,True,"[""WAITED""]",18,0,0,False,0,,0
r5-1501102,276,1,6,1,7,b3b4a8d75e1e899a15cb4fdf82b1285c9b22075bb4db710e6c71576f312eb209,True,"[""MOVED_DOWN""]",18,0,0,False,0,,0
r5-1501102,277,1,7,2,7,b3b4a8d75e1e899a15cb4fdf82b1285c9b22075bb4db710e6c71576f312eb209,True,"[""MOVED_RIGHT"",""BOMB_EXPLODED""]",19,0,0,False,0,,0
r5-1501102,278,2,7,3,7,b3b4a8d75e1e899a15cb4fdf82b1285c9b22075bb4db710e6c71576f312eb209,True,"[""MOVED_RIGHT""]",18,0,0,False,0,,0
r5-1501102,279,3,7,3,6,b3b4a8d75e1e899a15cb4fdf82b1285c9b22075bb4db710e6c71576f312eb209,False,"[""MOVED_UP""]",17,0,0,False,0,,0
r5-1501102,280,3,6,3,5,b3b4a8d75e1e899a15cb4fdf82b1285c9b22075bb4db710e6c71576f312eb209,False,"[""MOVED_UP""]",16,0,0,False,0,,0
r5-1501102,281,3,5,3,5,b3b4a8d75e1e899a15cb4fdf82b1285c9b22075bb4db710e6c71576f312eb209,False,"[""BOMB_DROPPED""]",15,0,0,False,0,,-0.5
r5-1501102,282,3,5,3,5,b3b4a8d75e1e899a15cb4fdf82b1285c9b22075bb4db710e6c71576f312eb209,True,"[""WAITED""]",15,0,0,False,0,,0
r5-1501102,283,3,5,2,5,b3b4a8d75e1e899a15cb4fdf82b1285c9b22075bb4db710e6c71576f312eb209,True,"[""MOVED_LEFT""]",15,0,0,False,0,,0
r5-1501102,284,2,5,1,5,b3b4a8d75e1e899a15cb4fdf82b1285c9b22075bb4db710e6c71576f312eb209,True,"[""MOVED_LEFT""]",16,0,0,False,0,,0
r5-1501102,285,1,5,1,6,b3b4a8d75e1e899a15cb4fdf82b1285c9b22075bb4db710e6c71576f312eb209,True,"[""MOVED_DOWN"",""BOMB_EXPLODED""]",18,0,0,False,0,,0
r5-1501102,286,1,6,1,7,b3b4a8d75e1e899a15cb4fdf82b1285c9b22075bb4db710e6c71576f312eb209,True,"[""MOVED_DOWN""]",18,0,0,False,0,,0
r5-1501102,287,1,7,1,6,b3b4a8d75e1e899a15cb4fdf82b1285c9b22075bb4db710e6c71576f312eb209,False,"[""MOVED_UP""]",20,0,0,False,0,,0
r5-1501102,288,1,6,1,5,b3b4a8d75e1e899a15cb4fdf82b1285c9b22075bb4db710e6c71576f312eb209,False,"[""MOVED_UP""]",19,0,0,False,0,,0
r5-1501102,289,1,5,1,5,b3b4a8d75e1e899a15cb4fdf82b1285c9b22075bb4db710e6c71576f312eb209,False,"[""BOMB_DROPPED""]",17,0,0,False,0,,-0.5
r5-1501102,290,1,5,1,6,b3b4a8d75e1e899a15cb4fdf82b1285c9b22075bb4db710e6c71576f312eb209,True,"[""MOVED_DOWN""]",17,0,0,False,0,,0
r5-1501102,291,1,6,1,6,b3b4a8d75e1e899a15cb4fdf82b1285c9b22075bb4db710e6c71576f312eb209,True,"[""WAITED""]",19,0,0,False,0,,0
r5-1501102,292,1,6,1,7,b3b4a8d75e1e899a15cb4fdf82b1285c9b22075bb4db710e6c71576f312eb209,True,"[""MOVED_DOWN""]",19,0,0,False,0,,0
r5-1501102,293,1,7,2,7,b3b4a8d75e1e899a15cb4fdf82b1285c9b22075bb4db710e6c71576f312eb209,True,"[""MOVED_RIGHT"",""BOMB_EXPLODED""]",19,0,0,False,0,,0
r5-1501102,294,2,7,3,7,b3b4a8d75e1e899a15cb4fdf82b1285c9b22075bb4db710e6c71576f312eb209,True,"[""MOVED_RIGHT""]",19,0,0,False,0,,0
r5-1501102,295,3,7,3,6,b3b4a8d75e1e899a15cb4fdf82b1285c9b22075bb4db710e6c71576f312eb209,False,"[""MOVED_UP""]",18,0,0,False,0,,0
r5-1501102,296,3,6,3,5,b3b4a8d75e1e899a15cb4fdf82b1285c9b22075bb4db710e6c71576f312eb209,False,"[""MOVED_UP""]",17,0,0,False,0,,0
r5-1501102,297,3,5,3,5,b3b4a8d75e1e899a15cb4fdf82b1285c9b22075bb4db710e6c71576f312eb209,False,"[""BOMB_DROPPED""]",16,0,0,False,0,,-0.5
r5-1501102,298,3,5,3,5,b3b4a8d75e1e899a15cb4fdf82b1285c9b22075bb4db710e6c71576f312eb209,True,"[""WAITED""]",16,0,0,False,0,,0
r5-1501102,299,3,5,2,5,b3b4a8d75e1e899a15cb4fdf82b1285c9b22075bb4db710e6c71576f312eb209,True,"[""MOVED_LEFT""]",16,0,0,False,0,,0
r5-1501102,300,2,5,1,5,b3b4a8d75e1e899a15cb4fdf82b1285c9b22075bb4db710e6c71576f312eb209,True,"[""MOVED_LEFT""]",17,0,0,False,0,,0
r5-1501102,301,1,5,1,6,b3b4a8d75e1e899a15cb4fdf82b1285c9b22075bb4db710e6c71576f312eb209,True,"[""MOVED_DOWN"",""BOMB_EXPLODED""]",17,0,0,False,0,,0
r5-1501102,302,1,6,1,7,b3b4a8d75e1e899a15cb4fdf82b1285c9b22075bb4db710e6c71576f312eb209,True,"[""MOVED_DOWN""]",18,0,0,False,0,,0
r5-1501102,303,1,7,1,6,b3b4a8d75e1e899a15cb4fdf82b1285c9b22075bb4db710e6c71576f312eb209,False,"[""MOVED_UP""]",19,0,0,False,0,,0
r5-1501102,304,1,6,1,5,b3b4a8d75e1e899a15cb4fdf82b1285c9b22075bb4db710e6c71576f312eb209,False,"[""MOVED_UP""]",18,0,0,False,0,,0
r5-1501102,305,1,5,1,5,b3b4a8d75e1e899a15cb4fdf82b1285c9b22075bb4db710e6c71576f312eb209,False,"[""BOMB_DROPPED""]",18,0,0,False,0,,-0.5
r5-1501102,306,1,5,1,6,b3b4a8d75e1e899a15cb4fdf82b1285c9b22075bb4db710e6c71576f312eb209,True,"[""MOVED_DOWN""]",18,0,0,False,0,,0
r5-1501102,307,1,6,1,6,b3b4a8d75e1e899a15cb4fdf82b1285c9b22075bb4db710e6c71576f312eb209,True,"[""WAITED""]",19,0,0,False,0,,0
r5-1501102,308,1,6,1,7,b3b4a8d75e1e899a15cb4fdf82b1285c9b22075bb4db710e6c71576f312eb209,True,"[""MOVED_DOWN""]",18,0,0,False,0,,0
r5-1501102,309,1,7,2,7,b3b4a8d75e1e899a15cb4fdf82b1285c9b22075bb4db710e6c71576f312eb209,True,"[""MOVED_RIGHT"",""BOMB_EXPLODED""]",19,0,0,False,0,,0
r5-1501102,310,2,7,3,7,b3b4a8d75e1e899a15cb4fdf82b1285c9b22075bb4db710e6c71576f312eb209,True,"[""MOVED_RIGHT""]",18,0,0,False,0,,0
r5-1501102,311,3,7,3,6,b3b4a8d75e1e899a15cb4fdf82b1285c9b22075bb4db710e6c71576f312eb209,False,"[""MOVED_UP""]",17,0,0,False,0,,0
r5-1501102,312,3,6,3,5,b3b4a8d75e1e899a15cb4fdf82b1285c9b22075bb4db710e6c71576f312eb209,False,"[""MOVED_UP""]",16,0,0,False,0,,0
r5-1501102,313,3,5,3,5,b3b4a8d75e1e899a15cb4fdf82b1285c9b22075bb4db710e6c71576f312eb209,False,"[""BOMB_DROPPED""]",15,0,0,False,0,,-0.5
r5-1501102,314,3,5,3,5,b3b4a8d75e1e899a15cb4fdf82b1285c9b22075bb4db710e6c71576f312eb209,True,"[""WAITED""]",16,0,0,False,0,,0
r5-1501102,315,3,5,2,5,b3b4a8d75e1e899a15cb4fdf82b1285c9b22075bb4db710e6c71576f312eb209,True,"[""MOVED_LEFT""]",15,0,0,False,0,,0
r5-1501102,316,2,5,1,5,b3b4a8d75e1e899a15cb4fdf82b1285c9b22075bb4db710e6c71576f312eb209,True,"[""MOVED_LEFT""]",16,0,0,False,0,,0
r5-1501102,317,1,5,1,6,b3b4a8d75e1e899a15cb4fdf82b1285c9b22075bb4db710e6c71576f312eb209,True,"[""MOVED_DOWN"",""BOMB_EXPLODED""]",17,0,0,False,0,,0
r5-1501102,318,1,6,1,7,b3b4a8d75e1e899a15cb4fdf82b1285c9b22075bb4db710e6c71576f312eb209,True,"[""MOVED_DOWN""]",19,0,0,False,0,,0
r5-1501102,319,1,7,1,6,b3b4a8d75e1e899a15cb4fdf82b1285c9b22075bb4db710e6c71576f312eb209,False,"[""MOVED_UP""]",20,0,0,False,0,,0
r5-1501102,320,1,6,1,5,b3b4a8d75e1e899a15cb4fdf82b1285c9b22075bb4db710e6c71576f312eb209,False,"[""MOVED_UP""]",18,0,0,False,0,,0
r5-1501102,321,1,5,1,5,b3b4a8d75e1e899a15cb4fdf82b1285c9b22075bb4db710e6c71576f312eb209,False,"[""BOMB_DROPPED""]",17,0,0,False,0,,-0.5
r5-1501102,322,1,5,1,6,b3b4a8d75e1e899a15cb4fdf82b1285c9b22075bb4db710e6c71576f312eb209,True,"[""MOVED_DOWN""]",17,0,0,False,0,,0
r5-1501102,323,1,6,1,6,b3b4a8d75e1e899a15cb4fdf82b1285c9b22075bb4db710e6c71576f312eb209,True,"[""WAITED""]",18,0,0,False,0,,0
r5-1501102,324,1,6,1,7,b3b4a8d75e1e899a15cb4fdf82b1285c9b22075bb4db710e6c71576f312eb209,True,"[""MOVED_DOWN""]",18,0,0,False,0,,0
r5-1501102,325,1,7,2,7,b3b4a8d75e1e899a15cb4fdf82b1285c9b22075bb4db710e6c71576f312eb209,True,"[""MOVED_RIGHT"",""BOMB_EXPLODED""]",19,0,0,False,0,,0
r5-1501102,326,2,7,3,7,b3b4a8d75e1e899a15cb4fdf82b1285c9b22075bb4db710e6c71576f312eb209,True,"[""MOVED_RIGHT""]",18,0,0,False,0,,0
r5-1501102,327,3,7,3,6,b3b4a8d75e1e899a15cb4fdf82b1285c9b22075bb4db710e6c71576f312eb209,False,"[""MOVED_UP""]",18,0,0,False,0,,0
r5-1501102,328,3,6,3,5,b3b4a8d75e1e899a15cb4fdf82b1285c9b22075bb4db710e6c71576f312eb209,False,"[""MOVED_UP""]",16,0,0,False,0,,0
r5-1501102,329,3,5,3,5,b3b4a8d75e1e899a15cb4fdf82b1285c9b22075bb4db710e6c71576f312eb209,False,"[""BOMB_DROPPED""]",15,0,0,False,0,,-0.5
r5-1501102,330,3,5,3,5,b3b4a8d75e1e899a15cb4fdf82b1285c9b22075bb4db710e6c71576f312eb209,True,"[""WAITED""]",15,0,0,False,0,,0
r5-1501102,331,3,5,2,5,b3b4a8d75e1e899a15cb4fdf82b1285c9b22075bb4db710e6c71576f312eb209,True,"[""MOVED_LEFT""]",15,0,0,False,0,,0
r5-1501102,332,2,5,1,5,b3b4a8d75e1e899a15cb4fdf82b1285c9b22075bb4db710e6c71576f312eb209,True,"[""MOVED_LEFT""]",16,0,0,False,0,,0
r5-1501102,333,1,5,1,6,b3b4a8d75e1e899a15cb4fdf82b1285c9b22075bb4db710e6c71576f312eb209,True,"[""MOVED_DOWN"",""BOMB_EXPLODED""]",17,0,0,False,0,,0
r5-1501102,334,1,6,1,7,b3b4a8d75e1e899a15cb4fdf82b1285c9b22075bb4db710e6c71576f312eb209,True,"[""MOVED_DOWN""]",18,0,0,False,0,,0
r5-1501102,335,1,7,1,6,b3b4a8d75e1e899a15cb4fdf82b1285c9b22075bb4db710e6c71576f312eb209,False,"[""MOVED_UP""]",19,0,0,False,0,,0
r5-1501102,336,1,6,1,5,b3b4a8d75e1e899a15cb4fdf82b1285c9b22075bb4db710e6c71576f312eb209,False,"[""MOVED_UP""]",18,0,0,False,0,,0
r5-1501102,337,1,5,1,5,b3b4a8d75e1e899a15cb4fdf82b1285c9b22075bb4db710e6c71576f312eb209,False,"[""BOMB_DROPPED""]",17,0,0,False,0,,-0.5
r5-1501102,338,1,5,1,6,b3b4a8d75e1e899a15cb4fdf82b1285c9b22075bb4db710e6c71576f312eb209,True,"[""MOVED_DOWN""]",17,0,0,False,0,,0
r5-1501102,339,1,6,1,6,b3b4a8d75e1e899a15cb4fdf82b1285c9b22075bb4db710e6c71576f312eb209,True,"[""WAITED""]",19,0,0,False,0,,0
r5-1501102,340,1,6,1,7,b3b4a8d75e1e899a15cb4fdf82b1285c9b22075bb4db710e6c71576f312eb209,True,"[""MOVED_DOWN""]",18,0,0,False,0,,0
r5-1501102,341,1,7,2,7,b3b4a8d75e1e899a15cb4fdf82b1285c9b22075bb4db710e6c71576f312eb209,True,"[""MOVED_RIGHT"",""BOMB_EXPLODED""]",19,0,0,False,0,,0
r5-1501102,342,2,7,3,7,b3b4a8d75e1e899a15cb4fdf82b1285c9b22075bb4db710e6c71576f312eb209,True,"[""MOVED_RIGHT""]",18,0,0,False,0,,0
r5-1501102,343,3,7,3,6,b3b4a8d75e1e899a15cb4fdf82b1285c9b22075bb4db710e6c71576f312eb209,False,"[""MOVED_UP""]",17,0,0,False,0,,0
r5-1501102,344,3,6,3,5,b3b4a8d75e1e899a15cb4fdf82b1285c9b22075bb4db710e6c71576f312eb209,False,"[""MOVED_UP""]",17,0,0,False,0,,0
r5-1501102,345,3,5,3,5,b3b4a8d75e1e899a15cb4fdf82b1285c9b22075bb4db710e6c71576f312eb209,False,"[""BOMB_DROPPED""]",15,0,0,False,0,,-0.5
r5-1501102,346,3,5,3,5,b3b4a8d75e1e899a15cb4fdf82b1285c9b22075bb4db710e6c71576f312eb209,True,"[""WAITED""]",15,0,0,False,0,,0
r5-1501102,347,3,5,2,5,b3b4a8d75e1e899a15cb4fdf82b1285c9b22075bb4db710e6c71576f312eb209,True,"[""MOVED_LEFT""]",15,0,0,False,0,,0
r5-1501102,348,2,5,1,5,b3b4a8d75e1e899a15cb4fdf82b1285c9b22075bb4db710e6c71576f312eb209,True,"[""MOVED_LEFT""]",16,0,0,False,0,,0
r5-1501102,349,1,5,1,6,b3b4a8d75e1e899a15cb4fdf82b1285c9b22075bb4db710e6c71576f312eb209,True,"[""MOVED_DOWN"",""BOMB_EXPLODED""]",17,0,0,False,0,,0
r5-1501102,350,1,6,1,7,b3b4a8d75e1e899a15cb4fdf82b1285c9b22075bb4db710e6c71576f312eb209,True,"[""MOVED_DOWN""]",19,0,0,False,0,,0
r5-1501102,351,1,7,1,6,b3b4a8d75e1e899a15cb4fdf82b1285c9b22075bb4db710e6c71576f312eb209,False,"[""MOVED_UP""]",20,0,0,False,0,,0
r5-1501102,352,1,6,1,5,b3b4a8d75e1e899a15cb4fdf82b1285c9b22075bb4db710e6c71576f312eb209,False,"[""MOVED_UP""]",19,0,0,False,0,,0
r5-1501102,353,1,5,1,5,b3b4a8d75e1e899a15cb4fdf82b1285c9b22075bb4db710e6c71576f312eb209,False,"[""BOMB_DROPPED""]",17,0,0,False,0,,-0.5
r5-1501102,354,1,5,1,6,b3b4a8d75e1e899a15cb4fdf82b1285c9b22075bb4db710e6c71576f312eb209,True,"[""MOVED_DOWN""]",18,0,0,False,0,,0
r5-1501102,355,1,6,1,6,b3b4a8d75e1e899a15cb4fdf82b1285c9b22075bb4db710e6c71576f312eb209,True,"[""WAITED""]",18,0,0,False,0,,0
r5-1501102,356,1,6,1,7,b3b4a8d75e1e899a15cb4fdf82b1285c9b22075bb4db710e6c71576f312eb209,True,"[""MOVED_DOWN""]",18,0,0,False,0,,0
r5-1501102,357,1,7,2,7,b3b4a8d75e1e899a15cb4fdf82b1285c9b22075bb4db710e6c71576f312eb209,True,"[""MOVED_RIGHT"",""BOMB_EXPLODED""]",19,0,0,False,0,,0
r5-1501102,358,2,7,3,7,b3b4a8d75e1e899a15cb4fdf82b1285c9b22075bb4db710e6c71576f312eb209,True,"[""MOVED_RIGHT""]",19,0,0,False,0,,0
r5-1501102,359,3,7,3,6,b3b4a8d75e1e899a15cb4fdf82b1285c9b22075bb4db710e6c71576f312eb209,False,"[""MOVED_UP""]",17,0,0,False,0,,0
r5-1501102,360,3,6,3,5,b3b4a8d75e1e899a15cb4fdf82b1285c9b22075bb4db710e6c71576f312eb209,False,"[""MOVED_UP""]",17,0,0,False,0,,0
r5-1501102,361,3,5,3,5,b3b4a8d75e1e899a15cb4fdf82b1285c9b22075bb4db710e6c71576f312eb209,False,"[""BOMB_DROPPED""]",15,0,0,False,0,,-0.5
r5-1501102,362,3,5,3,5,b3b4a8d75e1e899a15cb4fdf82b1285c9b22075bb4db710e6c71576f312eb209,True,"[""WAITED""]",15,0,0,False,0,,0
r5-1501102,363,3,5,2,5,b3b4a8d75e1e899a15cb4fdf82b1285c9b22075bb4db710e6c71576f312eb209,True,"[""MOVED_LEFT""]",15,0,0,False,0,,0
r5-1501102,364,2,5,1,5,b3b4a8d75e1e899a15cb4fdf82b1285c9b22075bb4db710e6c71576f312eb209,True,"[""MOVED_LEFT""]",16,0,0,False,0,,0
r5-1501102,365,1,5,1,6,b3b4a8d75e1e899a15cb4fdf82b1285c9b22075bb4db710e6c71576f312eb209,True,"[""MOVED_DOWN"",""BOMB_EXPLODED""]",17,0,0,False,0,,0
r5-1501102,366,1,6,1,7,b3b4a8d75e1e899a15cb4fdf82b1285c9b22075bb4db710e6c71576f312eb209,True,"[""MOVED_DOWN""]",18,0,0,False,0,,0
r5-1501102,367,1,7,1,6,b3b4a8d75e1e899a15cb4fdf82b1285c9b22075bb4db710e6c71576f312eb209,False,"[""MOVED_UP""]",19,0,0,False,0,,0
r5-1501102,368,1,6,1,5,b3b4a8d75e1e899a15cb4fdf82b1285c9b22075bb4db710e6c71576f312eb209,False,"[""MOVED_UP""]",18,0,0,False,0,,0
r5-1501102,369,1,5,1,5,b3b4a8d75e1e899a15cb4fdf82b1285c9b22075bb4db710e6c71576f312eb209,False,"[""BOMB_DROPPED""]",18,0,0,False,0,,-0.5
r5-1501102,370,1,5,1,6,b3b4a8d75e1e899a15cb4fdf82b1285c9b22075bb4db710e6c71576f312eb209,True,"[""MOVED_DOWN""]",17,0,0,False,0,,0
r5-1501102,371,1,6,1,6,b3b4a8d75e1e899a15cb4fdf82b1285c9b22075bb4db710e6c71576f312eb209,True,"[""WAITED""]",18,0,0,False,0,,0
r5-1501102,372,1,6,1,7,b3b4a8d75e1e899a15cb4fdf82b1285c9b22075bb4db710e6c71576f312eb209,True,"[""MOVED_DOWN""]",18,0,0,False,0,,0
r5-1501102,373,1,7,2,7,b3b4a8d75e1e899a15cb4fdf82b1285c9b22075bb4db710e6c71576f312eb209,True,"[""MOVED_RIGHT"",""BOMB_EXPLODED""]",19,0,0,False,0,,0
r5-1501102,374,2,7,3,7,b3b4a8d75e1e899a15cb4fdf82b1285c9b22075bb4db710e6c71576f312eb209,True,"[""MOVED_RIGHT""]",19,0,0,False,0,,0
r5-1501102,375,3,7,3,6,b3b4a8d75e1e899a15cb4fdf82b1285c9b22075bb4db710e6c71576f312eb209,False,"[""MOVED_UP""]",18,0,0,False,0,,0
r5-1501102,376,3,6,3,5,b3b4a8d75e1e899a15cb4fdf82b1285c9b22075bb4db710e6c71576f312eb209,False,"[""MOVED_UP""]",17,0,0,False,0,,0
r5-1501102,377,3,5,3,5,b3b4a8d75e1e899a15cb4fdf82b1285c9b22075bb4db710e6c71576f312eb209,False,"[""BOMB_DROPPED""]",15,0,0,False,0,,-0.5
r5-1501102,378,3,5,3,5,b3b4a8d75e1e899a15cb4fdf82b1285c9b22075bb4db710e6c71576f312eb209,True,"[""WAITED""]",16,0,0,False,0,,0
r5-1501102,379,3,5,2,5,b3b4a8d75e1e899a15cb4fdf82b1285c9b22075bb4db710e6c71576f312eb209,True,"[""MOVED_LEFT""]",15,0,0,False,0,,0
r5-1501102,380,2,5,1,5,b3b4a8d75e1e899a15cb4fdf82b1285c9b22075bb4db710e6c71576f312eb209,True,"[""MOVED_LEFT""]",17,0,0,False,0,,0
r5-1501102,381,1,5,1,6,b3b4a8d75e1e899a15cb4fdf82b1285c9b22075bb4db710e6c71576f312eb209,True,"[""MOVED_DOWN"",""BOMB_EXPLODED""]",18,0,0,False,0,,0
r5-1501102,382,1,6,1,7,b3b4a8d75e1e899a15cb4fdf82b1285c9b22075bb4db710e6c71576f312eb209,True,"[""MOVED_DOWN""]",18,0,0,False,0,,0
r5-1501102,383,1,7,1,6,b3b4a8d75e1e899a15cb4fdf82b1285c9b22075bb4db710e6c71576f312eb209,False,"[""MOVED_UP""]",19,0,0,False,0,,0
r5-1501102,384,1,6,1,5,b3b4a8d75e1e899a15cb4fdf82b1285c9b22075bb4db710e6c71576f312eb209,False,"[""MOVED_UP""]",18,0,0,False,0,,0
r5-1501102,385,1,5,1,5,b3b4a8d75e1e899a15cb4fdf82b1285c9b22075bb4db710e6c71576f312eb209,False,"[""BOMB_DROPPED""]",18,0,0,False,0,,-0.5
r5-1501102,386,1,5,1,6,b3b4a8d75e1e899a15cb4fdf82b1285c9b22075bb4db710e6c71576f312eb209,True,"[""MOVED_DOWN""]",18,0,0,False,0,,0
r5-1501102,387,1,6,1,6,b3b4a8d75e1e899a15cb4fdf82b1285c9b22075bb4db710e6c71576f312eb209,True,"[""WAITED""]",18,0,0,False,0,,0
r5-1501102,388,1,6,1,7,b3b4a8d75e1e899a15cb4fdf82b1285c9b22075bb4db710e6c71576f312eb209,True,"[""MOVED_DOWN""]",18,0,0,False,0,,0
r5-1501102,389,1,7,2,7,b3b4a8d75e1e899a15cb4fdf82b1285c9b22075bb4db710e6c71576f312eb209,True,"[""MOVED_RIGHT"",""BOMB_EXPLODED""]",20,0,0,False,0,,0
r5-1501102,390,2,7,3,7,b3b4a8d75e1e899a15cb4fdf82b1285c9b22075bb4db710e6c71576f312eb209,True,"[""MOVED_RIGHT""]",18,0,0,False,0,,0
r5-1501102,391,3,7,3,6,b3b4a8d75e1e899a15cb4fdf82b1285c9b22075bb4db710e6c71576f312eb209,False,"[""MOVED_UP""]",17,0,0,False,0,,0
r5-1501102,392,3,6,3,5,b3b4a8d75e1e899a15cb4fdf82b1285c9b22075bb4db710e6c71576f312eb209,False,"[""MOVED_UP""]",16,0,0,False,0,,0
r5-1501102,393,3,5,3,5,b3b4a8d75e1e899a15cb4fdf82b1285c9b22075bb4db710e6c71576f312eb209,False,"[""BOMB_DROPPED""]",15,0,0,False,0,,-0.5
r5-1501102,394,3,5,3,5,b3b4a8d75e1e899a15cb4fdf82b1285c9b22075bb4db710e6c71576f312eb209,True,"[""WAITED""]",15,0,0,False,0,,0
r5-1501102,395,3,5,2,5,b3b4a8d75e1e899a15cb4fdf82b1285c9b22075bb4db710e6c71576f312eb209,True,"[""MOVED_LEFT""]",15,0,0,False,0,,0
r5-1501102,396,2,5,1,5,b3b4a8d75e1e899a15cb4fdf82b1285c9b22075bb4db710e6c71576f312eb209,True,"[""MOVED_LEFT""]",16,0,0,False,0,,0
r5-1501102,397,1,5,1,6,b3b4a8d75e1e899a15cb4fdf82b1285c9b22075bb4db710e6c71576f312eb209,True,"[""MOVED_DOWN"",""BOMB_EXPLODED""]",17,0,0,False,0,,0
r5-1501102,398,1,6,1,7,b3b4a8d75e1e899a15cb4fdf82b1285c9b22075bb4db710e6c71576f312eb209,True,"[""MOVED_DOWN""]",19,0,0,False,0,,0
r5-1501102,399,1,7,1,6,b3b4a8d75e1e899a15cb4fdf82b1285c9b22075bb4db710e6c71576f312eb209,False,"[""MOVED_UP""]",19,0,0,False,0,,0
r5-1501102,400,1,6,1,5,b3b4a8d75e1e899a15cb4fdf82b1285c9b22075bb4db710e6c71576f312eb209,False,"[""MOVED_UP"",""SURVIVED_ROUND""]",18,0,0,False,0,,0
r5-1501201,1,15,1,15,2,f16d577a06449246a7bdbb810137957e15deb681956ab02bffc517ac79944fed,False,"[""MOVED_DOWN""]",,0,0,False,3,,0
r5-1501201,2,15,2,15,2,f16d577a06449246a7bdbb810137957e15deb681956ab02bffc517ac79944fed,False,"[""BOMB_DROPPED""]",,0,0,False,2,,0
r5-1501201,3,15,2,15,1,f16d577a06449246a7bdbb810137957e15deb681956ab02bffc517ac79944fed,True,"[""MOVED_UP""]",,0,0,False,2,,0
r5-1501201,4,15,1,14,1,f16d577a06449246a7bdbb810137957e15deb681956ab02bffc517ac79944fed,True,"[""MOVED_LEFT""]",,0,0,False,3,,0
r5-1501201,5,14,1,14,1,f16d577a06449246a7bdbb810137957e15deb681956ab02bffc517ac79944fed,True,"[""WAITED""]",,0,0,False,2,,0
r5-1501201,6,14,1,14,1,f16d577a06449246a7bdbb810137957e15deb681956ab02bffc517ac79944fed,True,"[""WAITED"",""BOMB_EXPLODED"",""CRATE_DESTROYED"",""CRATE_DESTROYED""]",,0,0,False,2,,0
r5-1501201,7,14,1,14,1,3a6ad61cd8a00b999f329300f290790f2c2509bbe24c02536681da02ccfb2a6e,True,"[""WAITED""]",,0,0,False,2,,0
r5-1501201,8,14,1,15,1,3a6ad61cd8a00b999f329300f290790f2c2509bbe24c02536681da02ccfb2a6e,False,"[""MOVED_RIGHT""]",,0,0,False,2,,0
r5-1501201,9,15,1,15,1,3a6ad61cd8a00b999f329300f290790f2c2509bbe24c02536681da02ccfb2a6e,False,"[""BOMB_DROPPED""]",,0,0,False,1,,0
r5-1501201,10,15,1,15,2,3a6ad61cd8a00b999f329300f290790f2c2509bbe24c02536681da02ccfb2a6e,True,"[""MOVED_DOWN""]",,0,0,False,1,,0
r5-1501201,11,15,2,15,3,3a6ad61cd8a00b999f329300f290790f2c2509bbe24c02536681da02ccfb2a6e,True,"[""MOVED_DOWN""]",,0,0,False,0,,0
r5-1501201,12,15,3,15,4,3a6ad61cd8a00b999f329300f290790f2c2509bbe24c02536681da02ccfb2a6e,True,"[""MOVED_DOWN""]",,0,0,False,3,,0
r5-1501201,13,15,4,15,5,3a6ad61cd8a00b999f329300f290790f2c2509bbe24c02536681da02ccfb2a6e,True,"[""MOVED_DOWN"",""BOMB_EXPLODED"",""CRATE_DESTROYED""]",,0,0,False,0,,0
r5-1501201,14,15,5,15,6,945eb1b5fe1e16963973eb187bda56f2c8184ba4e45c8765d6e61cfe04008f81,True,"[""MOVED_DOWN""]",,0,0,False,3,,0
r5-1501201,15,15,6,15,7,945eb1b5fe1e16963973eb187bda56f2c8184ba4e45c8765d6e61cfe04008f81,False,"[""MOVED_DOWN""]",,0,0,False,2,,0
r5-1501201,16,15,7,15,7,945eb1b5fe1e16963973eb187bda56f2c8184ba4e45c8765d6e61cfe04008f81,False,"[""BOMB_DROPPED""]",,0,0,False,3,,0
r5-1501201,17,15,7,15,6,945eb1b5fe1e16963973eb187bda56f2c8184ba4e45c8765d6e61cfe04008f81,True,"[""MOVED_UP""]",,0,0,False,3,,0
r5-1501201,18,15,6,15,5,945eb1b5fe1e16963973eb187bda56f2c8184ba4e45c8765d6e61cfe04008f81,True,"[""MOVED_UP""]",,0,0,False,2,,0
r5-1501201,19,15,5,15,4,945eb1b5fe1e16963973eb187bda56f2c8184ba4e45c8765d6e61cfe04008f81,True,"[""MOVED_UP""]",,0,0,False,3,,0
r5-1501201,20,15,4,15,3,945eb1b5fe1e16963973eb187bda56f2c8184ba4e45c8765d6e61cfe04008f81,True,"[""MOVED_UP"",""BOMB_EXPLODED"",""CRATE_DESTROYED"",""CRATE_DESTROYED"",""CRATE_DESTROYED"",""CRATE_DESTROYED"",""CRATE_DESTROYED"",""CRATE_DESTROYED""]",,0,0,False,0,,0
r5-1501201,21,15,3,15,3,dffcc911432c2c7ea27e7d569680f1032cd041003d9f6035b3461b8628edb3a6,True,"[""WAITED""]",,0,0,False,3,,0
r5-1501201,22,15,3,15,4,dffcc911432c2c7ea27e7d569680f1032cd041003d9f6035b3461b8628edb3a6,False,"[""MOVED_DOWN""]",,0,0,False,3,,0
r5-1501201,23,15,4,15,3,dffcc911432c2c7ea27e7d569680f1032cd041003d9f6035b3461b8628edb3a6,False,"[""MOVED_UP""]",,0,0,False,0,,0
r5-1501201,24,15,3,15,3,dffcc911432c2c7ea27e7d569680f1032cd041003d9f6035b3461b8628edb3a6,False,"[""BOMB_DROPPED""]",,0,0,False,3,,0
r5-1501201,25,15,3,15,3,dffcc911432c2c7ea27e7d569680f1032cd041003d9f6035b3461b8628edb3a6,True,"[""WAITED""]",,0,0,False,3,,0
r5-1501201,26,15,3,15,2,dffcc911432c2c7ea27e7d569680f1032cd041003d9f6035b3461b8628edb3a6,True,"[""MOVED_UP""]",,0,0,False,3,,0
r5-1501201,27,15,2,15,1,dffcc911432c2c7ea27e7d569680f1032cd041003d9f6035b3461b8628edb3a6,True,"[""MOVED_UP""]",,0,0,False,0,,0
r5-1501201,28,15,1,14,1,dffcc911432c2c7ea27e7d569680f1032cd041003d9f6035b3461b8628edb3a6,True,"[""MOVED_LEFT"",""BOMB_EXPLODED"",""CRATE_DESTROYED"",""CRATE_DESTROYED"",""CRATE_DESTROYED""]",,0,0,False,0,,0
r5-1501201,29,14,1,13,1,eef19d1e1a815bc320fddf34621ad14e5d90b30fea899af7a1a782e492ce61d9,True,"[""MOVED_LEFT""]",,0,0,False,1,,0
r5-1501201,30,13,1,13,1,eef19d1e1a815bc320fddf34621ad14e5d90b30fea899af7a1a782e492ce61d9,False,"[""WAITED""]",,0,0,False,3,,0
r5-1501201,31,13,1,13,1,eef19d1e1a815bc320fddf34621ad14e5d90b30fea899af7a1a782e492ce61d9,False,"[""BOMB_DROPPED""]",,0,0,False,3,,0
r5-1501201,32,13,1,13,1,eef19d1e1a815bc320fddf34621ad14e5d90b30fea899af7a1a782e492ce61d9,True,"[""WAITED""]",,0,0,False,3,,0
r5-1501201,33,13,1,14,1,eef19d1e1a815bc320fddf34621ad14e5d90b30fea899af7a1a782e492ce61d9,True,"[""MOVED_RIGHT""]",,0,0,False,3,,0
r5-1501201,34,14,1,15,1,eef19d1e1a815bc320fddf34621ad14e5d90b30fea899af7a1a782e492ce61d9,True,"[""MOVED_RIGHT""]",,0,0,False,1,,0
r5-1501201,35,15,1,15,2,eef19d1e1a815bc320fddf34621ad14e5d90b30fea899af7a1a782e492ce61d9,True,"[""MOVED_DOWN"",""BOMB_EXPLODED"",""CRATE_DESTROYED"",""CRATE_DESTROYED"",""CRATE_DESTROYED"",""CRATE_DESTROYED""]",,0,0,False,0,,0
r5-1501201,36,15,2,15,3,cd0975389bb65c653ce66a49d98576066e19417f486ddc6c401441a38cf54531,True,"[""MOVED_DOWN""]",,0,0,False,0,,0
r5-1501201,37,15,3,15,4,cd0975389bb65c653ce66a49d98576066e19417f486ddc6c401441a38cf54531,False,"[""MOVED_DOWN""]",,0,0,False,0,,0
r5-1501201,38,15,4,15,5,cd0975389bb65c653ce66a49d98576066e19417f486ddc6c401441a38cf54531,False,"[""MOVED_DOWN""]",,0,0,False,0,,0
r5-1501201,39,15,5,15,5,cd0975389bb65c653ce66a49d98576066e19417f486ddc6c401441a38cf54531,False,"[""BOMB_DROPPED""]",,0,0,False,3,,0
r5-1501201,40,15,5,15,5,cd0975389bb65c653ce66a49d98576066e19417f486ddc6c401441a38cf54531,True,"[""WAITED""]",,0,0,False,3,,0
r5-1501201,41,15,5,15,6,cd0975389bb65c653ce66a49d98576066e19417f486ddc6c401441a38cf54531,True,"[""MOVED_DOWN""]",,0,0,False,3,,0
r5-1501201,42,15,6,15,7,cd0975389bb65c653ce66a49d98576066e19417f486ddc6c401441a38cf54531,True,"[""MOVED_DOWN""]",,0,0,False,0,,0
r5-1501201,43,15,7,14,7,cd0975389bb65c653ce66a49d98576066e19417f486ddc6c401441a38cf54531,True,"[""MOVED_LEFT"",""BOMB_EXPLODED"",""CRATE_DESTROYED"",""CRATE_DESTROYED"",""CRATE_DESTROYED""]",,0,0,False,0,,0
r5-1501201,44,14,7,13,7,224e881da3051f992810264e44faddfffd0ea0debc90054b615d0e0636d7fb82,True,"[""MOVED_LEFT""]",,0,0,False,1,,0
r5-1501201,45,13,7,13,7,224e881da3051f992810264e44faddfffd0ea0debc90054b615d0e0636d7fb82,False,"[""WAITED""]",,0,0,False,3,,0
r5-1501201,46,13,7,13,7,224e881da3051f992810264e44faddfffd0ea0debc90054b615d0e0636d7fb82,False,"[""BOMB_DROPPED""]",,0,0,False,3,,0
r5-1501201,47,13,7,13,7,224e881da3051f992810264e44faddfffd0ea0debc90054b615d0e0636d7fb82,True,"[""WAITED""]",,0,0,False,3,,0
r5-1501201,48,13,7,14,7,224e881da3051f992810264e44faddfffd0ea0debc90054b615d0e0636d7fb82,True,"[""MOVED_RIGHT""]",,0,0,False,3,,0
r5-1501201,49,14,7,15,7,224e881da3051f992810264e44faddfffd0ea0debc90054b615d0e0636d7fb82,True,"[""MOVED_RIGHT""]",,0,0,False,1,,0
r5-1501201,50,15,7,15,8,224e881da3051f992810264e44faddfffd0ea0debc90054b615d0e0636d7fb82,True,"[""MOVED_DOWN"",""BOMB_EXPLODED"",""CRATE_DESTROYED"",""CRATE_DESTROYED"",""CRATE_DESTROYED"",""CRATE_DESTROYED"",""CRATE_DESTROYED""]",,0,0,False,0,,0
r5-1501201,51,15,8,15,9,7b9c73dd9a5fa2de9a3610103e3d8c4a8cd0f377a5a23ed5148b659eea6385d8,True,"[""MOVED_DOWN""]",,0,0,False,1,,0
r5-1501201,52,15,9,15,10,7b9c73dd9a5fa2de9a3610103e3d8c4a8cd0f377a5a23ed5148b659eea6385d8,False,"[""MOVED_DOWN""]",,0,0,False,3,,0
r5-1501201,53,15,10,15,10,7b9c73dd9a5fa2de9a3610103e3d8c4a8cd0f377a5a23ed5148b659eea6385d8,False,"[""BOMB_DROPPED""]",,0,0,False,3,,0
r5-1501201,54,15,10,15,9,7b9c73dd9a5fa2de9a3610103e3d8c4a8cd0f377a5a23ed5148b659eea6385d8,True,"[""MOVED_UP""]",,0,0,False,3,,0
r5-1501201,55,15,9,15,8,7b9c73dd9a5fa2de9a3610103e3d8c4a8cd0f377a5a23ed5148b659eea6385d8,True,"[""MOVED_UP""]",,0,0,False,3,,0
r5-1501201,56,15,8,15,7,7b9c73dd9a5fa2de9a3610103e3d8c4a8cd0f377a5a23ed5148b659eea6385d8,True,"[""MOVED_UP""]",,0,0,False,1,,0
r5-1501201,57,15,7,14,7,7b9c73dd9a5fa2de9a3610103e3d8c4a8cd0f377a5a23ed5148b659eea6385d8,True,"[""MOVED_LEFT"",""BOMB_EXPLODED"",""CRATE_DESTROYED"",""CRATE_DESTROYED"",""CRATE_DESTROYED""]",,0,0,False,0,,0
r5-1501201,58,14,7,13,7,83d3071c9e3c111c4dc144fd3237dfdf9927605ad1f117a8424975b471109569,True,"[""MOVED_LEFT""]",,0,0,False,0,,0
r5-1501201,59,13,7,13,8,83d3071c9e3c111c4dc144fd3237dfdf9927605ad1f117a8424975b471109569,False,"[""MOVED_DOWN""]",,0,0,False,0,,0
r5-1501201,60,13,8,13,8,83d3071c9e3c111c4dc144fd3237dfdf9927605ad1f117a8424975b471109569,False,"[""BOMB_DROPPED""]",,0,0,False,1,,0
r5-1501201,61,13,8,13,7,83d3071c9e3c111c4dc144fd3237dfdf9927605ad1f117a8424975b471109569,True,"[""MOVED_UP""]",,0,0,False,1,,0
r5-1501201,62,13,7,13,6,83d3071c9e3c111c4dc144fd3237dfdf9927605ad1f117a8424975b471109569,True,"[""MOVED_UP""]",,0,0,False,0,,0
r5-1501201,63,13,6,13,5,83d3071c9e3c111c4dc144fd3237dfdf9927605ad1f117a8424975b471109569,True,"[""MOVED_UP""]",,0,0,False,0,,0
r5-1501201,64,13,5,12,5,83d3071c9e3c111c4dc144fd3237dfdf9927605ad1f117a8424975b471109569,True,"[""MOVED_LEFT"",""BOMB_EXPLODED"",""CRATE_DESTROYED""]",,0,0,False,2,,0
r5-1501201,65,12,5,12,5,87d880295dae0c5e1b294f002cb0f872aaa601d1b96651cbe2e01079338f5521,True,"[""WAITED""]",,0,0,False,3,,0
r5-1501201,66,12,5,13,5,87d880295dae0c5e1b294f002cb0f872aaa601d1b96651cbe2e01079338f5521,False,"[""MOVED_RIGHT""]",,0,0,False,3,,0
r5-1501201,67,13,5,13,5,87d880295dae0c5e1b294f002cb0f872aaa601d1b96651cbe2e01079338f5521,False,"[""BOMB_DROPPED""]",,0,0,False,2,,0
r5-1501201,68,13,5,13,5,87d880295dae0c5e1b294f002cb0f872aaa601d1b96651cbe2e01079338f5521,True,"[""WAITED""]",,0,0,False,2,,0
r5-1501201,69,13,5,13,6,87d880295dae0c5e1b294f002cb0f872aaa601d1b96651cbe2e01079338f5521,True,"[""MOVED_DOWN""]",,0,0,False,2,,0
r5-1501201,70,13,6,13,7,87d880295dae0c5e1b294f002cb0f872aaa601d1b96651cbe2e01079338f5521,True,"[""MOVED_DOWN""]",,0,0,False,0,,0
r5-1501201,71,13,7,12,7,87d880295dae0c5e1b294f002cb0f872aaa601d1b96651cbe2e01079338f5521,True,"[""MOVED_LEFT"",""BOMB_EXPLODED"",""CRATE_DESTROYED"",""CRATE_DESTROYED""]",,0,0,False,0,,0
r5-1501201,72,12,7,11,7,cb54ed9f1497c9726d1ab87907fbb3656eae13d79dd866556d4fc3e525d759e6,True,"[""MOVED_LEFT""]",,0,0,False,1,,0
r5-1501201,73,11,7,11,7,cb54ed9f1497c9726d1ab87907fbb3656eae13d79dd866556d4fc3e525d759e6,False,"[""WAITED""]",,0,0,False,3,,0
r5-1501201,74,11,7,11,7,cb54ed9f1497c9726d1ab87907fbb3656eae13d79dd866556d4fc3e525d759e6,False,"[""BOMB_DROPPED""]",,0,0,False,3,,0
r5-1501201,75,11,7,11,7,cb54ed9f1497c9726d1ab87907fbb3656eae13d79dd866556d4fc3e525d759e6,True,"[""WAITED""]",,0,0,False,3,,0
r5-1501201,76,11,7,12,7,cb54ed9f1497c9726d1ab87907fbb3656eae13d79dd866556d4fc3e525d759e6,True,"[""MOVED_RIGHT""]",,0,0,False,3,,0
r5-1501201,77,12,7,13,7,cb54ed9f1497c9726d1ab87907fbb3656eae13d79dd866556d4fc3e525d759e6,True,"[""MOVED_RIGHT""]",,0,0,False,1,,0
r5-1501201,78,13,7,13,6,cb54ed9f1497c9726d1ab87907fbb3656eae13d79dd866556d4fc3e525d759e6,True,"[""MOVED_UP"",""BOMB_EXPLODED"",""CRATE_DESTROYED"",""CRATE_DESTROYED"",""CRATE_DESTROYED"",""CRATE_DESTROYED"",""CRATE_DESTROYED"",""CRATE_DESTROYED""]",,0,0,False,0,,0
r5-1501201,79,13,6,13,5,3e00518f1cb2bd16fb1e6a6aae565e6fda7986c13739b750468d1a50fdd4a394,True,"[""MOVED_UP""]",,0,0,False,0,,0
r5-1501201,80,13,5,12,5,3e00518f1cb2bd16fb1e6a6aae565e6fda7986c13739b750468d1a50fdd4a394,False,"[""MOVED_LEFT""]",,0,0,False,0,,0
r5-1501201,81,12,5,12,5,3e00518f1cb2bd16fb1e6a6aae565e6fda7986c13739b750468d1a50fdd4a394,False,"[""BOMB_DROPPED""]",,0,0,False,1,,0
r5-1501201,82,12,5,12,5,3e00518f1cb2bd16fb1e6a6aae565e6fda7986c13739b750468d1a50fdd4a394,True,"[""WAITED""]",,0,0,False,1,,0
r5-1501201,83,12,5,12,5,3e00518f1cb2bd16fb1e6a6aae565e6fda7986c13739b750468d1a50fdd4a394,True,"[""WAITED""]",,0,0,False,1,,0
r5-1501201,84,12,5,11,5,3e00518f1cb2bd16fb1e6a6aae565e6fda7986c13739b750468d1a50fdd4a394,True,"[""MOVED_LEFT""]",,0,0,False,1,,0
r5-1501201,85,11,5,11,6,3e00518f1cb2bd16fb1e6a6aae565e6fda7986c13739b750468d1a50fdd4a394,True,"[""MOVED_DOWN"",""BOMB_EXPLODED"",""CRATE_DESTROYED""]",,0,0,False,2,,0
r5-1501201,86,11,6,11,7,756bc9be9a4b943c6a0d6a96324fe1c6b110c7f9c0d3d042661e1c2c19b1d0dc,True,"[""MOVED_DOWN""]",,0,0,False,0,,0
r5-1501201,87,11,7,11,8,756bc9be9a4b943c6a0d6a96324fe1c6b110c7f9c0d3d042661e1c2c19b1d0dc,False,"[""MOVED_DOWN""]",,0,0,False,0,,0
r5-1501201,88,11,8,11,8,756bc9be9a4b943c6a0d6a96324fe1c6b110c7f9c0d3d042661e1c2c19b1d0dc,False,"[""BOMB_DROPPED""]",,0,0,False,1,,0
r5-1501201,89,11,8,11,7,756bc9be9a4b943c6a0d6a96324fe1c6b110c7f9c0d3d042661e1c2c19b1d0dc,True,"[""MOVED_UP""]",,0,0,False,1,,0
r5-1501201,90,11,7,11,6,756bc9be9a4b943c6a0d6a96324fe1c6b110c7f9c0d3d042661e1c2c19b1d0dc,True,"[""MOVED_UP""]",,0,0,False,0,,0
r5-1501201,91,11,6,11,5,756bc9be9a4b943c6a0d6a96324fe1c6b110c7f9c0d3d042661e1c2c19b1d0dc,True,"[""MOVED_UP""]",,0,0,False,0,,0
r5-1501201,92,11,5,10,5,756bc9be9a4b943c6a0d6a96324fe1c6b110c7f9c0d3d042661e1c2c19b1d0dc,True,"[""MOVED_LEFT"",""BOMB_EXPLODED"",""CRATE_DESTROYED""]",,0,0,False,1,,0
r5-1501201,93,10,5,9,5,79f9f1024affe6b1bcaadc768770dd5008aa1ff0cddae17b877410b400b30eb6,True,"[""MOVED_LEFT""]",,0,0,False,2,,0
r5-1501201,94,9,5,9,6,79f9f1024affe6b1bcaadc768770dd5008aa1ff0cddae17b877410b400b30eb6,False,"[""MOVED_DOWN""]",,0,0,False,3,,0
r5-1501201,95,9,6,9,6,79f9f1024affe6b1bcaadc768770dd5008aa1ff0cddae17b877410b400b30eb6,False,"[""BOMB_DROPPED""]",,0,0,False,3,,0
r5-1501201,96,9,6,9,6,79f9f1024affe6b1bcaadc768770dd5008aa1ff0cddae17b877410b400b30eb6,True,"[""WAITED""]",,0,0,False,3,,0
r5-1501201,97,9,6,9,6,79f9f1024affe6b1bcaadc768770dd5008aa1ff0cddae17b877410b400b30eb6,True,"[""WAITED""]",,0,0,False,3,,0
r5-1501201,98,9,6,9,7,79f9f1024affe6b1bcaadc768770dd5008aa1ff0cddae17b877410b400b30eb6,True,"[""MOVED_DOWN""]",,0,0,False,3,,0
r5-1501201,99,9,7,8,7,79f9f1024affe6b1bcaadc768770dd5008aa1ff0cddae17b877410b400b30eb6,True,"[""MOVED_LEFT"",""BOMB_EXPLODED"",""CRATE_DESTROYED"",""CRATE_DESTROYED"",""CRATE_DESTROYED"",""CRATE_DESTROYED""]",,0,0,False,3,,0
r5-1501201,100,8,7,8,7,6d2cc30a4736a229be7fa3d0700d6162c35899285e6cf6a2e3a403de984cce07,True,"[""WAITED""]",,0,0,False,3,,0
r5-1501201,101,8,7,9,7,6d2cc30a4736a229be7fa3d0700d6162c35899285e6cf6a2e3a403de984cce07,False,"[""MOVED_RIGHT""]",,0,0,False,3,,0
r5-1501201,102,9,7,9,7,6d2cc30a4736a229be7fa3d0700d6162c35899285e6cf6a2e3a403de984cce07,False,"[""BOMB_DROPPED""]",,0,0,False,3,,0
r5-1501201,103,9,7,9,7,6d2cc30a4736a229be7fa3d0700d6162c35899285e6cf6a2e3a403de984cce07,True,"[""WAITED""]",,0,0,False,3,,0
r5-1501201,104,9,7,9,6,6d2cc30a4736a229be7fa3d0700d6162c35899285e6cf6a2e3a403de984cce07,True,"[""MOVED_UP""]",,0,0,False,3,,0
r5-1501201,105,9,6,9,5,6d2cc30a4736a229be7fa3d0700d6162c35899285e6cf6a2e3a403de984cce07,True,"[""MOVED_UP""]",,0,0,False,0,,0
r5-1501201,106,9,5,10,5,6d2cc30a4736a229be7fa3d0700d6162c35899285e6cf6a2e3a403de984cce07,True,"[""MOVED_RIGHT"",""BOMB_EXPLODED"",""CRATE_DESTROYED"",""CRATE_DESTROYED"",""COIN_FOUND"",""CRATE_DESTROYED""]",,0,0,False,3,,0
r5-1501201,107,10,5,10,5,25650b39559d14a75085181a84b0de4b3ce9f5fb3b04ba7bbd2b97ce76b9be5a,True,"[""WAITED""]",,0,0,False,2,,0
r5-1501201,108,10,5,9,5,25650b39559d14a75085181a84b0de4b3ce9f5fb3b04ba7bbd2b97ce76b9be5a,False,"[""MOVED_LEFT""]",,0,0,False,2,,0
r5-1501201,109,9,5,9,4,25650b39559d14a75085181a84b0de4b3ce9f5fb3b04ba7bbd2b97ce76b9be5a,False,"[""MOVED_UP""]",,0,0,False,3,,0
r5-1501201,110,9,4,9,4,25650b39559d14a75085181a84b0de4b3ce9f5fb3b04ba7bbd2b97ce76b9be5a,False,"[""BOMB_DROPPED""]",,0,0,False,1,,0
r5-1501201,111,9,4,9,5,25650b39559d14a75085181a84b0de4b3ce9f5fb3b04ba7bbd2b97ce76b9be5a,True,"[""MOVED_DOWN""]",,0,0,False,1,,0
r5-1501201,112,9,5,9,6,25650b39559d14a75085181a84b0de4b3ce9f5fb3b04ba7bbd2b97ce76b9be5a,True,"[""MOVED_DOWN""]",,0,0,False,3,,0
r5-1501201,113,9,6,9,7,25650b39559d14a75085181a84b0de4b3ce9f5fb3b04ba7bbd2b97ce76b9be5a,True,"[""MOVED_DOWN""]",,0,0,False,0,,0
r5-1501201,114,9,7,8,7,25650b39559d14a75085181a84b0de4b3ce9f5fb3b04ba7bbd2b97ce76b9be5a,True,"[""MOVED_LEFT"",""BOMB_EXPLODED"",""CRATE_DESTROYED""]",,0,0,False,0,,0
r5-1501201,115,8,7,7,7,33c5040c03fa4a07958e7589ec8f4024bd989dd2cfbd301546d37847ac76efc6,True,"[""MOVED_LEFT""]",,0,0,False,1,,0
r5-1501201,116,7,7,6,7,33c5040c03fa4a07958e7589ec8f4024bd989dd2cfbd301546d37847ac76efc6,False,"[""MOVED_LEFT"",""COIN_COLLECTED""]",,0,0,False,3,,0
r5-1501201,117,6,7,6,7,3a26f2f42ed257e43a2da2d14e0dea40d8000276af1ee6a7df185713bd1bff34,False,"[""BOMB_DROPPED""]",,0,0,False,3,,0
r5-1501201,118,6,7,6,7,3a26f2f42ed257e43a2da2d14e0dea40d8000276af1ee6a7df185713bd1bff34,True,"[""WAITED""]",,0,0,False,3,,0
r5-1501201,119,6,7,6,7,3a26f2f42ed257e43a2da2d14e0dea40d8000276af1ee6a7df185713bd1bff34,True,"[""WAITED""]",,0,0,False,3,,0
r5-1501201,120,6,7,7,7,3a26f2f42ed257e43a2da2d14e0dea40d8000276af1ee6a7df185713bd1bff34,True,"[""MOVED_RIGHT""]",,0,0,False,3,,0
r5-1501201,121,7,7,7,8,3a26f2f42ed257e43a2da2d14e0dea40d8000276af1ee6a7df185713bd1bff34,True,"[""MOVED_DOWN"",""BOMB_EXPLODED"",""CRATE_DESTROYED"",""CRATE_DESTROYED"",""CRATE_DESTROYED""]",,0,0,False,3,,0
r5-1501201,122,7,8,7,8,a841976d53267afefbdf57b6111d8e6f5d09d2f6f4d748532785e1c94f6d2326,True,"[""WAITED""]",,0,0,False,3,,0
r5-1501201,123,7,8,7,8,a841976d53267afefbdf57b6111d8e6f5d09d2f6f4d748532785e1c94f6d2326,False,"[""WAITED""]",,0,0,False,3,,0
r5-1501201,124,7,8,7,8,a841976d53267afefbdf57b6111d8e6f5d09d2f6f4d748532785e1c94f6d2326,False,"[""BOMB_DROPPED""]",,0,0,False,3,,0
r5-1501201,125,7,8,7,7,a841976d53267afefbdf57b6111d8e6f5d09d2f6f4d748532785e1c94f6d2326,True,"[""MOVED_UP""]",,0,0,False,3,,0
r5-1501201,126,7,7,7,7,a841976d53267afefbdf57b6111d8e6f5d09d2f6f4d748532785e1c94f6d2326,True,"[""WAITED""]",,0,0,False,3,,0
r5-1501201,127,7,7,7,7,a841976d53267afefbdf57b6111d8e6f5d09d2f6f4d748532785e1c94f6d2326,True,"[""WAITED""]",,0,0,False,3,,0
r5-1501201,128,7,7,6,7,a841976d53267afefbdf57b6111d8e6f5d09d2f6f4d748532785e1c94f6d2326,True,"[""MOVED_LEFT"",""BOMB_EXPLODED"",""CRATE_DESTROYED"",""CRATE_DESTROYED"",""CRATE_DESTROYED"",""CRATE_DESTROYED"",""CRATE_DESTROYED""]",,0,0,False,3,,0
r5-1501201,129,6,7,5,7,e9065630772efcc9fc546ca9e327e394cb87f500ae1b6e31596d79c8aa233522,True,"[""MOVED_LEFT""]",,0,0,False,0,,0
r5-1501201,130,5,7,5,8,e9065630772efcc9fc546ca9e327e394cb87f500ae1b6e31596d79c8aa233522,False,"[""MOVED_DOWN""]",,0,0,False,3,,0
r5-1501201,131,5,8,5,8,e9065630772efcc9fc546ca9e327e394cb87f500ae1b6e31596d79c8aa233522,False,"[""BOMB_DROPPED""]",,0,0,False,3,,0
r5-1501201,132,5,8,5,7,e9065630772efcc9fc546ca9e327e394cb87f500ae1b6e31596d79c8aa233522,True,"[""MOVED_UP""]",,0,0,False,3,,0
r5-1501201,133,5,7,5,7,e9065630772efcc9fc546ca9e327e394cb87f500ae1b6e31596d79c8aa233522,True,"[""WAITED""]",,0,0,False,3,,0
r5-1501201,134,5,7,5,7,e9065630772efcc9fc546ca9e327e394cb87f500ae1b6e31596d79c8aa233522,True,"[""WAITED""]",,0,0,False,3,,0
r5-1501201,135,5,7,4,7,e9065630772efcc9fc546ca9e327e394cb87f500ae1b6e31596d79c8aa233522,True,"[""MOVED_LEFT"",""BOMB_EXPLODED"",""CRATE_DESTROYED"",""CRATE_DESTROYED"",""CRATE_DESTROYED"",""CRATE_DESTROYED""]",,0,0,False,3,,0
r5-1501201,136,4,7,3,7,0f64fc64338c44f5d3dc6df313ccdf0912fc0c53ee51ede7f4fd737a63e9f80d,True,"[""MOVED_LEFT""]",,0,0,False,2,,0
r5-1501201,137,3,7,4,7,0f64fc64338c44f5d3dc6df313ccdf0912fc0c53ee51ede7f4fd737a63e9f80d,False,"[""MOVED_RIGHT""]",,0,0,False,3,,0
r5-1501201,138,4,7,4,7,0f64fc64338c44f5d3dc6df313ccdf0912fc0c53ee51ede7f4fd737a63e9f80d,False,"[""BOMB_DROPPED""]",,0,0,False,2,,0
r5-1501201,139,4,7,4,7,0f64fc64338c44f5d3dc6df313ccdf0912fc0c53ee51ede7f4fd737a63e9f80d,True,"[""WAITED""]",,0,0,False,2,,0
r5-1501201,140,4,7,4,7,0f64fc64338c44f5d3dc6df313ccdf0912fc0c53ee51ede7f4fd737a63e9f80d,True,"[""WAITED""]",,0,0,False,2,,0
r5-1501201,141,4,7,5,7,0f64fc64338c44f5d3dc6df313ccdf0912fc0c53ee51ede7f4fd737a63e9f80d,True,"[""MOVED_RIGHT""]",,0,0,False,2,,0
r5-1501201,142,5,7,5,8,0f64fc64338c44f5d3dc6df313ccdf0912fc0c53ee51ede7f4fd737a63e9f80d,True,"[""MOVED_DOWN"",""BOMB_EXPLODED"",""CRATE_DESTROYED"",""CRATE_DESTROYED""]",,0,0,False,1,,0
r5-1501201,143,5,8,5,9,8bd278ebe608d8e241ee1a20af6e0838a748b6be15e1b7c399586e0d7efb15d5,True,"[""MOVED_DOWN""]",,0,0,False,0,,0
r5-1501201,144,5,9,5,10,8bd278ebe608d8e241ee1a20af6e0838a748b6be15e1b7c399586e0d7efb15d5,False,"[""MOVED_DOWN""]",,0,0,False,3,,0
r5-1501201,145,5,10,5,10,8bd278ebe608d8e241ee1a20af6e0838a748b6be15e1b7c399586e0d7efb15d5,False,"[""BOMB_DROPPED""]",,0,0,False,2,,0
r5-1501201,146,5,10,5,9,8bd278ebe608d8e241ee1a20af6e0838a748b6be15e1b7c399586e0d7efb15d5,True,"[""MOVED_UP""]",,0,0,False,2,,0
r5-1501201,147,5,9,5,8,8bd278ebe608d8e241ee1a20af6e0838a748b6be15e1b7c399586e0d7efb15d5,True,"[""MOVED_UP""]",,0,0,False,3,,0
r5-1501201,148,5,8,5,7,8bd278ebe608d8e241ee1a20af6e0838a748b6be15e1b7c399586e0d7efb15d5,True,"[""MOVED_UP""]",,0,0,False,0,,0
r5-1501201,149,5,7,5,6,8bd278ebe608d8e241ee1a20af6e0838a748b6be15e1b7c399586e0d7efb15d5,True,"[""MOVED_UP"",""BOMB_EXPLODED"",""CRATE_DESTROYED"",""COIN_FOUND"",""CRATE_DESTROYED""]",,0,0,False,0,,0
r5-1501201,150,5,6,5,6,f4a3305bd17bd681e227e591124c1951f7c3ab4cc1b034124d7035fe19798676,True,"[""WAITED""]",,0,0,False,1,,0
r5-1501201,151,5,6,5,7,f4a3305bd17bd681e227e591124c1951f7c3ab4cc1b034124d7035fe19798676,False,"[""MOVED_DOWN""]",,0,0,False,1,,0
r5-1501201,152,5,7,5,8,f4a3305bd17bd681e227e591124c1951f7c3ab4cc1b034124d7035fe19798676,False,"[""MOVED_DOWN""]",,0,0,False,0,,0
r5-1501201,153,5,8,5,9,f4a3305bd17bd681e227e591124c1951f7c3ab4cc1b034124d7035fe19798676,False,"[""MOVED_DOWN""]",,0,0,False,0,,0
r5-1501201,154,5,9,5,10,f4a3305bd17bd681e227e591124c1951f7c3ab4cc1b034124d7035fe19798676,False,"[""MOVED_DOWN""]",,0,0,False,3,,0
r5-1501201,155,5,10,5,11,f4a3305bd17bd681e227e591124c1951f7c3ab4cc1b034124d7035fe19798676,False,"[""MOVED_DOWN""]",,0,0,False,0,,0
r5-1501201,156,5,11,5,12,f4a3305bd17bd681e227e591124c1951f7c3ab4cc1b034124d7035fe19798676,False,"[""MOVED_DOWN"",""COIN_COLLECTED""]",,0,0,False,3,,0
r5-1501201,157,5,12,5,12,b58ca86c469872c351e287943bc8664ed200fcc58c9416060695c03dbb200277,False,"[""BOMB_DROPPED""]",,0,0,False,2,,0
r5-1501201,158,5,12,5,12,b58ca86c469872c351e287943bc8664ed200fcc58c9416060695c03dbb200277,True,"[""WAITED""]",,0,0,False,2,,0
r5-1501201,159,5,12,5,13,b58ca86c469872c351e287943bc8664ed200fcc58c9416060695c03dbb200277,True,"[""MOVED_DOWN""]",,0,0,False,2,,0
r5-1501201,160,5,13,5,13,b58ca86c469872c351e287943bc8664ed200fcc58c9416060695c03dbb200277,True,"[""WAITED""]",,0,0,False,3,,0
r5-1501201,161,5,13,4,13,b58ca86c469872c351e287943bc8664ed200fcc58c9416060695c03dbb200277,True,"[""MOVED_LEFT"",""BOMB_EXPLODED"",""CRATE_DESTROYED"",""CRATE_DESTROYED"",""COIN_FOUND""]",,0,0,False,3,,0
r5-1501201,162,4,13,4,13,facd8905b88135036e22aa53c64193fef5b01067c3b81ed92c9c5d4fcd0e006a,True,"[""WAITED""]",,0,0,False,3,,0
r5-1501201,163,4,13,3,13,facd8905b88135036e22aa53c64193fef5b01067c3b81ed92c9c5d4fcd0e006a,False,"[""MOVED_LEFT""]",,0,0,False,3,,0
r5-1501201,164,3,13,3,13,facd8905b88135036e22aa53c64193fef5b01067c3b81ed92c9c5d4fcd0e006a,False,"[""BOMB_DROPPED""]",,0,0,False,3,,0
r5-1501201,165,3,13,4,13,facd8905b88135036e22aa53c64193fef5b01067c3b81ed92c9c5d4fcd0e006a,True,"[""MOVED_RIGHT""]",,0,0,False,3,,0
r5-1501201,166,4,13,5,13,facd8905b88135036e22aa53c64193fef5b01067c3b81ed92c9c5d4fcd0e006a,True,"[""MOVED_RIGHT""]",,0,0,False,3,,0
r5-1501201,167,5,13,5,14,facd8905b88135036e22aa53c64193fef5b01067c3b81ed92c9c5d4fcd0e006a,True,"[""MOVED_DOWN""]",,0,0,False,3,,0
r5-1501201,168,5,14,5,15,facd8905b88135036e22aa53c64193fef5b01067c3b81ed92c9c5d4fcd0e006a,True,"[""MOVED_DOWN"",""COIN_COLLECTED"",""BOMB_EXPLODED"",""CRATE_DESTROYED"",""COIN_FOUND"",""CRATE_DESTROYED"",""CRATE_DESTROYED"",""CRATE_DESTROYED"",""CRATE_DESTROYED"",""COIN_FOUND"",""CRATE_DESTROYED"",""COIN_FOUND"",""CRATE_DESTROYED""]",,0,0,False,0,,0
r5-1501201,169,5,15,5,14,0fe1732792188f525a985a39aa660c43f645938fe681357dbbedbf01c678df6f,True,"[""MOVED_UP""]",,0,0,False,3,,0
r5-1501201,170,5,14,5,13,0fe1732792188f525a985a39aa660c43f645938fe681357dbbedbf01c678df6f,False,"[""MOVED_UP""]",,0,0,False,0,,0
r5-1501201,171,5,13,6,13,0fe1732792188f525a985a39aa660c43f645938fe681357dbbedbf01c678df6f,False,"[""MOVED_RIGHT"",""COIN_COLLECTED""]",,0,0,False,2,,0
r5-1501201,172,6,13,6,13,a6539d501db0d095acb1f98335df7a88d62445778881cb7e493c089c25d5aa61,False,"[""BOMB_DROPPED""]",,0,0,False,3,,0
r5-1501201,173,6,13,5,13,a6539d501db0d095acb1f98335df7a88d62445778881cb7e493c089c25d5aa61,True,"[""MOVED_LEFT""]",,0,0,False,3,,0
r5-1501201,174,5,13,4,13,a6539d501db0d095acb1f98335df7a88d62445778881cb7e493c089c25d5aa61,True,"[""MOVED_LEFT""]",,0,0,False,2,,0
r5-1501201,175,4,13,3,13,a6539d501db0d095acb1f98335df7a88d62445778881cb7e493c089c25d5aa61,True,"[""MOVED_LEFT""]",,0,0,False,1,,0
r5-1501201,176,3,13,3,12,a6539d501db0d095acb1f98335df7a88d62445778881cb7e493c089c25d5aa61,True,"[""MOVED_UP"",""COIN_COLLECTED"",""BOMB_EXPLODED"",""CRATE_DESTROYED"",""CRATE_DESTROYED"",""CRATE_DESTROYED""]",,0,0,False,0,,0
r5-1501201,177,3,12,3,11,f2b640c4c6183612f03f91e0be621594b4e098688d1fd5a0a6869ba068e0182d,True,"[""MOVED_UP"",""COIN_COLLECTED""]",,0,0,False,1,,0
r5-1501201,178,3,11,3,12,72bcd96383d6500e3e30791e1422695c742671f4c12311ef993d9516e5c49edf,False,"[""MOVED_DOWN""]",,0,0,False,3,,0
r5-1501201,179,3,12,3,12,72bcd96383d6500e3e30791e1422695c742671f4c12311ef993d9516e5c49edf,False,"[""BOMB_DROPPED""]",,0,0,False,1,,0
r5-1501201,180,3,12,3,13,72bcd96383d6500e3e30791e1422695c742671f4c12311ef993d9516e5c49edf,True,"[""MOVED_DOWN""]",,0,0,False,1,,0
r5-1501201,181,3,13,3,14,72bcd96383d6500e3e30791e1422695c742671f4c12311ef993d9516e5c49edf,True,"[""MOVED_DOWN""]",,0,0,False,0,,0
r5-1501201,182,3,14,3,15,72bcd96383d6500e3e30791e1422695c742671f4c12311ef993d9516e5c49edf,True,"[""MOVED_DOWN""]",,0,0,False,0,,0
r5-1501201,183,3,15,4,15,72bcd96383d6500e3e30791e1422695c742671f4c12311ef993d9516e5c49edf,True,"[""MOVED_RIGHT"",""BOMB_EXPLODED"",""CRATE_DESTROYED""]",,0,0,False,1,,0
r5-1501201,184,4,15,5,15,fc73656586eb2cedf9ac312991369f1c2ba13749a72d6b0a173c616d0a4c89c3,True,"[""MOVED_RIGHT""]",,0,0,False,2,,0
r5-1501201,185,5,15,5,15,fc73656586eb2cedf9ac312991369f1c2ba13749a72d6b0a173c616d0a4c89c3,False,"[""WAITED""]",,0,0,False,3,,0
r5-1501201,186,5,15,5,15,fc73656586eb2cedf9ac312991369f1c2ba13749a72d6b0a173c616d0a4c89c3,False,"[""BOMB_DROPPED""]",,0,0,False,3,,0
r5-1501201,187,5,15,5,15,fc73656586eb2cedf9ac312991369f1c2ba13749a72d6b0a173c616d0a4c89c3,True,"[""WAITED""]",,0,0,False,3,,0
r5-1501201,188,5,15,4,15,fc73656586eb2cedf9ac312991369f1c2ba13749a72d6b0a173c616d0a4c89c3,True,"[""MOVED_LEFT""]",,0,0,False,3,,0
r5-1501201,189,4,15,3,15,fc73656586eb2cedf9ac312991369f1c2ba13749a72d6b0a173c616d0a4c89c3,True,"[""MOVED_LEFT""]",,0,0,False,2,,0
r5-1501201,190,3,15,3,14,fc73656586eb2cedf9ac312991369f1c2ba13749a72d6b0a173c616d0a4c89c3,True,"[""MOVED_UP"",""BOMB_EXPLODED"",""CRATE_DESTROYED"",""CRATE_DESTROYED"",""COIN_FOUND"",""CRATE_DESTROYED""]",,0,0,False,1,,0
r5-1501201,191,3,14,3,13,25043eaedc226d1d4063d6d87b4fa8f452efda6817010988b7593810cd03603d,True,"[""MOVED_UP""]",,0,0,False,0,,0
r5-1501201,192,3,13,3,14,25043eaedc226d1d4063d6d87b4fa8f452efda6817010988b7593810cd03603d,False,"[""MOVED_DOWN""]",,0,0,False,0,,0
r5-1501201,193,3,14,3,15,25043eaedc226d1d4063d6d87b4fa8f452efda6817010988b7593810cd03603d,False,"[""MOVED_DOWN""]",,0,0,False,0,,0
r5-1501201,194,3,15,4,15,25043eaedc226d1d4063d6d87b4fa8f452efda6817010988b7593810cd03603d,False,"[""MOVED_RIGHT""]",,0,0,False,0,,0
r5-1501201,195,4,15,5,15,25043eaedc226d1d4063d6d87b4fa8f452efda6817010988b7593810cd03603d,False,"[""MOVED_RIGHT""]",,0,0,False,0,,0
r5-1501201,196,5,15,6,15,25043eaedc226d1d4063d6d87b4fa8f452efda6817010988b7593810cd03603d,False,"[""MOVED_RIGHT""]",,0,0,False,0,,0
r5-1501201,197,6,15,7,15,25043eaedc226d1d4063d6d87b4fa8f452efda6817010988b7593810cd03603d,False,"[""MOVED_RIGHT"",""COIN_COLLECTED""]",,0,0,False,1,,0
r5-1501201,198,7,15,7,15,b1919e9f93486dc89233a654d4107cf1869e249c3c86468ab928cf94b7b7a66c,False,"[""BOMB_DROPPED""]",,0,0,False,3,,0
r5-1501201,199,7,15,6,15,b1919e9f93486dc89233a654d4107cf1869e249c3c86468ab928cf94b7b7a66c,True,"[""MOVED_LEFT""]",,0,0,False,3,,0
r5-1501201,200,6,15,5,15,b1919e9f93486dc89233a654d4107cf1869e249c3c86468ab928cf94b7b7a66c,True,"[""MOVED_LEFT""]",,0,0,False,1,,0
r5-1501201,201,5,15,5,15,b1919e9f93486dc89233a654d4107cf1869e249c3c86468ab928cf94b7b7a66c,True,"[""WAITED""]",,0,0,False,0,,0
r5-1501201,202,5,15,5,14,b1919e9f93486dc89233a654d4107cf1869e249c3c86468ab928cf94b7b7a66c,True,"[""MOVED_UP"",""BOMB_EXPLODED"",""CRATE_DESTROYED"",""CRATE_DESTROYED"",""CRATE_DESTROYED"",""CRATE_DESTROYED""]",,0,0,False,0,,0
r5-1501201,203,5,14,5,13,2074c0abf0ae2fe49ef987eca09f0a22158aeb47c54548fb7de693962721db03,True,"[""MOVED_UP""]",,0,0,False,0,,0
r5-1501201,204,5,13,5,12,2074c0abf0ae2fe49ef987eca09f0a22158aeb47c54548fb7de693962721db03,False,"[""MOVED_UP""]",,0,0,False,0,,0
r5-1501201,205,5,12,5,11,2074c0abf0ae2fe49ef987eca09f0a22158aeb47c54548fb7de693962721db03,False,"[""MOVED_UP""]",,0,0,False,0,,0
r5-1501201,206,5,11,5,11,2074c0abf0ae2fe49ef987eca09f0a22158aeb47c54548fb7de693962721db03,False,"[""BOMB_DROPPED""]",,0,0,False,3,,0
r5-1501201,207,5,11,5,11,2074c0abf0ae2fe49ef987eca09f0a22158aeb47c54548fb7de693962721db03,True,"[""WAITED""]",,0,0,False,3,,0
r5-1501201,208,5,11,5,12,2074c0abf0ae2fe49ef987eca09f0a22158aeb47c54548fb7de693962721db03,True,"[""MOVED_DOWN""]",,0,0,False,3,,0
r5-1501201,209,5,12,5,13,2074c0abf0ae2fe49ef987eca09f0a22158aeb47c54548fb7de693962721db03,True,"[""MOVED_DOWN""]",,0,0,False,0,,0
r5-1501201,210,5,13,4,13,2074c0abf0ae2fe49ef987eca09f0a22158aeb47c54548fb7de693962721db03,True,"[""MOVED_LEFT"",""BOMB_EXPLODED"",""CRATE_DESTROYED"",""CRATE_DESTROYED"",""CRATE_DESTROYED"",""CRATE_DESTROYED""]",,0,0,False,0,,0
r5-1501201,211,4,13,3,13,0b547568c9da321f2d2de5530cfb245e4cacef9a549be549022f3508e1926771,True,"[""MOVED_LEFT""]",,0,0,False,0,,0
r5-1501201,212,3,13,3,12,0b547568c9da321f2d2de5530cfb245e4cacef9a549be549022f3508e1926771,False,"[""MOVED_UP""]",,0,0,False,0,,0
r5-1501201,213,3,12,3,11,0b547568c9da321f2d2de5530cfb245e4cacef9a549be549022f3508e1926771,False,"[""MOVED_UP""]",,0,0,False,0,,0
r5-1501201,214,3,11,3,11,0b547568c9da321f2d2de5530cfb245e4cacef9a549be549022f3508e1926771,False,"[""BOMB_DROPPED""]",,0,0,False,2,,0
r5-1501201,215,3,11,3,11,0b547568c9da321f2d2de5530cfb245e4cacef9a549be549022f3508e1926771,True,"[""WAITED""]",,0,0,False,2,,0
r5-1501201,216,3,11,3,12,0b547568c9da321f2d2de5530cfb245e4cacef9a549be549022f3508e1926771,True,"[""MOVED_DOWN""]",,0,0,False,2,,0
r5-1501201,217,3,12,3,13,0b547568c9da321f2d2de5530cfb245e4cacef9a549be549022f3508e1926771,True,"[""MOVED_DOWN""]",,0,0,False,0,,0
r5-1501201,218,3,13,2,13,0b547568c9da321f2d2de5530cfb245e4cacef9a549be549022f3508e1926771,True,"[""MOVED_LEFT"",""BOMB_EXPLODED"",""CRATE_DESTROYED"",""CRATE_DESTROYED""]",,0,0,False,0,,0
r5-1501201,219,2,13,1,13,6ca8bd3a5c126aca1db03c1fe349fee60c7a363984ef5b2149084129bb760158,True,"[""MOVED_LEFT""]",,0,0,False,0,,0
r5-1501201,220,1,13,2,13,6ca8bd3a5c126aca1db03c1fe349fee60c7a363984ef5b2149084129bb760158,False,"[""MOVED_RIGHT""]",,0,0,False,2,,0
r5-1501201,221,2,13,1,13,6ca8bd3a5c126aca1db03c1fe349fee60c7a363984ef5b2149084129bb760158,False,"[""MOVED_LEFT""]",,0,0,False,0,,0
r5-1501201,222,1,13,1,13,6ca8bd3a5c126aca1db03c1fe349fee60c7a363984ef5b2149084129bb760158,False,"[""BOMB_DROPPED""]",,0,0,False,2,,0
r5-1501201,223,1,13,1,14,6ca8bd3a5c126aca1db03c1fe349fee60c7a363984ef5b2149084129bb760158,True,"[""MOVED_DOWN""]",,0,0,False,2,,0
r5-1501201,224,1,14,1,14,6ca8bd3a5c126aca1db03c1fe349fee60c7a363984ef5b2149084129bb760158,True,"[""WAITED""]",,0,0,False,1,,0
r5-1501201,225,1,14,1,15,6ca8bd3a5c126aca1db03c1fe349fee60c7a363984ef5b2149084129bb760158,True,"[""MOVED_DOWN""]",,0,0,False,1,,0
r5-1501201,226,1,15,2,15,6ca8bd3a5c126aca1db03c1fe349fee60c7a363984ef5b2149084129bb760158,True,"[""MOVED_RIGHT"",""BOMB_EXPLODED"",""CRATE_DESTROYED"",""CRATE_DESTROYED""]",,0,0,False,1,,0
r5-1501201,227,2,15,3,15,64d90e6883b8e37080c1f8cb53e6dd36d2ff0b643e8d7527e808a232579c4737,True,"[""MOVED_RIGHT""]",,0,0,False,0,,0
r5-1501201,228,3,15,3,14,64d90e6883b8e37080c1f8cb53e6dd36d2ff0b643e8d7527e808a232579c4737,False,"[""MOVED_UP""]",,0,0,False,0,,0
r5-1501201,229,3,14,3,13,64d90e6883b8e37080c1f8cb53e6dd36d2ff0b643e8d7527e808a232579c4737,False,"[""MOVED_UP""]",,0,0,False,0,,0
r5-1501201,230,3,13,2,13,64d90e6883b8e37080c1f8cb53e6dd36d2ff0b643e8d7527e808a232579c4737,False,"[""MOVED_LEFT""]",,0,0,False,0,,0
r5-1501201,231,2,13,1,13,64d90e6883b8e37080c1f8cb53e6dd36d2ff0b643e8d7527e808a232579c4737,False,"[""MOVED_LEFT""]",,0,0,False,0,,0
r5-1501201,232,1,13,1,12,64d90e6883b8e37080c1f8cb53e6dd36d2ff0b643e8d7527e808a232579c4737,False,"[""MOVED_UP""]",,0,0,False,0,,0
r5-1501201,233,1,12,1,12,64d90e6883b8e37080c1f8cb53e6dd36d2ff0b643e8d7527e808a232579c4737,False,"[""BOMB_DROPPED""]",,0,0,False,1,,0
r5-1501201,234,1,12,1,12,64d90e6883b8e37080c1f8cb53e6dd36d2ff0b643e8d7527e808a232579c4737,True,"[""WAITED""]",,0,0,False,1,,0
r5-1501201,235,1,12,1,12,64d90e6883b8e37080c1f8cb53e6dd36d2ff0b643e8d7527e808a232579c4737,True,"[""WAITED""]",,0,0,False,1,,0
r5-1501201,236,1,12,1,11,64d90e6883b8e37080c1f8cb53e6dd36d2ff0b643e8d7527e808a232579c4737,True,"[""MOVED_UP""]",,0,0,False,1,,0
r5-1501201,237,1,11,2,11,64d90e6883b8e37080c1f8cb53e6dd36d2ff0b643e8d7527e808a232579c4737,True,"[""MOVED_RIGHT"",""BOMB_EXPLODED"",""CRATE_DESTROYED""]",,0,0,False,2,,0
r5-1501201,238,2,11,3,11,e815d0a9f95ea116132dd274038cebd57af9744bb625790a63ee9c67d014dd72,True,"[""MOVED_RIGHT""]",,0,0,False,0,,0
r5-1501201,239,3,11,3,10,e815d0a9f95ea116132dd274038cebd57af9744bb625790a63ee9c67d014dd72,False,"[""MOVED_UP""]",,0,0,False,0,,0
r5-1501201,240,3,10,3,9,e815d0a9f95ea116132dd274038cebd57af9744bb625790a63ee9c67d014dd72,False,"[""MOVED_UP""]",,0,0,False,0,,0
r5-1501201,241,3,9,3,9,e815d0a9f95ea116132dd274038cebd57af9744bb625790a63ee9c67d014dd72,False,"[""BOMB_DROPPED""]",,0,0,False,3,,0
r5-1501201,242,3,9,3,9,e815d0a9f95ea116132dd274038cebd57af9744bb625790a63ee9c67d014dd72,True,"[""WAITED""]",,0,0,False,3,,0
r5-1501201,243,3,9,3,10,e815d0a9f95ea116132dd274038cebd57af9744bb625790a63ee9c67d014dd72,True,"[""MOVED_DOWN""]",,0,0,False,3,,0
r5-1501201,244,3,10,3,11,e815d0a9f95ea116132dd274038cebd57af9744bb625790a63ee9c67d014dd72,True,"[""MOVED_DOWN""]",,0,0,False,0,,0
r5-1501201,245,3,11,2,11,e815d0a9f95ea116132dd274038cebd57af9744bb625790a63ee9c67d014dd72,True,"[""MOVED_LEFT"",""BOMB_EXPLODED"",""CRATE_DESTROYED"",""CRATE_DESTROYED"",""CRATE_DESTROYED"",""CRATE_DESTROYED""]",,0,0,False,0,,0
r5-1501201,246,2,11,1,11,52e3b260d09ed7fd8e2ecae020813fe2b73fbea41f0f22f42a1189a4e81cf93b,True,"[""MOVED_LEFT""]",,0,0,False,0,,0
r5-1501201,247,1,11,1,11,52e3b260d09ed7fd8e2ecae020813fe2b73fbea41f0f22f42a1189a4e81cf93b,False,"[""WAITED""]",,0,0,False,1,,0
r5-1501201,248,1,11,1,11,52e3b260d09ed7fd8e2ecae020813fe2b73fbea41f0f22f42a1189a4e81cf93b,False,"[""BOMB_DROPPED""]",,0,0,False,1,,0
r5-1501201,249,1,11,1,12,52e3b260d09ed7fd8e2ecae020813fe2b73fbea41f0f22f42a1189a4e81cf93b,True,"[""MOVED_DOWN""]",,0,0,False,1,,0
r5-1501201,250,1,12,1,12,52e3b260d09ed7fd8e2ecae020813fe2b73fbea41f0f22f42a1189a4e81cf93b,True,"[""WAITED""]",,0,0,False,0,,0
r5-1501201,251,1,12,1,13,52e3b260d09ed7fd8e2ecae020813fe2b73fbea41f0f22f42a1189a4e81cf93b,True,"[""MOVED_DOWN""]",,0,0,False,0,,0
r5-1501201,252,1,13,2,13,52e3b260d09ed7fd8e2ecae020813fe2b73fbea41f0f22f42a1189a4e81cf93b,True,"[""MOVED_RIGHT"",""BOMB_EXPLODED"",""CRATE_DESTROYED""]",,0,0,False,0,,0
r5-1501201,253,2,13,3,13,99d208709099267c44f0903714faf7b0fccbfbacf363d6c9477ef39da9c922c6,True,"[""MOVED_RIGHT""]",,0,0,False,0,,0
r5-1501201,254,3,13,3,14,99d208709099267c44f0903714faf7b0fccbfbacf363d6c9477ef39da9c922c6,False,"[""MOVED_DOWN""]",,0,0,False,0,,0
r5-1501201,255,3,14,3,13,99d208709099267c44f0903714faf7b0fccbfbacf363d6c9477ef39da9c922c6,False,"[""MOVED_UP""]",,0,0,False,0,,0
r5-1501201,256,3,13,3,14,99d208709099267c44f0903714faf7b0fccbfbacf363d6c9477ef39da9c922c6,False,"[""MOVED_DOWN""]",,0,0,False,0,,0
r5-1501201,257,3,14,3,13,99d208709099267c44f0903714faf7b0fccbfbacf363d6c9477ef39da9c922c6,False,"[""MOVED_UP""]",,0,0,False,0,,0
r5-1501201,258,3,13,3,14,99d208709099267c44f0903714faf7b0fccbfbacf363d6c9477ef39da9c922c6,False,"[""MOVED_DOWN""]",,0,0,False,0,,0
r5-1501201,259,3,14,3,13,99d208709099267c44f0903714faf7b0fccbfbacf363d6c9477ef39da9c922c6,False,"[""MOVED_UP""]",,0,0,False,0,,0
r5-1501201,260,3,13,3,14,99d208709099267c44f0903714faf7b0fccbfbacf363d6c9477ef39da9c922c6,False,"[""MOVED_DOWN""]",,0,0,False,0,,0
r5-1501201,261,3,14,3,13,99d208709099267c44f0903714faf7b0fccbfbacf363d6c9477ef39da9c922c6,False,"[""MOVED_UP""]",,0,0,False,0,,0
r5-1501201,262,3,13,3,14,99d208709099267c44f0903714faf7b0fccbfbacf363d6c9477ef39da9c922c6,False,"[""MOVED_DOWN""]",,0,0,False,0,,0
r5-1501201,263,3,14,3,13,99d208709099267c44f0903714faf7b0fccbfbacf363d6c9477ef39da9c922c6,False,"[""MOVED_UP""]",,0,0,False,0,,0
r5-1501201,264,3,13,3,14,99d208709099267c44f0903714faf7b0fccbfbacf363d6c9477ef39da9c922c6,False,"[""MOVED_DOWN""]",,0,0,False,0,,0
r5-1501201,265,3,14,3,13,99d208709099267c44f0903714faf7b0fccbfbacf363d6c9477ef39da9c922c6,False,"[""MOVED_UP""]",,0,0,False,0,,0
r5-1501201,266,3,13,3,14,99d208709099267c44f0903714faf7b0fccbfbacf363d6c9477ef39da9c922c6,False,"[""MOVED_DOWN""]",,0,0,False,0,,0
r5-1501201,267,3,14,3,13,99d208709099267c44f0903714faf7b0fccbfbacf363d6c9477ef39da9c922c6,False,"[""MOVED_UP""]",,0,0,False,0,,0
r5-1501201,268,3,13,3,14,99d208709099267c44f0903714faf7b0fccbfbacf363d6c9477ef39da9c922c6,False,"[""MOVED_DOWN""]",,0,0,False,0,,0
r5-1501201,269,3,14,3,13,99d208709099267c44f0903714faf7b0fccbfbacf363d6c9477ef39da9c922c6,False,"[""MOVED_UP""]",,0,0,False,0,,0
r5-1501201,270,3,13,3,14,99d208709099267c44f0903714faf7b0fccbfbacf363d6c9477ef39da9c922c6,False,"[""MOVED_DOWN""]",,0,0,False,0,,0
r5-1501201,271,3,14,3,13,99d208709099267c44f0903714faf7b0fccbfbacf363d6c9477ef39da9c922c6,False,"[""MOVED_UP""]",,0,0,False,0,,0
r5-1501201,272,3,13,3,14,99d208709099267c44f0903714faf7b0fccbfbacf363d6c9477ef39da9c922c6,False,"[""MOVED_DOWN""]",,0,0,False,0,,0
r5-1501201,273,3,14,3,13,99d208709099267c44f0903714faf7b0fccbfbacf363d6c9477ef39da9c922c6,False,"[""MOVED_UP""]",,0,0,False,0,,0
r5-1501201,274,3,13,3,14,99d208709099267c44f0903714faf7b0fccbfbacf363d6c9477ef39da9c922c6,False,"[""MOVED_DOWN""]",,0,0,False,0,,0
r5-1501201,275,3,14,3,13,99d208709099267c44f0903714faf7b0fccbfbacf363d6c9477ef39da9c922c6,False,"[""MOVED_UP""]",,0,0,False,0,,0
r5-1501201,276,3,13,3,14,99d208709099267c44f0903714faf7b0fccbfbacf363d6c9477ef39da9c922c6,False,"[""MOVED_DOWN""]",,0,0,False,0,,0
r5-1501201,277,3,14,3,13,99d208709099267c44f0903714faf7b0fccbfbacf363d6c9477ef39da9c922c6,False,"[""MOVED_UP""]",,0,0,False,0,,0
r5-1501201,278,3,13,3,14,99d208709099267c44f0903714faf7b0fccbfbacf363d6c9477ef39da9c922c6,False,"[""MOVED_DOWN""]",,0,0,False,0,,0
r5-1501201,279,3,14,3,13,99d208709099267c44f0903714faf7b0fccbfbacf363d6c9477ef39da9c922c6,False,"[""MOVED_UP""]",,0,0,False,0,,0
r5-1501201,280,3,13,3,14,99d208709099267c44f0903714faf7b0fccbfbacf363d6c9477ef39da9c922c6,False,"[""MOVED_DOWN""]",,0,0,False,0,,0
r5-1501201,281,3,14,3,13,99d208709099267c44f0903714faf7b0fccbfbacf363d6c9477ef39da9c922c6,False,"[""MOVED_UP""]",,0,0,False,0,,0
r5-1501201,282,3,13,3,14,99d208709099267c44f0903714faf7b0fccbfbacf363d6c9477ef39da9c922c6,False,"[""MOVED_DOWN""]",,0,0,False,0,,0
r5-1501201,283,3,14,3,13,99d208709099267c44f0903714faf7b0fccbfbacf363d6c9477ef39da9c922c6,False,"[""MOVED_UP""]",,0,0,False,0,,0
r5-1501201,284,3,13,3,14,99d208709099267c44f0903714faf7b0fccbfbacf363d6c9477ef39da9c922c6,False,"[""MOVED_DOWN""]",,0,0,False,0,,0
r5-1501201,285,3,14,3,13,99d208709099267c44f0903714faf7b0fccbfbacf363d6c9477ef39da9c922c6,False,"[""MOVED_UP""]",,0,0,False,0,,0
r5-1501201,286,3,13,3,14,99d208709099267c44f0903714faf7b0fccbfbacf363d6c9477ef39da9c922c6,False,"[""MOVED_DOWN""]",,0,0,False,0,,0
r5-1501201,287,3,14,3,13,99d208709099267c44f0903714faf7b0fccbfbacf363d6c9477ef39da9c922c6,False,"[""MOVED_UP""]",,0,0,False,0,,0
r5-1501201,288,3,13,3,14,99d208709099267c44f0903714faf7b0fccbfbacf363d6c9477ef39da9c922c6,False,"[""MOVED_DOWN""]",,0,0,False,0,,0
r5-1501201,289,3,14,3,13,99d208709099267c44f0903714faf7b0fccbfbacf363d6c9477ef39da9c922c6,False,"[""MOVED_UP""]",,0,0,False,0,,0
r5-1501201,290,3,13,3,14,99d208709099267c44f0903714faf7b0fccbfbacf363d6c9477ef39da9c922c6,False,"[""MOVED_DOWN""]",,0,0,False,0,,0
r5-1501201,291,3,14,3,13,99d208709099267c44f0903714faf7b0fccbfbacf363d6c9477ef39da9c922c6,False,"[""MOVED_UP""]",,0,0,False,0,,0
r5-1501201,292,3,13,3,14,99d208709099267c44f0903714faf7b0fccbfbacf363d6c9477ef39da9c922c6,False,"[""MOVED_DOWN""]",,0,0,False,0,,0
r5-1501201,293,3,14,3,13,99d208709099267c44f0903714faf7b0fccbfbacf363d6c9477ef39da9c922c6,False,"[""MOVED_UP""]",,0,0,False,0,,0
r5-1501201,294,3,13,3,14,99d208709099267c44f0903714faf7b0fccbfbacf363d6c9477ef39da9c922c6,False,"[""MOVED_DOWN""]",,0,0,False,0,,0
r5-1501201,295,3,14,3,13,99d208709099267c44f0903714faf7b0fccbfbacf363d6c9477ef39da9c922c6,False,"[""MOVED_UP""]",,0,0,False,0,,0
r5-1501201,296,3,13,3,14,99d208709099267c44f0903714faf7b0fccbfbacf363d6c9477ef39da9c922c6,False,"[""MOVED_DOWN""]",,0,0,False,0,,0
r5-1501201,297,3,14,3,13,99d208709099267c44f0903714faf7b0fccbfbacf363d6c9477ef39da9c922c6,False,"[""MOVED_UP""]",,0,0,False,0,,0
r5-1501201,298,3,13,3,14,99d208709099267c44f0903714faf7b0fccbfbacf363d6c9477ef39da9c922c6,False,"[""MOVED_DOWN""]",,0,0,False,0,,0
r5-1501201,299,3,14,3,13,99d208709099267c44f0903714faf7b0fccbfbacf363d6c9477ef39da9c922c6,False,"[""MOVED_UP""]",,0,0,False,0,,0
r5-1501201,300,3,13,3,14,99d208709099267c44f0903714faf7b0fccbfbacf363d6c9477ef39da9c922c6,False,"[""MOVED_DOWN""]",,0,0,False,0,,0
r5-1501201,301,3,14,3,13,99d208709099267c44f0903714faf7b0fccbfbacf363d6c9477ef39da9c922c6,False,"[""MOVED_UP""]",,0,0,False,0,,0
r5-1501201,302,3,13,3,14,99d208709099267c44f0903714faf7b0fccbfbacf363d6c9477ef39da9c922c6,False,"[""MOVED_DOWN""]",,0,0,False,0,,0
r5-1501201,303,3,14,3,13,99d208709099267c44f0903714faf7b0fccbfbacf363d6c9477ef39da9c922c6,False,"[""MOVED_UP""]",,0,0,False,0,,0
r5-1501201,304,3,13,3,14,99d208709099267c44f0903714faf7b0fccbfbacf363d6c9477ef39da9c922c6,False,"[""MOVED_DOWN""]",,0,0,False,0,,0
r5-1501201,305,3,14,3,13,99d208709099267c44f0903714faf7b0fccbfbacf363d6c9477ef39da9c922c6,False,"[""MOVED_UP""]",,0,0,False,0,,0
r5-1501201,306,3,13,3,14,99d208709099267c44f0903714faf7b0fccbfbacf363d6c9477ef39da9c922c6,False,"[""MOVED_DOWN""]",,0,0,False,0,,0
r5-1501201,307,3,14,3,13,99d208709099267c44f0903714faf7b0fccbfbacf363d6c9477ef39da9c922c6,False,"[""MOVED_UP""]",,0,0,False,0,,0
r5-1501201,308,3,13,3,14,99d208709099267c44f0903714faf7b0fccbfbacf363d6c9477ef39da9c922c6,False,"[""MOVED_DOWN""]",,0,0,False,0,,0
r5-1501201,309,3,14,3,13,99d208709099267c44f0903714faf7b0fccbfbacf363d6c9477ef39da9c922c6,False,"[""MOVED_UP""]",,0,0,False,0,,0
r5-1501201,310,3,13,3,14,99d208709099267c44f0903714faf7b0fccbfbacf363d6c9477ef39da9c922c6,False,"[""MOVED_DOWN""]",,0,0,False,0,,0
r5-1501201,311,3,14,3,13,99d208709099267c44f0903714faf7b0fccbfbacf363d6c9477ef39da9c922c6,False,"[""MOVED_UP""]",,0,0,False,0,,0
r5-1501201,312,3,13,3,14,99d208709099267c44f0903714faf7b0fccbfbacf363d6c9477ef39da9c922c6,False,"[""MOVED_DOWN""]",,0,0,False,0,,0
r5-1501201,313,3,14,3,13,99d208709099267c44f0903714faf7b0fccbfbacf363d6c9477ef39da9c922c6,False,"[""MOVED_UP""]",,0,0,False,0,,0
r5-1501201,314,3,13,3,14,99d208709099267c44f0903714faf7b0fccbfbacf363d6c9477ef39da9c922c6,False,"[""MOVED_DOWN""]",,0,0,False,0,,0
r5-1501201,315,3,14,3,13,99d208709099267c44f0903714faf7b0fccbfbacf363d6c9477ef39da9c922c6,False,"[""MOVED_UP""]",,0,0,False,0,,0
r5-1501201,316,3,13,3,14,99d208709099267c44f0903714faf7b0fccbfbacf363d6c9477ef39da9c922c6,False,"[""MOVED_DOWN""]",,0,0,False,0,,0
r5-1501201,317,3,14,3,13,99d208709099267c44f0903714faf7b0fccbfbacf363d6c9477ef39da9c922c6,False,"[""MOVED_UP""]",,0,0,False,0,,0
r5-1501201,318,3,13,3,14,99d208709099267c44f0903714faf7b0fccbfbacf363d6c9477ef39da9c922c6,False,"[""MOVED_DOWN""]",,0,0,False,0,,0
r5-1501201,319,3,14,3,13,99d208709099267c44f0903714faf7b0fccbfbacf363d6c9477ef39da9c922c6,False,"[""MOVED_UP""]",,0,0,False,0,,0
r5-1501201,320,3,13,3,14,99d208709099267c44f0903714faf7b0fccbfbacf363d6c9477ef39da9c922c6,False,"[""MOVED_DOWN""]",,0,0,False,0,,0
r5-1501201,321,3,14,3,13,99d208709099267c44f0903714faf7b0fccbfbacf363d6c9477ef39da9c922c6,False,"[""MOVED_UP""]",,0,0,False,0,,0
r5-1501201,322,3,13,3,14,99d208709099267c44f0903714faf7b0fccbfbacf363d6c9477ef39da9c922c6,False,"[""MOVED_DOWN""]",,0,0,False,0,,0
r5-1501201,323,3,14,3,13,99d208709099267c44f0903714faf7b0fccbfbacf363d6c9477ef39da9c922c6,False,"[""MOVED_UP""]",,0,0,False,0,,0
r5-1501201,324,3,13,3,14,99d208709099267c44f0903714faf7b0fccbfbacf363d6c9477ef39da9c922c6,False,"[""MOVED_DOWN""]",,0,0,False,0,,0
r5-1501201,325,3,14,3,13,99d208709099267c44f0903714faf7b0fccbfbacf363d6c9477ef39da9c922c6,False,"[""MOVED_UP""]",,0,0,False,0,,0
r5-1501201,326,3,13,3,14,99d208709099267c44f0903714faf7b0fccbfbacf363d6c9477ef39da9c922c6,False,"[""MOVED_DOWN""]",,0,0,False,0,,0
r5-1501201,327,3,14,3,13,99d208709099267c44f0903714faf7b0fccbfbacf363d6c9477ef39da9c922c6,False,"[""MOVED_UP""]",,0,0,False,0,,0
r5-1501201,328,3,13,3,14,99d208709099267c44f0903714faf7b0fccbfbacf363d6c9477ef39da9c922c6,False,"[""MOVED_DOWN""]",,0,0,False,0,,0
r5-1501201,329,3,14,3,13,99d208709099267c44f0903714faf7b0fccbfbacf363d6c9477ef39da9c922c6,False,"[""MOVED_UP""]",,0,0,False,0,,0
r5-1501201,330,3,13,3,14,99d208709099267c44f0903714faf7b0fccbfbacf363d6c9477ef39da9c922c6,False,"[""MOVED_DOWN""]",,0,0,False,0,,0
r5-1501201,331,3,14,3,13,99d208709099267c44f0903714faf7b0fccbfbacf363d6c9477ef39da9c922c6,False,"[""MOVED_UP""]",,0,0,False,0,,0
r5-1501201,332,3,13,3,14,99d208709099267c44f0903714faf7b0fccbfbacf363d6c9477ef39da9c922c6,False,"[""MOVED_DOWN""]",,0,0,False,0,,0
r5-1501201,333,3,14,3,13,99d208709099267c44f0903714faf7b0fccbfbacf363d6c9477ef39da9c922c6,False,"[""MOVED_UP""]",,0,0,False,0,,0
r5-1501201,334,3,13,3,14,99d208709099267c44f0903714faf7b0fccbfbacf363d6c9477ef39da9c922c6,False,"[""MOVED_DOWN""]",,0,0,False,0,,0
r5-1501201,335,3,14,3,13,99d208709099267c44f0903714faf7b0fccbfbacf363d6c9477ef39da9c922c6,False,"[""MOVED_UP""]",,0,0,False,0,,0
r5-1501201,336,3,13,3,14,99d208709099267c44f0903714faf7b0fccbfbacf363d6c9477ef39da9c922c6,False,"[""MOVED_DOWN""]",,0,0,False,0,,0
r5-1501201,337,3,14,3,13,99d208709099267c44f0903714faf7b0fccbfbacf363d6c9477ef39da9c922c6,False,"[""MOVED_UP""]",,0,0,False,0,,0
r5-1501201,338,3,13,3,14,99d208709099267c44f0903714faf7b0fccbfbacf363d6c9477ef39da9c922c6,False,"[""MOVED_DOWN""]",,0,0,False,0,,0
r5-1501201,339,3,14,3,13,99d208709099267c44f0903714faf7b0fccbfbacf363d6c9477ef39da9c922c6,False,"[""MOVED_UP""]",,0,0,False,0,,0
r5-1501201,340,3,13,3,14,99d208709099267c44f0903714faf7b0fccbfbacf363d6c9477ef39da9c922c6,False,"[""MOVED_DOWN""]",,0,0,False,0,,0
r5-1501201,341,3,14,3,13,99d208709099267c44f0903714faf7b0fccbfbacf363d6c9477ef39da9c922c6,False,"[""MOVED_UP""]",,0,0,False,0,,0
r5-1501201,342,3,13,3,14,99d208709099267c44f0903714faf7b0fccbfbacf363d6c9477ef39da9c922c6,False,"[""MOVED_DOWN""]",,0,0,False,0,,0
r5-1501201,343,3,14,3,13,99d208709099267c44f0903714faf7b0fccbfbacf363d6c9477ef39da9c922c6,False,"[""MOVED_UP""]",,0,0,False,0,,0
r5-1501201,344,3,13,3,14,99d208709099267c44f0903714faf7b0fccbfbacf363d6c9477ef39da9c922c6,False,"[""MOVED_DOWN""]",,0,0,False,0,,0
r5-1501201,345,3,14,3,13,99d208709099267c44f0903714faf7b0fccbfbacf363d6c9477ef39da9c922c6,False,"[""MOVED_UP""]",,0,0,False,0,,0
r5-1501201,346,3,13,3,14,99d208709099267c44f0903714faf7b0fccbfbacf363d6c9477ef39da9c922c6,False,"[""MOVED_DOWN""]",,0,0,False,0,,0
r5-1501201,347,3,14,3,13,99d208709099267c44f0903714faf7b0fccbfbacf363d6c9477ef39da9c922c6,False,"[""MOVED_UP""]",,0,0,False,0,,0
r5-1501201,348,3,13,3,14,99d208709099267c44f0903714faf7b0fccbfbacf363d6c9477ef39da9c922c6,False,"[""MOVED_DOWN""]",,0,0,False,0,,0
r5-1501201,349,3,14,3,13,99d208709099267c44f0903714faf7b0fccbfbacf363d6c9477ef39da9c922c6,False,"[""MOVED_UP""]",,0,0,False,0,,0
r5-1501201,350,3,13,3,14,99d208709099267c44f0903714faf7b0fccbfbacf363d6c9477ef39da9c922c6,False,"[""MOVED_DOWN""]",,0,0,False,0,,0
r5-1501201,351,3,14,3,13,99d208709099267c44f0903714faf7b0fccbfbacf363d6c9477ef39da9c922c6,False,"[""MOVED_UP""]",,0,0,False,0,,0
r5-1501201,352,3,13,3,14,99d208709099267c44f0903714faf7b0fccbfbacf363d6c9477ef39da9c922c6,False,"[""MOVED_DOWN""]",,0,0,False,0,,0
r5-1501201,353,3,14,3,13,99d208709099267c44f0903714faf7b0fccbfbacf363d6c9477ef39da9c922c6,False,"[""MOVED_UP""]",,0,0,False,0,,0
r5-1501201,354,3,13,3,14,99d208709099267c44f0903714faf7b0fccbfbacf363d6c9477ef39da9c922c6,False,"[""MOVED_DOWN""]",,0,0,False,0,,0
r5-1501201,355,3,14,3,13,99d208709099267c44f0903714faf7b0fccbfbacf363d6c9477ef39da9c922c6,False,"[""MOVED_UP""]",,0,0,False,0,,0
r5-1501201,356,3,13,3,14,99d208709099267c44f0903714faf7b0fccbfbacf363d6c9477ef39da9c922c6,False,"[""MOVED_DOWN""]",,0,0,False,0,,0
r5-1501201,357,3,14,3,13,99d208709099267c44f0903714faf7b0fccbfbacf363d6c9477ef39da9c922c6,False,"[""MOVED_UP""]",,0,0,False,0,,0
r5-1501201,358,3,13,3,14,99d208709099267c44f0903714faf7b0fccbfbacf363d6c9477ef39da9c922c6,False,"[""MOVED_DOWN""]",,0,0,False,0,,0
r5-1501201,359,3,14,3,13,99d208709099267c44f0903714faf7b0fccbfbacf363d6c9477ef39da9c922c6,False,"[""MOVED_UP""]",,0,0,False,0,,0
r5-1501201,360,3,13,3,14,99d208709099267c44f0903714faf7b0fccbfbacf363d6c9477ef39da9c922c6,False,"[""MOVED_DOWN""]",,0,0,False,0,,0
r5-1501201,361,3,14,3,13,99d208709099267c44f0903714faf7b0fccbfbacf363d6c9477ef39da9c922c6,False,"[""MOVED_UP""]",,0,0,False,0,,0
r5-1501201,362,3,13,3,14,99d208709099267c44f0903714faf7b0fccbfbacf363d6c9477ef39da9c922c6,False,"[""MOVED_DOWN""]",,0,0,False,0,,0
r5-1501201,363,3,14,3,13,99d208709099267c44f0903714faf7b0fccbfbacf363d6c9477ef39da9c922c6,False,"[""MOVED_UP""]",,0,0,False,0,,0
r5-1501201,364,3,13,3,14,99d208709099267c44f0903714faf7b0fccbfbacf363d6c9477ef39da9c922c6,False,"[""MOVED_DOWN""]",,0,0,False,0,,0
r5-1501201,365,3,14,3,13,99d208709099267c44f0903714faf7b0fccbfbacf363d6c9477ef39da9c922c6,False,"[""MOVED_UP""]",,0,0,False,0,,0
r5-1501201,366,3,13,3,14,99d208709099267c44f0903714faf7b0fccbfbacf363d6c9477ef39da9c922c6,False,"[""MOVED_DOWN""]",,0,0,False,0,,0
r5-1501201,367,3,14,3,13,99d208709099267c44f0903714faf7b0fccbfbacf363d6c9477ef39da9c922c6,False,"[""MOVED_UP""]",,0,0,False,0,,0
r5-1501201,368,3,13,3,14,99d208709099267c44f0903714faf7b0fccbfbacf363d6c9477ef39da9c922c6,False,"[""MOVED_DOWN""]",,0,0,False,0,,0
r5-1501201,369,3,14,3,13,99d208709099267c44f0903714faf7b0fccbfbacf363d6c9477ef39da9c922c6,False,"[""MOVED_UP""]",,0,0,False,0,,0
r5-1501201,370,3,13,3,14,99d208709099267c44f0903714faf7b0fccbfbacf363d6c9477ef39da9c922c6,False,"[""MOVED_DOWN""]",,0,0,False,0,,0
r5-1501201,371,3,14,3,13,99d208709099267c44f0903714faf7b0fccbfbacf363d6c9477ef39da9c922c6,False,"[""MOVED_UP""]",,0,0,False,0,,0
r5-1501201,372,3,13,3,14,99d208709099267c44f0903714faf7b0fccbfbacf363d6c9477ef39da9c922c6,False,"[""MOVED_DOWN""]",,0,0,False,0,,0
r5-1501201,373,3,14,3,13,99d208709099267c44f0903714faf7b0fccbfbacf363d6c9477ef39da9c922c6,False,"[""MOVED_UP""]",,0,0,False,0,,0
r5-1501201,374,3,13,3,14,99d208709099267c44f0903714faf7b0fccbfbacf363d6c9477ef39da9c922c6,False,"[""MOVED_DOWN""]",,0,0,False,0,,0
r5-1501201,375,3,14,3,13,99d208709099267c44f0903714faf7b0fccbfbacf363d6c9477ef39da9c922c6,False,"[""MOVED_UP""]",,0,0,False,0,,0
r5-1501201,376,3,13,3,14,99d208709099267c44f0903714faf7b0fccbfbacf363d6c9477ef39da9c922c6,False,"[""MOVED_DOWN""]",,0,0,False,0,,0
r5-1501201,377,3,14,3,13,99d208709099267c44f0903714faf7b0fccbfbacf363d6c9477ef39da9c922c6,False,"[""MOVED_UP""]",,0,0,False,0,,0
r5-1501201,378,3,13,3,14,99d208709099267c44f0903714faf7b0fccbfbacf363d6c9477ef39da9c922c6,False,"[""MOVED_DOWN""]",,0,0,False,0,,0
r5-1501201,379,3,14,3,13,99d208709099267c44f0903714faf7b0fccbfbacf363d6c9477ef39da9c922c6,False,"[""MOVED_UP""]",,0,0,False,0,,0
r5-1501201,380,3,13,3,14,99d208709099267c44f0903714faf7b0fccbfbacf363d6c9477ef39da9c922c6,False,"[""MOVED_DOWN""]",,0,0,False,0,,0
r5-1501201,381,3,14,3,13,99d208709099267c44f0903714faf7b0fccbfbacf363d6c9477ef39da9c922c6,False,"[""MOVED_UP""]",,0,0,False,0,,0
r5-1501201,382,3,13,3,14,99d208709099267c44f0903714faf7b0fccbfbacf363d6c9477ef39da9c922c6,False,"[""MOVED_DOWN""]",,0,0,False,0,,0
r5-1501201,383,3,14,3,13,99d208709099267c44f0903714faf7b0fccbfbacf363d6c9477ef39da9c922c6,False,"[""MOVED_UP""]",,0,0,False,0,,0
r5-1501201,384,3,13,3,14,99d208709099267c44f0903714faf7b0fccbfbacf363d6c9477ef39da9c922c6,False,"[""MOVED_DOWN""]",,0,0,False,0,,0
r5-1501201,385,3,14,3,13,99d208709099267c44f0903714faf7b0fccbfbacf363d6c9477ef39da9c922c6,False,"[""MOVED_UP""]",,0,0,False,0,,0
r5-1501201,386,3,13,3,14,99d208709099267c44f0903714faf7b0fccbfbacf363d6c9477ef39da9c922c6,False,"[""MOVED_DOWN""]",,0,0,False,0,,0
r5-1501201,387,3,14,3,13,99d208709099267c44f0903714faf7b0fccbfbacf363d6c9477ef39da9c922c6,False,"[""MOVED_UP""]",,0,0,False,0,,0
r5-1501201,388,3,13,3,14,99d208709099267c44f0903714faf7b0fccbfbacf363d6c9477ef39da9c922c6,False,"[""MOVED_DOWN""]",,0,0,False,0,,0
r5-1501201,389,3,14,3,13,99d208709099267c44f0903714faf7b0fccbfbacf363d6c9477ef39da9c922c6,False,"[""MOVED_UP""]",,0,0,False,0,,0
r5-1501201,390,3,13,3,14,99d208709099267c44f0903714faf7b0fccbfbacf363d6c9477ef39da9c922c6,False,"[""MOVED_DOWN""]",,0,0,False,0,,0
r5-1501201,391,3,14,3,13,99d208709099267c44f0903714faf7b0fccbfbacf363d6c9477ef39da9c922c6,False,"[""MOVED_UP""]",,0,0,False,0,,0
r5-1501201,392,3,13,3,14,99d208709099267c44f0903714faf7b0fccbfbacf363d6c9477ef39da9c922c6,False,"[""MOVED_DOWN""]",,0,0,False,0,,0
r5-1501201,393,3,14,3,13,99d208709099267c44f0903714faf7b0fccbfbacf363d6c9477ef39da9c922c6,False,"[""MOVED_UP""]",,0,0,False,0,,0
r5-1501201,394,3,13,3,14,99d208709099267c44f0903714faf7b0fccbfbacf363d6c9477ef39da9c922c6,False,"[""MOVED_DOWN""]",,0,0,False,0,,0
r5-1501201,395,3,14,3,13,99d208709099267c44f0903714faf7b0fccbfbacf363d6c9477ef39da9c922c6,False,"[""MOVED_UP""]",,0,0,False,0,,0
r5-1501201,396,3,13,3,14,99d208709099267c44f0903714faf7b0fccbfbacf363d6c9477ef39da9c922c6,False,"[""MOVED_DOWN""]",,0,0,False,0,,0
r5-1501201,397,3,14,3,13,99d208709099267c44f0903714faf7b0fccbfbacf363d6c9477ef39da9c922c6,False,"[""MOVED_UP""]",,0,0,False,0,,0
r5-1501201,398,3,13,3,14,99d208709099267c44f0903714faf7b0fccbfbacf363d6c9477ef39da9c922c6,False,"[""MOVED_DOWN""]",,0,0,False,0,,0
r5-1501201,399,3,14,3,13,99d208709099267c44f0903714faf7b0fccbfbacf363d6c9477ef39da9c922c6,False,"[""MOVED_UP""]",,0,0,False,0,,0
r5-1501201,400,3,13,3,14,99d208709099267c44f0903714faf7b0fccbfbacf363d6c9477ef39da9c922c6,False,"[""MOVED_DOWN"",""SURVIVED_ROUND""]",,0,0,False,0,,0
